<?xml version='1.0' encoding='UTF-8'?>
<GateDocument version="3">
<!-- The document's features-->

<GateDocumentFeatures>
<Feature>
  <Name className="java.lang.String">Original_document_content_on_load</Name>
  <Value className="java.lang.String"><![CDATA[From: carroll@hercules.cis.udel.edu (Mark C. Carroll)
Message-ID: <1993Apr20.151301.12705@udel.edu>
Sender: usenet@udel.edu (USENET News Service)
Nntp-Posting-Host: hercules.cis.udel.edu
Organization: University of Delaware, Newark
References: <1993Apr20.004224.66488@cc.usu.edu> <C5rusq.M6M@news.cso.uiuc.edu>
Date: Tue, 20 Apr 1993 15:13:01 GMT
Lines: 55

In article <C5rusq.M6M@news.cso.uiuc.edu> azoghlin@uxa.cso.uiuc.edu (Very Old Freshman (VOF)) writes:
>Critisism is too easy. What solutions do people have that  would have been
>better than what the FBI had been doing for the last few months?

Well, they never should have gotten into this situation.

Look at the history of this group. David Koresh has been arrested
?twice?  by local police. Both times, he accepted the arrest warrant
and went peacefully. So, the feds decide to arrest him. How do they
choose to arrest a person with a record of peaceful obedience under
arrest? They throw a concussion grenades at his building. 

In addition, we KNOW that we've been lied to. Initially, we were told
that they suspected him of molesting children and having several
wives. But these are NOT ATF offenses, were they? So they changed
their story, several times. And the original warrant is STILL sealed.
And we were told about the rockets and ammunition they had... but did
anyone notice any ammo exploding in the fire? They claimed that Koresh
hadn't left the compound in months... but people in town report seeing
him just a week before the raid.

How would I have handled it differently? 

Well, first, I haven't seen any evidence that the BDs did anything
wrong. There's a sealed warrant, and a collection of stories which
keep changing about what they did. So I might not have done ANYTHING.

OK. Now, supposing that I know what the BDs are being arrested for.
Well, they've got a history of accepting arrests... so, I send
officers to the door with a warrant. Wearing bulletproof vests.
Covered from a distance by sharpshooters. Now, there's no good reason
to suspect that these people will do anything, right? Why didn't
anyone TRY serving a warrant?

OK. Going further. They refuse the warrant. It becomes necessary to
raid. You plan a raid. You hear an hour before that there was a leak,
and they know your coming. SO what do you do?  Well, change your
plans, right? Nope... they go ahead with it anyone... including
sending in unprotected men to break into the place. It was idiotic. I
don't know what I would have ended up doing. But that original raid
should NEVER have happened.

The shit that came later should NEVER have happened.

The full record of the raid should be released to the public to let us
know what the hell really happened there.

The lies should NEVER have been told.

	<MC>
-- 
|| Mark Craig Carroll: <MC>     ||"We the people are getting tired of your lies
|| Univ of Delaware, Dept of CIS|| We the people now believe that it's time
|| Grad Student/Labstaff Hacker || We're demanding our rights to the answers
|| carroll@udel.edu             || We elect a precedent to state of mind"-Fish
]]></Value>
</Feature>
<Feature>
  <Name className="java.lang.String">gate.SourceURL</Name>
  <Value className="java.lang.String">file:/C:/Users/jian/Documents/NetBeansProjects/NoiseReductionTechniques/mideastPoliticsMix/negative1179</Value>
</Feature>
</GateDocumentFeatures>
<!-- The document content area with serialized nodes -->

<TextWithNodes><Node id="0"/>From<Node id="4"/>:<Node id="5"/> <Node id="6"/>carroll<Node id="13"/>@<Node id="14"/>hercules<Node id="22"/>.<Node id="23"/>cis<Node id="26"/>.<Node id="27"/>udel<Node id="31"/>.<Node id="32"/>edu<Node id="35"/> <Node id="36"/>(<Node id="37"/>Mark<Node id="41"/> <Node id="42"/>C<Node id="43"/>.<Node id="44"/> <Node id="45"/>Carroll<Node id="52"/>)<Node id="53"/>
<Node id="54"/>Message-<Node id="62"/>ID<Node id="64"/>:<Node id="65"/> <Node id="66"/>&lt;<Node id="67"/>1993<Node id="71"/>Apr<Node id="74"/>20<Node id="76"/>.<Node id="77"/>151301<Node id="83"/>.<Node id="84"/>12705<Node id="89"/>@<Node id="90"/>udel<Node id="94"/>.<Node id="95"/>edu<Node id="98"/>&gt;<Node id="99"/>
<Node id="100"/>Sender<Node id="106"/>:<Node id="107"/> <Node id="108"/>usenet<Node id="114"/>@<Node id="115"/>udel<Node id="119"/>.<Node id="120"/>edu<Node id="123"/> <Node id="124"/>(<Node id="125"/>USENET<Node id="131"/> <Node id="132"/>News<Node id="136"/> <Node id="137"/>Service<Node id="144"/>)<Node id="145"/>
<Node id="146"/>Nntp-<Node id="151"/>Posting-<Node id="159"/>Host<Node id="163"/>:<Node id="164"/> <Node id="165"/>hercules<Node id="173"/>.<Node id="174"/>cis<Node id="177"/>.<Node id="178"/>udel<Node id="182"/>.<Node id="183"/>edu<Node id="186"/>
<Node id="187"/>Organization<Node id="199"/>:<Node id="200"/> <Node id="201"/>University<Node id="211"/> <Node id="212"/>of<Node id="214"/> <Node id="215"/>Delaware<Node id="223"/>,<Node id="224"/> <Node id="225"/>Newark<Node id="231"/>
<Node id="232"/>References<Node id="242"/>:<Node id="243"/> <Node id="244"/>&lt;<Node id="245"/>1993<Node id="249"/>Apr<Node id="252"/>20<Node id="254"/>.<Node id="255"/>004224<Node id="261"/>.<Node id="262"/>66488<Node id="267"/>@<Node id="268"/>cc<Node id="270"/>.<Node id="271"/>usu<Node id="274"/>.<Node id="275"/>edu<Node id="278"/>&gt;<Node id="279"/> <Node id="280"/>&lt;<Node id="281"/>C<Node id="282"/>5<Node id="283"/>rusq<Node id="287"/>.<Node id="288"/>M<Node id="289"/>6<Node id="290"/>M<Node id="291"/>@<Node id="292"/>news<Node id="296"/>.<Node id="297"/>cso<Node id="300"/>.<Node id="301"/>uiuc<Node id="305"/>.<Node id="306"/>edu<Node id="309"/>&gt;<Node id="310"/>
<Node id="311"/>Date<Node id="315"/>:<Node id="316"/> <Node id="317"/>Tue<Node id="320"/>,<Node id="321"/> <Node id="322"/>20<Node id="324"/> <Node id="325"/>Apr<Node id="328"/> <Node id="329"/>1993<Node id="333"/> <Node id="334"/>15<Node id="336"/>:<Node id="337"/>13<Node id="339"/>:<Node id="340"/>01<Node id="342"/> <Node id="343"/>GMT<Node id="346"/>
<Node id="347"/>Lines<Node id="352"/>:<Node id="353"/> <Node id="354"/>55<Node id="356"/>
<Node id="357"/>
<Node id="358"/>In<Node id="360"/> <Node id="361"/>article<Node id="368"/> <Node id="369"/>&lt;<Node id="370"/>C<Node id="371"/>5<Node id="372"/>rusq<Node id="376"/>.<Node id="377"/>M<Node id="378"/>6<Node id="379"/>M<Node id="380"/>@<Node id="381"/>news<Node id="385"/>.<Node id="386"/>cso<Node id="389"/>.<Node id="390"/>uiuc<Node id="394"/>.<Node id="395"/>edu<Node id="398"/>&gt;<Node id="399"/> <Node id="400"/>azoghlin<Node id="408"/>@<Node id="409"/>uxa<Node id="412"/>.<Node id="413"/>cso<Node id="416"/>.<Node id="417"/>uiuc<Node id="421"/>.<Node id="422"/>edu<Node id="425"/> <Node id="426"/>(<Node id="427"/>Very<Node id="431"/> <Node id="432"/>Old<Node id="435"/> <Node id="436"/>Freshman<Node id="444"/> <Node id="445"/>(<Node id="446"/>VOF<Node id="449"/>)<Node id="450"/>)<Node id="451"/> <Node id="452"/>writes<Node id="458"/>:<Node id="459"/>
<Node id="460"/>&gt;<Node id="461"/>Critisism<Node id="470"/> <Node id="471"/>is<Node id="473"/> <Node id="474"/>too<Node id="477"/> <Node id="478"/>easy<Node id="482"/>.<Node id="483"/> <Node id="484"/>What<Node id="488"/> <Node id="489"/>solutions<Node id="498"/> <Node id="499"/>do<Node id="501"/> <Node id="502"/>people<Node id="508"/> <Node id="509"/>have<Node id="513"/> <Node id="514"/>that<Node id="518"/> <Node id="519"/> <Node id="520"/>would<Node id="525"/> <Node id="526"/>have<Node id="530"/> <Node id="531"/>been<Node id="535"/>
<Node id="536"/>&gt;<Node id="537"/>better<Node id="543"/> <Node id="544"/>than<Node id="548"/> <Node id="549"/>what<Node id="553"/> <Node id="554"/>the<Node id="557"/> <Node id="558"/>FBI<Node id="561"/> <Node id="562"/>had<Node id="565"/> <Node id="566"/>been<Node id="570"/> <Node id="571"/>doing<Node id="576"/> <Node id="577"/>for<Node id="580"/> <Node id="581"/>the<Node id="584"/> <Node id="585"/>last<Node id="589"/> <Node id="590"/>few<Node id="593"/> <Node id="594"/>months<Node id="600"/>?<Node id="601"/>
<Node id="602"/>
<Node id="603"/>Well<Node id="607"/>,<Node id="608"/> <Node id="609"/>they<Node id="613"/> <Node id="614"/>never<Node id="619"/> <Node id="620"/>should<Node id="626"/> <Node id="627"/>have<Node id="631"/> <Node id="632"/>gotten<Node id="638"/> <Node id="639"/>into<Node id="643"/> <Node id="644"/>this<Node id="648"/> <Node id="649"/>situation<Node id="658"/>.<Node id="659"/>
<Node id="660"/>
<Node id="661"/>Look<Node id="665"/> <Node id="666"/>at<Node id="668"/> <Node id="669"/>the<Node id="672"/> <Node id="673"/>history<Node id="680"/> <Node id="681"/>of<Node id="683"/> <Node id="684"/>this<Node id="688"/> <Node id="689"/>group<Node id="694"/>.<Node id="695"/> <Node id="696"/>David<Node id="701"/> <Node id="702"/>Koresh<Node id="708"/> <Node id="709"/>has<Node id="712"/> <Node id="713"/>been<Node id="717"/> <Node id="718"/>arrested<Node id="726"/>
<Node id="727"/>?<Node id="728"/>twice<Node id="733"/>?<Node id="734"/> <Node id="735"/> <Node id="736"/>by<Node id="738"/> <Node id="739"/>local<Node id="744"/> <Node id="745"/>police<Node id="751"/>.<Node id="752"/> <Node id="753"/>Both<Node id="757"/> <Node id="758"/>times<Node id="763"/>,<Node id="764"/> <Node id="765"/>he<Node id="767"/> <Node id="768"/>accepted<Node id="776"/> <Node id="777"/>the<Node id="780"/> <Node id="781"/>arrest<Node id="787"/> <Node id="788"/>warrant<Node id="795"/>
<Node id="796"/>and<Node id="799"/> <Node id="800"/>went<Node id="804"/> <Node id="805"/>peacefully<Node id="815"/>.<Node id="816"/> <Node id="817"/>So<Node id="819"/>,<Node id="820"/> <Node id="821"/>the<Node id="824"/> <Node id="825"/>feds<Node id="829"/> <Node id="830"/>decide<Node id="836"/> <Node id="837"/>to<Node id="839"/> <Node id="840"/>arrest<Node id="846"/> <Node id="847"/>him<Node id="850"/>.<Node id="851"/> <Node id="852"/>How<Node id="855"/> <Node id="856"/>do<Node id="858"/> <Node id="859"/>they<Node id="863"/>
<Node id="864"/>choose<Node id="870"/> <Node id="871"/>to<Node id="873"/> <Node id="874"/>arrest<Node id="880"/> <Node id="881"/>a<Node id="882"/> <Node id="883"/>person<Node id="889"/> <Node id="890"/>with<Node id="894"/> <Node id="895"/>a<Node id="896"/> <Node id="897"/>record<Node id="903"/> <Node id="904"/>of<Node id="906"/> <Node id="907"/>peaceful<Node id="915"/> <Node id="916"/>obedience<Node id="925"/> <Node id="926"/>under<Node id="931"/>
<Node id="932"/>arrest<Node id="938"/>?<Node id="939"/> <Node id="940"/>They<Node id="944"/> <Node id="945"/>throw<Node id="950"/> <Node id="951"/>a<Node id="952"/> <Node id="953"/>concussion<Node id="963"/> <Node id="964"/>grenades<Node id="972"/> <Node id="973"/>at<Node id="975"/> <Node id="976"/>his<Node id="979"/> <Node id="980"/>building<Node id="988"/>.<Node id="989"/> <Node id="990"/>
<Node id="991"/>
<Node id="992"/>In<Node id="994"/> <Node id="995"/>addition<Node id="1003"/>,<Node id="1004"/> <Node id="1005"/>we<Node id="1007"/> <Node id="1008"/>KNOW<Node id="1012"/> <Node id="1013"/>that<Node id="1017"/> <Node id="1018"/>we<Node id="1020"/>'ve<Node id="1023"/> <Node id="1024"/>been<Node id="1028"/> <Node id="1029"/>lied<Node id="1033"/> <Node id="1034"/>to<Node id="1036"/>.<Node id="1037"/> <Node id="1038"/>Initially<Node id="1047"/>,<Node id="1048"/> <Node id="1049"/>we<Node id="1051"/> <Node id="1052"/>were<Node id="1056"/> <Node id="1057"/>told<Node id="1061"/>
<Node id="1062"/>that<Node id="1066"/> <Node id="1067"/>they<Node id="1071"/> <Node id="1072"/>suspected<Node id="1081"/> <Node id="1082"/>him<Node id="1085"/> <Node id="1086"/>of<Node id="1088"/> <Node id="1089"/>molesting<Node id="1098"/> <Node id="1099"/>children<Node id="1107"/> <Node id="1108"/>and<Node id="1111"/> <Node id="1112"/>having<Node id="1118"/> <Node id="1119"/>several<Node id="1126"/>
<Node id="1127"/>wives<Node id="1132"/>.<Node id="1133"/> <Node id="1134"/>But<Node id="1137"/> <Node id="1138"/>these<Node id="1143"/> <Node id="1144"/>are<Node id="1147"/> <Node id="1148"/>NOT<Node id="1151"/> <Node id="1152"/>ATF<Node id="1155"/> <Node id="1156"/>offenses<Node id="1164"/>,<Node id="1165"/> <Node id="1166"/>were<Node id="1170"/> <Node id="1171"/>they<Node id="1175"/>?<Node id="1176"/> <Node id="1177"/>So<Node id="1179"/> <Node id="1180"/>they<Node id="1184"/> <Node id="1185"/>changed<Node id="1192"/>
<Node id="1193"/>their<Node id="1198"/> <Node id="1199"/>story<Node id="1204"/>,<Node id="1205"/> <Node id="1206"/>several<Node id="1213"/> <Node id="1214"/>times<Node id="1219"/>.<Node id="1220"/> <Node id="1221"/>And<Node id="1224"/> <Node id="1225"/>the<Node id="1228"/> <Node id="1229"/>original<Node id="1237"/> <Node id="1238"/>warrant<Node id="1245"/> <Node id="1246"/>is<Node id="1248"/> <Node id="1249"/>STILL<Node id="1254"/> <Node id="1255"/>sealed<Node id="1261"/>.<Node id="1262"/>
<Node id="1263"/>And<Node id="1266"/> <Node id="1267"/>we<Node id="1269"/> <Node id="1270"/>were<Node id="1274"/> <Node id="1275"/>told<Node id="1279"/> <Node id="1280"/>about<Node id="1285"/> <Node id="1286"/>the<Node id="1289"/> <Node id="1290"/>rockets<Node id="1297"/> <Node id="1298"/>and<Node id="1301"/> <Node id="1302"/>ammunition<Node id="1312"/> <Node id="1313"/>they<Node id="1317"/> <Node id="1318"/>had<Node id="1321"/>.<Node id="1322"/>.<Node id="1323"/>.<Node id="1324"/> <Node id="1325"/>but<Node id="1328"/> <Node id="1329"/>did<Node id="1332"/>
<Node id="1333"/>anyone<Node id="1339"/> <Node id="1340"/>notice<Node id="1346"/> <Node id="1347"/>any<Node id="1350"/> <Node id="1351"/>ammo<Node id="1355"/> <Node id="1356"/>exploding<Node id="1365"/> <Node id="1366"/>in<Node id="1368"/> <Node id="1369"/>the<Node id="1372"/> <Node id="1373"/>fire<Node id="1377"/>?<Node id="1378"/> <Node id="1379"/>They<Node id="1383"/> <Node id="1384"/>claimed<Node id="1391"/> <Node id="1392"/>that<Node id="1396"/> <Node id="1397"/>Koresh<Node id="1403"/>
<Node id="1404"/>had<Node id="1407"/>n't<Node id="1410"/> <Node id="1411"/>left<Node id="1415"/> <Node id="1416"/>the<Node id="1419"/> <Node id="1420"/>compound<Node id="1428"/> <Node id="1429"/>in<Node id="1431"/> <Node id="1432"/>months<Node id="1438"/>.<Node id="1439"/>.<Node id="1440"/>.<Node id="1441"/> <Node id="1442"/>but<Node id="1445"/> <Node id="1446"/>people<Node id="1452"/> <Node id="1453"/>in<Node id="1455"/> <Node id="1456"/>town<Node id="1460"/> <Node id="1461"/>report<Node id="1467"/> <Node id="1468"/>seeing<Node id="1474"/>
<Node id="1475"/>him<Node id="1478"/> <Node id="1479"/>just<Node id="1483"/> <Node id="1484"/>a<Node id="1485"/> <Node id="1486"/>week<Node id="1490"/> <Node id="1491"/>before<Node id="1497"/> <Node id="1498"/>the<Node id="1501"/> <Node id="1502"/>raid<Node id="1506"/>.<Node id="1507"/>
<Node id="1508"/>
<Node id="1509"/>How<Node id="1512"/> <Node id="1513"/>would<Node id="1518"/> <Node id="1519"/>I<Node id="1520"/> <Node id="1521"/>have<Node id="1525"/> <Node id="1526"/>handled<Node id="1533"/> <Node id="1534"/>it<Node id="1536"/> <Node id="1537"/>differently<Node id="1548"/>?<Node id="1549"/> <Node id="1550"/>
<Node id="1551"/>
<Node id="1552"/>Well<Node id="1556"/>,<Node id="1557"/> <Node id="1558"/>first<Node id="1563"/>,<Node id="1564"/> <Node id="1565"/>I<Node id="1566"/> <Node id="1567"/>have<Node id="1571"/>n't<Node id="1574"/> <Node id="1575"/>seen<Node id="1579"/> <Node id="1580"/>any<Node id="1583"/> <Node id="1584"/>evidence<Node id="1592"/> <Node id="1593"/>that<Node id="1597"/> <Node id="1598"/>the<Node id="1601"/> <Node id="1602"/>BDs<Node id="1605"/> <Node id="1606"/>did<Node id="1609"/> <Node id="1610"/>anything<Node id="1618"/>
<Node id="1619"/>wrong<Node id="1624"/>.<Node id="1625"/> <Node id="1626"/>There<Node id="1631"/>'s<Node id="1633"/> <Node id="1634"/>a<Node id="1635"/> <Node id="1636"/>sealed<Node id="1642"/> <Node id="1643"/>warrant<Node id="1650"/>,<Node id="1651"/> <Node id="1652"/>and<Node id="1655"/> <Node id="1656"/>a<Node id="1657"/> <Node id="1658"/>collection<Node id="1668"/> <Node id="1669"/>of<Node id="1671"/> <Node id="1672"/>stories<Node id="1679"/> <Node id="1680"/>which<Node id="1685"/>
<Node id="1686"/>keep<Node id="1690"/> <Node id="1691"/>changing<Node id="1699"/> <Node id="1700"/>about<Node id="1705"/> <Node id="1706"/>what<Node id="1710"/> <Node id="1711"/>they<Node id="1715"/> <Node id="1716"/>did<Node id="1719"/>.<Node id="1720"/> <Node id="1721"/>So<Node id="1723"/> <Node id="1724"/>I<Node id="1725"/> <Node id="1726"/>might<Node id="1731"/> <Node id="1732"/>not<Node id="1735"/> <Node id="1736"/>have<Node id="1740"/> <Node id="1741"/>done<Node id="1745"/> <Node id="1746"/>ANYTHING<Node id="1754"/>.<Node id="1755"/>
<Node id="1756"/>
<Node id="1757"/>OK<Node id="1759"/>.<Node id="1760"/> <Node id="1761"/>Now<Node id="1764"/>,<Node id="1765"/> <Node id="1766"/>supposing<Node id="1775"/> <Node id="1776"/>that<Node id="1780"/> <Node id="1781"/>I<Node id="1782"/> <Node id="1783"/>know<Node id="1787"/> <Node id="1788"/>what<Node id="1792"/> <Node id="1793"/>the<Node id="1796"/> <Node id="1797"/>BDs<Node id="1800"/> <Node id="1801"/>are<Node id="1804"/> <Node id="1805"/>being<Node id="1810"/> <Node id="1811"/>arrested<Node id="1819"/> <Node id="1820"/>for<Node id="1823"/>.<Node id="1824"/>
<Node id="1825"/>Well<Node id="1829"/>,<Node id="1830"/> <Node id="1831"/>they<Node id="1835"/>'ve<Node id="1838"/> <Node id="1839"/>got<Node id="1842"/> <Node id="1843"/>a<Node id="1844"/> <Node id="1845"/>history<Node id="1852"/> <Node id="1853"/>of<Node id="1855"/> <Node id="1856"/>accepting<Node id="1865"/> <Node id="1866"/>arrests<Node id="1873"/>.<Node id="1874"/>.<Node id="1875"/>.<Node id="1876"/> <Node id="1877"/>so<Node id="1879"/>,<Node id="1880"/> <Node id="1881"/>I<Node id="1882"/> <Node id="1883"/>send<Node id="1887"/>
<Node id="1888"/>officers<Node id="1896"/> <Node id="1897"/>to<Node id="1899"/> <Node id="1900"/>the<Node id="1903"/> <Node id="1904"/>door<Node id="1908"/> <Node id="1909"/>with<Node id="1913"/> <Node id="1914"/>a<Node id="1915"/> <Node id="1916"/>warrant<Node id="1923"/>.<Node id="1924"/> <Node id="1925"/>Wearing<Node id="1932"/> <Node id="1933"/>bulletproof<Node id="1944"/> <Node id="1945"/>vests<Node id="1950"/>.<Node id="1951"/>
<Node id="1952"/>Covered<Node id="1959"/> <Node id="1960"/>from<Node id="1964"/> <Node id="1965"/>a<Node id="1966"/> <Node id="1967"/>distance<Node id="1975"/> <Node id="1976"/>by<Node id="1978"/> <Node id="1979"/>sharpshooters<Node id="1992"/>.<Node id="1993"/> <Node id="1994"/>Now<Node id="1997"/>,<Node id="1998"/> <Node id="1999"/>there<Node id="2004"/>'s<Node id="2006"/> <Node id="2007"/>no<Node id="2009"/> <Node id="2010"/>good<Node id="2014"/> <Node id="2015"/>reason<Node id="2021"/>
<Node id="2022"/>to<Node id="2024"/> <Node id="2025"/>suspect<Node id="2032"/> <Node id="2033"/>that<Node id="2037"/> <Node id="2038"/>these<Node id="2043"/> <Node id="2044"/>people<Node id="2050"/> <Node id="2051"/>will<Node id="2055"/> <Node id="2056"/>do<Node id="2058"/> <Node id="2059"/>anything<Node id="2067"/>,<Node id="2068"/> <Node id="2069"/>right<Node id="2074"/>?<Node id="2075"/> <Node id="2076"/>Why<Node id="2079"/> <Node id="2080"/>did<Node id="2083"/>n't<Node id="2086"/>
<Node id="2087"/>anyone<Node id="2093"/> <Node id="2094"/>TRY<Node id="2097"/> <Node id="2098"/>serving<Node id="2105"/> <Node id="2106"/>a<Node id="2107"/> <Node id="2108"/>warrant<Node id="2115"/>?<Node id="2116"/>
<Node id="2117"/>
<Node id="2118"/>OK<Node id="2120"/>.<Node id="2121"/> <Node id="2122"/>Going<Node id="2127"/> <Node id="2128"/>further<Node id="2135"/>.<Node id="2136"/> <Node id="2137"/>They<Node id="2141"/> <Node id="2142"/>refuse<Node id="2148"/> <Node id="2149"/>the<Node id="2152"/> <Node id="2153"/>warrant<Node id="2160"/>.<Node id="2161"/> <Node id="2162"/>It<Node id="2164"/> <Node id="2165"/>becomes<Node id="2172"/> <Node id="2173"/>necessary<Node id="2182"/> <Node id="2183"/>to<Node id="2185"/>
<Node id="2186"/>raid<Node id="2190"/>.<Node id="2191"/> <Node id="2192"/>You<Node id="2195"/> <Node id="2196"/>plan<Node id="2200"/> <Node id="2201"/>a<Node id="2202"/> <Node id="2203"/>raid<Node id="2207"/>.<Node id="2208"/> <Node id="2209"/>You<Node id="2212"/> <Node id="2213"/>hear<Node id="2217"/> <Node id="2218"/>an<Node id="2220"/> <Node id="2221"/>hour<Node id="2225"/> <Node id="2226"/>before<Node id="2232"/> <Node id="2233"/>that<Node id="2237"/> <Node id="2238"/>there<Node id="2243"/> <Node id="2244"/>was<Node id="2247"/> <Node id="2248"/>a<Node id="2249"/> <Node id="2250"/>leak<Node id="2254"/>,<Node id="2255"/>
<Node id="2256"/>and<Node id="2259"/> <Node id="2260"/>they<Node id="2264"/> <Node id="2265"/>know<Node id="2269"/> <Node id="2270"/>your<Node id="2274"/> <Node id="2275"/>coming<Node id="2281"/>.<Node id="2282"/> <Node id="2283"/>SO<Node id="2285"/> <Node id="2286"/>what<Node id="2290"/> <Node id="2291"/>do<Node id="2293"/> <Node id="2294"/>you<Node id="2297"/> <Node id="2298"/>do<Node id="2300"/>?<Node id="2301"/> <Node id="2302"/> <Node id="2303"/>Well<Node id="2307"/>,<Node id="2308"/> <Node id="2309"/>change<Node id="2315"/> <Node id="2316"/>your<Node id="2320"/>
<Node id="2321"/>plans<Node id="2326"/>,<Node id="2327"/> <Node id="2328"/>right<Node id="2333"/>?<Node id="2334"/> <Node id="2335"/>Nope<Node id="2339"/>.<Node id="2340"/>.<Node id="2341"/>.<Node id="2342"/> <Node id="2343"/>they<Node id="2347"/> <Node id="2348"/>go<Node id="2350"/> <Node id="2351"/>ahead<Node id="2356"/> <Node id="2357"/>with<Node id="2361"/> <Node id="2362"/>it<Node id="2364"/> <Node id="2365"/>anyone<Node id="2371"/>.<Node id="2372"/>.<Node id="2373"/>.<Node id="2374"/> <Node id="2375"/>including<Node id="2384"/>
<Node id="2385"/>sending<Node id="2392"/> <Node id="2393"/>in<Node id="2395"/> <Node id="2396"/>unprotected<Node id="2407"/> <Node id="2408"/>men<Node id="2411"/> <Node id="2412"/>to<Node id="2414"/> <Node id="2415"/>break<Node id="2420"/> <Node id="2421"/>into<Node id="2425"/> <Node id="2426"/>the<Node id="2429"/> <Node id="2430"/>place<Node id="2435"/>.<Node id="2436"/> <Node id="2437"/>It<Node id="2439"/> <Node id="2440"/>was<Node id="2443"/> <Node id="2444"/>idiotic<Node id="2451"/>.<Node id="2452"/> <Node id="2453"/>I<Node id="2454"/>
<Node id="2455"/>do<Node id="2457"/>n't<Node id="2460"/> <Node id="2461"/>know<Node id="2465"/> <Node id="2466"/>what<Node id="2470"/> <Node id="2471"/>I<Node id="2472"/> <Node id="2473"/>would<Node id="2478"/> <Node id="2479"/>have<Node id="2483"/> <Node id="2484"/>ended<Node id="2489"/> <Node id="2490"/>up<Node id="2492"/> <Node id="2493"/>doing<Node id="2498"/>.<Node id="2499"/> <Node id="2500"/>But<Node id="2503"/> <Node id="2504"/>that<Node id="2508"/> <Node id="2509"/>original<Node id="2517"/> <Node id="2518"/>raid<Node id="2522"/>
<Node id="2523"/>should<Node id="2529"/> <Node id="2530"/>NEVER<Node id="2535"/> <Node id="2536"/>have<Node id="2540"/> <Node id="2541"/>happened<Node id="2549"/>.<Node id="2550"/>
<Node id="2551"/>
<Node id="2552"/>The<Node id="2555"/> <Node id="2556"/>shit<Node id="2560"/> <Node id="2561"/>that<Node id="2565"/> <Node id="2566"/>came<Node id="2570"/> <Node id="2571"/>later<Node id="2576"/> <Node id="2577"/>should<Node id="2583"/> <Node id="2584"/>NEVER<Node id="2589"/> <Node id="2590"/>have<Node id="2594"/> <Node id="2595"/>happened<Node id="2603"/>.<Node id="2604"/>
<Node id="2605"/>
<Node id="2606"/>The<Node id="2609"/> <Node id="2610"/>full<Node id="2614"/> <Node id="2615"/>record<Node id="2621"/> <Node id="2622"/>of<Node id="2624"/> <Node id="2625"/>the<Node id="2628"/> <Node id="2629"/>raid<Node id="2633"/> <Node id="2634"/>should<Node id="2640"/> <Node id="2641"/>be<Node id="2643"/> <Node id="2644"/>released<Node id="2652"/> <Node id="2653"/>to<Node id="2655"/> <Node id="2656"/>the<Node id="2659"/> <Node id="2660"/>public<Node id="2666"/> <Node id="2667"/>to<Node id="2669"/> <Node id="2670"/>let<Node id="2673"/> <Node id="2674"/>us<Node id="2676"/>
<Node id="2677"/>know<Node id="2681"/> <Node id="2682"/>what<Node id="2686"/> <Node id="2687"/>the<Node id="2690"/> <Node id="2691"/>hell<Node id="2695"/> <Node id="2696"/>really<Node id="2702"/> <Node id="2703"/>happened<Node id="2711"/> <Node id="2712"/>there<Node id="2717"/>.<Node id="2718"/>
<Node id="2719"/>
<Node id="2720"/>The<Node id="2723"/> <Node id="2724"/>lies<Node id="2728"/> <Node id="2729"/>should<Node id="2735"/> <Node id="2736"/>NEVER<Node id="2741"/> <Node id="2742"/>have<Node id="2746"/> <Node id="2747"/>been<Node id="2751"/> <Node id="2752"/>told<Node id="2756"/>.<Node id="2757"/>
<Node id="2758"/>
<Node id="2759"/>	<Node id="2760"/>&lt;<Node id="2761"/>MC<Node id="2763"/>&gt;<Node id="2764"/>
<Node id="2765"/>-<Node id="2766"/>-<Node id="2767"/> <Node id="2768"/>
<Node id="2769"/>|<Node id="2770"/>|<Node id="2771"/> <Node id="2772"/>Mark<Node id="2776"/> <Node id="2777"/>Craig<Node id="2782"/> <Node id="2783"/>Carroll<Node id="2790"/>:<Node id="2791"/> <Node id="2792"/>&lt;<Node id="2793"/>MC<Node id="2795"/>&gt;<Node id="2796"/> <Node id="2797"/> <Node id="2798"/> <Node id="2799"/> <Node id="2800"/> <Node id="2801"/>|<Node id="2802"/>|<Node id="2803"/>"<Node id="2804"/>We<Node id="2806"/> <Node id="2807"/>the<Node id="2810"/> <Node id="2811"/>people<Node id="2817"/> <Node id="2818"/>are<Node id="2821"/> <Node id="2822"/>getting<Node id="2829"/> <Node id="2830"/>tired<Node id="2835"/> <Node id="2836"/>of<Node id="2838"/> <Node id="2839"/>your<Node id="2843"/> <Node id="2844"/>lies<Node id="2848"/>
<Node id="2849"/>|<Node id="2850"/>|<Node id="2851"/> <Node id="2852"/>Univ<Node id="2856"/> <Node id="2857"/>of<Node id="2859"/> <Node id="2860"/>Delaware<Node id="2868"/>,<Node id="2869"/> <Node id="2870"/>Dept<Node id="2874"/> <Node id="2875"/>of<Node id="2877"/> <Node id="2878"/>CIS<Node id="2881"/>|<Node id="2882"/>|<Node id="2883"/> <Node id="2884"/>We<Node id="2886"/> <Node id="2887"/>the<Node id="2890"/> <Node id="2891"/>people<Node id="2897"/> <Node id="2898"/>now<Node id="2901"/> <Node id="2902"/>believe<Node id="2909"/> <Node id="2910"/>that<Node id="2914"/> <Node id="2915"/>it<Node id="2917"/>'s<Node id="2919"/> <Node id="2920"/>time<Node id="2924"/>
<Node id="2925"/>|<Node id="2926"/>|<Node id="2927"/> <Node id="2928"/>Grad<Node id="2932"/> <Node id="2933"/>Student<Node id="2940"/>/<Node id="2941"/>Labstaff<Node id="2949"/> <Node id="2950"/>Hacker<Node id="2956"/> <Node id="2957"/>|<Node id="2958"/>|<Node id="2959"/> <Node id="2960"/>We<Node id="2962"/>'re<Node id="2965"/> <Node id="2966"/>demanding<Node id="2975"/> <Node id="2976"/>our<Node id="2979"/> <Node id="2980"/>rights<Node id="2986"/> <Node id="2987"/>to<Node id="2989"/> <Node id="2990"/>the<Node id="2993"/> <Node id="2994"/>answers<Node id="3001"/>
<Node id="3002"/>|<Node id="3003"/>|<Node id="3004"/> <Node id="3005"/>carroll<Node id="3012"/>@<Node id="3013"/>udel<Node id="3017"/>.<Node id="3018"/>edu<Node id="3021"/> <Node id="3022"/> <Node id="3023"/> <Node id="3024"/> <Node id="3025"/> <Node id="3026"/> <Node id="3027"/> <Node id="3028"/> <Node id="3029"/> <Node id="3030"/> <Node id="3031"/> <Node id="3032"/> <Node id="3033"/> <Node id="3034"/>|<Node id="3035"/>|<Node id="3036"/> <Node id="3037"/>We<Node id="3039"/> <Node id="3040"/>elect<Node id="3045"/> <Node id="3046"/>a<Node id="3047"/> <Node id="3048"/>precedent<Node id="3057"/> <Node id="3058"/>to<Node id="3060"/> <Node id="3061"/>state<Node id="3066"/> <Node id="3067"/>of<Node id="3069"/> <Node id="3070"/>mind<Node id="3074"/>"<Node id="3075"/>-<Node id="3076"/>Fish<Node id="3080"/>
<Node id="3081"/></TextWithNodes>
<!-- The default annotation set -->

<AnnotationSet>
<Annotation EndNode="3081" StartNode="0" Type="Mention" Id="9999999">
<Feature>
<Name classname="java.lang.String">Class</Name>
<Value classname="java.lang.String">0</Value>
</Feature>
</Annotation>

<Annotation Id="3" Type="Token" StartNode="6" EndNode="13">
<Feature>
  <Name className="java.lang.String">string</Name>
  <Value className="java.lang.String">carroll</Value>
</Feature>
</Annotation>
<Annotation Id="5" Type="Token" StartNode="14" EndNode="22">
<Feature>
  <Name className="java.lang.String">string</Name>
  <Value className="java.lang.String">hercules</Value>
</Feature>
</Annotation>
<Annotation Id="19" Type="Token" StartNode="45" EndNode="52">
<Feature>
  <Name className="java.lang.String">string</Name>
  <Value className="java.lang.String">Carroll</Value>
</Feature>
</Annotation>
<Annotation Id="22" Type="Token" StartNode="54" EndNode="62">
<Feature>
  <Name className="java.lang.String">string</Name>
  <Value className="java.lang.String">Message-</Value>
</Feature>
</Annotation>
<Annotation Id="31" Type="Token" StartNode="77" EndNode="83">
</Annotation>
<Annotation Id="43" Type="Token" StartNode="108" EndNode="114">
<Feature>
  <Name className="java.lang.String">string</Name>
  <Value className="java.lang.String">usenet</Value>
</Feature>
</Annotation>
<Annotation Id="40" Type="Token" StartNode="100" EndNode="106">
<Feature>
  <Name className="java.lang.String">string</Name>
  <Value className="java.lang.String">Sender</Value>
</Feature>
</Annotation>
<Annotation Id="50" Type="Token" StartNode="125" EndNode="131">
<Feature>
  <Name className="java.lang.String">string</Name>
  <Value className="java.lang.String">USENET</Value>
</Feature>
</Annotation>
<Annotation Id="54" Type="Token" StartNode="137" EndNode="144">
<Feature>
  <Name className="java.lang.String">string</Name>
  <Value className="java.lang.String">Service</Value>
</Feature>
</Annotation>
<Annotation Id="58" Type="Token" StartNode="151" EndNode="159">
<Feature>
  <Name className="java.lang.String">string</Name>
  <Value className="java.lang.String">Posting-</Value>
</Feature>
</Annotation>
<Annotation Id="62" Type="Token" StartNode="165" EndNode="173">
<Feature>
  <Name className="java.lang.String">string</Name>
  <Value className="java.lang.String">hercules</Value>
</Feature>
</Annotation>
<Annotation Id="70" Type="Token" StartNode="187" EndNode="199">
<Feature>
  <Name className="java.lang.String">string</Name>
  <Value className="java.lang.String">Organization</Value>
</Feature>
</Annotation>
<Annotation Id="77" Type="Token" StartNode="215" EndNode="223">
<Feature>
  <Name className="java.lang.String">string</Name>
  <Value className="java.lang.String">Delaware</Value>
</Feature>
</Annotation>
<Annotation Id="73" Type="Token" StartNode="201" EndNode="211">
<Feature>
  <Name className="java.lang.String">string</Name>
  <Value className="java.lang.String">University</Value>
</Feature>
</Annotation>
<Annotation Id="80" Type="Token" StartNode="225" EndNode="231">
<Feature>
  <Name className="java.lang.String">string</Name>
  <Value className="java.lang.String">Newark</Value>
</Feature>
</Annotation>
<Annotation Id="82" Type="Token" StartNode="232" EndNode="242">
<Feature>
  <Name className="java.lang.String">string</Name>
  <Value className="java.lang.String">References</Value>
</Feature>
</Annotation>
<Annotation Id="90" Type="Token" StartNode="255" EndNode="261">
</Annotation>
<Annotation Id="147" Type="Token" StartNode="361" EndNode="368">
<Feature>
  <Name className="java.lang.String">string</Name>
  <Value className="java.lang.String">article</Value>
</Feature>
</Annotation>
<Annotation Id="167" Type="Token" StartNode="400" EndNode="408">
<Feature>
  <Name className="java.lang.String">string</Name>
  <Value className="java.lang.String">azoghlin</Value>
</Feature>
</Annotation>
<Annotation Id="189" Type="Token" StartNode="452" EndNode="458">
<Feature>
  <Name className="java.lang.String">string</Name>
  <Value className="java.lang.String">writes</Value>
</Feature>
</Annotation>
<Annotation Id="182" Type="Token" StartNode="436" EndNode="444">
<Feature>
  <Name className="java.lang.String">string</Name>
  <Value className="java.lang.String">Freshman</Value>
</Feature>
</Annotation>
<Annotation Id="204" Type="Token" StartNode="489" EndNode="498">
<Feature>
  <Name className="java.lang.String">string</Name>
  <Value className="java.lang.String">solutions</Value>
</Feature>
</Annotation>
<Annotation Id="193" Type="Token" StartNode="461" EndNode="470">
<Feature>
  <Name className="java.lang.String">string</Name>
  <Value className="java.lang.String">Critisism</Value>
</Feature>
</Annotation>
<Annotation Id="222" Type="Token" StartNode="537" EndNode="543">
<Feature>
  <Name className="java.lang.String">string</Name>
  <Value className="java.lang.String">better</Value>
</Feature>
</Annotation>
<Annotation Id="208" Type="Token" StartNode="502" EndNode="508">
<Feature>
  <Name className="java.lang.String">string</Name>
  <Value className="java.lang.String">people</Value>
</Feature>
</Annotation>
<Annotation Id="246" Type="Token" StartNode="594" EndNode="600">
<Feature>
  <Name className="java.lang.String">string</Name>
  <Value className="java.lang.String">months</Value>
</Feature>
</Annotation>
<Annotation Id="277" Type="Token" StartNode="673" EndNode="680">
<Feature>
  <Name className="java.lang.String">string</Name>
  <Value className="java.lang.String">history</Value>
</Feature>
</Annotation>
<Annotation Id="257" Type="Token" StartNode="620" EndNode="626">
<Feature>
  <Name className="java.lang.String">string</Name>
  <Value className="java.lang.String">should</Value>
</Feature>
</Annotation>
<Annotation Id="261" Type="Token" StartNode="632" EndNode="638">
<Feature>
  <Name className="java.lang.String">string</Name>
  <Value className="java.lang.String">gotten</Value>
</Feature>
</Annotation>
<Annotation Id="267" Type="Token" StartNode="649" EndNode="658">
<Feature>
  <Name className="java.lang.String">string</Name>
  <Value className="java.lang.String">situation</Value>
</Feature>
</Annotation>
<Annotation Id="305" Type="Token" StartNode="745" EndNode="751">
<Feature>
  <Name className="java.lang.String">string</Name>
  <Value className="java.lang.String">police</Value>
</Feature>
</Annotation>
<Annotation Id="315" Type="Token" StartNode="768" EndNode="776">
<Feature>
  <Name className="java.lang.String">string</Name>
  <Value className="java.lang.String">accepted</Value>
</Feature>
</Annotation>
<Annotation Id="319" Type="Token" StartNode="781" EndNode="787">
<Feature>
  <Name className="java.lang.String">string</Name>
  <Value className="java.lang.String">arrest</Value>
</Feature>
</Annotation>
<Annotation Id="288" Type="Token" StartNode="702" EndNode="708">
<Feature>
  <Name className="java.lang.String">string</Name>
  <Value className="java.lang.String">Koresh</Value>
</Feature>
</Annotation>
<Annotation Id="294" Type="Token" StartNode="718" EndNode="726">
<Feature>
  <Name className="java.lang.String">string</Name>
  <Value className="java.lang.String">arrested</Value>
</Feature>
</Annotation>
<Annotation Id="341" Type="Token" StartNode="840" EndNode="846">
<Feature>
  <Name className="java.lang.String">string</Name>
  <Value className="java.lang.String">arrest</Value>
</Feature>
</Annotation>
<Annotation Id="337" Type="Token" StartNode="830" EndNode="836">
<Feature>
  <Name className="java.lang.String">string</Name>
  <Value className="java.lang.String">decide</Value>
</Feature>
</Annotation>
<Annotation Id="327" Type="Token" StartNode="805" EndNode="815">
<Feature>
  <Name className="java.lang.String">string</Name>
  <Value className="java.lang.String">peacefully</Value>
</Feature>
</Annotation>
<Annotation Id="321" Type="Token" StartNode="788" EndNode="795">
<Feature>
  <Name className="java.lang.String">string</Name>
  <Value className="java.lang.String">warrant</Value>
</Feature>
</Annotation>
<Annotation Id="372" Type="Token" StartNode="916" EndNode="925">
<Feature>
  <Name className="java.lang.String">string</Name>
  <Value className="java.lang.String">obedience</Value>
</Feature>
</Annotation>
<Annotation Id="370" Type="Token" StartNode="907" EndNode="915">
<Feature>
  <Name className="java.lang.String">string</Name>
  <Value className="java.lang.String">peaceful</Value>
</Feature>
</Annotation>
<Annotation Id="376" Type="Token" StartNode="932" EndNode="938">
<Feature>
  <Name className="java.lang.String">string</Name>
  <Value className="java.lang.String">arrest</Value>
</Feature>
</Annotation>
<Annotation Id="356" Type="Token" StartNode="874" EndNode="880">
<Feature>
  <Name className="java.lang.String">string</Name>
  <Value className="java.lang.String">arrest</Value>
</Feature>
</Annotation>
<Annotation Id="352" Type="Token" StartNode="864" EndNode="870">
<Feature>
  <Name className="java.lang.String">string</Name>
  <Value className="java.lang.String">choose</Value>
</Feature>
</Annotation>
<Annotation Id="366" Type="Token" StartNode="897" EndNode="903">
<Feature>
  <Name className="java.lang.String">string</Name>
  <Value className="java.lang.String">record</Value>
</Feature>
</Annotation>
<Annotation Id="360" Type="Token" StartNode="883" EndNode="889">
<Feature>
  <Name className="java.lang.String">string</Name>
  <Value className="java.lang.String">person</Value>
</Feature>
</Annotation>
<Annotation Id="400" Type="Token" StartNode="995" EndNode="1003">
<Feature>
  <Name className="java.lang.String">string</Name>
  <Value className="java.lang.String">addition</Value>
</Feature>
</Annotation>
<Annotation Id="393" Type="Token" StartNode="980" EndNode="988">
<Feature>
  <Name className="java.lang.String">string</Name>
  <Value className="java.lang.String">building</Value>
</Feature>
</Annotation>
<Annotation Id="387" Type="Token" StartNode="964" EndNode="972">
<Feature>
  <Name className="java.lang.String">string</Name>
  <Value className="java.lang.String">grenades</Value>
</Feature>
</Annotation>
<Annotation Id="385" Type="Token" StartNode="953" EndNode="963">
<Feature>
  <Name className="java.lang.String">string</Name>
  <Value className="java.lang.String">concussion</Value>
</Feature>
</Annotation>
<Annotation Id="441" Type="Token" StartNode="1099" EndNode="1107">
<Feature>
  <Name className="java.lang.String">string</Name>
  <Value className="java.lang.String">children</Value>
</Feature>
</Annotation>
<Annotation Id="445" Type="Token" StartNode="1112" EndNode="1118">
<Feature>
  <Name className="java.lang.String">string</Name>
  <Value className="java.lang.String">having</Value>
</Feature>
</Annotation>
<Annotation Id="447" Type="Token" StartNode="1119" EndNode="1126">
<Feature>
  <Name className="java.lang.String">string</Name>
  <Value className="java.lang.String">several</Value>
</Feature>
</Annotation>
<Annotation Id="433" Type="Token" StartNode="1072" EndNode="1081">
<Feature>
  <Name className="java.lang.String">string</Name>
  <Value className="java.lang.String">suspected</Value>
</Feature>
</Annotation>
<Annotation Id="439" Type="Token" StartNode="1089" EndNode="1098">
<Feature>
  <Name className="java.lang.String">string</Name>
  <Value className="java.lang.String">molesting</Value>
</Feature>
</Annotation>
<Annotation Id="420" Type="Token" StartNode="1038" EndNode="1047">
<Feature>
  <Name className="java.lang.String">string</Name>
  <Value className="java.lang.String">Initially</Value>
</Feature>
</Annotation>
<Annotation Id="474" Type="Token" StartNode="1185" EndNode="1192">
<Feature>
  <Name className="java.lang.String">string</Name>
  <Value className="java.lang.String">changed</Value>
</Feature>
</Annotation>
<Annotation Id="462" Type="Token" StartNode="1156" EndNode="1164">
<Feature>
  <Name className="java.lang.String">string</Name>
  <Value className="java.lang.String">offenses</Value>
</Feature>
</Annotation>
<Annotation Id="498" Type="Token" StartNode="1255" EndNode="1261">
<Feature>
  <Name className="java.lang.String">string</Name>
  <Value className="java.lang.String">sealed</Value>
</Feature>
</Annotation>
<Annotation Id="492" Type="Token" StartNode="1238" EndNode="1245">
<Feature>
  <Name className="java.lang.String">string</Name>
  <Value className="java.lang.String">warrant</Value>
</Feature>
</Annotation>
<Annotation Id="490" Type="Token" StartNode="1229" EndNode="1237">
<Feature>
  <Name className="java.lang.String">string</Name>
  <Value className="java.lang.String">original</Value>
</Feature>
</Annotation>
<Annotation Id="481" Type="Token" StartNode="1206" EndNode="1213">
<Feature>
  <Name className="java.lang.String">string</Name>
  <Value className="java.lang.String">several</Value>
</Feature>
</Annotation>
<Annotation Id="549" Type="Token" StartNode="1384" EndNode="1391">
<Feature>
  <Name className="java.lang.String">string</Name>
  <Value className="java.lang.String">claimed</Value>
</Feature>
</Annotation>
<Annotation Id="553" Type="Token" StartNode="1397" EndNode="1403">
<Feature>
  <Name className="java.lang.String">string</Name>
  <Value className="java.lang.String">Koresh</Value>
</Feature>
</Annotation>
<Annotation Id="567" Type="Token" StartNode="1432" EndNode="1438">
<Feature>
  <Name className="java.lang.String">string</Name>
  <Value className="java.lang.String">months</Value>
</Feature>
</Annotation>
<Annotation Id="563" Type="Token" StartNode="1420" EndNode="1428">
<Feature>
  <Name className="java.lang.String">string</Name>
  <Value className="java.lang.String">compound</Value>
</Feature>
</Annotation>
<Annotation Id="574" Type="Token" StartNode="1446" EndNode="1452">
<Feature>
  <Name className="java.lang.String">string</Name>
  <Value className="java.lang.String">people</Value>
</Feature>
</Annotation>
<Annotation Id="517" Type="Token" StartNode="1302" EndNode="1312">
<Feature>
  <Name className="java.lang.String">string</Name>
  <Value className="java.lang.String">ammunition</Value>
</Feature>
</Annotation>
<Annotation Id="513" Type="Token" StartNode="1290" EndNode="1297">
<Feature>
  <Name className="java.lang.String">string</Name>
  <Value className="java.lang.String">rockets</Value>
</Feature>
</Annotation>
<Annotation Id="532" Type="Token" StartNode="1340" EndNode="1346">
<Feature>
  <Name className="java.lang.String">string</Name>
  <Value className="java.lang.String">notice</Value>
</Feature>
</Annotation>
<Annotation Id="530" Type="Token" StartNode="1333" EndNode="1339">
<Feature>
  <Name className="java.lang.String">string</Name>
  <Value className="java.lang.String">anyone</Value>
</Feature>
</Annotation>
<Annotation Id="538" Type="Token" StartNode="1356" EndNode="1365">
<Feature>
  <Name className="java.lang.String">string</Name>
  <Value className="java.lang.String">exploding</Value>
</Feature>
</Annotation>
<Annotation Id="608" Type="Token" StartNode="1526" EndNode="1533">
<Feature>
  <Name className="java.lang.String">string</Name>
  <Value className="java.lang.String">handled</Value>
</Feature>
</Annotation>
<Annotation Id="612" Type="Token" StartNode="1537" EndNode="1548">
<Feature>
  <Name className="java.lang.String">string</Name>
  <Value className="java.lang.String">differently</Value>
</Feature>
</Annotation>
<Annotation Id="633" Type="Token" StartNode="1584" EndNode="1592">
<Feature>
  <Name className="java.lang.String">string</Name>
  <Value className="java.lang.String">evidence</Value>
</Feature>
</Annotation>
<Annotation Id="580" Type="Token" StartNode="1461" EndNode="1467">
<Feature>
  <Name className="java.lang.String">string</Name>
  <Value className="java.lang.String">report</Value>
</Feature>
</Annotation>
<Annotation Id="582" Type="Token" StartNode="1468" EndNode="1474">
<Feature>
  <Name className="java.lang.String">string</Name>
  <Value className="java.lang.String">seeing</Value>
</Feature>
</Annotation>
<Annotation Id="592" Type="Token" StartNode="1491" EndNode="1497">
<Feature>
  <Name className="java.lang.String">string</Name>
  <Value className="java.lang.String">before</Value>
</Feature>
</Annotation>
<Annotation Id="673" Type="Token" StartNode="1691" EndNode="1699">
<Feature>
  <Name className="java.lang.String">string</Name>
  <Value className="java.lang.String">changing</Value>
</Feature>
</Annotation>
<Annotation Id="696" Type="Token" StartNode="1746" EndNode="1754">
<Feature>
  <Name className="java.lang.String">string</Name>
  <Value className="java.lang.String">ANYTHING</Value>
</Feature>
</Annotation>
<Annotation Id="654" Type="Token" StartNode="1636" EndNode="1642">
<Feature>
  <Name className="java.lang.String">string</Name>
  <Value className="java.lang.String">sealed</Value>
</Feature>
</Annotation>
<Annotation Id="643" Type="Token" StartNode="1610" EndNode="1618">
<Feature>
  <Name className="java.lang.String">string</Name>
  <Value className="java.lang.String">anything</Value>
</Feature>
</Annotation>
<Annotation Id="667" Type="Token" StartNode="1672" EndNode="1679">
<Feature>
  <Name className="java.lang.String">string</Name>
  <Value className="java.lang.String">stories</Value>
</Feature>
</Annotation>
<Annotation Id="663" Type="Token" StartNode="1658" EndNode="1668">
<Feature>
  <Name className="java.lang.String">string</Name>
  <Value className="java.lang.String">collection</Value>
</Feature>
</Annotation>
<Annotation Id="656" Type="Token" StartNode="1643" EndNode="1650">
<Feature>
  <Name className="java.lang.String">string</Name>
  <Value className="java.lang.String">warrant</Value>
</Feature>
</Annotation>
<Annotation Id="746" Type="Token" StartNode="1866" EndNode="1873">
<Feature>
  <Name className="java.lang.String">string</Name>
  <Value className="java.lang.String">arrests</Value>
</Feature>
</Annotation>
<Annotation Id="744" Type="Token" StartNode="1856" EndNode="1865">
<Feature>
  <Name className="java.lang.String">string</Name>
  <Value className="java.lang.String">accepting</Value>
</Feature>
</Annotation>
<Annotation Id="740" Type="Token" StartNode="1845" EndNode="1852">
<Feature>
  <Name className="java.lang.String">string</Name>
  <Value className="java.lang.String">history</Value>
</Feature>
</Annotation>
<Annotation Id="758" Type="Token" StartNode="1888" EndNode="1896">
<Feature>
  <Name className="java.lang.String">string</Name>
  <Value className="java.lang.String">officers</Value>
</Feature>
</Annotation>
<Annotation Id="706" Type="Token" StartNode="1766" EndNode="1775">
<Feature>
  <Name className="java.lang.String">string</Name>
  <Value className="java.lang.String">supposing</Value>
</Feature>
</Annotation>
<Annotation Id="724" Type="Token" StartNode="1811" EndNode="1819">
<Feature>
  <Name className="java.lang.String">string</Name>
  <Value className="java.lang.String">arrested</Value>
</Feature>
</Annotation>
<Annotation Id="820" Type="Token" StartNode="2059" EndNode="2067">
<Feature>
  <Name className="java.lang.String">string</Name>
  <Value className="java.lang.String">anything</Value>
</Feature>
</Annotation>
<Annotation Id="804" Type="Token" StartNode="2015" EndNode="2021">
<Feature>
  <Name className="java.lang.String">string</Name>
  <Value className="java.lang.String">reason</Value>
</Feature>
</Annotation>
<Annotation Id="814" Type="Token" StartNode="2044" EndNode="2050">
<Feature>
  <Name className="java.lang.String">string</Name>
  <Value className="java.lang.String">people</Value>
</Feature>
</Annotation>
<Annotation Id="808" Type="Token" StartNode="2025" EndNode="2032">
<Feature>
  <Name className="java.lang.String">string</Name>
  <Value className="java.lang.String">suspect</Value>
</Feature>
</Annotation>
<Annotation Id="790" Type="Token" StartNode="1979" EndNode="1992">
<Feature>
  <Name className="java.lang.String">string</Name>
  <Value className="java.lang.String">sharpshooters</Value>
</Feature>
</Annotation>
<Annotation Id="786" Type="Token" StartNode="1967" EndNode="1975">
<Feature>
  <Name className="java.lang.String">string</Name>
  <Value className="java.lang.String">distance</Value>
</Feature>
</Annotation>
<Annotation Id="775" Type="Token" StartNode="1933" EndNode="1944">
<Feature>
  <Name className="java.lang.String">string</Name>
  <Value className="java.lang.String">bulletproof</Value>
</Feature>
</Annotation>
<Annotation Id="773" Type="Token" StartNode="1925" EndNode="1932">
<Feature>
  <Name className="java.lang.String">string</Name>
  <Value className="java.lang.String">Wearing</Value>
</Feature>
</Annotation>
<Annotation Id="770" Type="Token" StartNode="1916" EndNode="1923">
<Feature>
  <Name className="java.lang.String">string</Name>
  <Value className="java.lang.String">warrant</Value>
</Feature>
</Annotation>
<Annotation Id="780" Type="Token" StartNode="1952" EndNode="1959">
<Feature>
  <Name className="java.lang.String">string</Name>
  <Value className="java.lang.String">Covered</Value>
</Feature>
</Annotation>
<Annotation Id="889" Type="Token" StartNode="2226" EndNode="2232">
<Feature>
  <Name className="java.lang.String">string</Name>
  <Value className="java.lang.String">before</Value>
</Feature>
</Annotation>
<Annotation Id="865" Type="Token" StartNode="2173" EndNode="2182">
<Feature>
  <Name className="java.lang.String">string</Name>
  <Value className="java.lang.String">necessary</Value>
</Feature>
</Annotation>
<Annotation Id="849" Type="Token" StartNode="2128" EndNode="2135">
<Feature>
  <Name className="java.lang.String">string</Name>
  <Value className="java.lang.String">further</Value>
</Feature>
</Annotation>
<Annotation Id="854" Type="Token" StartNode="2142" EndNode="2148">
<Feature>
  <Name className="java.lang.String">string</Name>
  <Value className="java.lang.String">refuse</Value>
</Feature>
</Annotation>
<Annotation Id="858" Type="Token" StartNode="2153" EndNode="2160">
<Feature>
  <Name className="java.lang.String">string</Name>
  <Value className="java.lang.String">warrant</Value>
</Feature>
</Annotation>
<Annotation Id="863" Type="Token" StartNode="2165" EndNode="2172">
<Feature>
  <Name className="java.lang.String">string</Name>
  <Value className="java.lang.String">becomes</Value>
</Feature>
</Annotation>
<Annotation Id="832" Type="Token" StartNode="2087" EndNode="2093">
<Feature>
  <Name className="java.lang.String">string</Name>
  <Value className="java.lang.String">anyone</Value>
</Feature>
</Annotation>
<Annotation Id="836" Type="Token" StartNode="2098" EndNode="2105">
<Feature>
  <Name className="java.lang.String">string</Name>
  <Value className="java.lang.String">serving</Value>
</Feature>
</Annotation>
<Annotation Id="840" Type="Token" StartNode="2108" EndNode="2115">
<Feature>
  <Name className="java.lang.String">string</Name>
  <Value className="java.lang.String">warrant</Value>
</Feature>
</Annotation>
<Annotation Id="958" Type="Token" StartNode="2375" EndNode="2384">
<Feature>
  <Name className="java.lang.String">string</Name>
  <Value className="java.lang.String">including</Value>
</Feature>
</Annotation>
<Annotation Id="953" Type="Token" StartNode="2365" EndNode="2371">
<Feature>
  <Name className="java.lang.String">string</Name>
  <Value className="java.lang.String">anyone</Value>
</Feature>
</Annotation>
<Annotation Id="928" Type="Token" StartNode="2309" EndNode="2315">
<Feature>
  <Name className="java.lang.String">string</Name>
  <Value className="java.lang.String">change</Value>
</Feature>
</Annotation>
<Annotation Id="910" Type="Token" StartNode="2275" EndNode="2281">
<Feature>
  <Name className="java.lang.String">string</Name>
  <Value className="java.lang.String">coming</Value>
</Feature>
</Annotation>
<Annotation Id="1017" Type="Token" StartNode="2523" EndNode="2529">
<Feature>
  <Name className="java.lang.String">string</Name>
  <Value className="java.lang.String">should</Value>
</Feature>
</Annotation>
<Annotation Id="1023" Type="Token" StartNode="2541" EndNode="2549">
<Feature>
  <Name className="java.lang.String">string</Name>
  <Value className="java.lang.String">happened</Value>
</Feature>
</Annotation>
<Annotation Id="1013" Type="Token" StartNode="2509" EndNode="2517">
<Feature>
  <Name className="java.lang.String">string</Name>
  <Value className="java.lang.String">original</Value>
</Feature>
</Annotation>
<Annotation Id="983" Type="Token" StartNode="2444" EndNode="2451">
<Feature>
  <Name className="java.lang.String">string</Name>
  <Value className="java.lang.String">idiotic</Value>
</Feature>
</Annotation>
<Annotation Id="960" Type="Token" StartNode="2385" EndNode="2392">
<Feature>
  <Name className="java.lang.String">string</Name>
  <Value className="java.lang.String">sending</Value>
</Feature>
</Annotation>
<Annotation Id="964" Type="Token" StartNode="2396" EndNode="2407">
<Feature>
  <Name className="java.lang.String">string</Name>
  <Value className="java.lang.String">unprotected</Value>
</Feature>
</Annotation>
<Annotation Id="1097" Type="Token" StartNode="2729" EndNode="2735">
<Feature>
  <Name className="java.lang.String">string</Name>
  <Value className="java.lang.String">should</Value>
</Feature>
</Annotation>
<Annotation Id="1125" Type="Token" StartNode="2783" EndNode="2790">
<Feature>
  <Name className="java.lang.String">string</Name>
  <Value className="java.lang.String">Carroll</Value>
</Feature>
</Annotation>
<Annotation Id="1147" Type="Token" StartNode="2822" EndNode="2829">
<Feature>
  <Name className="java.lang.String">string</Name>
  <Value className="java.lang.String">getting</Value>
</Feature>
</Annotation>
<Annotation Id="1143" Type="Token" StartNode="2811" EndNode="2817">
<Feature>
  <Name className="java.lang.String">string</Name>
  <Value className="java.lang.String">people</Value>
</Feature>
</Annotation>
<Annotation Id="1037" Type="Token" StartNode="2577" EndNode="2583">
<Feature>
  <Name className="java.lang.String">string</Name>
  <Value className="java.lang.String">should</Value>
</Feature>
</Annotation>
<Annotation Id="1051" Type="Token" StartNode="2615" EndNode="2621">
<Feature>
  <Name className="java.lang.String">string</Name>
  <Value className="java.lang.String">record</Value>
</Feature>
</Annotation>
<Annotation Id="1043" Type="Token" StartNode="2595" EndNode="2603">
<Feature>
  <Name className="java.lang.String">string</Name>
  <Value className="java.lang.String">happened</Value>
</Feature>
</Annotation>
<Annotation Id="1069" Type="Token" StartNode="2660" EndNode="2666">
<Feature>
  <Name className="java.lang.String">string</Name>
  <Value className="java.lang.String">public</Value>
</Feature>
</Annotation>
<Annotation Id="1059" Type="Token" StartNode="2634" EndNode="2640">
<Feature>
  <Name className="java.lang.String">string</Name>
  <Value className="java.lang.String">should</Value>
</Feature>
</Annotation>
<Annotation Id="1063" Type="Token" StartNode="2644" EndNode="2652">
<Feature>
  <Name className="java.lang.String">string</Name>
  <Value className="java.lang.String">released</Value>
</Feature>
</Annotation>
<Annotation Id="1087" Type="Token" StartNode="2703" EndNode="2711">
<Feature>
  <Name className="java.lang.String">string</Name>
  <Value className="java.lang.String">happened</Value>
</Feature>
</Annotation>
<Annotation Id="1085" Type="Token" StartNode="2696" EndNode="2702">
<Feature>
  <Name className="java.lang.String">string</Name>
  <Value className="java.lang.String">really</Value>
</Feature>
</Annotation>
<Annotation Id="1221" Type="Token" StartNode="2994" EndNode="3001">
<Feature>
  <Name className="java.lang.String">string</Name>
  <Value className="java.lang.String">answers</Value>
</Feature>
</Annotation>
<Annotation Id="1226" Type="Token" StartNode="3005" EndNode="3012">
<Feature>
  <Name className="java.lang.String">string</Name>
  <Value className="java.lang.String">carroll</Value>
</Feature>
</Annotation>
<Annotation Id="1253" Type="Token" StartNode="3048" EndNode="3057">
<Feature>
  <Name className="java.lang.String">string</Name>
  <Value className="java.lang.String">precedent</Value>
</Feature>
</Annotation>
<Annotation Id="1164" Type="Token" StartNode="2860" EndNode="2868">
<Feature>
  <Name className="java.lang.String">string</Name>
  <Value className="java.lang.String">Delaware</Value>
</Feature>
</Annotation>
<Annotation Id="1179" Type="Token" StartNode="2891" EndNode="2897">
<Feature>
  <Name className="java.lang.String">string</Name>
  <Value className="java.lang.String">people</Value>
</Feature>
</Annotation>
<Annotation Id="1183" Type="Token" StartNode="2902" EndNode="2909">
<Feature>
  <Name className="java.lang.String">string</Name>
  <Value className="java.lang.String">believe</Value>
</Feature>
</Annotation>
<Annotation Id="1198" Type="Token" StartNode="2933" EndNode="2940">
<Feature>
  <Name className="java.lang.String">string</Name>
  <Value className="java.lang.String">Student</Value>
</Feature>
</Annotation>
<Annotation Id="1202" Type="Token" StartNode="2950" EndNode="2956">
<Feature>
  <Name className="java.lang.String">string</Name>
  <Value className="java.lang.String">Hacker</Value>
</Feature>
</Annotation>
<Annotation Id="1200" Type="Token" StartNode="2941" EndNode="2949">
<Feature>
  <Name className="java.lang.String">string</Name>
  <Value className="java.lang.String">Labstaff</Value>
</Feature>
</Annotation>
<Annotation Id="1211" Type="Token" StartNode="2966" EndNode="2975">
<Feature>
  <Name className="java.lang.String">string</Name>
  <Value className="java.lang.String">demanding</Value>
</Feature>
</Annotation>
<Annotation Id="1215" Type="Token" StartNode="2980" EndNode="2986">
<Feature>
  <Name className="java.lang.String">string</Name>
  <Value className="java.lang.String">rights</Value>
</Feature>
</Annotation>
</AnnotationSet>
<AnnotationSet Name="Original markups"> </AnnotationSet>
</GateDocument>