<?xml version='1.0' encoding='UTF-8'?>
<GateDocument version="3">
<!-- The document's features-->

<GateDocumentFeatures>
<Feature>
  <Name className="java.lang.String">Original_document_content_on_load</Name>
  <Value className="java.lang.String">From: bassili@cs.arizona.edu (Amgad Z. Bassili)
Message-ID: &lt;Apr.24.01.08.54.1993.4239@geneva.rutgers.edu>
Date: 24 Apr 93 05:08:54 GMT
Sender: hedrick@geneva.rutgers.edu
Lines: 18
Approved: christian@aramis.rutgers.edu

This is to let you know that the fourth issue of the Copt-Net Newsletter 
has been issued. The highlights of this issue include:


 1. Easter Greating: Christ is risen; Truly he is risen!
 2. The Holy Family in Egypt (part 1)
 3. Anba Abraam, the Friend of the Poor (part 4)
 4. A review of the Coptic Encyclopedia
 5. A new Dictionary of the Coptic Language


This Newsletter has been prepared by  members  of  Copt-Net,  a  forum
where news, activities, and services of  the  Coptic Orthodox Churches
and  Coptic communities outside Egypt are coordinated  and  exchanged.
If you want your name to be included in the mailing  list, or have any  
questions please contact Nabil Ayoub at &lt;ayoub@erctitan.me.wisc.edu>.

Copt-Net Editorial Board
</Value>
</Feature>
<Feature>
  <Name className="java.lang.String">gate.SourceURL</Name>
  <Value className="java.lang.String">file:/C:/Users/jian/Documents/NetBeansProjects/NoiseReductionTechniques/mideastPoliticsMix/negative1124</Value>
</Feature>
</GateDocumentFeatures>
<!-- The document content area with serialized nodes -->

<TextWithNodes><Node id="0"/>From<Node id="4"/>:<Node id="5"/> <Node id="6"/>bassili<Node id="13"/>@<Node id="14"/>cs<Node id="16"/>.<Node id="17"/>arizona<Node id="24"/>.<Node id="25"/>edu<Node id="28"/> <Node id="29"/>(<Node id="30"/>Amgad<Node id="35"/> <Node id="36"/>Z<Node id="37"/>.<Node id="38"/> <Node id="39"/>Bassili<Node id="46"/>)<Node id="47"/>
<Node id="48"/>Message-<Node id="56"/>ID<Node id="58"/>:<Node id="59"/> <Node id="60"/>&lt;<Node id="61"/>Apr<Node id="64"/>.<Node id="65"/>24<Node id="67"/>.<Node id="68"/>01<Node id="70"/>.<Node id="71"/>08<Node id="73"/>.<Node id="74"/>54<Node id="76"/>.<Node id="77"/>1993<Node id="81"/>.<Node id="82"/>4239<Node id="86"/>@<Node id="87"/>geneva<Node id="93"/>.<Node id="94"/>rutgers<Node id="101"/>.<Node id="102"/>edu<Node id="105"/>&gt;<Node id="106"/>
<Node id="107"/>Date<Node id="111"/>:<Node id="112"/> <Node id="113"/>24<Node id="115"/> <Node id="116"/>Apr<Node id="119"/> <Node id="120"/>93<Node id="122"/> <Node id="123"/>05<Node id="125"/>:<Node id="126"/>08<Node id="128"/>:<Node id="129"/>54<Node id="131"/> <Node id="132"/>GMT<Node id="135"/>
<Node id="136"/>Sender<Node id="142"/>:<Node id="143"/> <Node id="144"/>hedrick<Node id="151"/>@<Node id="152"/>geneva<Node id="158"/>.<Node id="159"/>rutgers<Node id="166"/>.<Node id="167"/>edu<Node id="170"/>
<Node id="171"/>Lines<Node id="176"/>:<Node id="177"/> <Node id="178"/>18<Node id="180"/>
<Node id="181"/>Approved<Node id="189"/>:<Node id="190"/> <Node id="191"/>christian<Node id="200"/>@<Node id="201"/>aramis<Node id="207"/>.<Node id="208"/>rutgers<Node id="215"/>.<Node id="216"/>edu<Node id="219"/>
<Node id="220"/>
<Node id="221"/>This<Node id="225"/> <Node id="226"/>is<Node id="228"/> <Node id="229"/>to<Node id="231"/> <Node id="232"/>let<Node id="235"/> <Node id="236"/>you<Node id="239"/> <Node id="240"/>know<Node id="244"/> <Node id="245"/>that<Node id="249"/> <Node id="250"/>the<Node id="253"/> <Node id="254"/>fourth<Node id="260"/> <Node id="261"/>issue<Node id="266"/> <Node id="267"/>of<Node id="269"/> <Node id="270"/>the<Node id="273"/> <Node id="274"/>Copt-<Node id="279"/>Net<Node id="282"/> <Node id="283"/>Newsletter<Node id="293"/> <Node id="294"/>
<Node id="295"/>has<Node id="298"/> <Node id="299"/>been<Node id="303"/> <Node id="304"/>issued<Node id="310"/>.<Node id="311"/> <Node id="312"/>The<Node id="315"/> <Node id="316"/>highlights<Node id="326"/> <Node id="327"/>of<Node id="329"/> <Node id="330"/>this<Node id="334"/> <Node id="335"/>issue<Node id="340"/> <Node id="341"/>include<Node id="348"/>:<Node id="349"/>
<Node id="350"/>
<Node id="351"/>
<Node id="352"/> <Node id="353"/>1<Node id="354"/>.<Node id="355"/> <Node id="356"/>Easter<Node id="362"/> <Node id="363"/>Greating<Node id="371"/>:<Node id="372"/> <Node id="373"/>Christ<Node id="379"/> <Node id="380"/>is<Node id="382"/> <Node id="383"/>risen<Node id="388"/>;<Node id="389"/> <Node id="390"/>Truly<Node id="395"/> <Node id="396"/>he<Node id="398"/> <Node id="399"/>is<Node id="401"/> <Node id="402"/>risen<Node id="407"/>!<Node id="408"/>
<Node id="409"/> <Node id="410"/>2<Node id="411"/>.<Node id="412"/> <Node id="413"/>The<Node id="416"/> <Node id="417"/>Holy<Node id="421"/> <Node id="422"/>Family<Node id="428"/> <Node id="429"/>in<Node id="431"/> <Node id="432"/>Egypt<Node id="437"/> <Node id="438"/>(<Node id="439"/>part<Node id="443"/> <Node id="444"/>1<Node id="445"/>)<Node id="446"/>
<Node id="447"/> <Node id="448"/>3<Node id="449"/>.<Node id="450"/> <Node id="451"/>Anba<Node id="455"/> <Node id="456"/>Abraam<Node id="462"/>,<Node id="463"/> <Node id="464"/>the<Node id="467"/> <Node id="468"/>Friend<Node id="474"/> <Node id="475"/>of<Node id="477"/> <Node id="478"/>the<Node id="481"/> <Node id="482"/>Poor<Node id="486"/> <Node id="487"/>(<Node id="488"/>part<Node id="492"/> <Node id="493"/>4<Node id="494"/>)<Node id="495"/>
<Node id="496"/> <Node id="497"/>4<Node id="498"/>.<Node id="499"/> <Node id="500"/>A<Node id="501"/> <Node id="502"/>review<Node id="508"/> <Node id="509"/>of<Node id="511"/> <Node id="512"/>the<Node id="515"/> <Node id="516"/>Coptic<Node id="522"/> <Node id="523"/>Encyclopedia<Node id="535"/>
<Node id="536"/> <Node id="537"/>5<Node id="538"/>.<Node id="539"/> <Node id="540"/>A<Node id="541"/> <Node id="542"/>new<Node id="545"/> <Node id="546"/>Dictionary<Node id="556"/> <Node id="557"/>of<Node id="559"/> <Node id="560"/>the<Node id="563"/> <Node id="564"/>Coptic<Node id="570"/> <Node id="571"/>Language<Node id="579"/>
<Node id="580"/>
<Node id="581"/>
<Node id="582"/>This<Node id="586"/> <Node id="587"/>Newsletter<Node id="597"/> <Node id="598"/>has<Node id="601"/> <Node id="602"/>been<Node id="606"/> <Node id="607"/>prepared<Node id="615"/> <Node id="616"/>by<Node id="618"/> <Node id="619"/> <Node id="620"/>members<Node id="627"/> <Node id="628"/> <Node id="629"/>of<Node id="631"/> <Node id="632"/> <Node id="633"/>Copt-<Node id="638"/>Net<Node id="641"/>,<Node id="642"/> <Node id="643"/> <Node id="644"/>a<Node id="645"/> <Node id="646"/> <Node id="647"/>forum<Node id="652"/>
<Node id="653"/>where<Node id="658"/> <Node id="659"/>news<Node id="663"/>,<Node id="664"/> <Node id="665"/>activities<Node id="675"/>,<Node id="676"/> <Node id="677"/>and<Node id="680"/> <Node id="681"/>services<Node id="689"/> <Node id="690"/>of<Node id="692"/> <Node id="693"/> <Node id="694"/>the<Node id="697"/> <Node id="698"/> <Node id="699"/>Coptic<Node id="705"/> <Node id="706"/>Orthodox<Node id="714"/> <Node id="715"/>Churches<Node id="723"/>
<Node id="724"/>and<Node id="727"/> <Node id="728"/> <Node id="729"/>Coptic<Node id="735"/> <Node id="736"/>communities<Node id="747"/> <Node id="748"/>outside<Node id="755"/> <Node id="756"/>Egypt<Node id="761"/> <Node id="762"/>are<Node id="765"/> <Node id="766"/>coordinated<Node id="777"/> <Node id="778"/> <Node id="779"/>and<Node id="782"/> <Node id="783"/> <Node id="784"/>exchanged<Node id="793"/>.<Node id="794"/>
<Node id="795"/>If<Node id="797"/> <Node id="798"/>you<Node id="801"/> <Node id="802"/>want<Node id="806"/> <Node id="807"/>your<Node id="811"/> <Node id="812"/>name<Node id="816"/> <Node id="817"/>to<Node id="819"/> <Node id="820"/>be<Node id="822"/> <Node id="823"/>included<Node id="831"/> <Node id="832"/>in<Node id="834"/> <Node id="835"/>the<Node id="838"/> <Node id="839"/>mailing<Node id="846"/> <Node id="847"/> <Node id="848"/>list<Node id="852"/>,<Node id="853"/> <Node id="854"/>or<Node id="856"/> <Node id="857"/>have<Node id="861"/> <Node id="862"/>any<Node id="865"/> <Node id="866"/> <Node id="867"/>
<Node id="868"/>questions<Node id="877"/> <Node id="878"/>please<Node id="884"/> <Node id="885"/>contact<Node id="892"/> <Node id="893"/>Nabil<Node id="898"/> <Node id="899"/>Ayoub<Node id="904"/> <Node id="905"/>at<Node id="907"/> <Node id="908"/>&lt;<Node id="909"/>ayoub<Node id="914"/>@<Node id="915"/>erctitan<Node id="923"/>.<Node id="924"/>me<Node id="926"/>.<Node id="927"/>wisc<Node id="931"/>.<Node id="932"/>edu<Node id="935"/>&gt;<Node id="936"/>.<Node id="937"/>
<Node id="938"/>
<Node id="939"/>Copt-<Node id="944"/>Net<Node id="947"/> <Node id="948"/>Editorial<Node id="957"/> <Node id="958"/>Board<Node id="963"/>
<Node id="964"/></TextWithNodes>
<!-- The default annotation set -->

<AnnotationSet>
<Annotation EndNode="964" StartNode="0" Type="Mention" Id="9999999">
<Feature>
<Name classname="java.lang.String">Class</Name>
<Value classname="java.lang.String">0</Value>
</Feature>
</Annotation>

<Annotation Id="3" Type="Token" StartNode="6" EndNode="13">
<Feature>
  <Name className="java.lang.String">string</Name>
  <Value className="java.lang.String">bassili</Value>
</Feature>
</Annotation>
<Annotation Id="7" Type="Token" StartNode="17" EndNode="24">
<Feature>
  <Name className="java.lang.String">string</Name>
  <Value className="java.lang.String">arizona</Value>
</Feature>
</Annotation>
<Annotation Id="17" Type="Token" StartNode="39" EndNode="46">
<Feature>
  <Name className="java.lang.String">string</Name>
  <Value className="java.lang.String">Bassili</Value>
</Feature>
</Annotation>
<Annotation Id="20" Type="Token" StartNode="48" EndNode="56">
<Feature>
  <Name className="java.lang.String">string</Name>
  <Value className="java.lang.String">Message-</Value>
</Feature>
</Annotation>
<Annotation Id="39" Type="Token" StartNode="87" EndNode="93">
<Feature>
  <Name className="java.lang.String">string</Name>
  <Value className="java.lang.String">geneva</Value>
</Feature>
</Annotation>
<Annotation Id="41" Type="Token" StartNode="94" EndNode="101">
<Feature>
  <Name className="java.lang.String">string</Name>
  <Value className="java.lang.String">rutgers</Value>
</Feature>
</Annotation>
<Annotation Id="63" Type="Token" StartNode="136" EndNode="142">
<Feature>
  <Name className="java.lang.String">string</Name>
  <Value className="java.lang.String">Sender</Value>
</Feature>
</Annotation>
<Annotation Id="68" Type="Token" StartNode="152" EndNode="158">
<Feature>
  <Name className="java.lang.String">string</Name>
  <Value className="java.lang.String">geneva</Value>
</Feature>
</Annotation>
<Annotation Id="70" Type="Token" StartNode="159" EndNode="166">
<Feature>
  <Name className="java.lang.String">string</Name>
  <Value className="java.lang.String">rutgers</Value>
</Feature>
</Annotation>
<Annotation Id="66" Type="Token" StartNode="144" EndNode="151">
<Feature>
  <Name className="java.lang.String">string</Name>
  <Value className="java.lang.String">hedrick</Value>
</Feature>
</Annotation>
<Annotation Id="79" Type="Token" StartNode="181" EndNode="189">
<Feature>
  <Name className="java.lang.String">string</Name>
  <Value className="java.lang.String">Approved</Value>
</Feature>
</Annotation>
<Annotation Id="84" Type="Token" StartNode="201" EndNode="207">
<Feature>
  <Name className="java.lang.String">string</Name>
  <Value className="java.lang.String">aramis</Value>
</Feature>
</Annotation>
<Annotation Id="86" Type="Token" StartNode="208" EndNode="215">
<Feature>
  <Name className="java.lang.String">string</Name>
  <Value className="java.lang.String">rutgers</Value>
</Feature>
</Annotation>
<Annotation Id="82" Type="Token" StartNode="191" EndNode="200">
<Feature>
  <Name className="java.lang.String">string</Name>
  <Value className="java.lang.String">christian</Value>
</Feature>
</Annotation>
<Annotation Id="107" Type="Token" StartNode="254" EndNode="260">
<Feature>
  <Name className="java.lang.String">string</Name>
  <Value className="java.lang.String">fourth</Value>
</Feature>
</Annotation>
<Annotation Id="118" Type="Token" StartNode="283" EndNode="293">
<Feature>
  <Name className="java.lang.String">string</Name>
  <Value className="java.lang.String">Newsletter</Value>
</Feature>
</Annotation>
<Annotation Id="125" Type="Token" StartNode="304" EndNode="310">
<Feature>
  <Name className="java.lang.String">string</Name>
  <Value className="java.lang.String">issued</Value>
</Feature>
</Annotation>
<Annotation Id="138" Type="Token" StartNode="341" EndNode="348">
<Feature>
  <Name className="java.lang.String">string</Name>
  <Value className="java.lang.String">include</Value>
</Feature>
</Annotation>
<Annotation Id="130" Type="Token" StartNode="316" EndNode="326">
<Feature>
  <Name className="java.lang.String">string</Name>
  <Value className="java.lang.String">highlights</Value>
</Feature>
</Annotation>
<Annotation Id="152" Type="Token" StartNode="373" EndNode="379">
<Feature>
  <Name className="java.lang.String">string</Name>
  <Value className="java.lang.String">Christ</Value>
</Feature>
</Annotation>
<Annotation Id="147" Type="Token" StartNode="356" EndNode="362">
<Feature>
  <Name className="java.lang.String">string</Name>
  <Value className="java.lang.String">Easter</Value>
</Feature>
</Annotation>
<Annotation Id="149" Type="Token" StartNode="363" EndNode="371">
<Feature>
  <Name className="java.lang.String">string</Name>
  <Value className="java.lang.String">Greating</Value>
</Feature>
</Annotation>
<Annotation Id="176" Type="Token" StartNode="422" EndNode="428">
<Feature>
  <Name className="java.lang.String">string</Name>
  <Value className="java.lang.String">Family</Value>
</Feature>
</Annotation>
<Annotation Id="199" Type="Token" StartNode="468" EndNode="474">
<Feature>
  <Name className="java.lang.String">string</Name>
  <Value className="java.lang.String">Friend</Value>
</Feature>
</Annotation>
<Annotation Id="194" Type="Token" StartNode="456" EndNode="462">
<Feature>
  <Name className="java.lang.String">string</Name>
  <Value className="java.lang.String">Abraam</Value>
</Feature>
</Annotation>
<Annotation Id="219" Type="Token" StartNode="502" EndNode="508">
<Feature>
  <Name className="java.lang.String">string</Name>
  <Value className="java.lang.String">review</Value>
</Feature>
</Annotation>
<Annotation Id="237" Type="Token" StartNode="546" EndNode="556">
<Feature>
  <Name className="java.lang.String">string</Name>
  <Value className="java.lang.String">Dictionary</Value>
</Feature>
</Annotation>
<Annotation Id="227" Type="Token" StartNode="523" EndNode="535">
<Feature>
  <Name className="java.lang.String">string</Name>
  <Value className="java.lang.String">Encyclopedia</Value>
</Feature>
</Annotation>
<Annotation Id="225" Type="Token" StartNode="516" EndNode="522">
<Feature>
  <Name className="java.lang.String">string</Name>
  <Value className="java.lang.String">Coptic</Value>
</Feature>
</Annotation>
<Annotation Id="251" Type="Token" StartNode="587" EndNode="597">
<Feature>
  <Name className="java.lang.String">string</Name>
  <Value className="java.lang.String">Newsletter</Value>
</Feature>
</Annotation>
<Annotation Id="245" Type="Token" StartNode="571" EndNode="579">
<Feature>
  <Name className="java.lang.String">string</Name>
  <Value className="java.lang.String">Language</Value>
</Feature>
</Annotation>
<Annotation Id="243" Type="Token" StartNode="564" EndNode="570">
<Feature>
  <Name className="java.lang.String">string</Name>
  <Value className="java.lang.String">Coptic</Value>
</Feature>
</Annotation>
<Annotation Id="283" Type="Token" StartNode="665" EndNode="675">
<Feature>
  <Name className="java.lang.String">string</Name>
  <Value className="java.lang.String">activities</Value>
</Feature>
</Annotation>
<Annotation Id="257" Type="Token" StartNode="607" EndNode="615">
<Feature>
  <Name className="java.lang.String">string</Name>
  <Value className="java.lang.String">prepared</Value>
</Feature>
</Annotation>
<Annotation Id="262" Type="Token" StartNode="620" EndNode="627">
<Feature>
  <Name className="java.lang.String">string</Name>
  <Value className="java.lang.String">members</Value>
</Feature>
</Annotation>
<Annotation Id="305" Type="Token" StartNode="729" EndNode="735">
<Feature>
  <Name className="java.lang.String">string</Name>
  <Value className="java.lang.String">Coptic</Value>
</Feature>
</Annotation>
<Annotation Id="307" Type="Token" StartNode="736" EndNode="747">
<Feature>
  <Name className="java.lang.String">string</Name>
  <Value className="java.lang.String">communities</Value>
</Feature>
</Annotation>
<Annotation Id="309" Type="Token" StartNode="748" EndNode="755">
<Feature>
  <Name className="java.lang.String">string</Name>
  <Value className="java.lang.String">outside</Value>
</Feature>
</Annotation>
<Annotation Id="315" Type="Token" StartNode="766" EndNode="777">
<Feature>
  <Name className="java.lang.String">string</Name>
  <Value className="java.lang.String">coordinated</Value>
</Feature>
</Annotation>
<Annotation Id="288" Type="Token" StartNode="681" EndNode="689">
<Feature>
  <Name className="java.lang.String">string</Name>
  <Value className="java.lang.String">services</Value>
</Feature>
</Annotation>
<Annotation Id="296" Type="Token" StartNode="699" EndNode="705">
<Feature>
  <Name className="java.lang.String">string</Name>
  <Value className="java.lang.String">Coptic</Value>
</Feature>
</Annotation>
<Annotation Id="298" Type="Token" StartNode="706" EndNode="714">
<Feature>
  <Name className="java.lang.String">string</Name>
  <Value className="java.lang.String">Orthodox</Value>
</Feature>
</Annotation>
<Annotation Id="300" Type="Token" StartNode="715" EndNode="723">
<Feature>
  <Name className="java.lang.String">string</Name>
  <Value className="java.lang.String">Churches</Value>
</Feature>
</Annotation>
<Annotation Id="338" Type="Token" StartNode="823" EndNode="831">
<Feature>
  <Name className="java.lang.String">string</Name>
  <Value className="java.lang.String">included</Value>
</Feature>
</Annotation>
<Annotation Id="344" Type="Token" StartNode="839" EndNode="846">
<Feature>
  <Name className="java.lang.String">string</Name>
  <Value className="java.lang.String">mailing</Value>
</Feature>
</Annotation>
<Annotation Id="321" Type="Token" StartNode="784" EndNode="793">
<Feature>
  <Name className="java.lang.String">string</Name>
  <Value className="java.lang.String">exchanged</Value>
</Feature>
</Annotation>
<Annotation Id="373" Type="Token" StartNode="915" EndNode="923">
<Feature>
  <Name className="java.lang.String">string</Name>
  <Value className="java.lang.String">erctitan</Value>
</Feature>
</Annotation>
<Annotation Id="358" Type="Token" StartNode="868" EndNode="877">
<Feature>
  <Name className="java.lang.String">string</Name>
  <Value className="java.lang.String">questions</Value>
</Feature>
</Annotation>
<Annotation Id="360" Type="Token" StartNode="878" EndNode="884">
<Feature>
  <Name className="java.lang.String">string</Name>
  <Value className="java.lang.String">please</Value>
</Feature>
</Annotation>
<Annotation Id="362" Type="Token" StartNode="885" EndNode="892">
<Feature>
  <Name className="java.lang.String">string</Name>
  <Value className="java.lang.String">contact</Value>
</Feature>
</Annotation>
<Annotation Id="387" Type="Token" StartNode="948" EndNode="957">
<Feature>
  <Name className="java.lang.String">string</Name>
  <Value className="java.lang.String">Editorial</Value>
</Feature>
</Annotation>
</AnnotationSet>
<AnnotationSet Name="Original markups"> </AnnotationSet>
</GateDocument>