<?xml version='1.0' encoding='UTF-8'?>
<GateDocument version="3">
<!-- The document's features-->

<GateDocumentFeatures>
<Feature>
  <Name className="java.lang.String">Original_document_content_on_load</Name>
  <Value className="java.lang.String"><![CDATA[From: batwood@SU1AB.Harris-ATD.com (Brett Atwood)
References: <bob1.733078401@cos> <1993Mar26.062132.26682@Princeton.EDU> <bob1.733164921@cos> <1993Mar30.011914.13371@Princeton.EDU> <bob1.733511618@cos>
Date: Tue, 6 Apr 1993 17:06:47 GMT
Nntp-Posting-Host: su1ab.ess.harris.com
Distribution: world 
Reply-To: batwood@su1b.ess.harris.com
Organization: Harris (Government Communications System Division)
Sender: news@mlb.semi.harris.com
Message-ID: <1993Apr6.170647.22878@mlb.semi.harris.com>
Lines: 4

|> [ debate deleted ]

		I guess it is allowed.

]]></Value>
</Feature>
<Feature>
  <Name className="java.lang.String">gate.SourceURL</Name>
  <Value className="java.lang.String">file:/C:/Users/jian/Documents/NetBeansProjects/NoiseReductionTechniques/mideastPoliticsMix/negative127</Value>
</Feature>
</GateDocumentFeatures>
<!-- The document content area with serialized nodes -->

<TextWithNodes><Node id="0"/>From<Node id="4"/>:<Node id="5"/> <Node id="6"/>batwood<Node id="13"/>@<Node id="14"/>SU<Node id="16"/>1<Node id="17"/>AB<Node id="19"/>.<Node id="20"/>Harris-<Node id="27"/>ATD<Node id="30"/>.<Node id="31"/>com<Node id="34"/> <Node id="35"/>(<Node id="36"/>Brett<Node id="41"/> <Node id="42"/>Atwood<Node id="48"/>)<Node id="49"/>
<Node id="50"/>References<Node id="60"/>:<Node id="61"/> <Node id="62"/>&lt;<Node id="63"/>bob<Node id="66"/>1<Node id="67"/>.<Node id="68"/>733078401<Node id="77"/>@<Node id="78"/>cos<Node id="81"/>&gt;<Node id="82"/> <Node id="83"/>&lt;<Node id="84"/>1993<Node id="88"/>Mar<Node id="91"/>26<Node id="93"/>.<Node id="94"/>062132<Node id="100"/>.<Node id="101"/>26682<Node id="106"/>@<Node id="107"/>Princeton<Node id="116"/>.<Node id="117"/>EDU<Node id="120"/>&gt;<Node id="121"/> <Node id="122"/>&lt;<Node id="123"/>bob<Node id="126"/>1<Node id="127"/>.<Node id="128"/>733164921<Node id="137"/>@<Node id="138"/>cos<Node id="141"/>&gt;<Node id="142"/> <Node id="143"/>&lt;<Node id="144"/>1993<Node id="148"/>Mar<Node id="151"/>30<Node id="153"/>.<Node id="154"/>011914<Node id="160"/>.<Node id="161"/>13371<Node id="166"/>@<Node id="167"/>Princeton<Node id="176"/>.<Node id="177"/>EDU<Node id="180"/>&gt;<Node id="181"/> <Node id="182"/>&lt;<Node id="183"/>bob<Node id="186"/>1<Node id="187"/>.<Node id="188"/>733511618<Node id="197"/>@<Node id="198"/>cos<Node id="201"/>&gt;<Node id="202"/>
<Node id="203"/>Date<Node id="207"/>:<Node id="208"/> <Node id="209"/>Tue<Node id="212"/>,<Node id="213"/> <Node id="214"/>6<Node id="215"/> <Node id="216"/>Apr<Node id="219"/> <Node id="220"/>1993<Node id="224"/> <Node id="225"/>17<Node id="227"/>:<Node id="228"/>06<Node id="230"/>:<Node id="231"/>47<Node id="233"/> <Node id="234"/>GMT<Node id="237"/>
<Node id="238"/>Nntp-<Node id="243"/>Posting-<Node id="251"/>Host<Node id="255"/>:<Node id="256"/> <Node id="257"/>su<Node id="259"/>1<Node id="260"/>ab<Node id="262"/>.<Node id="263"/>ess<Node id="266"/>.<Node id="267"/>harris<Node id="273"/>.<Node id="274"/>com<Node id="277"/>
<Node id="278"/>Distribution<Node id="290"/>:<Node id="291"/> <Node id="292"/>world<Node id="297"/> <Node id="298"/>
<Node id="299"/>Reply-<Node id="305"/>To<Node id="307"/>:<Node id="308"/> <Node id="309"/>batwood<Node id="316"/>@<Node id="317"/>su<Node id="319"/>1<Node id="320"/>b<Node id="321"/>.<Node id="322"/>ess<Node id="325"/>.<Node id="326"/>harris<Node id="332"/>.<Node id="333"/>com<Node id="336"/>
<Node id="337"/>Organization<Node id="349"/>:<Node id="350"/> <Node id="351"/>Harris<Node id="357"/> <Node id="358"/>(<Node id="359"/>Government<Node id="369"/> <Node id="370"/>Communications<Node id="384"/> <Node id="385"/>System<Node id="391"/> <Node id="392"/>Division<Node id="400"/>)<Node id="401"/>
<Node id="402"/>Sender<Node id="408"/>:<Node id="409"/> <Node id="410"/>news<Node id="414"/>@<Node id="415"/>mlb<Node id="418"/>.<Node id="419"/>semi<Node id="423"/>.<Node id="424"/>harris<Node id="430"/>.<Node id="431"/>com<Node id="434"/>
<Node id="435"/>Message-<Node id="443"/>ID<Node id="445"/>:<Node id="446"/> <Node id="447"/>&lt;<Node id="448"/>1993<Node id="452"/>Apr<Node id="455"/>6<Node id="456"/>.<Node id="457"/>170647<Node id="463"/>.<Node id="464"/>22878<Node id="469"/>@<Node id="470"/>mlb<Node id="473"/>.<Node id="474"/>semi<Node id="478"/>.<Node id="479"/>harris<Node id="485"/>.<Node id="486"/>com<Node id="489"/>&gt;<Node id="490"/>
<Node id="491"/>Lines<Node id="496"/>:<Node id="497"/> <Node id="498"/>4<Node id="499"/>
<Node id="500"/>
<Node id="501"/>|<Node id="502"/>&gt;<Node id="503"/> <Node id="504"/>[<Node id="505"/> <Node id="506"/>debate<Node id="512"/> <Node id="513"/>deleted<Node id="520"/> <Node id="521"/>]<Node id="522"/>
<Node id="523"/>
<Node id="524"/>	<Node id="525"/>	<Node id="526"/>I<Node id="527"/> <Node id="528"/>guess<Node id="533"/> <Node id="534"/>it<Node id="536"/> <Node id="537"/>is<Node id="539"/> <Node id="540"/>allowed<Node id="547"/>.<Node id="548"/>
<Node id="549"/>
<Node id="550"/></TextWithNodes>
<!-- The default annotation set -->

<AnnotationSet>
<Annotation EndNode="550" StartNode="0" Type="Mention" Id="9999999">
<Feature>
<Name classname="java.lang.String">Class</Name>
<Value classname="java.lang.String">0</Value>
</Feature>
</Annotation>

<Annotation Id="3" Type="Token" StartNode="6" EndNode="13">
<Feature>
  <Name className="java.lang.String">string</Name>
  <Value className="java.lang.String">batwood</Value>
</Feature>
</Annotation>
<Annotation Id="9" Type="Token" StartNode="20" EndNode="27">
<Feature>
  <Name className="java.lang.String">string</Name>
  <Value className="java.lang.String">Harris-</Value>
</Feature>
</Annotation>
<Annotation Id="17" Type="Token" StartNode="42" EndNode="48">
<Feature>
  <Name className="java.lang.String">string</Name>
  <Value className="java.lang.String">Atwood</Value>
</Feature>
</Annotation>
<Annotation Id="20" Type="Token" StartNode="50" EndNode="60">
<Feature>
  <Name className="java.lang.String">string</Name>
  <Value className="java.lang.String">References</Value>
</Feature>
</Annotation>
<Annotation Id="27" Type="Token" StartNode="68" EndNode="77">
</Annotation>
<Annotation Id="37" Type="Token" StartNode="94" EndNode="100">
</Annotation>
<Annotation Id="41" Type="Token" StartNode="107" EndNode="116">
<Feature>
  <Name className="java.lang.String">string</Name>
  <Value className="java.lang.String">Princeton</Value>
</Feature>
</Annotation>
<Annotation Id="50" Type="Token" StartNode="128" EndNode="137">
</Annotation>
<Annotation Id="60" Type="Token" StartNode="154" EndNode="160">
</Annotation>
<Annotation Id="64" Type="Token" StartNode="167" EndNode="176">
<Feature>
  <Name className="java.lang.String">string</Name>
  <Value className="java.lang.String">Princeton</Value>
</Feature>
</Annotation>
<Annotation Id="73" Type="Token" StartNode="188" EndNode="197">
</Annotation>
<Annotation Id="99" Type="Token" StartNode="243" EndNode="251">
<Feature>
  <Name className="java.lang.String">string</Name>
  <Value className="java.lang.String">Posting-</Value>
</Feature>
</Annotation>
<Annotation Id="109" Type="Token" StartNode="267" EndNode="273">
<Feature>
  <Name className="java.lang.String">string</Name>
  <Value className="java.lang.String">harris</Value>
</Feature>
</Annotation>
<Annotation Id="119" Type="Token" StartNode="299" EndNode="305">
<Feature>
  <Name className="java.lang.String">string</Name>
  <Value className="java.lang.String">Reply-</Value>
</Feature>
</Annotation>
<Annotation Id="113" Type="Token" StartNode="278" EndNode="290">
<Feature>
  <Name className="java.lang.String">string</Name>
  <Value className="java.lang.String">Distribution</Value>
</Feature>
</Annotation>
<Annotation Id="123" Type="Token" StartNode="309" EndNode="316">
<Feature>
  <Name className="java.lang.String">string</Name>
  <Value className="java.lang.String">batwood</Value>
</Feature>
</Annotation>
<Annotation Id="138" Type="Token" StartNode="351" EndNode="357">
<Feature>
  <Name className="java.lang.String">string</Name>
  <Value className="java.lang.String">Harris</Value>
</Feature>
</Annotation>
<Annotation Id="141" Type="Token" StartNode="359" EndNode="369">
<Feature>
  <Name className="java.lang.String">string</Name>
  <Value className="java.lang.String">Government</Value>
</Feature>
</Annotation>
<Annotation Id="143" Type="Token" StartNode="370" EndNode="384">
<Feature>
  <Name className="java.lang.String">string</Name>
  <Value className="java.lang.String">Communications</Value>
</Feature>
</Annotation>
<Annotation Id="131" Type="Token" StartNode="326" EndNode="332">
<Feature>
  <Name className="java.lang.String">string</Name>
  <Value className="java.lang.String">harris</Value>
</Feature>
</Annotation>
<Annotation Id="135" Type="Token" StartNode="337" EndNode="349">
<Feature>
  <Name className="java.lang.String">string</Name>
  <Value className="java.lang.String">Organization</Value>
</Feature>
</Annotation>
<Annotation Id="159" Type="Token" StartNode="424" EndNode="430">
<Feature>
  <Name className="java.lang.String">string</Name>
  <Value className="java.lang.String">harris</Value>
</Feature>
</Annotation>
<Annotation Id="145" Type="Token" StartNode="385" EndNode="391">
<Feature>
  <Name className="java.lang.String">string</Name>
  <Value className="java.lang.String">System</Value>
</Feature>
</Annotation>
<Annotation Id="147" Type="Token" StartNode="392" EndNode="400">
<Feature>
  <Name className="java.lang.String">string</Name>
  <Value className="java.lang.String">Division</Value>
</Feature>
</Annotation>
<Annotation Id="150" Type="Token" StartNode="402" EndNode="408">
<Feature>
  <Name className="java.lang.String">string</Name>
  <Value className="java.lang.String">Sender</Value>
</Feature>
</Annotation>
<Annotation Id="172" Type="Token" StartNode="457" EndNode="463">
</Annotation>
<Annotation Id="163" Type="Token" StartNode="435" EndNode="443">
<Feature>
  <Name className="java.lang.String">string</Name>
  <Value className="java.lang.String">Message-</Value>
</Feature>
</Annotation>
<Annotation Id="180" Type="Token" StartNode="479" EndNode="485">
<Feature>
  <Name className="java.lang.String">string</Name>
  <Value className="java.lang.String">harris</Value>
</Feature>
</Annotation>
<Annotation Id="196" Type="Token" StartNode="506" EndNode="512">
<Feature>
  <Name className="java.lang.String">string</Name>
  <Value className="java.lang.String">debate</Value>
</Feature>
</Annotation>
<Annotation Id="198" Type="Token" StartNode="513" EndNode="520">
<Feature>
  <Name className="java.lang.String">string</Name>
  <Value className="java.lang.String">deleted</Value>
</Feature>
</Annotation>
<Annotation Id="213" Type="Token" StartNode="540" EndNode="547">
<Feature>
  <Name className="java.lang.String">string</Name>
  <Value className="java.lang.String">allowed</Value>
</Feature>
</Annotation>
</AnnotationSet>
<AnnotationSet Name="Original markups"> </AnnotationSet>
</GateDocument>