<?xml version='1.0' encoding='UTF-8'?>
<GateDocument version="3">
<!-- The document's features-->

<GateDocumentFeatures>
<Feature>
  <Name className="java.lang.String">Original_document_content_on_load</Name>
  <Value className="java.lang.String">From: anthony.landreneau@ozonehole.com (Anthony Landreneau)
Message-ID: &lt;18275.459.uupcb@ozonehole.com>
Date: 20 Apr 93 15:21:00 GMT
Reply-To: anthony.landreneau@ozonehole.com (Anthony Landreneau)
Organization: Ozone Online Operations, Inc. - New Orleans, LA
Lines: 23

To: margoli@watson.ibm.com (Larry Margolis)
From: anthony.landreneau@ozonehole.com

LM>>  >>The rape has passed, there is nothing that will ever take that away.
LM>>
LM>>LM>True.  But forcing her to remain pregnant continues the violation of
LM>>LM>her body for another 9 months.  I see this as being unbelievably cruel.
LM>>
LM>>Life is not a "violation".

LM>But forcing someone to harbor that life in their body *is* a violation.

Letting a mother force a child from her body, in order to end that
childs life is the ultimate violation.
                   Anthony

 * SLMR 2.1 * What's the Differance Between an Democrat?
                                                         
----
The Ozone Hole BBS * A Private Bulletin Board Service * (504)891-3142
3 Full Service Nodes * USRobotics 16.8K bps * 10 Gigs * 100,000 Files
SKYDIVE New Orleans! * RIME Network Mail HUB * 500+ Usenet Newsgroups
Please route all questions or inquiries to:  postmaster@ozonehole.com
</Value>
</Feature>
<Feature>
  <Name className="java.lang.String">gate.SourceURL</Name>
  <Value className="java.lang.String">file:/C:/Users/jian/Documents/NetBeansProjects/NoiseReductionTechniques/mideastPoliticsMix/negative1198</Value>
</Feature>
</GateDocumentFeatures>
<!-- The document content area with serialized nodes -->

<TextWithNodes><Node id="0"/>From<Node id="4"/>:<Node id="5"/> <Node id="6"/>anthony<Node id="13"/>.<Node id="14"/>landreneau<Node id="24"/>@<Node id="25"/>ozonehole<Node id="34"/>.<Node id="35"/>com<Node id="38"/> <Node id="39"/>(<Node id="40"/>Anthony<Node id="47"/> <Node id="48"/>Landreneau<Node id="58"/>)<Node id="59"/>
<Node id="60"/>Message-<Node id="68"/>ID<Node id="70"/>:<Node id="71"/> <Node id="72"/>&lt;<Node id="73"/>18275<Node id="78"/>.<Node id="79"/>459<Node id="82"/>.<Node id="83"/>uupcb<Node id="88"/>@<Node id="89"/>ozonehole<Node id="98"/>.<Node id="99"/>com<Node id="102"/>&gt;<Node id="103"/>
<Node id="104"/>Date<Node id="108"/>:<Node id="109"/> <Node id="110"/>20<Node id="112"/> <Node id="113"/>Apr<Node id="116"/> <Node id="117"/>93<Node id="119"/> <Node id="120"/>15<Node id="122"/>:<Node id="123"/>21<Node id="125"/>:<Node id="126"/>00<Node id="128"/> <Node id="129"/>GMT<Node id="132"/>
<Node id="133"/>Reply-<Node id="139"/>To<Node id="141"/>:<Node id="142"/> <Node id="143"/>anthony<Node id="150"/>.<Node id="151"/>landreneau<Node id="161"/>@<Node id="162"/>ozonehole<Node id="171"/>.<Node id="172"/>com<Node id="175"/> <Node id="176"/>(<Node id="177"/>Anthony<Node id="184"/> <Node id="185"/>Landreneau<Node id="195"/>)<Node id="196"/>
<Node id="197"/>Organization<Node id="209"/>:<Node id="210"/> <Node id="211"/>Ozone<Node id="216"/> <Node id="217"/>Online<Node id="223"/> <Node id="224"/>Operations<Node id="234"/>,<Node id="235"/> <Node id="236"/>Inc<Node id="239"/>.<Node id="240"/> <Node id="241"/>-<Node id="242"/> <Node id="243"/>New<Node id="246"/> <Node id="247"/>Orleans<Node id="254"/>,<Node id="255"/> <Node id="256"/>LA<Node id="258"/>
<Node id="259"/>Lines<Node id="264"/>:<Node id="265"/> <Node id="266"/>23<Node id="268"/>
<Node id="269"/>
<Node id="270"/>To<Node id="272"/>:<Node id="273"/> <Node id="274"/>margoli<Node id="281"/>@<Node id="282"/>watson<Node id="288"/>.<Node id="289"/>ibm<Node id="292"/>.<Node id="293"/>com<Node id="296"/> <Node id="297"/>(<Node id="298"/>Larry<Node id="303"/> <Node id="304"/>Margolis<Node id="312"/>)<Node id="313"/>
<Node id="314"/>From<Node id="318"/>:<Node id="319"/> <Node id="320"/>anthony<Node id="327"/>.<Node id="328"/>landreneau<Node id="338"/>@<Node id="339"/>ozonehole<Node id="348"/>.<Node id="349"/>com<Node id="352"/>
<Node id="353"/>
<Node id="354"/>LM<Node id="356"/>&gt;<Node id="357"/>&gt;<Node id="358"/> <Node id="359"/> <Node id="360"/>&gt;<Node id="361"/>&gt;<Node id="362"/>The<Node id="365"/> <Node id="366"/>rape<Node id="370"/> <Node id="371"/>has<Node id="374"/> <Node id="375"/>passed<Node id="381"/>,<Node id="382"/> <Node id="383"/>there<Node id="388"/> <Node id="389"/>is<Node id="391"/> <Node id="392"/>nothing<Node id="399"/> <Node id="400"/>that<Node id="404"/> <Node id="405"/>will<Node id="409"/> <Node id="410"/>ever<Node id="414"/> <Node id="415"/>take<Node id="419"/> <Node id="420"/>that<Node id="424"/> <Node id="425"/>away<Node id="429"/>.<Node id="430"/>
<Node id="431"/>LM<Node id="433"/>&gt;<Node id="434"/>&gt;<Node id="435"/>
<Node id="436"/>LM<Node id="438"/>&gt;<Node id="439"/>&gt;<Node id="440"/>LM<Node id="442"/>&gt;<Node id="443"/>True<Node id="447"/>.<Node id="448"/> <Node id="449"/> <Node id="450"/>But<Node id="453"/> <Node id="454"/>forcing<Node id="461"/> <Node id="462"/>her<Node id="465"/> <Node id="466"/>to<Node id="468"/> <Node id="469"/>remain<Node id="475"/> <Node id="476"/>pregnant<Node id="484"/> <Node id="485"/>continues<Node id="494"/> <Node id="495"/>the<Node id="498"/> <Node id="499"/>violation<Node id="508"/> <Node id="509"/>of<Node id="511"/>
<Node id="512"/>LM<Node id="514"/>&gt;<Node id="515"/>&gt;<Node id="516"/>LM<Node id="518"/>&gt;<Node id="519"/>her<Node id="522"/> <Node id="523"/>body<Node id="527"/> <Node id="528"/>for<Node id="531"/> <Node id="532"/>another<Node id="539"/> <Node id="540"/>9<Node id="541"/> <Node id="542"/>months<Node id="548"/>.<Node id="549"/> <Node id="550"/> <Node id="551"/>I<Node id="552"/> <Node id="553"/>see<Node id="556"/> <Node id="557"/>this<Node id="561"/> <Node id="562"/>as<Node id="564"/> <Node id="565"/>being<Node id="570"/> <Node id="571"/>unbelievably<Node id="583"/> <Node id="584"/>cruel<Node id="589"/>.<Node id="590"/>
<Node id="591"/>LM<Node id="593"/>&gt;<Node id="594"/>&gt;<Node id="595"/>
<Node id="596"/>LM<Node id="598"/>&gt;<Node id="599"/>&gt;<Node id="600"/>Life<Node id="604"/> <Node id="605"/>is<Node id="607"/> <Node id="608"/>not<Node id="611"/> <Node id="612"/>a<Node id="613"/> <Node id="614"/>"<Node id="615"/>violation<Node id="624"/>"<Node id="625"/>.<Node id="626"/>
<Node id="627"/>
<Node id="628"/>LM<Node id="630"/>&gt;<Node id="631"/>But<Node id="634"/> <Node id="635"/>forcing<Node id="642"/> <Node id="643"/>someone<Node id="650"/> <Node id="651"/>to<Node id="653"/> <Node id="654"/>harbor<Node id="660"/> <Node id="661"/>that<Node id="665"/> <Node id="666"/>life<Node id="670"/> <Node id="671"/>in<Node id="673"/> <Node id="674"/>their<Node id="679"/> <Node id="680"/>body<Node id="684"/> <Node id="685"/>*<Node id="686"/>is<Node id="688"/>*<Node id="689"/> <Node id="690"/>a<Node id="691"/> <Node id="692"/>violation<Node id="701"/>.<Node id="702"/>
<Node id="703"/>
<Node id="704"/>Letting<Node id="711"/> <Node id="712"/>a<Node id="713"/> <Node id="714"/>mother<Node id="720"/> <Node id="721"/>force<Node id="726"/> <Node id="727"/>a<Node id="728"/> <Node id="729"/>child<Node id="734"/> <Node id="735"/>from<Node id="739"/> <Node id="740"/>her<Node id="743"/> <Node id="744"/>body<Node id="748"/>,<Node id="749"/> <Node id="750"/>in<Node id="752"/> <Node id="753"/>order<Node id="758"/> <Node id="759"/>to<Node id="761"/> <Node id="762"/>end<Node id="765"/> <Node id="766"/>that<Node id="770"/>
<Node id="771"/>childs<Node id="777"/> <Node id="778"/>life<Node id="782"/> <Node id="783"/>is<Node id="785"/> <Node id="786"/>the<Node id="789"/> <Node id="790"/>ultimate<Node id="798"/> <Node id="799"/>violation<Node id="808"/>.<Node id="809"/>
<Node id="810"/> <Node id="811"/> <Node id="812"/> <Node id="813"/> <Node id="814"/> <Node id="815"/> <Node id="816"/> <Node id="817"/> <Node id="818"/> <Node id="819"/> <Node id="820"/> <Node id="821"/> <Node id="822"/> <Node id="823"/> <Node id="824"/> <Node id="825"/> <Node id="826"/> <Node id="827"/> <Node id="828"/> <Node id="829"/>Anthony<Node id="836"/>
<Node id="837"/>
<Node id="838"/> <Node id="839"/>*<Node id="840"/> <Node id="841"/>SLMR<Node id="845"/> <Node id="846"/>2<Node id="847"/>.<Node id="848"/>1<Node id="849"/> <Node id="850"/>*<Node id="851"/> <Node id="852"/>What<Node id="856"/>'s<Node id="858"/> <Node id="859"/>the<Node id="862"/> <Node id="863"/>Differance<Node id="873"/> <Node id="874"/>Between<Node id="881"/> <Node id="882"/>an<Node id="884"/> <Node id="885"/>Democrat<Node id="893"/>?<Node id="894"/>
<Node id="895"/> <Node id="896"/> <Node id="897"/> <Node id="898"/> <Node id="899"/> <Node id="900"/> <Node id="901"/> <Node id="902"/> <Node id="903"/> <Node id="904"/> <Node id="905"/> <Node id="906"/> <Node id="907"/> <Node id="908"/> <Node id="909"/> <Node id="910"/> <Node id="911"/> <Node id="912"/> <Node id="913"/> <Node id="914"/> <Node id="915"/> <Node id="916"/> <Node id="917"/> <Node id="918"/> <Node id="919"/> <Node id="920"/> <Node id="921"/> <Node id="922"/> <Node id="923"/> <Node id="924"/> <Node id="925"/> <Node id="926"/> <Node id="927"/> <Node id="928"/> <Node id="929"/> <Node id="930"/> <Node id="931"/> <Node id="932"/> <Node id="933"/> <Node id="934"/> <Node id="935"/> <Node id="936"/> <Node id="937"/> <Node id="938"/> <Node id="939"/> <Node id="940"/> <Node id="941"/> <Node id="942"/> <Node id="943"/> <Node id="944"/> <Node id="945"/> <Node id="946"/> <Node id="947"/> <Node id="948"/> <Node id="949"/> <Node id="950"/> <Node id="951"/> <Node id="952"/>
<Node id="953"/>-<Node id="954"/>-<Node id="955"/>-<Node id="956"/>-<Node id="957"/>
<Node id="958"/>The<Node id="961"/> <Node id="962"/>Ozone<Node id="967"/> <Node id="968"/>Hole<Node id="972"/> <Node id="973"/>BBS<Node id="976"/> <Node id="977"/>*<Node id="978"/> <Node id="979"/>A<Node id="980"/> <Node id="981"/>Private<Node id="988"/> <Node id="989"/>Bulletin<Node id="997"/> <Node id="998"/>Board<Node id="1003"/> <Node id="1004"/>Service<Node id="1011"/> <Node id="1012"/>*<Node id="1013"/> <Node id="1014"/>(<Node id="1015"/>504<Node id="1018"/>)<Node id="1019"/>891<Node id="1022"/>-<Node id="1023"/>3142<Node id="1027"/>
<Node id="1028"/>3<Node id="1029"/> <Node id="1030"/>Full<Node id="1034"/> <Node id="1035"/>Service<Node id="1042"/> <Node id="1043"/>Nodes<Node id="1048"/> <Node id="1049"/>*<Node id="1050"/> <Node id="1051"/>USRobotics<Node id="1061"/> <Node id="1062"/>16<Node id="1064"/>.<Node id="1065"/>8<Node id="1066"/>K<Node id="1067"/> <Node id="1068"/>bps<Node id="1071"/> <Node id="1072"/>*<Node id="1073"/> <Node id="1074"/>10<Node id="1076"/> <Node id="1077"/>Gigs<Node id="1081"/> <Node id="1082"/>*<Node id="1083"/> <Node id="1084"/>100<Node id="1087"/>,<Node id="1088"/>000<Node id="1091"/> <Node id="1092"/>Files<Node id="1097"/>
<Node id="1098"/>SKYDIVE<Node id="1105"/> <Node id="1106"/>New<Node id="1109"/> <Node id="1110"/>Orleans<Node id="1117"/>!<Node id="1118"/> <Node id="1119"/>*<Node id="1120"/> <Node id="1121"/>RIME<Node id="1125"/> <Node id="1126"/>Network<Node id="1133"/> <Node id="1134"/>Mail<Node id="1138"/> <Node id="1139"/>HUB<Node id="1142"/> <Node id="1143"/>*<Node id="1144"/> <Node id="1145"/>500<Node id="1148"/>+<Node id="1149"/> <Node id="1150"/>Usenet<Node id="1156"/> <Node id="1157"/>Newsgroups<Node id="1167"/>
<Node id="1168"/>Please<Node id="1174"/> <Node id="1175"/>route<Node id="1180"/> <Node id="1181"/>all<Node id="1184"/> <Node id="1185"/>questions<Node id="1194"/> <Node id="1195"/>or<Node id="1197"/> <Node id="1198"/>inquiries<Node id="1207"/> <Node id="1208"/>to<Node id="1210"/>:<Node id="1211"/> <Node id="1212"/> <Node id="1213"/>postmaster<Node id="1223"/>@<Node id="1224"/>ozonehole<Node id="1233"/>.<Node id="1234"/>com<Node id="1237"/>
<Node id="1238"/></TextWithNodes>
<!-- The default annotation set -->

<AnnotationSet>
<Annotation EndNode="1238" StartNode="0" Type="Mention" Id="9999999">
<Feature>
<Name classname="java.lang.String">Class</Name>
<Value classname="java.lang.String">0</Value>
</Feature>
</Annotation>

<Annotation Id="3" Type="Token" StartNode="6" EndNode="13">
<Feature>
  <Name className="java.lang.String">string</Name>
  <Value className="java.lang.String">anthony</Value>
</Feature>
</Annotation>
<Annotation Id="5" Type="Token" StartNode="14" EndNode="24">
<Feature>
  <Name className="java.lang.String">string</Name>
  <Value className="java.lang.String">landreneau</Value>
</Feature>
</Annotation>
<Annotation Id="7" Type="Token" StartNode="25" EndNode="34">
<Feature>
  <Name className="java.lang.String">string</Name>
  <Value className="java.lang.String">ozonehole</Value>
</Feature>
</Annotation>
<Annotation Id="12" Type="Token" StartNode="40" EndNode="47">
<Feature>
  <Name className="java.lang.String">string</Name>
  <Value className="java.lang.String">Anthony</Value>
</Feature>
</Annotation>
<Annotation Id="14" Type="Token" StartNode="48" EndNode="58">
<Feature>
  <Name className="java.lang.String">string</Name>
  <Value className="java.lang.String">Landreneau</Value>
</Feature>
</Annotation>
<Annotation Id="17" Type="Token" StartNode="60" EndNode="68">
<Feature>
  <Name className="java.lang.String">string</Name>
  <Value className="java.lang.String">Message-</Value>
</Feature>
</Annotation>
<Annotation Id="28" Type="Token" StartNode="89" EndNode="98">
<Feature>
  <Name className="java.lang.String">string</Name>
  <Value className="java.lang.String">ozonehole</Value>
</Feature>
</Annotation>
<Annotation Id="50" Type="Token" StartNode="133" EndNode="139">
<Feature>
  <Name className="java.lang.String">string</Name>
  <Value className="java.lang.String">Reply-</Value>
</Feature>
</Annotation>
<Annotation Id="54" Type="Token" StartNode="143" EndNode="150">
<Feature>
  <Name className="java.lang.String">string</Name>
  <Value className="java.lang.String">anthony</Value>
</Feature>
</Annotation>
<Annotation Id="58" Type="Token" StartNode="162" EndNode="171">
<Feature>
  <Name className="java.lang.String">string</Name>
  <Value className="java.lang.String">ozonehole</Value>
</Feature>
</Annotation>
<Annotation Id="56" Type="Token" StartNode="151" EndNode="161">
<Feature>
  <Name className="java.lang.String">string</Name>
  <Value className="java.lang.String">landreneau</Value>
</Feature>
</Annotation>
<Annotation Id="63" Type="Token" StartNode="177" EndNode="184">
<Feature>
  <Name className="java.lang.String">string</Name>
  <Value className="java.lang.String">Anthony</Value>
</Feature>
</Annotation>
<Annotation Id="68" Type="Token" StartNode="197" EndNode="209">
<Feature>
  <Name className="java.lang.String">string</Name>
  <Value className="java.lang.String">Organization</Value>
</Feature>
</Annotation>
<Annotation Id="65" Type="Token" StartNode="185" EndNode="195">
<Feature>
  <Name className="java.lang.String">string</Name>
  <Value className="java.lang.String">Landreneau</Value>
</Feature>
</Annotation>
<Annotation Id="73" Type="Token" StartNode="217" EndNode="223">
<Feature>
  <Name className="java.lang.String">string</Name>
  <Value className="java.lang.String">Online</Value>
</Feature>
</Annotation>
<Annotation Id="75" Type="Token" StartNode="224" EndNode="234">
<Feature>
  <Name className="java.lang.String">string</Name>
  <Value className="java.lang.String">Operations</Value>
</Feature>
</Annotation>
<Annotation Id="85" Type="Token" StartNode="247" EndNode="254">
<Feature>
  <Name className="java.lang.String">string</Name>
  <Value className="java.lang.String">Orleans</Value>
</Feature>
</Annotation>
<Annotation Id="101" Type="Token" StartNode="282" EndNode="288">
<Feature>
  <Name className="java.lang.String">string</Name>
  <Value className="java.lang.String">watson</Value>
</Feature>
</Annotation>
<Annotation Id="99" Type="Token" StartNode="274" EndNode="281">
<Feature>
  <Name className="java.lang.String">string</Name>
  <Value className="java.lang.String">margoli</Value>
</Feature>
</Annotation>
<Annotation Id="110" Type="Token" StartNode="304" EndNode="312">
<Feature>
  <Name className="java.lang.String">string</Name>
  <Value className="java.lang.String">Margolis</Value>
</Feature>
</Annotation>
<Annotation Id="118" Type="Token" StartNode="328" EndNode="338">
<Feature>
  <Name className="java.lang.String">string</Name>
  <Value className="java.lang.String">landreneau</Value>
</Feature>
</Annotation>
<Annotation Id="116" Type="Token" StartNode="320" EndNode="327">
<Feature>
  <Name className="java.lang.String">string</Name>
  <Value className="java.lang.String">anthony</Value>
</Feature>
</Annotation>
<Annotation Id="120" Type="Token" StartNode="339" EndNode="348">
<Feature>
  <Name className="java.lang.String">string</Name>
  <Value className="java.lang.String">ozonehole</Value>
</Feature>
</Annotation>
<Annotation Id="138" Type="Token" StartNode="375" EndNode="381">
<Feature>
  <Name className="java.lang.String">string</Name>
  <Value className="java.lang.String">passed</Value>
</Feature>
</Annotation>
<Annotation Id="145" Type="Token" StartNode="392" EndNode="399">
<Feature>
  <Name className="java.lang.String">string</Name>
  <Value className="java.lang.String">nothing</Value>
</Feature>
</Annotation>
<Annotation Id="175" Type="Token" StartNode="454" EndNode="461">
<Feature>
  <Name className="java.lang.String">string</Name>
  <Value className="java.lang.String">forcing</Value>
</Feature>
</Annotation>
<Annotation Id="185" Type="Token" StartNode="485" EndNode="494">
<Feature>
  <Name className="java.lang.String">string</Name>
  <Value className="java.lang.String">continues</Value>
</Feature>
</Annotation>
<Annotation Id="189" Type="Token" StartNode="499" EndNode="508">
<Feature>
  <Name className="java.lang.String">string</Name>
  <Value className="java.lang.String">violation</Value>
</Feature>
</Annotation>
<Annotation Id="183" Type="Token" StartNode="476" EndNode="484">
<Feature>
  <Name className="java.lang.String">string</Name>
  <Value className="java.lang.String">pregnant</Value>
</Feature>
</Annotation>
<Annotation Id="181" Type="Token" StartNode="469" EndNode="475">
<Feature>
  <Name className="java.lang.String">string</Name>
  <Value className="java.lang.String">remain</Value>
</Feature>
</Annotation>
<Annotation Id="204" Type="Token" StartNode="532" EndNode="539">
<Feature>
  <Name className="java.lang.String">string</Name>
  <Value className="java.lang.String">another</Value>
</Feature>
</Annotation>
<Annotation Id="222" Type="Token" StartNode="571" EndNode="583">
<Feature>
  <Name className="java.lang.String">string</Name>
  <Value className="java.lang.String">unbelievably</Value>
</Feature>
</Annotation>
<Annotation Id="208" Type="Token" StartNode="542" EndNode="548">
<Feature>
  <Name className="java.lang.String">string</Name>
  <Value className="java.lang.String">months</Value>
</Feature>
</Annotation>
<Annotation Id="254" Type="Token" StartNode="643" EndNode="650">
<Feature>
  <Name className="java.lang.String">string</Name>
  <Value className="java.lang.String">someone</Value>
</Feature>
</Annotation>
<Annotation Id="252" Type="Token" StartNode="635" EndNode="642">
<Feature>
  <Name className="java.lang.String">string</Name>
  <Value className="java.lang.String">forcing</Value>
</Feature>
</Annotation>
<Annotation Id="243" Type="Token" StartNode="615" EndNode="624">
<Feature>
  <Name className="java.lang.String">string</Name>
  <Value className="java.lang.String">violation</Value>
</Feature>
</Annotation>
<Annotation Id="276" Type="Token" StartNode="692" EndNode="701">
<Feature>
  <Name className="java.lang.String">string</Name>
  <Value className="java.lang.String">violation</Value>
</Feature>
</Annotation>
<Annotation Id="280" Type="Token" StartNode="704" EndNode="711">
<Feature>
  <Name className="java.lang.String">string</Name>
  <Value className="java.lang.String">Letting</Value>
</Feature>
</Annotation>
<Annotation Id="284" Type="Token" StartNode="714" EndNode="720">
<Feature>
  <Name className="java.lang.String">string</Name>
  <Value className="java.lang.String">mother</Value>
</Feature>
</Annotation>
<Annotation Id="258" Type="Token" StartNode="654" EndNode="660">
<Feature>
  <Name className="java.lang.String">string</Name>
  <Value className="java.lang.String">harbor</Value>
</Feature>
</Annotation>
<Annotation Id="309" Type="Token" StartNode="771" EndNode="777">
<Feature>
  <Name className="java.lang.String">string</Name>
  <Value className="java.lang.String">childs</Value>
</Feature>
</Annotation>
<Annotation Id="317" Type="Token" StartNode="790" EndNode="798">
<Feature>
  <Name className="java.lang.String">string</Name>
  <Value className="java.lang.String">ultimate</Value>
</Feature>
</Annotation>
<Annotation Id="319" Type="Token" StartNode="799" EndNode="808">
<Feature>
  <Name className="java.lang.String">string</Name>
  <Value className="java.lang.String">violation</Value>
</Feature>
</Annotation>
<Annotation Id="341" Type="Token" StartNode="829" EndNode="836">
<Feature>
  <Name className="java.lang.String">string</Name>
  <Value className="java.lang.String">Anthony</Value>
</Feature>
</Annotation>
<Annotation Id="367" Type="Token" StartNode="885" EndNode="893">
<Feature>
  <Name className="java.lang.String">string</Name>
  <Value className="java.lang.String">Democrat</Value>
</Feature>
</Annotation>
<Annotation Id="361" Type="Token" StartNode="863" EndNode="873">
<Feature>
  <Name className="java.lang.String">string</Name>
  <Value className="java.lang.String">Differance</Value>
</Feature>
</Annotation>
<Annotation Id="363" Type="Token" StartNode="874" EndNode="881">
<Feature>
  <Name className="java.lang.String">string</Name>
  <Value className="java.lang.String">Between</Value>
</Feature>
</Annotation>
<Annotation Id="445" Type="Token" StartNode="981" EndNode="988">
<Feature>
  <Name className="java.lang.String">string</Name>
  <Value className="java.lang.String">Private</Value>
</Feature>
</Annotation>
<Annotation Id="447" Type="Token" StartNode="989" EndNode="997">
<Feature>
  <Name className="java.lang.String">string</Name>
  <Value className="java.lang.String">Bulletin</Value>
</Feature>
</Annotation>
<Annotation Id="472" Type="Token" StartNode="1051" EndNode="1061">
<Feature>
  <Name className="java.lang.String">string</Name>
  <Value className="java.lang.String">USRobotics</Value>
</Feature>
</Annotation>
<Annotation Id="466" Type="Token" StartNode="1035" EndNode="1042">
<Feature>
  <Name className="java.lang.String">string</Name>
  <Value className="java.lang.String">Service</Value>
</Feature>
</Annotation>
<Annotation Id="451" Type="Token" StartNode="1004" EndNode="1011">
<Feature>
  <Name className="java.lang.String">string</Name>
  <Value className="java.lang.String">Service</Value>
</Feature>
</Annotation>
<Annotation Id="506" Type="Token" StartNode="1126" EndNode="1133">
<Feature>
  <Name className="java.lang.String">string</Name>
  <Value className="java.lang.String">Network</Value>
</Feature>
</Annotation>
<Annotation Id="499" Type="Token" StartNode="1110" EndNode="1117">
<Feature>
  <Name className="java.lang.String">string</Name>
  <Value className="java.lang.String">Orleans</Value>
</Feature>
</Annotation>
<Annotation Id="495" Type="Token" StartNode="1098" EndNode="1105">
<Feature>
  <Name className="java.lang.String">string</Name>
  <Value className="java.lang.String">SKYDIVE</Value>
</Feature>
</Annotation>
<Annotation Id="517" Type="Token" StartNode="1150" EndNode="1156">
<Feature>
  <Name className="java.lang.String">string</Name>
  <Value className="java.lang.String">Usenet</Value>
</Feature>
</Annotation>
<Annotation Id="519" Type="Token" StartNode="1157" EndNode="1167">
<Feature>
  <Name className="java.lang.String">string</Name>
  <Value className="java.lang.String">Newsgroups</Value>
</Feature>
</Annotation>
<Annotation Id="527" Type="Token" StartNode="1185" EndNode="1194">
<Feature>
  <Name className="java.lang.String">string</Name>
  <Value className="java.lang.String">questions</Value>
</Feature>
</Annotation>
<Annotation Id="521" Type="Token" StartNode="1168" EndNode="1174">
<Feature>
  <Name className="java.lang.String">string</Name>
  <Value className="java.lang.String">Please</Value>
</Feature>
</Annotation>
<Annotation Id="531" Type="Token" StartNode="1198" EndNode="1207">
<Feature>
  <Name className="java.lang.String">string</Name>
  <Value className="java.lang.String">inquiries</Value>
</Feature>
</Annotation>
<Annotation Id="537" Type="Token" StartNode="1213" EndNode="1223">
<Feature>
  <Name className="java.lang.String">string</Name>
  <Value className="java.lang.String">postmaster</Value>
</Feature>
</Annotation>
<Annotation Id="539" Type="Token" StartNode="1224" EndNode="1233">
<Feature>
  <Name className="java.lang.String">string</Name>
  <Value className="java.lang.String">ozonehole</Value>
</Feature>
</Annotation>
</AnnotationSet>
<AnnotationSet Name="Original markups"> </AnnotationSet>
</GateDocument>