<?xml version='1.0' encoding='UTF-8'?>
<GateDocument version="3">
<!-- The document's features-->

<GateDocumentFeatures>
<Feature>
  <Name className="java.lang.String">Original_document_content_on_load</Name>
  <Value className="java.lang.String"><![CDATA[From: emarsh@hernes-sun.Eng.Sun.COM (Eric Marsh)
Date: 16 Apr 1993 17:19:48 GMT
Organization: Sun
Lines: 36
Message-ID: <lstqlkINN5ud@exodus.Eng.Sun.COM>
References: <1qj9gq$mg7@horus.ap.mchp.sni.de> <rayC5JAK7.D7E@netcom.com> <1qkhju$43c@horus.ap.mchp.sni.de>
NNTP-Posting-Host: hernes-sun

In article <1qkhju$43c@horus.ap.mchp.sni.de> frank@D012S658.uucp (Frank O'Dwyer) writes:
>In article <rayC5JAK7.D7E@netcom.com> ray@netcom.com (Ray Fischer) writes:
>#frank@D012S658.uucp (Frank O'Dwyer) writes ...
>#>Plus questions for you:  why do subjectivists/relativists/nihilists get so 
>#>het up about the idea that relativism is *better* than objectivism? 
>#
>#To the degree that relativism is a more accurate decription of the
>#truth than is objectivism, it provides more power and ability to
>#control events.

>I think you lose the right to talk about THE truth once you say values are
>relative.   Accuracy is a value judgement, too.  It so happens I agree with 
>the substance of what you say below, but it's clear to me that at least 
>*some* values are objective.  Truth is better than falsehood, peace is
>better than war, education is better than ignorance.  We know these things,
>if we know anything.

And what is "better?" Better is a subjective value judgement.

I tell you a lie, and as a result you give me all your millions of dollars
of assets and move to India. From my perspective, falsehood was a 
substantially "better" than telling the truth. (How do you think a
log of gurus make a living?)

I attack your country in war, kill everyone and take your rich
natural resources. Before I did this, I was living in poverty.
Looks to me like war was much "better" than peace.

I see no need to go any further. Once you address this little issue
of "betterness" being non-relativistic we can continue.

>-- 
>Frank O'Dwyer                                  'I'm not hatching That'
>odwyer@sse.ie                                  from "Hens",  by Evelyn Conlon

eric
]]></Value>
</Feature>
<Feature>
  <Name className="java.lang.String">gate.SourceURL</Name>
  <Value className="java.lang.String">file:/C:/Users/jian/Documents/NetBeansProjects/NoiseReductionTechniques/mideastPoliticsMix/negative1233</Value>
</Feature>
</GateDocumentFeatures>
<!-- The document content area with serialized nodes -->

<TextWithNodes><Node id="0"/>From<Node id="4"/>:<Node id="5"/> <Node id="6"/>emarsh<Node id="12"/>@<Node id="13"/>hernes-sun<Node id="23"/>.<Node id="24"/>Eng<Node id="27"/>.<Node id="28"/>Sun<Node id="31"/>.<Node id="32"/>COM<Node id="35"/> <Node id="36"/>(<Node id="37"/>Eric<Node id="41"/> <Node id="42"/>Marsh<Node id="47"/>)<Node id="48"/>
<Node id="49"/>Date<Node id="53"/>:<Node id="54"/> <Node id="55"/>16<Node id="57"/> <Node id="58"/>Apr<Node id="61"/> <Node id="62"/>1993<Node id="66"/> <Node id="67"/>17<Node id="69"/>:<Node id="70"/>19<Node id="72"/>:<Node id="73"/>48<Node id="75"/> <Node id="76"/>GMT<Node id="79"/>
<Node id="80"/>Organization<Node id="92"/>:<Node id="93"/> <Node id="94"/>Sun<Node id="97"/>
<Node id="98"/>Lines<Node id="103"/>:<Node id="104"/> <Node id="105"/>36<Node id="107"/>
<Node id="108"/>Message-<Node id="116"/>ID<Node id="118"/>:<Node id="119"/> <Node id="120"/>&lt;<Node id="121"/>lstqlkINN<Node id="130"/>5<Node id="131"/>ud<Node id="133"/>@<Node id="134"/>exodus<Node id="140"/>.<Node id="141"/>Eng<Node id="144"/>.<Node id="145"/>Sun<Node id="148"/>.<Node id="149"/>COM<Node id="152"/>&gt;<Node id="153"/>
<Node id="154"/>References<Node id="164"/>:<Node id="165"/> <Node id="166"/>&lt;<Node id="167"/>1<Node id="168"/>qj<Node id="170"/>9<Node id="171"/>gq<Node id="173"/>$<Node id="174"/>mg<Node id="176"/>7<Node id="177"/>@<Node id="178"/>horus<Node id="183"/>.<Node id="184"/>ap<Node id="186"/>.<Node id="187"/>mchp<Node id="191"/>.<Node id="192"/>sni<Node id="195"/>.<Node id="196"/>de<Node id="198"/>&gt;<Node id="199"/> <Node id="200"/>&lt;<Node id="201"/>rayC<Node id="205"/>5<Node id="206"/>JAK<Node id="209"/>7<Node id="210"/>.<Node id="211"/>D<Node id="212"/>7<Node id="213"/>E<Node id="214"/>@<Node id="215"/>netcom<Node id="221"/>.<Node id="222"/>com<Node id="225"/>&gt;<Node id="226"/> <Node id="227"/>&lt;<Node id="228"/>1<Node id="229"/>qkhju<Node id="234"/>$<Node id="235"/>43<Node id="237"/>c<Node id="238"/>@<Node id="239"/>horus<Node id="244"/>.<Node id="245"/>ap<Node id="247"/>.<Node id="248"/>mchp<Node id="252"/>.<Node id="253"/>sni<Node id="256"/>.<Node id="257"/>de<Node id="259"/>&gt;<Node id="260"/>
<Node id="261"/>NNTP-Posting-Host<Node id="278"/>:<Node id="279"/> <Node id="280"/>hernes-sun<Node id="290"/>
<Node id="291"/>
<Node id="292"/>In<Node id="294"/> <Node id="295"/>article<Node id="302"/> <Node id="303"/>&lt;<Node id="304"/>1<Node id="305"/>qkhju<Node id="310"/>$<Node id="311"/>43<Node id="313"/>c<Node id="314"/>@<Node id="315"/>horus<Node id="320"/>.<Node id="321"/>ap<Node id="323"/>.<Node id="324"/>mchp<Node id="328"/>.<Node id="329"/>sni<Node id="332"/>.<Node id="333"/>de<Node id="335"/>&gt;<Node id="336"/> <Node id="337"/>frank<Node id="342"/>@<Node id="343"/>D<Node id="344"/>012<Node id="347"/>S<Node id="348"/>658<Node id="351"/>.<Node id="352"/>uucp<Node id="356"/> <Node id="357"/>(<Node id="358"/>Frank<Node id="363"/> <Node id="364"/>O<Node id="365"/>'<Node id="366"/>Dwyer<Node id="371"/>)<Node id="372"/> <Node id="373"/>writes<Node id="379"/>:<Node id="380"/>
<Node id="381"/>&gt;<Node id="382"/>In<Node id="384"/> <Node id="385"/>article<Node id="392"/> <Node id="393"/>&lt;<Node id="394"/>rayC<Node id="398"/>5<Node id="399"/>JAK<Node id="402"/>7<Node id="403"/>.<Node id="404"/>D<Node id="405"/>7<Node id="406"/>E<Node id="407"/>@<Node id="408"/>netcom<Node id="414"/>.<Node id="415"/>com<Node id="418"/>&gt;<Node id="419"/> <Node id="420"/>ray<Node id="423"/>@<Node id="424"/>netcom<Node id="430"/>.<Node id="431"/>com<Node id="434"/> <Node id="435"/>(<Node id="436"/>Ray<Node id="439"/> <Node id="440"/>Fischer<Node id="447"/>)<Node id="448"/> <Node id="449"/>writes<Node id="455"/>:<Node id="456"/>
<Node id="457"/>&gt;<Node id="458"/>#<Node id="459"/>frank<Node id="464"/>@<Node id="465"/>D<Node id="466"/>012<Node id="469"/>S<Node id="470"/>658<Node id="473"/>.<Node id="474"/>uucp<Node id="478"/> <Node id="479"/>(<Node id="480"/>Frank<Node id="485"/> <Node id="486"/>O<Node id="487"/>'<Node id="488"/>Dwyer<Node id="493"/>)<Node id="494"/> <Node id="495"/>writes<Node id="501"/> <Node id="502"/>.<Node id="503"/>.<Node id="504"/>.<Node id="505"/>
<Node id="506"/>&gt;<Node id="507"/>#<Node id="508"/>&gt;<Node id="509"/>Plus<Node id="513"/> <Node id="514"/>questions<Node id="523"/> <Node id="524"/>for<Node id="527"/> <Node id="528"/>you<Node id="531"/>:<Node id="532"/> <Node id="533"/> <Node id="534"/>why<Node id="537"/> <Node id="538"/>do<Node id="540"/> <Node id="541"/>subjectivists<Node id="554"/>/<Node id="555"/>relativists<Node id="566"/>/<Node id="567"/>nihilists<Node id="576"/> <Node id="577"/>get<Node id="580"/> <Node id="581"/>so<Node id="583"/> <Node id="584"/>
<Node id="585"/>&gt;<Node id="586"/>#<Node id="587"/>&gt;<Node id="588"/>het<Node id="591"/> <Node id="592"/>up<Node id="594"/> <Node id="595"/>about<Node id="600"/> <Node id="601"/>the<Node id="604"/> <Node id="605"/>idea<Node id="609"/> <Node id="610"/>that<Node id="614"/> <Node id="615"/>relativism<Node id="625"/> <Node id="626"/>is<Node id="628"/> <Node id="629"/>*<Node id="630"/>better<Node id="636"/>*<Node id="637"/> <Node id="638"/>than<Node id="642"/> <Node id="643"/>objectivism<Node id="654"/>?<Node id="655"/> <Node id="656"/>
<Node id="657"/>&gt;<Node id="658"/>#<Node id="659"/>
<Node id="660"/>&gt;<Node id="661"/>#<Node id="662"/>To<Node id="664"/> <Node id="665"/>the<Node id="668"/> <Node id="669"/>degree<Node id="675"/> <Node id="676"/>that<Node id="680"/> <Node id="681"/>relativism<Node id="691"/> <Node id="692"/>is<Node id="694"/> <Node id="695"/>a<Node id="696"/> <Node id="697"/>more<Node id="701"/> <Node id="702"/>accurate<Node id="710"/> <Node id="711"/>decription<Node id="721"/> <Node id="722"/>of<Node id="724"/> <Node id="725"/>the<Node id="728"/>
<Node id="729"/>&gt;<Node id="730"/>#<Node id="731"/>truth<Node id="736"/> <Node id="737"/>than<Node id="741"/> <Node id="742"/>is<Node id="744"/> <Node id="745"/>objectivism<Node id="756"/>,<Node id="757"/> <Node id="758"/>it<Node id="760"/> <Node id="761"/>provides<Node id="769"/> <Node id="770"/>more<Node id="774"/> <Node id="775"/>power<Node id="780"/> <Node id="781"/>and<Node id="784"/> <Node id="785"/>ability<Node id="792"/> <Node id="793"/>to<Node id="795"/>
<Node id="796"/>&gt;<Node id="797"/>#<Node id="798"/>control<Node id="805"/> <Node id="806"/>events<Node id="812"/>.<Node id="813"/>
<Node id="814"/>
<Node id="815"/>&gt;<Node id="816"/>I<Node id="817"/> <Node id="818"/>think<Node id="823"/> <Node id="824"/>you<Node id="827"/> <Node id="828"/>lose<Node id="832"/> <Node id="833"/>the<Node id="836"/> <Node id="837"/>right<Node id="842"/> <Node id="843"/>to<Node id="845"/> <Node id="846"/>talk<Node id="850"/> <Node id="851"/>about<Node id="856"/> <Node id="857"/>THE<Node id="860"/> <Node id="861"/>truth<Node id="866"/> <Node id="867"/>once<Node id="871"/> <Node id="872"/>you<Node id="875"/> <Node id="876"/>say<Node id="879"/> <Node id="880"/>values<Node id="886"/> <Node id="887"/>are<Node id="890"/>
<Node id="891"/>&gt;<Node id="892"/>relative<Node id="900"/>.<Node id="901"/> <Node id="902"/> <Node id="903"/> <Node id="904"/>Accuracy<Node id="912"/> <Node id="913"/>is<Node id="915"/> <Node id="916"/>a<Node id="917"/> <Node id="918"/>value<Node id="923"/> <Node id="924"/>judgement<Node id="933"/>,<Node id="934"/> <Node id="935"/>too<Node id="938"/>.<Node id="939"/> <Node id="940"/> <Node id="941"/>It<Node id="943"/> <Node id="944"/>so<Node id="946"/> <Node id="947"/>happens<Node id="954"/> <Node id="955"/>I<Node id="956"/> <Node id="957"/>agree<Node id="962"/> <Node id="963"/>with<Node id="967"/> <Node id="968"/>
<Node id="969"/>&gt;<Node id="970"/>the<Node id="973"/> <Node id="974"/>substance<Node id="983"/> <Node id="984"/>of<Node id="986"/> <Node id="987"/>what<Node id="991"/> <Node id="992"/>you<Node id="995"/> <Node id="996"/>say<Node id="999"/> <Node id="1000"/>below<Node id="1005"/>,<Node id="1006"/> <Node id="1007"/>but<Node id="1010"/> <Node id="1011"/>it<Node id="1013"/>'s<Node id="1015"/> <Node id="1016"/>clear<Node id="1021"/> <Node id="1022"/>to<Node id="1024"/> <Node id="1025"/>me<Node id="1027"/> <Node id="1028"/>that<Node id="1032"/> <Node id="1033"/>at<Node id="1035"/> <Node id="1036"/>least<Node id="1041"/> <Node id="1042"/>
<Node id="1043"/>&gt;<Node id="1044"/>*<Node id="1045"/>some<Node id="1049"/>*<Node id="1050"/> <Node id="1051"/>values<Node id="1057"/> <Node id="1058"/>are<Node id="1061"/> <Node id="1062"/>objective<Node id="1071"/>.<Node id="1072"/> <Node id="1073"/> <Node id="1074"/>Truth<Node id="1079"/> <Node id="1080"/>is<Node id="1082"/> <Node id="1083"/>better<Node id="1089"/> <Node id="1090"/>than<Node id="1094"/> <Node id="1095"/>falsehood<Node id="1104"/>,<Node id="1105"/> <Node id="1106"/>peace<Node id="1111"/> <Node id="1112"/>is<Node id="1114"/>
<Node id="1115"/>&gt;<Node id="1116"/>better<Node id="1122"/> <Node id="1123"/>than<Node id="1127"/> <Node id="1128"/>war<Node id="1131"/>,<Node id="1132"/> <Node id="1133"/>education<Node id="1142"/> <Node id="1143"/>is<Node id="1145"/> <Node id="1146"/>better<Node id="1152"/> <Node id="1153"/>than<Node id="1157"/> <Node id="1158"/>ignorance<Node id="1167"/>.<Node id="1168"/> <Node id="1169"/> <Node id="1170"/>We<Node id="1172"/> <Node id="1173"/>know<Node id="1177"/> <Node id="1178"/>these<Node id="1183"/> <Node id="1184"/>things<Node id="1190"/>,<Node id="1191"/>
<Node id="1192"/>&gt;<Node id="1193"/>if<Node id="1195"/> <Node id="1196"/>we<Node id="1198"/> <Node id="1199"/>know<Node id="1203"/> <Node id="1204"/>anything<Node id="1212"/>.<Node id="1213"/>
<Node id="1214"/>
<Node id="1215"/>And<Node id="1218"/> <Node id="1219"/>what<Node id="1223"/> <Node id="1224"/>is<Node id="1226"/> <Node id="1227"/>"<Node id="1228"/>better<Node id="1234"/>?<Node id="1235"/>"<Node id="1236"/> <Node id="1237"/>Better<Node id="1243"/> <Node id="1244"/>is<Node id="1246"/> <Node id="1247"/>a<Node id="1248"/> <Node id="1249"/>subjective<Node id="1259"/> <Node id="1260"/>value<Node id="1265"/> <Node id="1266"/>judgement<Node id="1275"/>.<Node id="1276"/>
<Node id="1277"/>
<Node id="1278"/>I<Node id="1279"/> <Node id="1280"/>tell<Node id="1284"/> <Node id="1285"/>you<Node id="1288"/> <Node id="1289"/>a<Node id="1290"/> <Node id="1291"/>lie<Node id="1294"/>,<Node id="1295"/> <Node id="1296"/>and<Node id="1299"/> <Node id="1300"/>as<Node id="1302"/> <Node id="1303"/>a<Node id="1304"/> <Node id="1305"/>result<Node id="1311"/> <Node id="1312"/>you<Node id="1315"/> <Node id="1316"/>give<Node id="1320"/> <Node id="1321"/>me<Node id="1323"/> <Node id="1324"/>all<Node id="1327"/> <Node id="1328"/>your<Node id="1332"/> <Node id="1333"/>millions<Node id="1341"/> <Node id="1342"/>of<Node id="1344"/> <Node id="1345"/>dollars<Node id="1352"/>
<Node id="1353"/>of<Node id="1355"/> <Node id="1356"/>assets<Node id="1362"/> <Node id="1363"/>and<Node id="1366"/> <Node id="1367"/>move<Node id="1371"/> <Node id="1372"/>to<Node id="1374"/> <Node id="1375"/>India<Node id="1380"/>.<Node id="1381"/> <Node id="1382"/>From<Node id="1386"/> <Node id="1387"/>my<Node id="1389"/> <Node id="1390"/>perspective<Node id="1401"/>,<Node id="1402"/> <Node id="1403"/>falsehood<Node id="1412"/> <Node id="1413"/>was<Node id="1416"/> <Node id="1417"/>a<Node id="1418"/> <Node id="1419"/>
<Node id="1420"/>substantially<Node id="1433"/> <Node id="1434"/>"<Node id="1435"/>better<Node id="1441"/>"<Node id="1442"/> <Node id="1443"/>than<Node id="1447"/> <Node id="1448"/>telling<Node id="1455"/> <Node id="1456"/>the<Node id="1459"/> <Node id="1460"/>truth<Node id="1465"/>.<Node id="1466"/> <Node id="1467"/>(<Node id="1468"/>How<Node id="1471"/> <Node id="1472"/>do<Node id="1474"/> <Node id="1475"/>you<Node id="1478"/> <Node id="1479"/>think<Node id="1484"/> <Node id="1485"/>a<Node id="1486"/>
<Node id="1487"/>log<Node id="1490"/> <Node id="1491"/>of<Node id="1493"/> <Node id="1494"/>gurus<Node id="1499"/> <Node id="1500"/>make<Node id="1504"/> <Node id="1505"/>a<Node id="1506"/> <Node id="1507"/>living<Node id="1513"/>?<Node id="1514"/>)<Node id="1515"/>
<Node id="1516"/>
<Node id="1517"/>I<Node id="1518"/> <Node id="1519"/>attack<Node id="1525"/> <Node id="1526"/>your<Node id="1530"/> <Node id="1531"/>country<Node id="1538"/> <Node id="1539"/>in<Node id="1541"/> <Node id="1542"/>war<Node id="1545"/>,<Node id="1546"/> <Node id="1547"/>kill<Node id="1551"/> <Node id="1552"/>everyone<Node id="1560"/> <Node id="1561"/>and<Node id="1564"/> <Node id="1565"/>take<Node id="1569"/> <Node id="1570"/>your<Node id="1574"/> <Node id="1575"/>rich<Node id="1579"/>
<Node id="1580"/>natural<Node id="1587"/> <Node id="1588"/>resources<Node id="1597"/>.<Node id="1598"/> <Node id="1599"/>Before<Node id="1605"/> <Node id="1606"/>I<Node id="1607"/> <Node id="1608"/>did<Node id="1611"/> <Node id="1612"/>this<Node id="1616"/>,<Node id="1617"/> <Node id="1618"/>I<Node id="1619"/> <Node id="1620"/>was<Node id="1623"/> <Node id="1624"/>living<Node id="1630"/> <Node id="1631"/>in<Node id="1633"/> <Node id="1634"/>poverty<Node id="1641"/>.<Node id="1642"/>
<Node id="1643"/>Looks<Node id="1648"/> <Node id="1649"/>to<Node id="1651"/> <Node id="1652"/>me<Node id="1654"/> <Node id="1655"/>like<Node id="1659"/> <Node id="1660"/>war<Node id="1663"/> <Node id="1664"/>was<Node id="1667"/> <Node id="1668"/>much<Node id="1672"/> <Node id="1673"/>"<Node id="1674"/>better<Node id="1680"/>"<Node id="1681"/> <Node id="1682"/>than<Node id="1686"/> <Node id="1687"/>peace<Node id="1692"/>.<Node id="1693"/>
<Node id="1694"/>
<Node id="1695"/>I<Node id="1696"/> <Node id="1697"/>see<Node id="1700"/> <Node id="1701"/>no<Node id="1703"/> <Node id="1704"/>need<Node id="1708"/> <Node id="1709"/>to<Node id="1711"/> <Node id="1712"/>go<Node id="1714"/> <Node id="1715"/>any<Node id="1718"/> <Node id="1719"/>further<Node id="1726"/>.<Node id="1727"/> <Node id="1728"/>Once<Node id="1732"/> <Node id="1733"/>you<Node id="1736"/> <Node id="1737"/>address<Node id="1744"/> <Node id="1745"/>this<Node id="1749"/> <Node id="1750"/>little<Node id="1756"/> <Node id="1757"/>issue<Node id="1762"/>
<Node id="1763"/>of<Node id="1765"/> <Node id="1766"/>"<Node id="1767"/>betterness<Node id="1777"/>"<Node id="1778"/> <Node id="1779"/>being<Node id="1784"/> <Node id="1785"/>non-relativistic<Node id="1801"/> <Node id="1802"/>we<Node id="1804"/> <Node id="1805"/>can<Node id="1808"/> <Node id="1809"/>continue<Node id="1817"/>.<Node id="1818"/>
<Node id="1819"/>
<Node id="1820"/>&gt;<Node id="1821"/>-<Node id="1822"/>-<Node id="1823"/> <Node id="1824"/>
<Node id="1825"/>&gt;<Node id="1826"/>Frank<Node id="1831"/> <Node id="1832"/>O<Node id="1833"/>'<Node id="1834"/>Dwyer<Node id="1839"/> <Node id="1840"/> <Node id="1841"/> <Node id="1842"/> <Node id="1843"/> <Node id="1844"/> <Node id="1845"/> <Node id="1846"/> <Node id="1847"/> <Node id="1848"/> <Node id="1849"/> <Node id="1850"/> <Node id="1851"/> <Node id="1852"/> <Node id="1853"/> <Node id="1854"/> <Node id="1855"/> <Node id="1856"/> <Node id="1857"/> <Node id="1858"/> <Node id="1859"/> <Node id="1860"/> <Node id="1861"/> <Node id="1862"/> <Node id="1863"/> <Node id="1864"/> <Node id="1865"/> <Node id="1866"/> <Node id="1867"/> <Node id="1868"/> <Node id="1869"/> <Node id="1870"/> <Node id="1871"/> <Node id="1872"/> <Node id="1873"/>'<Node id="1874"/>I<Node id="1875"/>'m<Node id="1877"/> <Node id="1878"/>not<Node id="1881"/> <Node id="1882"/>hatching<Node id="1890"/> <Node id="1891"/>That<Node id="1895"/>'<Node id="1896"/>
<Node id="1897"/>&gt;<Node id="1898"/>odwyer<Node id="1904"/>@<Node id="1905"/>sse<Node id="1908"/>.<Node id="1909"/>ie<Node id="1911"/> <Node id="1912"/> <Node id="1913"/> <Node id="1914"/> <Node id="1915"/> <Node id="1916"/> <Node id="1917"/> <Node id="1918"/> <Node id="1919"/> <Node id="1920"/> <Node id="1921"/> <Node id="1922"/> <Node id="1923"/> <Node id="1924"/> <Node id="1925"/> <Node id="1926"/> <Node id="1927"/> <Node id="1928"/> <Node id="1929"/> <Node id="1930"/> <Node id="1931"/> <Node id="1932"/> <Node id="1933"/> <Node id="1934"/> <Node id="1935"/> <Node id="1936"/> <Node id="1937"/> <Node id="1938"/> <Node id="1939"/> <Node id="1940"/> <Node id="1941"/> <Node id="1942"/> <Node id="1943"/> <Node id="1944"/> <Node id="1945"/>from<Node id="1949"/> <Node id="1950"/>"<Node id="1951"/>Hens<Node id="1955"/>"<Node id="1956"/>,<Node id="1957"/> <Node id="1958"/> <Node id="1959"/>by<Node id="1961"/> <Node id="1962"/>Evelyn<Node id="1968"/> <Node id="1969"/>Conlon<Node id="1975"/>
<Node id="1976"/>
<Node id="1977"/>eric<Node id="1981"/>
<Node id="1982"/></TextWithNodes>
<!-- The default annotation set -->

<AnnotationSet>
<Annotation EndNode="1982" StartNode="0" Type="Mention" Id="9999999">
<Feature>
<Name classname="java.lang.String">Class</Name>
<Value classname="java.lang.String">0</Value>
</Feature>
</Annotation>

<Annotation Id="3" Type="Token" StartNode="6" EndNode="12">
<Feature>
  <Name className="java.lang.String">string</Name>
  <Value className="java.lang.String">emarsh</Value>
</Feature>
</Annotation>
<Annotation Id="5" Type="Token" StartNode="13" EndNode="23">
<Feature>
  <Name className="java.lang.String">string</Name>
  <Value className="java.lang.String">hernes-sun</Value>
</Feature>
</Annotation>
<Annotation Id="36" Type="Token" StartNode="80" EndNode="92">
<Feature>
  <Name className="java.lang.String">string</Name>
  <Value className="java.lang.String">Organization</Value>
</Feature>
</Annotation>
<Annotation Id="46" Type="Token" StartNode="108" EndNode="116">
<Feature>
  <Name className="java.lang.String">string</Name>
  <Value className="java.lang.String">Message-</Value>
</Feature>
</Annotation>
<Annotation Id="51" Type="Token" StartNode="121" EndNode="130">
<Feature>
  <Name className="java.lang.String">string</Name>
  <Value className="java.lang.String">lstqlkINN</Value>
</Feature>
</Annotation>
<Annotation Id="55" Type="Token" StartNode="134" EndNode="140">
<Feature>
  <Name className="java.lang.String">string</Name>
  <Value className="java.lang.String">exodus</Value>
</Feature>
</Annotation>
<Annotation Id="64" Type="Token" StartNode="154" EndNode="164">
<Feature>
  <Name className="java.lang.String">string</Name>
  <Value className="java.lang.String">References</Value>
</Feature>
</Annotation>
<Annotation Id="97" Type="Token" StartNode="215" EndNode="221">
<Feature>
  <Name className="java.lang.String">string</Name>
  <Value className="java.lang.String">netcom</Value>
</Feature>
</Annotation>
<Annotation Id="123" Type="Token" StartNode="280" EndNode="290">
<Feature>
  <Name className="java.lang.String">string</Name>
  <Value className="java.lang.String">hernes-sun</Value>
</Feature>
</Annotation>
<Annotation Id="120" Type="Token" StartNode="261" EndNode="278">
<Feature>
  <Name className="java.lang.String">string</Name>
  <Value className="java.lang.String">NNTP-Posting-Host</Value>
</Feature>
</Annotation>
<Annotation Id="128" Type="Token" StartNode="295" EndNode="302">
<Feature>
  <Name className="java.lang.String">string</Name>
  <Value className="java.lang.String">article</Value>
</Feature>
</Annotation>
<Annotation Id="171" Type="Token" StartNode="385" EndNode="392">
<Feature>
  <Name className="java.lang.String">string</Name>
  <Value className="java.lang.String">article</Value>
</Feature>
</Annotation>
<Annotation Id="165" Type="Token" StartNode="373" EndNode="379">
<Feature>
  <Name className="java.lang.String">string</Name>
  <Value className="java.lang.String">writes</Value>
</Feature>
</Annotation>
<Annotation Id="190" Type="Token" StartNode="424" EndNode="430">
<Feature>
  <Name className="java.lang.String">string</Name>
  <Value className="java.lang.String">netcom</Value>
</Feature>
</Annotation>
<Annotation Id="183" Type="Token" StartNode="408" EndNode="414">
<Feature>
  <Name className="java.lang.String">string</Name>
  <Value className="java.lang.String">netcom</Value>
</Feature>
</Annotation>
<Annotation Id="200" Type="Token" StartNode="449" EndNode="455">
<Feature>
  <Name className="java.lang.String">string</Name>
  <Value className="java.lang.String">writes</Value>
</Feature>
</Annotation>
<Annotation Id="197" Type="Token" StartNode="440" EndNode="447">
<Feature>
  <Name className="java.lang.String">string</Name>
  <Value className="java.lang.String">Fischer</Value>
</Feature>
</Annotation>
<Annotation Id="222" Type="Token" StartNode="495" EndNode="501">
<Feature>
  <Name className="java.lang.String">string</Name>
  <Value className="java.lang.String">writes</Value>
</Feature>
</Annotation>
<Annotation Id="233" Type="Token" StartNode="514" EndNode="523">
<Feature>
  <Name className="java.lang.String">string</Name>
  <Value className="java.lang.String">questions</Value>
</Feature>
</Annotation>
<Annotation Id="249" Type="Token" StartNode="567" EndNode="576">
<Feature>
  <Name className="java.lang.String">string</Name>
  <Value className="java.lang.String">nihilists</Value>
</Feature>
</Annotation>
<Annotation Id="247" Type="Token" StartNode="555" EndNode="566">
<Feature>
  <Name className="java.lang.String">string</Name>
  <Value className="java.lang.String">relativists</Value>
</Feature>
</Annotation>
<Annotation Id="245" Type="Token" StartNode="541" EndNode="554">
<Feature>
  <Name className="java.lang.String">string</Name>
  <Value className="java.lang.String">subjectivists</Value>
</Feature>
</Annotation>
<Annotation Id="276" Type="Token" StartNode="630" EndNode="636">
<Feature>
  <Name className="java.lang.String">string</Name>
  <Value className="java.lang.String">better</Value>
</Feature>
</Annotation>
<Annotation Id="281" Type="Token" StartNode="643" EndNode="654">
<Feature>
  <Name className="java.lang.String">string</Name>
  <Value className="java.lang.String">objectivism</Value>
</Feature>
</Annotation>
<Annotation Id="271" Type="Token" StartNode="615" EndNode="625">
<Feature>
  <Name className="java.lang.String">string</Name>
  <Value className="java.lang.String">relativism</Value>
</Feature>
</Annotation>
<Annotation Id="306" Type="Token" StartNode="702" EndNode="710">
<Feature>
  <Name className="java.lang.String">string</Name>
  <Value className="java.lang.String">accurate</Value>
</Feature>
</Annotation>
<Annotation Id="308" Type="Token" StartNode="711" EndNode="721">
<Feature>
  <Name className="java.lang.String">string</Name>
  <Value className="java.lang.String">decription</Value>
</Feature>
</Annotation>
<Annotation Id="294" Type="Token" StartNode="669" EndNode="675">
<Feature>
  <Name className="java.lang.String">string</Name>
  <Value className="java.lang.String">degree</Value>
</Feature>
</Annotation>
<Annotation Id="298" Type="Token" StartNode="681" EndNode="691">
<Feature>
  <Name className="java.lang.String">string</Name>
  <Value className="java.lang.String">relativism</Value>
</Feature>
</Annotation>
<Annotation Id="343" Type="Token" StartNode="806" EndNode="812">
<Feature>
  <Name className="java.lang.String">string</Name>
  <Value className="java.lang.String">events</Value>
</Feature>
</Annotation>
<Annotation Id="341" Type="Token" StartNode="798" EndNode="805">
<Feature>
  <Name className="java.lang.String">string</Name>
  <Value className="java.lang.String">control</Value>
</Feature>
</Annotation>
<Annotation Id="327" Type="Token" StartNode="761" EndNode="769">
<Feature>
  <Name className="java.lang.String">string</Name>
  <Value className="java.lang.String">provides</Value>
</Feature>
</Annotation>
<Annotation Id="322" Type="Token" StartNode="745" EndNode="756">
<Feature>
  <Name className="java.lang.String">string</Name>
  <Value className="java.lang.String">objectivism</Value>
</Feature>
</Annotation>
<Annotation Id="335" Type="Token" StartNode="785" EndNode="792">
<Feature>
  <Name className="java.lang.String">string</Name>
  <Value className="java.lang.String">ability</Value>
</Feature>
</Annotation>
<Annotation Id="381" Type="Token" StartNode="892" EndNode="900">
<Feature>
  <Name className="java.lang.String">string</Name>
  <Value className="java.lang.String">relative</Value>
</Feature>
</Annotation>
<Annotation Id="376" Type="Token" StartNode="880" EndNode="886">
<Feature>
  <Name className="java.lang.String">string</Name>
  <Value className="java.lang.String">values</Value>
</Feature>
</Annotation>
<Annotation Id="405" Type="Token" StartNode="947" EndNode="954">
<Feature>
  <Name className="java.lang.String">string</Name>
  <Value className="java.lang.String">happens</Value>
</Feature>
</Annotation>
<Annotation Id="394" Type="Token" StartNode="924" EndNode="933">
<Feature>
  <Name className="java.lang.String">string</Name>
  <Value className="java.lang.String">judgement</Value>
</Feature>
</Annotation>
<Annotation Id="386" Type="Token" StartNode="904" EndNode="912">
<Feature>
  <Name className="java.lang.String">string</Name>
  <Value className="java.lang.String">Accuracy</Value>
</Feature>
</Annotation>
<Annotation Id="417" Type="Token" StartNode="974" EndNode="983">
<Feature>
  <Name className="java.lang.String">string</Name>
  <Value className="java.lang.String">substance</Value>
</Feature>
</Annotation>
<Annotation Id="478" Type="Token" StartNode="1116" EndNode="1122">
<Feature>
  <Name className="java.lang.String">string</Name>
  <Value className="java.lang.String">better</Value>
</Feature>
</Annotation>
<Annotation Id="470" Type="Token" StartNode="1095" EndNode="1104">
<Feature>
  <Name className="java.lang.String">string</Name>
  <Value className="java.lang.String">falsehood</Value>
</Feature>
</Annotation>
<Annotation Id="466" Type="Token" StartNode="1083" EndNode="1089">
<Feature>
  <Name className="java.lang.String">string</Name>
  <Value className="java.lang.String">better</Value>
</Feature>
</Annotation>
<Annotation Id="458" Type="Token" StartNode="1062" EndNode="1071">
<Feature>
  <Name className="java.lang.String">string</Name>
  <Value className="java.lang.String">objective</Value>
</Feature>
</Annotation>
<Annotation Id="454" Type="Token" StartNode="1051" EndNode="1057">
<Feature>
  <Name className="java.lang.String">string</Name>
  <Value className="java.lang.String">values</Value>
</Feature>
</Annotation>
<Annotation Id="503" Type="Token" StartNode="1184" EndNode="1190">
<Feature>
  <Name className="java.lang.String">string</Name>
  <Value className="java.lang.String">things</Value>
</Feature>
</Annotation>
<Annotation Id="493" Type="Token" StartNode="1158" EndNode="1167">
<Feature>
  <Name className="java.lang.String">string</Name>
  <Value className="java.lang.String">ignorance</Value>
</Feature>
</Annotation>
<Annotation Id="489" Type="Token" StartNode="1146" EndNode="1152">
<Feature>
  <Name className="java.lang.String">string</Name>
  <Value className="java.lang.String">better</Value>
</Feature>
</Annotation>
<Annotation Id="485" Type="Token" StartNode="1133" EndNode="1142">
<Feature>
  <Name className="java.lang.String">string</Name>
  <Value className="java.lang.String">education</Value>
</Feature>
</Annotation>
<Annotation Id="559" Type="Token" StartNode="1305" EndNode="1311">
<Feature>
  <Name className="java.lang.String">string</Name>
  <Value className="java.lang.String">result</Value>
</Feature>
</Annotation>
<Annotation Id="575" Type="Token" StartNode="1345" EndNode="1352">
<Feature>
  <Name className="java.lang.String">string</Name>
  <Value className="java.lang.String">dollars</Value>
</Feature>
</Annotation>
<Annotation Id="571" Type="Token" StartNode="1333" EndNode="1341">
<Feature>
  <Name className="java.lang.String">string</Name>
  <Value className="java.lang.String">millions</Value>
</Feature>
</Annotation>
<Annotation Id="513" Type="Token" StartNode="1204" EndNode="1212">
<Feature>
  <Name className="java.lang.String">string</Name>
  <Value className="java.lang.String">anything</Value>
</Feature>
</Annotation>
<Annotation Id="524" Type="Token" StartNode="1228" EndNode="1234">
<Feature>
  <Name className="java.lang.String">string</Name>
  <Value className="java.lang.String">better</Value>
</Feature>
</Annotation>
<Annotation Id="534" Type="Token" StartNode="1249" EndNode="1259">
<Feature>
  <Name className="java.lang.String">string</Name>
  <Value className="java.lang.String">subjective</Value>
</Feature>
</Annotation>
<Annotation Id="528" Type="Token" StartNode="1237" EndNode="1243">
<Feature>
  <Name className="java.lang.String">string</Name>
  <Value className="java.lang.String">Better</Value>
</Feature>
</Annotation>
<Annotation Id="538" Type="Token" StartNode="1266" EndNode="1275">
<Feature>
  <Name className="java.lang.String">string</Name>
  <Value className="java.lang.String">judgement</Value>
</Feature>
</Annotation>
<Annotation Id="612" Type="Token" StartNode="1448" EndNode="1455">
<Feature>
  <Name className="java.lang.String">string</Name>
  <Value className="java.lang.String">telling</Value>
</Feature>
</Annotation>
<Annotation Id="579" Type="Token" StartNode="1356" EndNode="1362">
<Feature>
  <Name className="java.lang.String">string</Name>
  <Value className="java.lang.String">assets</Value>
</Feature>
</Annotation>
<Annotation Id="594" Type="Token" StartNode="1390" EndNode="1401">
<Feature>
  <Name className="java.lang.String">string</Name>
  <Value className="java.lang.String">perspective</Value>
</Feature>
</Annotation>
<Annotation Id="597" Type="Token" StartNode="1403" EndNode="1412">
<Feature>
  <Name className="java.lang.String">string</Name>
  <Value className="java.lang.String">falsehood</Value>
</Feature>
</Annotation>
<Annotation Id="604" Type="Token" StartNode="1420" EndNode="1433">
<Feature>
  <Name className="java.lang.String">string</Name>
  <Value className="java.lang.String">substantially</Value>
</Feature>
</Annotation>
<Annotation Id="607" Type="Token" StartNode="1435" EndNode="1441">
<Feature>
  <Name className="java.lang.String">string</Name>
  <Value className="java.lang.String">better</Value>
</Feature>
</Annotation>
<Annotation Id="675" Type="Token" StartNode="1599" EndNode="1605">
<Feature>
  <Name className="java.lang.String">string</Name>
  <Value className="java.lang.String">Before</Value>
</Feature>
</Annotation>
<Annotation Id="672" Type="Token" StartNode="1588" EndNode="1597">
<Feature>
  <Name className="java.lang.String">string</Name>
  <Value className="java.lang.String">resources</Value>
</Feature>
</Annotation>
<Annotation Id="692" Type="Token" StartNode="1634" EndNode="1641">
<Feature>
  <Name className="java.lang.String">string</Name>
  <Value className="java.lang.String">poverty</Value>
</Feature>
</Annotation>
<Annotation Id="688" Type="Token" StartNode="1624" EndNode="1630">
<Feature>
  <Name className="java.lang.String">string</Name>
  <Value className="java.lang.String">living</Value>
</Feature>
</Annotation>
<Annotation Id="651" Type="Token" StartNode="1531" EndNode="1538">
<Feature>
  <Name className="java.lang.String">string</Name>
  <Value className="java.lang.String">country</Value>
</Feature>
</Annotation>
<Annotation Id="647" Type="Token" StartNode="1519" EndNode="1525">
<Feature>
  <Name className="java.lang.String">string</Name>
  <Value className="java.lang.String">attack</Value>
</Feature>
</Annotation>
<Annotation Id="640" Type="Token" StartNode="1507" EndNode="1513">
<Feature>
  <Name className="java.lang.String">string</Name>
  <Value className="java.lang.String">living</Value>
</Feature>
</Annotation>
<Annotation Id="670" Type="Token" StartNode="1580" EndNode="1587">
<Feature>
  <Name className="java.lang.String">string</Name>
  <Value className="java.lang.String">natural</Value>
</Feature>
</Annotation>
<Annotation Id="660" Type="Token" StartNode="1552" EndNode="1560">
<Feature>
  <Name className="java.lang.String">string</Name>
  <Value className="java.lang.String">everyone</Value>
</Feature>
</Annotation>
<Annotation Id="744" Type="Token" StartNode="1750" EndNode="1756">
<Feature>
  <Name className="java.lang.String">string</Name>
  <Value className="java.lang.String">little</Value>
</Feature>
</Annotation>
<Annotation Id="751" Type="Token" StartNode="1767" EndNode="1777">
<Feature>
  <Name className="java.lang.String">string</Name>
  <Value className="java.lang.String">betterness</Value>
</Feature>
</Annotation>
<Annotation Id="740" Type="Token" StartNode="1737" EndNode="1744">
<Feature>
  <Name className="java.lang.String">string</Name>
  <Value className="java.lang.String">address</Value>
</Feature>
</Annotation>
<Annotation Id="762" Type="Token" StartNode="1809" EndNode="1817">
<Feature>
  <Name className="java.lang.String">string</Name>
  <Value className="java.lang.String">continue</Value>
</Feature>
</Annotation>
<Annotation Id="756" Type="Token" StartNode="1785" EndNode="1801">
<Feature>
  <Name className="java.lang.String">string</Name>
  <Value className="java.lang.String">non-relativistic</Value>
</Feature>
</Annotation>
<Annotation Id="710" Type="Token" StartNode="1674" EndNode="1680">
<Feature>
  <Name className="java.lang.String">string</Name>
  <Value className="java.lang.String">better</Value>
</Feature>
</Annotation>
<Annotation Id="733" Type="Token" StartNode="1719" EndNode="1726">
<Feature>
  <Name className="java.lang.String">string</Name>
  <Value className="java.lang.String">further</Value>
</Feature>
</Annotation>
<Annotation Id="818" Type="Token" StartNode="1882" EndNode="1890">
<Feature>
  <Name className="java.lang.String">string</Name>
  <Value className="java.lang.String">hatching</Value>
</Feature>
</Annotation>
<Annotation Id="824" Type="Token" StartNode="1898" EndNode="1904">
<Feature>
  <Name className="java.lang.String">string</Name>
  <Value className="java.lang.String">odwyer</Value>
</Feature>
</Annotation>
<Annotation Id="873" Type="Token" StartNode="1962" EndNode="1968">
<Feature>
  <Name className="java.lang.String">string</Name>
  <Value className="java.lang.String">Evelyn</Value>
</Feature>
</Annotation>
<Annotation Id="875" Type="Token" StartNode="1969" EndNode="1975">
<Feature>
  <Name className="java.lang.String">string</Name>
  <Value className="java.lang.String">Conlon</Value>
</Feature>
</Annotation>
</AnnotationSet>
<AnnotationSet Name="Original markups"> </AnnotationSet>
</GateDocument>