<?xml version='1.0' encoding='UTF-8'?>
<GateDocument version="3">
<!-- The document's features-->

<GateDocumentFeatures>
<Feature>
  <Name className="java.lang.String">Original_document_content_on_load</Name>
  <Value className="java.lang.String">From: betz@gozer.idbsu.edu (Andrew Betz)
Message-ID: &lt;1993Apr18.191529.9755@guinness.idbsu.edu>
Sender: usenet@guinness.idbsu.edu (Usenet News mail)
Nntp-Posting-Host: gozer
Organization: SigSauer Fan Club 
Date: Sun, 18 Apr 1993 19:15:29 GMT
Lines: 87

Note: These trial updates are summarized from reports in the
_Idaho Statesman_ and the local NBC affiliate television
station, KTVB Channel 7.

Randy Weaver/Kevin Harris trial update: Day 4.

Friday, April 16, 1993 was the fourth day of the trial.

Synopsis: Defense attorney Gerry Spence cross-examined agent
Cooper under repeated objections from prosecutor Ronald
Howen.  Spence moved for a mistrial but was denied.

The day was marked by a caustic cross-examination of Deputy
Marshal Larry Cooper by defense attorney Gerry Spence.  Although
Spence has not explicitly stated so, one angle of his stategy
must involve destroying the credibility of agent Cooper.  Cooper is
the government's only eyewitness to the death of agent Degan.
Spence attacked Cooper's credibility by pointing out discrepancies
between Cooper's statements last September and those made in court.
Cooper conceded that, "You have all these things compressed into
a few seconds...It's difficult to remember what went on first."

Cooper acknowledged that he carried a "9mm Colt Commando submachine
gun with a silenced barrel." [I thought a Colt Commando was a revolver!]
Cooper continued by stating that the federal agents had no specific
plans to use the weapon when they started to kill Weaver's dog.

When Spence asked how seven cartridges could be fired by Degan's
M-16 rifle when Degan was apparently dead, Cooper could not say for
sure that Degan did not return fire before going down.

Spence continued by asking with how many agents (and to what extent)
had Cooper discussed last August's events, Cooper responded, "If
you're implying that we got our story together, you're wrong,
counselor."  Spence continued to advance the defense's version of
the events: Namely, that a marshal had started the shooting by
killing the Weaver's dog.  Cooper disagreed.

Assistant U.S. Attorney Ronald Howen repeatedly objected to Spence's
virulent cross-examination of agent Cooper, arguing that the questions
were repetitive and Spence was wasting time.  Howen also complained 
that Spence was improperly using a cross-examination to advance the
defense's version of the events.  U.S. District Judge Edward Lodge
sustained many of the objections; however, both lawyers persisted
until Judge Lodge had the jury leave the room and proceded to
admonish both attorneys.  "I'm not going to play games with either
counsel.  This has been a personality problem from day 1, so start
acting like professionals."

Spence told the judge that, "When all the evidence is in, we'll see
that ... his [agent Larry Cooper] testimony is not credible, that
he was panicked and cannot remember the sequence of events." 
Spence continued, "We're going to find...that there is a very unlikely
similarity - almost as if it had come out of a cookie cutter - between
the testimony of Mr. Cooper and the other witnesses."

Spence then moved for a mistrial on the grounds that Howen's repeated
objections would prevent a fair trial, "We can't have a fair trial if the
jury believes I'm some sort of charlatan, if the jury believes I'm
bending the rules or engaging in some delaying tactic or that I'm
violating court orders."

Judge Lodge called the notion that his repeated sustainings of Howen's
objections had somehow prejudiced the jury was "preposterous" and
denied the motion for a mistrial.  Lodge did tell Howen to restrict
his comments when objecting.

The trial resumed with the prosecution calling FBI Special Agent Greg
Rampton.  The prosecution's purpose was simply to introduce five
weapons found in the cabin as evidence: However, the defense seized
on the opportunity to further address Cooper's credibility.

Defense attorney Ellison Matthews (Harris' other attorney) questioned
Rampton about the dog.  Rampton stated that there were no specific
plans to kill the Weaver's dog without being detected.  Matthews then
had Rampton read  a Septtember 15, 1992 transcript in which Rampton
had said that Cooper had said that the purpose of the silenced weapon
was to kill the dog without being detected, if the dog chased them.
Rampton then acknowledged that he believed that Cooper had said that,
but he could not remember when.  He then stated that, "I did not conduct
the primary interview with Deputy Cooper, but I have had conversations
with him since the interview was conducted."

Monday, April 19, 1993 will begin the fifth day of the trial.  Scheduled
is the continued cross-examination of FBI agent Greg Rampton.


</Value>
</Feature>
<Feature>
  <Name className="java.lang.String">gate.SourceURL</Name>
  <Value className="java.lang.String">file:/C:/Users/jian/Documents/NetBeansProjects/NoiseReductionTechniques/mideastPoliticsMix/negative1070</Value>
</Feature>
</GateDocumentFeatures>
<!-- The document content area with serialized nodes -->

<TextWithNodes><Node id="0"/>From<Node id="4"/>:<Node id="5"/> <Node id="6"/>betz<Node id="10"/>@<Node id="11"/>gozer<Node id="16"/>.<Node id="17"/>idbsu<Node id="22"/>.<Node id="23"/>edu<Node id="26"/> <Node id="27"/>(<Node id="28"/>Andrew<Node id="34"/> <Node id="35"/>Betz<Node id="39"/>)<Node id="40"/>
<Node id="41"/>Message-<Node id="49"/>ID<Node id="51"/>:<Node id="52"/> <Node id="53"/>&lt;<Node id="54"/>1993<Node id="58"/>Apr<Node id="61"/>18<Node id="63"/>.<Node id="64"/>191529<Node id="70"/>.<Node id="71"/>9755<Node id="75"/>@<Node id="76"/>guinness<Node id="84"/>.<Node id="85"/>idbsu<Node id="90"/>.<Node id="91"/>edu<Node id="94"/>&gt;<Node id="95"/>
<Node id="96"/>Sender<Node id="102"/>:<Node id="103"/> <Node id="104"/>usenet<Node id="110"/>@<Node id="111"/>guinness<Node id="119"/>.<Node id="120"/>idbsu<Node id="125"/>.<Node id="126"/>edu<Node id="129"/> <Node id="130"/>(<Node id="131"/>Usenet<Node id="137"/> <Node id="138"/>News<Node id="142"/> <Node id="143"/>mail<Node id="147"/>)<Node id="148"/>
<Node id="149"/>Nntp-<Node id="154"/>Posting-<Node id="162"/>Host<Node id="166"/>:<Node id="167"/> <Node id="168"/>gozer<Node id="173"/>
<Node id="174"/>Organization<Node id="186"/>:<Node id="187"/> <Node id="188"/>SigSauer<Node id="196"/> <Node id="197"/>Fan<Node id="200"/> <Node id="201"/>Club<Node id="205"/> <Node id="206"/>
<Node id="207"/>Date<Node id="211"/>:<Node id="212"/> <Node id="213"/>Sun<Node id="216"/>,<Node id="217"/> <Node id="218"/>18<Node id="220"/> <Node id="221"/>Apr<Node id="224"/> <Node id="225"/>1993<Node id="229"/> <Node id="230"/>19<Node id="232"/>:<Node id="233"/>15<Node id="235"/>:<Node id="236"/>29<Node id="238"/> <Node id="239"/>GMT<Node id="242"/>
<Node id="243"/>Lines<Node id="248"/>:<Node id="249"/> <Node id="250"/>87<Node id="252"/>
<Node id="253"/>
<Node id="254"/>Note<Node id="258"/>:<Node id="259"/> <Node id="260"/>These<Node id="265"/> <Node id="266"/>trial<Node id="271"/> <Node id="272"/>updates<Node id="279"/> <Node id="280"/>are<Node id="283"/> <Node id="284"/>summarized<Node id="294"/> <Node id="295"/>from<Node id="299"/> <Node id="300"/>reports<Node id="307"/> <Node id="308"/>in<Node id="310"/> <Node id="311"/>the<Node id="314"/>
<Node id="315"/>_<Node id="316"/>Idaho<Node id="321"/> <Node id="322"/>Statesman<Node id="331"/>_<Node id="332"/> <Node id="333"/>and<Node id="336"/> <Node id="337"/>the<Node id="340"/> <Node id="341"/>local<Node id="346"/> <Node id="347"/>NBC<Node id="350"/> <Node id="351"/>affiliate<Node id="360"/> <Node id="361"/>television<Node id="371"/>
<Node id="372"/>station<Node id="379"/>,<Node id="380"/> <Node id="381"/>KTVB<Node id="385"/> <Node id="386"/>Channel<Node id="393"/> <Node id="394"/>7<Node id="395"/>.<Node id="396"/>
<Node id="397"/>
<Node id="398"/>Randy<Node id="403"/> <Node id="404"/>Weaver<Node id="410"/>/<Node id="411"/>Kevin<Node id="416"/> <Node id="417"/>Harris<Node id="423"/> <Node id="424"/>trial<Node id="429"/> <Node id="430"/>update<Node id="436"/>:<Node id="437"/> <Node id="438"/>Day<Node id="441"/> <Node id="442"/>4<Node id="443"/>.<Node id="444"/>
<Node id="445"/>
<Node id="446"/>Friday<Node id="452"/>,<Node id="453"/> <Node id="454"/>April<Node id="459"/> <Node id="460"/>16<Node id="462"/>,<Node id="463"/> <Node id="464"/>1993<Node id="468"/> <Node id="469"/>was<Node id="472"/> <Node id="473"/>the<Node id="476"/> <Node id="477"/>fourth<Node id="483"/> <Node id="484"/>day<Node id="487"/> <Node id="488"/>of<Node id="490"/> <Node id="491"/>the<Node id="494"/> <Node id="495"/>trial<Node id="500"/>.<Node id="501"/>
<Node id="502"/>
<Node id="503"/>Synopsis<Node id="511"/>:<Node id="512"/> <Node id="513"/>Defense<Node id="520"/> <Node id="521"/>attorney<Node id="529"/> <Node id="530"/>Gerry<Node id="535"/> <Node id="536"/>Spence<Node id="542"/> <Node id="543"/>cross-examined<Node id="557"/> <Node id="558"/>agent<Node id="563"/>
<Node id="564"/>Cooper<Node id="570"/> <Node id="571"/>under<Node id="576"/> <Node id="577"/>repeated<Node id="585"/> <Node id="586"/>objections<Node id="596"/> <Node id="597"/>from<Node id="601"/> <Node id="602"/>prosecutor<Node id="612"/> <Node id="613"/>Ronald<Node id="619"/>
<Node id="620"/>Howen<Node id="625"/>.<Node id="626"/> <Node id="627"/> <Node id="628"/>Spence<Node id="634"/> <Node id="635"/>moved<Node id="640"/> <Node id="641"/>for<Node id="644"/> <Node id="645"/>a<Node id="646"/> <Node id="647"/>mistrial<Node id="655"/> <Node id="656"/>but<Node id="659"/> <Node id="660"/>was<Node id="663"/> <Node id="664"/>denied<Node id="670"/>.<Node id="671"/>
<Node id="672"/>
<Node id="673"/>The<Node id="676"/> <Node id="677"/>day<Node id="680"/> <Node id="681"/>was<Node id="684"/> <Node id="685"/>marked<Node id="691"/> <Node id="692"/>by<Node id="694"/> <Node id="695"/>a<Node id="696"/> <Node id="697"/>caustic<Node id="704"/> <Node id="705"/>cross-examination<Node id="722"/> <Node id="723"/>of<Node id="725"/> <Node id="726"/>Deputy<Node id="732"/>
<Node id="733"/>Marshal<Node id="740"/> <Node id="741"/>Larry<Node id="746"/> <Node id="747"/>Cooper<Node id="753"/> <Node id="754"/>by<Node id="756"/> <Node id="757"/>defense<Node id="764"/> <Node id="765"/>attorney<Node id="773"/> <Node id="774"/>Gerry<Node id="779"/> <Node id="780"/>Spence<Node id="786"/>.<Node id="787"/> <Node id="788"/> <Node id="789"/>Although<Node id="797"/>
<Node id="798"/>Spence<Node id="804"/> <Node id="805"/>has<Node id="808"/> <Node id="809"/>not<Node id="812"/> <Node id="813"/>explicitly<Node id="823"/> <Node id="824"/>stated<Node id="830"/> <Node id="831"/>so<Node id="833"/>,<Node id="834"/> <Node id="835"/>one<Node id="838"/> <Node id="839"/>angle<Node id="844"/> <Node id="845"/>of<Node id="847"/> <Node id="848"/>his<Node id="851"/> <Node id="852"/>stategy<Node id="859"/>
<Node id="860"/>must<Node id="864"/> <Node id="865"/>involve<Node id="872"/> <Node id="873"/>destroying<Node id="883"/> <Node id="884"/>the<Node id="887"/> <Node id="888"/>credibility<Node id="899"/> <Node id="900"/>of<Node id="902"/> <Node id="903"/>agent<Node id="908"/> <Node id="909"/>Cooper<Node id="915"/>.<Node id="916"/> <Node id="917"/> <Node id="918"/>Cooper<Node id="924"/> <Node id="925"/>is<Node id="927"/>
<Node id="928"/>the<Node id="931"/> <Node id="932"/>government<Node id="942"/>'s<Node id="944"/> <Node id="945"/>only<Node id="949"/> <Node id="950"/>eyewitness<Node id="960"/> <Node id="961"/>to<Node id="963"/> <Node id="964"/>the<Node id="967"/> <Node id="968"/>death<Node id="973"/> <Node id="974"/>of<Node id="976"/> <Node id="977"/>agent<Node id="982"/> <Node id="983"/>Degan<Node id="988"/>.<Node id="989"/>
<Node id="990"/>Spence<Node id="996"/> <Node id="997"/>attacked<Node id="1005"/> <Node id="1006"/>Cooper<Node id="1012"/>'s<Node id="1014"/> <Node id="1015"/>credibility<Node id="1026"/> <Node id="1027"/>by<Node id="1029"/> <Node id="1030"/>pointing<Node id="1038"/> <Node id="1039"/>out<Node id="1042"/> <Node id="1043"/>discrepancies<Node id="1056"/>
<Node id="1057"/>between<Node id="1064"/> <Node id="1065"/>Cooper<Node id="1071"/>'s<Node id="1073"/> <Node id="1074"/>statements<Node id="1084"/> <Node id="1085"/>last<Node id="1089"/> <Node id="1090"/>September<Node id="1099"/> <Node id="1100"/>and<Node id="1103"/> <Node id="1104"/>those<Node id="1109"/> <Node id="1110"/>made<Node id="1114"/> <Node id="1115"/>in<Node id="1117"/> <Node id="1118"/>court<Node id="1123"/>.<Node id="1124"/>
<Node id="1125"/>Cooper<Node id="1131"/> <Node id="1132"/>conceded<Node id="1140"/> <Node id="1141"/>that<Node id="1145"/>,<Node id="1146"/> <Node id="1147"/>"<Node id="1148"/>You<Node id="1151"/> <Node id="1152"/>have<Node id="1156"/> <Node id="1157"/>all<Node id="1160"/> <Node id="1161"/>these<Node id="1166"/> <Node id="1167"/>things<Node id="1173"/> <Node id="1174"/>compressed<Node id="1184"/> <Node id="1185"/>into<Node id="1189"/>
<Node id="1190"/>a<Node id="1191"/> <Node id="1192"/>few<Node id="1195"/> <Node id="1196"/>seconds<Node id="1203"/>.<Node id="1204"/>.<Node id="1205"/>.<Node id="1206"/>It<Node id="1208"/>'s<Node id="1210"/> <Node id="1211"/>difficult<Node id="1220"/> <Node id="1221"/>to<Node id="1223"/> <Node id="1224"/>remember<Node id="1232"/> <Node id="1233"/>what<Node id="1237"/> <Node id="1238"/>went<Node id="1242"/> <Node id="1243"/>on<Node id="1245"/> <Node id="1246"/>first<Node id="1251"/>.<Node id="1252"/>"<Node id="1253"/>
<Node id="1254"/>
<Node id="1255"/>Cooper<Node id="1261"/> <Node id="1262"/>acknowledged<Node id="1274"/> <Node id="1275"/>that<Node id="1279"/> <Node id="1280"/>he<Node id="1282"/> <Node id="1283"/>carried<Node id="1290"/> <Node id="1291"/>a<Node id="1292"/> <Node id="1293"/>"<Node id="1294"/>9<Node id="1295"/>mm<Node id="1297"/> <Node id="1298"/>Colt<Node id="1302"/> <Node id="1303"/>Commando<Node id="1311"/> <Node id="1312"/>submachine<Node id="1322"/>
<Node id="1323"/>gun<Node id="1326"/> <Node id="1327"/>with<Node id="1331"/> <Node id="1332"/>a<Node id="1333"/> <Node id="1334"/>silenced<Node id="1342"/> <Node id="1343"/>barrel<Node id="1349"/>.<Node id="1350"/>"<Node id="1351"/> <Node id="1352"/>[<Node id="1353"/>I<Node id="1354"/> <Node id="1355"/>thought<Node id="1362"/> <Node id="1363"/>a<Node id="1364"/> <Node id="1365"/>Colt<Node id="1369"/> <Node id="1370"/>Commando<Node id="1378"/> <Node id="1379"/>was<Node id="1382"/> <Node id="1383"/>a<Node id="1384"/> <Node id="1385"/>revolver<Node id="1393"/>!<Node id="1394"/>]<Node id="1395"/>
<Node id="1396"/>Cooper<Node id="1402"/> <Node id="1403"/>continued<Node id="1412"/> <Node id="1413"/>by<Node id="1415"/> <Node id="1416"/>stating<Node id="1423"/> <Node id="1424"/>that<Node id="1428"/> <Node id="1429"/>the<Node id="1432"/> <Node id="1433"/>federal<Node id="1440"/> <Node id="1441"/>agents<Node id="1447"/> <Node id="1448"/>had<Node id="1451"/> <Node id="1452"/>no<Node id="1454"/> <Node id="1455"/>specific<Node id="1463"/>
<Node id="1464"/>plans<Node id="1469"/> <Node id="1470"/>to<Node id="1472"/> <Node id="1473"/>use<Node id="1476"/> <Node id="1477"/>the<Node id="1480"/> <Node id="1481"/>weapon<Node id="1487"/> <Node id="1488"/>when<Node id="1492"/> <Node id="1493"/>they<Node id="1497"/> <Node id="1498"/>started<Node id="1505"/> <Node id="1506"/>to<Node id="1508"/> <Node id="1509"/>kill<Node id="1513"/> <Node id="1514"/>Weaver<Node id="1520"/>'s<Node id="1522"/> <Node id="1523"/>dog<Node id="1526"/>.<Node id="1527"/>
<Node id="1528"/>
<Node id="1529"/>When<Node id="1533"/> <Node id="1534"/>Spence<Node id="1540"/> <Node id="1541"/>asked<Node id="1546"/> <Node id="1547"/>how<Node id="1550"/> <Node id="1551"/>seven<Node id="1556"/> <Node id="1557"/>cartridges<Node id="1567"/> <Node id="1568"/>could<Node id="1573"/> <Node id="1574"/>be<Node id="1576"/> <Node id="1577"/>fired<Node id="1582"/> <Node id="1583"/>by<Node id="1585"/> <Node id="1586"/>Degan<Node id="1591"/>'s<Node id="1593"/>
<Node id="1594"/>M-<Node id="1596"/>16<Node id="1598"/> <Node id="1599"/>rifle<Node id="1604"/> <Node id="1605"/>when<Node id="1609"/> <Node id="1610"/>Degan<Node id="1615"/> <Node id="1616"/>was<Node id="1619"/> <Node id="1620"/>apparently<Node id="1630"/> <Node id="1631"/>dead<Node id="1635"/>,<Node id="1636"/> <Node id="1637"/>Cooper<Node id="1643"/> <Node id="1644"/>could<Node id="1649"/> <Node id="1650"/>not<Node id="1653"/> <Node id="1654"/>say<Node id="1657"/> <Node id="1658"/>for<Node id="1661"/>
<Node id="1662"/>sure<Node id="1666"/> <Node id="1667"/>that<Node id="1671"/> <Node id="1672"/>Degan<Node id="1677"/> <Node id="1678"/>did<Node id="1681"/> <Node id="1682"/>not<Node id="1685"/> <Node id="1686"/>return<Node id="1692"/> <Node id="1693"/>fire<Node id="1697"/> <Node id="1698"/>before<Node id="1704"/> <Node id="1705"/>going<Node id="1710"/> <Node id="1711"/>down<Node id="1715"/>.<Node id="1716"/>
<Node id="1717"/>
<Node id="1718"/>Spence<Node id="1724"/> <Node id="1725"/>continued<Node id="1734"/> <Node id="1735"/>by<Node id="1737"/> <Node id="1738"/>asking<Node id="1744"/> <Node id="1745"/>with<Node id="1749"/> <Node id="1750"/>how<Node id="1753"/> <Node id="1754"/>many<Node id="1758"/> <Node id="1759"/>agents<Node id="1765"/> <Node id="1766"/>(<Node id="1767"/>and<Node id="1770"/> <Node id="1771"/>to<Node id="1773"/> <Node id="1774"/>what<Node id="1778"/> <Node id="1779"/>extent<Node id="1785"/>)<Node id="1786"/>
<Node id="1787"/>had<Node id="1790"/> <Node id="1791"/>Cooper<Node id="1797"/> <Node id="1798"/>discussed<Node id="1807"/> <Node id="1808"/>last<Node id="1812"/> <Node id="1813"/>August<Node id="1819"/>'s<Node id="1821"/> <Node id="1822"/>events<Node id="1828"/>,<Node id="1829"/> <Node id="1830"/>Cooper<Node id="1836"/> <Node id="1837"/>responded<Node id="1846"/>,<Node id="1847"/> <Node id="1848"/>"<Node id="1849"/>If<Node id="1851"/>
<Node id="1852"/>you<Node id="1855"/>'re<Node id="1858"/> <Node id="1859"/>implying<Node id="1867"/> <Node id="1868"/>that<Node id="1872"/> <Node id="1873"/>we<Node id="1875"/> <Node id="1876"/>got<Node id="1879"/> <Node id="1880"/>our<Node id="1883"/> <Node id="1884"/>story<Node id="1889"/> <Node id="1890"/>together<Node id="1898"/>,<Node id="1899"/> <Node id="1900"/>you<Node id="1903"/>'re<Node id="1906"/> <Node id="1907"/>wrong<Node id="1912"/>,<Node id="1913"/>
<Node id="1914"/>counselor<Node id="1923"/>.<Node id="1924"/>"<Node id="1925"/> <Node id="1926"/> <Node id="1927"/>Spence<Node id="1933"/> <Node id="1934"/>continued<Node id="1943"/> <Node id="1944"/>to<Node id="1946"/> <Node id="1947"/>advance<Node id="1954"/> <Node id="1955"/>the<Node id="1958"/> <Node id="1959"/>defense<Node id="1966"/>'s<Node id="1968"/> <Node id="1969"/>version<Node id="1976"/> <Node id="1977"/>of<Node id="1979"/>
<Node id="1980"/>the<Node id="1983"/> <Node id="1984"/>events<Node id="1990"/>:<Node id="1991"/> <Node id="1992"/>Namely<Node id="1998"/>,<Node id="1999"/> <Node id="2000"/>that<Node id="2004"/> <Node id="2005"/>a<Node id="2006"/> <Node id="2007"/>marshal<Node id="2014"/> <Node id="2015"/>had<Node id="2018"/> <Node id="2019"/>started<Node id="2026"/> <Node id="2027"/>the<Node id="2030"/> <Node id="2031"/>shooting<Node id="2039"/> <Node id="2040"/>by<Node id="2042"/>
<Node id="2043"/>killing<Node id="2050"/> <Node id="2051"/>the<Node id="2054"/> <Node id="2055"/>Weaver<Node id="2061"/>'s<Node id="2063"/> <Node id="2064"/>dog<Node id="2067"/>.<Node id="2068"/> <Node id="2069"/> <Node id="2070"/>Cooper<Node id="2076"/> <Node id="2077"/>disagreed<Node id="2086"/>.<Node id="2087"/>
<Node id="2088"/>
<Node id="2089"/>Assistant<Node id="2098"/> <Node id="2099"/>U<Node id="2100"/>.<Node id="2101"/>S<Node id="2102"/>.<Node id="2103"/> <Node id="2104"/>Attorney<Node id="2112"/> <Node id="2113"/>Ronald<Node id="2119"/> <Node id="2120"/>Howen<Node id="2125"/> <Node id="2126"/>repeatedly<Node id="2136"/> <Node id="2137"/>objected<Node id="2145"/> <Node id="2146"/>to<Node id="2148"/> <Node id="2149"/>Spence<Node id="2155"/>'s<Node id="2157"/>
<Node id="2158"/>virulent<Node id="2166"/> <Node id="2167"/>cross-examination<Node id="2184"/> <Node id="2185"/>of<Node id="2187"/> <Node id="2188"/>agent<Node id="2193"/> <Node id="2194"/>Cooper<Node id="2200"/>,<Node id="2201"/> <Node id="2202"/>arguing<Node id="2209"/> <Node id="2210"/>that<Node id="2214"/> <Node id="2215"/>the<Node id="2218"/> <Node id="2219"/>questions<Node id="2228"/>
<Node id="2229"/>were<Node id="2233"/> <Node id="2234"/>repetitive<Node id="2244"/> <Node id="2245"/>and<Node id="2248"/> <Node id="2249"/>Spence<Node id="2255"/> <Node id="2256"/>was<Node id="2259"/> <Node id="2260"/>wasting<Node id="2267"/> <Node id="2268"/>time<Node id="2272"/>.<Node id="2273"/> <Node id="2274"/> <Node id="2275"/>Howen<Node id="2280"/> <Node id="2281"/>also<Node id="2285"/> <Node id="2286"/>complained<Node id="2296"/> <Node id="2297"/>
<Node id="2298"/>that<Node id="2302"/> <Node id="2303"/>Spence<Node id="2309"/> <Node id="2310"/>was<Node id="2313"/> <Node id="2314"/>improperly<Node id="2324"/> <Node id="2325"/>using<Node id="2330"/> <Node id="2331"/>a<Node id="2332"/> <Node id="2333"/>cross-examination<Node id="2350"/> <Node id="2351"/>to<Node id="2353"/> <Node id="2354"/>advance<Node id="2361"/> <Node id="2362"/>the<Node id="2365"/>
<Node id="2366"/>defense<Node id="2373"/>'s<Node id="2375"/> <Node id="2376"/>version<Node id="2383"/> <Node id="2384"/>of<Node id="2386"/> <Node id="2387"/>the<Node id="2390"/> <Node id="2391"/>events<Node id="2397"/>.<Node id="2398"/> <Node id="2399"/> <Node id="2400"/>U<Node id="2401"/>.<Node id="2402"/>S<Node id="2403"/>.<Node id="2404"/> <Node id="2405"/>District<Node id="2413"/> <Node id="2414"/>Judge<Node id="2419"/> <Node id="2420"/>Edward<Node id="2426"/> <Node id="2427"/>Lodge<Node id="2432"/>
<Node id="2433"/>sustained<Node id="2442"/> <Node id="2443"/>many<Node id="2447"/> <Node id="2448"/>of<Node id="2450"/> <Node id="2451"/>the<Node id="2454"/> <Node id="2455"/>objections<Node id="2465"/>;<Node id="2466"/> <Node id="2467"/>however<Node id="2474"/>,<Node id="2475"/> <Node id="2476"/>both<Node id="2480"/> <Node id="2481"/>lawyers<Node id="2488"/> <Node id="2489"/>persisted<Node id="2498"/>
<Node id="2499"/>until<Node id="2504"/> <Node id="2505"/>Judge<Node id="2510"/> <Node id="2511"/>Lodge<Node id="2516"/> <Node id="2517"/>had<Node id="2520"/> <Node id="2521"/>the<Node id="2524"/> <Node id="2525"/>jury<Node id="2529"/> <Node id="2530"/>leave<Node id="2535"/> <Node id="2536"/>the<Node id="2539"/> <Node id="2540"/>room<Node id="2544"/> <Node id="2545"/>and<Node id="2548"/> <Node id="2549"/>proceded<Node id="2557"/> <Node id="2558"/>to<Node id="2560"/>
<Node id="2561"/>admonish<Node id="2569"/> <Node id="2570"/>both<Node id="2574"/> <Node id="2575"/>attorneys<Node id="2584"/>.<Node id="2585"/> <Node id="2586"/> <Node id="2587"/>"<Node id="2588"/>I<Node id="2589"/>'m<Node id="2591"/> <Node id="2592"/>not<Node id="2595"/> <Node id="2596"/>going<Node id="2601"/> <Node id="2602"/>to<Node id="2604"/> <Node id="2605"/>play<Node id="2609"/> <Node id="2610"/>games<Node id="2615"/> <Node id="2616"/>with<Node id="2620"/> <Node id="2621"/>either<Node id="2627"/>
<Node id="2628"/>counsel<Node id="2635"/>.<Node id="2636"/> <Node id="2637"/> <Node id="2638"/>This<Node id="2642"/> <Node id="2643"/>has<Node id="2646"/> <Node id="2647"/>been<Node id="2651"/> <Node id="2652"/>a<Node id="2653"/> <Node id="2654"/>personality<Node id="2665"/> <Node id="2666"/>problem<Node id="2673"/> <Node id="2674"/>from<Node id="2678"/> <Node id="2679"/>day<Node id="2682"/> <Node id="2683"/>1<Node id="2684"/>,<Node id="2685"/> <Node id="2686"/>so<Node id="2688"/> <Node id="2689"/>start<Node id="2694"/>
<Node id="2695"/>acting<Node id="2701"/> <Node id="2702"/>like<Node id="2706"/> <Node id="2707"/>professionals<Node id="2720"/>.<Node id="2721"/>"<Node id="2722"/>
<Node id="2723"/>
<Node id="2724"/>Spence<Node id="2730"/> <Node id="2731"/>told<Node id="2735"/> <Node id="2736"/>the<Node id="2739"/> <Node id="2740"/>judge<Node id="2745"/> <Node id="2746"/>that<Node id="2750"/>,<Node id="2751"/> <Node id="2752"/>"<Node id="2753"/>When<Node id="2757"/> <Node id="2758"/>all<Node id="2761"/> <Node id="2762"/>the<Node id="2765"/> <Node id="2766"/>evidence<Node id="2774"/> <Node id="2775"/>is<Node id="2777"/> <Node id="2778"/>in<Node id="2780"/>,<Node id="2781"/> <Node id="2782"/>we<Node id="2784"/>'ll<Node id="2787"/> <Node id="2788"/>see<Node id="2791"/>
<Node id="2792"/>that<Node id="2796"/> <Node id="2797"/>.<Node id="2798"/>.<Node id="2799"/>.<Node id="2800"/> <Node id="2801"/>his<Node id="2804"/> <Node id="2805"/>[<Node id="2806"/>agent<Node id="2811"/> <Node id="2812"/>Larry<Node id="2817"/> <Node id="2818"/>Cooper<Node id="2824"/>]<Node id="2825"/> <Node id="2826"/>testimony<Node id="2835"/> <Node id="2836"/>is<Node id="2838"/> <Node id="2839"/>not<Node id="2842"/> <Node id="2843"/>credible<Node id="2851"/>,<Node id="2852"/> <Node id="2853"/>that<Node id="2857"/>
<Node id="2858"/>he<Node id="2860"/> <Node id="2861"/>was<Node id="2864"/> <Node id="2865"/>panicked<Node id="2873"/> <Node id="2874"/>and<Node id="2877"/> <Node id="2878"/>can<Node id="2881"/>not<Node id="2884"/> <Node id="2885"/>remember<Node id="2893"/> <Node id="2894"/>the<Node id="2897"/> <Node id="2898"/>sequence<Node id="2906"/> <Node id="2907"/>of<Node id="2909"/> <Node id="2910"/>events<Node id="2916"/>.<Node id="2917"/>"<Node id="2918"/> <Node id="2919"/>
<Node id="2920"/>Spence<Node id="2926"/> <Node id="2927"/>continued<Node id="2936"/>,<Node id="2937"/> <Node id="2938"/>"<Node id="2939"/>We<Node id="2941"/>'re<Node id="2944"/> <Node id="2945"/>going<Node id="2950"/> <Node id="2951"/>to<Node id="2953"/> <Node id="2954"/>find<Node id="2958"/>.<Node id="2959"/>.<Node id="2960"/>.<Node id="2961"/>that<Node id="2965"/> <Node id="2966"/>there<Node id="2971"/> <Node id="2972"/>is<Node id="2974"/> <Node id="2975"/>a<Node id="2976"/> <Node id="2977"/>very<Node id="2981"/> <Node id="2982"/>unlikely<Node id="2990"/>
<Node id="2991"/>similarity<Node id="3001"/> <Node id="3002"/>-<Node id="3003"/> <Node id="3004"/>almost<Node id="3010"/> <Node id="3011"/>as<Node id="3013"/> <Node id="3014"/>if<Node id="3016"/> <Node id="3017"/>it<Node id="3019"/> <Node id="3020"/>had<Node id="3023"/> <Node id="3024"/>come<Node id="3028"/> <Node id="3029"/>out<Node id="3032"/> <Node id="3033"/>of<Node id="3035"/> <Node id="3036"/>a<Node id="3037"/> <Node id="3038"/>cookie<Node id="3044"/> <Node id="3045"/>cutter<Node id="3051"/> <Node id="3052"/>-<Node id="3053"/> <Node id="3054"/>between<Node id="3061"/>
<Node id="3062"/>the<Node id="3065"/> <Node id="3066"/>testimony<Node id="3075"/> <Node id="3076"/>of<Node id="3078"/> <Node id="3079"/>Mr<Node id="3081"/>.<Node id="3082"/> <Node id="3083"/>Cooper<Node id="3089"/> <Node id="3090"/>and<Node id="3093"/> <Node id="3094"/>the<Node id="3097"/> <Node id="3098"/>other<Node id="3103"/> <Node id="3104"/>witnesses<Node id="3113"/>.<Node id="3114"/>"<Node id="3115"/>
<Node id="3116"/>
<Node id="3117"/>Spence<Node id="3123"/> <Node id="3124"/>then<Node id="3128"/> <Node id="3129"/>moved<Node id="3134"/> <Node id="3135"/>for<Node id="3138"/> <Node id="3139"/>a<Node id="3140"/> <Node id="3141"/>mistrial<Node id="3149"/> <Node id="3150"/>on<Node id="3152"/> <Node id="3153"/>the<Node id="3156"/> <Node id="3157"/>grounds<Node id="3164"/> <Node id="3165"/>that<Node id="3169"/> <Node id="3170"/>Howen<Node id="3175"/>'s<Node id="3177"/> <Node id="3178"/>repeated<Node id="3186"/>
<Node id="3187"/>objections<Node id="3197"/> <Node id="3198"/>would<Node id="3203"/> <Node id="3204"/>prevent<Node id="3211"/> <Node id="3212"/>a<Node id="3213"/> <Node id="3214"/>fair<Node id="3218"/> <Node id="3219"/>trial<Node id="3224"/>,<Node id="3225"/> <Node id="3226"/>"<Node id="3227"/>We<Node id="3229"/> <Node id="3230"/>ca<Node id="3232"/>n't<Node id="3235"/> <Node id="3236"/>have<Node id="3240"/> <Node id="3241"/>a<Node id="3242"/> <Node id="3243"/>fair<Node id="3247"/> <Node id="3248"/>trial<Node id="3253"/> <Node id="3254"/>if<Node id="3256"/> <Node id="3257"/>the<Node id="3260"/>
<Node id="3261"/>jury<Node id="3265"/> <Node id="3266"/>believes<Node id="3274"/> <Node id="3275"/>I<Node id="3276"/>'m<Node id="3278"/> <Node id="3279"/>some<Node id="3283"/> <Node id="3284"/>sort<Node id="3288"/> <Node id="3289"/>of<Node id="3291"/> <Node id="3292"/>charlatan<Node id="3301"/>,<Node id="3302"/> <Node id="3303"/>if<Node id="3305"/> <Node id="3306"/>the<Node id="3309"/> <Node id="3310"/>jury<Node id="3314"/> <Node id="3315"/>believes<Node id="3323"/> <Node id="3324"/>I<Node id="3325"/>'m<Node id="3327"/>
<Node id="3328"/>bending<Node id="3335"/> <Node id="3336"/>the<Node id="3339"/> <Node id="3340"/>rules<Node id="3345"/> <Node id="3346"/>or<Node id="3348"/> <Node id="3349"/>engaging<Node id="3357"/> <Node id="3358"/>in<Node id="3360"/> <Node id="3361"/>some<Node id="3365"/> <Node id="3366"/>delaying<Node id="3374"/> <Node id="3375"/>tactic<Node id="3381"/> <Node id="3382"/>or<Node id="3384"/> <Node id="3385"/>that<Node id="3389"/> <Node id="3390"/>I<Node id="3391"/>'m<Node id="3393"/>
<Node id="3394"/>violating<Node id="3403"/> <Node id="3404"/>court<Node id="3409"/> <Node id="3410"/>orders<Node id="3416"/>.<Node id="3417"/>"<Node id="3418"/>
<Node id="3419"/>
<Node id="3420"/>Judge<Node id="3425"/> <Node id="3426"/>Lodge<Node id="3431"/> <Node id="3432"/>called<Node id="3438"/> <Node id="3439"/>the<Node id="3442"/> <Node id="3443"/>notion<Node id="3449"/> <Node id="3450"/>that<Node id="3454"/> <Node id="3455"/>his<Node id="3458"/> <Node id="3459"/>repeated<Node id="3467"/> <Node id="3468"/>sustainings<Node id="3479"/> <Node id="3480"/>of<Node id="3482"/> <Node id="3483"/>Howen<Node id="3488"/>'s<Node id="3490"/>
<Node id="3491"/>objections<Node id="3501"/> <Node id="3502"/>had<Node id="3505"/> <Node id="3506"/>somehow<Node id="3513"/> <Node id="3514"/>prejudiced<Node id="3524"/> <Node id="3525"/>the<Node id="3528"/> <Node id="3529"/>jury<Node id="3533"/> <Node id="3534"/>was<Node id="3537"/> <Node id="3538"/>"<Node id="3539"/>preposterous<Node id="3551"/>"<Node id="3552"/> <Node id="3553"/>and<Node id="3556"/>
<Node id="3557"/>denied<Node id="3563"/> <Node id="3564"/>the<Node id="3567"/> <Node id="3568"/>motion<Node id="3574"/> <Node id="3575"/>for<Node id="3578"/> <Node id="3579"/>a<Node id="3580"/> <Node id="3581"/>mistrial<Node id="3589"/>.<Node id="3590"/> <Node id="3591"/> <Node id="3592"/>Lodge<Node id="3597"/> <Node id="3598"/>did<Node id="3601"/> <Node id="3602"/>tell<Node id="3606"/> <Node id="3607"/>Howen<Node id="3612"/> <Node id="3613"/>to<Node id="3615"/> <Node id="3616"/>restrict<Node id="3624"/>
<Node id="3625"/>his<Node id="3628"/> <Node id="3629"/>comments<Node id="3637"/> <Node id="3638"/>when<Node id="3642"/> <Node id="3643"/>objecting<Node id="3652"/>.<Node id="3653"/>
<Node id="3654"/>
<Node id="3655"/>The<Node id="3658"/> <Node id="3659"/>trial<Node id="3664"/> <Node id="3665"/>resumed<Node id="3672"/> <Node id="3673"/>with<Node id="3677"/> <Node id="3678"/>the<Node id="3681"/> <Node id="3682"/>prosecution<Node id="3693"/> <Node id="3694"/>calling<Node id="3701"/> <Node id="3702"/>FBI<Node id="3705"/> <Node id="3706"/>Special<Node id="3713"/> <Node id="3714"/>Agent<Node id="3719"/> <Node id="3720"/>Greg<Node id="3724"/>
<Node id="3725"/>Rampton<Node id="3732"/>.<Node id="3733"/> <Node id="3734"/> <Node id="3735"/>The<Node id="3738"/> <Node id="3739"/>prosecution<Node id="3750"/>'s<Node id="3752"/> <Node id="3753"/>purpose<Node id="3760"/> <Node id="3761"/>was<Node id="3764"/> <Node id="3765"/>simply<Node id="3771"/> <Node id="3772"/>to<Node id="3774"/> <Node id="3775"/>introduce<Node id="3784"/> <Node id="3785"/>five<Node id="3789"/>
<Node id="3790"/>weapons<Node id="3797"/> <Node id="3798"/>found<Node id="3803"/> <Node id="3804"/>in<Node id="3806"/> <Node id="3807"/>the<Node id="3810"/> <Node id="3811"/>cabin<Node id="3816"/> <Node id="3817"/>as<Node id="3819"/> <Node id="3820"/>evidence<Node id="3828"/>:<Node id="3829"/> <Node id="3830"/>However<Node id="3837"/>,<Node id="3838"/> <Node id="3839"/>the<Node id="3842"/> <Node id="3843"/>defense<Node id="3850"/> <Node id="3851"/>seized<Node id="3857"/>
<Node id="3858"/>on<Node id="3860"/> <Node id="3861"/>the<Node id="3864"/> <Node id="3865"/>opportunity<Node id="3876"/> <Node id="3877"/>to<Node id="3879"/> <Node id="3880"/>further<Node id="3887"/> <Node id="3888"/>address<Node id="3895"/> <Node id="3896"/>Cooper<Node id="3902"/>'s<Node id="3904"/> <Node id="3905"/>credibility<Node id="3916"/>.<Node id="3917"/>
<Node id="3918"/>
<Node id="3919"/>Defense<Node id="3926"/> <Node id="3927"/>attorney<Node id="3935"/> <Node id="3936"/>Ellison<Node id="3943"/> <Node id="3944"/>Matthews<Node id="3952"/> <Node id="3953"/>(<Node id="3954"/>Harris<Node id="3960"/>'<Node id="3961"/> <Node id="3962"/>other<Node id="3967"/> <Node id="3968"/>attorney<Node id="3976"/>)<Node id="3977"/> <Node id="3978"/>questioned<Node id="3988"/>
<Node id="3989"/>Rampton<Node id="3996"/> <Node id="3997"/>about<Node id="4002"/> <Node id="4003"/>the<Node id="4006"/> <Node id="4007"/>dog<Node id="4010"/>.<Node id="4011"/> <Node id="4012"/> <Node id="4013"/>Rampton<Node id="4020"/> <Node id="4021"/>stated<Node id="4027"/> <Node id="4028"/>that<Node id="4032"/> <Node id="4033"/>there<Node id="4038"/> <Node id="4039"/>were<Node id="4043"/> <Node id="4044"/>no<Node id="4046"/> <Node id="4047"/>specific<Node id="4055"/>
<Node id="4056"/>plans<Node id="4061"/> <Node id="4062"/>to<Node id="4064"/> <Node id="4065"/>kill<Node id="4069"/> <Node id="4070"/>the<Node id="4073"/> <Node id="4074"/>Weaver<Node id="4080"/>'s<Node id="4082"/> <Node id="4083"/>dog<Node id="4086"/> <Node id="4087"/>without<Node id="4094"/> <Node id="4095"/>being<Node id="4100"/> <Node id="4101"/>detected<Node id="4109"/>.<Node id="4110"/> <Node id="4111"/> <Node id="4112"/>Matthews<Node id="4120"/> <Node id="4121"/>then<Node id="4125"/>
<Node id="4126"/>had<Node id="4129"/> <Node id="4130"/>Rampton<Node id="4137"/> <Node id="4138"/>read<Node id="4142"/> <Node id="4143"/> <Node id="4144"/>a<Node id="4145"/> <Node id="4146"/>Septtember<Node id="4156"/> <Node id="4157"/>15<Node id="4159"/>,<Node id="4160"/> <Node id="4161"/>1992<Node id="4165"/> <Node id="4166"/>transcript<Node id="4176"/> <Node id="4177"/>in<Node id="4179"/> <Node id="4180"/>which<Node id="4185"/> <Node id="4186"/>Rampton<Node id="4193"/>
<Node id="4194"/>had<Node id="4197"/> <Node id="4198"/>said<Node id="4202"/> <Node id="4203"/>that<Node id="4207"/> <Node id="4208"/>Cooper<Node id="4214"/> <Node id="4215"/>had<Node id="4218"/> <Node id="4219"/>said<Node id="4223"/> <Node id="4224"/>that<Node id="4228"/> <Node id="4229"/>the<Node id="4232"/> <Node id="4233"/>purpose<Node id="4240"/> <Node id="4241"/>of<Node id="4243"/> <Node id="4244"/>the<Node id="4247"/> <Node id="4248"/>silenced<Node id="4256"/> <Node id="4257"/>weapon<Node id="4263"/>
<Node id="4264"/>was<Node id="4267"/> <Node id="4268"/>to<Node id="4270"/> <Node id="4271"/>kill<Node id="4275"/> <Node id="4276"/>the<Node id="4279"/> <Node id="4280"/>dog<Node id="4283"/> <Node id="4284"/>without<Node id="4291"/> <Node id="4292"/>being<Node id="4297"/> <Node id="4298"/>detected<Node id="4306"/>,<Node id="4307"/> <Node id="4308"/>if<Node id="4310"/> <Node id="4311"/>the<Node id="4314"/> <Node id="4315"/>dog<Node id="4318"/> <Node id="4319"/>chased<Node id="4325"/> <Node id="4326"/>them<Node id="4330"/>.<Node id="4331"/>
<Node id="4332"/>Rampton<Node id="4339"/> <Node id="4340"/>then<Node id="4344"/> <Node id="4345"/>acknowledged<Node id="4357"/> <Node id="4358"/>that<Node id="4362"/> <Node id="4363"/>he<Node id="4365"/> <Node id="4366"/>believed<Node id="4374"/> <Node id="4375"/>that<Node id="4379"/> <Node id="4380"/>Cooper<Node id="4386"/> <Node id="4387"/>had<Node id="4390"/> <Node id="4391"/>said<Node id="4395"/> <Node id="4396"/>that<Node id="4400"/>,<Node id="4401"/>
<Node id="4402"/>but<Node id="4405"/> <Node id="4406"/>he<Node id="4408"/> <Node id="4409"/>could<Node id="4414"/> <Node id="4415"/>not<Node id="4418"/> <Node id="4419"/>remember<Node id="4427"/> <Node id="4428"/>when<Node id="4432"/>.<Node id="4433"/> <Node id="4434"/> <Node id="4435"/>He<Node id="4437"/> <Node id="4438"/>then<Node id="4442"/> <Node id="4443"/>stated<Node id="4449"/> <Node id="4450"/>that<Node id="4454"/>,<Node id="4455"/> <Node id="4456"/>"<Node id="4457"/>I<Node id="4458"/> <Node id="4459"/>did<Node id="4462"/> <Node id="4463"/>not<Node id="4466"/> <Node id="4467"/>conduct<Node id="4474"/>
<Node id="4475"/>the<Node id="4478"/> <Node id="4479"/>primary<Node id="4486"/> <Node id="4487"/>interview<Node id="4496"/> <Node id="4497"/>with<Node id="4501"/> <Node id="4502"/>Deputy<Node id="4508"/> <Node id="4509"/>Cooper<Node id="4515"/>,<Node id="4516"/> <Node id="4517"/>but<Node id="4520"/> <Node id="4521"/>I<Node id="4522"/> <Node id="4523"/>have<Node id="4527"/> <Node id="4528"/>had<Node id="4531"/> <Node id="4532"/>conversations<Node id="4545"/>
<Node id="4546"/>with<Node id="4550"/> <Node id="4551"/>him<Node id="4554"/> <Node id="4555"/>since<Node id="4560"/> <Node id="4561"/>the<Node id="4564"/> <Node id="4565"/>interview<Node id="4574"/> <Node id="4575"/>was<Node id="4578"/> <Node id="4579"/>conducted<Node id="4588"/>.<Node id="4589"/>"<Node id="4590"/>
<Node id="4591"/>
<Node id="4592"/>Monday<Node id="4598"/>,<Node id="4599"/> <Node id="4600"/>April<Node id="4605"/> <Node id="4606"/>19<Node id="4608"/>,<Node id="4609"/> <Node id="4610"/>1993<Node id="4614"/> <Node id="4615"/>will<Node id="4619"/> <Node id="4620"/>begin<Node id="4625"/> <Node id="4626"/>the<Node id="4629"/> <Node id="4630"/>fifth<Node id="4635"/> <Node id="4636"/>day<Node id="4639"/> <Node id="4640"/>of<Node id="4642"/> <Node id="4643"/>the<Node id="4646"/> <Node id="4647"/>trial<Node id="4652"/>.<Node id="4653"/> <Node id="4654"/> <Node id="4655"/>Scheduled<Node id="4664"/>
<Node id="4665"/>is<Node id="4667"/> <Node id="4668"/>the<Node id="4671"/> <Node id="4672"/>continued<Node id="4681"/> <Node id="4682"/>cross-examination<Node id="4699"/> <Node id="4700"/>of<Node id="4702"/> <Node id="4703"/>FBI<Node id="4706"/> <Node id="4707"/>agent<Node id="4712"/> <Node id="4713"/>Greg<Node id="4717"/> <Node id="4718"/>Rampton<Node id="4725"/>.<Node id="4726"/>
<Node id="4727"/>
<Node id="4728"/>
<Node id="4729"/></TextWithNodes>
<!-- The default annotation set -->

<AnnotationSet>
<Annotation EndNode="4729" StartNode="0" Type="Mention" Id="9999999">
<Feature>
<Name classname="java.lang.String">Class</Name>
<Value classname="java.lang.String">0</Value>
</Feature>
</Annotation>

<Annotation Id="12" Type="Token" StartNode="28" EndNode="34">
<Feature>
  <Name className="java.lang.String">string</Name>
  <Value className="java.lang.String">Andrew</Value>
</Feature>
</Annotation>
<Annotation Id="17" Type="Token" StartNode="41" EndNode="49">
<Feature>
  <Name className="java.lang.String">string</Name>
  <Value className="java.lang.String">Message-</Value>
</Feature>
</Annotation>
<Annotation Id="26" Type="Token" StartNode="64" EndNode="70">
</Annotation>
<Annotation Id="30" Type="Token" StartNode="76" EndNode="84">
<Feature>
  <Name className="java.lang.String">string</Name>
  <Value className="java.lang.String">guinness</Value>
</Feature>
</Annotation>
<Annotation Id="37" Type="Token" StartNode="96" EndNode="102">
<Feature>
  <Name className="java.lang.String">string</Name>
  <Value className="java.lang.String">Sender</Value>
</Feature>
</Annotation>
<Annotation Id="42" Type="Token" StartNode="111" EndNode="119">
<Feature>
  <Name className="java.lang.String">string</Name>
  <Value className="java.lang.String">guinness</Value>
</Feature>
</Annotation>
<Annotation Id="40" Type="Token" StartNode="104" EndNode="110">
<Feature>
  <Name className="java.lang.String">string</Name>
  <Value className="java.lang.String">usenet</Value>
</Feature>
</Annotation>
<Annotation Id="49" Type="Token" StartNode="131" EndNode="137">
<Feature>
  <Name className="java.lang.String">string</Name>
  <Value className="java.lang.String">Usenet</Value>
</Feature>
</Annotation>
<Annotation Id="57" Type="Token" StartNode="154" EndNode="162">
<Feature>
  <Name className="java.lang.String">string</Name>
  <Value className="java.lang.String">Posting-</Value>
</Feature>
</Annotation>
<Annotation Id="63" Type="Token" StartNode="174" EndNode="186">
<Feature>
  <Name className="java.lang.String">string</Name>
  <Value className="java.lang.String">Organization</Value>
</Feature>
</Annotation>
<Annotation Id="66" Type="Token" StartNode="188" EndNode="196">
<Feature>
  <Name className="java.lang.String">string</Name>
  <Value className="java.lang.String">SigSauer</Value>
</Feature>
</Annotation>
<Annotation Id="110" Type="Token" StartNode="284" EndNode="294">
<Feature>
  <Name className="java.lang.String">string</Name>
  <Value className="java.lang.String">summarized</Value>
</Feature>
</Annotation>
<Annotation Id="106" Type="Token" StartNode="272" EndNode="279">
<Feature>
  <Name className="java.lang.String">string</Name>
  <Value className="java.lang.String">updates</Value>
</Feature>
</Annotation>
<Annotation Id="114" Type="Token" StartNode="300" EndNode="307">
<Feature>
  <Name className="java.lang.String">string</Name>
  <Value className="java.lang.String">reports</Value>
</Feature>
</Annotation>
<Annotation Id="123" Type="Token" StartNode="322" EndNode="331">
<Feature>
  <Name className="java.lang.String">string</Name>
  <Value className="java.lang.String">Statesman</Value>
</Feature>
</Annotation>
<Annotation Id="136" Type="Token" StartNode="361" EndNode="371">
<Feature>
  <Name className="java.lang.String">string</Name>
  <Value className="java.lang.String">television</Value>
</Feature>
</Annotation>
<Annotation Id="138" Type="Token" StartNode="372" EndNode="379">
<Feature>
  <Name className="java.lang.String">string</Name>
  <Value className="java.lang.String">station</Value>
</Feature>
</Annotation>
<Annotation Id="143" Type="Token" StartNode="386" EndNode="393">
<Feature>
  <Name className="java.lang.String">string</Name>
  <Value className="java.lang.String">Channel</Value>
</Feature>
</Annotation>
<Annotation Id="134" Type="Token" StartNode="351" EndNode="360">
<Feature>
  <Name className="java.lang.String">string</Name>
  <Value className="java.lang.String">affiliate</Value>
</Feature>
</Annotation>
<Annotation Id="155" Type="Token" StartNode="417" EndNode="423">
<Feature>
  <Name className="java.lang.String">string</Name>
  <Value className="java.lang.String">Harris</Value>
</Feature>
</Annotation>
<Annotation Id="159" Type="Token" StartNode="430" EndNode="436">
<Feature>
  <Name className="java.lang.String">string</Name>
  <Value className="java.lang.String">update</Value>
</Feature>
</Annotation>
<Annotation Id="151" Type="Token" StartNode="404" EndNode="410">
<Feature>
  <Name className="java.lang.String">string</Name>
  <Value className="java.lang.String">Weaver</Value>
</Feature>
</Annotation>
<Annotation Id="168" Type="Token" StartNode="446" EndNode="452">
<Feature>
  <Name className="java.lang.String">string</Name>
  <Value className="java.lang.String">Friday</Value>
</Feature>
</Annotation>
<Annotation Id="182" Type="Token" StartNode="477" EndNode="483">
<Feature>
  <Name className="java.lang.String">string</Name>
  <Value className="java.lang.String">fourth</Value>
</Feature>
</Annotation>
<Annotation Id="205" Type="Token" StartNode="543" EndNode="557">
<Feature>
  <Name className="java.lang.String">string</Name>
  <Value className="java.lang.String">cross-examined</Value>
</Feature>
</Annotation>
<Annotation Id="203" Type="Token" StartNode="536" EndNode="542">
<Feature>
  <Name className="java.lang.String">string</Name>
  <Value className="java.lang.String">Spence</Value>
</Feature>
</Annotation>
<Annotation Id="197" Type="Token" StartNode="513" EndNode="520">
<Feature>
  <Name className="java.lang.String">string</Name>
  <Value className="java.lang.String">Defense</Value>
</Feature>
</Annotation>
<Annotation Id="199" Type="Token" StartNode="521" EndNode="529">
<Feature>
  <Name className="java.lang.String">string</Name>
  <Value className="java.lang.String">attorney</Value>
</Feature>
</Annotation>
<Annotation Id="194" Type="Token" StartNode="503" EndNode="511">
<Feature>
  <Name className="java.lang.String">string</Name>
  <Value className="java.lang.String">Synopsis</Value>
</Feature>
</Annotation>
<Annotation Id="221" Type="Token" StartNode="613" EndNode="619">
<Feature>
  <Name className="java.lang.String">string</Name>
  <Value className="java.lang.String">Ronald</Value>
</Feature>
</Annotation>
<Annotation Id="219" Type="Token" StartNode="602" EndNode="612">
<Feature>
  <Name className="java.lang.String">string</Name>
  <Value className="java.lang.String">prosecutor</Value>
</Feature>
</Annotation>
<Annotation Id="213" Type="Token" StartNode="577" EndNode="585">
<Feature>
  <Name className="java.lang.String">string</Name>
  <Value className="java.lang.String">repeated</Value>
</Feature>
</Annotation>
<Annotation Id="215" Type="Token" StartNode="586" EndNode="596">
<Feature>
  <Name className="java.lang.String">string</Name>
  <Value className="java.lang.String">objections</Value>
</Feature>
</Annotation>
<Annotation Id="209" Type="Token" StartNode="564" EndNode="570">
<Feature>
  <Name className="java.lang.String">string</Name>
  <Value className="java.lang.String">Cooper</Value>
</Feature>
</Annotation>
<Annotation Id="235" Type="Token" StartNode="647" EndNode="655">
<Feature>
  <Name className="java.lang.String">string</Name>
  <Value className="java.lang.String">mistrial</Value>
</Feature>
</Annotation>
<Annotation Id="227" Type="Token" StartNode="628" EndNode="634">
<Feature>
  <Name className="java.lang.String">string</Name>
  <Value className="java.lang.String">Spence</Value>
</Feature>
</Annotation>
<Annotation Id="251" Type="Token" StartNode="685" EndNode="691">
<Feature>
  <Name className="java.lang.String">string</Name>
  <Value className="java.lang.String">marked</Value>
</Feature>
</Annotation>
<Annotation Id="241" Type="Token" StartNode="664" EndNode="670">
<Feature>
  <Name className="java.lang.String">string</Name>
  <Value className="java.lang.String">denied</Value>
</Feature>
</Annotation>
<Annotation Id="275" Type="Token" StartNode="765" EndNode="773">
<Feature>
  <Name className="java.lang.String">string</Name>
  <Value className="java.lang.String">attorney</Value>
</Feature>
</Annotation>
<Annotation Id="273" Type="Token" StartNode="757" EndNode="764">
<Feature>
  <Name className="java.lang.String">string</Name>
  <Value className="java.lang.String">defense</Value>
</Feature>
</Annotation>
<Annotation Id="279" Type="Token" StartNode="780" EndNode="786">
<Feature>
  <Name className="java.lang.String">string</Name>
  <Value className="java.lang.String">Spence</Value>
</Feature>
</Annotation>
<Annotation Id="283" Type="Token" StartNode="789" EndNode="797">
<Feature>
  <Name className="java.lang.String">string</Name>
  <Value className="java.lang.String">Although</Value>
</Feature>
</Annotation>
<Annotation Id="285" Type="Token" StartNode="798" EndNode="804">
<Feature>
  <Name className="java.lang.String">string</Name>
  <Value className="java.lang.String">Spence</Value>
</Feature>
</Annotation>
<Annotation Id="259" Type="Token" StartNode="705" EndNode="722">
<Feature>
  <Name className="java.lang.String">string</Name>
  <Value className="java.lang.String">cross-examination</Value>
</Feature>
</Annotation>
<Annotation Id="257" Type="Token" StartNode="697" EndNode="704">
<Feature>
  <Name className="java.lang.String">string</Name>
  <Value className="java.lang.String">caustic</Value>
</Feature>
</Annotation>
<Annotation Id="263" Type="Token" StartNode="726" EndNode="732">
<Feature>
  <Name className="java.lang.String">string</Name>
  <Value className="java.lang.String">Deputy</Value>
</Feature>
</Annotation>
<Annotation Id="265" Type="Token" StartNode="733" EndNode="740">
<Feature>
  <Name className="java.lang.String">string</Name>
  <Value className="java.lang.String">Marshal</Value>
</Feature>
</Annotation>
<Annotation Id="269" Type="Token" StartNode="747" EndNode="753">
<Feature>
  <Name className="java.lang.String">string</Name>
  <Value className="java.lang.String">Cooper</Value>
</Feature>
</Annotation>
<Annotation Id="306" Type="Token" StartNode="852" EndNode="859">
<Feature>
  <Name className="java.lang.String">string</Name>
  <Value className="java.lang.String">stategy</Value>
</Feature>
</Annotation>
<Annotation Id="310" Type="Token" StartNode="865" EndNode="872">
<Feature>
  <Name className="java.lang.String">string</Name>
  <Value className="java.lang.String">involve</Value>
</Feature>
</Annotation>
<Annotation Id="312" Type="Token" StartNode="873" EndNode="883">
<Feature>
  <Name className="java.lang.String">string</Name>
  <Value className="java.lang.String">destroying</Value>
</Feature>
</Annotation>
<Annotation Id="316" Type="Token" StartNode="888" EndNode="899">
<Feature>
  <Name className="java.lang.String">string</Name>
  <Value className="java.lang.String">credibility</Value>
</Feature>
</Annotation>
<Annotation Id="291" Type="Token" StartNode="813" EndNode="823">
<Feature>
  <Name className="java.lang.String">string</Name>
  <Value className="java.lang.String">explicitly</Value>
</Feature>
</Annotation>
<Annotation Id="293" Type="Token" StartNode="824" EndNode="830">
<Feature>
  <Name className="java.lang.String">string</Name>
  <Value className="java.lang.String">stated</Value>
</Feature>
</Annotation>
<Annotation Id="338" Type="Token" StartNode="950" EndNode="960">
<Feature>
  <Name className="java.lang.String">string</Name>
  <Value className="java.lang.String">eyewitness</Value>
</Feature>
</Annotation>
<Annotation Id="326" Type="Token" StartNode="918" EndNode="924">
<Feature>
  <Name className="java.lang.String">string</Name>
  <Value className="java.lang.String">Cooper</Value>
</Feature>
</Annotation>
<Annotation Id="322" Type="Token" StartNode="909" EndNode="915">
<Feature>
  <Name className="java.lang.String">string</Name>
  <Value className="java.lang.String">Cooper</Value>
</Feature>
</Annotation>
<Annotation Id="332" Type="Token" StartNode="932" EndNode="942">
<Feature>
  <Name className="java.lang.String">string</Name>
  <Value className="java.lang.String">government</Value>
</Feature>
</Annotation>
<Annotation Id="373" Type="Token" StartNode="1065" EndNode="1071">
<Feature>
  <Name className="java.lang.String">string</Name>
  <Value className="java.lang.String">Cooper</Value>
</Feature>
</Annotation>
<Annotation Id="369" Type="Token" StartNode="1043" EndNode="1056">
<Feature>
  <Name className="java.lang.String">string</Name>
  <Value className="java.lang.String">discrepancies</Value>
</Feature>
</Annotation>
<Annotation Id="371" Type="Token" StartNode="1057" EndNode="1064">
<Feature>
  <Name className="java.lang.String">string</Name>
  <Value className="java.lang.String">between</Value>
</Feature>
</Annotation>
<Annotation Id="381" Type="Token" StartNode="1090" EndNode="1099">
<Feature>
  <Name className="java.lang.String">string</Name>
  <Value className="java.lang.String">September</Value>
</Feature>
</Annotation>
<Annotation Id="377" Type="Token" StartNode="1074" EndNode="1084">
<Feature>
  <Name className="java.lang.String">string</Name>
  <Value className="java.lang.String">statements</Value>
</Feature>
</Annotation>
<Annotation Id="357" Type="Token" StartNode="1006" EndNode="1012">
<Feature>
  <Name className="java.lang.String">string</Name>
  <Value className="java.lang.String">Cooper</Value>
</Feature>
</Annotation>
<Annotation Id="353" Type="Token" StartNode="990" EndNode="996">
<Feature>
  <Name className="java.lang.String">string</Name>
  <Value className="java.lang.String">Spence</Value>
</Feature>
</Annotation>
<Annotation Id="355" Type="Token" StartNode="997" EndNode="1005">
<Feature>
  <Name className="java.lang.String">string</Name>
  <Value className="java.lang.String">attacked</Value>
</Feature>
</Annotation>
<Annotation Id="365" Type="Token" StartNode="1030" EndNode="1038">
<Feature>
  <Name className="java.lang.String">string</Name>
  <Value className="java.lang.String">pointing</Value>
</Feature>
</Annotation>
<Annotation Id="361" Type="Token" StartNode="1015" EndNode="1026">
<Feature>
  <Name className="java.lang.String">string</Name>
  <Value className="java.lang.String">credibility</Value>
</Feature>
</Annotation>
<Annotation Id="410" Type="Token" StartNode="1167" EndNode="1173">
<Feature>
  <Name className="java.lang.String">string</Name>
  <Value className="java.lang.String">things</Value>
</Feature>
</Annotation>
<Annotation Id="412" Type="Token" StartNode="1174" EndNode="1184">
<Feature>
  <Name className="java.lang.String">string</Name>
  <Value className="java.lang.String">compressed</Value>
</Feature>
</Annotation>
<Annotation Id="394" Type="Token" StartNode="1125" EndNode="1131">
<Feature>
  <Name className="java.lang.String">string</Name>
  <Value className="java.lang.String">Cooper</Value>
</Feature>
</Annotation>
<Annotation Id="396" Type="Token" StartNode="1132" EndNode="1140">
<Feature>
  <Name className="java.lang.String">string</Name>
  <Value className="java.lang.String">conceded</Value>
</Feature>
</Annotation>
<Annotation Id="445" Type="Token" StartNode="1255" EndNode="1261">
<Feature>
  <Name className="java.lang.String">string</Name>
  <Value className="java.lang.String">Cooper</Value>
</Feature>
</Annotation>
<Annotation Id="447" Type="Token" StartNode="1262" EndNode="1274">
<Feature>
  <Name className="java.lang.String">string</Name>
  <Value className="java.lang.String">acknowledged</Value>
</Feature>
</Annotation>
<Annotation Id="432" Type="Token" StartNode="1224" EndNode="1232">
<Feature>
  <Name className="java.lang.String">string</Name>
  <Value className="java.lang.String">remember</Value>
</Feature>
</Annotation>
<Annotation Id="428" Type="Token" StartNode="1211" EndNode="1220">
<Feature>
  <Name className="java.lang.String">string</Name>
  <Value className="java.lang.String">difficult</Value>
</Feature>
</Annotation>
<Annotation Id="420" Type="Token" StartNode="1196" EndNode="1203">
<Feature>
  <Name className="java.lang.String">string</Name>
  <Value className="java.lang.String">seconds</Value>
</Feature>
</Annotation>
<Annotation Id="475" Type="Token" StartNode="1343" EndNode="1349">
<Feature>
  <Name className="java.lang.String">string</Name>
  <Value className="java.lang.String">barrel</Value>
</Feature>
</Annotation>
<Annotation Id="473" Type="Token" StartNode="1334" EndNode="1342">
<Feature>
  <Name className="java.lang.String">string</Name>
  <Value className="java.lang.String">silenced</Value>
</Feature>
</Annotation>
<Annotation Id="465" Type="Token" StartNode="1312" EndNode="1322">
<Feature>
  <Name className="java.lang.String">string</Name>
  <Value className="java.lang.String">submachine</Value>
</Feature>
</Annotation>
<Annotation Id="463" Type="Token" StartNode="1303" EndNode="1311">
<Feature>
  <Name className="java.lang.String">string</Name>
  <Value className="java.lang.String">Commando</Value>
</Feature>
</Annotation>
<Annotation Id="453" Type="Token" StartNode="1283" EndNode="1290">
<Feature>
  <Name className="java.lang.String">string</Name>
  <Value className="java.lang.String">carried</Value>
</Feature>
</Annotation>
<Annotation Id="510" Type="Token" StartNode="1433" EndNode="1440">
<Feature>
  <Name className="java.lang.String">string</Name>
  <Value className="java.lang.String">federal</Value>
</Feature>
</Annotation>
<Annotation Id="504" Type="Token" StartNode="1416" EndNode="1423">
<Feature>
  <Name className="java.lang.String">string</Name>
  <Value className="java.lang.String">stating</Value>
</Feature>
</Annotation>
<Annotation Id="500" Type="Token" StartNode="1403" EndNode="1412">
<Feature>
  <Name className="java.lang.String">string</Name>
  <Value className="java.lang.String">continued</Value>
</Feature>
</Annotation>
<Annotation Id="498" Type="Token" StartNode="1396" EndNode="1402">
<Feature>
  <Name className="java.lang.String">string</Name>
  <Value className="java.lang.String">Cooper</Value>
</Feature>
</Annotation>
<Annotation Id="494" Type="Token" StartNode="1385" EndNode="1393">
<Feature>
  <Name className="java.lang.String">string</Name>
  <Value className="java.lang.String">revolver</Value>
</Feature>
</Annotation>
<Annotation Id="488" Type="Token" StartNode="1370" EndNode="1378">
<Feature>
  <Name className="java.lang.String">string</Name>
  <Value className="java.lang.String">Commando</Value>
</Feature>
</Annotation>
<Annotation Id="482" Type="Token" StartNode="1355" EndNode="1362">
<Feature>
  <Name className="java.lang.String">string</Name>
  <Value className="java.lang.String">thought</Value>
</Feature>
</Annotation>
<Annotation Id="550" Type="Token" StartNode="1534" EndNode="1540">
<Feature>
  <Name className="java.lang.String">string</Name>
  <Value className="java.lang.String">Spence</Value>
</Feature>
</Annotation>
<Annotation Id="558" Type="Token" StartNode="1557" EndNode="1567">
<Feature>
  <Name className="java.lang.String">string</Name>
  <Value className="java.lang.String">cartridges</Value>
</Feature>
</Annotation>
<Annotation Id="518" Type="Token" StartNode="1455" EndNode="1463">
<Feature>
  <Name className="java.lang.String">string</Name>
  <Value className="java.lang.String">specific</Value>
</Feature>
</Annotation>
<Annotation Id="512" Type="Token" StartNode="1441" EndNode="1447">
<Feature>
  <Name className="java.lang.String">string</Name>
  <Value className="java.lang.String">agents</Value>
</Feature>
</Annotation>
<Annotation Id="534" Type="Token" StartNode="1498" EndNode="1505">
<Feature>
  <Name className="java.lang.String">string</Name>
  <Value className="java.lang.String">started</Value>
</Feature>
</Annotation>
<Annotation Id="528" Type="Token" StartNode="1481" EndNode="1487">
<Feature>
  <Name className="java.lang.String">string</Name>
  <Value className="java.lang.String">weapon</Value>
</Feature>
</Annotation>
<Annotation Id="540" Type="Token" StartNode="1514" EndNode="1520">
<Feature>
  <Name className="java.lang.String">string</Name>
  <Value className="java.lang.String">Weaver</Value>
</Feature>
</Annotation>
<Annotation Id="608" Type="Token" StartNode="1686" EndNode="1692">
<Feature>
  <Name className="java.lang.String">string</Name>
  <Value className="java.lang.String">return</Value>
</Feature>
</Annotation>
<Annotation Id="612" Type="Token" StartNode="1698" EndNode="1704">
<Feature>
  <Name className="java.lang.String">string</Name>
  <Value className="java.lang.String">before</Value>
</Feature>
</Annotation>
<Annotation Id="622" Type="Token" StartNode="1725" EndNode="1734">
<Feature>
  <Name className="java.lang.String">string</Name>
  <Value className="java.lang.String">continued</Value>
</Feature>
</Annotation>
<Annotation Id="620" Type="Token" StartNode="1718" EndNode="1724">
<Feature>
  <Name className="java.lang.String">string</Name>
  <Value className="java.lang.String">Spence</Value>
</Feature>
</Annotation>
<Annotation Id="626" Type="Token" StartNode="1738" EndNode="1744">
<Feature>
  <Name className="java.lang.String">string</Name>
  <Value className="java.lang.String">asking</Value>
</Feature>
</Annotation>
<Annotation Id="634" Type="Token" StartNode="1759" EndNode="1765">
<Feature>
  <Name className="java.lang.String">string</Name>
  <Value className="java.lang.String">agents</Value>
</Feature>
</Annotation>
<Annotation Id="583" Type="Token" StartNode="1620" EndNode="1630">
<Feature>
  <Name className="java.lang.String">string</Name>
  <Value className="java.lang.String">apparently</Value>
</Feature>
</Annotation>
<Annotation Id="588" Type="Token" StartNode="1637" EndNode="1643">
<Feature>
  <Name className="java.lang.String">string</Name>
  <Value className="java.lang.String">Cooper</Value>
</Feature>
</Annotation>
<Annotation Id="685" Type="Token" StartNode="1890" EndNode="1898">
<Feature>
  <Name className="java.lang.String">string</Name>
  <Value className="java.lang.String">together</Value>
</Feature>
</Annotation>
<Annotation Id="673" Type="Token" StartNode="1859" EndNode="1867">
<Feature>
  <Name className="java.lang.String">string</Name>
  <Value className="java.lang.String">implying</Value>
</Feature>
</Annotation>
<Annotation Id="702" Type="Token" StartNode="1934" EndNode="1943">
<Feature>
  <Name className="java.lang.String">string</Name>
  <Value className="java.lang.String">continued</Value>
</Feature>
</Annotation>
<Annotation Id="700" Type="Token" StartNode="1927" EndNode="1933">
<Feature>
  <Name className="java.lang.String">string</Name>
  <Value className="java.lang.String">Spence</Value>
</Feature>
</Annotation>
<Annotation Id="695" Type="Token" StartNode="1914" EndNode="1923">
<Feature>
  <Name className="java.lang.String">string</Name>
  <Value className="java.lang.String">counselor</Value>
</Feature>
</Annotation>
<Annotation Id="654" Type="Token" StartNode="1813" EndNode="1819">
<Feature>
  <Name className="java.lang.String">string</Name>
  <Value className="java.lang.String">August</Value>
</Feature>
</Annotation>
<Annotation Id="648" Type="Token" StartNode="1791" EndNode="1797">
<Feature>
  <Name className="java.lang.String">string</Name>
  <Value className="java.lang.String">Cooper</Value>
</Feature>
</Annotation>
<Annotation Id="650" Type="Token" StartNode="1798" EndNode="1807">
<Feature>
  <Name className="java.lang.String">string</Name>
  <Value className="java.lang.String">discussed</Value>
</Feature>
</Annotation>
<Annotation Id="643" Type="Token" StartNode="1779" EndNode="1785">
<Feature>
  <Name className="java.lang.String">string</Name>
  <Value className="java.lang.String">extent</Value>
</Feature>
</Annotation>
<Annotation Id="661" Type="Token" StartNode="1830" EndNode="1836">
<Feature>
  <Name className="java.lang.String">string</Name>
  <Value className="java.lang.String">Cooper</Value>
</Feature>
</Annotation>
<Annotation Id="663" Type="Token" StartNode="1837" EndNode="1846">
<Feature>
  <Name className="java.lang.String">string</Name>
  <Value className="java.lang.String">responded</Value>
</Feature>
</Annotation>
<Annotation Id="658" Type="Token" StartNode="1822" EndNode="1828">
<Feature>
  <Name className="java.lang.String">string</Name>
  <Value className="java.lang.String">events</Value>
</Feature>
</Annotation>
<Annotation Id="746" Type="Token" StartNode="2055" EndNode="2061">
<Feature>
  <Name className="java.lang.String">string</Name>
  <Value className="java.lang.String">Weaver</Value>
</Feature>
</Annotation>
<Annotation Id="738" Type="Token" StartNode="2031" EndNode="2039">
<Feature>
  <Name className="java.lang.String">string</Name>
  <Value className="java.lang.String">shooting</Value>
</Feature>
</Annotation>
<Annotation Id="742" Type="Token" StartNode="2043" EndNode="2050">
<Feature>
  <Name className="java.lang.String">string</Name>
  <Value className="java.lang.String">killing</Value>
</Feature>
</Annotation>
<Annotation Id="760" Type="Token" StartNode="2089" EndNode="2098">
<Feature>
  <Name className="java.lang.String">string</Name>
  <Value className="java.lang.String">Assistant</Value>
</Feature>
</Annotation>
<Annotation Id="767" Type="Token" StartNode="2104" EndNode="2112">
<Feature>
  <Name className="java.lang.String">string</Name>
  <Value className="java.lang.String">Attorney</Value>
</Feature>
</Annotation>
<Annotation Id="754" Type="Token" StartNode="2070" EndNode="2076">
<Feature>
  <Name className="java.lang.String">string</Name>
  <Value className="java.lang.String">Cooper</Value>
</Feature>
</Annotation>
<Annotation Id="756" Type="Token" StartNode="2077" EndNode="2086">
<Feature>
  <Name className="java.lang.String">string</Name>
  <Value className="java.lang.String">disagreed</Value>
</Feature>
</Annotation>
<Annotation Id="714" Type="Token" StartNode="1969" EndNode="1976">
<Feature>
  <Name className="java.lang.String">string</Name>
  <Value className="java.lang.String">version</Value>
</Feature>
</Annotation>
<Annotation Id="706" Type="Token" StartNode="1947" EndNode="1954">
<Feature>
  <Name className="java.lang.String">string</Name>
  <Value className="java.lang.String">advance</Value>
</Feature>
</Annotation>
<Annotation Id="710" Type="Token" StartNode="1959" EndNode="1966">
<Feature>
  <Name className="java.lang.String">string</Name>
  <Value className="java.lang.String">defense</Value>
</Feature>
</Annotation>
<Annotation Id="730" Type="Token" StartNode="2007" EndNode="2014">
<Feature>
  <Name className="java.lang.String">string</Name>
  <Value className="java.lang.String">marshal</Value>
</Feature>
</Annotation>
<Annotation Id="734" Type="Token" StartNode="2019" EndNode="2026">
<Feature>
  <Name className="java.lang.String">string</Name>
  <Value className="java.lang.String">started</Value>
</Feature>
</Annotation>
<Annotation Id="720" Type="Token" StartNode="1984" EndNode="1990">
<Feature>
  <Name className="java.lang.String">string</Name>
  <Value className="java.lang.String">events</Value>
</Feature>
</Annotation>
<Annotation Id="723" Type="Token" StartNode="1992" EndNode="1998">
<Feature>
  <Name className="java.lang.String">string</Name>
  <Value className="java.lang.String">Namely</Value>
</Feature>
</Annotation>
<Annotation Id="822" Type="Token" StartNode="2286" EndNode="2296">
<Feature>
  <Name className="java.lang.String">string</Name>
  <Value className="java.lang.String">complained</Value>
</Feature>
</Annotation>
<Annotation Id="831" Type="Token" StartNode="2314" EndNode="2324">
<Feature>
  <Name className="java.lang.String">string</Name>
  <Value className="java.lang.String">improperly</Value>
</Feature>
</Annotation>
<Annotation Id="827" Type="Token" StartNode="2303" EndNode="2309">
<Feature>
  <Name className="java.lang.String">string</Name>
  <Value className="java.lang.String">Spence</Value>
</Feature>
</Annotation>
<Annotation Id="804" Type="Token" StartNode="2234" EndNode="2244">
<Feature>
  <Name className="java.lang.String">string</Name>
  <Value className="java.lang.String">repetitive</Value>
</Feature>
</Annotation>
<Annotation Id="800" Type="Token" StartNode="2219" EndNode="2228">
<Feature>
  <Name className="java.lang.String">string</Name>
  <Value className="java.lang.String">questions</Value>
</Feature>
</Annotation>
<Annotation Id="812" Type="Token" StartNode="2260" EndNode="2267">
<Feature>
  <Name className="java.lang.String">string</Name>
  <Value className="java.lang.String">wasting</Value>
</Feature>
</Annotation>
<Annotation Id="808" Type="Token" StartNode="2249" EndNode="2255">
<Feature>
  <Name className="java.lang.String">string</Name>
  <Value className="java.lang.String">Spence</Value>
</Feature>
</Annotation>
<Annotation Id="791" Type="Token" StartNode="2194" EndNode="2200">
<Feature>
  <Name className="java.lang.String">string</Name>
  <Value className="java.lang.String">Cooper</Value>
</Feature>
</Annotation>
<Annotation Id="785" Type="Token" StartNode="2167" EndNode="2184">
<Feature>
  <Name className="java.lang.String">string</Name>
  <Value className="java.lang.String">cross-examination</Value>
</Feature>
</Annotation>
<Annotation Id="794" Type="Token" StartNode="2202" EndNode="2209">
<Feature>
  <Name className="java.lang.String">string</Name>
  <Value className="java.lang.String">arguing</Value>
</Feature>
</Annotation>
<Annotation Id="775" Type="Token" StartNode="2137" EndNode="2145">
<Feature>
  <Name className="java.lang.String">string</Name>
  <Value className="java.lang.String">objected</Value>
</Feature>
</Annotation>
<Annotation Id="773" Type="Token" StartNode="2126" EndNode="2136">
<Feature>
  <Name className="java.lang.String">string</Name>
  <Value className="java.lang.String">repeatedly</Value>
</Feature>
</Annotation>
<Annotation Id="769" Type="Token" StartNode="2113" EndNode="2119">
<Feature>
  <Name className="java.lang.String">string</Name>
  <Value className="java.lang.String">Ronald</Value>
</Feature>
</Annotation>
<Annotation Id="783" Type="Token" StartNode="2158" EndNode="2166">
<Feature>
  <Name className="java.lang.String">string</Name>
  <Value className="java.lang.String">virulent</Value>
</Feature>
</Annotation>
<Annotation Id="779" Type="Token" StartNode="2149" EndNode="2155">
<Feature>
  <Name className="java.lang.String">string</Name>
  <Value className="java.lang.String">Spence</Value>
</Feature>
</Annotation>
<Annotation Id="880" Type="Token" StartNode="2455" EndNode="2465">
<Feature>
  <Name className="java.lang.String">string</Name>
  <Value className="java.lang.String">objections</Value>
</Feature>
</Annotation>
<Annotation Id="883" Type="Token" StartNode="2467" EndNode="2474">
<Feature>
  <Name className="java.lang.String">string</Name>
  <Value className="java.lang.String">however</Value>
</Feature>
</Annotation>
<Annotation Id="888" Type="Token" StartNode="2481" EndNode="2488">
<Feature>
  <Name className="java.lang.String">string</Name>
  <Value className="java.lang.String">lawyers</Value>
</Feature>
</Annotation>
<Annotation Id="890" Type="Token" StartNode="2489" EndNode="2498">
<Feature>
  <Name className="java.lang.String">string</Name>
  <Value className="java.lang.String">persisted</Value>
</Feature>
</Annotation>
<Annotation Id="864" Type="Token" StartNode="2405" EndNode="2413">
<Feature>
  <Name className="java.lang.String">string</Name>
  <Value className="java.lang.String">District</Value>
</Feature>
</Annotation>
<Annotation Id="868" Type="Token" StartNode="2420" EndNode="2426">
<Feature>
  <Name className="java.lang.String">string</Name>
  <Value className="java.lang.String">Edward</Value>
</Feature>
</Annotation>
<Annotation Id="872" Type="Token" StartNode="2433" EndNode="2442">
<Feature>
  <Name className="java.lang.String">string</Name>
  <Value className="java.lang.String">sustained</Value>
</Feature>
</Annotation>
<Annotation Id="849" Type="Token" StartNode="2376" EndNode="2383">
<Feature>
  <Name className="java.lang.String">string</Name>
  <Value className="java.lang.String">version</Value>
</Feature>
</Annotation>
<Annotation Id="855" Type="Token" StartNode="2391" EndNode="2397">
<Feature>
  <Name className="java.lang.String">string</Name>
  <Value className="java.lang.String">events</Value>
</Feature>
</Annotation>
<Annotation Id="837" Type="Token" StartNode="2333" EndNode="2350">
<Feature>
  <Name className="java.lang.String">string</Name>
  <Value className="java.lang.String">cross-examination</Value>
</Feature>
</Annotation>
<Annotation Id="841" Type="Token" StartNode="2354" EndNode="2361">
<Feature>
  <Name className="java.lang.String">string</Name>
  <Value className="java.lang.String">advance</Value>
</Feature>
</Annotation>
<Annotation Id="845" Type="Token" StartNode="2366" EndNode="2373">
<Feature>
  <Name className="java.lang.String">string</Name>
  <Value className="java.lang.String">defense</Value>
</Feature>
</Annotation>
<Annotation Id="957" Type="Token" StartNode="2666" EndNode="2673">
<Feature>
  <Name className="java.lang.String">string</Name>
  <Value className="java.lang.String">problem</Value>
</Feature>
</Annotation>
<Annotation Id="955" Type="Token" StartNode="2654" EndNode="2665">
<Feature>
  <Name className="java.lang.String">string</Name>
  <Value className="java.lang.String">personality</Value>
</Feature>
</Annotation>
<Annotation Id="941" Type="Token" StartNode="2621" EndNode="2627">
<Feature>
  <Name className="java.lang.String">string</Name>
  <Value className="java.lang.String">either</Value>
</Feature>
</Annotation>
<Annotation Id="943" Type="Token" StartNode="2628" EndNode="2635">
<Feature>
  <Name className="java.lang.String">string</Name>
  <Value className="java.lang.String">counsel</Value>
</Feature>
</Annotation>
<Annotation Id="920" Type="Token" StartNode="2575" EndNode="2584">
<Feature>
  <Name className="java.lang.String">string</Name>
  <Value className="java.lang.String">attorneys</Value>
</Feature>
</Annotation>
<Annotation Id="916" Type="Token" StartNode="2561" EndNode="2569">
<Feature>
  <Name className="java.lang.String">string</Name>
  <Value className="java.lang.String">admonish</Value>
</Feature>
</Annotation>
<Annotation Id="912" Type="Token" StartNode="2549" EndNode="2557">
<Feature>
  <Name className="java.lang.String">string</Name>
  <Value className="java.lang.String">proceded</Value>
</Feature>
</Annotation>
<Annotation Id="1023" Type="Token" StartNode="2818" EndNode="2824">
<Feature>
  <Name className="java.lang.String">string</Name>
  <Value className="java.lang.String">Cooper</Value>
</Feature>
</Annotation>
<Annotation Id="997" Type="Token" StartNode="2766" EndNode="2774">
<Feature>
  <Name className="java.lang.String">string</Name>
  <Value className="java.lang.String">evidence</Value>
</Feature>
</Annotation>
<Annotation Id="979" Type="Token" StartNode="2724" EndNode="2730">
<Feature>
  <Name className="java.lang.String">string</Name>
  <Value className="java.lang.String">Spence</Value>
</Feature>
</Annotation>
<Annotation Id="970" Type="Token" StartNode="2695" EndNode="2701">
<Feature>
  <Name className="java.lang.String">string</Name>
  <Value className="java.lang.String">acting</Value>
</Feature>
</Annotation>
<Annotation Id="974" Type="Token" StartNode="2707" EndNode="2720">
<Feature>
  <Name className="java.lang.String">string</Name>
  <Value className="java.lang.String">professionals</Value>
</Feature>
</Annotation>
<Annotation Id="1094" Type="Token" StartNode="3004" EndNode="3010">
<Feature>
  <Name className="java.lang.String">string</Name>
  <Value className="java.lang.String">almost</Value>
</Feature>
</Annotation>
<Annotation Id="1088" Type="Token" StartNode="2982" EndNode="2990">
<Feature>
  <Name className="java.lang.String">string</Name>
  <Value className="java.lang.String">unlikely</Value>
</Feature>
</Annotation>
<Annotation Id="1090" Type="Token" StartNode="2991" EndNode="3001">
<Feature>
  <Name className="java.lang.String">string</Name>
  <Value className="java.lang.String">similarity</Value>
</Feature>
</Annotation>
<Annotation Id="1118" Type="Token" StartNode="3054" EndNode="3061">
<Feature>
  <Name className="java.lang.String">string</Name>
  <Value className="java.lang.String">between</Value>
</Feature>
</Annotation>
<Annotation Id="1112" Type="Token" StartNode="3038" EndNode="3044">
<Feature>
  <Name className="java.lang.String">string</Name>
  <Value className="java.lang.String">cookie</Value>
</Feature>
</Annotation>
<Annotation Id="1114" Type="Token" StartNode="3045" EndNode="3051">
<Feature>
  <Name className="java.lang.String">string</Name>
  <Value className="java.lang.String">cutter</Value>
</Feature>
</Annotation>
<Annotation Id="1129" Type="Token" StartNode="3083" EndNode="3089">
<Feature>
  <Name className="java.lang.String">string</Name>
  <Value className="java.lang.String">Cooper</Value>
</Feature>
</Annotation>
<Annotation Id="1122" Type="Token" StartNode="3066" EndNode="3075">
<Feature>
  <Name className="java.lang.String">string</Name>
  <Value className="java.lang.String">testimony</Value>
</Feature>
</Annotation>
<Annotation Id="1142" Type="Token" StartNode="3117" EndNode="3123">
<Feature>
  <Name className="java.lang.String">string</Name>
  <Value className="java.lang.String">Spence</Value>
</Feature>
</Annotation>
<Annotation Id="1137" Type="Token" StartNode="3104" EndNode="3113">
<Feature>
  <Name className="java.lang.String">string</Name>
  <Value className="java.lang.String">witnesses</Value>
</Feature>
</Annotation>
<Annotation Id="1032" Type="Token" StartNode="2843" EndNode="2851">
<Feature>
  <Name className="java.lang.String">string</Name>
  <Value className="java.lang.String">credible</Value>
</Feature>
</Annotation>
<Annotation Id="1026" Type="Token" StartNode="2826" EndNode="2835">
<Feature>
  <Name className="java.lang.String">string</Name>
  <Value className="java.lang.String">testimony</Value>
</Feature>
</Annotation>
<Annotation Id="1051" Type="Token" StartNode="2898" EndNode="2906">
<Feature>
  <Name className="java.lang.String">string</Name>
  <Value className="java.lang.String">sequence</Value>
</Feature>
</Annotation>
<Annotation Id="1055" Type="Token" StartNode="2910" EndNode="2916">
<Feature>
  <Name className="java.lang.String">string</Name>
  <Value className="java.lang.String">events</Value>
</Feature>
</Annotation>
<Annotation Id="1041" Type="Token" StartNode="2865" EndNode="2873">
<Feature>
  <Name className="java.lang.String">string</Name>
  <Value className="java.lang.String">panicked</Value>
</Feature>
</Annotation>
<Annotation Id="1047" Type="Token" StartNode="2885" EndNode="2893">
<Feature>
  <Name className="java.lang.String">string</Name>
  <Value className="java.lang.String">remember</Value>
</Feature>
</Annotation>
<Annotation Id="1062" Type="Token" StartNode="2927" EndNode="2936">
<Feature>
  <Name className="java.lang.String">string</Name>
  <Value className="java.lang.String">continued</Value>
</Feature>
</Annotation>
<Annotation Id="1060" Type="Token" StartNode="2920" EndNode="2926">
<Feature>
  <Name className="java.lang.String">string</Name>
  <Value className="java.lang.String">Spence</Value>
</Feature>
</Annotation>
<Annotation Id="1223" Type="Token" StartNode="3315" EndNode="3323">
<Feature>
  <Name className="java.lang.String">string</Name>
  <Value className="java.lang.String">believes</Value>
</Feature>
</Annotation>
<Annotation Id="1229" Type="Token" StartNode="3328" EndNode="3335">
<Feature>
  <Name className="java.lang.String">string</Name>
  <Value className="java.lang.String">bending</Value>
</Feature>
</Annotation>
<Annotation Id="1237" Type="Token" StartNode="3349" EndNode="3357">
<Feature>
  <Name className="java.lang.String">string</Name>
  <Value className="java.lang.String">engaging</Value>
</Feature>
</Annotation>
<Annotation Id="1245" Type="Token" StartNode="3375" EndNode="3381">
<Feature>
  <Name className="java.lang.String">string</Name>
  <Value className="java.lang.String">tactic</Value>
</Feature>
</Annotation>
<Annotation Id="1243" Type="Token" StartNode="3366" EndNode="3374">
<Feature>
  <Name className="java.lang.String">string</Name>
  <Value className="java.lang.String">delaying</Value>
</Feature>
</Annotation>
<Annotation Id="1255" Type="Token" StartNode="3394" EndNode="3403">
<Feature>
  <Name className="java.lang.String">string</Name>
  <Value className="java.lang.String">violating</Value>
</Feature>
</Annotation>
<Annotation Id="1259" Type="Token" StartNode="3410" EndNode="3416">
<Feature>
  <Name className="java.lang.String">string</Name>
  <Value className="java.lang.String">orders</Value>
</Feature>
</Annotation>
<Annotation Id="1268" Type="Token" StartNode="3432" EndNode="3438">
<Feature>
  <Name className="java.lang.String">string</Name>
  <Value className="java.lang.String">called</Value>
</Feature>
</Annotation>
<Annotation Id="1278" Type="Token" StartNode="3459" EndNode="3467">
<Feature>
  <Name className="java.lang.String">string</Name>
  <Value className="java.lang.String">repeated</Value>
</Feature>
</Annotation>
<Annotation Id="1272" Type="Token" StartNode="3443" EndNode="3449">
<Feature>
  <Name className="java.lang.String">string</Name>
  <Value className="java.lang.String">notion</Value>
</Feature>
</Annotation>
<Annotation Id="1152" Type="Token" StartNode="3141" EndNode="3149">
<Feature>
  <Name className="java.lang.String">string</Name>
  <Value className="java.lang.String">mistrial</Value>
</Feature>
</Annotation>
<Annotation Id="1158" Type="Token" StartNode="3157" EndNode="3164">
<Feature>
  <Name className="java.lang.String">string</Name>
  <Value className="java.lang.String">grounds</Value>
</Feature>
</Annotation>
<Annotation Id="1166" Type="Token" StartNode="3178" EndNode="3186">
<Feature>
  <Name className="java.lang.String">string</Name>
  <Value className="java.lang.String">repeated</Value>
</Feature>
</Annotation>
<Annotation Id="1168" Type="Token" StartNode="3187" EndNode="3197">
<Feature>
  <Name className="java.lang.String">string</Name>
  <Value className="java.lang.String">objections</Value>
</Feature>
</Annotation>
<Annotation Id="1172" Type="Token" StartNode="3204" EndNode="3211">
<Feature>
  <Name className="java.lang.String">string</Name>
  <Value className="java.lang.String">prevent</Value>
</Feature>
</Annotation>
<Annotation Id="1202" Type="Token" StartNode="3266" EndNode="3274">
<Feature>
  <Name className="java.lang.String">string</Name>
  <Value className="java.lang.String">believes</Value>
</Feature>
</Annotation>
<Annotation Id="1214" Type="Token" StartNode="3292" EndNode="3301">
<Feature>
  <Name className="java.lang.String">string</Name>
  <Value className="java.lang.String">charlatan</Value>
</Feature>
</Annotation>
<Annotation Id="1372" Type="Token" StartNode="3739" EndNode="3750">
<Feature>
  <Name className="java.lang.String">string</Name>
  <Value className="java.lang.String">prosecution</Value>
</Feature>
</Annotation>
<Annotation Id="1366" Type="Token" StartNode="3725" EndNode="3732">
<Feature>
  <Name className="java.lang.String">string</Name>
  <Value className="java.lang.String">Rampton</Value>
</Feature>
</Annotation>
<Annotation Id="1360" Type="Token" StartNode="3706" EndNode="3713">
<Feature>
  <Name className="java.lang.String">string</Name>
  <Value className="java.lang.String">Special</Value>
</Feature>
</Annotation>
<Annotation Id="1356" Type="Token" StartNode="3694" EndNode="3701">
<Feature>
  <Name className="java.lang.String">string</Name>
  <Value className="java.lang.String">calling</Value>
</Feature>
</Annotation>
<Annotation Id="1354" Type="Token" StartNode="3682" EndNode="3693">
<Feature>
  <Name className="java.lang.String">string</Name>
  <Value className="java.lang.String">prosecution</Value>
</Feature>
</Annotation>
<Annotation Id="1348" Type="Token" StartNode="3665" EndNode="3672">
<Feature>
  <Name className="java.lang.String">string</Name>
  <Value className="java.lang.String">resumed</Value>
</Feature>
</Annotation>
<Annotation Id="1400" Type="Token" StartNode="3820" EndNode="3828">
<Feature>
  <Name className="java.lang.String">string</Name>
  <Value className="java.lang.String">evidence</Value>
</Feature>
</Annotation>
<Annotation Id="1403" Type="Token" StartNode="3830" EndNode="3837">
<Feature>
  <Name className="java.lang.String">string</Name>
  <Value className="java.lang.String">However</Value>
</Feature>
</Annotation>
<Annotation Id="1388" Type="Token" StartNode="3790" EndNode="3797">
<Feature>
  <Name className="java.lang.String">string</Name>
  <Value className="java.lang.String">weapons</Value>
</Feature>
</Annotation>
<Annotation Id="1384" Type="Token" StartNode="3775" EndNode="3784">
<Feature>
  <Name className="java.lang.String">string</Name>
  <Value className="java.lang.String">introduce</Value>
</Feature>
</Annotation>
<Annotation Id="1380" Type="Token" StartNode="3765" EndNode="3771">
<Feature>
  <Name className="java.lang.String">string</Name>
  <Value className="java.lang.String">simply</Value>
</Feature>
</Annotation>
<Annotation Id="1376" Type="Token" StartNode="3753" EndNode="3760">
<Feature>
  <Name className="java.lang.String">string</Name>
  <Value className="java.lang.String">purpose</Value>
</Feature>
</Annotation>
<Annotation Id="1308" Type="Token" StartNode="3557" EndNode="3563">
<Feature>
  <Name className="java.lang.String">string</Name>
  <Value className="java.lang.String">denied</Value>
</Feature>
</Annotation>
<Annotation Id="1303" Type="Token" StartNode="3539" EndNode="3551">
<Feature>
  <Name className="java.lang.String">string</Name>
  <Value className="java.lang.String">preposterous</Value>
</Feature>
</Annotation>
<Annotation Id="1288" Type="Token" StartNode="3491" EndNode="3501">
<Feature>
  <Name className="java.lang.String">string</Name>
  <Value className="java.lang.String">objections</Value>
</Feature>
</Annotation>
<Annotation Id="1294" Type="Token" StartNode="3514" EndNode="3524">
<Feature>
  <Name className="java.lang.String">string</Name>
  <Value className="java.lang.String">prejudiced</Value>
</Feature>
</Annotation>
<Annotation Id="1292" Type="Token" StartNode="3506" EndNode="3513">
<Feature>
  <Name className="java.lang.String">string</Name>
  <Value className="java.lang.String">somehow</Value>
</Feature>
</Annotation>
<Annotation Id="1280" Type="Token" StartNode="3468" EndNode="3479">
<Feature>
  <Name className="java.lang.String">string</Name>
  <Value className="java.lang.String">sustainings</Value>
</Feature>
</Annotation>
<Annotation Id="1336" Type="Token" StartNode="3629" EndNode="3637">
<Feature>
  <Name className="java.lang.String">string</Name>
  <Value className="java.lang.String">comments</Value>
</Feature>
</Annotation>
<Annotation Id="1340" Type="Token" StartNode="3643" EndNode="3652">
<Feature>
  <Name className="java.lang.String">string</Name>
  <Value className="java.lang.String">objecting</Value>
</Feature>
</Annotation>
<Annotation Id="1332" Type="Token" StartNode="3616" EndNode="3624">
<Feature>
  <Name className="java.lang.String">string</Name>
  <Value className="java.lang.String">restrict</Value>
</Feature>
</Annotation>
<Annotation Id="1312" Type="Token" StartNode="3568" EndNode="3574">
<Feature>
  <Name className="java.lang.String">string</Name>
  <Value className="java.lang.String">motion</Value>
</Feature>
</Annotation>
<Annotation Id="1318" Type="Token" StartNode="3581" EndNode="3589">
<Feature>
  <Name className="java.lang.String">string</Name>
  <Value className="java.lang.String">mistrial</Value>
</Feature>
</Annotation>
<Annotation Id="1493" Type="Token" StartNode="4101" EndNode="4109">
<Feature>
  <Name className="java.lang.String">string</Name>
  <Value className="java.lang.String">detected</Value>
</Feature>
</Annotation>
<Annotation Id="1489" Type="Token" StartNode="4087" EndNode="4094">
<Feature>
  <Name className="java.lang.String">string</Name>
  <Value className="java.lang.String">without</Value>
</Feature>
</Annotation>
<Annotation Id="1503" Type="Token" StartNode="4130" EndNode="4137">
<Feature>
  <Name className="java.lang.String">string</Name>
  <Value className="java.lang.String">Rampton</Value>
</Feature>
</Annotation>
<Annotation Id="1497" Type="Token" StartNode="4112" EndNode="4120">
<Feature>
  <Name className="java.lang.String">string</Name>
  <Value className="java.lang.String">Matthews</Value>
</Feature>
</Annotation>
<Annotation Id="1473" Type="Token" StartNode="4047" EndNode="4055">
<Feature>
  <Name className="java.lang.String">string</Name>
  <Value className="java.lang.String">specific</Value>
</Feature>
</Annotation>
<Annotation Id="1483" Type="Token" StartNode="4074" EndNode="4080">
<Feature>
  <Name className="java.lang.String">string</Name>
  <Value className="java.lang.String">Weaver</Value>
</Feature>
</Annotation>
<Annotation Id="1523" Type="Token" StartNode="4186" EndNode="4193">
<Feature>
  <Name className="java.lang.String">string</Name>
  <Value className="java.lang.String">Rampton</Value>
</Feature>
</Annotation>
<Annotation Id="1531" Type="Token" StartNode="4208" EndNode="4214">
<Feature>
  <Name className="java.lang.String">string</Name>
  <Value className="java.lang.String">Cooper</Value>
</Feature>
</Annotation>
<Annotation Id="1510" Type="Token" StartNode="4146" EndNode="4156">
<Feature>
  <Name className="java.lang.String">string</Name>
  <Value className="java.lang.String">Septtember</Value>
</Feature>
</Annotation>
<Annotation Id="1517" Type="Token" StartNode="4166" EndNode="4176">
<Feature>
  <Name className="java.lang.String">string</Name>
  <Value className="java.lang.String">transcript</Value>
</Feature>
</Annotation>
<Annotation Id="1424" Type="Token" StartNode="3896" EndNode="3902">
<Feature>
  <Name className="java.lang.String">string</Name>
  <Value className="java.lang.String">Cooper</Value>
</Feature>
</Annotation>
<Annotation Id="1428" Type="Token" StartNode="3905" EndNode="3916">
<Feature>
  <Name className="java.lang.String">string</Name>
  <Value className="java.lang.String">credibility</Value>
</Feature>
</Annotation>
<Annotation Id="1434" Type="Token" StartNode="3927" EndNode="3935">
<Feature>
  <Name className="java.lang.String">string</Name>
  <Value className="java.lang.String">attorney</Value>
</Feature>
</Annotation>
<Annotation Id="1432" Type="Token" StartNode="3919" EndNode="3926">
<Feature>
  <Name className="java.lang.String">string</Name>
  <Value className="java.lang.String">Defense</Value>
</Feature>
</Annotation>
<Annotation Id="1438" Type="Token" StartNode="3944" EndNode="3952">
<Feature>
  <Name className="java.lang.String">string</Name>
  <Value className="java.lang.String">Matthews</Value>
</Feature>
</Annotation>
<Annotation Id="1436" Type="Token" StartNode="3936" EndNode="3943">
<Feature>
  <Name className="java.lang.String">string</Name>
  <Value className="java.lang.String">Ellison</Value>
</Feature>
</Annotation>
<Annotation Id="1410" Type="Token" StartNode="3851" EndNode="3857">
<Feature>
  <Name className="java.lang.String">string</Name>
  <Value className="java.lang.String">seized</Value>
</Feature>
</Annotation>
<Annotation Id="1408" Type="Token" StartNode="3843" EndNode="3850">
<Feature>
  <Name className="java.lang.String">string</Name>
  <Value className="java.lang.String">defense</Value>
</Feature>
</Annotation>
<Annotation Id="1416" Type="Token" StartNode="3865" EndNode="3876">
<Feature>
  <Name className="java.lang.String">string</Name>
  <Value className="java.lang.String">opportunity</Value>
</Feature>
</Annotation>
<Annotation Id="1422" Type="Token" StartNode="3888" EndNode="3895">
<Feature>
  <Name className="java.lang.String">string</Name>
  <Value className="java.lang.String">address</Value>
</Feature>
</Annotation>
<Annotation Id="1420" Type="Token" StartNode="3880" EndNode="3887">
<Feature>
  <Name className="java.lang.String">string</Name>
  <Value className="java.lang.String">further</Value>
</Feature>
</Annotation>
<Annotation Id="1461" Type="Token" StartNode="4013" EndNode="4020">
<Feature>
  <Name className="java.lang.String">string</Name>
  <Value className="java.lang.String">Rampton</Value>
</Feature>
</Annotation>
<Annotation Id="1463" Type="Token" StartNode="4021" EndNode="4027">
<Feature>
  <Name className="java.lang.String">string</Name>
  <Value className="java.lang.String">stated</Value>
</Feature>
</Annotation>
<Annotation Id="1441" Type="Token" StartNode="3954" EndNode="3960">
<Feature>
  <Name className="java.lang.String">string</Name>
  <Value className="java.lang.String">Harris</Value>
</Feature>
</Annotation>
<Annotation Id="1446" Type="Token" StartNode="3968" EndNode="3976">
<Feature>
  <Name className="java.lang.String">string</Name>
  <Value className="java.lang.String">attorney</Value>
</Feature>
</Annotation>
<Annotation Id="1449" Type="Token" StartNode="3978" EndNode="3988">
<Feature>
  <Name className="java.lang.String">string</Name>
  <Value className="java.lang.String">questioned</Value>
</Feature>
</Annotation>
<Annotation Id="1451" Type="Token" StartNode="3989" EndNode="3996">
<Feature>
  <Name className="java.lang.String">string</Name>
  <Value className="java.lang.String">Rampton</Value>
</Feature>
</Annotation>
<Annotation Id="1642" Type="Token" StartNode="4502" EndNode="4508">
<Feature>
  <Name className="java.lang.String">string</Name>
  <Value className="java.lang.String">Deputy</Value>
</Feature>
</Annotation>
<Annotation Id="1644" Type="Token" StartNode="4509" EndNode="4515">
<Feature>
  <Name className="java.lang.String">string</Name>
  <Value className="java.lang.String">Cooper</Value>
</Feature>
</Annotation>
<Annotation Id="1632" Type="Token" StartNode="4467" EndNode="4474">
<Feature>
  <Name className="java.lang.String">string</Name>
  <Value className="java.lang.String">conduct</Value>
</Feature>
</Annotation>
<Annotation Id="1638" Type="Token" StartNode="4487" EndNode="4496">
<Feature>
  <Name className="java.lang.String">string</Name>
  <Value className="java.lang.String">interview</Value>
</Feature>
</Annotation>
<Annotation Id="1636" Type="Token" StartNode="4479" EndNode="4486">
<Feature>
  <Name className="java.lang.String">string</Name>
  <Value className="java.lang.String">primary</Value>
</Feature>
</Annotation>
<Annotation Id="1655" Type="Token" StartNode="4532" EndNode="4545">
<Feature>
  <Name className="java.lang.String">string</Name>
  <Value className="java.lang.String">conversations</Value>
</Feature>
</Annotation>
<Annotation Id="1610" Type="Token" StartNode="4419" EndNode="4427">
<Feature>
  <Name className="java.lang.String">string</Name>
  <Value className="java.lang.String">remember</Value>
</Feature>
</Annotation>
<Annotation Id="1620" Type="Token" StartNode="4443" EndNode="4449">
<Feature>
  <Name className="java.lang.String">string</Name>
  <Value className="java.lang.String">stated</Value>
</Feature>
</Annotation>
<Annotation Id="1583" Type="Token" StartNode="4345" EndNode="4357">
<Feature>
  <Name className="java.lang.String">string</Name>
  <Value className="java.lang.String">acknowledged</Value>
</Feature>
</Annotation>
<Annotation Id="1579" Type="Token" StartNode="4332" EndNode="4339">
<Feature>
  <Name className="java.lang.String">string</Name>
  <Value className="java.lang.String">Rampton</Value>
</Feature>
</Annotation>
<Annotation Id="1574" Type="Token" StartNode="4319" EndNode="4325">
<Feature>
  <Name className="java.lang.String">string</Name>
  <Value className="java.lang.String">chased</Value>
</Feature>
</Annotation>
<Annotation Id="1593" Type="Token" StartNode="4380" EndNode="4386">
<Feature>
  <Name className="java.lang.String">string</Name>
  <Value className="java.lang.String">Cooper</Value>
</Feature>
</Annotation>
<Annotation Id="1589" Type="Token" StartNode="4366" EndNode="4374">
<Feature>
  <Name className="java.lang.String">string</Name>
  <Value className="java.lang.String">believed</Value>
</Feature>
</Annotation>
<Annotation Id="1549" Type="Token" StartNode="4257" EndNode="4263">
<Feature>
  <Name className="java.lang.String">string</Name>
  <Value className="java.lang.String">weapon</Value>
</Feature>
</Annotation>
<Annotation Id="1547" Type="Token" StartNode="4248" EndNode="4256">
<Feature>
  <Name className="java.lang.String">string</Name>
  <Value className="java.lang.String">silenced</Value>
</Feature>
</Annotation>
<Annotation Id="1541" Type="Token" StartNode="4233" EndNode="4240">
<Feature>
  <Name className="java.lang.String">string</Name>
  <Value className="java.lang.String">purpose</Value>
</Feature>
</Annotation>
<Annotation Id="1565" Type="Token" StartNode="4298" EndNode="4306">
<Feature>
  <Name className="java.lang.String">string</Name>
  <Value className="java.lang.String">detected</Value>
</Feature>
</Annotation>
<Annotation Id="1561" Type="Token" StartNode="4284" EndNode="4291">
<Feature>
  <Name className="java.lang.String">string</Name>
  <Value className="java.lang.String">without</Value>
</Feature>
</Annotation>
<Annotation Id="1702" Type="Token" StartNode="4655" EndNode="4664">
<Feature>
  <Name className="java.lang.String">string</Name>
  <Value className="java.lang.String">Scheduled</Value>
</Feature>
</Annotation>
<Annotation Id="1710" Type="Token" StartNode="4682" EndNode="4699">
<Feature>
  <Name className="java.lang.String">string</Name>
  <Value className="java.lang.String">cross-examination</Value>
</Feature>
</Annotation>
<Annotation Id="1708" Type="Token" StartNode="4672" EndNode="4681">
<Feature>
  <Name className="java.lang.String">string</Name>
  <Value className="java.lang.String">continued</Value>
</Feature>
</Annotation>
<Annotation Id="1720" Type="Token" StartNode="4718" EndNode="4725">
<Feature>
  <Name className="java.lang.String">string</Name>
  <Value className="java.lang.String">Rampton</Value>
</Feature>
</Annotation>
<Annotation Id="1669" Type="Token" StartNode="4579" EndNode="4588">
<Feature>
  <Name className="java.lang.String">string</Name>
  <Value className="java.lang.String">conducted</Value>
</Feature>
</Annotation>
<Annotation Id="1665" Type="Token" StartNode="4565" EndNode="4574">
<Feature>
  <Name className="java.lang.String">string</Name>
  <Value className="java.lang.String">interview</Value>
</Feature>
</Annotation>
<Annotation Id="1674" Type="Token" StartNode="4592" EndNode="4598">
<Feature>
  <Name className="java.lang.String">string</Name>
  <Value className="java.lang.String">Monday</Value>
</Feature>
</Annotation>
</AnnotationSet>
<AnnotationSet Name="Original markups"> </AnnotationSet>
</GateDocument>