<?xml version='1.0' encoding='UTF-8'?>
<GateDocument version="3">
<!-- The document's features-->

<GateDocumentFeatures>
<Feature>
  <Name className="java.lang.String">Original_document_content_on_load</Name>
  <Value className="java.lang.String">From: clavazzi@nyx.cs.du.edu (The_Doge)
Message-ID: &lt;1993Apr22.031732.15868@mnemosyne.cs.du.edu>
Sender: usenet@mnemosyne.cs.du.edu (netnews admin account)
Organization: Nyx, Public Access Unix @ U. of Denver Math/CS dept.
Distribution: usa
Date: Thu, 22 Apr 93 03:17:32 GMT
Lines: 34


	There are actually a few important things we can glean from this mess:
1)	When they start getting desperate for an answer to the question: "What's
it all about. Mr. Natural?", pinkboys will buy darn near *anything*, which
means:
2)	There's still plenty of $$$$ to be made in the False Jesus business
by enterprising SubGenii.  Just remember that:
3)	Once you've separated the pinks from their green, don't blow it all
on automatic weapons from Mexico.  Put it in a Swiss bank account.  Smile a
lot.  Have your flunkies hand out flowers in airports.  The Con will just
shrug you off as long as:
4)	You never, never, NEVER start to believe your own bulldada!  If
"David Koresh" hand't started swallowing his own "apocalypso now" crap, he'd
be working crossword puzzles in the Bahamas today instead of contributing to
the mulch layer in Waco.  This is because:
5)	When you start shooting at cops, they're likely to shoot back.  And 
most of 'em are better shots than you are.

	In short:
	- P.T. Barnum was right 
		and
	- Stupidity is self-correcting
Thus endeth the lesson.

	************************************************************
	*  	The_Doge of South St. Louis			   *
	*		Dobbs-Approved Media Conspirator(tm)	   *
	*	"One Step Beyond"  -- Sundays, 3 to 5 pm	   *
	*		88.1 FM		St. Louis Community Radio  *
	*  "You'll pay to know what you *really* think!"           *
	*			-- J.R. "Bob" Dobbs"		   *
	************************************************************


</Value>
</Feature>
<Feature>
  <Name className="java.lang.String">gate.SourceURL</Name>
  <Value className="java.lang.String">file:/C:/Users/jian/Documents/NetBeansProjects/NoiseReductionTechniques/mideastPoliticsMix/negative286</Value>
</Feature>
</GateDocumentFeatures>
<!-- The document content area with serialized nodes -->

<TextWithNodes><Node id="0"/>From<Node id="4"/>:<Node id="5"/> <Node id="6"/>clavazzi<Node id="14"/>@<Node id="15"/>nyx<Node id="18"/>.<Node id="19"/>cs<Node id="21"/>.<Node id="22"/>du<Node id="24"/>.<Node id="25"/>edu<Node id="28"/> <Node id="29"/>(<Node id="30"/>The<Node id="33"/>_<Node id="34"/>Doge<Node id="38"/>)<Node id="39"/>
<Node id="40"/>Message-<Node id="48"/>ID<Node id="50"/>:<Node id="51"/> <Node id="52"/>&lt;<Node id="53"/>1993<Node id="57"/>Apr<Node id="60"/>22<Node id="62"/>.<Node id="63"/>031732<Node id="69"/>.<Node id="70"/>15868<Node id="75"/>@<Node id="76"/>mnemosyne<Node id="85"/>.<Node id="86"/>cs<Node id="88"/>.<Node id="89"/>du<Node id="91"/>.<Node id="92"/>edu<Node id="95"/>&gt;<Node id="96"/>
<Node id="97"/>Sender<Node id="103"/>:<Node id="104"/> <Node id="105"/>usenet<Node id="111"/>@<Node id="112"/>mnemosyne<Node id="121"/>.<Node id="122"/>cs<Node id="124"/>.<Node id="125"/>du<Node id="127"/>.<Node id="128"/>edu<Node id="131"/> <Node id="132"/>(<Node id="133"/>netnews<Node id="140"/> <Node id="141"/>admin<Node id="146"/> <Node id="147"/>account<Node id="154"/>)<Node id="155"/>
<Node id="156"/>Organization<Node id="168"/>:<Node id="169"/> <Node id="170"/>Nyx<Node id="173"/>,<Node id="174"/> <Node id="175"/>Public<Node id="181"/> <Node id="182"/>Access<Node id="188"/> <Node id="189"/>Unix<Node id="193"/> <Node id="194"/>@<Node id="195"/> <Node id="196"/>U<Node id="197"/>.<Node id="198"/> <Node id="199"/>of<Node id="201"/> <Node id="202"/>Denver<Node id="208"/> <Node id="209"/>Math<Node id="213"/>/<Node id="214"/>CS<Node id="216"/> <Node id="217"/>dept<Node id="221"/>.<Node id="222"/>
<Node id="223"/>Distribution<Node id="235"/>:<Node id="236"/> <Node id="237"/>usa<Node id="240"/>
<Node id="241"/>Date<Node id="245"/>:<Node id="246"/> <Node id="247"/>Thu<Node id="250"/>,<Node id="251"/> <Node id="252"/>22<Node id="254"/> <Node id="255"/>Apr<Node id="258"/> <Node id="259"/>93<Node id="261"/> <Node id="262"/>03<Node id="264"/>:<Node id="265"/>17<Node id="267"/>:<Node id="268"/>32<Node id="270"/> <Node id="271"/>GMT<Node id="274"/>
<Node id="275"/>Lines<Node id="280"/>:<Node id="281"/> <Node id="282"/>34<Node id="284"/>
<Node id="285"/>
<Node id="286"/>
<Node id="287"/>	<Node id="288"/>There<Node id="293"/> <Node id="294"/>are<Node id="297"/> <Node id="298"/>actually<Node id="306"/> <Node id="307"/>a<Node id="308"/> <Node id="309"/>few<Node id="312"/> <Node id="313"/>important<Node id="322"/> <Node id="323"/>things<Node id="329"/> <Node id="330"/>we<Node id="332"/> <Node id="333"/>can<Node id="336"/> <Node id="337"/>glean<Node id="342"/> <Node id="343"/>from<Node id="347"/> <Node id="348"/>this<Node id="352"/> <Node id="353"/>mess<Node id="357"/>:<Node id="358"/>
<Node id="359"/>1<Node id="360"/>)<Node id="361"/>	<Node id="362"/>When<Node id="366"/> <Node id="367"/>they<Node id="371"/> <Node id="372"/>start<Node id="377"/> <Node id="378"/>getting<Node id="385"/> <Node id="386"/>desperate<Node id="395"/> <Node id="396"/>for<Node id="399"/> <Node id="400"/>an<Node id="402"/> <Node id="403"/>answer<Node id="409"/> <Node id="410"/>to<Node id="412"/> <Node id="413"/>the<Node id="416"/> <Node id="417"/>question<Node id="425"/>:<Node id="426"/> <Node id="427"/>"<Node id="428"/>What<Node id="432"/>'s<Node id="434"/>
<Node id="435"/>it<Node id="437"/> <Node id="438"/>all<Node id="441"/> <Node id="442"/>about<Node id="447"/>.<Node id="448"/> <Node id="449"/>Mr<Node id="451"/>.<Node id="452"/> <Node id="453"/>Natural<Node id="460"/>?<Node id="461"/>"<Node id="462"/>,<Node id="463"/> <Node id="464"/>pinkboys<Node id="472"/> <Node id="473"/>will<Node id="477"/> <Node id="478"/>buy<Node id="481"/> <Node id="482"/>darn<Node id="486"/> <Node id="487"/>near<Node id="491"/> <Node id="492"/>*<Node id="493"/>anything<Node id="501"/>*<Node id="502"/>,<Node id="503"/> <Node id="504"/>which<Node id="509"/>
<Node id="510"/>means<Node id="515"/>:<Node id="516"/>
<Node id="517"/>2<Node id="518"/>)<Node id="519"/>	<Node id="520"/>There<Node id="525"/>'s<Node id="527"/> <Node id="528"/>still<Node id="533"/> <Node id="534"/>plenty<Node id="540"/> <Node id="541"/>of<Node id="543"/> <Node id="544"/>$<Node id="545"/>$<Node id="546"/>$<Node id="547"/>$<Node id="548"/> <Node id="549"/>to<Node id="551"/> <Node id="552"/>be<Node id="554"/> <Node id="555"/>made<Node id="559"/> <Node id="560"/>in<Node id="562"/> <Node id="563"/>the<Node id="566"/> <Node id="567"/>False<Node id="572"/> <Node id="573"/>Jesus<Node id="578"/> <Node id="579"/>business<Node id="587"/>
<Node id="588"/>by<Node id="590"/> <Node id="591"/>enterprising<Node id="603"/> <Node id="604"/>SubGenii<Node id="612"/>.<Node id="613"/> <Node id="614"/> <Node id="615"/>Just<Node id="619"/> <Node id="620"/>remember<Node id="628"/> <Node id="629"/>that<Node id="633"/>:<Node id="634"/>
<Node id="635"/>3<Node id="636"/>)<Node id="637"/>	<Node id="638"/>Once<Node id="642"/> <Node id="643"/>you<Node id="646"/>'ve<Node id="649"/> <Node id="650"/>separated<Node id="659"/> <Node id="660"/>the<Node id="663"/> <Node id="664"/>pinks<Node id="669"/> <Node id="670"/>from<Node id="674"/> <Node id="675"/>their<Node id="680"/> <Node id="681"/>green<Node id="686"/>,<Node id="687"/> <Node id="688"/>do<Node id="690"/>n't<Node id="693"/> <Node id="694"/>blow<Node id="698"/> <Node id="699"/>it<Node id="701"/> <Node id="702"/>all<Node id="705"/>
<Node id="706"/>on<Node id="708"/> <Node id="709"/>automatic<Node id="718"/> <Node id="719"/>weapons<Node id="726"/> <Node id="727"/>from<Node id="731"/> <Node id="732"/>Mexico<Node id="738"/>.<Node id="739"/> <Node id="740"/> <Node id="741"/>Put<Node id="744"/> <Node id="745"/>it<Node id="747"/> <Node id="748"/>in<Node id="750"/> <Node id="751"/>a<Node id="752"/> <Node id="753"/>Swiss<Node id="758"/> <Node id="759"/>bank<Node id="763"/> <Node id="764"/>account<Node id="771"/>.<Node id="772"/> <Node id="773"/> <Node id="774"/>Smile<Node id="779"/> <Node id="780"/>a<Node id="781"/>
<Node id="782"/>lot<Node id="785"/>.<Node id="786"/> <Node id="787"/> <Node id="788"/>Have<Node id="792"/> <Node id="793"/>your<Node id="797"/> <Node id="798"/>flunkies<Node id="806"/> <Node id="807"/>hand<Node id="811"/> <Node id="812"/>out<Node id="815"/> <Node id="816"/>flowers<Node id="823"/> <Node id="824"/>in<Node id="826"/> <Node id="827"/>airports<Node id="835"/>.<Node id="836"/> <Node id="837"/> <Node id="838"/>The<Node id="841"/> <Node id="842"/>Con<Node id="845"/> <Node id="846"/>will<Node id="850"/> <Node id="851"/>just<Node id="855"/>
<Node id="856"/>shrug<Node id="861"/> <Node id="862"/>you<Node id="865"/> <Node id="866"/>off<Node id="869"/> <Node id="870"/>as<Node id="872"/> <Node id="873"/>long<Node id="877"/> <Node id="878"/>as<Node id="880"/>:<Node id="881"/>
<Node id="882"/>4<Node id="883"/>)<Node id="884"/>	<Node id="885"/>You<Node id="888"/> <Node id="889"/>never<Node id="894"/>,<Node id="895"/> <Node id="896"/>never<Node id="901"/>,<Node id="902"/> <Node id="903"/>NEVER<Node id="908"/> <Node id="909"/>start<Node id="914"/> <Node id="915"/>to<Node id="917"/> <Node id="918"/>believe<Node id="925"/> <Node id="926"/>your<Node id="930"/> <Node id="931"/>own<Node id="934"/> <Node id="935"/>bulldada<Node id="943"/>!<Node id="944"/> <Node id="945"/> <Node id="946"/>If<Node id="948"/>
<Node id="949"/>"<Node id="950"/>David<Node id="955"/> <Node id="956"/>Koresh<Node id="962"/>"<Node id="963"/> <Node id="964"/>hand<Node id="968"/>'<Node id="969"/>t<Node id="970"/> <Node id="971"/>started<Node id="978"/> <Node id="979"/>swallowing<Node id="989"/> <Node id="990"/>his<Node id="993"/> <Node id="994"/>own<Node id="997"/> <Node id="998"/>"<Node id="999"/>apocalypso<Node id="1009"/> <Node id="1010"/>now<Node id="1013"/>"<Node id="1014"/> <Node id="1015"/>crap<Node id="1019"/>,<Node id="1020"/> <Node id="1021"/>he<Node id="1023"/>'d<Node id="1025"/>
<Node id="1026"/>be<Node id="1028"/> <Node id="1029"/>working<Node id="1036"/> <Node id="1037"/>crossword<Node id="1046"/> <Node id="1047"/>puzzles<Node id="1054"/> <Node id="1055"/>in<Node id="1057"/> <Node id="1058"/>the<Node id="1061"/> <Node id="1062"/>Bahamas<Node id="1069"/> <Node id="1070"/>today<Node id="1075"/> <Node id="1076"/>instead<Node id="1083"/> <Node id="1084"/>of<Node id="1086"/> <Node id="1087"/>contributing<Node id="1099"/> <Node id="1100"/>to<Node id="1102"/>
<Node id="1103"/>the<Node id="1106"/> <Node id="1107"/>mulch<Node id="1112"/> <Node id="1113"/>layer<Node id="1118"/> <Node id="1119"/>in<Node id="1121"/> <Node id="1122"/>Waco<Node id="1126"/>.<Node id="1127"/> <Node id="1128"/> <Node id="1129"/>This<Node id="1133"/> <Node id="1134"/>is<Node id="1136"/> <Node id="1137"/>because<Node id="1144"/>:<Node id="1145"/>
<Node id="1146"/>5<Node id="1147"/>)<Node id="1148"/>	<Node id="1149"/>When<Node id="1153"/> <Node id="1154"/>you<Node id="1157"/> <Node id="1158"/>start<Node id="1163"/> <Node id="1164"/>shooting<Node id="1172"/> <Node id="1173"/>at<Node id="1175"/> <Node id="1176"/>cops<Node id="1180"/>,<Node id="1181"/> <Node id="1182"/>they<Node id="1186"/>'re<Node id="1189"/> <Node id="1190"/>likely<Node id="1196"/> <Node id="1197"/>to<Node id="1199"/> <Node id="1200"/>shoot<Node id="1205"/> <Node id="1206"/>back<Node id="1210"/>.<Node id="1211"/> <Node id="1212"/> <Node id="1213"/>And<Node id="1216"/> <Node id="1217"/>
<Node id="1218"/>most<Node id="1222"/> <Node id="1223"/>of<Node id="1225"/> <Node id="1226"/>'em<Node id="1229"/> <Node id="1230"/>are<Node id="1233"/> <Node id="1234"/>better<Node id="1240"/> <Node id="1241"/>shots<Node id="1246"/> <Node id="1247"/>than<Node id="1251"/> <Node id="1252"/>you<Node id="1255"/> <Node id="1256"/>are<Node id="1259"/>.<Node id="1260"/>
<Node id="1261"/>
<Node id="1262"/>	<Node id="1263"/>In<Node id="1265"/> <Node id="1266"/>short<Node id="1271"/>:<Node id="1272"/>
<Node id="1273"/>	<Node id="1274"/>-<Node id="1275"/> <Node id="1276"/>P<Node id="1277"/>.<Node id="1278"/>T<Node id="1279"/>.<Node id="1280"/> <Node id="1281"/>Barnum<Node id="1287"/> <Node id="1288"/>was<Node id="1291"/> <Node id="1292"/>right<Node id="1297"/> <Node id="1298"/>
<Node id="1299"/>	<Node id="1300"/>	<Node id="1301"/>and<Node id="1304"/>
<Node id="1305"/>	<Node id="1306"/>-<Node id="1307"/> <Node id="1308"/>Stupidity<Node id="1317"/> <Node id="1318"/>is<Node id="1320"/> <Node id="1321"/>self-correcting<Node id="1336"/>
<Node id="1337"/>Thus<Node id="1341"/> <Node id="1342"/>endeth<Node id="1348"/> <Node id="1349"/>the<Node id="1352"/> <Node id="1353"/>lesson<Node id="1359"/>.<Node id="1360"/>
<Node id="1361"/>
<Node id="1362"/>	<Node id="1363"/>*<Node id="1364"/>*<Node id="1365"/>*<Node id="1366"/>*<Node id="1367"/>*<Node id="1368"/>*<Node id="1369"/>*<Node id="1370"/>*<Node id="1371"/>*<Node id="1372"/>*<Node id="1373"/>*<Node id="1374"/>*<Node id="1375"/>*<Node id="1376"/>*<Node id="1377"/>*<Node id="1378"/>*<Node id="1379"/>*<Node id="1380"/>*<Node id="1381"/>*<Node id="1382"/>*<Node id="1383"/>*<Node id="1384"/>*<Node id="1385"/>*<Node id="1386"/>*<Node id="1387"/>*<Node id="1388"/>*<Node id="1389"/>*<Node id="1390"/>*<Node id="1391"/>*<Node id="1392"/>*<Node id="1393"/>*<Node id="1394"/>*<Node id="1395"/>*<Node id="1396"/>*<Node id="1397"/>*<Node id="1398"/>*<Node id="1399"/>*<Node id="1400"/>*<Node id="1401"/>*<Node id="1402"/>*<Node id="1403"/>*<Node id="1404"/>*<Node id="1405"/>*<Node id="1406"/>*<Node id="1407"/>*<Node id="1408"/>*<Node id="1409"/>*<Node id="1410"/>*<Node id="1411"/>*<Node id="1412"/>*<Node id="1413"/>*<Node id="1414"/>*<Node id="1415"/>*<Node id="1416"/>*<Node id="1417"/>*<Node id="1418"/>*<Node id="1419"/>*<Node id="1420"/>*<Node id="1421"/>*<Node id="1422"/>*<Node id="1423"/>
<Node id="1424"/>	<Node id="1425"/>*<Node id="1426"/> <Node id="1427"/> <Node id="1428"/>	<Node id="1429"/>The<Node id="1432"/>_<Node id="1433"/>Doge<Node id="1437"/> <Node id="1438"/>of<Node id="1440"/> <Node id="1441"/>South<Node id="1446"/> <Node id="1447"/>St<Node id="1449"/>.<Node id="1450"/> <Node id="1451"/>Louis<Node id="1456"/>	<Node id="1457"/>	<Node id="1458"/>	<Node id="1459"/> <Node id="1460"/> <Node id="1461"/> <Node id="1462"/>*<Node id="1463"/>
<Node id="1464"/>	<Node id="1465"/>*<Node id="1466"/>	<Node id="1467"/>	<Node id="1468"/>Dobbs-<Node id="1474"/>Approved<Node id="1482"/> <Node id="1483"/>Media<Node id="1488"/> <Node id="1489"/>Conspirator<Node id="1500"/>(<Node id="1501"/>tm<Node id="1503"/>)<Node id="1504"/>	<Node id="1505"/> <Node id="1506"/> <Node id="1507"/> <Node id="1508"/>*<Node id="1509"/>
<Node id="1510"/>	<Node id="1511"/>*<Node id="1512"/>	<Node id="1513"/>"<Node id="1514"/>One<Node id="1517"/> <Node id="1518"/>Step<Node id="1522"/> <Node id="1523"/>Beyond<Node id="1529"/>"<Node id="1530"/> <Node id="1531"/> <Node id="1532"/>-<Node id="1533"/>-<Node id="1534"/> <Node id="1535"/>Sundays<Node id="1542"/>,<Node id="1543"/> <Node id="1544"/>3<Node id="1545"/> <Node id="1546"/>to<Node id="1548"/> <Node id="1549"/>5<Node id="1550"/> <Node id="1551"/>pm<Node id="1553"/>	<Node id="1554"/> <Node id="1555"/> <Node id="1556"/> <Node id="1557"/>*<Node id="1558"/>
<Node id="1559"/>	<Node id="1560"/>*<Node id="1561"/>	<Node id="1562"/>	<Node id="1563"/>88<Node id="1565"/>.<Node id="1566"/>1<Node id="1567"/> <Node id="1568"/>FM<Node id="1570"/>	<Node id="1571"/>	<Node id="1572"/>St<Node id="1574"/>.<Node id="1575"/> <Node id="1576"/>Louis<Node id="1581"/> <Node id="1582"/>Community<Node id="1591"/> <Node id="1592"/>Radio<Node id="1597"/> <Node id="1598"/> <Node id="1599"/>*<Node id="1600"/>
<Node id="1601"/>	<Node id="1602"/>*<Node id="1603"/> <Node id="1604"/> <Node id="1605"/>"<Node id="1606"/>You<Node id="1609"/>'ll<Node id="1612"/> <Node id="1613"/>pay<Node id="1616"/> <Node id="1617"/>to<Node id="1619"/> <Node id="1620"/>know<Node id="1624"/> <Node id="1625"/>what<Node id="1629"/> <Node id="1630"/>you<Node id="1633"/> <Node id="1634"/>*<Node id="1635"/>really<Node id="1641"/>*<Node id="1642"/> <Node id="1643"/>think<Node id="1648"/>!<Node id="1649"/>"<Node id="1650"/> <Node id="1651"/> <Node id="1652"/> <Node id="1653"/> <Node id="1654"/> <Node id="1655"/> <Node id="1656"/> <Node id="1657"/> <Node id="1658"/> <Node id="1659"/> <Node id="1660"/> <Node id="1661"/>*<Node id="1662"/>
<Node id="1663"/>	<Node id="1664"/>*<Node id="1665"/>	<Node id="1666"/>	<Node id="1667"/>	<Node id="1668"/>-<Node id="1669"/>-<Node id="1670"/> <Node id="1671"/>J<Node id="1672"/>.<Node id="1673"/>R<Node id="1674"/>.<Node id="1675"/> <Node id="1676"/>"<Node id="1677"/>Bob<Node id="1680"/>"<Node id="1681"/> <Node id="1682"/>Dobbs<Node id="1687"/>"<Node id="1688"/>	<Node id="1689"/>	<Node id="1690"/> <Node id="1691"/> <Node id="1692"/> <Node id="1693"/>*<Node id="1694"/>
<Node id="1695"/>	<Node id="1696"/>*<Node id="1697"/>*<Node id="1698"/>*<Node id="1699"/>*<Node id="1700"/>*<Node id="1701"/>*<Node id="1702"/>*<Node id="1703"/>*<Node id="1704"/>*<Node id="1705"/>*<Node id="1706"/>*<Node id="1707"/>*<Node id="1708"/>*<Node id="1709"/>*<Node id="1710"/>*<Node id="1711"/>*<Node id="1712"/>*<Node id="1713"/>*<Node id="1714"/>*<Node id="1715"/>*<Node id="1716"/>*<Node id="1717"/>*<Node id="1718"/>*<Node id="1719"/>*<Node id="1720"/>*<Node id="1721"/>*<Node id="1722"/>*<Node id="1723"/>*<Node id="1724"/>*<Node id="1725"/>*<Node id="1726"/>*<Node id="1727"/>*<Node id="1728"/>*<Node id="1729"/>*<Node id="1730"/>*<Node id="1731"/>*<Node id="1732"/>*<Node id="1733"/>*<Node id="1734"/>*<Node id="1735"/>*<Node id="1736"/>*<Node id="1737"/>*<Node id="1738"/>*<Node id="1739"/>*<Node id="1740"/>*<Node id="1741"/>*<Node id="1742"/>*<Node id="1743"/>*<Node id="1744"/>*<Node id="1745"/>*<Node id="1746"/>*<Node id="1747"/>*<Node id="1748"/>*<Node id="1749"/>*<Node id="1750"/>*<Node id="1751"/>*<Node id="1752"/>*<Node id="1753"/>*<Node id="1754"/>*<Node id="1755"/>*<Node id="1756"/>
<Node id="1757"/>
<Node id="1758"/>
<Node id="1759"/></TextWithNodes>
<!-- The default annotation set -->

<AnnotationSet>
<Annotation EndNode="1759" StartNode="0" Type="Mention" Id="9999999">
<Feature>
<Name classname="java.lang.String">Class</Name>
<Value classname="java.lang.String">0</Value>
</Feature>
</Annotation>

<Annotation Id="3" Type="Token" StartNode="6" EndNode="14">
<Feature>
  <Name className="java.lang.String">string</Name>
  <Value className="java.lang.String">clavazzi</Value>
</Feature>
</Annotation>
<Annotation Id="19" Type="Token" StartNode="40" EndNode="48">
<Feature>
  <Name className="java.lang.String">string</Name>
  <Value className="java.lang.String">Message-</Value>
</Feature>
</Annotation>
<Annotation Id="28" Type="Token" StartNode="63" EndNode="69">
</Annotation>
<Annotation Id="32" Type="Token" StartNode="76" EndNode="85">
<Feature>
  <Name className="java.lang.String">string</Name>
  <Value className="java.lang.String">mnemosyne</Value>
</Feature>
</Annotation>
<Annotation Id="41" Type="Token" StartNode="97" EndNode="103">
<Feature>
  <Name className="java.lang.String">string</Name>
  <Value className="java.lang.String">Sender</Value>
</Feature>
</Annotation>
<Annotation Id="46" Type="Token" StartNode="112" EndNode="121">
<Feature>
  <Name className="java.lang.String">string</Name>
  <Value className="java.lang.String">mnemosyne</Value>
</Feature>
</Annotation>
<Annotation Id="44" Type="Token" StartNode="105" EndNode="111">
<Feature>
  <Name className="java.lang.String">string</Name>
  <Value className="java.lang.String">usenet</Value>
</Feature>
</Annotation>
<Annotation Id="55" Type="Token" StartNode="133" EndNode="140">
<Feature>
  <Name className="java.lang.String">string</Name>
  <Value className="java.lang.String">netnews</Value>
</Feature>
</Annotation>
<Annotation Id="59" Type="Token" StartNode="147" EndNode="154">
<Feature>
  <Name className="java.lang.String">string</Name>
  <Value className="java.lang.String">account</Value>
</Feature>
</Annotation>
<Annotation Id="62" Type="Token" StartNode="156" EndNode="168">
<Feature>
  <Name className="java.lang.String">string</Name>
  <Value className="java.lang.String">Organization</Value>
</Feature>
</Annotation>
<Annotation Id="68" Type="Token" StartNode="175" EndNode="181">
<Feature>
  <Name className="java.lang.String">string</Name>
  <Value className="java.lang.String">Public</Value>
</Feature>
</Annotation>
<Annotation Id="70" Type="Token" StartNode="182" EndNode="188">
<Feature>
  <Name className="java.lang.String">string</Name>
  <Value className="java.lang.String">Access</Value>
</Feature>
</Annotation>
<Annotation Id="81" Type="Token" StartNode="202" EndNode="208">
<Feature>
  <Name className="java.lang.String">string</Name>
  <Value className="java.lang.String">Denver</Value>
</Feature>
</Annotation>
<Annotation Id="90" Type="Token" StartNode="223" EndNode="235">
<Feature>
  <Name className="java.lang.String">string</Name>
  <Value className="java.lang.String">Distribution</Value>
</Feature>
</Annotation>
<Annotation Id="127" Type="Token" StartNode="298" EndNode="306">
<Feature>
  <Name className="java.lang.String">string</Name>
  <Value className="java.lang.String">actually</Value>
</Feature>
</Annotation>
<Annotation Id="133" Type="Token" StartNode="313" EndNode="322">
<Feature>
  <Name className="java.lang.String">string</Name>
  <Value className="java.lang.String">important</Value>
</Feature>
</Annotation>
<Annotation Id="135" Type="Token" StartNode="323" EndNode="329">
<Feature>
  <Name className="java.lang.String">string</Name>
  <Value className="java.lang.String">things</Value>
</Feature>
</Annotation>
<Annotation Id="159" Type="Token" StartNode="378" EndNode="385">
<Feature>
  <Name className="java.lang.String">string</Name>
  <Value className="java.lang.String">getting</Value>
</Feature>
</Annotation>
<Annotation Id="173" Type="Token" StartNode="417" EndNode="425">
<Feature>
  <Name className="java.lang.String">string</Name>
  <Value className="java.lang.String">question</Value>
</Feature>
</Annotation>
<Annotation Id="161" Type="Token" StartNode="386" EndNode="395">
<Feature>
  <Name className="java.lang.String">string</Name>
  <Value className="java.lang.String">desperate</Value>
</Feature>
</Annotation>
<Annotation Id="167" Type="Token" StartNode="403" EndNode="409">
<Feature>
  <Name className="java.lang.String">string</Name>
  <Value className="java.lang.String">answer</Value>
</Feature>
</Annotation>
<Annotation Id="191" Type="Token" StartNode="453" EndNode="460">
<Feature>
  <Name className="java.lang.String">string</Name>
  <Value className="java.lang.String">Natural</Value>
</Feature>
</Annotation>
<Annotation Id="207" Type="Token" StartNode="493" EndNode="501">
<Feature>
  <Name className="java.lang.String">string</Name>
  <Value className="java.lang.String">anything</Value>
</Feature>
</Annotation>
<Annotation Id="196" Type="Token" StartNode="464" EndNode="472">
<Feature>
  <Name className="java.lang.String">string</Name>
  <Value className="java.lang.String">pinkboys</Value>
</Feature>
</Annotation>
<Annotation Id="225" Type="Token" StartNode="534" EndNode="540">
<Feature>
  <Name className="java.lang.String">string</Name>
  <Value className="java.lang.String">plenty</Value>
</Feature>
</Annotation>
<Annotation Id="254" Type="Token" StartNode="604" EndNode="612">
<Feature>
  <Name className="java.lang.String">string</Name>
  <Value className="java.lang.String">SubGenii</Value>
</Feature>
</Annotation>
<Annotation Id="252" Type="Token" StartNode="591" EndNode="603">
<Feature>
  <Name className="java.lang.String">string</Name>
  <Value className="java.lang.String">enterprising</Value>
</Feature>
</Annotation>
<Annotation Id="248" Type="Token" StartNode="579" EndNode="587">
<Feature>
  <Name className="java.lang.String">string</Name>
  <Value className="java.lang.String">business</Value>
</Feature>
</Annotation>
<Annotation Id="274" Type="Token" StartNode="650" EndNode="659">
<Feature>
  <Name className="java.lang.String">string</Name>
  <Value className="java.lang.String">separated</Value>
</Feature>
</Annotation>
<Annotation Id="260" Type="Token" StartNode="620" EndNode="628">
<Feature>
  <Name className="java.lang.String">string</Name>
  <Value className="java.lang.String">remember</Value>
</Feature>
</Annotation>
<Annotation Id="305" Type="Token" StartNode="732" EndNode="738">
<Feature>
  <Name className="java.lang.String">string</Name>
  <Value className="java.lang.String">Mexico</Value>
</Feature>
</Annotation>
<Annotation Id="299" Type="Token" StartNode="709" EndNode="718">
<Feature>
  <Name className="java.lang.String">string</Name>
  <Value className="java.lang.String">automatic</Value>
</Feature>
</Annotation>
<Annotation Id="301" Type="Token" StartNode="719" EndNode="726">
<Feature>
  <Name className="java.lang.String">string</Name>
  <Value className="java.lang.String">weapons</Value>
</Feature>
</Annotation>
<Annotation Id="343" Type="Token" StartNode="816" EndNode="823">
<Feature>
  <Name className="java.lang.String">string</Name>
  <Value className="java.lang.String">flowers</Value>
</Feature>
</Annotation>
<Annotation Id="337" Type="Token" StartNode="798" EndNode="806">
<Feature>
  <Name className="java.lang.String">string</Name>
  <Value className="java.lang.String">flunkies</Value>
</Feature>
</Annotation>
<Annotation Id="347" Type="Token" StartNode="827" EndNode="835">
<Feature>
  <Name className="java.lang.String">string</Name>
  <Value className="java.lang.String">airports</Value>
</Feature>
</Annotation>
<Annotation Id="321" Type="Token" StartNode="764" EndNode="771">
<Feature>
  <Name className="java.lang.String">string</Name>
  <Value className="java.lang.String">account</Value>
</Feature>
</Annotation>
<Annotation Id="411" Type="Token" StartNode="971" EndNode="978">
<Feature>
  <Name className="java.lang.String">string</Name>
  <Value className="java.lang.String">started</Value>
</Feature>
</Annotation>
<Annotation Id="413" Type="Token" StartNode="979" EndNode="989">
<Feature>
  <Name className="java.lang.String">string</Name>
  <Value className="java.lang.String">swallowing</Value>
</Feature>
</Annotation>
<Annotation Id="404" Type="Token" StartNode="956" EndNode="962">
<Feature>
  <Name className="java.lang.String">string</Name>
  <Value className="java.lang.String">Koresh</Value>
</Feature>
</Annotation>
<Annotation Id="395" Type="Token" StartNode="935" EndNode="943">
<Feature>
  <Name className="java.lang.String">string</Name>
  <Value className="java.lang.String">bulldada</Value>
</Feature>
</Annotation>
<Annotation Id="389" Type="Token" StartNode="918" EndNode="925">
<Feature>
  <Name className="java.lang.String">string</Name>
  <Value className="java.lang.String">believe</Value>
</Feature>
</Annotation>
<Annotation Id="444" Type="Token" StartNode="1062" EndNode="1069">
<Feature>
  <Name className="java.lang.String">string</Name>
  <Value className="java.lang.String">Bahamas</Value>
</Feature>
</Annotation>
<Annotation Id="434" Type="Token" StartNode="1029" EndNode="1036">
<Feature>
  <Name className="java.lang.String">string</Name>
  <Value className="java.lang.String">working</Value>
</Feature>
</Annotation>
<Annotation Id="436" Type="Token" StartNode="1037" EndNode="1046">
<Feature>
  <Name className="java.lang.String">string</Name>
  <Value className="java.lang.String">crossword</Value>
</Feature>
</Annotation>
<Annotation Id="438" Type="Token" StartNode="1047" EndNode="1054">
<Feature>
  <Name className="java.lang.String">string</Name>
  <Value className="java.lang.String">puzzles</Value>
</Feature>
</Annotation>
<Annotation Id="420" Type="Token" StartNode="999" EndNode="1009">
<Feature>
  <Name className="java.lang.String">string</Name>
  <Value className="java.lang.String">apocalypso</Value>
</Feature>
</Annotation>
<Annotation Id="472" Type="Token" StartNode="1137" EndNode="1144">
<Feature>
  <Name className="java.lang.String">string</Name>
  <Value className="java.lang.String">because</Value>
</Feature>
</Annotation>
<Annotation Id="452" Type="Token" StartNode="1087" EndNode="1099">
<Feature>
  <Name className="java.lang.String">string</Name>
  <Value className="java.lang.String">contributing</Value>
</Feature>
</Annotation>
<Annotation Id="448" Type="Token" StartNode="1076" EndNode="1083">
<Feature>
  <Name className="java.lang.String">string</Name>
  <Value className="java.lang.String">instead</Value>
</Feature>
</Annotation>
<Annotation Id="495" Type="Token" StartNode="1190" EndNode="1196">
<Feature>
  <Name className="java.lang.String">string</Name>
  <Value className="java.lang.String">likely</Value>
</Feature>
</Annotation>
<Annotation Id="484" Type="Token" StartNode="1164" EndNode="1172">
<Feature>
  <Name className="java.lang.String">string</Name>
  <Value className="java.lang.String">shooting</Value>
</Feature>
</Annotation>
<Annotation Id="557" Type="Token" StartNode="1308" EndNode="1317">
<Feature>
  <Name className="java.lang.String">string</Name>
  <Value className="java.lang.String">Stupidity</Value>
</Feature>
</Annotation>
<Annotation Id="565" Type="Token" StartNode="1342" EndNode="1348">
<Feature>
  <Name className="java.lang.String">string</Name>
  <Value className="java.lang.String">endeth</Value>
</Feature>
</Annotation>
<Annotation Id="561" Type="Token" StartNode="1321" EndNode="1336">
<Feature>
  <Name className="java.lang.String">string</Name>
  <Value className="java.lang.String">self-correcting</Value>
</Feature>
</Annotation>
<Annotation Id="569" Type="Token" StartNode="1353" EndNode="1359">
<Feature>
  <Name className="java.lang.String">string</Name>
  <Value className="java.lang.String">lesson</Value>
</Feature>
</Annotation>
<Annotation Id="517" Type="Token" StartNode="1234" EndNode="1240">
<Feature>
  <Name className="java.lang.String">string</Name>
  <Value className="java.lang.String">better</Value>
</Feature>
</Annotation>
<Annotation Id="543" Type="Token" StartNode="1281" EndNode="1287">
<Feature>
  <Name className="java.lang.String">string</Name>
  <Value className="java.lang.String">Barnum</Value>
</Feature>
</Annotation>
<Annotation Id="687" Type="Token" StartNode="1523" EndNode="1529">
<Feature>
  <Name className="java.lang.String">string</Name>
  <Value className="java.lang.String">Beyond</Value>
</Feature>
</Annotation>
<Annotation Id="694" Type="Token" StartNode="1535" EndNode="1542">
<Feature>
  <Name className="java.lang.String">string</Name>
  <Value className="java.lang.String">Sundays</Value>
</Feature>
</Annotation>
<Annotation Id="669" Type="Token" StartNode="1489" EndNode="1500">
<Feature>
  <Name className="java.lang.String">string</Name>
  <Value className="java.lang.String">Conspirator</Value>
</Feature>
</Annotation>
<Annotation Id="664" Type="Token" StartNode="1468" EndNode="1474">
<Feature>
  <Name className="java.lang.String">string</Name>
  <Value className="java.lang.String">Dobbs-</Value>
</Feature>
</Annotation>
<Annotation Id="665" Type="Token" StartNode="1474" EndNode="1482">
<Feature>
  <Name className="java.lang.String">string</Name>
  <Value className="java.lang.String">Approved</Value>
</Feature>
</Annotation>
<Annotation Id="753" Type="Token" StartNode="1635" EndNode="1641">
<Feature>
  <Name className="java.lang.String">string</Name>
  <Value className="java.lang.String">really</Value>
</Feature>
</Annotation>
<Annotation Id="726" Type="Token" StartNode="1582" EndNode="1591">
<Feature>
  <Name className="java.lang.String">string</Name>
  <Value className="java.lang.String">Community</Value>
</Feature>
</Annotation>
</AnnotationSet>
<AnnotationSet Name="Original markups"> </AnnotationSet>
</GateDocument>