<?xml version='1.0' encoding='UTF-8'?>
<GateDocument version="3">
<!-- The document's features-->

<GateDocumentFeatures>
<Feature>
  <Name className="java.lang.String">Original_document_content_on_load</Name>
  <Value className="java.lang.String"><![CDATA[Organization: Students for Increased Beverage Access (SIBA)
Date: Fri, 16 Apr 1993 10:15:49 EDT
From: Mark 'Mark' Sachs <MBS110@psuvm.psu.edu>
Message-ID: <93106.101549MBS110@psuvm.psu.edu>
References: <C5EJ5r.JzI@newsserver.technet.sg>
 <93105.032616MBS110@psuvm.psu.edu> <1qkl3i$9bj@usenet.INS.CWRU.Edu>
Lines: 49

In article <1qkl3i$9bj@usenet.INS.CWRU.Edu>, an030@cleveland.Freenet.Edu
(Broward Horne) says:
>In a previous article, MBS110@psuvm.psu.edu (Mark 'Mark' Sachs) says:
>>In article <1qhr73$a8d@usenet.INS.CWRU.Edu>, an030@cleveland.Freenet.Edu
>>(Broward Horne) says:
>>>      It sure does appear that way, doesn't it?
>>
>>The attitude that people are stupid if they don't agree with you is not
>>going to bring you great success in life. Free advice, there.

>      whew.  Mark, what on EARTH makes you think I give a FUCK
>      about being a "success", particularly NOW when I'll just
>      the HELL taxed out of me?  Oh, this is excellent.

That was hardly the point, was it? I was commenting on this all-too-common
Republican attitude that if people disagree with us, they must be idiots, they
must be sheep being led around by the Evil Liberal Media Conspiracy. This is
a dangerous attitude indeed. Because it's not a very big step from "people
are sheep, they can't think for themselves" to "people are sheep and need
firm leadership from we, who know better"... this sort of attitude makes
me worry about what'll happen to the United States if the extremist wing
of the Republican party ever gets back into power again.

>      Holy christ! :)

Hey! This is a government-funded newsgroup! Let's have some separation
of church and state, damn it!

>        Besides, let's <ahem> examine the record, shall we?

>    Broward:   " Clinton's going to taxe the HOLY FUCK out of you! "
>    Mark:      " No, he's not.  Only $17 / month "

>   ( I STILL get a laugh out of this one! :) )

More like:

Broward: "Clinton's going to raise your income taxes by over $1000!"
Mark:    "No, he's not, only about $204."
Broward: (silence)

>    Want some more "free predictions" ?

OK, I predict that in 1996 the Republicans will STILL be bitter. Yeah, yeah,
I know, it's not very impressive to predict things that are inevitable...

   "...so I propose that we destroy the moon, neatly solving that problem."
[Your blood pressure just went up.]        Mark Sachs IS: mbs110@psuvm.psu.edu
   DISCLAIMER: If PSU knew I had opinions, they'd try to charge me for them.
]]></Value>
</Feature>
<Feature>
  <Name className="java.lang.String">gate.SourceURL</Name>
  <Value className="java.lang.String">file:/C:/Users/jian/Documents/NetBeansProjects/NoiseReductionTechniques/mideastPoliticsMix/negative101</Value>
</Feature>
</GateDocumentFeatures>
<!-- The document content area with serialized nodes -->

<TextWithNodes><Node id="0"/>Organization<Node id="12"/>:<Node id="13"/> <Node id="14"/>Students<Node id="22"/> <Node id="23"/>for<Node id="26"/> <Node id="27"/>Increased<Node id="36"/> <Node id="37"/>Beverage<Node id="45"/> <Node id="46"/>Access<Node id="52"/> <Node id="53"/>(<Node id="54"/>SIBA<Node id="58"/>)<Node id="59"/>
<Node id="60"/>Date<Node id="64"/>:<Node id="65"/> <Node id="66"/>Fri<Node id="69"/>,<Node id="70"/> <Node id="71"/>16<Node id="73"/> <Node id="74"/>Apr<Node id="77"/> <Node id="78"/>1993<Node id="82"/> <Node id="83"/>10<Node id="85"/>:<Node id="86"/>15<Node id="88"/>:<Node id="89"/>49<Node id="91"/> <Node id="92"/>EDT<Node id="95"/>
<Node id="96"/>From<Node id="100"/>:<Node id="101"/> <Node id="102"/>Mark<Node id="106"/> <Node id="107"/>'<Node id="108"/>Mark<Node id="112"/>'<Node id="113"/> <Node id="114"/>Sachs<Node id="119"/> <Node id="120"/>&lt;<Node id="121"/>MBS<Node id="124"/>110<Node id="127"/>@<Node id="128"/>psuvm<Node id="133"/>.<Node id="134"/>psu<Node id="137"/>.<Node id="138"/>edu<Node id="141"/>&gt;<Node id="142"/>
<Node id="143"/>Message-<Node id="151"/>ID<Node id="153"/>:<Node id="154"/> <Node id="155"/>&lt;<Node id="156"/>93106<Node id="161"/>.<Node id="162"/>101549<Node id="168"/>MBS<Node id="171"/>110<Node id="174"/>@<Node id="175"/>psuvm<Node id="180"/>.<Node id="181"/>psu<Node id="184"/>.<Node id="185"/>edu<Node id="188"/>&gt;<Node id="189"/>
<Node id="190"/>References<Node id="200"/>:<Node id="201"/> <Node id="202"/>&lt;<Node id="203"/>C<Node id="204"/>5<Node id="205"/>EJ<Node id="207"/>5<Node id="208"/>r<Node id="209"/>.<Node id="210"/>JzI<Node id="213"/>@<Node id="214"/>newsserver<Node id="224"/>.<Node id="225"/>technet<Node id="232"/>.<Node id="233"/>sg<Node id="235"/>&gt;<Node id="236"/>
<Node id="237"/> <Node id="238"/>&lt;<Node id="239"/>93105<Node id="244"/>.<Node id="245"/>032616<Node id="251"/>MBS<Node id="254"/>110<Node id="257"/>@<Node id="258"/>psuvm<Node id="263"/>.<Node id="264"/>psu<Node id="267"/>.<Node id="268"/>edu<Node id="271"/>&gt;<Node id="272"/> <Node id="273"/>&lt;<Node id="274"/>1<Node id="275"/>qkl<Node id="278"/>3<Node id="279"/>i<Node id="280"/>$<Node id="281"/>9<Node id="282"/>bj<Node id="284"/>@<Node id="285"/>usenet<Node id="291"/>.<Node id="292"/>INS<Node id="295"/>.<Node id="296"/>CWRU<Node id="300"/>.<Node id="301"/>Edu<Node id="304"/>&gt;<Node id="305"/>
<Node id="306"/>Lines<Node id="311"/>:<Node id="312"/> <Node id="313"/>49<Node id="315"/>
<Node id="316"/>
<Node id="317"/>In<Node id="319"/> <Node id="320"/>article<Node id="327"/> <Node id="328"/>&lt;<Node id="329"/>1<Node id="330"/>qkl<Node id="333"/>3<Node id="334"/>i<Node id="335"/>$<Node id="336"/>9<Node id="337"/>bj<Node id="339"/>@<Node id="340"/>usenet<Node id="346"/>.<Node id="347"/>INS<Node id="350"/>.<Node id="351"/>CWRU<Node id="355"/>.<Node id="356"/>Edu<Node id="359"/>&gt;<Node id="360"/>,<Node id="361"/> <Node id="362"/>an<Node id="364"/>030<Node id="367"/>@<Node id="368"/>cleveland<Node id="377"/>.<Node id="378"/>Freenet<Node id="385"/>.<Node id="386"/>Edu<Node id="389"/>
<Node id="390"/>(<Node id="391"/>Broward<Node id="398"/> <Node id="399"/>Horne<Node id="404"/>)<Node id="405"/> <Node id="406"/>says<Node id="410"/>:<Node id="411"/>
<Node id="412"/>&gt;<Node id="413"/>In<Node id="415"/> <Node id="416"/>a<Node id="417"/> <Node id="418"/>previous<Node id="426"/> <Node id="427"/>article<Node id="434"/>,<Node id="435"/> <Node id="436"/>MBS<Node id="439"/>110<Node id="442"/>@<Node id="443"/>psuvm<Node id="448"/>.<Node id="449"/>psu<Node id="452"/>.<Node id="453"/>edu<Node id="456"/> <Node id="457"/>(<Node id="458"/>Mark<Node id="462"/> <Node id="463"/>'<Node id="464"/>Mark<Node id="468"/>'<Node id="469"/> <Node id="470"/>Sachs<Node id="475"/>)<Node id="476"/> <Node id="477"/>says<Node id="481"/>:<Node id="482"/>
<Node id="483"/>&gt;<Node id="484"/>&gt;<Node id="485"/>In<Node id="487"/> <Node id="488"/>article<Node id="495"/> <Node id="496"/>&lt;<Node id="497"/>1<Node id="498"/>qhr<Node id="501"/>73<Node id="503"/>$<Node id="504"/>a<Node id="505"/>8<Node id="506"/>d<Node id="507"/>@<Node id="508"/>usenet<Node id="514"/>.<Node id="515"/>INS<Node id="518"/>.<Node id="519"/>CWRU<Node id="523"/>.<Node id="524"/>Edu<Node id="527"/>&gt;<Node id="528"/>,<Node id="529"/> <Node id="530"/>an<Node id="532"/>030<Node id="535"/>@<Node id="536"/>cleveland<Node id="545"/>.<Node id="546"/>Freenet<Node id="553"/>.<Node id="554"/>Edu<Node id="557"/>
<Node id="558"/>&gt;<Node id="559"/>&gt;<Node id="560"/>(<Node id="561"/>Broward<Node id="568"/> <Node id="569"/>Horne<Node id="574"/>)<Node id="575"/> <Node id="576"/>says<Node id="580"/>:<Node id="581"/>
<Node id="582"/>&gt;<Node id="583"/>&gt;<Node id="584"/>&gt;<Node id="585"/> <Node id="586"/> <Node id="587"/> <Node id="588"/> <Node id="589"/> <Node id="590"/> <Node id="591"/>It<Node id="593"/> <Node id="594"/>sure<Node id="598"/> <Node id="599"/>does<Node id="603"/> <Node id="604"/>appear<Node id="610"/> <Node id="611"/>that<Node id="615"/> <Node id="616"/>way<Node id="619"/>,<Node id="620"/> <Node id="621"/>does<Node id="625"/>n't<Node id="628"/> <Node id="629"/>it<Node id="631"/>?<Node id="632"/>
<Node id="633"/>&gt;<Node id="634"/>&gt;<Node id="635"/>
<Node id="636"/>&gt;<Node id="637"/>&gt;<Node id="638"/>The<Node id="641"/> <Node id="642"/>attitude<Node id="650"/> <Node id="651"/>that<Node id="655"/> <Node id="656"/>people<Node id="662"/> <Node id="663"/>are<Node id="666"/> <Node id="667"/>stupid<Node id="673"/> <Node id="674"/>if<Node id="676"/> <Node id="677"/>they<Node id="681"/> <Node id="682"/>do<Node id="684"/>n't<Node id="687"/> <Node id="688"/>agree<Node id="693"/> <Node id="694"/>with<Node id="698"/> <Node id="699"/>you<Node id="702"/> <Node id="703"/>is<Node id="705"/> <Node id="706"/>not<Node id="709"/>
<Node id="710"/>&gt;<Node id="711"/>&gt;<Node id="712"/>going<Node id="717"/> <Node id="718"/>to<Node id="720"/> <Node id="721"/>bring<Node id="726"/> <Node id="727"/>you<Node id="730"/> <Node id="731"/>great<Node id="736"/> <Node id="737"/>success<Node id="744"/> <Node id="745"/>in<Node id="747"/> <Node id="748"/>life<Node id="752"/>.<Node id="753"/> <Node id="754"/>Free<Node id="758"/> <Node id="759"/>advice<Node id="765"/>,<Node id="766"/> <Node id="767"/>there<Node id="772"/>.<Node id="773"/>
<Node id="774"/>
<Node id="775"/>&gt;<Node id="776"/> <Node id="777"/> <Node id="778"/> <Node id="779"/> <Node id="780"/> <Node id="781"/> <Node id="782"/>whew<Node id="786"/>.<Node id="787"/> <Node id="788"/> <Node id="789"/>Mark<Node id="793"/>,<Node id="794"/> <Node id="795"/>what<Node id="799"/> <Node id="800"/>on<Node id="802"/> <Node id="803"/>EARTH<Node id="808"/> <Node id="809"/>makes<Node id="814"/> <Node id="815"/>you<Node id="818"/> <Node id="819"/>think<Node id="824"/> <Node id="825"/>I<Node id="826"/> <Node id="827"/>give<Node id="831"/> <Node id="832"/>a<Node id="833"/> <Node id="834"/>FUCK<Node id="838"/>
<Node id="839"/>&gt;<Node id="840"/> <Node id="841"/> <Node id="842"/> <Node id="843"/> <Node id="844"/> <Node id="845"/> <Node id="846"/>about<Node id="851"/> <Node id="852"/>being<Node id="857"/> <Node id="858"/>a<Node id="859"/> <Node id="860"/>"<Node id="861"/>success<Node id="868"/>"<Node id="869"/>,<Node id="870"/> <Node id="871"/>particularly<Node id="883"/> <Node id="884"/>NOW<Node id="887"/> <Node id="888"/>when<Node id="892"/> <Node id="893"/>I<Node id="894"/>'ll<Node id="897"/> <Node id="898"/>just<Node id="902"/>
<Node id="903"/>&gt;<Node id="904"/> <Node id="905"/> <Node id="906"/> <Node id="907"/> <Node id="908"/> <Node id="909"/> <Node id="910"/>the<Node id="913"/> <Node id="914"/>HELL<Node id="918"/> <Node id="919"/>taxed<Node id="924"/> <Node id="925"/>out<Node id="928"/> <Node id="929"/>of<Node id="931"/> <Node id="932"/>me<Node id="934"/>?<Node id="935"/> <Node id="936"/> <Node id="937"/>Oh<Node id="939"/>,<Node id="940"/> <Node id="941"/>this<Node id="945"/> <Node id="946"/>is<Node id="948"/> <Node id="949"/>excellent<Node id="958"/>.<Node id="959"/>
<Node id="960"/>
<Node id="961"/>That<Node id="965"/> <Node id="966"/>was<Node id="969"/> <Node id="970"/>hardly<Node id="976"/> <Node id="977"/>the<Node id="980"/> <Node id="981"/>point<Node id="986"/>,<Node id="987"/> <Node id="988"/>was<Node id="991"/> <Node id="992"/>it<Node id="994"/>?<Node id="995"/> <Node id="996"/>I<Node id="997"/> <Node id="998"/>was<Node id="1001"/> <Node id="1002"/>commenting<Node id="1012"/> <Node id="1013"/>on<Node id="1015"/> <Node id="1016"/>this<Node id="1020"/> <Node id="1021"/>all-too-common<Node id="1035"/>
<Node id="1036"/>Republican<Node id="1046"/> <Node id="1047"/>attitude<Node id="1055"/> <Node id="1056"/>that<Node id="1060"/> <Node id="1061"/>if<Node id="1063"/> <Node id="1064"/>people<Node id="1070"/> <Node id="1071"/>disagree<Node id="1079"/> <Node id="1080"/>with<Node id="1084"/> <Node id="1085"/>us<Node id="1087"/>,<Node id="1088"/> <Node id="1089"/>they<Node id="1093"/> <Node id="1094"/>must<Node id="1098"/> <Node id="1099"/>be<Node id="1101"/> <Node id="1102"/>idiots<Node id="1108"/>,<Node id="1109"/> <Node id="1110"/>they<Node id="1114"/>
<Node id="1115"/>must<Node id="1119"/> <Node id="1120"/>be<Node id="1122"/> <Node id="1123"/>sheep<Node id="1128"/> <Node id="1129"/>being<Node id="1134"/> <Node id="1135"/>led<Node id="1138"/> <Node id="1139"/>around<Node id="1145"/> <Node id="1146"/>by<Node id="1148"/> <Node id="1149"/>the<Node id="1152"/> <Node id="1153"/>Evil<Node id="1157"/> <Node id="1158"/>Liberal<Node id="1165"/> <Node id="1166"/>Media<Node id="1171"/> <Node id="1172"/>Conspiracy<Node id="1182"/>.<Node id="1183"/> <Node id="1184"/>This<Node id="1188"/> <Node id="1189"/>is<Node id="1191"/>
<Node id="1192"/>a<Node id="1193"/> <Node id="1194"/>dangerous<Node id="1203"/> <Node id="1204"/>attitude<Node id="1212"/> <Node id="1213"/>indeed<Node id="1219"/>.<Node id="1220"/> <Node id="1221"/>Because<Node id="1228"/> <Node id="1229"/>it<Node id="1231"/>'s<Node id="1233"/> <Node id="1234"/>not<Node id="1237"/> <Node id="1238"/>a<Node id="1239"/> <Node id="1240"/>very<Node id="1244"/> <Node id="1245"/>big<Node id="1248"/> <Node id="1249"/>step<Node id="1253"/> <Node id="1254"/>from<Node id="1258"/> <Node id="1259"/>"<Node id="1260"/>people<Node id="1266"/>
<Node id="1267"/>are<Node id="1270"/> <Node id="1271"/>sheep<Node id="1276"/>,<Node id="1277"/> <Node id="1278"/>they<Node id="1282"/> <Node id="1283"/>ca<Node id="1285"/>n't<Node id="1288"/> <Node id="1289"/>think<Node id="1294"/> <Node id="1295"/>for<Node id="1298"/> <Node id="1299"/>themselves<Node id="1309"/>"<Node id="1310"/> <Node id="1311"/>to<Node id="1313"/> <Node id="1314"/>"<Node id="1315"/>people<Node id="1321"/> <Node id="1322"/>are<Node id="1325"/> <Node id="1326"/>sheep<Node id="1331"/> <Node id="1332"/>and<Node id="1335"/> <Node id="1336"/>need<Node id="1340"/>
<Node id="1341"/>firm<Node id="1345"/> <Node id="1346"/>leadership<Node id="1356"/> <Node id="1357"/>from<Node id="1361"/> <Node id="1362"/>we<Node id="1364"/>,<Node id="1365"/> <Node id="1366"/>who<Node id="1369"/> <Node id="1370"/>know<Node id="1374"/> <Node id="1375"/>better<Node id="1381"/>"<Node id="1382"/>.<Node id="1383"/>.<Node id="1384"/>.<Node id="1385"/> <Node id="1386"/>this<Node id="1390"/> <Node id="1391"/>sort<Node id="1395"/> <Node id="1396"/>of<Node id="1398"/> <Node id="1399"/>attitude<Node id="1407"/> <Node id="1408"/>makes<Node id="1413"/>
<Node id="1414"/>me<Node id="1416"/> <Node id="1417"/>worry<Node id="1422"/> <Node id="1423"/>about<Node id="1428"/> <Node id="1429"/>what<Node id="1433"/>'ll<Node id="1436"/> <Node id="1437"/>happen<Node id="1443"/> <Node id="1444"/>to<Node id="1446"/> <Node id="1447"/>the<Node id="1450"/> <Node id="1451"/>United<Node id="1457"/> <Node id="1458"/>States<Node id="1464"/> <Node id="1465"/>if<Node id="1467"/> <Node id="1468"/>the<Node id="1471"/> <Node id="1472"/>extremist<Node id="1481"/> <Node id="1482"/>wing<Node id="1486"/>
<Node id="1487"/>of<Node id="1489"/> <Node id="1490"/>the<Node id="1493"/> <Node id="1494"/>Republican<Node id="1504"/> <Node id="1505"/>party<Node id="1510"/> <Node id="1511"/>ever<Node id="1515"/> <Node id="1516"/>gets<Node id="1520"/> <Node id="1521"/>back<Node id="1525"/> <Node id="1526"/>into<Node id="1530"/> <Node id="1531"/>power<Node id="1536"/> <Node id="1537"/>again<Node id="1542"/>.<Node id="1543"/>
<Node id="1544"/>
<Node id="1545"/>&gt;<Node id="1546"/> <Node id="1547"/> <Node id="1548"/> <Node id="1549"/> <Node id="1550"/> <Node id="1551"/> <Node id="1552"/>Holy<Node id="1556"/> <Node id="1557"/>christ<Node id="1563"/>!<Node id="1564"/> <Node id="1565"/>:<Node id="1566"/>)<Node id="1567"/>
<Node id="1568"/>
<Node id="1569"/>Hey<Node id="1572"/>!<Node id="1573"/> <Node id="1574"/>This<Node id="1578"/> <Node id="1579"/>is<Node id="1581"/> <Node id="1582"/>a<Node id="1583"/> <Node id="1584"/>government-funded<Node id="1601"/> <Node id="1602"/>newsgroup<Node id="1611"/>!<Node id="1612"/> <Node id="1613"/>Let<Node id="1616"/>'s<Node id="1618"/> <Node id="1619"/>have<Node id="1623"/> <Node id="1624"/>some<Node id="1628"/> <Node id="1629"/>separation<Node id="1639"/>
<Node id="1640"/>of<Node id="1642"/> <Node id="1643"/>church<Node id="1649"/> <Node id="1650"/>and<Node id="1653"/> <Node id="1654"/>state<Node id="1659"/>,<Node id="1660"/> <Node id="1661"/>damn<Node id="1665"/> <Node id="1666"/>it<Node id="1668"/>!<Node id="1669"/>
<Node id="1670"/>
<Node id="1671"/>&gt;<Node id="1672"/> <Node id="1673"/> <Node id="1674"/> <Node id="1675"/> <Node id="1676"/> <Node id="1677"/> <Node id="1678"/> <Node id="1679"/> <Node id="1680"/>Besides<Node id="1687"/>,<Node id="1688"/> <Node id="1689"/>let<Node id="1692"/>'s<Node id="1694"/> <Node id="1695"/>&lt;<Node id="1696"/>ahem<Node id="1700"/>&gt;<Node id="1701"/> <Node id="1702"/>examine<Node id="1709"/> <Node id="1710"/>the<Node id="1713"/> <Node id="1714"/>record<Node id="1720"/>,<Node id="1721"/> <Node id="1722"/>shall<Node id="1727"/> <Node id="1728"/>we<Node id="1730"/>?<Node id="1731"/>
<Node id="1732"/>
<Node id="1733"/>&gt;<Node id="1734"/> <Node id="1735"/> <Node id="1736"/> <Node id="1737"/> <Node id="1738"/>Broward<Node id="1745"/>:<Node id="1746"/> <Node id="1747"/> <Node id="1748"/> <Node id="1749"/>"<Node id="1750"/> <Node id="1751"/>Clinton<Node id="1758"/>'s<Node id="1760"/> <Node id="1761"/>going<Node id="1766"/> <Node id="1767"/>to<Node id="1769"/> <Node id="1770"/>taxe<Node id="1774"/> <Node id="1775"/>the<Node id="1778"/> <Node id="1779"/>HOLY<Node id="1783"/> <Node id="1784"/>FUCK<Node id="1788"/> <Node id="1789"/>out<Node id="1792"/> <Node id="1793"/>of<Node id="1795"/> <Node id="1796"/>you<Node id="1799"/>!<Node id="1800"/> <Node id="1801"/>"<Node id="1802"/>
<Node id="1803"/>&gt;<Node id="1804"/> <Node id="1805"/> <Node id="1806"/> <Node id="1807"/> <Node id="1808"/>Mark<Node id="1812"/>:<Node id="1813"/> <Node id="1814"/> <Node id="1815"/> <Node id="1816"/> <Node id="1817"/> <Node id="1818"/> <Node id="1819"/>"<Node id="1820"/> <Node id="1821"/>No<Node id="1823"/>,<Node id="1824"/> <Node id="1825"/>he<Node id="1827"/>'s<Node id="1829"/> <Node id="1830"/>not<Node id="1833"/>.<Node id="1834"/> <Node id="1835"/> <Node id="1836"/>Only<Node id="1840"/> <Node id="1841"/>$<Node id="1842"/>17<Node id="1844"/> <Node id="1845"/>/<Node id="1846"/> <Node id="1847"/>month<Node id="1852"/> <Node id="1853"/>"<Node id="1854"/>
<Node id="1855"/>
<Node id="1856"/>&gt;<Node id="1857"/> <Node id="1858"/> <Node id="1859"/> <Node id="1860"/>(<Node id="1861"/> <Node id="1862"/>I<Node id="1863"/> <Node id="1864"/>STILL<Node id="1869"/> <Node id="1870"/>get<Node id="1873"/> <Node id="1874"/>a<Node id="1875"/> <Node id="1876"/>laugh<Node id="1881"/> <Node id="1882"/>out<Node id="1885"/> <Node id="1886"/>of<Node id="1888"/> <Node id="1889"/>this<Node id="1893"/> <Node id="1894"/>one<Node id="1897"/>!<Node id="1898"/> <Node id="1899"/>:<Node id="1900"/>)<Node id="1901"/> <Node id="1902"/>)<Node id="1903"/>
<Node id="1904"/>
<Node id="1905"/>More<Node id="1909"/> <Node id="1910"/>like<Node id="1914"/>:<Node id="1915"/>
<Node id="1916"/>
<Node id="1917"/>Broward<Node id="1924"/>:<Node id="1925"/> <Node id="1926"/>"<Node id="1927"/>Clinton<Node id="1934"/>'s<Node id="1936"/> <Node id="1937"/>going<Node id="1942"/> <Node id="1943"/>to<Node id="1945"/> <Node id="1946"/>raise<Node id="1951"/> <Node id="1952"/>your<Node id="1956"/> <Node id="1957"/>income<Node id="1963"/> <Node id="1964"/>taxes<Node id="1969"/> <Node id="1970"/>by<Node id="1972"/> <Node id="1973"/>over<Node id="1977"/> <Node id="1978"/>$<Node id="1979"/>1000<Node id="1983"/>!<Node id="1984"/>"<Node id="1985"/>
<Node id="1986"/>Mark<Node id="1990"/>:<Node id="1991"/> <Node id="1992"/> <Node id="1993"/> <Node id="1994"/> <Node id="1995"/>"<Node id="1996"/>No<Node id="1998"/>,<Node id="1999"/> <Node id="2000"/>he<Node id="2002"/>'s<Node id="2004"/> <Node id="2005"/>not<Node id="2008"/>,<Node id="2009"/> <Node id="2010"/>only<Node id="2014"/> <Node id="2015"/>about<Node id="2020"/> <Node id="2021"/>$<Node id="2022"/>204<Node id="2025"/>.<Node id="2026"/>"<Node id="2027"/>
<Node id="2028"/>Broward<Node id="2035"/>:<Node id="2036"/> <Node id="2037"/>(<Node id="2038"/>silence<Node id="2045"/>)<Node id="2046"/>
<Node id="2047"/>
<Node id="2048"/>&gt;<Node id="2049"/> <Node id="2050"/> <Node id="2051"/> <Node id="2052"/> <Node id="2053"/>Want<Node id="2057"/> <Node id="2058"/>some<Node id="2062"/> <Node id="2063"/>more<Node id="2067"/> <Node id="2068"/>"<Node id="2069"/>free<Node id="2073"/> <Node id="2074"/>predictions<Node id="2085"/>"<Node id="2086"/> <Node id="2087"/>?<Node id="2088"/>
<Node id="2089"/>
<Node id="2090"/>OK<Node id="2092"/>,<Node id="2093"/> <Node id="2094"/>I<Node id="2095"/> <Node id="2096"/>predict<Node id="2103"/> <Node id="2104"/>that<Node id="2108"/> <Node id="2109"/>in<Node id="2111"/> <Node id="2112"/>1996<Node id="2116"/> <Node id="2117"/>the<Node id="2120"/> <Node id="2121"/>Republicans<Node id="2132"/> <Node id="2133"/>will<Node id="2137"/> <Node id="2138"/>STILL<Node id="2143"/> <Node id="2144"/>be<Node id="2146"/> <Node id="2147"/>bitter<Node id="2153"/>.<Node id="2154"/> <Node id="2155"/>Yeah<Node id="2159"/>,<Node id="2160"/> <Node id="2161"/>yeah<Node id="2165"/>,<Node id="2166"/>
<Node id="2167"/>I<Node id="2168"/> <Node id="2169"/>know<Node id="2173"/>,<Node id="2174"/> <Node id="2175"/>it<Node id="2177"/>'s<Node id="2179"/> <Node id="2180"/>not<Node id="2183"/> <Node id="2184"/>very<Node id="2188"/> <Node id="2189"/>impressive<Node id="2199"/> <Node id="2200"/>to<Node id="2202"/> <Node id="2203"/>predict<Node id="2210"/> <Node id="2211"/>things<Node id="2217"/> <Node id="2218"/>that<Node id="2222"/> <Node id="2223"/>are<Node id="2226"/> <Node id="2227"/>inevitable<Node id="2237"/>.<Node id="2238"/>.<Node id="2239"/>.<Node id="2240"/>
<Node id="2241"/>
<Node id="2242"/> <Node id="2243"/> <Node id="2244"/> <Node id="2245"/>"<Node id="2246"/>.<Node id="2247"/>.<Node id="2248"/>.<Node id="2249"/>so<Node id="2251"/> <Node id="2252"/>I<Node id="2253"/> <Node id="2254"/>propose<Node id="2261"/> <Node id="2262"/>that<Node id="2266"/> <Node id="2267"/>we<Node id="2269"/> <Node id="2270"/>destroy<Node id="2277"/> <Node id="2278"/>the<Node id="2281"/> <Node id="2282"/>moon<Node id="2286"/>,<Node id="2287"/> <Node id="2288"/>neatly<Node id="2294"/> <Node id="2295"/>solving<Node id="2302"/> <Node id="2303"/>that<Node id="2307"/> <Node id="2308"/>problem<Node id="2315"/>.<Node id="2316"/>"<Node id="2317"/>
<Node id="2318"/>[<Node id="2319"/>Your<Node id="2323"/> <Node id="2324"/>blood<Node id="2329"/> <Node id="2330"/>pressure<Node id="2338"/> <Node id="2339"/>just<Node id="2343"/> <Node id="2344"/>went<Node id="2348"/> <Node id="2349"/>up<Node id="2351"/>.<Node id="2352"/>]<Node id="2353"/> <Node id="2354"/> <Node id="2355"/> <Node id="2356"/> <Node id="2357"/> <Node id="2358"/> <Node id="2359"/> <Node id="2360"/> <Node id="2361"/>Mark<Node id="2365"/> <Node id="2366"/>Sachs<Node id="2371"/> <Node id="2372"/>IS<Node id="2374"/>:<Node id="2375"/> <Node id="2376"/>mbs<Node id="2379"/>110<Node id="2382"/>@<Node id="2383"/>psuvm<Node id="2388"/>.<Node id="2389"/>psu<Node id="2392"/>.<Node id="2393"/>edu<Node id="2396"/>
<Node id="2397"/> <Node id="2398"/> <Node id="2399"/> <Node id="2400"/>DISCLAIMER<Node id="2410"/>:<Node id="2411"/> <Node id="2412"/>If<Node id="2414"/> <Node id="2415"/>PSU<Node id="2418"/> <Node id="2419"/>knew<Node id="2423"/> <Node id="2424"/>I<Node id="2425"/> <Node id="2426"/>had<Node id="2429"/> <Node id="2430"/>opinions<Node id="2438"/>,<Node id="2439"/> <Node id="2440"/>they<Node id="2444"/>'d<Node id="2446"/> <Node id="2447"/>try<Node id="2450"/> <Node id="2451"/>to<Node id="2453"/> <Node id="2454"/>charge<Node id="2460"/> <Node id="2461"/>me<Node id="2463"/> <Node id="2464"/>for<Node id="2467"/> <Node id="2468"/>them<Node id="2472"/>.<Node id="2473"/>
<Node id="2474"/></TextWithNodes>
<!-- The default annotation set -->

<AnnotationSet>
<Annotation EndNode="2474" StartNode="0" Type="Mention" Id="9999999">
<Feature>
<Name classname="java.lang.String">Class</Name>
<Value classname="java.lang.String">0</Value>
</Feature>
</Annotation>

<Annotation Id="0" Type="Token" StartNode="0" EndNode="12">
<Feature>
  <Name className="java.lang.String">string</Name>
  <Value className="java.lang.String">Organization</Value>
</Feature>
</Annotation>
<Annotation Id="3" Type="Token" StartNode="14" EndNode="22">
<Feature>
  <Name className="java.lang.String">string</Name>
  <Value className="java.lang.String">Students</Value>
</Feature>
</Annotation>
<Annotation Id="7" Type="Token" StartNode="27" EndNode="36">
<Feature>
  <Name className="java.lang.String">string</Name>
  <Value className="java.lang.String">Increased</Value>
</Feature>
</Annotation>
<Annotation Id="9" Type="Token" StartNode="37" EndNode="45">
<Feature>
  <Name className="java.lang.String">string</Name>
  <Value className="java.lang.String">Beverage</Value>
</Feature>
</Annotation>
<Annotation Id="11" Type="Token" StartNode="46" EndNode="52">
<Feature>
  <Name className="java.lang.String">string</Name>
  <Value className="java.lang.String">Access</Value>
</Feature>
</Annotation>
<Annotation Id="59" Type="Token" StartNode="143" EndNode="151">
<Feature>
  <Name className="java.lang.String">string</Name>
  <Value className="java.lang.String">Message-</Value>
</Feature>
</Annotation>
<Annotation Id="66" Type="Token" StartNode="162" EndNode="168">
</Annotation>
<Annotation Id="77" Type="Token" StartNode="190" EndNode="200">
<Feature>
  <Name className="java.lang.String">string</Name>
  <Value className="java.lang.String">References</Value>
</Feature>
</Annotation>
<Annotation Id="89" Type="Token" StartNode="214" EndNode="224">
<Feature>
  <Name className="java.lang.String">string</Name>
  <Value className="java.lang.String">newsserver</Value>
</Feature>
</Annotation>
<Annotation Id="91" Type="Token" StartNode="225" EndNode="232">
<Feature>
  <Name className="java.lang.String">string</Name>
  <Value className="java.lang.String">technet</Value>
</Feature>
</Annotation>
<Annotation Id="100" Type="Token" StartNode="245" EndNode="251">
</Annotation>
<Annotation Id="120" Type="Token" StartNode="285" EndNode="291">
<Feature>
  <Name className="java.lang.String">string</Name>
  <Value className="java.lang.String">usenet</Value>
</Feature>
</Annotation>
<Annotation Id="137" Type="Token" StartNode="320" EndNode="327">
<Feature>
  <Name className="java.lang.String">string</Name>
  <Value className="java.lang.String">article</Value>
</Feature>
</Annotation>
<Annotation Id="148" Type="Token" StartNode="340" EndNode="346">
<Feature>
  <Name className="java.lang.String">string</Name>
  <Value className="java.lang.String">usenet</Value>
</Feature>
</Annotation>
<Annotation Id="168" Type="Token" StartNode="391" EndNode="398">
<Feature>
  <Name className="java.lang.String">string</Name>
  <Value className="java.lang.String">Broward</Value>
</Feature>
</Annotation>
<Annotation Id="163" Type="Token" StartNode="378" EndNode="385">
<Feature>
  <Name className="java.lang.String">string</Name>
  <Value className="java.lang.String">Freenet</Value>
</Feature>
</Annotation>
<Annotation Id="161" Type="Token" StartNode="368" EndNode="377">
<Feature>
  <Name className="java.lang.String">string</Name>
  <Value className="java.lang.String">cleveland</Value>
</Feature>
</Annotation>
<Annotation Id="183" Type="Token" StartNode="427" EndNode="434">
<Feature>
  <Name className="java.lang.String">string</Name>
  <Value className="java.lang.String">article</Value>
</Feature>
</Annotation>
<Annotation Id="181" Type="Token" StartNode="418" EndNode="426">
<Feature>
  <Name className="java.lang.String">string</Name>
  <Value className="java.lang.String">previous</Value>
</Feature>
</Annotation>
<Annotation Id="223" Type="Token" StartNode="508" EndNode="514">
<Feature>
  <Name className="java.lang.String">string</Name>
  <Value className="java.lang.String">usenet</Value>
</Feature>
</Annotation>
<Annotation Id="212" Type="Token" StartNode="488" EndNode="495">
<Feature>
  <Name className="java.lang.String">string</Name>
  <Value className="java.lang.String">article</Value>
</Feature>
</Annotation>
<Annotation Id="238" Type="Token" StartNode="546" EndNode="553">
<Feature>
  <Name className="java.lang.String">string</Name>
  <Value className="java.lang.String">Freenet</Value>
</Feature>
</Annotation>
<Annotation Id="236" Type="Token" StartNode="536" EndNode="545">
<Feature>
  <Name className="java.lang.String">string</Name>
  <Value className="java.lang.String">cleveland</Value>
</Feature>
</Annotation>
<Annotation Id="245" Type="Token" StartNode="561" EndNode="568">
<Feature>
  <Name className="java.lang.String">string</Name>
  <Value className="java.lang.String">Broward</Value>
</Feature>
</Annotation>
<Annotation Id="268" Type="Token" StartNode="604" EndNode="610">
<Feature>
  <Name className="java.lang.String">string</Name>
  <Value className="java.lang.String">appear</Value>
</Feature>
</Annotation>
<Annotation Id="289" Type="Token" StartNode="642" EndNode="650">
<Feature>
  <Name className="java.lang.String">string</Name>
  <Value className="java.lang.String">attitude</Value>
</Feature>
</Annotation>
<Annotation Id="293" Type="Token" StartNode="656" EndNode="662">
<Feature>
  <Name className="java.lang.String">string</Name>
  <Value className="java.lang.String">people</Value>
</Feature>
</Annotation>
<Annotation Id="297" Type="Token" StartNode="667" EndNode="673">
<Feature>
  <Name className="java.lang.String">string</Name>
  <Value className="java.lang.String">stupid</Value>
</Feature>
</Annotation>
<Annotation Id="338" Type="Token" StartNode="759" EndNode="765">
<Feature>
  <Name className="java.lang.String">string</Name>
  <Value className="java.lang.String">advice</Value>
</Feature>
</Annotation>
<Annotation Id="329" Type="Token" StartNode="737" EndNode="744">
<Feature>
  <Name className="java.lang.String">string</Name>
  <Value className="java.lang.String">success</Value>
</Feature>
</Annotation>
<Annotation Id="393" Type="Token" StartNode="861" EndNode="868">
<Feature>
  <Name className="java.lang.String">string</Name>
  <Value className="java.lang.String">success</Value>
</Feature>
</Annotation>
<Annotation Id="397" Type="Token" StartNode="871" EndNode="883">
<Feature>
  <Name className="java.lang.String">string</Name>
  <Value className="java.lang.String">particularly</Value>
</Feature>
</Annotation>
<Annotation Id="445" Type="Token" StartNode="970" EndNode="976">
<Feature>
  <Name className="java.lang.String">string</Name>
  <Value className="java.lang.String">hardly</Value>
</Feature>
</Annotation>
<Annotation Id="437" Type="Token" StartNode="949" EndNode="958">
<Feature>
  <Name className="java.lang.String">string</Name>
  <Value className="java.lang.String">excellent</Value>
</Feature>
</Annotation>
<Annotation Id="479" Type="Token" StartNode="1071" EndNode="1079">
<Feature>
  <Name className="java.lang.String">string</Name>
  <Value className="java.lang.String">disagree</Value>
</Feature>
</Annotation>
<Annotation Id="477" Type="Token" StartNode="1064" EndNode="1070">
<Feature>
  <Name className="java.lang.String">string</Name>
  <Value className="java.lang.String">people</Value>
</Feature>
</Annotation>
<Annotation Id="471" Type="Token" StartNode="1047" EndNode="1055">
<Feature>
  <Name className="java.lang.String">string</Name>
  <Value className="java.lang.String">attitude</Value>
</Feature>
</Annotation>
<Annotation Id="469" Type="Token" StartNode="1036" EndNode="1046">
<Feature>
  <Name className="java.lang.String">string</Name>
  <Value className="java.lang.String">Republican</Value>
</Feature>
</Annotation>
<Annotation Id="467" Type="Token" StartNode="1021" EndNode="1035">
<Feature>
  <Name className="java.lang.String">string</Name>
  <Value className="java.lang.String">all-too-common</Value>
</Feature>
</Annotation>
<Annotation Id="461" Type="Token" StartNode="1002" EndNode="1012">
<Feature>
  <Name className="java.lang.String">string</Name>
  <Value className="java.lang.String">commenting</Value>
</Feature>
</Annotation>
<Annotation Id="507" Type="Token" StartNode="1139" EndNode="1145">
<Feature>
  <Name className="java.lang.String">string</Name>
  <Value className="java.lang.String">around</Value>
</Feature>
</Annotation>
<Annotation Id="492" Type="Token" StartNode="1102" EndNode="1108">
<Feature>
  <Name className="java.lang.String">string</Name>
  <Value className="java.lang.String">idiots</Value>
</Feature>
</Annotation>
<Annotation Id="554" Type="Token" StartNode="1260" EndNode="1266">
<Feature>
  <Name className="java.lang.String">string</Name>
  <Value className="java.lang.String">people</Value>
</Feature>
</Annotation>
<Annotation Id="571" Type="Token" StartNode="1299" EndNode="1309">
<Feature>
  <Name className="java.lang.String">string</Name>
  <Value className="java.lang.String">themselves</Value>
</Feature>
</Annotation>
<Annotation Id="519" Type="Token" StartNode="1172" EndNode="1182">
<Feature>
  <Name className="java.lang.String">string</Name>
  <Value className="java.lang.String">Conspiracy</Value>
</Feature>
</Annotation>
<Annotation Id="515" Type="Token" StartNode="1158" EndNode="1165">
<Feature>
  <Name className="java.lang.String">string</Name>
  <Value className="java.lang.String">Liberal</Value>
</Feature>
</Annotation>
<Annotation Id="532" Type="Token" StartNode="1213" EndNode="1219">
<Feature>
  <Name className="java.lang.String">string</Name>
  <Value className="java.lang.String">indeed</Value>
</Feature>
</Annotation>
<Annotation Id="535" Type="Token" StartNode="1221" EndNode="1228">
<Feature>
  <Name className="java.lang.String">string</Name>
  <Value className="java.lang.String">Because</Value>
</Feature>
</Annotation>
<Annotation Id="528" Type="Token" StartNode="1194" EndNode="1203">
<Feature>
  <Name className="java.lang.String">string</Name>
  <Value className="java.lang.String">dangerous</Value>
</Feature>
</Annotation>
<Annotation Id="530" Type="Token" StartNode="1204" EndNode="1212">
<Feature>
  <Name className="java.lang.String">string</Name>
  <Value className="java.lang.String">attitude</Value>
</Feature>
</Annotation>
<Annotation Id="612" Type="Token" StartNode="1399" EndNode="1407">
<Feature>
  <Name className="java.lang.String">string</Name>
  <Value className="java.lang.String">attitude</Value>
</Feature>
</Annotation>
<Annotation Id="626" Type="Token" StartNode="1437" EndNode="1443">
<Feature>
  <Name className="java.lang.String">string</Name>
  <Value className="java.lang.String">happen</Value>
</Feature>
</Annotation>
<Annotation Id="634" Type="Token" StartNode="1458" EndNode="1464">
<Feature>
  <Name className="java.lang.String">string</Name>
  <Value className="java.lang.String">States</Value>
</Feature>
</Annotation>
<Annotation Id="632" Type="Token" StartNode="1451" EndNode="1457">
<Feature>
  <Name className="java.lang.String">string</Name>
  <Value className="java.lang.String">United</Value>
</Feature>
</Annotation>
<Annotation Id="577" Type="Token" StartNode="1315" EndNode="1321">
<Feature>
  <Name className="java.lang.String">string</Name>
  <Value className="java.lang.String">people</Value>
</Feature>
</Annotation>
<Annotation Id="589" Type="Token" StartNode="1346" EndNode="1356">
<Feature>
  <Name className="java.lang.String">string</Name>
  <Value className="java.lang.String">leadership</Value>
</Feature>
</Annotation>
<Annotation Id="600" Type="Token" StartNode="1375" EndNode="1381">
<Feature>
  <Name className="java.lang.String">string</Name>
  <Value className="java.lang.String">better</Value>
</Feature>
</Annotation>
<Annotation Id="675" Type="Token" StartNode="1557" EndNode="1563">
<Feature>
  <Name className="java.lang.String">string</Name>
  <Value className="java.lang.String">christ</Value>
</Feature>
</Annotation>
<Annotation Id="693" Type="Token" StartNode="1602" EndNode="1611">
<Feature>
  <Name className="java.lang.String">string</Name>
  <Value className="java.lang.String">newsgroup</Value>
</Feature>
</Annotation>
<Annotation Id="691" Type="Token" StartNode="1584" EndNode="1601">
<Feature>
  <Name className="java.lang.String">string</Name>
  <Value className="java.lang.String">government-funded</Value>
</Feature>
</Annotation>
<Annotation Id="648" Type="Token" StartNode="1494" EndNode="1504">
<Feature>
  <Name className="java.lang.String">string</Name>
  <Value className="java.lang.String">Republican</Value>
</Feature>
</Annotation>
<Annotation Id="640" Type="Token" StartNode="1472" EndNode="1481">
<Feature>
  <Name className="java.lang.String">string</Name>
  <Value className="java.lang.String">extremist</Value>
</Feature>
</Annotation>
<Annotation Id="745" Type="Token" StartNode="1714" EndNode="1720">
<Feature>
  <Name className="java.lang.String">string</Name>
  <Value className="java.lang.String">record</Value>
</Feature>
</Annotation>
<Annotation Id="741" Type="Token" StartNode="1702" EndNode="1709">
<Feature>
  <Name className="java.lang.String">string</Name>
  <Value className="java.lang.String">examine</Value>
</Feature>
</Annotation>
<Annotation Id="766" Type="Token" StartNode="1751" EndNode="1758">
<Feature>
  <Name className="java.lang.String">string</Name>
  <Value className="java.lang.String">Clinton</Value>
</Feature>
</Annotation>
<Annotation Id="759" Type="Token" StartNode="1738" EndNode="1745">
<Feature>
  <Name className="java.lang.String">string</Name>
  <Value className="java.lang.String">Broward</Value>
</Feature>
</Annotation>
<Annotation Id="704" Type="Token" StartNode="1629" EndNode="1639">
<Feature>
  <Name className="java.lang.String">string</Name>
  <Value className="java.lang.String">separation</Value>
</Feature>
</Annotation>
<Annotation Id="708" Type="Token" StartNode="1643" EndNode="1649">
<Feature>
  <Name className="java.lang.String">string</Name>
  <Value className="java.lang.String">church</Value>
</Feature>
</Annotation>
<Annotation Id="730" Type="Token" StartNode="1680" EndNode="1687">
<Feature>
  <Name className="java.lang.String">string</Name>
  <Value className="java.lang.String">Besides</Value>
</Feature>
</Annotation>
<Annotation Id="882" Type="Token" StartNode="1957" EndNode="1963">
<Feature>
  <Name className="java.lang.String">string</Name>
  <Value className="java.lang.String">income</Value>
</Feature>
</Annotation>
<Annotation Id="866" Type="Token" StartNode="1917" EndNode="1924">
<Feature>
  <Name className="java.lang.String">string</Name>
  <Value className="java.lang.String">Broward</Value>
</Feature>
</Annotation>
<Annotation Id="870" Type="Token" StartNode="1927" EndNode="1934">
<Feature>
  <Name className="java.lang.String">string</Name>
  <Value className="java.lang.String">Clinton</Value>
</Feature>
</Annotation>
<Annotation Id="954" Type="Token" StartNode="2096" EndNode="2103">
<Feature>
  <Name className="java.lang.String">string</Name>
  <Value className="java.lang.String">predict</Value>
</Feature>
</Annotation>
<Annotation Id="943" Type="Token" StartNode="2074" EndNode="2085">
<Feature>
  <Name className="java.lang.String">string</Name>
  <Value className="java.lang.String">predictions</Value>
</Feature>
</Annotation>
<Annotation Id="925" Type="Token" StartNode="2038" EndNode="2045">
<Feature>
  <Name className="java.lang.String">string</Name>
  <Value className="java.lang.String">silence</Value>
</Feature>
</Annotation>
<Annotation Id="921" Type="Token" StartNode="2028" EndNode="2035">
<Feature>
  <Name className="java.lang.String">string</Name>
  <Value className="java.lang.String">Broward</Value>
</Feature>
</Annotation>
<Annotation Id="1023" Type="Token" StartNode="2254" EndNode="2261">
<Feature>
  <Name className="java.lang.String">string</Name>
  <Value className="java.lang.String">propose</Value>
</Feature>
</Annotation>
<Annotation Id="1000" Type="Token" StartNode="2211" EndNode="2217">
<Feature>
  <Name className="java.lang.String">string</Name>
  <Value className="java.lang.String">things</Value>
</Feature>
</Annotation>
<Annotation Id="1006" Type="Token" StartNode="2227" EndNode="2237">
<Feature>
  <Name className="java.lang.String">string</Name>
  <Value className="java.lang.String">inevitable</Value>
</Feature>
</Annotation>
<Annotation Id="994" Type="Token" StartNode="2189" EndNode="2199">
<Feature>
  <Name className="java.lang.String">string</Name>
  <Value className="java.lang.String">impressive</Value>
</Feature>
</Annotation>
<Annotation Id="998" Type="Token" StartNode="2203" EndNode="2210">
<Feature>
  <Name className="java.lang.String">string</Name>
  <Value className="java.lang.String">predict</Value>
</Feature>
</Annotation>
<Annotation Id="972" Type="Token" StartNode="2147" EndNode="2153">
<Feature>
  <Name className="java.lang.String">string</Name>
  <Value className="java.lang.String">bitter</Value>
</Feature>
</Annotation>
<Annotation Id="964" Type="Token" StartNode="2121" EndNode="2132">
<Feature>
  <Name className="java.lang.String">string</Name>
  <Value className="java.lang.String">Republicans</Value>
</Feature>
</Annotation>
<Annotation Id="1100" Type="Token" StartNode="2430" EndNode="2438">
<Feature>
  <Name className="java.lang.String">string</Name>
  <Value className="java.lang.String">opinions</Value>
</Feature>
</Annotation>
<Annotation Id="1111" Type="Token" StartNode="2454" EndNode="2460">
<Feature>
  <Name className="java.lang.String">string</Name>
  <Value className="java.lang.String">charge</Value>
</Feature>
</Annotation>
<Annotation Id="1036" Type="Token" StartNode="2288" EndNode="2294">
<Feature>
  <Name className="java.lang.String">string</Name>
  <Value className="java.lang.String">neatly</Value>
</Feature>
</Annotation>
<Annotation Id="1038" Type="Token" StartNode="2295" EndNode="2302">
<Feature>
  <Name className="java.lang.String">string</Name>
  <Value className="java.lang.String">solving</Value>
</Feature>
</Annotation>
<Annotation Id="1029" Type="Token" StartNode="2270" EndNode="2277">
<Feature>
  <Name className="java.lang.String">string</Name>
  <Value className="java.lang.String">destroy</Value>
</Feature>
</Annotation>
<Annotation Id="1051" Type="Token" StartNode="2330" EndNode="2338">
<Feature>
  <Name className="java.lang.String">string</Name>
  <Value className="java.lang.String">pressure</Value>
</Feature>
</Annotation>
<Annotation Id="1042" Type="Token" StartNode="2308" EndNode="2315">
<Feature>
  <Name className="java.lang.String">string</Name>
  <Value className="java.lang.String">problem</Value>
</Feature>
</Annotation>
<Annotation Id="1087" Type="Token" StartNode="2400" EndNode="2410">
<Feature>
  <Name className="java.lang.String">string</Name>
  <Value className="java.lang.String">DISCLAIMER</Value>
</Feature>
</Annotation>
</AnnotationSet>
<AnnotationSet Name="Original markups"> </AnnotationSet>
</GateDocument>