<?xml version='1.0' encoding='UTF-8'?>
<GateDocument version="3">
<!-- The document's features-->

<GateDocumentFeatures>
<Feature>
  <Name className="java.lang.String">Original_document_content_on_load</Name>
  <Value className="java.lang.String">Message-ID: &lt;93y04m04d433@witsend.uucp>
Date: Sun, 4 Apr 1993 00:24:08 MST
X-Mailer: TMail version 1.17R
From: "D. C. Sessions" &lt;dcs@witsend.tnet.com>
Organization: Nobody but me -- really
References: &lt;1pdj4bINNrtr@crcnis1.unl.edu>
Distribution: world
Lines: 15

In &lt;1pdj4bINNrtr@crcnis1.unl.edu>, e_p@unl.edu (edgar pearlstein)  wrote:
#     Are there any places in the Bible where the commandment "Thou 
#     shalt not kill" is specifically applied?  That is, where someone 
#     refrained from killing because he remembered the commandment.

  No, for the excellent reason that there IS no such commandment.

  Aside from that, please note that the Abrahamic literary tradition
  is strong on narrative, light on dialog, and virtually nonexistent
  w/r/t introspection.

--- D. C. Sessions                            Speaking for myself ---
--- Note new network address:                dcs@witsend.tnet.com ---
--- Author (and everything else!) of TMail  (DOS mail/news shell) ---
</Value>
</Feature>
<Feature>
  <Name className="java.lang.String">gate.SourceURL</Name>
  <Value className="java.lang.String">file:/C:/Users/jian/Documents/NetBeansProjects/NoiseReductionTechniques/mideastPoliticsMix/negative343</Value>
</Feature>
</GateDocumentFeatures>
<!-- The document content area with serialized nodes -->

<TextWithNodes><Node id="0"/>Message-<Node id="8"/>ID<Node id="10"/>:<Node id="11"/> <Node id="12"/>&lt;<Node id="13"/>93<Node id="15"/>y<Node id="16"/>04<Node id="18"/>m<Node id="19"/>04<Node id="21"/>d<Node id="22"/>433<Node id="25"/>@<Node id="26"/>witsend<Node id="33"/>.<Node id="34"/>uucp<Node id="38"/>&gt;<Node id="39"/>
<Node id="40"/>Date<Node id="44"/>:<Node id="45"/> <Node id="46"/>Sun<Node id="49"/>,<Node id="50"/> <Node id="51"/>4<Node id="52"/> <Node id="53"/>Apr<Node id="56"/> <Node id="57"/>1993<Node id="61"/> <Node id="62"/>00<Node id="64"/>:<Node id="65"/>24<Node id="67"/>:<Node id="68"/>08<Node id="70"/> <Node id="71"/>MST<Node id="74"/>
<Node id="75"/>X-Mailer<Node id="83"/>:<Node id="84"/> <Node id="85"/>TMail<Node id="90"/> <Node id="91"/>version<Node id="98"/> <Node id="99"/>1<Node id="100"/>.<Node id="101"/>17<Node id="103"/>R<Node id="104"/>
<Node id="105"/>From<Node id="109"/>:<Node id="110"/> <Node id="111"/>"<Node id="112"/>D<Node id="113"/>.<Node id="114"/> <Node id="115"/>C<Node id="116"/>.<Node id="117"/> <Node id="118"/>Sessions<Node id="126"/>"<Node id="127"/> <Node id="128"/>&lt;<Node id="129"/>dcs<Node id="132"/>@<Node id="133"/>witsend<Node id="140"/>.<Node id="141"/>tnet<Node id="145"/>.<Node id="146"/>com<Node id="149"/>&gt;<Node id="150"/>
<Node id="151"/>Organization<Node id="163"/>:<Node id="164"/> <Node id="165"/>Nobody<Node id="171"/> <Node id="172"/>but<Node id="175"/> <Node id="176"/>me<Node id="178"/> <Node id="179"/>-<Node id="180"/>-<Node id="181"/> <Node id="182"/>really<Node id="188"/>
<Node id="189"/>References<Node id="199"/>:<Node id="200"/> <Node id="201"/>&lt;<Node id="202"/>1<Node id="203"/>pdj<Node id="206"/>4<Node id="207"/>bINNrtr<Node id="214"/>@<Node id="215"/>crcnis<Node id="221"/>1<Node id="222"/>.<Node id="223"/>unl<Node id="226"/>.<Node id="227"/>edu<Node id="230"/>&gt;<Node id="231"/>
<Node id="232"/>Distribution<Node id="244"/>:<Node id="245"/> <Node id="246"/>world<Node id="251"/>
<Node id="252"/>Lines<Node id="257"/>:<Node id="258"/> <Node id="259"/>15<Node id="261"/>
<Node id="262"/>
<Node id="263"/>In<Node id="265"/> <Node id="266"/>&lt;<Node id="267"/>1<Node id="268"/>pdj<Node id="271"/>4<Node id="272"/>bINNrtr<Node id="279"/>@<Node id="280"/>crcnis<Node id="286"/>1<Node id="287"/>.<Node id="288"/>unl<Node id="291"/>.<Node id="292"/>edu<Node id="295"/>&gt;<Node id="296"/>,<Node id="297"/> <Node id="298"/>e<Node id="299"/>_<Node id="300"/>p<Node id="301"/>@<Node id="302"/>unl<Node id="305"/>.<Node id="306"/>edu<Node id="309"/> <Node id="310"/>(<Node id="311"/>edgar<Node id="316"/> <Node id="317"/>pearlstein<Node id="327"/>)<Node id="328"/> <Node id="329"/> <Node id="330"/>wrote<Node id="335"/>:<Node id="336"/>
<Node id="337"/>#<Node id="338"/> <Node id="339"/> <Node id="340"/> <Node id="341"/> <Node id="342"/> <Node id="343"/>Are<Node id="346"/> <Node id="347"/>there<Node id="352"/> <Node id="353"/>any<Node id="356"/> <Node id="357"/>places<Node id="363"/> <Node id="364"/>in<Node id="366"/> <Node id="367"/>the<Node id="370"/> <Node id="371"/>Bible<Node id="376"/> <Node id="377"/>where<Node id="382"/> <Node id="383"/>the<Node id="386"/> <Node id="387"/>commandment<Node id="398"/> <Node id="399"/>"<Node id="400"/>Thou<Node id="404"/> <Node id="405"/>
<Node id="406"/>#<Node id="407"/> <Node id="408"/> <Node id="409"/> <Node id="410"/> <Node id="411"/> <Node id="412"/>shalt<Node id="417"/> <Node id="418"/>not<Node id="421"/> <Node id="422"/>kill<Node id="426"/>"<Node id="427"/> <Node id="428"/>is<Node id="430"/> <Node id="431"/>specifically<Node id="443"/> <Node id="444"/>applied<Node id="451"/>?<Node id="452"/> <Node id="453"/> <Node id="454"/>That<Node id="458"/> <Node id="459"/>is<Node id="461"/>,<Node id="462"/> <Node id="463"/>where<Node id="468"/> <Node id="469"/>someone<Node id="476"/> <Node id="477"/>
<Node id="478"/>#<Node id="479"/> <Node id="480"/> <Node id="481"/> <Node id="482"/> <Node id="483"/> <Node id="484"/>refrained<Node id="493"/> <Node id="494"/>from<Node id="498"/> <Node id="499"/>killing<Node id="506"/> <Node id="507"/>because<Node id="514"/> <Node id="515"/>he<Node id="517"/> <Node id="518"/>remembered<Node id="528"/> <Node id="529"/>the<Node id="532"/> <Node id="533"/>commandment<Node id="544"/>.<Node id="545"/>
<Node id="546"/>
<Node id="547"/> <Node id="548"/> <Node id="549"/>No<Node id="551"/>,<Node id="552"/> <Node id="553"/>for<Node id="556"/> <Node id="557"/>the<Node id="560"/> <Node id="561"/>excellent<Node id="570"/> <Node id="571"/>reason<Node id="577"/> <Node id="578"/>that<Node id="582"/> <Node id="583"/>there<Node id="588"/> <Node id="589"/>IS<Node id="591"/> <Node id="592"/>no<Node id="594"/> <Node id="595"/>such<Node id="599"/> <Node id="600"/>commandment<Node id="611"/>.<Node id="612"/>
<Node id="613"/>
<Node id="614"/> <Node id="615"/> <Node id="616"/>Aside<Node id="621"/> <Node id="622"/>from<Node id="626"/> <Node id="627"/>that<Node id="631"/>,<Node id="632"/> <Node id="633"/>please<Node id="639"/> <Node id="640"/>note<Node id="644"/> <Node id="645"/>that<Node id="649"/> <Node id="650"/>the<Node id="653"/> <Node id="654"/>Abrahamic<Node id="663"/> <Node id="664"/>literary<Node id="672"/> <Node id="673"/>tradition<Node id="682"/>
<Node id="683"/> <Node id="684"/> <Node id="685"/>is<Node id="687"/> <Node id="688"/>strong<Node id="694"/> <Node id="695"/>on<Node id="697"/> <Node id="698"/>narrative<Node id="707"/>,<Node id="708"/> <Node id="709"/>light<Node id="714"/> <Node id="715"/>on<Node id="717"/> <Node id="718"/>dialog<Node id="724"/>,<Node id="725"/> <Node id="726"/>and<Node id="729"/> <Node id="730"/>virtually<Node id="739"/> <Node id="740"/>nonexistent<Node id="751"/>
<Node id="752"/> <Node id="753"/> <Node id="754"/>w<Node id="755"/>/<Node id="756"/>r<Node id="757"/>/<Node id="758"/>t<Node id="759"/> <Node id="760"/>introspection<Node id="773"/>.<Node id="774"/>
<Node id="775"/>
<Node id="776"/>-<Node id="777"/>-<Node id="778"/>-<Node id="779"/> <Node id="780"/>D<Node id="781"/>.<Node id="782"/> <Node id="783"/>C<Node id="784"/>.<Node id="785"/> <Node id="786"/>Sessions<Node id="794"/> <Node id="795"/> <Node id="796"/> <Node id="797"/> <Node id="798"/> <Node id="799"/> <Node id="800"/> <Node id="801"/> <Node id="802"/> <Node id="803"/> <Node id="804"/> <Node id="805"/> <Node id="806"/> <Node id="807"/> <Node id="808"/> <Node id="809"/> <Node id="810"/> <Node id="811"/> <Node id="812"/> <Node id="813"/> <Node id="814"/> <Node id="815"/> <Node id="816"/> <Node id="817"/> <Node id="818"/> <Node id="819"/> <Node id="820"/> <Node id="821"/> <Node id="822"/>Speaking<Node id="830"/> <Node id="831"/>for<Node id="834"/> <Node id="835"/>myself<Node id="841"/> <Node id="842"/>-<Node id="843"/>-<Node id="844"/>-<Node id="845"/>
<Node id="846"/>-<Node id="847"/>-<Node id="848"/>-<Node id="849"/> <Node id="850"/>Note<Node id="854"/> <Node id="855"/>new<Node id="858"/> <Node id="859"/>network<Node id="866"/> <Node id="867"/>address<Node id="874"/>:<Node id="875"/> <Node id="876"/> <Node id="877"/> <Node id="878"/> <Node id="879"/> <Node id="880"/> <Node id="881"/> <Node id="882"/> <Node id="883"/> <Node id="884"/> <Node id="885"/> <Node id="886"/> <Node id="887"/> <Node id="888"/> <Node id="889"/> <Node id="890"/> <Node id="891"/>dcs<Node id="894"/>@<Node id="895"/>witsend<Node id="902"/>.<Node id="903"/>tnet<Node id="907"/>.<Node id="908"/>com<Node id="911"/> <Node id="912"/>-<Node id="913"/>-<Node id="914"/>-<Node id="915"/>
<Node id="916"/>-<Node id="917"/>-<Node id="918"/>-<Node id="919"/> <Node id="920"/>Author<Node id="926"/> <Node id="927"/>(<Node id="928"/>and<Node id="931"/> <Node id="932"/>everything<Node id="942"/> <Node id="943"/>else<Node id="947"/>!<Node id="948"/>)<Node id="949"/> <Node id="950"/>of<Node id="952"/> <Node id="953"/>TMail<Node id="958"/> <Node id="959"/> <Node id="960"/>(<Node id="961"/>DOS<Node id="964"/> <Node id="965"/>mail<Node id="969"/>/<Node id="970"/>news<Node id="974"/> <Node id="975"/>shell<Node id="980"/>)<Node id="981"/> <Node id="982"/>-<Node id="983"/>-<Node id="984"/>-<Node id="985"/>
<Node id="986"/></TextWithNodes>
<!-- The default annotation set -->

<AnnotationSet>
<Annotation EndNode="986" StartNode="0" Type="Mention" Id="9999999">
<Feature>
<Name classname="java.lang.String">Class</Name>
<Value classname="java.lang.String">0</Value>
</Feature>
</Annotation>

<Annotation Id="0" Type="Token" StartNode="0" EndNode="8">
<Feature>
  <Name className="java.lang.String">string</Name>
  <Value className="java.lang.String">Message-</Value>
</Feature>
</Annotation>
<Annotation Id="13" Type="Token" StartNode="26" EndNode="33">
<Feature>
  <Name className="java.lang.String">string</Name>
  <Value className="java.lang.String">witsend</Value>
</Feature>
</Annotation>
<Annotation Id="38" Type="Token" StartNode="75" EndNode="83">
<Feature>
  <Name className="java.lang.String">string</Name>
  <Value className="java.lang.String">X-Mailer</Value>
</Feature>
</Annotation>
<Annotation Id="43" Type="Token" StartNode="91" EndNode="98">
<Feature>
  <Name className="java.lang.String">string</Name>
  <Value className="java.lang.String">version</Value>
</Feature>
</Annotation>
<Annotation Id="60" Type="Token" StartNode="118" EndNode="126">
<Feature>
  <Name className="java.lang.String">string</Name>
  <Value className="java.lang.String">Sessions</Value>
</Feature>
</Annotation>
<Annotation Id="66" Type="Token" StartNode="133" EndNode="140">
<Feature>
  <Name className="java.lang.String">string</Name>
  <Value className="java.lang.String">witsend</Value>
</Feature>
</Annotation>
<Annotation Id="76" Type="Token" StartNode="165" EndNode="171">
<Feature>
  <Name className="java.lang.String">string</Name>
  <Value className="java.lang.String">Nobody</Value>
</Feature>
</Annotation>
<Annotation Id="73" Type="Token" StartNode="151" EndNode="163">
<Feature>
  <Name className="java.lang.String">string</Name>
  <Value className="java.lang.String">Organization</Value>
</Feature>
</Annotation>
<Annotation Id="85" Type="Token" StartNode="182" EndNode="188">
<Feature>
  <Name className="java.lang.String">string</Name>
  <Value className="java.lang.String">really</Value>
</Feature>
</Annotation>
<Annotation Id="87" Type="Token" StartNode="189" EndNode="199">
<Feature>
  <Name className="java.lang.String">string</Name>
  <Value className="java.lang.String">References</Value>
</Feature>
</Annotation>
<Annotation Id="94" Type="Token" StartNode="207" EndNode="214">
<Feature>
  <Name className="java.lang.String">string</Name>
  <Value className="java.lang.String">bINNrtr</Value>
</Feature>
</Annotation>
<Annotation Id="96" Type="Token" StartNode="215" EndNode="221">
<Feature>
  <Name className="java.lang.String">string</Name>
  <Value className="java.lang.String">crcnis</Value>
</Feature>
</Annotation>
<Annotation Id="104" Type="Token" StartNode="232" EndNode="244">
<Feature>
  <Name className="java.lang.String">string</Name>
  <Value className="java.lang.String">Distribution</Value>
</Feature>
</Annotation>
<Annotation Id="123" Type="Token" StartNode="280" EndNode="286">
<Feature>
  <Name className="java.lang.String">string</Name>
  <Value className="java.lang.String">crcnis</Value>
</Feature>
</Annotation>
<Annotation Id="121" Type="Token" StartNode="272" EndNode="279">
<Feature>
  <Name className="java.lang.String">string</Name>
  <Value className="java.lang.String">bINNrtr</Value>
</Feature>
</Annotation>
<Annotation Id="143" Type="Token" StartNode="317" EndNode="327">
<Feature>
  <Name className="java.lang.String">string</Name>
  <Value className="java.lang.String">pearlstein</Value>
</Feature>
</Annotation>
<Annotation Id="174" Type="Token" StartNode="387" EndNode="398">
<Feature>
  <Name className="java.lang.String">string</Name>
  <Value className="java.lang.String">commandment</Value>
</Feature>
</Annotation>
<Annotation Id="162" Type="Token" StartNode="357" EndNode="363">
<Feature>
  <Name className="java.lang.String">string</Name>
  <Value className="java.lang.String">places</Value>
</Feature>
</Annotation>
<Annotation Id="197" Type="Token" StartNode="444" EndNode="451">
<Feature>
  <Name className="java.lang.String">string</Name>
  <Value className="java.lang.String">applied</Value>
</Feature>
</Annotation>
<Annotation Id="195" Type="Token" StartNode="431" EndNode="443">
<Feature>
  <Name className="java.lang.String">string</Name>
  <Value className="java.lang.String">specifically</Value>
</Feature>
</Annotation>
<Annotation Id="221" Type="Token" StartNode="499" EndNode="506">
<Feature>
  <Name className="java.lang.String">string</Name>
  <Value className="java.lang.String">killing</Value>
</Feature>
</Annotation>
<Annotation Id="223" Type="Token" StartNode="507" EndNode="514">
<Feature>
  <Name className="java.lang.String">string</Name>
  <Value className="java.lang.String">because</Value>
</Feature>
</Annotation>
<Annotation Id="217" Type="Token" StartNode="484" EndNode="493">
<Feature>
  <Name className="java.lang.String">string</Name>
  <Value className="java.lang.String">refrained</Value>
</Feature>
</Annotation>
<Annotation Id="208" Type="Token" StartNode="469" EndNode="476">
<Feature>
  <Name className="java.lang.String">string</Name>
  <Value className="java.lang.String">someone</Value>
</Feature>
</Annotation>
<Annotation Id="231" Type="Token" StartNode="533" EndNode="544">
<Feature>
  <Name className="java.lang.String">string</Name>
  <Value className="java.lang.String">commandment</Value>
</Feature>
</Annotation>
<Annotation Id="227" Type="Token" StartNode="518" EndNode="528">
<Feature>
  <Name className="java.lang.String">string</Name>
  <Value className="java.lang.String">remembered</Value>
</Feature>
</Annotation>
<Annotation Id="246" Type="Token" StartNode="571" EndNode="577">
<Feature>
  <Name className="java.lang.String">string</Name>
  <Value className="java.lang.String">reason</Value>
</Feature>
</Annotation>
<Annotation Id="244" Type="Token" StartNode="561" EndNode="570">
<Feature>
  <Name className="java.lang.String">string</Name>
  <Value className="java.lang.String">excellent</Value>
</Feature>
</Annotation>
<Annotation Id="279" Type="Token" StartNode="654" EndNode="663">
<Feature>
  <Name className="java.lang.String">string</Name>
  <Value className="java.lang.String">Abrahamic</Value>
</Feature>
</Annotation>
<Annotation Id="283" Type="Token" StartNode="673" EndNode="682">
<Feature>
  <Name className="java.lang.String">string</Name>
  <Value className="java.lang.String">tradition</Value>
</Feature>
</Annotation>
<Annotation Id="281" Type="Token" StartNode="664" EndNode="672">
<Feature>
  <Name className="java.lang.String">string</Name>
  <Value className="java.lang.String">literary</Value>
</Feature>
</Annotation>
<Annotation Id="258" Type="Token" StartNode="600" EndNode="611">
<Feature>
  <Name className="java.lang.String">string</Name>
  <Value className="java.lang.String">commandment</Value>
</Feature>
</Annotation>
<Annotation Id="271" Type="Token" StartNode="633" EndNode="639">
<Feature>
  <Name className="java.lang.String">string</Name>
  <Value className="java.lang.String">please</Value>
</Feature>
</Annotation>
<Annotation Id="305" Type="Token" StartNode="730" EndNode="739">
<Feature>
  <Name className="java.lang.String">string</Name>
  <Value className="java.lang.String">virtually</Value>
</Feature>
</Annotation>
<Annotation Id="307" Type="Token" StartNode="740" EndNode="751">
<Feature>
  <Name className="java.lang.String">string</Name>
  <Value className="java.lang.String">nonexistent</Value>
</Feature>
</Annotation>
<Annotation Id="317" Type="Token" StartNode="760" EndNode="773">
<Feature>
  <Name className="java.lang.String">string</Name>
  <Value className="java.lang.String">introspection</Value>
</Feature>
</Annotation>
<Annotation Id="289" Type="Token" StartNode="688" EndNode="694">
<Feature>
  <Name className="java.lang.String">string</Name>
  <Value className="java.lang.String">strong</Value>
</Feature>
</Annotation>
<Annotation Id="293" Type="Token" StartNode="698" EndNode="707">
<Feature>
  <Name className="java.lang.String">string</Name>
  <Value className="java.lang.String">narrative</Value>
</Feature>
</Annotation>
<Annotation Id="300" Type="Token" StartNode="718" EndNode="724">
<Feature>
  <Name className="java.lang.String">string</Name>
  <Value className="java.lang.String">dialog</Value>
</Feature>
</Annotation>
<Annotation Id="331" Type="Token" StartNode="786" EndNode="794">
<Feature>
  <Name className="java.lang.String">string</Name>
  <Value className="java.lang.String">Sessions</Value>
</Feature>
</Annotation>
<Annotation Id="380" Type="Token" StartNode="867" EndNode="874">
<Feature>
  <Name className="java.lang.String">string</Name>
  <Value className="java.lang.String">address</Value>
</Feature>
</Annotation>
<Annotation Id="378" Type="Token" StartNode="859" EndNode="866">
<Feature>
  <Name className="java.lang.String">string</Name>
  <Value className="java.lang.String">network</Value>
</Feature>
</Annotation>
<Annotation Id="364" Type="Token" StartNode="835" EndNode="841">
<Feature>
  <Name className="java.lang.String">string</Name>
  <Value className="java.lang.String">myself</Value>
</Feature>
</Annotation>
<Annotation Id="360" Type="Token" StartNode="822" EndNode="830">
<Feature>
  <Name className="java.lang.String">string</Name>
  <Value className="java.lang.String">Speaking</Value>
</Feature>
</Annotation>
<Annotation Id="414" Type="Token" StartNode="920" EndNode="926">
<Feature>
  <Name className="java.lang.String">string</Name>
  <Value className="java.lang.String">Author</Value>
</Feature>
</Annotation>
<Annotation Id="400" Type="Token" StartNode="895" EndNode="902">
<Feature>
  <Name className="java.lang.String">string</Name>
  <Value className="java.lang.String">witsend</Value>
</Feature>
</Annotation>
<Annotation Id="419" Type="Token" StartNode="932" EndNode="942">
<Feature>
  <Name className="java.lang.String">string</Name>
  <Value className="java.lang.String">everything</Value>
</Feature>
</Annotation>
</AnnotationSet>
<AnnotationSet Name="Original markups"> </AnnotationSet>
</GateDocument>