<?xml version='1.0' encoding='UTF-8'?>
<GateDocument version="3">
<!-- The document's features-->

<GateDocumentFeatures>
<Feature>
  <Name className="java.lang.String">Original_document_content_on_load</Name>
  <Value className="java.lang.String"><![CDATA[From: mathew <mathew@mantis.co.uk>
Message-ID: <930422.113530.7w1.rusnews.w165w@mantis.co.uk>
Date: Thu, 22 Apr 1993 11:35:30 +0100
References: <1r1ko8$6b1@horus.ap.mchp.sni.de> <sandvik-200493232227@sandvik-kent.apple.com> <1r39kh$itp@horus.ap.mchp.sni.de>
Organization: Mantis Consultants, Cambridge. UK.
X-Newsreader: rusnews v1.02
Lines: 24

frank@D012S658.uucp (Frank O'Dwyer) writes:
> Specifically, I'd like to know what relativism concludes when two
> people grotesquely disagree.  Is it:
> 
> (a) Both are right
> 
> (b) One of them is wrong, and sometimes (though perhaps rarely) we have a 
>     pretty good idea who it is
> 
> (c) One of them is wrong, but we never have any information as to who, so
>     we make our best guess if we really must make a decision.
> 
> (d) The idea of a "right" moral judgement is meaningless (implying that
>      whether peace is better than war, e.g., is a meaningless question,
>      and need not be discussed for it has no correct answer)
> 
> (e) Something else.  A short, positive assertion would be nice.

From whose point of view would you like to know what relativism concludes? 
One of the people involved in the argument, or some third person observing
the arguers?


mathew
]]></Value>
</Feature>
<Feature>
  <Name className="java.lang.String">gate.SourceURL</Name>
  <Value className="java.lang.String">file:/C:/Users/jian/Documents/NetBeansProjects/NoiseReductionTechniques/mideastPoliticsMix/negative275</Value>
</Feature>
</GateDocumentFeatures>
<!-- The document content area with serialized nodes -->

<TextWithNodes><Node id="0"/>From<Node id="4"/>:<Node id="5"/> <Node id="6"/>mathew<Node id="12"/> <Node id="13"/>&lt;<Node id="14"/>mathew<Node id="20"/>@<Node id="21"/>mantis<Node id="27"/>.<Node id="28"/>co<Node id="30"/>.<Node id="31"/>uk<Node id="33"/>&gt;<Node id="34"/>
<Node id="35"/>Message-<Node id="43"/>ID<Node id="45"/>:<Node id="46"/> <Node id="47"/>&lt;<Node id="48"/>930422<Node id="54"/>.<Node id="55"/>113530<Node id="61"/>.<Node id="62"/>7<Node id="63"/>w<Node id="64"/>1<Node id="65"/>.<Node id="66"/>rusnews<Node id="73"/>.<Node id="74"/>w<Node id="75"/>165<Node id="78"/>w<Node id="79"/>@<Node id="80"/>mantis<Node id="86"/>.<Node id="87"/>co<Node id="89"/>.<Node id="90"/>uk<Node id="92"/>&gt;<Node id="93"/>
<Node id="94"/>Date<Node id="98"/>:<Node id="99"/> <Node id="100"/>Thu<Node id="103"/>,<Node id="104"/> <Node id="105"/>22<Node id="107"/> <Node id="108"/>Apr<Node id="111"/> <Node id="112"/>1993<Node id="116"/> <Node id="117"/>11<Node id="119"/>:<Node id="120"/>35<Node id="122"/>:<Node id="123"/>30<Node id="125"/> <Node id="126"/>+<Node id="127"/>0100<Node id="131"/>
<Node id="132"/>References<Node id="142"/>:<Node id="143"/> <Node id="144"/>&lt;<Node id="145"/>1<Node id="146"/>r<Node id="147"/>1<Node id="148"/>ko<Node id="150"/>8<Node id="151"/>$<Node id="152"/>6<Node id="153"/>b<Node id="154"/>1<Node id="155"/>@<Node id="156"/>horus<Node id="161"/>.<Node id="162"/>ap<Node id="164"/>.<Node id="165"/>mchp<Node id="169"/>.<Node id="170"/>sni<Node id="173"/>.<Node id="174"/>de<Node id="176"/>&gt;<Node id="177"/> <Node id="178"/>&lt;<Node id="179"/>sandvik-<Node id="187"/>200493232227<Node id="199"/>@<Node id="200"/>sandvik-kent<Node id="212"/>.<Node id="213"/>apple<Node id="218"/>.<Node id="219"/>com<Node id="222"/>&gt;<Node id="223"/> <Node id="224"/>&lt;<Node id="225"/>1<Node id="226"/>r<Node id="227"/>39<Node id="229"/>kh<Node id="231"/>$<Node id="232"/>itp<Node id="235"/>@<Node id="236"/>horus<Node id="241"/>.<Node id="242"/>ap<Node id="244"/>.<Node id="245"/>mchp<Node id="249"/>.<Node id="250"/>sni<Node id="253"/>.<Node id="254"/>de<Node id="256"/>&gt;<Node id="257"/>
<Node id="258"/>Organization<Node id="270"/>:<Node id="271"/> <Node id="272"/>Mantis<Node id="278"/> <Node id="279"/>Consultants<Node id="290"/>,<Node id="291"/> <Node id="292"/>Cambridge<Node id="301"/>.<Node id="302"/> <Node id="303"/>UK<Node id="305"/>.<Node id="306"/>
<Node id="307"/>X-Newsreader<Node id="319"/>:<Node id="320"/> <Node id="321"/>rusnews<Node id="328"/> <Node id="329"/>v<Node id="330"/>1<Node id="331"/>.<Node id="332"/>02<Node id="334"/>
<Node id="335"/>Lines<Node id="340"/>:<Node id="341"/> <Node id="342"/>24<Node id="344"/>
<Node id="345"/>
<Node id="346"/>frank<Node id="351"/>@<Node id="352"/>D<Node id="353"/>012<Node id="356"/>S<Node id="357"/>658<Node id="360"/>.<Node id="361"/>uucp<Node id="365"/> <Node id="366"/>(<Node id="367"/>Frank<Node id="372"/> <Node id="373"/>O<Node id="374"/>'<Node id="375"/>Dwyer<Node id="380"/>)<Node id="381"/> <Node id="382"/>writes<Node id="388"/>:<Node id="389"/>
<Node id="390"/>&gt;<Node id="391"/> <Node id="392"/>Specifically<Node id="404"/>,<Node id="405"/> <Node id="406"/>I<Node id="407"/>'d<Node id="409"/> <Node id="410"/>like<Node id="414"/> <Node id="415"/>to<Node id="417"/> <Node id="418"/>know<Node id="422"/> <Node id="423"/>what<Node id="427"/> <Node id="428"/>relativism<Node id="438"/> <Node id="439"/>concludes<Node id="448"/> <Node id="449"/>when<Node id="453"/> <Node id="454"/>two<Node id="457"/>
<Node id="458"/>&gt;<Node id="459"/> <Node id="460"/>people<Node id="466"/> <Node id="467"/>grotesquely<Node id="478"/> <Node id="479"/>disagree<Node id="487"/>.<Node id="488"/> <Node id="489"/> <Node id="490"/>Is<Node id="492"/> <Node id="493"/>it<Node id="495"/>:<Node id="496"/>
<Node id="497"/>&gt;<Node id="498"/> <Node id="499"/>
<Node id="500"/>&gt;<Node id="501"/> <Node id="502"/>(<Node id="503"/>a<Node id="504"/>)<Node id="505"/> <Node id="506"/>Both<Node id="510"/> <Node id="511"/>are<Node id="514"/> <Node id="515"/>right<Node id="520"/>
<Node id="521"/>&gt;<Node id="522"/> <Node id="523"/>
<Node id="524"/>&gt;<Node id="525"/> <Node id="526"/>(<Node id="527"/>b<Node id="528"/>)<Node id="529"/> <Node id="530"/>One<Node id="533"/> <Node id="534"/>of<Node id="536"/> <Node id="537"/>them<Node id="541"/> <Node id="542"/>is<Node id="544"/> <Node id="545"/>wrong<Node id="550"/>,<Node id="551"/> <Node id="552"/>and<Node id="555"/> <Node id="556"/>sometimes<Node id="565"/> <Node id="566"/>(<Node id="567"/>though<Node id="573"/> <Node id="574"/>perhaps<Node id="581"/> <Node id="582"/>rarely<Node id="588"/>)<Node id="589"/> <Node id="590"/>we<Node id="592"/> <Node id="593"/>have<Node id="597"/> <Node id="598"/>a<Node id="599"/> <Node id="600"/>
<Node id="601"/>&gt;<Node id="602"/> <Node id="603"/> <Node id="604"/> <Node id="605"/> <Node id="606"/> <Node id="607"/>pretty<Node id="613"/> <Node id="614"/>good<Node id="618"/> <Node id="619"/>idea<Node id="623"/> <Node id="624"/>who<Node id="627"/> <Node id="628"/>it<Node id="630"/> <Node id="631"/>is<Node id="633"/>
<Node id="634"/>&gt;<Node id="635"/> <Node id="636"/>
<Node id="637"/>&gt;<Node id="638"/> <Node id="639"/>(<Node id="640"/>c<Node id="641"/>)<Node id="642"/> <Node id="643"/>One<Node id="646"/> <Node id="647"/>of<Node id="649"/> <Node id="650"/>them<Node id="654"/> <Node id="655"/>is<Node id="657"/> <Node id="658"/>wrong<Node id="663"/>,<Node id="664"/> <Node id="665"/>but<Node id="668"/> <Node id="669"/>we<Node id="671"/> <Node id="672"/>never<Node id="677"/> <Node id="678"/>have<Node id="682"/> <Node id="683"/>any<Node id="686"/> <Node id="687"/>information<Node id="698"/> <Node id="699"/>as<Node id="701"/> <Node id="702"/>to<Node id="704"/> <Node id="705"/>who<Node id="708"/>,<Node id="709"/> <Node id="710"/>so<Node id="712"/>
<Node id="713"/>&gt;<Node id="714"/> <Node id="715"/> <Node id="716"/> <Node id="717"/> <Node id="718"/> <Node id="719"/>we<Node id="721"/> <Node id="722"/>make<Node id="726"/> <Node id="727"/>our<Node id="730"/> <Node id="731"/>best<Node id="735"/> <Node id="736"/>guess<Node id="741"/> <Node id="742"/>if<Node id="744"/> <Node id="745"/>we<Node id="747"/> <Node id="748"/>really<Node id="754"/> <Node id="755"/>must<Node id="759"/> <Node id="760"/>make<Node id="764"/> <Node id="765"/>a<Node id="766"/> <Node id="767"/>decision<Node id="775"/>.<Node id="776"/>
<Node id="777"/>&gt;<Node id="778"/> <Node id="779"/>
<Node id="780"/>&gt;<Node id="781"/> <Node id="782"/>(<Node id="783"/>d<Node id="784"/>)<Node id="785"/> <Node id="786"/>The<Node id="789"/> <Node id="790"/>idea<Node id="794"/> <Node id="795"/>of<Node id="797"/> <Node id="798"/>a<Node id="799"/> <Node id="800"/>"<Node id="801"/>right<Node id="806"/>"<Node id="807"/> <Node id="808"/>moral<Node id="813"/> <Node id="814"/>judgement<Node id="823"/> <Node id="824"/>is<Node id="826"/> <Node id="827"/>meaningless<Node id="838"/> <Node id="839"/>(<Node id="840"/>implying<Node id="848"/> <Node id="849"/>that<Node id="853"/>
<Node id="854"/>&gt;<Node id="855"/> <Node id="856"/> <Node id="857"/> <Node id="858"/> <Node id="859"/> <Node id="860"/> <Node id="861"/>whether<Node id="868"/> <Node id="869"/>peace<Node id="874"/> <Node id="875"/>is<Node id="877"/> <Node id="878"/>better<Node id="884"/> <Node id="885"/>than<Node id="889"/> <Node id="890"/>war<Node id="893"/>,<Node id="894"/> <Node id="895"/>e<Node id="896"/>.<Node id="897"/>g<Node id="898"/>.<Node id="899"/>,<Node id="900"/> <Node id="901"/>is<Node id="903"/> <Node id="904"/>a<Node id="905"/> <Node id="906"/>meaningless<Node id="917"/> <Node id="918"/>question<Node id="926"/>,<Node id="927"/>
<Node id="928"/>&gt;<Node id="929"/> <Node id="930"/> <Node id="931"/> <Node id="932"/> <Node id="933"/> <Node id="934"/> <Node id="935"/>and<Node id="938"/> <Node id="939"/>need<Node id="943"/> <Node id="944"/>not<Node id="947"/> <Node id="948"/>be<Node id="950"/> <Node id="951"/>discussed<Node id="960"/> <Node id="961"/>for<Node id="964"/> <Node id="965"/>it<Node id="967"/> <Node id="968"/>has<Node id="971"/> <Node id="972"/>no<Node id="974"/> <Node id="975"/>correct<Node id="982"/> <Node id="983"/>answer<Node id="989"/>)<Node id="990"/>
<Node id="991"/>&gt;<Node id="992"/> <Node id="993"/>
<Node id="994"/>&gt;<Node id="995"/> <Node id="996"/>(<Node id="997"/>e<Node id="998"/>)<Node id="999"/> <Node id="1000"/>Something<Node id="1009"/> <Node id="1010"/>else<Node id="1014"/>.<Node id="1015"/> <Node id="1016"/> <Node id="1017"/>A<Node id="1018"/> <Node id="1019"/>short<Node id="1024"/>,<Node id="1025"/> <Node id="1026"/>positive<Node id="1034"/> <Node id="1035"/>assertion<Node id="1044"/> <Node id="1045"/>would<Node id="1050"/> <Node id="1051"/>be<Node id="1053"/> <Node id="1054"/>nice<Node id="1058"/>.<Node id="1059"/>
<Node id="1060"/>
<Node id="1061"/>From<Node id="1065"/> <Node id="1066"/>whose<Node id="1071"/> <Node id="1072"/>point<Node id="1077"/> <Node id="1078"/>of<Node id="1080"/> <Node id="1081"/>view<Node id="1085"/> <Node id="1086"/>would<Node id="1091"/> <Node id="1092"/>you<Node id="1095"/> <Node id="1096"/>like<Node id="1100"/> <Node id="1101"/>to<Node id="1103"/> <Node id="1104"/>know<Node id="1108"/> <Node id="1109"/>what<Node id="1113"/> <Node id="1114"/>relativism<Node id="1124"/> <Node id="1125"/>concludes<Node id="1134"/>?<Node id="1135"/> <Node id="1136"/>
<Node id="1137"/>One<Node id="1140"/> <Node id="1141"/>of<Node id="1143"/> <Node id="1144"/>the<Node id="1147"/> <Node id="1148"/>people<Node id="1154"/> <Node id="1155"/>involved<Node id="1163"/> <Node id="1164"/>in<Node id="1166"/> <Node id="1167"/>the<Node id="1170"/> <Node id="1171"/>argument<Node id="1179"/>,<Node id="1180"/> <Node id="1181"/>or<Node id="1183"/> <Node id="1184"/>some<Node id="1188"/> <Node id="1189"/>third<Node id="1194"/> <Node id="1195"/>person<Node id="1201"/> <Node id="1202"/>observing<Node id="1211"/>
<Node id="1212"/>the<Node id="1215"/> <Node id="1216"/>arguers<Node id="1223"/>?<Node id="1224"/>
<Node id="1225"/>
<Node id="1226"/>
<Node id="1227"/>mathew<Node id="1233"/>
<Node id="1234"/></TextWithNodes>
<!-- The default annotation set -->

<AnnotationSet>
<Annotation EndNode="1234" StartNode="0" Type="Mention" Id="9999999">
<Feature>
<Name classname="java.lang.String">Class</Name>
<Value classname="java.lang.String">0</Value>
</Feature>
</Annotation>

<Annotation Id="3" Type="Token" StartNode="6" EndNode="12">
<Feature>
  <Name className="java.lang.String">string</Name>
  <Value className="java.lang.String">mathew</Value>
</Feature>
</Annotation>
<Annotation Id="6" Type="Token" StartNode="14" EndNode="20">
<Feature>
  <Name className="java.lang.String">string</Name>
  <Value className="java.lang.String">mathew</Value>
</Feature>
</Annotation>
<Annotation Id="8" Type="Token" StartNode="21" EndNode="27">
<Feature>
  <Name className="java.lang.String">string</Name>
  <Value className="java.lang.String">mantis</Value>
</Feature>
</Annotation>
<Annotation Id="15" Type="Token" StartNode="35" EndNode="43">
<Feature>
  <Name className="java.lang.String">string</Name>
  <Value className="java.lang.String">Message-</Value>
</Feature>
</Annotation>
<Annotation Id="20" Type="Token" StartNode="48" EndNode="54">
</Annotation>
<Annotation Id="22" Type="Token" StartNode="55" EndNode="61">
</Annotation>
<Annotation Id="28" Type="Token" StartNode="66" EndNode="73">
<Feature>
  <Name className="java.lang.String">string</Name>
  <Value className="java.lang.String">rusnews</Value>
</Feature>
</Annotation>
<Annotation Id="34" Type="Token" StartNode="80" EndNode="86">
<Feature>
  <Name className="java.lang.String">string</Name>
  <Value className="java.lang.String">mantis</Value>
</Feature>
</Annotation>
<Annotation Id="62" Type="Token" StartNode="132" EndNode="142">
<Feature>
  <Name className="java.lang.String">string</Name>
  <Value className="java.lang.String">References</Value>
</Feature>
</Annotation>
<Annotation Id="89" Type="Token" StartNode="187" EndNode="199">
</Annotation>
<Annotation Id="88" Type="Token" StartNode="179" EndNode="187">
<Feature>
  <Name className="java.lang.String">string</Name>
  <Value className="java.lang.String">sandvik-</Value>
</Feature>
</Annotation>
<Annotation Id="91" Type="Token" StartNode="200" EndNode="212">
<Feature>
  <Name className="java.lang.String">string</Name>
  <Value className="java.lang.String">sandvik-kent</Value>
</Feature>
</Annotation>
<Annotation Id="117" Type="Token" StartNode="258" EndNode="270">
<Feature>
  <Name className="java.lang.String">string</Name>
  <Value className="java.lang.String">Organization</Value>
</Feature>
</Annotation>
<Annotation Id="125" Type="Token" StartNode="292" EndNode="301">
<Feature>
  <Name className="java.lang.String">string</Name>
  <Value className="java.lang.String">Cambridge</Value>
</Feature>
</Annotation>
<Annotation Id="122" Type="Token" StartNode="279" EndNode="290">
<Feature>
  <Name className="java.lang.String">string</Name>
  <Value className="java.lang.String">Consultants</Value>
</Feature>
</Annotation>
<Annotation Id="120" Type="Token" StartNode="272" EndNode="278">
<Feature>
  <Name className="java.lang.String">string</Name>
  <Value className="java.lang.String">Mantis</Value>
</Feature>
</Annotation>
<Annotation Id="131" Type="Token" StartNode="307" EndNode="319">
<Feature>
  <Name className="java.lang.String">string</Name>
  <Value className="java.lang.String">X-Newsreader</Value>
</Feature>
</Annotation>
<Annotation Id="134" Type="Token" StartNode="321" EndNode="328">
<Feature>
  <Name className="java.lang.String">string</Name>
  <Value className="java.lang.String">rusnews</Value>
</Feature>
</Annotation>
<Annotation Id="169" Type="Token" StartNode="392" EndNode="404">
<Feature>
  <Name className="java.lang.String">string</Name>
  <Value className="java.lang.String">Specifically</Value>
</Feature>
</Annotation>
<Annotation Id="164" Type="Token" StartNode="382" EndNode="388">
<Feature>
  <Name className="java.lang.String">string</Name>
  <Value className="java.lang.String">writes</Value>
</Feature>
</Annotation>
<Annotation Id="186" Type="Token" StartNode="439" EndNode="448">
<Feature>
  <Name className="java.lang.String">string</Name>
  <Value className="java.lang.String">concludes</Value>
</Feature>
</Annotation>
<Annotation Id="184" Type="Token" StartNode="428" EndNode="438">
<Feature>
  <Name className="java.lang.String">string</Name>
  <Value className="java.lang.String">relativism</Value>
</Feature>
</Annotation>
<Annotation Id="196" Type="Token" StartNode="467" EndNode="478">
<Feature>
  <Name className="java.lang.String">string</Name>
  <Value className="java.lang.String">grotesquely</Value>
</Feature>
</Annotation>
<Annotation Id="198" Type="Token" StartNode="479" EndNode="487">
<Feature>
  <Name className="java.lang.String">string</Name>
  <Value className="java.lang.String">disagree</Value>
</Feature>
</Annotation>
<Annotation Id="194" Type="Token" StartNode="460" EndNode="466">
<Feature>
  <Name className="java.lang.String">string</Name>
  <Value className="java.lang.String">people</Value>
</Feature>
</Annotation>
<Annotation Id="251" Type="Token" StartNode="582" EndNode="588">
<Feature>
  <Name className="java.lang.String">string</Name>
  <Value className="java.lang.String">rarely</Value>
</Feature>
</Annotation>
<Annotation Id="249" Type="Token" StartNode="574" EndNode="581">
<Feature>
  <Name className="java.lang.String">string</Name>
  <Value className="java.lang.String">perhaps</Value>
</Feature>
</Annotation>
<Annotation Id="247" Type="Token" StartNode="567" EndNode="573">
<Feature>
  <Name className="java.lang.String">string</Name>
  <Value className="java.lang.String">though</Value>
</Feature>
</Annotation>
<Annotation Id="244" Type="Token" StartNode="556" EndNode="565">
<Feature>
  <Name className="java.lang.String">string</Name>
  <Value className="java.lang.String">sometimes</Value>
</Feature>
</Annotation>
<Annotation Id="267" Type="Token" StartNode="607" EndNode="613">
<Feature>
  <Name className="java.lang.String">string</Name>
  <Value className="java.lang.String">pretty</Value>
</Feature>
</Annotation>
<Annotation Id="309" Type="Token" StartNode="687" EndNode="698">
<Feature>
  <Name className="java.lang.String">string</Name>
  <Value className="java.lang.String">information</Value>
</Feature>
</Annotation>
<Annotation Id="340" Type="Token" StartNode="748" EndNode="754">
<Feature>
  <Name className="java.lang.String">string</Name>
  <Value className="java.lang.String">really</Value>
</Feature>
</Annotation>
<Annotation Id="348" Type="Token" StartNode="767" EndNode="775">
<Feature>
  <Name className="java.lang.String">string</Name>
  <Value className="java.lang.String">decision</Value>
</Feature>
</Annotation>
<Annotation Id="374" Type="Token" StartNode="814" EndNode="823">
<Feature>
  <Name className="java.lang.String">string</Name>
  <Value className="java.lang.String">judgement</Value>
</Feature>
</Annotation>
<Annotation Id="381" Type="Token" StartNode="840" EndNode="848">
<Feature>
  <Name className="java.lang.String">string</Name>
  <Value className="java.lang.String">implying</Value>
</Feature>
</Annotation>
<Annotation Id="378" Type="Token" StartNode="827" EndNode="838">
<Feature>
  <Name className="java.lang.String">string</Name>
  <Value className="java.lang.String">meaningless</Value>
</Feature>
</Annotation>
<Annotation Id="415" Type="Token" StartNode="906" EndNode="917">
<Feature>
  <Name className="java.lang.String">string</Name>
  <Value className="java.lang.String">meaningless</Value>
</Feature>
</Annotation>
<Annotation Id="392" Type="Token" StartNode="861" EndNode="868">
<Feature>
  <Name className="java.lang.String">string</Name>
  <Value className="java.lang.String">whether</Value>
</Feature>
</Annotation>
<Annotation Id="398" Type="Token" StartNode="878" EndNode="884">
<Feature>
  <Name className="java.lang.String">string</Name>
  <Value className="java.lang.String">better</Value>
</Feature>
</Annotation>
<Annotation Id="445" Type="Token" StartNode="975" EndNode="982">
<Feature>
  <Name className="java.lang.String">string</Name>
  <Value className="java.lang.String">correct</Value>
</Feature>
</Annotation>
<Annotation Id="447" Type="Token" StartNode="983" EndNode="989">
<Feature>
  <Name className="java.lang.String">string</Name>
  <Value className="java.lang.String">answer</Value>
</Feature>
</Annotation>
<Annotation Id="435" Type="Token" StartNode="951" EndNode="960">
<Feature>
  <Name className="java.lang.String">string</Name>
  <Value className="java.lang.String">discussed</Value>
</Feature>
</Annotation>
<Annotation Id="417" Type="Token" StartNode="918" EndNode="926">
<Feature>
  <Name className="java.lang.String">string</Name>
  <Value className="java.lang.String">question</Value>
</Feature>
</Annotation>
<Annotation Id="472" Type="Token" StartNode="1035" EndNode="1044">
<Feature>
  <Name className="java.lang.String">string</Name>
  <Value className="java.lang.String">assertion</Value>
</Feature>
</Annotation>
<Annotation Id="470" Type="Token" StartNode="1026" EndNode="1034">
<Feature>
  <Name className="java.lang.String">string</Name>
  <Value className="java.lang.String">positive</Value>
</Feature>
</Annotation>
<Annotation Id="459" Type="Token" StartNode="1000" EndNode="1009">
<Feature>
  <Name className="java.lang.String">string</Name>
  <Value className="java.lang.String">Something</Value>
</Feature>
</Annotation>
<Annotation Id="504" Type="Token" StartNode="1114" EndNode="1124">
<Feature>
  <Name className="java.lang.String">string</Name>
  <Value className="java.lang.String">relativism</Value>
</Feature>
</Annotation>
<Annotation Id="506" Type="Token" StartNode="1125" EndNode="1134">
<Feature>
  <Name className="java.lang.String">string</Name>
  <Value className="java.lang.String">concludes</Value>
</Feature>
</Annotation>
<Annotation Id="544" Type="Token" StartNode="1227" EndNode="1233">
<Feature>
  <Name className="java.lang.String">string</Name>
  <Value className="java.lang.String">mathew</Value>
</Feature>
</Annotation>
<Annotation Id="516" Type="Token" StartNode="1148" EndNode="1154">
<Feature>
  <Name className="java.lang.String">string</Name>
  <Value className="java.lang.String">people</Value>
</Feature>
</Annotation>
<Annotation Id="518" Type="Token" StartNode="1155" EndNode="1163">
<Feature>
  <Name className="java.lang.String">string</Name>
  <Value className="java.lang.String">involved</Value>
</Feature>
</Annotation>
<Annotation Id="524" Type="Token" StartNode="1171" EndNode="1179">
<Feature>
  <Name className="java.lang.String">string</Name>
  <Value className="java.lang.String">argument</Value>
</Feature>
</Annotation>
<Annotation Id="533" Type="Token" StartNode="1195" EndNode="1201">
<Feature>
  <Name className="java.lang.String">string</Name>
  <Value className="java.lang.String">person</Value>
</Feature>
</Annotation>
<Annotation Id="535" Type="Token" StartNode="1202" EndNode="1211">
<Feature>
  <Name className="java.lang.String">string</Name>
  <Value className="java.lang.String">observing</Value>
</Feature>
</Annotation>
<Annotation Id="539" Type="Token" StartNode="1216" EndNode="1223">
<Feature>
  <Name className="java.lang.String">string</Name>
  <Value className="java.lang.String">arguers</Value>
</Feature>
</Annotation>
</AnnotationSet>
<AnnotationSet Name="Original markups"> </AnnotationSet>
</GateDocument>