<?xml version='1.0' encoding='UTF-8'?>
<GateDocument version="3">
<!-- The document's features-->

<GateDocumentFeatures>
<Feature>
  <Name className="java.lang.String">Original_document_content_on_load</Name>
  <Value className="java.lang.String">From: db7n+@andrew.cmu.edu (D. Andrew Byler)
Message-ID: &lt;May.14.02.11.31.1993.25211@athos.rutgers.edu>
Date: 14 May 93 06:11:32 GMT
Sender: hedrick@athos.rutgers.edu
Organization: Freshman, Civil Engineering, Carnegie Mellon, Pittsburgh, PA
Lines: 78
Approved: christian@aramis.rutgers.edu

Barney Resson writes:

>On these counts, the apocrapha falls short of the glory of God.
>To quote Unger's Bible Dictionary on the Apocrapha:
>1. They abound in historical and geographical inaccuracies and
>anachronisms.

So do other parts of the Bible when taken literally - i.e. the Psalms
saying the Earth does not move, or the implication the Earth is flat
with four corners, etc.  The Bible was written to teach salvation, not
history or science.

>2. They teach doctrines which are false and foster practices
>which are at variance with sacred Scripture.

What ones?  Paryers for the dead or the intercession of saints? (Which
are taught in 2 Maccabees, Sirach, and Tobit)

>3. They resort to literary types and display an artificiality of
>subject matter and styling out of keeping with sacred Scripture.

By your own subjective judgement.  This falling short is your judgement,
and you are not infallible - rather the Church of Jesus Christ is (see 1
Timothy 3.15).

>4. They lack the distinctive elements which give genuine
>Scripture their divine character, such as prophetic power and
>poetic and religious feeling.

More subjective feelings.   This is not a proof of anything more than
one persons feelings.

>But the problem with this argument lies in the assumption that
>the Hebrew canon included the Apocrapha in the first place, and
>it wasn't until the sixteenth century that Luther and co. threw
>them out. The Jewish council you mentioned previously didn't
>accept them, so the reformation protestants had good historical
>precedence for their actions. Jerome only translated the
>apocrapha under protest, and it was literally 'over his dead
>body' that it was included in the catholic canon.

As I have written time and again, the Hebrew canon was fixed in Jamnia,
Palestine, in 90 AD.  60 years after the foundation of the one, holy,
catholic, and apostolic Church.  Furthermore, the opinons of Jerome do
not count.  He was neither the Church, or the Pope, or an ecumenical
council, or a council in general, or an insturment of the Magisterium of
the Church.  He was a private individual, learned admittedly, but
subject to erro of opinion.  And in exlcuding the deuterocanon, he
erred, as Pope Damsus, and the Council of Carthage, and the tradition of
the Fathers, clearly shows, as I pointed out in my previous post.

>How do you then view the words: "I warn everyone who  hears the
>words of the prophecy of this book: If anyone adds anything to
>them, God will add to him the plagues described in this book.
>And if anyone takes away from this book the prophecy, God will
>take away from him his share in the tree of life and in the
>holy city" (Rev 22.18-9)

I suggest you take heed of the last part of the statement, if you want
to take it in the sense you are taking it, that taking away from the
book will cause you to lose heaven.

>It is also noteworthy to consider Jesus' attitude. He had no
>argument with the pharisees over any of the OT canon (John
>10.31-6), and explained to his followers on the road to Emmaus 
>that in the law, prophets and psalms which referred to him - the 
>OT division of Scripture (Luke 24.44), as well as in Luke 11.51
>taking Genesis to Chronicles (the jewish order - we would say
>Genesis to Malachi) as Scripture.

The order of the Canon is unimportant, it is the content that matters. 
None of Jesus' statments exlcude the deuterocanon, which were
interspersed throughout the canon.  And remeber, there are some
completely undisputed books, Ezra, Nehemiah, Esther, Ecclesiatses, Song
of Songs, Job, etc. that are not quoted in the New Testament, which is
not taken as prejudicial to their being inspired.

Andy Byler
</Value>
</Feature>
<Feature>
  <Name className="java.lang.String">gate.SourceURL</Name>
  <Value className="java.lang.String">file:/C:/Users/jian/Documents/NetBeansProjects/NoiseReductionTechniques/mideastPoliticsMix/negative24</Value>
</Feature>
</GateDocumentFeatures>
<!-- The document content area with serialized nodes -->

<TextWithNodes><Node id="0"/>From<Node id="4"/>:<Node id="5"/> <Node id="6"/>db<Node id="8"/>7<Node id="9"/>n<Node id="10"/>+<Node id="11"/>@<Node id="12"/>andrew<Node id="18"/>.<Node id="19"/>cmu<Node id="22"/>.<Node id="23"/>edu<Node id="26"/> <Node id="27"/>(<Node id="28"/>D<Node id="29"/>.<Node id="30"/> <Node id="31"/>Andrew<Node id="37"/> <Node id="38"/>Byler<Node id="43"/>)<Node id="44"/>
<Node id="45"/>Message-<Node id="53"/>ID<Node id="55"/>:<Node id="56"/> <Node id="57"/>&lt;<Node id="58"/>May<Node id="61"/>.<Node id="62"/>14<Node id="64"/>.<Node id="65"/>02<Node id="67"/>.<Node id="68"/>11<Node id="70"/>.<Node id="71"/>31<Node id="73"/>.<Node id="74"/>1993<Node id="78"/>.<Node id="79"/>25211<Node id="84"/>@<Node id="85"/>athos<Node id="90"/>.<Node id="91"/>rutgers<Node id="98"/>.<Node id="99"/>edu<Node id="102"/>&gt;<Node id="103"/>
<Node id="104"/>Date<Node id="108"/>:<Node id="109"/> <Node id="110"/>14<Node id="112"/> <Node id="113"/>May<Node id="116"/> <Node id="117"/>93<Node id="119"/> <Node id="120"/>06<Node id="122"/>:<Node id="123"/>11<Node id="125"/>:<Node id="126"/>32<Node id="128"/> <Node id="129"/>GMT<Node id="132"/>
<Node id="133"/>Sender<Node id="139"/>:<Node id="140"/> <Node id="141"/>hedrick<Node id="148"/>@<Node id="149"/>athos<Node id="154"/>.<Node id="155"/>rutgers<Node id="162"/>.<Node id="163"/>edu<Node id="166"/>
<Node id="167"/>Organization<Node id="179"/>:<Node id="180"/> <Node id="181"/>Freshman<Node id="189"/>,<Node id="190"/> <Node id="191"/>Civil<Node id="196"/> <Node id="197"/>Engineering<Node id="208"/>,<Node id="209"/> <Node id="210"/>Carnegie<Node id="218"/> <Node id="219"/>Mellon<Node id="225"/>,<Node id="226"/> <Node id="227"/>Pittsburgh<Node id="237"/>,<Node id="238"/> <Node id="239"/>PA<Node id="241"/>
<Node id="242"/>Lines<Node id="247"/>:<Node id="248"/> <Node id="249"/>78<Node id="251"/>
<Node id="252"/>Approved<Node id="260"/>:<Node id="261"/> <Node id="262"/>christian<Node id="271"/>@<Node id="272"/>aramis<Node id="278"/>.<Node id="279"/>rutgers<Node id="286"/>.<Node id="287"/>edu<Node id="290"/>
<Node id="291"/>
<Node id="292"/>Barney<Node id="298"/> <Node id="299"/>Resson<Node id="305"/> <Node id="306"/>writes<Node id="312"/>:<Node id="313"/>
<Node id="314"/>
<Node id="315"/>&gt;<Node id="316"/>On<Node id="318"/> <Node id="319"/>these<Node id="324"/> <Node id="325"/>counts<Node id="331"/>,<Node id="332"/> <Node id="333"/>the<Node id="336"/> <Node id="337"/>apocrapha<Node id="346"/> <Node id="347"/>falls<Node id="352"/> <Node id="353"/>short<Node id="358"/> <Node id="359"/>of<Node id="361"/> <Node id="362"/>the<Node id="365"/> <Node id="366"/>glory<Node id="371"/> <Node id="372"/>of<Node id="374"/> <Node id="375"/>God<Node id="378"/>.<Node id="379"/>
<Node id="380"/>&gt;<Node id="381"/>To<Node id="383"/> <Node id="384"/>quote<Node id="389"/> <Node id="390"/>Unger<Node id="395"/>'s<Node id="397"/> <Node id="398"/>Bible<Node id="403"/> <Node id="404"/>Dictionary<Node id="414"/> <Node id="415"/>on<Node id="417"/> <Node id="418"/>the<Node id="421"/> <Node id="422"/>Apocrapha<Node id="431"/>:<Node id="432"/>
<Node id="433"/>&gt;<Node id="434"/>1<Node id="435"/>.<Node id="436"/> <Node id="437"/>They<Node id="441"/> <Node id="442"/>abound<Node id="448"/> <Node id="449"/>in<Node id="451"/> <Node id="452"/>historical<Node id="462"/> <Node id="463"/>and<Node id="466"/> <Node id="467"/>geographical<Node id="479"/> <Node id="480"/>inaccuracies<Node id="492"/> <Node id="493"/>and<Node id="496"/>
<Node id="497"/>&gt;<Node id="498"/>anachronisms<Node id="510"/>.<Node id="511"/>
<Node id="512"/>
<Node id="513"/>So<Node id="515"/> <Node id="516"/>do<Node id="518"/> <Node id="519"/>other<Node id="524"/> <Node id="525"/>parts<Node id="530"/> <Node id="531"/>of<Node id="533"/> <Node id="534"/>the<Node id="537"/> <Node id="538"/>Bible<Node id="543"/> <Node id="544"/>when<Node id="548"/> <Node id="549"/>taken<Node id="554"/> <Node id="555"/>literally<Node id="564"/> <Node id="565"/>-<Node id="566"/> <Node id="567"/>i<Node id="568"/>.<Node id="569"/>e<Node id="570"/>.<Node id="571"/> <Node id="572"/>the<Node id="575"/> <Node id="576"/>Psalms<Node id="582"/>
<Node id="583"/>saying<Node id="589"/> <Node id="590"/>the<Node id="593"/> <Node id="594"/>Earth<Node id="599"/> <Node id="600"/>does<Node id="604"/> <Node id="605"/>not<Node id="608"/> <Node id="609"/>move<Node id="613"/>,<Node id="614"/> <Node id="615"/>or<Node id="617"/> <Node id="618"/>the<Node id="621"/> <Node id="622"/>implication<Node id="633"/> <Node id="634"/>the<Node id="637"/> <Node id="638"/>Earth<Node id="643"/> <Node id="644"/>is<Node id="646"/> <Node id="647"/>flat<Node id="651"/>
<Node id="652"/>with<Node id="656"/> <Node id="657"/>four<Node id="661"/> <Node id="662"/>corners<Node id="669"/>,<Node id="670"/> <Node id="671"/>etc<Node id="674"/>.<Node id="675"/> <Node id="676"/> <Node id="677"/>The<Node id="680"/> <Node id="681"/>Bible<Node id="686"/> <Node id="687"/>was<Node id="690"/> <Node id="691"/>written<Node id="698"/> <Node id="699"/>to<Node id="701"/> <Node id="702"/>teach<Node id="707"/> <Node id="708"/>salvation<Node id="717"/>,<Node id="718"/> <Node id="719"/>not<Node id="722"/>
<Node id="723"/>history<Node id="730"/> <Node id="731"/>or<Node id="733"/> <Node id="734"/>science<Node id="741"/>.<Node id="742"/>
<Node id="743"/>
<Node id="744"/>&gt;<Node id="745"/>2<Node id="746"/>.<Node id="747"/> <Node id="748"/>They<Node id="752"/> <Node id="753"/>teach<Node id="758"/> <Node id="759"/>doctrines<Node id="768"/> <Node id="769"/>which<Node id="774"/> <Node id="775"/>are<Node id="778"/> <Node id="779"/>false<Node id="784"/> <Node id="785"/>and<Node id="788"/> <Node id="789"/>foster<Node id="795"/> <Node id="796"/>practices<Node id="805"/>
<Node id="806"/>&gt;<Node id="807"/>which<Node id="812"/> <Node id="813"/>are<Node id="816"/> <Node id="817"/>at<Node id="819"/> <Node id="820"/>variance<Node id="828"/> <Node id="829"/>with<Node id="833"/> <Node id="834"/>sacred<Node id="840"/> <Node id="841"/>Scripture<Node id="850"/>.<Node id="851"/>
<Node id="852"/>
<Node id="853"/>What<Node id="857"/> <Node id="858"/>ones<Node id="862"/>?<Node id="863"/> <Node id="864"/> <Node id="865"/>Paryers<Node id="872"/> <Node id="873"/>for<Node id="876"/> <Node id="877"/>the<Node id="880"/> <Node id="881"/>dead<Node id="885"/> <Node id="886"/>or<Node id="888"/> <Node id="889"/>the<Node id="892"/> <Node id="893"/>intercession<Node id="905"/> <Node id="906"/>of<Node id="908"/> <Node id="909"/>saints<Node id="915"/>?<Node id="916"/> <Node id="917"/>(<Node id="918"/>Which<Node id="923"/>
<Node id="924"/>are<Node id="927"/> <Node id="928"/>taught<Node id="934"/> <Node id="935"/>in<Node id="937"/> <Node id="938"/>2<Node id="939"/> <Node id="940"/>Maccabees<Node id="949"/>,<Node id="950"/> <Node id="951"/>Sirach<Node id="957"/>,<Node id="958"/> <Node id="959"/>and<Node id="962"/> <Node id="963"/>Tobit<Node id="968"/>)<Node id="969"/>
<Node id="970"/>
<Node id="971"/>&gt;<Node id="972"/>3<Node id="973"/>.<Node id="974"/> <Node id="975"/>They<Node id="979"/> <Node id="980"/>resort<Node id="986"/> <Node id="987"/>to<Node id="989"/> <Node id="990"/>literary<Node id="998"/> <Node id="999"/>types<Node id="1004"/> <Node id="1005"/>and<Node id="1008"/> <Node id="1009"/>display<Node id="1016"/> <Node id="1017"/>an<Node id="1019"/> <Node id="1020"/>artificiality<Node id="1033"/> <Node id="1034"/>of<Node id="1036"/>
<Node id="1037"/>&gt;<Node id="1038"/>subject<Node id="1045"/> <Node id="1046"/>matter<Node id="1052"/> <Node id="1053"/>and<Node id="1056"/> <Node id="1057"/>styling<Node id="1064"/> <Node id="1065"/>out<Node id="1068"/> <Node id="1069"/>of<Node id="1071"/> <Node id="1072"/>keeping<Node id="1079"/> <Node id="1080"/>with<Node id="1084"/> <Node id="1085"/>sacred<Node id="1091"/> <Node id="1092"/>Scripture<Node id="1101"/>.<Node id="1102"/>
<Node id="1103"/>
<Node id="1104"/>By<Node id="1106"/> <Node id="1107"/>your<Node id="1111"/> <Node id="1112"/>own<Node id="1115"/> <Node id="1116"/>subjective<Node id="1126"/> <Node id="1127"/>judgement<Node id="1136"/>.<Node id="1137"/> <Node id="1138"/> <Node id="1139"/>This<Node id="1143"/> <Node id="1144"/>falling<Node id="1151"/> <Node id="1152"/>short<Node id="1157"/> <Node id="1158"/>is<Node id="1160"/> <Node id="1161"/>your<Node id="1165"/> <Node id="1166"/>judgement<Node id="1175"/>,<Node id="1176"/>
<Node id="1177"/>and<Node id="1180"/> <Node id="1181"/>you<Node id="1184"/> <Node id="1185"/>are<Node id="1188"/> <Node id="1189"/>not<Node id="1192"/> <Node id="1193"/>infallible<Node id="1203"/> <Node id="1204"/>-<Node id="1205"/> <Node id="1206"/>rather<Node id="1212"/> <Node id="1213"/>the<Node id="1216"/> <Node id="1217"/>Church<Node id="1223"/> <Node id="1224"/>of<Node id="1226"/> <Node id="1227"/>Jesus<Node id="1232"/> <Node id="1233"/>Christ<Node id="1239"/> <Node id="1240"/>is<Node id="1242"/> <Node id="1243"/>(<Node id="1244"/>see<Node id="1247"/> <Node id="1248"/>1<Node id="1249"/>
<Node id="1250"/>Timothy<Node id="1257"/> <Node id="1258"/>3<Node id="1259"/>.<Node id="1260"/>15<Node id="1262"/>)<Node id="1263"/>.<Node id="1264"/>
<Node id="1265"/>
<Node id="1266"/>&gt;<Node id="1267"/>4<Node id="1268"/>.<Node id="1269"/> <Node id="1270"/>They<Node id="1274"/> <Node id="1275"/>lack<Node id="1279"/> <Node id="1280"/>the<Node id="1283"/> <Node id="1284"/>distinctive<Node id="1295"/> <Node id="1296"/>elements<Node id="1304"/> <Node id="1305"/>which<Node id="1310"/> <Node id="1311"/>give<Node id="1315"/> <Node id="1316"/>genuine<Node id="1323"/>
<Node id="1324"/>&gt;<Node id="1325"/>Scripture<Node id="1334"/> <Node id="1335"/>their<Node id="1340"/> <Node id="1341"/>divine<Node id="1347"/> <Node id="1348"/>character<Node id="1357"/>,<Node id="1358"/> <Node id="1359"/>such<Node id="1363"/> <Node id="1364"/>as<Node id="1366"/> <Node id="1367"/>prophetic<Node id="1376"/> <Node id="1377"/>power<Node id="1382"/> <Node id="1383"/>and<Node id="1386"/>
<Node id="1387"/>&gt;<Node id="1388"/>poetic<Node id="1394"/> <Node id="1395"/>and<Node id="1398"/> <Node id="1399"/>religious<Node id="1408"/> <Node id="1409"/>feeling<Node id="1416"/>.<Node id="1417"/>
<Node id="1418"/>
<Node id="1419"/>More<Node id="1423"/> <Node id="1424"/>subjective<Node id="1434"/> <Node id="1435"/>feelings<Node id="1443"/>.<Node id="1444"/> <Node id="1445"/> <Node id="1446"/> <Node id="1447"/>This<Node id="1451"/> <Node id="1452"/>is<Node id="1454"/> <Node id="1455"/>not<Node id="1458"/> <Node id="1459"/>a<Node id="1460"/> <Node id="1461"/>proof<Node id="1466"/> <Node id="1467"/>of<Node id="1469"/> <Node id="1470"/>anything<Node id="1478"/> <Node id="1479"/>more<Node id="1483"/> <Node id="1484"/>than<Node id="1488"/>
<Node id="1489"/>one<Node id="1492"/> <Node id="1493"/>persons<Node id="1500"/> <Node id="1501"/>feelings<Node id="1509"/>.<Node id="1510"/>
<Node id="1511"/>
<Node id="1512"/>&gt;<Node id="1513"/>But<Node id="1516"/> <Node id="1517"/>the<Node id="1520"/> <Node id="1521"/>problem<Node id="1528"/> <Node id="1529"/>with<Node id="1533"/> <Node id="1534"/>this<Node id="1538"/> <Node id="1539"/>argument<Node id="1547"/> <Node id="1548"/>lies<Node id="1552"/> <Node id="1553"/>in<Node id="1555"/> <Node id="1556"/>the<Node id="1559"/> <Node id="1560"/>assumption<Node id="1570"/> <Node id="1571"/>that<Node id="1575"/>
<Node id="1576"/>&gt;<Node id="1577"/>the<Node id="1580"/> <Node id="1581"/>Hebrew<Node id="1587"/> <Node id="1588"/>canon<Node id="1593"/> <Node id="1594"/>included<Node id="1602"/> <Node id="1603"/>the<Node id="1606"/> <Node id="1607"/>Apocrapha<Node id="1616"/> <Node id="1617"/>in<Node id="1619"/> <Node id="1620"/>the<Node id="1623"/> <Node id="1624"/>first<Node id="1629"/> <Node id="1630"/>place<Node id="1635"/>,<Node id="1636"/> <Node id="1637"/>and<Node id="1640"/>
<Node id="1641"/>&gt;<Node id="1642"/>it<Node id="1644"/> <Node id="1645"/>was<Node id="1648"/>n't<Node id="1651"/> <Node id="1652"/>until<Node id="1657"/> <Node id="1658"/>the<Node id="1661"/> <Node id="1662"/>sixteenth<Node id="1671"/> <Node id="1672"/>century<Node id="1679"/> <Node id="1680"/>that<Node id="1684"/> <Node id="1685"/>Luther<Node id="1691"/> <Node id="1692"/>and<Node id="1695"/> <Node id="1696"/>co<Node id="1698"/>.<Node id="1699"/> <Node id="1700"/>threw<Node id="1705"/>
<Node id="1706"/>&gt;<Node id="1707"/>them<Node id="1711"/> <Node id="1712"/>out<Node id="1715"/>.<Node id="1716"/> <Node id="1717"/>The<Node id="1720"/> <Node id="1721"/>Jewish<Node id="1727"/> <Node id="1728"/>council<Node id="1735"/> <Node id="1736"/>you<Node id="1739"/> <Node id="1740"/>mentioned<Node id="1749"/> <Node id="1750"/>previously<Node id="1760"/> <Node id="1761"/>did<Node id="1764"/>n't<Node id="1767"/>
<Node id="1768"/>&gt;<Node id="1769"/>accept<Node id="1775"/> <Node id="1776"/>them<Node id="1780"/>,<Node id="1781"/> <Node id="1782"/>so<Node id="1784"/> <Node id="1785"/>the<Node id="1788"/> <Node id="1789"/>reformation<Node id="1800"/> <Node id="1801"/>protestants<Node id="1812"/> <Node id="1813"/>had<Node id="1816"/> <Node id="1817"/>good<Node id="1821"/> <Node id="1822"/>historical<Node id="1832"/>
<Node id="1833"/>&gt;<Node id="1834"/>precedence<Node id="1844"/> <Node id="1845"/>for<Node id="1848"/> <Node id="1849"/>their<Node id="1854"/> <Node id="1855"/>actions<Node id="1862"/>.<Node id="1863"/> <Node id="1864"/>Jerome<Node id="1870"/> <Node id="1871"/>only<Node id="1875"/> <Node id="1876"/>translated<Node id="1886"/> <Node id="1887"/>the<Node id="1890"/>
<Node id="1891"/>&gt;<Node id="1892"/>apocrapha<Node id="1901"/> <Node id="1902"/>under<Node id="1907"/> <Node id="1908"/>protest<Node id="1915"/>,<Node id="1916"/> <Node id="1917"/>and<Node id="1920"/> <Node id="1921"/>it<Node id="1923"/> <Node id="1924"/>was<Node id="1927"/> <Node id="1928"/>literally<Node id="1937"/> <Node id="1938"/>'<Node id="1939"/>over<Node id="1943"/> <Node id="1944"/>his<Node id="1947"/> <Node id="1948"/>dead<Node id="1952"/>
<Node id="1953"/>&gt;<Node id="1954"/>body<Node id="1958"/>'<Node id="1959"/> <Node id="1960"/>that<Node id="1964"/> <Node id="1965"/>it<Node id="1967"/> <Node id="1968"/>was<Node id="1971"/> <Node id="1972"/>included<Node id="1980"/> <Node id="1981"/>in<Node id="1983"/> <Node id="1984"/>the<Node id="1987"/> <Node id="1988"/>catholic<Node id="1996"/> <Node id="1997"/>canon<Node id="2002"/>.<Node id="2003"/>
<Node id="2004"/>
<Node id="2005"/>As<Node id="2007"/> <Node id="2008"/>I<Node id="2009"/> <Node id="2010"/>have<Node id="2014"/> <Node id="2015"/>written<Node id="2022"/> <Node id="2023"/>time<Node id="2027"/> <Node id="2028"/>and<Node id="2031"/> <Node id="2032"/>again<Node id="2037"/>,<Node id="2038"/> <Node id="2039"/>the<Node id="2042"/> <Node id="2043"/>Hebrew<Node id="2049"/> <Node id="2050"/>canon<Node id="2055"/> <Node id="2056"/>was<Node id="2059"/> <Node id="2060"/>fixed<Node id="2065"/> <Node id="2066"/>in<Node id="2068"/> <Node id="2069"/>Jamnia<Node id="2075"/>,<Node id="2076"/>
<Node id="2077"/>Palestine<Node id="2086"/>,<Node id="2087"/> <Node id="2088"/>in<Node id="2090"/> <Node id="2091"/>90<Node id="2093"/> <Node id="2094"/>AD<Node id="2096"/>.<Node id="2097"/> <Node id="2098"/> <Node id="2099"/>60<Node id="2101"/> <Node id="2102"/>years<Node id="2107"/> <Node id="2108"/>after<Node id="2113"/> <Node id="2114"/>the<Node id="2117"/> <Node id="2118"/>foundation<Node id="2128"/> <Node id="2129"/>of<Node id="2131"/> <Node id="2132"/>the<Node id="2135"/> <Node id="2136"/>one<Node id="2139"/>,<Node id="2140"/> <Node id="2141"/>holy<Node id="2145"/>,<Node id="2146"/>
<Node id="2147"/>catholic<Node id="2155"/>,<Node id="2156"/> <Node id="2157"/>and<Node id="2160"/> <Node id="2161"/>apostolic<Node id="2170"/> <Node id="2171"/>Church<Node id="2177"/>.<Node id="2178"/> <Node id="2179"/> <Node id="2180"/>Furthermore<Node id="2191"/>,<Node id="2192"/> <Node id="2193"/>the<Node id="2196"/> <Node id="2197"/>opinons<Node id="2204"/> <Node id="2205"/>of<Node id="2207"/> <Node id="2208"/>Jerome<Node id="2214"/> <Node id="2215"/>do<Node id="2217"/>
<Node id="2218"/>not<Node id="2221"/> <Node id="2222"/>count<Node id="2227"/>.<Node id="2228"/> <Node id="2229"/> <Node id="2230"/>He<Node id="2232"/> <Node id="2233"/>was<Node id="2236"/> <Node id="2237"/>neither<Node id="2244"/> <Node id="2245"/>the<Node id="2248"/> <Node id="2249"/>Church<Node id="2255"/>,<Node id="2256"/> <Node id="2257"/>or<Node id="2259"/> <Node id="2260"/>the<Node id="2263"/> <Node id="2264"/>Pope<Node id="2268"/>,<Node id="2269"/> <Node id="2270"/>or<Node id="2272"/> <Node id="2273"/>an<Node id="2275"/> <Node id="2276"/>ecumenical<Node id="2286"/>
<Node id="2287"/>council<Node id="2294"/>,<Node id="2295"/> <Node id="2296"/>or<Node id="2298"/> <Node id="2299"/>a<Node id="2300"/> <Node id="2301"/>council<Node id="2308"/> <Node id="2309"/>in<Node id="2311"/> <Node id="2312"/>general<Node id="2319"/>,<Node id="2320"/> <Node id="2321"/>or<Node id="2323"/> <Node id="2324"/>an<Node id="2326"/> <Node id="2327"/>insturment<Node id="2337"/> <Node id="2338"/>of<Node id="2340"/> <Node id="2341"/>the<Node id="2344"/> <Node id="2345"/>Magisterium<Node id="2356"/> <Node id="2357"/>of<Node id="2359"/>
<Node id="2360"/>the<Node id="2363"/> <Node id="2364"/>Church<Node id="2370"/>.<Node id="2371"/> <Node id="2372"/> <Node id="2373"/>He<Node id="2375"/> <Node id="2376"/>was<Node id="2379"/> <Node id="2380"/>a<Node id="2381"/> <Node id="2382"/>private<Node id="2389"/> <Node id="2390"/>individual<Node id="2400"/>,<Node id="2401"/> <Node id="2402"/>learned<Node id="2409"/> <Node id="2410"/>admittedly<Node id="2420"/>,<Node id="2421"/> <Node id="2422"/>but<Node id="2425"/>
<Node id="2426"/>subject<Node id="2433"/> <Node id="2434"/>to<Node id="2436"/> <Node id="2437"/>erro<Node id="2441"/> <Node id="2442"/>of<Node id="2444"/> <Node id="2445"/>opinion<Node id="2452"/>.<Node id="2453"/> <Node id="2454"/> <Node id="2455"/>And<Node id="2458"/> <Node id="2459"/>in<Node id="2461"/> <Node id="2462"/>exlcuding<Node id="2471"/> <Node id="2472"/>the<Node id="2475"/> <Node id="2476"/>deuterocanon<Node id="2488"/>,<Node id="2489"/> <Node id="2490"/>he<Node id="2492"/>
<Node id="2493"/>erred<Node id="2498"/>,<Node id="2499"/> <Node id="2500"/>as<Node id="2502"/> <Node id="2503"/>Pope<Node id="2507"/> <Node id="2508"/>Damsus<Node id="2514"/>,<Node id="2515"/> <Node id="2516"/>and<Node id="2519"/> <Node id="2520"/>the<Node id="2523"/> <Node id="2524"/>Council<Node id="2531"/> <Node id="2532"/>of<Node id="2534"/> <Node id="2535"/>Carthage<Node id="2543"/>,<Node id="2544"/> <Node id="2545"/>and<Node id="2548"/> <Node id="2549"/>the<Node id="2552"/> <Node id="2553"/>tradition<Node id="2562"/> <Node id="2563"/>of<Node id="2565"/>
<Node id="2566"/>the<Node id="2569"/> <Node id="2570"/>Fathers<Node id="2577"/>,<Node id="2578"/> <Node id="2579"/>clearly<Node id="2586"/> <Node id="2587"/>shows<Node id="2592"/>,<Node id="2593"/> <Node id="2594"/>as<Node id="2596"/> <Node id="2597"/>I<Node id="2598"/> <Node id="2599"/>pointed<Node id="2606"/> <Node id="2607"/>out<Node id="2610"/> <Node id="2611"/>in<Node id="2613"/> <Node id="2614"/>my<Node id="2616"/> <Node id="2617"/>previous<Node id="2625"/> <Node id="2626"/>post<Node id="2630"/>.<Node id="2631"/>
<Node id="2632"/>
<Node id="2633"/>&gt;<Node id="2634"/>How<Node id="2637"/> <Node id="2638"/>do<Node id="2640"/> <Node id="2641"/>you<Node id="2644"/> <Node id="2645"/>then<Node id="2649"/> <Node id="2650"/>view<Node id="2654"/> <Node id="2655"/>the<Node id="2658"/> <Node id="2659"/>words<Node id="2664"/>:<Node id="2665"/> <Node id="2666"/>"<Node id="2667"/>I<Node id="2668"/> <Node id="2669"/>warn<Node id="2673"/> <Node id="2674"/>everyone<Node id="2682"/> <Node id="2683"/>who<Node id="2686"/> <Node id="2687"/> <Node id="2688"/>hears<Node id="2693"/> <Node id="2694"/>the<Node id="2697"/>
<Node id="2698"/>&gt;<Node id="2699"/>words<Node id="2704"/> <Node id="2705"/>of<Node id="2707"/> <Node id="2708"/>the<Node id="2711"/> <Node id="2712"/>prophecy<Node id="2720"/> <Node id="2721"/>of<Node id="2723"/> <Node id="2724"/>this<Node id="2728"/> <Node id="2729"/>book<Node id="2733"/>:<Node id="2734"/> <Node id="2735"/>If<Node id="2737"/> <Node id="2738"/>anyone<Node id="2744"/> <Node id="2745"/>adds<Node id="2749"/> <Node id="2750"/>anything<Node id="2758"/> <Node id="2759"/>to<Node id="2761"/>
<Node id="2762"/>&gt;<Node id="2763"/>them<Node id="2767"/>,<Node id="2768"/> <Node id="2769"/>God<Node id="2772"/> <Node id="2773"/>will<Node id="2777"/> <Node id="2778"/>add<Node id="2781"/> <Node id="2782"/>to<Node id="2784"/> <Node id="2785"/>him<Node id="2788"/> <Node id="2789"/>the<Node id="2792"/> <Node id="2793"/>plagues<Node id="2800"/> <Node id="2801"/>described<Node id="2810"/> <Node id="2811"/>in<Node id="2813"/> <Node id="2814"/>this<Node id="2818"/> <Node id="2819"/>book<Node id="2823"/>.<Node id="2824"/>
<Node id="2825"/>&gt;<Node id="2826"/>And<Node id="2829"/> <Node id="2830"/>if<Node id="2832"/> <Node id="2833"/>anyone<Node id="2839"/> <Node id="2840"/>takes<Node id="2845"/> <Node id="2846"/>away<Node id="2850"/> <Node id="2851"/>from<Node id="2855"/> <Node id="2856"/>this<Node id="2860"/> <Node id="2861"/>book<Node id="2865"/> <Node id="2866"/>the<Node id="2869"/> <Node id="2870"/>prophecy<Node id="2878"/>,<Node id="2879"/> <Node id="2880"/>God<Node id="2883"/> <Node id="2884"/>will<Node id="2888"/>
<Node id="2889"/>&gt;<Node id="2890"/>take<Node id="2894"/> <Node id="2895"/>away<Node id="2899"/> <Node id="2900"/>from<Node id="2904"/> <Node id="2905"/>him<Node id="2908"/> <Node id="2909"/>his<Node id="2912"/> <Node id="2913"/>share<Node id="2918"/> <Node id="2919"/>in<Node id="2921"/> <Node id="2922"/>the<Node id="2925"/> <Node id="2926"/>tree<Node id="2930"/> <Node id="2931"/>of<Node id="2933"/> <Node id="2934"/>life<Node id="2938"/> <Node id="2939"/>and<Node id="2942"/> <Node id="2943"/>in<Node id="2945"/> <Node id="2946"/>the<Node id="2949"/>
<Node id="2950"/>&gt;<Node id="2951"/>holy<Node id="2955"/> <Node id="2956"/>city<Node id="2960"/>"<Node id="2961"/> <Node id="2962"/>(<Node id="2963"/>Rev<Node id="2966"/> <Node id="2967"/>22<Node id="2969"/>.<Node id="2970"/>18<Node id="2972"/>-<Node id="2973"/>9<Node id="2974"/>)<Node id="2975"/>
<Node id="2976"/>
<Node id="2977"/>I<Node id="2978"/> <Node id="2979"/>suggest<Node id="2986"/> <Node id="2987"/>you<Node id="2990"/> <Node id="2991"/>take<Node id="2995"/> <Node id="2996"/>heed<Node id="3000"/> <Node id="3001"/>of<Node id="3003"/> <Node id="3004"/>the<Node id="3007"/> <Node id="3008"/>last<Node id="3012"/> <Node id="3013"/>part<Node id="3017"/> <Node id="3018"/>of<Node id="3020"/> <Node id="3021"/>the<Node id="3024"/> <Node id="3025"/>statement<Node id="3034"/>,<Node id="3035"/> <Node id="3036"/>if<Node id="3038"/> <Node id="3039"/>you<Node id="3042"/> <Node id="3043"/>want<Node id="3047"/>
<Node id="3048"/>to<Node id="3050"/> <Node id="3051"/>take<Node id="3055"/> <Node id="3056"/>it<Node id="3058"/> <Node id="3059"/>in<Node id="3061"/> <Node id="3062"/>the<Node id="3065"/> <Node id="3066"/>sense<Node id="3071"/> <Node id="3072"/>you<Node id="3075"/> <Node id="3076"/>are<Node id="3079"/> <Node id="3080"/>taking<Node id="3086"/> <Node id="3087"/>it<Node id="3089"/>,<Node id="3090"/> <Node id="3091"/>that<Node id="3095"/> <Node id="3096"/>taking<Node id="3102"/> <Node id="3103"/>away<Node id="3107"/> <Node id="3108"/>from<Node id="3112"/> <Node id="3113"/>the<Node id="3116"/>
<Node id="3117"/>book<Node id="3121"/> <Node id="3122"/>will<Node id="3126"/> <Node id="3127"/>cause<Node id="3132"/> <Node id="3133"/>you<Node id="3136"/> <Node id="3137"/>to<Node id="3139"/> <Node id="3140"/>lose<Node id="3144"/> <Node id="3145"/>heaven<Node id="3151"/>.<Node id="3152"/>
<Node id="3153"/>
<Node id="3154"/>&gt;<Node id="3155"/>It<Node id="3157"/> <Node id="3158"/>is<Node id="3160"/> <Node id="3161"/>also<Node id="3165"/> <Node id="3166"/>noteworthy<Node id="3176"/> <Node id="3177"/>to<Node id="3179"/> <Node id="3180"/>consider<Node id="3188"/> <Node id="3189"/>Jesus<Node id="3194"/>'<Node id="3195"/> <Node id="3196"/>attitude<Node id="3204"/>.<Node id="3205"/> <Node id="3206"/>He<Node id="3208"/> <Node id="3209"/>had<Node id="3212"/> <Node id="3213"/>no<Node id="3215"/>
<Node id="3216"/>&gt;<Node id="3217"/>argument<Node id="3225"/> <Node id="3226"/>with<Node id="3230"/> <Node id="3231"/>the<Node id="3234"/> <Node id="3235"/>pharisees<Node id="3244"/> <Node id="3245"/>over<Node id="3249"/> <Node id="3250"/>any<Node id="3253"/> <Node id="3254"/>of<Node id="3256"/> <Node id="3257"/>the<Node id="3260"/> <Node id="3261"/>OT<Node id="3263"/> <Node id="3264"/>canon<Node id="3269"/> <Node id="3270"/>(<Node id="3271"/>John<Node id="3275"/>
<Node id="3276"/>&gt;<Node id="3277"/>10<Node id="3279"/>.<Node id="3280"/>31<Node id="3282"/>-<Node id="3283"/>6<Node id="3284"/>)<Node id="3285"/>,<Node id="3286"/> <Node id="3287"/>and<Node id="3290"/> <Node id="3291"/>explained<Node id="3300"/> <Node id="3301"/>to<Node id="3303"/> <Node id="3304"/>his<Node id="3307"/> <Node id="3308"/>followers<Node id="3317"/> <Node id="3318"/>on<Node id="3320"/> <Node id="3321"/>the<Node id="3324"/> <Node id="3325"/>road<Node id="3329"/> <Node id="3330"/>to<Node id="3332"/> <Node id="3333"/>Emmaus<Node id="3339"/> <Node id="3340"/>
<Node id="3341"/>&gt;<Node id="3342"/>that<Node id="3346"/> <Node id="3347"/>in<Node id="3349"/> <Node id="3350"/>the<Node id="3353"/> <Node id="3354"/>law<Node id="3357"/>,<Node id="3358"/> <Node id="3359"/>prophets<Node id="3367"/> <Node id="3368"/>and<Node id="3371"/> <Node id="3372"/>psalms<Node id="3378"/> <Node id="3379"/>which<Node id="3384"/> <Node id="3385"/>referred<Node id="3393"/> <Node id="3394"/>to<Node id="3396"/> <Node id="3397"/>him<Node id="3400"/> <Node id="3401"/>-<Node id="3402"/> <Node id="3403"/>the<Node id="3406"/> <Node id="3407"/>
<Node id="3408"/>&gt;<Node id="3409"/>OT<Node id="3411"/> <Node id="3412"/>division<Node id="3420"/> <Node id="3421"/>of<Node id="3423"/> <Node id="3424"/>Scripture<Node id="3433"/> <Node id="3434"/>(<Node id="3435"/>Luke<Node id="3439"/> <Node id="3440"/>24<Node id="3442"/>.<Node id="3443"/>44<Node id="3445"/>)<Node id="3446"/>,<Node id="3447"/> <Node id="3448"/>as<Node id="3450"/> <Node id="3451"/>well<Node id="3455"/> <Node id="3456"/>as<Node id="3458"/> <Node id="3459"/>in<Node id="3461"/> <Node id="3462"/>Luke<Node id="3466"/> <Node id="3467"/>11<Node id="3469"/>.<Node id="3470"/>51<Node id="3472"/>
<Node id="3473"/>&gt;<Node id="3474"/>taking<Node id="3480"/> <Node id="3481"/>Genesis<Node id="3488"/> <Node id="3489"/>to<Node id="3491"/> <Node id="3492"/>Chronicles<Node id="3502"/> <Node id="3503"/>(<Node id="3504"/>the<Node id="3507"/> <Node id="3508"/>jewish<Node id="3514"/> <Node id="3515"/>order<Node id="3520"/> <Node id="3521"/>-<Node id="3522"/> <Node id="3523"/>we<Node id="3525"/> <Node id="3526"/>would<Node id="3531"/> <Node id="3532"/>say<Node id="3535"/>
<Node id="3536"/>&gt;<Node id="3537"/>Genesis<Node id="3544"/> <Node id="3545"/>to<Node id="3547"/> <Node id="3548"/>Malachi<Node id="3555"/>)<Node id="3556"/> <Node id="3557"/>as<Node id="3559"/> <Node id="3560"/>Scripture<Node id="3569"/>.<Node id="3570"/>
<Node id="3571"/>
<Node id="3572"/>The<Node id="3575"/> <Node id="3576"/>order<Node id="3581"/> <Node id="3582"/>of<Node id="3584"/> <Node id="3585"/>the<Node id="3588"/> <Node id="3589"/>Canon<Node id="3594"/> <Node id="3595"/>is<Node id="3597"/> <Node id="3598"/>unimportant<Node id="3609"/>,<Node id="3610"/> <Node id="3611"/>it<Node id="3613"/> <Node id="3614"/>is<Node id="3616"/> <Node id="3617"/>the<Node id="3620"/> <Node id="3621"/>content<Node id="3628"/> <Node id="3629"/>that<Node id="3633"/> <Node id="3634"/>matters<Node id="3641"/>.<Node id="3642"/> <Node id="3643"/>
<Node id="3644"/>None<Node id="3648"/> <Node id="3649"/>of<Node id="3651"/> <Node id="3652"/>Jesus<Node id="3657"/>'<Node id="3658"/> <Node id="3659"/>statments<Node id="3668"/> <Node id="3669"/>exlcude<Node id="3676"/> <Node id="3677"/>the<Node id="3680"/> <Node id="3681"/>deuterocanon<Node id="3693"/>,<Node id="3694"/> <Node id="3695"/>which<Node id="3700"/> <Node id="3701"/>were<Node id="3705"/>
<Node id="3706"/>interspersed<Node id="3718"/> <Node id="3719"/>throughout<Node id="3729"/> <Node id="3730"/>the<Node id="3733"/> <Node id="3734"/>canon<Node id="3739"/>.<Node id="3740"/> <Node id="3741"/> <Node id="3742"/>And<Node id="3745"/> <Node id="3746"/>remeber<Node id="3753"/>,<Node id="3754"/> <Node id="3755"/>there<Node id="3760"/> <Node id="3761"/>are<Node id="3764"/> <Node id="3765"/>some<Node id="3769"/>
<Node id="3770"/>completely<Node id="3780"/> <Node id="3781"/>undisputed<Node id="3791"/> <Node id="3792"/>books<Node id="3797"/>,<Node id="3798"/> <Node id="3799"/>Ezra<Node id="3803"/>,<Node id="3804"/> <Node id="3805"/>Nehemiah<Node id="3813"/>,<Node id="3814"/> <Node id="3815"/>Esther<Node id="3821"/>,<Node id="3822"/> <Node id="3823"/>Ecclesiatses<Node id="3835"/>,<Node id="3836"/> <Node id="3837"/>Song<Node id="3841"/>
<Node id="3842"/>of<Node id="3844"/> <Node id="3845"/>Songs<Node id="3850"/>,<Node id="3851"/> <Node id="3852"/>Job<Node id="3855"/>,<Node id="3856"/> <Node id="3857"/>etc<Node id="3860"/>.<Node id="3861"/> <Node id="3862"/>that<Node id="3866"/> <Node id="3867"/>are<Node id="3870"/> <Node id="3871"/>not<Node id="3874"/> <Node id="3875"/>quoted<Node id="3881"/> <Node id="3882"/>in<Node id="3884"/> <Node id="3885"/>the<Node id="3888"/> <Node id="3889"/>New<Node id="3892"/> <Node id="3893"/>Testament<Node id="3902"/>,<Node id="3903"/> <Node id="3904"/>which<Node id="3909"/> <Node id="3910"/>is<Node id="3912"/>
<Node id="3913"/>not<Node id="3916"/> <Node id="3917"/>taken<Node id="3922"/> <Node id="3923"/>as<Node id="3925"/> <Node id="3926"/>prejudicial<Node id="3937"/> <Node id="3938"/>to<Node id="3940"/> <Node id="3941"/>their<Node id="3946"/> <Node id="3947"/>being<Node id="3952"/> <Node id="3953"/>inspired<Node id="3961"/>.<Node id="3962"/>
<Node id="3963"/>
<Node id="3964"/>Andy<Node id="3968"/> <Node id="3969"/>Byler<Node id="3974"/>
<Node id="3975"/></TextWithNodes>
<!-- The default annotation set -->

<AnnotationSet>
<Annotation EndNode="3975" StartNode="0" Type="Mention" Id="9999999">
<Feature>
<Name classname="java.lang.String">Class</Name>
<Value classname="java.lang.String">0</Value>
</Feature>
</Annotation>

<Annotation Id="8" Type="Token" StartNode="12" EndNode="18">
<Feature>
  <Name className="java.lang.String">string</Name>
  <Value className="java.lang.String">andrew</Value>
</Feature>
</Annotation>
<Annotation Id="18" Type="Token" StartNode="31" EndNode="37">
<Feature>
  <Name className="java.lang.String">string</Name>
  <Value className="java.lang.String">Andrew</Value>
</Feature>
</Annotation>
<Annotation Id="23" Type="Token" StartNode="45" EndNode="53">
<Feature>
  <Name className="java.lang.String">string</Name>
  <Value className="java.lang.String">Message-</Value>
</Feature>
</Annotation>
<Annotation Id="44" Type="Token" StartNode="91" EndNode="98">
<Feature>
  <Name className="java.lang.String">string</Name>
  <Value className="java.lang.String">rutgers</Value>
</Feature>
</Annotation>
<Annotation Id="69" Type="Token" StartNode="141" EndNode="148">
<Feature>
  <Name className="java.lang.String">string</Name>
  <Value className="java.lang.String">hedrick</Value>
</Feature>
</Annotation>
<Annotation Id="66" Type="Token" StartNode="133" EndNode="139">
<Feature>
  <Name className="java.lang.String">string</Name>
  <Value className="java.lang.String">Sender</Value>
</Feature>
</Annotation>
<Annotation Id="77" Type="Token" StartNode="167" EndNode="179">
<Feature>
  <Name className="java.lang.String">string</Name>
  <Value className="java.lang.String">Organization</Value>
</Feature>
</Annotation>
<Annotation Id="73" Type="Token" StartNode="155" EndNode="162">
<Feature>
  <Name className="java.lang.String">string</Name>
  <Value className="java.lang.String">rutgers</Value>
</Feature>
</Annotation>
<Annotation Id="85" Type="Token" StartNode="197" EndNode="208">
<Feature>
  <Name className="java.lang.String">string</Name>
  <Value className="java.lang.String">Engineering</Value>
</Feature>
</Annotation>
<Annotation Id="80" Type="Token" StartNode="181" EndNode="189">
<Feature>
  <Name className="java.lang.String">string</Name>
  <Value className="java.lang.String">Freshman</Value>
</Feature>
</Annotation>
<Annotation Id="93" Type="Token" StartNode="227" EndNode="237">
<Feature>
  <Name className="java.lang.String">string</Name>
  <Value className="java.lang.String">Pittsburgh</Value>
</Feature>
</Annotation>
<Annotation Id="88" Type="Token" StartNode="210" EndNode="218">
<Feature>
  <Name className="java.lang.String">string</Name>
  <Value className="java.lang.String">Carnegie</Value>
</Feature>
</Annotation>
<Annotation Id="90" Type="Token" StartNode="219" EndNode="225">
<Feature>
  <Name className="java.lang.String">string</Name>
  <Value className="java.lang.String">Mellon</Value>
</Feature>
</Annotation>
<Annotation Id="103" Type="Token" StartNode="252" EndNode="260">
<Feature>
  <Name className="java.lang.String">string</Name>
  <Value className="java.lang.String">Approved</Value>
</Feature>
</Annotation>
<Annotation Id="110" Type="Token" StartNode="279" EndNode="286">
<Feature>
  <Name className="java.lang.String">string</Name>
  <Value className="java.lang.String">rutgers</Value>
</Feature>
</Annotation>
<Annotation Id="108" Type="Token" StartNode="272" EndNode="278">
<Feature>
  <Name className="java.lang.String">string</Name>
  <Value className="java.lang.String">aramis</Value>
</Feature>
</Annotation>
<Annotation Id="106" Type="Token" StartNode="262" EndNode="271">
<Feature>
  <Name className="java.lang.String">string</Name>
  <Value className="java.lang.String">christian</Value>
</Feature>
</Annotation>
<Annotation Id="119" Type="Token" StartNode="306" EndNode="312">
<Feature>
  <Name className="java.lang.String">string</Name>
  <Value className="java.lang.String">writes</Value>
</Feature>
</Annotation>
<Annotation Id="117" Type="Token" StartNode="299" EndNode="305">
<Feature>
  <Name className="java.lang.String">string</Name>
  <Value className="java.lang.String">Resson</Value>
</Feature>
</Annotation>
<Annotation Id="115" Type="Token" StartNode="292" EndNode="298">
<Feature>
  <Name className="java.lang.String">string</Name>
  <Value className="java.lang.String">Barney</Value>
</Feature>
</Annotation>
<Annotation Id="128" Type="Token" StartNode="325" EndNode="331">
<Feature>
  <Name className="java.lang.String">string</Name>
  <Value className="java.lang.String">counts</Value>
</Feature>
</Annotation>
<Annotation Id="133" Type="Token" StartNode="337" EndNode="346">
<Feature>
  <Name className="java.lang.String">string</Name>
  <Value className="java.lang.String">apocrapha</Value>
</Feature>
</Annotation>
<Annotation Id="161" Type="Token" StartNode="404" EndNode="414">
<Feature>
  <Name className="java.lang.String">string</Name>
  <Value className="java.lang.String">Dictionary</Value>
</Feature>
</Annotation>
<Annotation Id="167" Type="Token" StartNode="422" EndNode="431">
<Feature>
  <Name className="java.lang.String">string</Name>
  <Value className="java.lang.String">Apocrapha</Value>
</Feature>
</Annotation>
<Annotation Id="186" Type="Token" StartNode="480" EndNode="492">
<Feature>
  <Name className="java.lang.String">string</Name>
  <Value className="java.lang.String">inaccuracies</Value>
</Feature>
</Annotation>
<Annotation Id="184" Type="Token" StartNode="467" EndNode="479">
<Feature>
  <Name className="java.lang.String">string</Name>
  <Value className="java.lang.String">geographical</Value>
</Feature>
</Annotation>
<Annotation Id="191" Type="Token" StartNode="498" EndNode="510">
<Feature>
  <Name className="java.lang.String">string</Name>
  <Value className="java.lang.String">anachronisms</Value>
</Feature>
</Annotation>
<Annotation Id="176" Type="Token" StartNode="442" EndNode="448">
<Feature>
  <Name className="java.lang.String">string</Name>
  <Value className="java.lang.String">abound</Value>
</Feature>
</Annotation>
<Annotation Id="180" Type="Token" StartNode="452" EndNode="462">
<Feature>
  <Name className="java.lang.String">string</Name>
  <Value className="java.lang.String">historical</Value>
</Feature>
</Annotation>
<Annotation Id="213" Type="Token" StartNode="555" EndNode="564">
<Feature>
  <Name className="java.lang.String">string</Name>
  <Value className="java.lang.String">literally</Value>
</Feature>
</Annotation>
<Annotation Id="226" Type="Token" StartNode="583" EndNode="589">
<Feature>
  <Name className="java.lang.String">string</Name>
  <Value className="java.lang.String">saying</Value>
</Feature>
</Annotation>
<Annotation Id="224" Type="Token" StartNode="576" EndNode="582">
<Feature>
  <Name className="java.lang.String">string</Name>
  <Value className="java.lang.String">Psalms</Value>
</Feature>
</Annotation>
<Annotation Id="243" Type="Token" StartNode="622" EndNode="633">
<Feature>
  <Name className="java.lang.String">string</Name>
  <Value className="java.lang.String">implication</Value>
</Feature>
</Annotation>
<Annotation Id="276" Type="Token" StartNode="708" EndNode="717">
<Feature>
  <Name className="java.lang.String">string</Name>
  <Value className="java.lang.String">salvation</Value>
</Feature>
</Annotation>
<Annotation Id="281" Type="Token" StartNode="723" EndNode="730">
<Feature>
  <Name className="java.lang.String">string</Name>
  <Value className="java.lang.String">history</Value>
</Feature>
</Annotation>
<Annotation Id="285" Type="Token" StartNode="734" EndNode="741">
<Feature>
  <Name className="java.lang.String">string</Name>
  <Value className="java.lang.String">science</Value>
</Feature>
</Annotation>
<Annotation Id="257" Type="Token" StartNode="662" EndNode="669">
<Feature>
  <Name className="java.lang.String">string</Name>
  <Value className="java.lang.String">corners</Value>
</Feature>
</Annotation>
<Annotation Id="270" Type="Token" StartNode="691" EndNode="698">
<Feature>
  <Name className="java.lang.String">string</Name>
  <Value className="java.lang.String">written</Value>
</Feature>
</Annotation>
<Annotation Id="307" Type="Token" StartNode="789" EndNode="795">
<Feature>
  <Name className="java.lang.String">string</Name>
  <Value className="java.lang.String">foster</Value>
</Feature>
</Annotation>
<Annotation Id="309" Type="Token" StartNode="796" EndNode="805">
<Feature>
  <Name className="java.lang.String">string</Name>
  <Value className="java.lang.String">practices</Value>
</Feature>
</Annotation>
<Annotation Id="318" Type="Token" StartNode="820" EndNode="828">
<Feature>
  <Name className="java.lang.String">string</Name>
  <Value className="java.lang.String">variance</Value>
</Feature>
</Annotation>
<Annotation Id="297" Type="Token" StartNode="759" EndNode="768">
<Feature>
  <Name className="java.lang.String">string</Name>
  <Value className="java.lang.String">doctrines</Value>
</Feature>
</Annotation>
<Annotation Id="350" Type="Token" StartNode="909" EndNode="915">
<Feature>
  <Name className="java.lang.String">string</Name>
  <Value className="java.lang.String">saints</Value>
</Feature>
</Annotation>
<Annotation Id="346" Type="Token" StartNode="893" EndNode="905">
<Feature>
  <Name className="java.lang.String">string</Name>
  <Value className="java.lang.String">intercession</Value>
</Feature>
</Annotation>
<Annotation Id="324" Type="Token" StartNode="841" EndNode="850">
<Feature>
  <Name className="java.lang.String">string</Name>
  <Value className="java.lang.String">Scripture</Value>
</Feature>
</Annotation>
<Annotation Id="322" Type="Token" StartNode="834" EndNode="840">
<Feature>
  <Name className="java.lang.String">string</Name>
  <Value className="java.lang.String">sacred</Value>
</Feature>
</Annotation>
<Annotation Id="334" Type="Token" StartNode="865" EndNode="872">
<Feature>
  <Name className="java.lang.String">string</Name>
  <Value className="java.lang.String">Paryers</Value>
</Feature>
</Annotation>
<Annotation Id="382" Type="Token" StartNode="980" EndNode="986">
<Feature>
  <Name className="java.lang.String">string</Name>
  <Value className="java.lang.String">resort</Value>
</Feature>
</Annotation>
<Annotation Id="358" Type="Token" StartNode="928" EndNode="934">
<Feature>
  <Name className="java.lang.String">string</Name>
  <Value className="java.lang.String">taught</Value>
</Feature>
</Annotation>
<Annotation Id="364" Type="Token" StartNode="940" EndNode="949">
<Feature>
  <Name className="java.lang.String">string</Name>
  <Value className="java.lang.String">Maccabees</Value>
</Feature>
</Annotation>
<Annotation Id="367" Type="Token" StartNode="951" EndNode="957">
<Feature>
  <Name className="java.lang.String">string</Name>
  <Value className="java.lang.String">Sirach</Value>
</Feature>
</Annotation>
<Annotation Id="413" Type="Token" StartNode="1072" EndNode="1079">
<Feature>
  <Name className="java.lang.String">string</Name>
  <Value className="java.lang.String">keeping</Value>
</Feature>
</Annotation>
<Annotation Id="403" Type="Token" StartNode="1046" EndNode="1052">
<Feature>
  <Name className="java.lang.String">string</Name>
  <Value className="java.lang.String">matter</Value>
</Feature>
</Annotation>
<Annotation Id="401" Type="Token" StartNode="1038" EndNode="1045">
<Feature>
  <Name className="java.lang.String">string</Name>
  <Value className="java.lang.String">subject</Value>
</Feature>
</Annotation>
<Annotation Id="407" Type="Token" StartNode="1057" EndNode="1064">
<Feature>
  <Name className="java.lang.String">string</Name>
  <Value className="java.lang.String">styling</Value>
</Feature>
</Annotation>
<Annotation Id="392" Type="Token" StartNode="1009" EndNode="1016">
<Feature>
  <Name className="java.lang.String">string</Name>
  <Value className="java.lang.String">display</Value>
</Feature>
</Annotation>
<Annotation Id="396" Type="Token" StartNode="1020" EndNode="1033">
<Feature>
  <Name className="java.lang.String">string</Name>
  <Value className="java.lang.String">artificiality</Value>
</Feature>
</Annotation>
<Annotation Id="386" Type="Token" StartNode="990" EndNode="998">
<Feature>
  <Name className="java.lang.String">string</Name>
  <Value className="java.lang.String">literary</Value>
</Feature>
</Annotation>
<Annotation Id="445" Type="Token" StartNode="1166" EndNode="1175">
<Feature>
  <Name className="java.lang.String">string</Name>
  <Value className="java.lang.String">judgement</Value>
</Feature>
</Annotation>
<Annotation Id="437" Type="Token" StartNode="1144" EndNode="1151">
<Feature>
  <Name className="java.lang.String">string</Name>
  <Value className="java.lang.String">falling</Value>
</Feature>
</Annotation>
<Annotation Id="429" Type="Token" StartNode="1116" EndNode="1126">
<Feature>
  <Name className="java.lang.String">string</Name>
  <Value className="java.lang.String">subjective</Value>
</Feature>
</Annotation>
<Annotation Id="431" Type="Token" StartNode="1127" EndNode="1136">
<Feature>
  <Name className="java.lang.String">string</Name>
  <Value className="java.lang.String">judgement</Value>
</Feature>
</Annotation>
<Annotation Id="417" Type="Token" StartNode="1085" EndNode="1091">
<Feature>
  <Name className="java.lang.String">string</Name>
  <Value className="java.lang.String">sacred</Value>
</Feature>
</Annotation>
<Annotation Id="419" Type="Token" StartNode="1092" EndNode="1101">
<Feature>
  <Name className="java.lang.String">string</Name>
  <Value className="java.lang.String">Scripture</Value>
</Feature>
</Annotation>
<Annotation Id="479" Type="Token" StartNode="1250" EndNode="1257">
<Feature>
  <Name className="java.lang.String">string</Name>
  <Value className="java.lang.String">Timothy</Value>
</Feature>
</Annotation>
<Annotation Id="470" Type="Token" StartNode="1233" EndNode="1239">
<Feature>
  <Name className="java.lang.String">string</Name>
  <Value className="java.lang.String">Christ</Value>
</Feature>
</Annotation>
<Annotation Id="464" Type="Token" StartNode="1217" EndNode="1223">
<Feature>
  <Name className="java.lang.String">string</Name>
  <Value className="java.lang.String">Church</Value>
</Feature>
</Annotation>
<Annotation Id="460" Type="Token" StartNode="1206" EndNode="1212">
<Feature>
  <Name className="java.lang.String">string</Name>
  <Value className="java.lang.String">rather</Value>
</Feature>
</Annotation>
<Annotation Id="456" Type="Token" StartNode="1193" EndNode="1203">
<Feature>
  <Name className="java.lang.String">string</Name>
  <Value className="java.lang.String">infallible</Value>
</Feature>
</Annotation>
<Annotation Id="509" Type="Token" StartNode="1325" EndNode="1334">
<Feature>
  <Name className="java.lang.String">string</Name>
  <Value className="java.lang.String">Scripture</Value>
</Feature>
</Annotation>
<Annotation Id="506" Type="Token" StartNode="1316" EndNode="1323">
<Feature>
  <Name className="java.lang.String">string</Name>
  <Value className="java.lang.String">genuine</Value>
</Feature>
</Annotation>
<Annotation Id="500" Type="Token" StartNode="1296" EndNode="1304">
<Feature>
  <Name className="java.lang.String">string</Name>
  <Value className="java.lang.String">elements</Value>
</Feature>
</Annotation>
<Annotation Id="498" Type="Token" StartNode="1284" EndNode="1295">
<Feature>
  <Name className="java.lang.String">string</Name>
  <Value className="java.lang.String">distinctive</Value>
</Feature>
</Annotation>
<Annotation Id="560" Type="Token" StartNode="1470" EndNode="1478">
<Feature>
  <Name className="java.lang.String">string</Name>
  <Value className="java.lang.String">anything</Value>
</Feature>
</Annotation>
<Annotation Id="570" Type="Token" StartNode="1501" EndNode="1509">
<Feature>
  <Name className="java.lang.String">string</Name>
  <Value className="java.lang.String">feelings</Value>
</Feature>
</Annotation>
<Annotation Id="568" Type="Token" StartNode="1493" EndNode="1500">
<Feature>
  <Name className="java.lang.String">string</Name>
  <Value className="java.lang.String">persons</Value>
</Feature>
</Annotation>
<Annotation Id="513" Type="Token" StartNode="1341" EndNode="1347">
<Feature>
  <Name className="java.lang.String">string</Name>
  <Value className="java.lang.String">divine</Value>
</Feature>
</Annotation>
<Annotation Id="515" Type="Token" StartNode="1348" EndNode="1357">
<Feature>
  <Name className="java.lang.String">string</Name>
  <Value className="java.lang.String">character</Value>
</Feature>
</Annotation>
<Annotation Id="522" Type="Token" StartNode="1367" EndNode="1376">
<Feature>
  <Name className="java.lang.String">string</Name>
  <Value className="java.lang.String">prophetic</Value>
</Feature>
</Annotation>
<Annotation Id="533" Type="Token" StartNode="1399" EndNode="1408">
<Feature>
  <Name className="java.lang.String">string</Name>
  <Value className="java.lang.String">religious</Value>
</Feature>
</Annotation>
<Annotation Id="535" Type="Token" StartNode="1409" EndNode="1416">
<Feature>
  <Name className="java.lang.String">string</Name>
  <Value className="java.lang.String">feeling</Value>
</Feature>
</Annotation>
<Annotation Id="529" Type="Token" StartNode="1388" EndNode="1394">
<Feature>
  <Name className="java.lang.String">string</Name>
  <Value className="java.lang.String">poetic</Value>
</Feature>
</Annotation>
<Annotation Id="541" Type="Token" StartNode="1424" EndNode="1434">
<Feature>
  <Name className="java.lang.String">string</Name>
  <Value className="java.lang.String">subjective</Value>
</Feature>
</Annotation>
<Annotation Id="543" Type="Token" StartNode="1435" EndNode="1443">
<Feature>
  <Name className="java.lang.String">string</Name>
  <Value className="java.lang.String">feelings</Value>
</Feature>
</Annotation>
<Annotation Id="608" Type="Token" StartNode="1607" EndNode="1616">
<Feature>
  <Name className="java.lang.String">string</Name>
  <Value className="java.lang.String">Apocrapha</Value>
</Feature>
</Annotation>
<Annotation Id="634" Type="Token" StartNode="1672" EndNode="1679">
<Feature>
  <Name className="java.lang.String">string</Name>
  <Value className="java.lang.String">century</Value>
</Feature>
</Annotation>
<Annotation Id="632" Type="Token" StartNode="1662" EndNode="1671">
<Feature>
  <Name className="java.lang.String">string</Name>
  <Value className="java.lang.String">sixteenth</Value>
</Feature>
</Annotation>
<Annotation Id="638" Type="Token" StartNode="1685" EndNode="1691">
<Feature>
  <Name className="java.lang.String">string</Name>
  <Value className="java.lang.String">Luther</Value>
</Feature>
</Annotation>
<Annotation Id="579" Type="Token" StartNode="1521" EndNode="1528">
<Feature>
  <Name className="java.lang.String">string</Name>
  <Value className="java.lang.String">problem</Value>
</Feature>
</Annotation>
<Annotation Id="585" Type="Token" StartNode="1539" EndNode="1547">
<Feature>
  <Name className="java.lang.String">string</Name>
  <Value className="java.lang.String">argument</Value>
</Feature>
</Annotation>
<Annotation Id="593" Type="Token" StartNode="1560" EndNode="1570">
<Feature>
  <Name className="java.lang.String">string</Name>
  <Value className="java.lang.String">assumption</Value>
</Feature>
</Annotation>
<Annotation Id="600" Type="Token" StartNode="1581" EndNode="1587">
<Feature>
  <Name className="java.lang.String">string</Name>
  <Value className="java.lang.String">Hebrew</Value>
</Feature>
</Annotation>
<Annotation Id="604" Type="Token" StartNode="1594" EndNode="1602">
<Feature>
  <Name className="java.lang.String">string</Name>
  <Value className="java.lang.String">included</Value>
</Feature>
</Annotation>
<Annotation Id="687" Type="Token" StartNode="1822" EndNode="1832">
<Feature>
  <Name className="java.lang.String">string</Name>
  <Value className="java.lang.String">historical</Value>
</Feature>
</Annotation>
<Annotation Id="681" Type="Token" StartNode="1801" EndNode="1812">
<Feature>
  <Name className="java.lang.String">string</Name>
  <Value className="java.lang.String">protestants</Value>
</Feature>
</Annotation>
<Annotation Id="679" Type="Token" StartNode="1789" EndNode="1800">
<Feature>
  <Name className="java.lang.String">string</Name>
  <Value className="java.lang.String">reformation</Value>
</Feature>
</Annotation>
<Annotation Id="703" Type="Token" StartNode="1876" EndNode="1886">
<Feature>
  <Name className="java.lang.String">string</Name>
  <Value className="java.lang.String">translated</Value>
</Feature>
</Annotation>
<Annotation Id="699" Type="Token" StartNode="1864" EndNode="1870">
<Feature>
  <Name className="java.lang.String">string</Name>
  <Value className="java.lang.String">Jerome</Value>
</Feature>
</Annotation>
<Annotation Id="696" Type="Token" StartNode="1855" EndNode="1862">
<Feature>
  <Name className="java.lang.String">string</Name>
  <Value className="java.lang.String">actions</Value>
</Feature>
</Annotation>
<Annotation Id="690" Type="Token" StartNode="1834" EndNode="1844">
<Feature>
  <Name className="java.lang.String">string</Name>
  <Value className="java.lang.String">precedence</Value>
</Feature>
</Annotation>
<Annotation Id="655" Type="Token" StartNode="1721" EndNode="1727">
<Feature>
  <Name className="java.lang.String">string</Name>
  <Value className="java.lang.String">Jewish</Value>
</Feature>
</Annotation>
<Annotation Id="670" Type="Token" StartNode="1769" EndNode="1775">
<Feature>
  <Name className="java.lang.String">string</Name>
  <Value className="java.lang.String">accept</Value>
</Feature>
</Annotation>
<Annotation Id="661" Type="Token" StartNode="1740" EndNode="1749">
<Feature>
  <Name className="java.lang.String">string</Name>
  <Value className="java.lang.String">mentioned</Value>
</Feature>
</Annotation>
<Annotation Id="663" Type="Token" StartNode="1750" EndNode="1760">
<Feature>
  <Name className="java.lang.String">string</Name>
  <Value className="java.lang.String">previously</Value>
</Feature>
</Annotation>
<Annotation Id="657" Type="Token" StartNode="1728" EndNode="1735">
<Feature>
  <Name className="java.lang.String">string</Name>
  <Value className="java.lang.String">council</Value>
</Feature>
</Annotation>
<Annotation Id="746" Type="Token" StartNode="1988" EndNode="1996">
<Feature>
  <Name className="java.lang.String">string</Name>
  <Value className="java.lang.String">catholic</Value>
</Feature>
</Annotation>
<Annotation Id="740" Type="Token" StartNode="1972" EndNode="1980">
<Feature>
  <Name className="java.lang.String">string</Name>
  <Value className="java.lang.String">included</Value>
</Feature>
</Annotation>
<Annotation Id="758" Type="Token" StartNode="2015" EndNode="2022">
<Feature>
  <Name className="java.lang.String">string</Name>
  <Value className="java.lang.String">written</Value>
</Feature>
</Annotation>
<Annotation Id="712" Type="Token" StartNode="1908" EndNode="1915">
<Feature>
  <Name className="java.lang.String">string</Name>
  <Value className="java.lang.String">protest</Value>
</Feature>
</Annotation>
<Annotation Id="708" Type="Token" StartNode="1892" EndNode="1901">
<Feature>
  <Name className="java.lang.String">string</Name>
  <Value className="java.lang.String">apocrapha</Value>
</Feature>
</Annotation>
<Annotation Id="721" Type="Token" StartNode="1928" EndNode="1937">
<Feature>
  <Name className="java.lang.String">string</Name>
  <Value className="java.lang.String">literally</Value>
</Feature>
</Annotation>
<Annotation Id="820" Type="Token" StartNode="2171" EndNode="2177">
<Feature>
  <Name className="java.lang.String">string</Name>
  <Value className="java.lang.String">Church</Value>
</Feature>
</Annotation>
<Annotation Id="818" Type="Token" StartNode="2161" EndNode="2170">
<Feature>
  <Name className="java.lang.String">string</Name>
  <Value className="java.lang.String">apostolic</Value>
</Feature>
</Annotation>
<Annotation Id="829" Type="Token" StartNode="2197" EndNode="2204">
<Feature>
  <Name className="java.lang.String">string</Name>
  <Value className="java.lang.String">opinons</Value>
</Feature>
</Annotation>
<Annotation Id="824" Type="Token" StartNode="2180" EndNode="2191">
<Feature>
  <Name className="java.lang.String">string</Name>
  <Value className="java.lang.String">Furthermore</Value>
</Feature>
</Annotation>
<Annotation Id="801" Type="Token" StartNode="2118" EndNode="2128">
<Feature>
  <Name className="java.lang.String">string</Name>
  <Value className="java.lang.String">foundation</Value>
</Feature>
</Annotation>
<Annotation Id="813" Type="Token" StartNode="2147" EndNode="2155">
<Feature>
  <Name className="java.lang.String">string</Name>
  <Value className="java.lang.String">catholic</Value>
</Feature>
</Annotation>
<Annotation Id="769" Type="Token" StartNode="2043" EndNode="2049">
<Feature>
  <Name className="java.lang.String">string</Name>
  <Value className="java.lang.String">Hebrew</Value>
</Feature>
</Annotation>
<Annotation Id="782" Type="Token" StartNode="2077" EndNode="2086">
<Feature>
  <Name className="java.lang.String">string</Name>
  <Value className="java.lang.String">Palestine</Value>
</Feature>
</Annotation>
<Annotation Id="779" Type="Token" StartNode="2069" EndNode="2075">
<Feature>
  <Name className="java.lang.String">string</Name>
  <Value className="java.lang.String">Jamnia</Value>
</Feature>
</Annotation>
<Annotation Id="885" Type="Token" StartNode="2327" EndNode="2337">
<Feature>
  <Name className="java.lang.String">string</Name>
  <Value className="java.lang.String">insturment</Value>
</Feature>
</Annotation>
<Annotation Id="891" Type="Token" StartNode="2345" EndNode="2356">
<Feature>
  <Name className="java.lang.String">string</Name>
  <Value className="java.lang.String">Magisterium</Value>
</Feature>
</Annotation>
<Annotation Id="865" Type="Token" StartNode="2276" EndNode="2286">
<Feature>
  <Name className="java.lang.String">string</Name>
  <Value className="java.lang.String">ecumenical</Value>
</Feature>
</Annotation>
<Annotation Id="867" Type="Token" StartNode="2287" EndNode="2294">
<Feature>
  <Name className="java.lang.String">string</Name>
  <Value className="java.lang.String">council</Value>
</Feature>
</Annotation>
<Annotation Id="874" Type="Token" StartNode="2301" EndNode="2308">
<Feature>
  <Name className="java.lang.String">string</Name>
  <Value className="java.lang.String">council</Value>
</Feature>
</Annotation>
<Annotation Id="878" Type="Token" StartNode="2312" EndNode="2319">
<Feature>
  <Name className="java.lang.String">string</Name>
  <Value className="java.lang.String">general</Value>
</Feature>
</Annotation>
<Annotation Id="851" Type="Token" StartNode="2249" EndNode="2255">
<Feature>
  <Name className="java.lang.String">string</Name>
  <Value className="java.lang.String">Church</Value>
</Feature>
</Annotation>
<Annotation Id="833" Type="Token" StartNode="2208" EndNode="2214">
<Feature>
  <Name className="java.lang.String">string</Name>
  <Value className="java.lang.String">Jerome</Value>
</Feature>
</Annotation>
<Annotation Id="847" Type="Token" StartNode="2237" EndNode="2244">
<Feature>
  <Name className="java.lang.String">string</Name>
  <Value className="java.lang.String">neither</Value>
</Feature>
</Annotation>
<Annotation Id="958" Type="Token" StartNode="2524" EndNode="2531">
<Feature>
  <Name className="java.lang.String">string</Name>
  <Value className="java.lang.String">Council</Value>
</Feature>
</Annotation>
<Annotation Id="951" Type="Token" StartNode="2508" EndNode="2514">
<Feature>
  <Name className="java.lang.String">string</Name>
  <Value className="java.lang.String">Damsus</Value>
</Feature>
</Annotation>
<Annotation Id="939" Type="Token" StartNode="2476" EndNode="2488">
<Feature>
  <Name className="java.lang.String">string</Name>
  <Value className="java.lang.String">deuterocanon</Value>
</Feature>
</Annotation>
<Annotation Id="935" Type="Token" StartNode="2462" EndNode="2471">
<Feature>
  <Name className="java.lang.String">string</Name>
  <Value className="java.lang.String">exlcuding</Value>
</Feature>
</Annotation>
<Annotation Id="927" Type="Token" StartNode="2445" EndNode="2452">
<Feature>
  <Name className="java.lang.String">string</Name>
  <Value className="java.lang.String">opinion</Value>
</Feature>
</Annotation>
<Annotation Id="919" Type="Token" StartNode="2426" EndNode="2433">
<Feature>
  <Name className="java.lang.String">string</Name>
  <Value className="java.lang.String">subject</Value>
</Feature>
</Annotation>
<Annotation Id="914" Type="Token" StartNode="2410" EndNode="2420">
<Feature>
  <Name className="java.lang.String">string</Name>
  <Value className="java.lang.String">admittedly</Value>
</Feature>
</Annotation>
<Annotation Id="912" Type="Token" StartNode="2402" EndNode="2409">
<Feature>
  <Name className="java.lang.String">string</Name>
  <Value className="java.lang.String">learned</Value>
</Feature>
</Annotation>
<Annotation Id="909" Type="Token" StartNode="2390" EndNode="2400">
<Feature>
  <Name className="java.lang.String">string</Name>
  <Value className="java.lang.String">individual</Value>
</Feature>
</Annotation>
<Annotation Id="907" Type="Token" StartNode="2382" EndNode="2389">
<Feature>
  <Name className="java.lang.String">string</Name>
  <Value className="java.lang.String">private</Value>
</Feature>
</Annotation>
<Annotation Id="897" Type="Token" StartNode="2364" EndNode="2370">
<Feature>
  <Name className="java.lang.String">string</Name>
  <Value className="java.lang.String">Church</Value>
</Feature>
</Annotation>
<Annotation Id="1022" Type="Token" StartNode="2674" EndNode="2682">
<Feature>
  <Name className="java.lang.String">string</Name>
  <Value className="java.lang.String">everyone</Value>
</Feature>
</Annotation>
<Annotation Id="995" Type="Token" StartNode="2617" EndNode="2625">
<Feature>
  <Name className="java.lang.String">string</Name>
  <Value className="java.lang.String">previous</Value>
</Feature>
</Annotation>
<Annotation Id="987" Type="Token" StartNode="2599" EndNode="2606">
<Feature>
  <Name className="java.lang.String">string</Name>
  <Value className="java.lang.String">pointed</Value>
</Feature>
</Annotation>
<Annotation Id="978" Type="Token" StartNode="2579" EndNode="2586">
<Feature>
  <Name className="java.lang.String">string</Name>
  <Value className="java.lang.String">clearly</Value>
</Feature>
</Annotation>
<Annotation Id="969" Type="Token" StartNode="2553" EndNode="2562">
<Feature>
  <Name className="java.lang.String">string</Name>
  <Value className="java.lang.String">tradition</Value>
</Feature>
</Annotation>
<Annotation Id="975" Type="Token" StartNode="2570" EndNode="2577">
<Feature>
  <Name className="java.lang.String">string</Name>
  <Value className="java.lang.String">Fathers</Value>
</Feature>
</Annotation>
<Annotation Id="962" Type="Token" StartNode="2535" EndNode="2543">
<Feature>
  <Name className="java.lang.String">string</Name>
  <Value className="java.lang.String">Carthage</Value>
</Feature>
</Annotation>
<Annotation Id="1103" Type="Token" StartNode="2870" EndNode="2878">
<Feature>
  <Name className="java.lang.String">string</Name>
  <Value className="java.lang.String">prophecy</Value>
</Feature>
</Annotation>
<Annotation Id="1089" Type="Token" StartNode="2833" EndNode="2839">
<Feature>
  <Name className="java.lang.String">string</Name>
  <Value className="java.lang.String">anyone</Value>
</Feature>
</Annotation>
<Annotation Id="1038" Type="Token" StartNode="2712" EndNode="2720">
<Feature>
  <Name className="java.lang.String">string</Name>
  <Value className="java.lang.String">prophecy</Value>
</Feature>
</Annotation>
<Annotation Id="1049" Type="Token" StartNode="2738" EndNode="2744">
<Feature>
  <Name className="java.lang.String">string</Name>
  <Value className="java.lang.String">anyone</Value>
</Feature>
</Annotation>
<Annotation Id="1053" Type="Token" StartNode="2750" EndNode="2758">
<Feature>
  <Name className="java.lang.String">string</Name>
  <Value className="java.lang.String">anything</Value>
</Feature>
</Annotation>
<Annotation Id="1075" Type="Token" StartNode="2801" EndNode="2810">
<Feature>
  <Name className="java.lang.String">string</Name>
  <Value className="java.lang.String">described</Value>
</Feature>
</Annotation>
<Annotation Id="1073" Type="Token" StartNode="2793" EndNode="2800">
<Feature>
  <Name className="java.lang.String">string</Name>
  <Value className="java.lang.String">plagues</Value>
</Feature>
</Annotation>
<Annotation Id="1230" Type="Token" StartNode="3145" EndNode="3151">
<Feature>
  <Name className="java.lang.String">string</Name>
  <Value className="java.lang.String">heaven</Value>
</Feature>
</Annotation>
<Annotation Id="1245" Type="Token" StartNode="3180" EndNode="3188">
<Feature>
  <Name className="java.lang.String">string</Name>
  <Value className="java.lang.String">consider</Value>
</Feature>
</Annotation>
<Annotation Id="1241" Type="Token" StartNode="3166" EndNode="3176">
<Feature>
  <Name className="java.lang.String">string</Name>
  <Value className="java.lang.String">noteworthy</Value>
</Feature>
</Annotation>
<Annotation Id="1250" Type="Token" StartNode="3196" EndNode="3204">
<Feature>
  <Name className="java.lang.String">string</Name>
  <Value className="java.lang.String">attitude</Value>
</Feature>
</Annotation>
<Annotation Id="1260" Type="Token" StartNode="3217" EndNode="3225">
<Feature>
  <Name className="java.lang.String">string</Name>
  <Value className="java.lang.String">argument</Value>
</Feature>
</Annotation>
<Annotation Id="1266" Type="Token" StartNode="3235" EndNode="3244">
<Feature>
  <Name className="java.lang.String">string</Name>
  <Value className="java.lang.String">pharisees</Value>
</Feature>
</Annotation>
<Annotation Id="1158" Type="Token" StartNode="2979" EndNode="2986">
<Feature>
  <Name className="java.lang.String">string</Name>
  <Value className="java.lang.String">suggest</Value>
</Feature>
</Annotation>
<Annotation Id="1178" Type="Token" StartNode="3025" EndNode="3034">
<Feature>
  <Name className="java.lang.String">string</Name>
  <Value className="java.lang.String">statement</Value>
</Feature>
</Annotation>
<Annotation Id="1203" Type="Token" StartNode="3080" EndNode="3086">
<Feature>
  <Name className="java.lang.String">string</Name>
  <Value className="java.lang.String">taking</Value>
</Feature>
</Annotation>
<Annotation Id="1210" Type="Token" StartNode="3096" EndNode="3102">
<Feature>
  <Name className="java.lang.String">string</Name>
  <Value className="java.lang.String">taking</Value>
</Feature>
</Annotation>
<Annotation Id="1375" Type="Token" StartNode="3474" EndNode="3480">
<Feature>
  <Name className="java.lang.String">string</Name>
  <Value className="java.lang.String">taking</Value>
</Feature>
</Annotation>
<Annotation Id="1349" Type="Token" StartNode="3424" EndNode="3433">
<Feature>
  <Name className="java.lang.String">string</Name>
  <Value className="java.lang.String">Scripture</Value>
</Feature>
</Annotation>
<Annotation Id="1345" Type="Token" StartNode="3412" EndNode="3420">
<Feature>
  <Name className="java.lang.String">string</Name>
  <Value className="java.lang.String">division</Value>
</Feature>
</Annotation>
<Annotation Id="1403" Type="Token" StartNode="3548" EndNode="3555">
<Feature>
  <Name className="java.lang.String">string</Name>
  <Value className="java.lang.String">Malachi</Value>
</Feature>
</Annotation>
<Annotation Id="1399" Type="Token" StartNode="3537" EndNode="3544">
<Feature>
  <Name className="java.lang.String">string</Name>
  <Value className="java.lang.String">Genesis</Value>
</Feature>
</Annotation>
<Annotation Id="1386" Type="Token" StartNode="3508" EndNode="3514">
<Feature>
  <Name className="java.lang.String">string</Name>
  <Value className="java.lang.String">jewish</Value>
</Feature>
</Annotation>
<Annotation Id="1381" Type="Token" StartNode="3492" EndNode="3502">
<Feature>
  <Name className="java.lang.String">string</Name>
  <Value className="java.lang.String">Chronicles</Value>
</Feature>
</Annotation>
<Annotation Id="1377" Type="Token" StartNode="3481" EndNode="3488">
<Feature>
  <Name className="java.lang.String">string</Name>
  <Value className="java.lang.String">Genesis</Value>
</Feature>
</Annotation>
<Annotation Id="1310" Type="Token" StartNode="3333" EndNode="3339">
<Feature>
  <Name className="java.lang.String">string</Name>
  <Value className="java.lang.String">Emmaus</Value>
</Feature>
</Annotation>
<Annotation Id="1300" Type="Token" StartNode="3308" EndNode="3317">
<Feature>
  <Name className="java.lang.String">string</Name>
  <Value className="java.lang.String">followers</Value>
</Feature>
</Annotation>
<Annotation Id="1294" Type="Token" StartNode="3291" EndNode="3300">
<Feature>
  <Name className="java.lang.String">string</Name>
  <Value className="java.lang.String">explained</Value>
</Feature>
</Annotation>
<Annotation Id="1331" Type="Token" StartNode="3385" EndNode="3393">
<Feature>
  <Name className="java.lang.String">string</Name>
  <Value className="java.lang.String">referred</Value>
</Feature>
</Annotation>
<Annotation Id="1323" Type="Token" StartNode="3359" EndNode="3367">
<Feature>
  <Name className="java.lang.String">string</Name>
  <Value className="java.lang.String">prophets</Value>
</Feature>
</Annotation>
<Annotation Id="1327" Type="Token" StartNode="3372" EndNode="3378">
<Feature>
  <Name className="java.lang.String">string</Name>
  <Value className="java.lang.String">psalms</Value>
</Feature>
</Annotation>
<Annotation Id="1495" Type="Token" StartNode="3815" EndNode="3821">
<Feature>
  <Name className="java.lang.String">string</Name>
  <Value className="java.lang.String">Esther</Value>
</Feature>
</Annotation>
<Annotation Id="1492" Type="Token" StartNode="3805" EndNode="3813">
<Feature>
  <Name className="java.lang.String">string</Name>
  <Value className="java.lang.String">Nehemiah</Value>
</Feature>
</Annotation>
<Annotation Id="1498" Type="Token" StartNode="3823" EndNode="3835">
<Feature>
  <Name className="java.lang.String">string</Name>
  <Value className="java.lang.String">Ecclesiatses</Value>
</Feature>
</Annotation>
<Annotation Id="1473" Type="Token" StartNode="3746" EndNode="3753">
<Feature>
  <Name className="java.lang.String">string</Name>
  <Value className="java.lang.String">remeber</Value>
</Feature>
</Annotation>
<Annotation Id="1484" Type="Token" StartNode="3781" EndNode="3791">
<Feature>
  <Name className="java.lang.String">string</Name>
  <Value className="java.lang.String">undisputed</Value>
</Feature>
</Annotation>
<Annotation Id="1482" Type="Token" StartNode="3770" EndNode="3780">
<Feature>
  <Name className="java.lang.String">string</Name>
  <Value className="java.lang.String">completely</Value>
</Feature>
</Annotation>
<Annotation Id="1520" Type="Token" StartNode="3875" EndNode="3881">
<Feature>
  <Name className="java.lang.String">string</Name>
  <Value className="java.lang.String">quoted</Value>
</Feature>
</Annotation>
<Annotation Id="1528" Type="Token" StartNode="3893" EndNode="3902">
<Feature>
  <Name className="java.lang.String">string</Name>
  <Value className="java.lang.String">Testament</Value>
</Feature>
</Annotation>
<Annotation Id="1424" Type="Token" StartNode="3598" EndNode="3609">
<Feature>
  <Name className="java.lang.String">string</Name>
  <Value className="java.lang.String">unimportant</Value>
</Feature>
</Annotation>
<Annotation Id="1433" Type="Token" StartNode="3621" EndNode="3628">
<Feature>
  <Name className="java.lang.String">string</Name>
  <Value className="java.lang.String">content</Value>
</Feature>
</Annotation>
<Annotation Id="1437" Type="Token" StartNode="3634" EndNode="3641">
<Feature>
  <Name className="java.lang.String">string</Name>
  <Value className="java.lang.String">matters</Value>
</Feature>
</Annotation>
<Annotation Id="1408" Type="Token" StartNode="3560" EndNode="3569">
<Feature>
  <Name className="java.lang.String">string</Name>
  <Value className="java.lang.String">Scripture</Value>
</Feature>
</Annotation>
<Annotation Id="1461" Type="Token" StartNode="3706" EndNode="3718">
<Feature>
  <Name className="java.lang.String">string</Name>
  <Value className="java.lang.String">interspersed</Value>
</Feature>
</Annotation>
<Annotation Id="1463" Type="Token" StartNode="3719" EndNode="3729">
<Feature>
  <Name className="java.lang.String">string</Name>
  <Value className="java.lang.String">throughout</Value>
</Feature>
</Annotation>
<Annotation Id="1448" Type="Token" StartNode="3659" EndNode="3668">
<Feature>
  <Name className="java.lang.String">string</Name>
  <Value className="java.lang.String">statments</Value>
</Feature>
</Annotation>
<Annotation Id="1450" Type="Token" StartNode="3669" EndNode="3676">
<Feature>
  <Name className="java.lang.String">string</Name>
  <Value className="java.lang.String">exlcude</Value>
</Feature>
</Annotation>
<Annotation Id="1454" Type="Token" StartNode="3681" EndNode="3693">
<Feature>
  <Name className="java.lang.String">string</Name>
  <Value className="java.lang.String">deuterocanon</Value>
</Feature>
</Annotation>
<Annotation Id="1549" Type="Token" StartNode="3953" EndNode="3961">
<Feature>
  <Name className="java.lang.String">string</Name>
  <Value className="java.lang.String">inspired</Value>
</Feature>
</Annotation>
<Annotation Id="1541" Type="Token" StartNode="3926" EndNode="3937">
<Feature>
  <Name className="java.lang.String">string</Name>
  <Value className="java.lang.String">prejudicial</Value>
</Feature>
</Annotation>
</AnnotationSet>
<AnnotationSet Name="Original markups"> </AnnotationSet>
</GateDocument>