<?xml version='1.0' encoding='UTF-8'?>
<GateDocument version="3">
<!-- The document's features-->

<GateDocumentFeatures>
<Feature>
  <Name className="java.lang.String">Original_document_content_on_load</Name>
  <Value className="java.lang.String"><![CDATA[From: pat@rwing.UUCP (Pat Myrto)
Message-ID: <2093@rwing.UUCP>
Date: 22 Apr 93 16:14:27 GMT
References: <1r19tp$5em@bigboote.WPI.EDU> <1r1j3n$4t@transfer.stratus.com> <C5sv88.HJy@news.cso.uiuc.edu>
Organization: Totally Unorganized
Lines: 32

In article <C5sv88.HJy@news.cso.uiuc.edu> irvine@uxh.cso.uiuc.edu (Brent Irvine) writes:
>In article <1r1j3n$4t@transfer.stratus.com> cdt@sw.stratus.com (C. D. Tavares) writes:
>>In article <1r19tp$5em@bigboote.WPI.EDU>, mfrhein@wpi.WPI.EDU (Michael Frederick Rhein) writes:
>>
>>> >napalm, then let the wood stove inside ignite it.
>>>                       ^^^^^^^^^^^^^^^^^^^^^^^^^^^^
>>> As someone else has pointed out, why would the stove be in use on a warm day  
>>> in Texas. 
>>
>>Do YOU eat all your food cold?
>
>Ever hear of electric ovens or microwaves?  Very popular.
>Electric stoves outside metro-areas especially.


Not when the power has been cut off for weeks on end.  Any generators are
no doubt out of fuel, too.  So all they would have is wood stoves and
kerosene lanters (maybe).  It is alleged that the tanks pushing in the
walls knocked over the lanters, starting the fire.  Remember, the FBI
had bugs which they even used (illegally) to eavesdrop on private
conversations with the lawyers.  If a suicide order were given they
WOULD HAVE KNOWN IT IN TIME.  If the Feds had been concerned they would
have had emergency equipment ready.  Not an hour or so later, not
leaving the water THEY TURNED OFF, off.  They could have turned it back
on.  They just didn't wanna.  Scores to settle...


-- 
pat@rwing.uucp      [Without prejudice UCC 1-207]     (Pat Myrto) Seattle, WA
         If all else fails, try:       ...!uunet!pilchuck!rwing!pat
WISDOM: "Only two things are infinite; the universe and human stupidity,
         and I am not sure about the former."              - Albert Einstien
]]></Value>
</Feature>
<Feature>
  <Name className="java.lang.String">gate.SourceURL</Name>
  <Value className="java.lang.String">file:/C:/Users/jian/Documents/NetBeansProjects/NoiseReductionTechniques/mideastPoliticsMix/negative230</Value>
</Feature>
</GateDocumentFeatures>
<!-- The document content area with serialized nodes -->

<TextWithNodes><Node id="0"/>From<Node id="4"/>:<Node id="5"/> <Node id="6"/>pat<Node id="9"/>@<Node id="10"/>rwing<Node id="15"/>.<Node id="16"/>UUCP<Node id="20"/> <Node id="21"/>(<Node id="22"/>Pat<Node id="25"/> <Node id="26"/>Myrto<Node id="31"/>)<Node id="32"/>
<Node id="33"/>Message-<Node id="41"/>ID<Node id="43"/>:<Node id="44"/> <Node id="45"/>&lt;<Node id="46"/>2093<Node id="50"/>@<Node id="51"/>rwing<Node id="56"/>.<Node id="57"/>UUCP<Node id="61"/>&gt;<Node id="62"/>
<Node id="63"/>Date<Node id="67"/>:<Node id="68"/> <Node id="69"/>22<Node id="71"/> <Node id="72"/>Apr<Node id="75"/> <Node id="76"/>93<Node id="78"/> <Node id="79"/>16<Node id="81"/>:<Node id="82"/>14<Node id="84"/>:<Node id="85"/>27<Node id="87"/> <Node id="88"/>GMT<Node id="91"/>
<Node id="92"/>References<Node id="102"/>:<Node id="103"/> <Node id="104"/>&lt;<Node id="105"/>1<Node id="106"/>r<Node id="107"/>19<Node id="109"/>tp<Node id="111"/>$<Node id="112"/>5<Node id="113"/>em<Node id="115"/>@<Node id="116"/>bigboote<Node id="124"/>.<Node id="125"/>WPI<Node id="128"/>.<Node id="129"/>EDU<Node id="132"/>&gt;<Node id="133"/> <Node id="134"/>&lt;<Node id="135"/>1<Node id="136"/>r<Node id="137"/>1<Node id="138"/>j<Node id="139"/>3<Node id="140"/>n<Node id="141"/>$<Node id="142"/>4<Node id="143"/>t<Node id="144"/>@<Node id="145"/>transfer<Node id="153"/>.<Node id="154"/>stratus<Node id="161"/>.<Node id="162"/>com<Node id="165"/>&gt;<Node id="166"/> <Node id="167"/>&lt;<Node id="168"/>C<Node id="169"/>5<Node id="170"/>sv<Node id="172"/>88<Node id="174"/>.<Node id="175"/>HJy<Node id="178"/>@<Node id="179"/>news<Node id="183"/>.<Node id="184"/>cso<Node id="187"/>.<Node id="188"/>uiuc<Node id="192"/>.<Node id="193"/>edu<Node id="196"/>&gt;<Node id="197"/>
<Node id="198"/>Organization<Node id="210"/>:<Node id="211"/> <Node id="212"/>Totally<Node id="219"/> <Node id="220"/>Unorganized<Node id="231"/>
<Node id="232"/>Lines<Node id="237"/>:<Node id="238"/> <Node id="239"/>32<Node id="241"/>
<Node id="242"/>
<Node id="243"/>In<Node id="245"/> <Node id="246"/>article<Node id="253"/> <Node id="254"/>&lt;<Node id="255"/>C<Node id="256"/>5<Node id="257"/>sv<Node id="259"/>88<Node id="261"/>.<Node id="262"/>HJy<Node id="265"/>@<Node id="266"/>news<Node id="270"/>.<Node id="271"/>cso<Node id="274"/>.<Node id="275"/>uiuc<Node id="279"/>.<Node id="280"/>edu<Node id="283"/>&gt;<Node id="284"/> <Node id="285"/>irvine<Node id="291"/>@<Node id="292"/>uxh<Node id="295"/>.<Node id="296"/>cso<Node id="299"/>.<Node id="300"/>uiuc<Node id="304"/>.<Node id="305"/>edu<Node id="308"/> <Node id="309"/>(<Node id="310"/>Brent<Node id="315"/> <Node id="316"/>Irvine<Node id="322"/>)<Node id="323"/> <Node id="324"/>writes<Node id="330"/>:<Node id="331"/>
<Node id="332"/>&gt;<Node id="333"/>In<Node id="335"/> <Node id="336"/>article<Node id="343"/> <Node id="344"/>&lt;<Node id="345"/>1<Node id="346"/>r<Node id="347"/>1<Node id="348"/>j<Node id="349"/>3<Node id="350"/>n<Node id="351"/>$<Node id="352"/>4<Node id="353"/>t<Node id="354"/>@<Node id="355"/>transfer<Node id="363"/>.<Node id="364"/>stratus<Node id="371"/>.<Node id="372"/>com<Node id="375"/>&gt;<Node id="376"/> <Node id="377"/>cdt<Node id="380"/>@<Node id="381"/>sw<Node id="383"/>.<Node id="384"/>stratus<Node id="391"/>.<Node id="392"/>com<Node id="395"/> <Node id="396"/>(<Node id="397"/>C<Node id="398"/>.<Node id="399"/> <Node id="400"/>D<Node id="401"/>.<Node id="402"/> <Node id="403"/>Tavares<Node id="410"/>)<Node id="411"/> <Node id="412"/>writes<Node id="418"/>:<Node id="419"/>
<Node id="420"/>&gt;<Node id="421"/>&gt;<Node id="422"/>In<Node id="424"/> <Node id="425"/>article<Node id="432"/> <Node id="433"/>&lt;<Node id="434"/>1<Node id="435"/>r<Node id="436"/>19<Node id="438"/>tp<Node id="440"/>$<Node id="441"/>5<Node id="442"/>em<Node id="444"/>@<Node id="445"/>bigboote<Node id="453"/>.<Node id="454"/>WPI<Node id="457"/>.<Node id="458"/>EDU<Node id="461"/>&gt;<Node id="462"/>,<Node id="463"/> <Node id="464"/>mfrhein<Node id="471"/>@<Node id="472"/>wpi<Node id="475"/>.<Node id="476"/>WPI<Node id="479"/>.<Node id="480"/>EDU<Node id="483"/> <Node id="484"/>(<Node id="485"/>Michael<Node id="492"/> <Node id="493"/>Frederick<Node id="502"/> <Node id="503"/>Rhein<Node id="508"/>)<Node id="509"/> <Node id="510"/>writes<Node id="516"/>:<Node id="517"/>
<Node id="518"/>&gt;<Node id="519"/>&gt;<Node id="520"/>
<Node id="521"/>&gt;<Node id="522"/>&gt;<Node id="523"/>&gt;<Node id="524"/> <Node id="525"/>&gt;<Node id="526"/>napalm<Node id="532"/>,<Node id="533"/> <Node id="534"/>then<Node id="538"/> <Node id="539"/>let<Node id="542"/> <Node id="543"/>the<Node id="546"/> <Node id="547"/>wood<Node id="551"/> <Node id="552"/>stove<Node id="557"/> <Node id="558"/>inside<Node id="564"/> <Node id="565"/>ignite<Node id="571"/> <Node id="572"/>it<Node id="574"/>.<Node id="575"/>
<Node id="576"/>&gt;<Node id="577"/>&gt;<Node id="578"/>&gt;<Node id="579"/> <Node id="580"/> <Node id="581"/> <Node id="582"/> <Node id="583"/> <Node id="584"/> <Node id="585"/> <Node id="586"/> <Node id="587"/> <Node id="588"/> <Node id="589"/> <Node id="590"/> <Node id="591"/> <Node id="592"/> <Node id="593"/> <Node id="594"/> <Node id="595"/> <Node id="596"/> <Node id="597"/> <Node id="598"/> <Node id="599"/> <Node id="600"/> <Node id="601"/> <Node id="602"/>^<Node id="603"/>^<Node id="604"/>^<Node id="605"/>^<Node id="606"/>^<Node id="607"/>^<Node id="608"/>^<Node id="609"/>^<Node id="610"/>^<Node id="611"/>^<Node id="612"/>^<Node id="613"/>^<Node id="614"/>^<Node id="615"/>^<Node id="616"/>^<Node id="617"/>^<Node id="618"/>^<Node id="619"/>^<Node id="620"/>^<Node id="621"/>^<Node id="622"/>^<Node id="623"/>^<Node id="624"/>^<Node id="625"/>^<Node id="626"/>^<Node id="627"/>^<Node id="628"/>^<Node id="629"/>^<Node id="630"/>
<Node id="631"/>&gt;<Node id="632"/>&gt;<Node id="633"/>&gt;<Node id="634"/> <Node id="635"/>As<Node id="637"/> <Node id="638"/>someone<Node id="645"/> <Node id="646"/>else<Node id="650"/> <Node id="651"/>has<Node id="654"/> <Node id="655"/>pointed<Node id="662"/> <Node id="663"/>out<Node id="666"/>,<Node id="667"/> <Node id="668"/>why<Node id="671"/> <Node id="672"/>would<Node id="677"/> <Node id="678"/>the<Node id="681"/> <Node id="682"/>stove<Node id="687"/> <Node id="688"/>be<Node id="690"/> <Node id="691"/>in<Node id="693"/> <Node id="694"/>use<Node id="697"/> <Node id="698"/>on<Node id="700"/> <Node id="701"/>a<Node id="702"/> <Node id="703"/>warm<Node id="707"/> <Node id="708"/>day<Node id="711"/> <Node id="712"/> <Node id="713"/>
<Node id="714"/>&gt;<Node id="715"/>&gt;<Node id="716"/>&gt;<Node id="717"/> <Node id="718"/>in<Node id="720"/> <Node id="721"/>Texas<Node id="726"/>.<Node id="727"/> <Node id="728"/>
<Node id="729"/>&gt;<Node id="730"/>&gt;<Node id="731"/>
<Node id="732"/>&gt;<Node id="733"/>&gt;<Node id="734"/>Do<Node id="736"/> <Node id="737"/>YOU<Node id="740"/> <Node id="741"/>eat<Node id="744"/> <Node id="745"/>all<Node id="748"/> <Node id="749"/>your<Node id="753"/> <Node id="754"/>food<Node id="758"/> <Node id="759"/>cold<Node id="763"/>?<Node id="764"/>
<Node id="765"/>&gt;<Node id="766"/>
<Node id="767"/>&gt;<Node id="768"/>Ever<Node id="772"/> <Node id="773"/>hear<Node id="777"/> <Node id="778"/>of<Node id="780"/> <Node id="781"/>electric<Node id="789"/> <Node id="790"/>ovens<Node id="795"/> <Node id="796"/>or<Node id="798"/> <Node id="799"/>microwaves<Node id="809"/>?<Node id="810"/> <Node id="811"/> <Node id="812"/>Very<Node id="816"/> <Node id="817"/>popular<Node id="824"/>.<Node id="825"/>
<Node id="826"/>&gt;<Node id="827"/>Electric<Node id="835"/> <Node id="836"/>stoves<Node id="842"/> <Node id="843"/>outside<Node id="850"/> <Node id="851"/>metro-areas<Node id="862"/> <Node id="863"/>especially<Node id="873"/>.<Node id="874"/>
<Node id="875"/>
<Node id="876"/>
<Node id="877"/>Not<Node id="880"/> <Node id="881"/>when<Node id="885"/> <Node id="886"/>the<Node id="889"/> <Node id="890"/>power<Node id="895"/> <Node id="896"/>has<Node id="899"/> <Node id="900"/>been<Node id="904"/> <Node id="905"/>cut<Node id="908"/> <Node id="909"/>off<Node id="912"/> <Node id="913"/>for<Node id="916"/> <Node id="917"/>weeks<Node id="922"/> <Node id="923"/>on<Node id="925"/> <Node id="926"/>end<Node id="929"/>.<Node id="930"/> <Node id="931"/> <Node id="932"/>Any<Node id="935"/> <Node id="936"/>generators<Node id="946"/> <Node id="947"/>are<Node id="950"/>
<Node id="951"/>no<Node id="953"/> <Node id="954"/>doubt<Node id="959"/> <Node id="960"/>out<Node id="963"/> <Node id="964"/>of<Node id="966"/> <Node id="967"/>fuel<Node id="971"/>,<Node id="972"/> <Node id="973"/>too<Node id="976"/>.<Node id="977"/> <Node id="978"/> <Node id="979"/>So<Node id="981"/> <Node id="982"/>all<Node id="985"/> <Node id="986"/>they<Node id="990"/> <Node id="991"/>would<Node id="996"/> <Node id="997"/>have<Node id="1001"/> <Node id="1002"/>is<Node id="1004"/> <Node id="1005"/>wood<Node id="1009"/> <Node id="1010"/>stoves<Node id="1016"/> <Node id="1017"/>and<Node id="1020"/>
<Node id="1021"/>kerosene<Node id="1029"/> <Node id="1030"/>lanters<Node id="1037"/> <Node id="1038"/>(<Node id="1039"/>maybe<Node id="1044"/>)<Node id="1045"/>.<Node id="1046"/> <Node id="1047"/> <Node id="1048"/>It<Node id="1050"/> <Node id="1051"/>is<Node id="1053"/> <Node id="1054"/>alleged<Node id="1061"/> <Node id="1062"/>that<Node id="1066"/> <Node id="1067"/>the<Node id="1070"/> <Node id="1071"/>tanks<Node id="1076"/> <Node id="1077"/>pushing<Node id="1084"/> <Node id="1085"/>in<Node id="1087"/> <Node id="1088"/>the<Node id="1091"/>
<Node id="1092"/>walls<Node id="1097"/> <Node id="1098"/>knocked<Node id="1105"/> <Node id="1106"/>over<Node id="1110"/> <Node id="1111"/>the<Node id="1114"/> <Node id="1115"/>lanters<Node id="1122"/>,<Node id="1123"/> <Node id="1124"/>starting<Node id="1132"/> <Node id="1133"/>the<Node id="1136"/> <Node id="1137"/>fire<Node id="1141"/>.<Node id="1142"/> <Node id="1143"/> <Node id="1144"/>Remember<Node id="1152"/>,<Node id="1153"/> <Node id="1154"/>the<Node id="1157"/> <Node id="1158"/>FBI<Node id="1161"/>
<Node id="1162"/>had<Node id="1165"/> <Node id="1166"/>bugs<Node id="1170"/> <Node id="1171"/>which<Node id="1176"/> <Node id="1177"/>they<Node id="1181"/> <Node id="1182"/>even<Node id="1186"/> <Node id="1187"/>used<Node id="1191"/> <Node id="1192"/>(<Node id="1193"/>illegally<Node id="1202"/>)<Node id="1203"/> <Node id="1204"/>to<Node id="1206"/> <Node id="1207"/>eavesdrop<Node id="1216"/> <Node id="1217"/>on<Node id="1219"/> <Node id="1220"/>private<Node id="1227"/>
<Node id="1228"/>conversations<Node id="1241"/> <Node id="1242"/>with<Node id="1246"/> <Node id="1247"/>the<Node id="1250"/> <Node id="1251"/>lawyers<Node id="1258"/>.<Node id="1259"/> <Node id="1260"/> <Node id="1261"/>If<Node id="1263"/> <Node id="1264"/>a<Node id="1265"/> <Node id="1266"/>suicide<Node id="1273"/> <Node id="1274"/>order<Node id="1279"/> <Node id="1280"/>were<Node id="1284"/> <Node id="1285"/>given<Node id="1290"/> <Node id="1291"/>they<Node id="1295"/>
<Node id="1296"/>WOULD<Node id="1301"/> <Node id="1302"/>HAVE<Node id="1306"/> <Node id="1307"/>KNOWN<Node id="1312"/> <Node id="1313"/>IT<Node id="1315"/> <Node id="1316"/>IN<Node id="1318"/> <Node id="1319"/>TIME<Node id="1323"/>.<Node id="1324"/> <Node id="1325"/> <Node id="1326"/>If<Node id="1328"/> <Node id="1329"/>the<Node id="1332"/> <Node id="1333"/>Feds<Node id="1337"/> <Node id="1338"/>had<Node id="1341"/> <Node id="1342"/>been<Node id="1346"/> <Node id="1347"/>concerned<Node id="1356"/> <Node id="1357"/>they<Node id="1361"/> <Node id="1362"/>would<Node id="1367"/>
<Node id="1368"/>have<Node id="1372"/> <Node id="1373"/>had<Node id="1376"/> <Node id="1377"/>emergency<Node id="1386"/> <Node id="1387"/>equipment<Node id="1396"/> <Node id="1397"/>ready<Node id="1402"/>.<Node id="1403"/> <Node id="1404"/> <Node id="1405"/>Not<Node id="1408"/> <Node id="1409"/>an<Node id="1411"/> <Node id="1412"/>hour<Node id="1416"/> <Node id="1417"/>or<Node id="1419"/> <Node id="1420"/>so<Node id="1422"/> <Node id="1423"/>later<Node id="1428"/>,<Node id="1429"/> <Node id="1430"/>not<Node id="1433"/>
<Node id="1434"/>leaving<Node id="1441"/> <Node id="1442"/>the<Node id="1445"/> <Node id="1446"/>water<Node id="1451"/> <Node id="1452"/>THEY<Node id="1456"/> <Node id="1457"/>TURNED<Node id="1463"/> <Node id="1464"/>OFF<Node id="1467"/>,<Node id="1468"/> <Node id="1469"/>off<Node id="1472"/>.<Node id="1473"/> <Node id="1474"/> <Node id="1475"/>They<Node id="1479"/> <Node id="1480"/>could<Node id="1485"/> <Node id="1486"/>have<Node id="1490"/> <Node id="1491"/>turned<Node id="1497"/> <Node id="1498"/>it<Node id="1500"/> <Node id="1501"/>back<Node id="1505"/>
<Node id="1506"/>on<Node id="1508"/>.<Node id="1509"/> <Node id="1510"/> <Node id="1511"/>They<Node id="1515"/> <Node id="1516"/>just<Node id="1520"/> <Node id="1521"/>did<Node id="1524"/>n't<Node id="1527"/> <Node id="1528"/>wanna<Node id="1533"/>.<Node id="1534"/> <Node id="1535"/> <Node id="1536"/>Scores<Node id="1542"/> <Node id="1543"/>to<Node id="1545"/> <Node id="1546"/>settle<Node id="1552"/>.<Node id="1553"/>.<Node id="1554"/>.<Node id="1555"/>
<Node id="1556"/>
<Node id="1557"/>
<Node id="1558"/>-<Node id="1559"/>-<Node id="1560"/> <Node id="1561"/>
<Node id="1562"/>pat<Node id="1565"/>@<Node id="1566"/>rwing<Node id="1571"/>.<Node id="1572"/>uucp<Node id="1576"/> <Node id="1577"/> <Node id="1578"/> <Node id="1579"/> <Node id="1580"/> <Node id="1581"/> <Node id="1582"/>[<Node id="1583"/>Without<Node id="1590"/> <Node id="1591"/>prejudice<Node id="1600"/> <Node id="1601"/>UCC<Node id="1604"/> <Node id="1605"/>1<Node id="1606"/>-<Node id="1607"/>207<Node id="1610"/>]<Node id="1611"/> <Node id="1612"/> <Node id="1613"/> <Node id="1614"/> <Node id="1615"/> <Node id="1616"/>(<Node id="1617"/>Pat<Node id="1620"/> <Node id="1621"/>Myrto<Node id="1626"/>)<Node id="1627"/> <Node id="1628"/>Seattle<Node id="1635"/>,<Node id="1636"/> <Node id="1637"/>WA<Node id="1639"/>
<Node id="1640"/> <Node id="1641"/> <Node id="1642"/> <Node id="1643"/> <Node id="1644"/> <Node id="1645"/> <Node id="1646"/> <Node id="1647"/> <Node id="1648"/> <Node id="1649"/>If<Node id="1651"/> <Node id="1652"/>all<Node id="1655"/> <Node id="1656"/>else<Node id="1660"/> <Node id="1661"/>fails<Node id="1666"/>,<Node id="1667"/> <Node id="1668"/>try<Node id="1671"/>:<Node id="1672"/> <Node id="1673"/> <Node id="1674"/> <Node id="1675"/> <Node id="1676"/> <Node id="1677"/> <Node id="1678"/> <Node id="1679"/>.<Node id="1680"/>.<Node id="1681"/>.<Node id="1682"/>!<Node id="1683"/>uunet<Node id="1688"/>!<Node id="1689"/>pilchuck<Node id="1697"/>!<Node id="1698"/>rwing<Node id="1703"/>!<Node id="1704"/>pat<Node id="1707"/>
<Node id="1708"/>WISDOM<Node id="1714"/>:<Node id="1715"/> <Node id="1716"/>"<Node id="1717"/>Only<Node id="1721"/> <Node id="1722"/>two<Node id="1725"/> <Node id="1726"/>things<Node id="1732"/> <Node id="1733"/>are<Node id="1736"/> <Node id="1737"/>infinite<Node id="1745"/>;<Node id="1746"/> <Node id="1747"/>the<Node id="1750"/> <Node id="1751"/>universe<Node id="1759"/> <Node id="1760"/>and<Node id="1763"/> <Node id="1764"/>human<Node id="1769"/> <Node id="1770"/>stupidity<Node id="1779"/>,<Node id="1780"/>
<Node id="1781"/> <Node id="1782"/> <Node id="1783"/> <Node id="1784"/> <Node id="1785"/> <Node id="1786"/> <Node id="1787"/> <Node id="1788"/> <Node id="1789"/> <Node id="1790"/>and<Node id="1793"/> <Node id="1794"/>I<Node id="1795"/> <Node id="1796"/>am<Node id="1798"/> <Node id="1799"/>not<Node id="1802"/> <Node id="1803"/>sure<Node id="1807"/> <Node id="1808"/>about<Node id="1813"/> <Node id="1814"/>the<Node id="1817"/> <Node id="1818"/>former<Node id="1824"/>.<Node id="1825"/>"<Node id="1826"/> <Node id="1827"/> <Node id="1828"/> <Node id="1829"/> <Node id="1830"/> <Node id="1831"/> <Node id="1832"/> <Node id="1833"/> <Node id="1834"/> <Node id="1835"/> <Node id="1836"/> <Node id="1837"/> <Node id="1838"/> <Node id="1839"/> <Node id="1840"/>-<Node id="1841"/> <Node id="1842"/>Albert<Node id="1848"/> <Node id="1849"/>Einstien<Node id="1857"/>
<Node id="1858"/></TextWithNodes>
<!-- The default annotation set -->

<AnnotationSet>
<Annotation EndNode="1858" StartNode="0" Type="Mention" Id="9999999">
<Feature>
<Name classname="java.lang.String">Class</Name>
<Value classname="java.lang.String">0</Value>
</Feature>
</Annotation>

<Annotation Id="15" Type="Token" StartNode="33" EndNode="41">
<Feature>
  <Name className="java.lang.String">string</Name>
  <Value className="java.lang.String">Message-</Value>
</Feature>
</Annotation>
<Annotation Id="44" Type="Token" StartNode="92" EndNode="102">
<Feature>
  <Name className="java.lang.String">string</Name>
  <Value className="java.lang.String">References</Value>
</Feature>
</Annotation>
<Annotation Id="56" Type="Token" StartNode="116" EndNode="124">
<Feature>
  <Name className="java.lang.String">string</Name>
  <Value className="java.lang.String">bigboote</Value>
</Feature>
</Annotation>
<Annotation Id="76" Type="Token" StartNode="154" EndNode="161">
<Feature>
  <Name className="java.lang.String">string</Name>
  <Value className="java.lang.String">stratus</Value>
</Feature>
</Annotation>
<Annotation Id="74" Type="Token" StartNode="145" EndNode="153">
<Feature>
  <Name className="java.lang.String">string</Name>
  <Value className="java.lang.String">transfer</Value>
</Feature>
</Annotation>
<Annotation Id="103" Type="Token" StartNode="220" EndNode="231">
<Feature>
  <Name className="java.lang.String">string</Name>
  <Value className="java.lang.String">Unorganized</Value>
</Feature>
</Annotation>
<Annotation Id="101" Type="Token" StartNode="212" EndNode="219">
<Feature>
  <Name className="java.lang.String">string</Name>
  <Value className="java.lang.String">Totally</Value>
</Feature>
</Annotation>
<Annotation Id="98" Type="Token" StartNode="198" EndNode="210">
<Feature>
  <Name className="java.lang.String">string</Name>
  <Value className="java.lang.String">Organization</Value>
</Feature>
</Annotation>
<Annotation Id="113" Type="Token" StartNode="246" EndNode="253">
<Feature>
  <Name className="java.lang.String">string</Name>
  <Value className="java.lang.String">article</Value>
</Feature>
</Annotation>
<Annotation Id="132" Type="Token" StartNode="285" EndNode="291">
<Feature>
  <Name className="java.lang.String">string</Name>
  <Value className="java.lang.String">irvine</Value>
</Feature>
</Annotation>
<Annotation Id="154" Type="Token" StartNode="336" EndNode="343">
<Feature>
  <Name className="java.lang.String">string</Name>
  <Value className="java.lang.String">article</Value>
</Feature>
</Annotation>
<Annotation Id="145" Type="Token" StartNode="316" EndNode="322">
<Feature>
  <Name className="java.lang.String">string</Name>
  <Value className="java.lang.String">Irvine</Value>
</Feature>
</Annotation>
<Annotation Id="148" Type="Token" StartNode="324" EndNode="330">
<Feature>
  <Name className="java.lang.String">string</Name>
  <Value className="java.lang.String">writes</Value>
</Feature>
</Annotation>
<Annotation Id="169" Type="Token" StartNode="364" EndNode="371">
<Feature>
  <Name className="java.lang.String">string</Name>
  <Value className="java.lang.String">stratus</Value>
</Feature>
</Annotation>
<Annotation Id="167" Type="Token" StartNode="355" EndNode="363">
<Feature>
  <Name className="java.lang.String">string</Name>
  <Value className="java.lang.String">transfer</Value>
</Feature>
</Annotation>
<Annotation Id="189" Type="Token" StartNode="403" EndNode="410">
<Feature>
  <Name className="java.lang.String">string</Name>
  <Value className="java.lang.String">Tavares</Value>
</Feature>
</Annotation>
<Annotation Id="178" Type="Token" StartNode="384" EndNode="391">
<Feature>
  <Name className="java.lang.String">string</Name>
  <Value className="java.lang.String">stratus</Value>
</Feature>
</Annotation>
<Annotation Id="199" Type="Token" StartNode="425" EndNode="432">
<Feature>
  <Name className="java.lang.String">string</Name>
  <Value className="java.lang.String">article</Value>
</Feature>
</Annotation>
<Annotation Id="192" Type="Token" StartNode="412" EndNode="418">
<Feature>
  <Name className="java.lang.String">string</Name>
  <Value className="java.lang.String">writes</Value>
</Feature>
</Annotation>
<Annotation Id="218" Type="Token" StartNode="464" EndNode="471">
<Feature>
  <Name className="java.lang.String">string</Name>
  <Value className="java.lang.String">mfrhein</Value>
</Feature>
</Annotation>
<Annotation Id="210" Type="Token" StartNode="445" EndNode="453">
<Feature>
  <Name className="java.lang.String">string</Name>
  <Value className="java.lang.String">bigboote</Value>
</Feature>
</Annotation>
<Annotation Id="234" Type="Token" StartNode="510" EndNode="516">
<Feature>
  <Name className="java.lang.String">string</Name>
  <Value className="java.lang.String">writes</Value>
</Feature>
</Annotation>
<Annotation Id="229" Type="Token" StartNode="493" EndNode="502">
<Feature>
  <Name className="java.lang.String">string</Name>
  <Value className="java.lang.String">Frederick</Value>
</Feature>
</Annotation>
<Annotation Id="227" Type="Token" StartNode="485" EndNode="492">
<Feature>
  <Name className="java.lang.String">string</Name>
  <Value className="java.lang.String">Michael</Value>
</Feature>
</Annotation>
<Annotation Id="245" Type="Token" StartNode="526" EndNode="532">
<Feature>
  <Name className="java.lang.String">string</Name>
  <Value className="java.lang.String">napalm</Value>
</Feature>
</Annotation>
<Annotation Id="258" Type="Token" StartNode="558" EndNode="564">
<Feature>
  <Name className="java.lang.String">string</Name>
  <Value className="java.lang.String">inside</Value>
</Feature>
</Annotation>
<Annotation Id="260" Type="Token" StartNode="565" EndNode="571">
<Feature>
  <Name className="java.lang.String">string</Name>
  <Value className="java.lang.String">ignite</Value>
</Feature>
</Annotation>
<Annotation Id="326" Type="Token" StartNode="638" EndNode="645">
<Feature>
  <Name className="java.lang.String">string</Name>
  <Value className="java.lang.String">someone</Value>
</Feature>
</Annotation>
<Annotation Id="332" Type="Token" StartNode="655" EndNode="662">
<Feature>
  <Name className="java.lang.String">string</Name>
  <Value className="java.lang.String">pointed</Value>
</Feature>
</Annotation>
<Annotation Id="412" Type="Token" StartNode="817" EndNode="824">
<Feature>
  <Name className="java.lang.String">string</Name>
  <Value className="java.lang.String">popular</Value>
</Feature>
</Annotation>
<Annotation Id="400" Type="Token" StartNode="781" EndNode="789">
<Feature>
  <Name className="java.lang.String">string</Name>
  <Value className="java.lang.String">electric</Value>
</Feature>
</Annotation>
<Annotation Id="406" Type="Token" StartNode="799" EndNode="809">
<Feature>
  <Name className="java.lang.String">string</Name>
  <Value className="java.lang.String">microwaves</Value>
</Feature>
</Annotation>
<Annotation Id="424" Type="Token" StartNode="863" EndNode="873">
<Feature>
  <Name className="java.lang.String">string</Name>
  <Value className="java.lang.String">especially</Value>
</Feature>
</Annotation>
<Annotation Id="416" Type="Token" StartNode="827" EndNode="835">
<Feature>
  <Name className="java.lang.String">string</Name>
  <Value className="java.lang.String">Electric</Value>
</Feature>
</Annotation>
<Annotation Id="418" Type="Token" StartNode="836" EndNode="842">
<Feature>
  <Name className="java.lang.String">string</Name>
  <Value className="java.lang.String">stoves</Value>
</Feature>
</Annotation>
<Annotation Id="420" Type="Token" StartNode="843" EndNode="850">
<Feature>
  <Name className="java.lang.String">string</Name>
  <Value className="java.lang.String">outside</Value>
</Feature>
</Annotation>
<Annotation Id="422" Type="Token" StartNode="851" EndNode="862">
<Feature>
  <Name className="java.lang.String">string</Name>
  <Value className="java.lang.String">metro-areas</Value>
</Feature>
</Annotation>
<Annotation Id="457" Type="Token" StartNode="936" EndNode="946">
<Feature>
  <Name className="java.lang.String">string</Name>
  <Value className="java.lang.String">generators</Value>
</Feature>
</Annotation>
<Annotation Id="508" Type="Token" StartNode="1054" EndNode="1061">
<Feature>
  <Name className="java.lang.String">string</Name>
  <Value className="java.lang.String">alleged</Value>
</Feature>
</Annotation>
<Annotation Id="496" Type="Token" StartNode="1030" EndNode="1037">
<Feature>
  <Name className="java.lang.String">string</Name>
  <Value className="java.lang.String">lanters</Value>
</Feature>
</Annotation>
<Annotation Id="494" Type="Token" StartNode="1021" EndNode="1029">
<Feature>
  <Name className="java.lang.String">string</Name>
  <Value className="java.lang.String">kerosene</Value>
</Feature>
</Annotation>
<Annotation Id="490" Type="Token" StartNode="1010" EndNode="1016">
<Feature>
  <Name className="java.lang.String">string</Name>
  <Value className="java.lang.String">stoves</Value>
</Feature>
</Annotation>
<Annotation Id="566" Type="Token" StartNode="1207" EndNode="1216">
<Feature>
  <Name className="java.lang.String">string</Name>
  <Value className="java.lang.String">eavesdrop</Value>
</Feature>
</Annotation>
<Annotation Id="561" Type="Token" StartNode="1193" EndNode="1202">
<Feature>
  <Name className="java.lang.String">string</Name>
  <Value className="java.lang.String">illegally</Value>
</Feature>
</Annotation>
<Annotation Id="572" Type="Token" StartNode="1228" EndNode="1241">
<Feature>
  <Name className="java.lang.String">string</Name>
  <Value className="java.lang.String">conversations</Value>
</Feature>
</Annotation>
<Annotation Id="570" Type="Token" StartNode="1220" EndNode="1227">
<Feature>
  <Name className="java.lang.String">string</Name>
  <Value className="java.lang.String">private</Value>
</Feature>
</Annotation>
<Annotation Id="516" Type="Token" StartNode="1077" EndNode="1084">
<Feature>
  <Name className="java.lang.String">string</Name>
  <Value className="java.lang.String">pushing</Value>
</Feature>
</Annotation>
<Annotation Id="524" Type="Token" StartNode="1098" EndNode="1105">
<Feature>
  <Name className="java.lang.String">string</Name>
  <Value className="java.lang.String">knocked</Value>
</Feature>
</Annotation>
<Annotation Id="533" Type="Token" StartNode="1124" EndNode="1132">
<Feature>
  <Name className="java.lang.String">string</Name>
  <Value className="java.lang.String">starting</Value>
</Feature>
</Annotation>
<Annotation Id="530" Type="Token" StartNode="1115" EndNode="1122">
<Feature>
  <Name className="java.lang.String">string</Name>
  <Value className="java.lang.String">lanters</Value>
</Feature>
</Annotation>
<Annotation Id="541" Type="Token" StartNode="1144" EndNode="1152">
<Feature>
  <Name className="java.lang.String">string</Name>
  <Value className="java.lang.String">Remember</Value>
</Feature>
</Annotation>
<Annotation Id="620" Type="Token" StartNode="1347" EndNode="1356">
<Feature>
  <Name className="java.lang.String">string</Name>
  <Value className="java.lang.String">concerned</Value>
</Feature>
</Annotation>
<Annotation Id="630" Type="Token" StartNode="1377" EndNode="1386">
<Feature>
  <Name className="java.lang.String">string</Name>
  <Value className="java.lang.String">emergency</Value>
</Feature>
</Annotation>
<Annotation Id="632" Type="Token" StartNode="1387" EndNode="1396">
<Feature>
  <Name className="java.lang.String">string</Name>
  <Value className="java.lang.String">equipment</Value>
</Feature>
</Annotation>
<Annotation Id="578" Type="Token" StartNode="1251" EndNode="1258">
<Feature>
  <Name className="java.lang.String">string</Name>
  <Value className="java.lang.String">lawyers</Value>
</Feature>
</Annotation>
<Annotation Id="586" Type="Token" StartNode="1266" EndNode="1273">
<Feature>
  <Name className="java.lang.String">string</Name>
  <Value className="java.lang.String">suicide</Value>
</Feature>
</Annotation>
<Annotation Id="676" Type="Token" StartNode="1491" EndNode="1497">
<Feature>
  <Name className="java.lang.String">string</Name>
  <Value className="java.lang.String">turned</Value>
</Feature>
</Annotation>
<Annotation Id="702" Type="Token" StartNode="1546" EndNode="1552">
<Feature>
  <Name className="java.lang.String">string</Name>
  <Value className="java.lang.String">settle</Value>
</Feature>
</Annotation>
<Annotation Id="698" Type="Token" StartNode="1536" EndNode="1542">
<Feature>
  <Name className="java.lang.String">string</Name>
  <Value className="java.lang.String">Scores</Value>
</Feature>
</Annotation>
<Annotation Id="653" Type="Token" StartNode="1434" EndNode="1441">
<Feature>
  <Name className="java.lang.String">string</Name>
  <Value className="java.lang.String">leaving</Value>
</Feature>
</Annotation>
<Annotation Id="661" Type="Token" StartNode="1457" EndNode="1463">
<Feature>
  <Name className="java.lang.String">string</Name>
  <Value className="java.lang.String">TURNED</Value>
</Feature>
</Annotation>
<Annotation Id="746" Type="Token" StartNode="1628" EndNode="1635">
<Feature>
  <Name className="java.lang.String">string</Name>
  <Value className="java.lang.String">Seattle</Value>
</Feature>
</Annotation>
<Annotation Id="725" Type="Token" StartNode="1583" EndNode="1590">
<Feature>
  <Name className="java.lang.String">string</Name>
  <Value className="java.lang.String">Without</Value>
</Feature>
</Annotation>
<Annotation Id="727" Type="Token" StartNode="1591" EndNode="1600">
<Feature>
  <Name className="java.lang.String">string</Name>
  <Value className="java.lang.String">prejudice</Value>
</Feature>
</Annotation>
<Annotation Id="807" Type="Token" StartNode="1751" EndNode="1759">
<Feature>
  <Name className="java.lang.String">string</Name>
  <Value className="java.lang.String">universe</Value>
</Feature>
</Annotation>
<Annotation Id="802" Type="Token" StartNode="1737" EndNode="1745">
<Feature>
  <Name className="java.lang.String">string</Name>
  <Value className="java.lang.String">infinite</Value>
</Feature>
</Annotation>
<Annotation Id="813" Type="Token" StartNode="1770" EndNode="1779">
<Feature>
  <Name className="java.lang.String">string</Name>
  <Value className="java.lang.String">stupidity</Value>
</Feature>
</Annotation>
<Annotation Id="790" Type="Token" StartNode="1708" EndNode="1714">
<Feature>
  <Name className="java.lang.String">string</Name>
  <Value className="java.lang.String">WISDOM</Value>
</Feature>
</Annotation>
<Annotation Id="784" Type="Token" StartNode="1689" EndNode="1697">
<Feature>
  <Name className="java.lang.String">string</Name>
  <Value className="java.lang.String">pilchuck</Value>
</Feature>
</Annotation>
<Annotation Id="798" Type="Token" StartNode="1726" EndNode="1732">
<Feature>
  <Name className="java.lang.String">string</Name>
  <Value className="java.lang.String">things</Value>
</Feature>
</Annotation>
<Annotation Id="858" Type="Token" StartNode="1842" EndNode="1848">
<Feature>
  <Name className="java.lang.String">string</Name>
  <Value className="java.lang.String">Albert</Value>
</Feature>
</Annotation>
<Annotation Id="860" Type="Token" StartNode="1849" EndNode="1857">
<Feature>
  <Name className="java.lang.String">string</Name>
  <Value className="java.lang.String">Einstien</Value>
</Feature>
</Annotation>
<Annotation Id="839" Type="Token" StartNode="1818" EndNode="1824">
<Feature>
  <Name className="java.lang.String">string</Name>
  <Value className="java.lang.String">former</Value>
</Feature>
</Annotation>
</AnnotationSet>
<AnnotationSet Name="Original markups"> </AnnotationSet>
</GateDocument>