<?xml version='1.0' encoding='UTF-8'?>
<GateDocument version="3">
<!-- The document's features-->

<GateDocumentFeatures>
<Feature>
  <Name className="java.lang.String">Original_document_content_on_load</Name>
  <Value className="java.lang.String">From: jodfishe@silver.ucs.indiana.edu (joseph dale fisher)
Message-ID: &lt;Apr.25.22.17.29.1993.5436@geneva.rutgers.edu>
Date: 26 Apr 93 02:17:30 GMT
Sender: hedrick@geneva.rutgers.edu
Organization: Indiana University
Lines: 51
Approved: christian@aramis.rutgers.edu

Here are some notes about what the church is to be like and some helpful
ideas about how to choose a church:

Colossians 1:15-18
   A.  Jesus is the head of the body, the church
   B.  You cannot say "yes" to Jesus, but "no" to the church

Ephesians 2:19-22
   A.  The church is the family of God
   B.  The church is based on the Word of God only
          Cornerstone=Christ
          Foundation= Apostles=New Testament
                      Prophets=Old Testament  (see Revelation 21:9-14)

1 Corinthians 12:12-13
   A.  Baptism is when we become a member of the church

As for the question of denominations:
   A.  The Bible teaches that there is only ONE church from Ephesians
4:4-6, Romans 12:4-5, 1 Corinthians 12:12-13
   B.  1 Corinthians 1:10-13 says that there should be no divisions in
the church.  There should be no following of personalities in the church
(and in time, their writings)
   C.  There are so many churches today because of a problem.  2 Timothy
4:1-4 says that people will turn away from the truth and try to find a
church that teaches a doctrine that suits their lifestyle

Hebrews 10:24-25
   A.  Do not miss church
   B.  Purpose is to encourage each other, so we will remain faithful.
Involved on a relationship level in the church
   C.  Must come to ALL services

Another verse which is helpful is Hebrews 3:12-15.  The church should be
encouraging daily, as it is their duty to do.

Of course, more standards apply:
   1 Timothy 4:16  People in the church should be watching their lives
and doctrines to make sure they both live up to the Word entirely (ie,
disciples).
   Acts 17:10-12  The pastor does not come close to the Apostle Paul
(natural conclusion since the Apostle Paul talked with Jesus directly
face to face), so if the Bereans, who were considered noble, didn't take
Paul at his word but checked out what he said with Scripture to verify
his statements, then church members are to do the same and verify the
pastor's statements.  If they are not verifiable or valid in light of
other verses, then that group should be avoided as a church (would've
made a wonderful suggestion to the Waco group, especially in light of
Matthew 24).

Joe Fisher
</Value>
</Feature>
<Feature>
  <Name className="java.lang.String">gate.SourceURL</Name>
  <Value className="java.lang.String">file:/C:/Users/jian/Documents/NetBeansProjects/NoiseReductionTechniques/mideastPoliticsMix/negative1066</Value>
</Feature>
</GateDocumentFeatures>
<!-- The document content area with serialized nodes -->

<TextWithNodes><Node id="0"/>From<Node id="4"/>:<Node id="5"/> <Node id="6"/>jodfishe<Node id="14"/>@<Node id="15"/>silver<Node id="21"/>.<Node id="22"/>ucs<Node id="25"/>.<Node id="26"/>indiana<Node id="33"/>.<Node id="34"/>edu<Node id="37"/> <Node id="38"/>(<Node id="39"/>joseph<Node id="45"/> <Node id="46"/>dale<Node id="50"/> <Node id="51"/>fisher<Node id="57"/>)<Node id="58"/>
<Node id="59"/>Message-<Node id="67"/>ID<Node id="69"/>:<Node id="70"/> <Node id="71"/>&lt;<Node id="72"/>Apr<Node id="75"/>.<Node id="76"/>25<Node id="78"/>.<Node id="79"/>22<Node id="81"/>.<Node id="82"/>17<Node id="84"/>.<Node id="85"/>29<Node id="87"/>.<Node id="88"/>1993<Node id="92"/>.<Node id="93"/>5436<Node id="97"/>@<Node id="98"/>geneva<Node id="104"/>.<Node id="105"/>rutgers<Node id="112"/>.<Node id="113"/>edu<Node id="116"/>&gt;<Node id="117"/>
<Node id="118"/>Date<Node id="122"/>:<Node id="123"/> <Node id="124"/>26<Node id="126"/> <Node id="127"/>Apr<Node id="130"/> <Node id="131"/>93<Node id="133"/> <Node id="134"/>02<Node id="136"/>:<Node id="137"/>17<Node id="139"/>:<Node id="140"/>30<Node id="142"/> <Node id="143"/>GMT<Node id="146"/>
<Node id="147"/>Sender<Node id="153"/>:<Node id="154"/> <Node id="155"/>hedrick<Node id="162"/>@<Node id="163"/>geneva<Node id="169"/>.<Node id="170"/>rutgers<Node id="177"/>.<Node id="178"/>edu<Node id="181"/>
<Node id="182"/>Organization<Node id="194"/>:<Node id="195"/> <Node id="196"/>Indiana<Node id="203"/> <Node id="204"/>University<Node id="214"/>
<Node id="215"/>Lines<Node id="220"/>:<Node id="221"/> <Node id="222"/>51<Node id="224"/>
<Node id="225"/>Approved<Node id="233"/>:<Node id="234"/> <Node id="235"/>christian<Node id="244"/>@<Node id="245"/>aramis<Node id="251"/>.<Node id="252"/>rutgers<Node id="259"/>.<Node id="260"/>edu<Node id="263"/>
<Node id="264"/>
<Node id="265"/>Here<Node id="269"/> <Node id="270"/>are<Node id="273"/> <Node id="274"/>some<Node id="278"/> <Node id="279"/>notes<Node id="284"/> <Node id="285"/>about<Node id="290"/> <Node id="291"/>what<Node id="295"/> <Node id="296"/>the<Node id="299"/> <Node id="300"/>church<Node id="306"/> <Node id="307"/>is<Node id="309"/> <Node id="310"/>to<Node id="312"/> <Node id="313"/>be<Node id="315"/> <Node id="316"/>like<Node id="320"/> <Node id="321"/>and<Node id="324"/> <Node id="325"/>some<Node id="329"/> <Node id="330"/>helpful<Node id="337"/>
<Node id="338"/>ideas<Node id="343"/> <Node id="344"/>about<Node id="349"/> <Node id="350"/>how<Node id="353"/> <Node id="354"/>to<Node id="356"/> <Node id="357"/>choose<Node id="363"/> <Node id="364"/>a<Node id="365"/> <Node id="366"/>church<Node id="372"/>:<Node id="373"/>
<Node id="374"/>
<Node id="375"/>Colossians<Node id="385"/> <Node id="386"/>1<Node id="387"/>:<Node id="388"/>15<Node id="390"/>-<Node id="391"/>18<Node id="393"/>
<Node id="394"/> <Node id="395"/> <Node id="396"/> <Node id="397"/>A<Node id="398"/>.<Node id="399"/> <Node id="400"/> <Node id="401"/>Jesus<Node id="406"/> <Node id="407"/>is<Node id="409"/> <Node id="410"/>the<Node id="413"/> <Node id="414"/>head<Node id="418"/> <Node id="419"/>of<Node id="421"/> <Node id="422"/>the<Node id="425"/> <Node id="426"/>body<Node id="430"/>,<Node id="431"/> <Node id="432"/>the<Node id="435"/> <Node id="436"/>church<Node id="442"/>
<Node id="443"/> <Node id="444"/> <Node id="445"/> <Node id="446"/>B<Node id="447"/>.<Node id="448"/> <Node id="449"/> <Node id="450"/>You<Node id="453"/> <Node id="454"/>can<Node id="457"/>not<Node id="460"/> <Node id="461"/>say<Node id="464"/> <Node id="465"/>"<Node id="466"/>yes<Node id="469"/>"<Node id="470"/> <Node id="471"/>to<Node id="473"/> <Node id="474"/>Jesus<Node id="479"/>,<Node id="480"/> <Node id="481"/>but<Node id="484"/> <Node id="485"/>"<Node id="486"/>no<Node id="488"/>"<Node id="489"/> <Node id="490"/>to<Node id="492"/> <Node id="493"/>the<Node id="496"/> <Node id="497"/>church<Node id="503"/>
<Node id="504"/>
<Node id="505"/>Ephesians<Node id="514"/> <Node id="515"/>2<Node id="516"/>:<Node id="517"/>19<Node id="519"/>-<Node id="520"/>22<Node id="522"/>
<Node id="523"/> <Node id="524"/> <Node id="525"/> <Node id="526"/>A<Node id="527"/>.<Node id="528"/> <Node id="529"/> <Node id="530"/>The<Node id="533"/> <Node id="534"/>church<Node id="540"/> <Node id="541"/>is<Node id="543"/> <Node id="544"/>the<Node id="547"/> <Node id="548"/>family<Node id="554"/> <Node id="555"/>of<Node id="557"/> <Node id="558"/>God<Node id="561"/>
<Node id="562"/> <Node id="563"/> <Node id="564"/> <Node id="565"/>B<Node id="566"/>.<Node id="567"/> <Node id="568"/> <Node id="569"/>The<Node id="572"/> <Node id="573"/>church<Node id="579"/> <Node id="580"/>is<Node id="582"/> <Node id="583"/>based<Node id="588"/> <Node id="589"/>on<Node id="591"/> <Node id="592"/>the<Node id="595"/> <Node id="596"/>Word<Node id="600"/> <Node id="601"/>of<Node id="603"/> <Node id="604"/>God<Node id="607"/> <Node id="608"/>only<Node id="612"/>
<Node id="613"/> <Node id="614"/> <Node id="615"/> <Node id="616"/> <Node id="617"/> <Node id="618"/> <Node id="619"/> <Node id="620"/> <Node id="621"/> <Node id="622"/> <Node id="623"/>Cornerstone<Node id="634"/>=<Node id="635"/>Christ<Node id="641"/>
<Node id="642"/> <Node id="643"/> <Node id="644"/> <Node id="645"/> <Node id="646"/> <Node id="647"/> <Node id="648"/> <Node id="649"/> <Node id="650"/> <Node id="651"/> <Node id="652"/>Foundation<Node id="662"/>=<Node id="663"/> <Node id="664"/>Apostles<Node id="672"/>=<Node id="673"/>New<Node id="676"/> <Node id="677"/>Testament<Node id="686"/>
<Node id="687"/> <Node id="688"/> <Node id="689"/> <Node id="690"/> <Node id="691"/> <Node id="692"/> <Node id="693"/> <Node id="694"/> <Node id="695"/> <Node id="696"/> <Node id="697"/> <Node id="698"/> <Node id="699"/> <Node id="700"/> <Node id="701"/> <Node id="702"/> <Node id="703"/> <Node id="704"/> <Node id="705"/> <Node id="706"/> <Node id="707"/> <Node id="708"/> <Node id="709"/>Prophets<Node id="717"/>=<Node id="718"/>Old<Node id="721"/> <Node id="722"/>Testament<Node id="731"/> <Node id="732"/> <Node id="733"/>(<Node id="734"/>see<Node id="737"/> <Node id="738"/>Revelation<Node id="748"/> <Node id="749"/>21<Node id="751"/>:<Node id="752"/>9<Node id="753"/>-<Node id="754"/>14<Node id="756"/>)<Node id="757"/>
<Node id="758"/>
<Node id="759"/>1<Node id="760"/> <Node id="761"/>Corinthians<Node id="772"/> <Node id="773"/>12<Node id="775"/>:<Node id="776"/>12<Node id="778"/>-<Node id="779"/>13<Node id="781"/>
<Node id="782"/> <Node id="783"/> <Node id="784"/> <Node id="785"/>A<Node id="786"/>.<Node id="787"/> <Node id="788"/> <Node id="789"/>Baptism<Node id="796"/> <Node id="797"/>is<Node id="799"/> <Node id="800"/>when<Node id="804"/> <Node id="805"/>we<Node id="807"/> <Node id="808"/>become<Node id="814"/> <Node id="815"/>a<Node id="816"/> <Node id="817"/>member<Node id="823"/> <Node id="824"/>of<Node id="826"/> <Node id="827"/>the<Node id="830"/> <Node id="831"/>church<Node id="837"/>
<Node id="838"/>
<Node id="839"/>As<Node id="841"/> <Node id="842"/>for<Node id="845"/> <Node id="846"/>the<Node id="849"/> <Node id="850"/>question<Node id="858"/> <Node id="859"/>of<Node id="861"/> <Node id="862"/>denominations<Node id="875"/>:<Node id="876"/>
<Node id="877"/> <Node id="878"/> <Node id="879"/> <Node id="880"/>A<Node id="881"/>.<Node id="882"/> <Node id="883"/> <Node id="884"/>The<Node id="887"/> <Node id="888"/>Bible<Node id="893"/> <Node id="894"/>teaches<Node id="901"/> <Node id="902"/>that<Node id="906"/> <Node id="907"/>there<Node id="912"/> <Node id="913"/>is<Node id="915"/> <Node id="916"/>only<Node id="920"/> <Node id="921"/>ONE<Node id="924"/> <Node id="925"/>church<Node id="931"/> <Node id="932"/>from<Node id="936"/> <Node id="937"/>Ephesians<Node id="946"/>
<Node id="947"/>4<Node id="948"/>:<Node id="949"/>4<Node id="950"/>-<Node id="951"/>6<Node id="952"/>,<Node id="953"/> <Node id="954"/>Romans<Node id="960"/> <Node id="961"/>12<Node id="963"/>:<Node id="964"/>4<Node id="965"/>-<Node id="966"/>5<Node id="967"/>,<Node id="968"/> <Node id="969"/>1<Node id="970"/> <Node id="971"/>Corinthians<Node id="982"/> <Node id="983"/>12<Node id="985"/>:<Node id="986"/>12<Node id="988"/>-<Node id="989"/>13<Node id="991"/>
<Node id="992"/> <Node id="993"/> <Node id="994"/> <Node id="995"/>B<Node id="996"/>.<Node id="997"/> <Node id="998"/> <Node id="999"/>1<Node id="1000"/> <Node id="1001"/>Corinthians<Node id="1012"/> <Node id="1013"/>1<Node id="1014"/>:<Node id="1015"/>10<Node id="1017"/>-<Node id="1018"/>13<Node id="1020"/> <Node id="1021"/>says<Node id="1025"/> <Node id="1026"/>that<Node id="1030"/> <Node id="1031"/>there<Node id="1036"/> <Node id="1037"/>should<Node id="1043"/> <Node id="1044"/>be<Node id="1046"/> <Node id="1047"/>no<Node id="1049"/> <Node id="1050"/>divisions<Node id="1059"/> <Node id="1060"/>in<Node id="1062"/>
<Node id="1063"/>the<Node id="1066"/> <Node id="1067"/>church<Node id="1073"/>.<Node id="1074"/> <Node id="1075"/> <Node id="1076"/>There<Node id="1081"/> <Node id="1082"/>should<Node id="1088"/> <Node id="1089"/>be<Node id="1091"/> <Node id="1092"/>no<Node id="1094"/> <Node id="1095"/>following<Node id="1104"/> <Node id="1105"/>of<Node id="1107"/> <Node id="1108"/>personalities<Node id="1121"/> <Node id="1122"/>in<Node id="1124"/> <Node id="1125"/>the<Node id="1128"/> <Node id="1129"/>church<Node id="1135"/>
<Node id="1136"/>(<Node id="1137"/>and<Node id="1140"/> <Node id="1141"/>in<Node id="1143"/> <Node id="1144"/>time<Node id="1148"/>,<Node id="1149"/> <Node id="1150"/>their<Node id="1155"/> <Node id="1156"/>writings<Node id="1164"/>)<Node id="1165"/>
<Node id="1166"/> <Node id="1167"/> <Node id="1168"/> <Node id="1169"/>C<Node id="1170"/>.<Node id="1171"/> <Node id="1172"/> <Node id="1173"/>There<Node id="1178"/> <Node id="1179"/>are<Node id="1182"/> <Node id="1183"/>so<Node id="1185"/> <Node id="1186"/>many<Node id="1190"/> <Node id="1191"/>churches<Node id="1199"/> <Node id="1200"/>today<Node id="1205"/> <Node id="1206"/>because<Node id="1213"/> <Node id="1214"/>of<Node id="1216"/> <Node id="1217"/>a<Node id="1218"/> <Node id="1219"/>problem<Node id="1226"/>.<Node id="1227"/> <Node id="1228"/> <Node id="1229"/>2<Node id="1230"/> <Node id="1231"/>Timothy<Node id="1238"/>
<Node id="1239"/>4<Node id="1240"/>:<Node id="1241"/>1<Node id="1242"/>-<Node id="1243"/>4<Node id="1244"/> <Node id="1245"/>says<Node id="1249"/> <Node id="1250"/>that<Node id="1254"/> <Node id="1255"/>people<Node id="1261"/> <Node id="1262"/>will<Node id="1266"/> <Node id="1267"/>turn<Node id="1271"/> <Node id="1272"/>away<Node id="1276"/> <Node id="1277"/>from<Node id="1281"/> <Node id="1282"/>the<Node id="1285"/> <Node id="1286"/>truth<Node id="1291"/> <Node id="1292"/>and<Node id="1295"/> <Node id="1296"/>try<Node id="1299"/> <Node id="1300"/>to<Node id="1302"/> <Node id="1303"/>find<Node id="1307"/> <Node id="1308"/>a<Node id="1309"/>
<Node id="1310"/>church<Node id="1316"/> <Node id="1317"/>that<Node id="1321"/> <Node id="1322"/>teaches<Node id="1329"/> <Node id="1330"/>a<Node id="1331"/> <Node id="1332"/>doctrine<Node id="1340"/> <Node id="1341"/>that<Node id="1345"/> <Node id="1346"/>suits<Node id="1351"/> <Node id="1352"/>their<Node id="1357"/> <Node id="1358"/>lifestyle<Node id="1367"/>
<Node id="1368"/>
<Node id="1369"/>Hebrews<Node id="1376"/> <Node id="1377"/>10<Node id="1379"/>:<Node id="1380"/>24<Node id="1382"/>-<Node id="1383"/>25<Node id="1385"/>
<Node id="1386"/> <Node id="1387"/> <Node id="1388"/> <Node id="1389"/>A<Node id="1390"/>.<Node id="1391"/> <Node id="1392"/> <Node id="1393"/>Do<Node id="1395"/> <Node id="1396"/>not<Node id="1399"/> <Node id="1400"/>miss<Node id="1404"/> <Node id="1405"/>church<Node id="1411"/>
<Node id="1412"/> <Node id="1413"/> <Node id="1414"/> <Node id="1415"/>B<Node id="1416"/>.<Node id="1417"/> <Node id="1418"/> <Node id="1419"/>Purpose<Node id="1426"/> <Node id="1427"/>is<Node id="1429"/> <Node id="1430"/>to<Node id="1432"/> <Node id="1433"/>encourage<Node id="1442"/> <Node id="1443"/>each<Node id="1447"/> <Node id="1448"/>other<Node id="1453"/>,<Node id="1454"/> <Node id="1455"/>so<Node id="1457"/> <Node id="1458"/>we<Node id="1460"/> <Node id="1461"/>will<Node id="1465"/> <Node id="1466"/>remain<Node id="1472"/> <Node id="1473"/>faithful<Node id="1481"/>.<Node id="1482"/>
<Node id="1483"/>Involved<Node id="1491"/> <Node id="1492"/>on<Node id="1494"/> <Node id="1495"/>a<Node id="1496"/> <Node id="1497"/>relationship<Node id="1509"/> <Node id="1510"/>level<Node id="1515"/> <Node id="1516"/>in<Node id="1518"/> <Node id="1519"/>the<Node id="1522"/> <Node id="1523"/>church<Node id="1529"/>
<Node id="1530"/> <Node id="1531"/> <Node id="1532"/> <Node id="1533"/>C<Node id="1534"/>.<Node id="1535"/> <Node id="1536"/> <Node id="1537"/>Must<Node id="1541"/> <Node id="1542"/>come<Node id="1546"/> <Node id="1547"/>to<Node id="1549"/> <Node id="1550"/>ALL<Node id="1553"/> <Node id="1554"/>services<Node id="1562"/>
<Node id="1563"/>
<Node id="1564"/>Another<Node id="1571"/> <Node id="1572"/>verse<Node id="1577"/> <Node id="1578"/>which<Node id="1583"/> <Node id="1584"/>is<Node id="1586"/> <Node id="1587"/>helpful<Node id="1594"/> <Node id="1595"/>is<Node id="1597"/> <Node id="1598"/>Hebrews<Node id="1605"/> <Node id="1606"/>3<Node id="1607"/>:<Node id="1608"/>12<Node id="1610"/>-<Node id="1611"/>15<Node id="1613"/>.<Node id="1614"/> <Node id="1615"/> <Node id="1616"/>The<Node id="1619"/> <Node id="1620"/>church<Node id="1626"/> <Node id="1627"/>should<Node id="1633"/> <Node id="1634"/>be<Node id="1636"/>
<Node id="1637"/>encouraging<Node id="1648"/> <Node id="1649"/>daily<Node id="1654"/>,<Node id="1655"/> <Node id="1656"/>as<Node id="1658"/> <Node id="1659"/>it<Node id="1661"/> <Node id="1662"/>is<Node id="1664"/> <Node id="1665"/>their<Node id="1670"/> <Node id="1671"/>duty<Node id="1675"/> <Node id="1676"/>to<Node id="1678"/> <Node id="1679"/>do<Node id="1681"/>.<Node id="1682"/>
<Node id="1683"/>
<Node id="1684"/>Of<Node id="1686"/> <Node id="1687"/>course<Node id="1693"/>,<Node id="1694"/> <Node id="1695"/>more<Node id="1699"/> <Node id="1700"/>standards<Node id="1709"/> <Node id="1710"/>apply<Node id="1715"/>:<Node id="1716"/>
<Node id="1717"/> <Node id="1718"/> <Node id="1719"/> <Node id="1720"/>1<Node id="1721"/> <Node id="1722"/>Timothy<Node id="1729"/> <Node id="1730"/>4<Node id="1731"/>:<Node id="1732"/>16<Node id="1734"/> <Node id="1735"/> <Node id="1736"/>People<Node id="1742"/> <Node id="1743"/>in<Node id="1745"/> <Node id="1746"/>the<Node id="1749"/> <Node id="1750"/>church<Node id="1756"/> <Node id="1757"/>should<Node id="1763"/> <Node id="1764"/>be<Node id="1766"/> <Node id="1767"/>watching<Node id="1775"/> <Node id="1776"/>their<Node id="1781"/> <Node id="1782"/>lives<Node id="1787"/>
<Node id="1788"/>and<Node id="1791"/> <Node id="1792"/>doctrines<Node id="1801"/> <Node id="1802"/>to<Node id="1804"/> <Node id="1805"/>make<Node id="1809"/> <Node id="1810"/>sure<Node id="1814"/> <Node id="1815"/>they<Node id="1819"/> <Node id="1820"/>both<Node id="1824"/> <Node id="1825"/>live<Node id="1829"/> <Node id="1830"/>up<Node id="1832"/> <Node id="1833"/>to<Node id="1835"/> <Node id="1836"/>the<Node id="1839"/> <Node id="1840"/>Word<Node id="1844"/> <Node id="1845"/>entirely<Node id="1853"/> <Node id="1854"/>(<Node id="1855"/>ie<Node id="1857"/>,<Node id="1858"/>
<Node id="1859"/>disciples<Node id="1868"/>)<Node id="1869"/>.<Node id="1870"/>
<Node id="1871"/> <Node id="1872"/> <Node id="1873"/> <Node id="1874"/>Acts<Node id="1878"/> <Node id="1879"/>17<Node id="1881"/>:<Node id="1882"/>10<Node id="1884"/>-<Node id="1885"/>12<Node id="1887"/> <Node id="1888"/> <Node id="1889"/>The<Node id="1892"/> <Node id="1893"/>pastor<Node id="1899"/> <Node id="1900"/>does<Node id="1904"/> <Node id="1905"/>not<Node id="1908"/> <Node id="1909"/>come<Node id="1913"/> <Node id="1914"/>close<Node id="1919"/> <Node id="1920"/>to<Node id="1922"/> <Node id="1923"/>the<Node id="1926"/> <Node id="1927"/>Apostle<Node id="1934"/> <Node id="1935"/>Paul<Node id="1939"/>
<Node id="1940"/>(<Node id="1941"/>natural<Node id="1948"/> <Node id="1949"/>conclusion<Node id="1959"/> <Node id="1960"/>since<Node id="1965"/> <Node id="1966"/>the<Node id="1969"/> <Node id="1970"/>Apostle<Node id="1977"/> <Node id="1978"/>Paul<Node id="1982"/> <Node id="1983"/>talked<Node id="1989"/> <Node id="1990"/>with<Node id="1994"/> <Node id="1995"/>Jesus<Node id="2000"/> <Node id="2001"/>directly<Node id="2009"/>
<Node id="2010"/>face<Node id="2014"/> <Node id="2015"/>to<Node id="2017"/> <Node id="2018"/>face<Node id="2022"/>)<Node id="2023"/>,<Node id="2024"/> <Node id="2025"/>so<Node id="2027"/> <Node id="2028"/>if<Node id="2030"/> <Node id="2031"/>the<Node id="2034"/> <Node id="2035"/>Bereans<Node id="2042"/>,<Node id="2043"/> <Node id="2044"/>who<Node id="2047"/> <Node id="2048"/>were<Node id="2052"/> <Node id="2053"/>considered<Node id="2063"/> <Node id="2064"/>noble<Node id="2069"/>,<Node id="2070"/> <Node id="2071"/>did<Node id="2074"/>n't<Node id="2077"/> <Node id="2078"/>take<Node id="2082"/>
<Node id="2083"/>Paul<Node id="2087"/> <Node id="2088"/>at<Node id="2090"/> <Node id="2091"/>his<Node id="2094"/> <Node id="2095"/>word<Node id="2099"/> <Node id="2100"/>but<Node id="2103"/> <Node id="2104"/>checked<Node id="2111"/> <Node id="2112"/>out<Node id="2115"/> <Node id="2116"/>what<Node id="2120"/> <Node id="2121"/>he<Node id="2123"/> <Node id="2124"/>said<Node id="2128"/> <Node id="2129"/>with<Node id="2133"/> <Node id="2134"/>Scripture<Node id="2143"/> <Node id="2144"/>to<Node id="2146"/> <Node id="2147"/>verify<Node id="2153"/>
<Node id="2154"/>his<Node id="2157"/> <Node id="2158"/>statements<Node id="2168"/>,<Node id="2169"/> <Node id="2170"/>then<Node id="2174"/> <Node id="2175"/>church<Node id="2181"/> <Node id="2182"/>members<Node id="2189"/> <Node id="2190"/>are<Node id="2193"/> <Node id="2194"/>to<Node id="2196"/> <Node id="2197"/>do<Node id="2199"/> <Node id="2200"/>the<Node id="2203"/> <Node id="2204"/>same<Node id="2208"/> <Node id="2209"/>and<Node id="2212"/> <Node id="2213"/>verify<Node id="2219"/> <Node id="2220"/>the<Node id="2223"/>
<Node id="2224"/>pastor<Node id="2230"/>'s<Node id="2232"/> <Node id="2233"/>statements<Node id="2243"/>.<Node id="2244"/> <Node id="2245"/> <Node id="2246"/>If<Node id="2248"/> <Node id="2249"/>they<Node id="2253"/> <Node id="2254"/>are<Node id="2257"/> <Node id="2258"/>not<Node id="2261"/> <Node id="2262"/>verifiable<Node id="2272"/> <Node id="2273"/>or<Node id="2275"/> <Node id="2276"/>valid<Node id="2281"/> <Node id="2282"/>in<Node id="2284"/> <Node id="2285"/>light<Node id="2290"/> <Node id="2291"/>of<Node id="2293"/>
<Node id="2294"/>other<Node id="2299"/> <Node id="2300"/>verses<Node id="2306"/>,<Node id="2307"/> <Node id="2308"/>then<Node id="2312"/> <Node id="2313"/>that<Node id="2317"/> <Node id="2318"/>group<Node id="2323"/> <Node id="2324"/>should<Node id="2330"/> <Node id="2331"/>be<Node id="2333"/> <Node id="2334"/>avoided<Node id="2341"/> <Node id="2342"/>as<Node id="2344"/> <Node id="2345"/>a<Node id="2346"/> <Node id="2347"/>church<Node id="2353"/> <Node id="2354"/>(<Node id="2355"/>would<Node id="2360"/>'ve<Node id="2363"/>
<Node id="2364"/>made<Node id="2368"/> <Node id="2369"/>a<Node id="2370"/> <Node id="2371"/>wonderful<Node id="2380"/> <Node id="2381"/>suggestion<Node id="2391"/> <Node id="2392"/>to<Node id="2394"/> <Node id="2395"/>the<Node id="2398"/> <Node id="2399"/>Waco<Node id="2403"/> <Node id="2404"/>group<Node id="2409"/>,<Node id="2410"/> <Node id="2411"/>especially<Node id="2421"/> <Node id="2422"/>in<Node id="2424"/> <Node id="2425"/>light<Node id="2430"/> <Node id="2431"/>of<Node id="2433"/>
<Node id="2434"/>Matthew<Node id="2441"/> <Node id="2442"/>24<Node id="2444"/>)<Node id="2445"/>.<Node id="2446"/>
<Node id="2447"/>
<Node id="2448"/>Joe<Node id="2451"/> <Node id="2452"/>Fisher<Node id="2458"/>
<Node id="2459"/></TextWithNodes>
<!-- The default annotation set -->

<AnnotationSet>
<Annotation EndNode="2459" StartNode="0" Type="Mention" Id="9999999">
<Feature>
<Name classname="java.lang.String">Class</Name>
<Value classname="java.lang.String">0</Value>
</Feature>
</Annotation>

<Annotation Id="3" Type="Token" StartNode="6" EndNode="14">
<Feature>
  <Name className="java.lang.String">string</Name>
  <Value className="java.lang.String">jodfishe</Value>
</Feature>
</Annotation>
<Annotation Id="5" Type="Token" StartNode="15" EndNode="21">
<Feature>
  <Name className="java.lang.String">string</Name>
  <Value className="java.lang.String">silver</Value>
</Feature>
</Annotation>
<Annotation Id="9" Type="Token" StartNode="26" EndNode="33">
<Feature>
  <Name className="java.lang.String">string</Name>
  <Value className="java.lang.String">indiana</Value>
</Feature>
</Annotation>
<Annotation Id="14" Type="Token" StartNode="39" EndNode="45">
<Feature>
  <Name className="java.lang.String">string</Name>
  <Value className="java.lang.String">joseph</Value>
</Feature>
</Annotation>
<Annotation Id="18" Type="Token" StartNode="51" EndNode="57">
<Feature>
  <Name className="java.lang.String">string</Name>
  <Value className="java.lang.String">fisher</Value>
</Feature>
</Annotation>
<Annotation Id="21" Type="Token" StartNode="59" EndNode="67">
<Feature>
  <Name className="java.lang.String">string</Name>
  <Value className="java.lang.String">Message-</Value>
</Feature>
</Annotation>
<Annotation Id="42" Type="Token" StartNode="105" EndNode="112">
<Feature>
  <Name className="java.lang.String">string</Name>
  <Value className="java.lang.String">rutgers</Value>
</Feature>
</Annotation>
<Annotation Id="40" Type="Token" StartNode="98" EndNode="104">
<Feature>
  <Name className="java.lang.String">string</Name>
  <Value className="java.lang.String">geneva</Value>
</Feature>
</Annotation>
<Annotation Id="69" Type="Token" StartNode="163" EndNode="169">
<Feature>
  <Name className="java.lang.String">string</Name>
  <Value className="java.lang.String">geneva</Value>
</Feature>
</Annotation>
<Annotation Id="71" Type="Token" StartNode="170" EndNode="177">
<Feature>
  <Name className="java.lang.String">string</Name>
  <Value className="java.lang.String">rutgers</Value>
</Feature>
</Annotation>
<Annotation Id="64" Type="Token" StartNode="147" EndNode="153">
<Feature>
  <Name className="java.lang.String">string</Name>
  <Value className="java.lang.String">Sender</Value>
</Feature>
</Annotation>
<Annotation Id="67" Type="Token" StartNode="155" EndNode="162">
<Feature>
  <Name className="java.lang.String">string</Name>
  <Value className="java.lang.String">hedrick</Value>
</Feature>
</Annotation>
<Annotation Id="78" Type="Token" StartNode="196" EndNode="203">
<Feature>
  <Name className="java.lang.String">string</Name>
  <Value className="java.lang.String">Indiana</Value>
</Feature>
</Annotation>
<Annotation Id="75" Type="Token" StartNode="182" EndNode="194">
<Feature>
  <Name className="java.lang.String">string</Name>
  <Value className="java.lang.String">Organization</Value>
</Feature>
</Annotation>
<Annotation Id="87" Type="Token" StartNode="225" EndNode="233">
<Feature>
  <Name className="java.lang.String">string</Name>
  <Value className="java.lang.String">Approved</Value>
</Feature>
</Annotation>
<Annotation Id="80" Type="Token" StartNode="204" EndNode="214">
<Feature>
  <Name className="java.lang.String">string</Name>
  <Value className="java.lang.String">University</Value>
</Feature>
</Annotation>
<Annotation Id="92" Type="Token" StartNode="245" EndNode="251">
<Feature>
  <Name className="java.lang.String">string</Name>
  <Value className="java.lang.String">aramis</Value>
</Feature>
</Annotation>
<Annotation Id="94" Type="Token" StartNode="252" EndNode="259">
<Feature>
  <Name className="java.lang.String">string</Name>
  <Value className="java.lang.String">rutgers</Value>
</Feature>
</Annotation>
<Annotation Id="90" Type="Token" StartNode="235" EndNode="244">
<Feature>
  <Name className="java.lang.String">string</Name>
  <Value className="java.lang.String">christian</Value>
</Feature>
</Annotation>
<Annotation Id="113" Type="Token" StartNode="300" EndNode="306">
<Feature>
  <Name className="java.lang.String">string</Name>
  <Value className="java.lang.String">church</Value>
</Feature>
</Annotation>
<Annotation Id="127" Type="Token" StartNode="330" EndNode="337">
<Feature>
  <Name className="java.lang.String">string</Name>
  <Value className="java.lang.String">helpful</Value>
</Feature>
</Annotation>
<Annotation Id="137" Type="Token" StartNode="357" EndNode="363">
<Feature>
  <Name className="java.lang.String">string</Name>
  <Value className="java.lang.String">choose</Value>
</Feature>
</Annotation>
<Annotation Id="141" Type="Token" StartNode="366" EndNode="372">
<Feature>
  <Name className="java.lang.String">string</Name>
  <Value className="java.lang.String">church</Value>
</Feature>
</Annotation>
<Annotation Id="145" Type="Token" StartNode="375" EndNode="385">
<Feature>
  <Name className="java.lang.String">string</Name>
  <Value className="java.lang.String">Colossians</Value>
</Feature>
</Annotation>
<Annotation Id="177" Type="Token" StartNode="436" EndNode="442">
<Feature>
  <Name className="java.lang.String">string</Name>
  <Value className="java.lang.String">church</Value>
</Feature>
</Annotation>
<Annotation Id="214" Type="Token" StartNode="505" EndNode="514">
<Feature>
  <Name className="java.lang.String">string</Name>
  <Value className="java.lang.String">Ephesians</Value>
</Feature>
</Annotation>
<Annotation Id="211" Type="Token" StartNode="497" EndNode="503">
<Feature>
  <Name className="java.lang.String">string</Name>
  <Value className="java.lang.String">church</Value>
</Feature>
</Annotation>
<Annotation Id="237" Type="Token" StartNode="548" EndNode="554">
<Feature>
  <Name className="java.lang.String">string</Name>
  <Value className="java.lang.String">family</Value>
</Feature>
</Annotation>
<Annotation Id="231" Type="Token" StartNode="534" EndNode="540">
<Feature>
  <Name className="java.lang.String">string</Name>
  <Value className="java.lang.String">church</Value>
</Feature>
</Annotation>
<Annotation Id="252" Type="Token" StartNode="573" EndNode="579">
<Feature>
  <Name className="java.lang.String">string</Name>
  <Value className="java.lang.String">church</Value>
</Feature>
</Annotation>
<Annotation Id="282" Type="Token" StartNode="635" EndNode="641">
<Feature>
  <Name className="java.lang.String">string</Name>
  <Value className="java.lang.String">Christ</Value>
</Feature>
</Annotation>
<Annotation Id="280" Type="Token" StartNode="623" EndNode="634">
<Feature>
  <Name className="java.lang.String">string</Name>
  <Value className="java.lang.String">Cornerstone</Value>
</Feature>
</Annotation>
<Annotation Id="294" Type="Token" StartNode="652" EndNode="662">
<Feature>
  <Name className="java.lang.String">string</Name>
  <Value className="java.lang.String">Foundation</Value>
</Feature>
</Annotation>
<Annotation Id="297" Type="Token" StartNode="664" EndNode="672">
<Feature>
  <Name className="java.lang.String">string</Name>
  <Value className="java.lang.String">Apostles</Value>
</Feature>
</Annotation>
<Annotation Id="301" Type="Token" StartNode="677" EndNode="686">
<Feature>
  <Name className="java.lang.String">string</Name>
  <Value className="java.lang.String">Testament</Value>
</Feature>
</Annotation>
<Annotation Id="347" Type="Token" StartNode="761" EndNode="772">
<Feature>
  <Name className="java.lang.String">string</Name>
  <Value className="java.lang.String">Corinthians</Value>
</Feature>
</Annotation>
<Annotation Id="325" Type="Token" StartNode="709" EndNode="717">
<Feature>
  <Name className="java.lang.String">string</Name>
  <Value className="java.lang.String">Prophets</Value>
</Feature>
</Annotation>
<Annotation Id="335" Type="Token" StartNode="738" EndNode="748">
<Feature>
  <Name className="java.lang.String">string</Name>
  <Value className="java.lang.String">Revelation</Value>
</Feature>
</Annotation>
<Annotation Id="329" Type="Token" StartNode="722" EndNode="731">
<Feature>
  <Name className="java.lang.String">string</Name>
  <Value className="java.lang.String">Testament</Value>
</Feature>
</Annotation>
<Annotation Id="374" Type="Token" StartNode="817" EndNode="823">
<Feature>
  <Name className="java.lang.String">string</Name>
  <Value className="java.lang.String">member</Value>
</Feature>
</Annotation>
<Annotation Id="370" Type="Token" StartNode="808" EndNode="814">
<Feature>
  <Name className="java.lang.String">string</Name>
  <Value className="java.lang.String">become</Value>
</Feature>
</Annotation>
<Annotation Id="380" Type="Token" StartNode="831" EndNode="837">
<Feature>
  <Name className="java.lang.String">string</Name>
  <Value className="java.lang.String">church</Value>
</Feature>
</Annotation>
<Annotation Id="362" Type="Token" StartNode="789" EndNode="796">
<Feature>
  <Name className="java.lang.String">string</Name>
  <Value className="java.lang.String">Baptism</Value>
</Feature>
</Annotation>
<Annotation Id="407" Type="Token" StartNode="894" EndNode="901">
<Feature>
  <Name className="java.lang.String">string</Name>
  <Value className="java.lang.String">teaches</Value>
</Feature>
</Annotation>
<Annotation Id="393" Type="Token" StartNode="862" EndNode="875">
<Feature>
  <Name className="java.lang.String">string</Name>
  <Value className="java.lang.String">denominations</Value>
</Feature>
</Annotation>
<Annotation Id="389" Type="Token" StartNode="850" EndNode="858">
<Feature>
  <Name className="java.lang.String">string</Name>
  <Value className="java.lang.String">question</Value>
</Feature>
</Annotation>
<Annotation Id="443" Type="Token" StartNode="971" EndNode="982">
<Feature>
  <Name className="java.lang.String">string</Name>
  <Value className="java.lang.String">Corinthians</Value>
</Feature>
</Annotation>
<Annotation Id="432" Type="Token" StartNode="954" EndNode="960">
<Feature>
  <Name className="java.lang.String">string</Name>
  <Value className="java.lang.String">Romans</Value>
</Feature>
</Annotation>
<Annotation Id="419" Type="Token" StartNode="925" EndNode="931">
<Feature>
  <Name className="java.lang.String">string</Name>
  <Value className="java.lang.String">church</Value>
</Feature>
</Annotation>
<Annotation Id="423" Type="Token" StartNode="937" EndNode="946">
<Feature>
  <Name className="java.lang.String">string</Name>
  <Value className="java.lang.String">Ephesians</Value>
</Feature>
</Annotation>
<Annotation Id="474" Type="Token" StartNode="1037" EndNode="1043">
<Feature>
  <Name className="java.lang.String">string</Name>
  <Value className="java.lang.String">should</Value>
</Feature>
</Annotation>
<Annotation Id="460" Type="Token" StartNode="1001" EndNode="1012">
<Feature>
  <Name className="java.lang.String">string</Name>
  <Value className="java.lang.String">Corinthians</Value>
</Feature>
</Annotation>
<Annotation Id="508" Type="Token" StartNode="1129" EndNode="1135">
<Feature>
  <Name className="java.lang.String">string</Name>
  <Value className="java.lang.String">church</Value>
</Feature>
</Annotation>
<Annotation Id="502" Type="Token" StartNode="1108" EndNode="1121">
<Feature>
  <Name className="java.lang.String">string</Name>
  <Value className="java.lang.String">personalities</Value>
</Feature>
</Annotation>
<Annotation Id="498" Type="Token" StartNode="1095" EndNode="1104">
<Feature>
  <Name className="java.lang.String">string</Name>
  <Value className="java.lang.String">following</Value>
</Feature>
</Annotation>
<Annotation Id="492" Type="Token" StartNode="1082" EndNode="1088">
<Feature>
  <Name className="java.lang.String">string</Name>
  <Value className="java.lang.String">should</Value>
</Feature>
</Annotation>
<Annotation Id="486" Type="Token" StartNode="1067" EndNode="1073">
<Feature>
  <Name className="java.lang.String">string</Name>
  <Value className="java.lang.String">church</Value>
</Feature>
</Annotation>
<Annotation Id="480" Type="Token" StartNode="1050" EndNode="1059">
<Feature>
  <Name className="java.lang.String">string</Name>
  <Value className="java.lang.String">divisions</Value>
</Feature>
</Annotation>
<Annotation Id="548" Type="Token" StartNode="1219" EndNode="1226">
<Feature>
  <Name className="java.lang.String">string</Name>
  <Value className="java.lang.String">problem</Value>
</Feature>
</Annotation>
<Annotation Id="554" Type="Token" StartNode="1231" EndNode="1238">
<Feature>
  <Name className="java.lang.String">string</Name>
  <Value className="java.lang.String">Timothy</Value>
</Feature>
</Annotation>
<Annotation Id="566" Type="Token" StartNode="1255" EndNode="1261">
<Feature>
  <Name className="java.lang.String">string</Name>
  <Value className="java.lang.String">people</Value>
</Feature>
</Annotation>
<Annotation Id="520" Type="Token" StartNode="1156" EndNode="1164">
<Feature>
  <Name className="java.lang.String">string</Name>
  <Value className="java.lang.String">writings</Value>
</Feature>
</Annotation>
<Annotation Id="542" Type="Token" StartNode="1206" EndNode="1213">
<Feature>
  <Name className="java.lang.String">string</Name>
  <Value className="java.lang.String">because</Value>
</Feature>
</Annotation>
<Annotation Id="538" Type="Token" StartNode="1191" EndNode="1199">
<Feature>
  <Name className="java.lang.String">string</Name>
  <Value className="java.lang.String">churches</Value>
</Feature>
</Annotation>
<Annotation Id="609" Type="Token" StartNode="1369" EndNode="1376">
<Feature>
  <Name className="java.lang.String">string</Name>
  <Value className="java.lang.String">Hebrews</Value>
</Feature>
</Annotation>
<Annotation Id="630" Type="Token" StartNode="1405" EndNode="1411">
<Feature>
  <Name className="java.lang.String">string</Name>
  <Value className="java.lang.String">church</Value>
</Feature>
</Annotation>
<Annotation Id="639" Type="Token" StartNode="1419" EndNode="1426">
<Feature>
  <Name className="java.lang.String">string</Name>
  <Value className="java.lang.String">Purpose</Value>
</Feature>
</Annotation>
<Annotation Id="590" Type="Token" StartNode="1310" EndNode="1316">
<Feature>
  <Name className="java.lang.String">string</Name>
  <Value className="java.lang.String">church</Value>
</Feature>
</Annotation>
<Annotation Id="594" Type="Token" StartNode="1322" EndNode="1329">
<Feature>
  <Name className="java.lang.String">string</Name>
  <Value className="java.lang.String">teaches</Value>
</Feature>
</Annotation>
<Annotation Id="598" Type="Token" StartNode="1332" EndNode="1340">
<Feature>
  <Name className="java.lang.String">string</Name>
  <Value className="java.lang.String">doctrine</Value>
</Feature>
</Annotation>
<Annotation Id="606" Type="Token" StartNode="1358" EndNode="1367">
<Feature>
  <Name className="java.lang.String">string</Name>
  <Value className="java.lang.String">lifestyle</Value>
</Feature>
</Annotation>
<Annotation Id="677" Type="Token" StartNode="1523" EndNode="1529">
<Feature>
  <Name className="java.lang.String">string</Name>
  <Value className="java.lang.String">church</Value>
</Feature>
</Annotation>
<Annotation Id="697" Type="Token" StartNode="1564" EndNode="1571">
<Feature>
  <Name className="java.lang.String">string</Name>
  <Value className="java.lang.String">Another</Value>
</Feature>
</Annotation>
<Annotation Id="694" Type="Token" StartNode="1554" EndNode="1562">
<Feature>
  <Name className="java.lang.String">string</Name>
  <Value className="java.lang.String">services</Value>
</Feature>
</Annotation>
<Annotation Id="645" Type="Token" StartNode="1433" EndNode="1442">
<Feature>
  <Name className="java.lang.String">string</Name>
  <Value className="java.lang.String">encourage</Value>
</Feature>
</Annotation>
<Annotation Id="669" Type="Token" StartNode="1497" EndNode="1509">
<Feature>
  <Name className="java.lang.String">string</Name>
  <Value className="java.lang.String">relationship</Value>
</Feature>
</Annotation>
<Annotation Id="660" Type="Token" StartNode="1473" EndNode="1481">
<Feature>
  <Name className="java.lang.String">string</Name>
  <Value className="java.lang.String">faithful</Value>
</Feature>
</Annotation>
<Annotation Id="663" Type="Token" StartNode="1483" EndNode="1491">
<Feature>
  <Name className="java.lang.String">string</Name>
  <Value className="java.lang.String">Involved</Value>
</Feature>
</Annotation>
<Annotation Id="658" Type="Token" StartNode="1466" EndNode="1472">
<Feature>
  <Name className="java.lang.String">string</Name>
  <Value className="java.lang.String">remain</Value>
</Feature>
</Annotation>
<Annotation Id="750" Type="Token" StartNode="1687" EndNode="1693">
<Feature>
  <Name className="java.lang.String">string</Name>
  <Value className="java.lang.String">course</Value>
</Feature>
</Annotation>
<Annotation Id="765" Type="Token" StartNode="1722" EndNode="1729">
<Feature>
  <Name className="java.lang.String">string</Name>
  <Value className="java.lang.String">Timothy</Value>
</Feature>
</Annotation>
<Annotation Id="755" Type="Token" StartNode="1700" EndNode="1709">
<Feature>
  <Name className="java.lang.String">string</Name>
  <Value className="java.lang.String">standards</Value>
</Feature>
</Annotation>
<Annotation Id="705" Type="Token" StartNode="1587" EndNode="1594">
<Feature>
  <Name className="java.lang.String">string</Name>
  <Value className="java.lang.String">helpful</Value>
</Feature>
</Annotation>
<Annotation Id="709" Type="Token" StartNode="1598" EndNode="1605">
<Feature>
  <Name className="java.lang.String">string</Name>
  <Value className="java.lang.String">Hebrews</Value>
</Feature>
</Annotation>
<Annotation Id="721" Type="Token" StartNode="1620" EndNode="1626">
<Feature>
  <Name className="java.lang.String">string</Name>
  <Value className="java.lang.String">church</Value>
</Feature>
</Annotation>
<Annotation Id="723" Type="Token" StartNode="1627" EndNode="1633">
<Feature>
  <Name className="java.lang.String">string</Name>
  <Value className="java.lang.String">should</Value>
</Feature>
</Annotation>
<Annotation Id="727" Type="Token" StartNode="1637" EndNode="1648">
<Feature>
  <Name className="java.lang.String">string</Name>
  <Value className="java.lang.String">encouraging</Value>
</Feature>
</Annotation>
<Annotation Id="820" Type="Token" StartNode="1859" EndNode="1868">
<Feature>
  <Name className="java.lang.String">string</Name>
  <Value className="java.lang.String">disciples</Value>
</Feature>
</Annotation>
<Annotation Id="814" Type="Token" StartNode="1845" EndNode="1853">
<Feature>
  <Name className="java.lang.String">string</Name>
  <Value className="java.lang.String">entirely</Value>
</Feature>
</Annotation>
<Annotation Id="784" Type="Token" StartNode="1767" EndNode="1775">
<Feature>
  <Name className="java.lang.String">string</Name>
  <Value className="java.lang.String">watching</Value>
</Feature>
</Annotation>
<Annotation Id="792" Type="Token" StartNode="1792" EndNode="1801">
<Feature>
  <Name className="java.lang.String">string</Name>
  <Value className="java.lang.String">doctrines</Value>
</Feature>
</Annotation>
<Annotation Id="772" Type="Token" StartNode="1736" EndNode="1742">
<Feature>
  <Name className="java.lang.String">string</Name>
  <Value className="java.lang.String">People</Value>
</Feature>
</Annotation>
<Annotation Id="780" Type="Token" StartNode="1757" EndNode="1763">
<Feature>
  <Name className="java.lang.String">string</Name>
  <Value className="java.lang.String">should</Value>
</Feature>
</Annotation>
<Annotation Id="778" Type="Token" StartNode="1750" EndNode="1756">
<Feature>
  <Name className="java.lang.String">string</Name>
  <Value className="java.lang.String">church</Value>
</Feature>
</Annotation>
<Annotation Id="891" Type="Token" StartNode="2035" EndNode="2042">
<Feature>
  <Name className="java.lang.String">string</Name>
  <Value className="java.lang.String">Bereans</Value>
</Feature>
</Annotation>
<Annotation Id="865" Type="Token" StartNode="1970" EndNode="1977">
<Feature>
  <Name className="java.lang.String">string</Name>
  <Value className="java.lang.String">Apostle</Value>
</Feature>
</Annotation>
<Annotation Id="869" Type="Token" StartNode="1983" EndNode="1989">
<Feature>
  <Name className="java.lang.String">string</Name>
  <Value className="java.lang.String">talked</Value>
</Feature>
</Annotation>
<Annotation Id="875" Type="Token" StartNode="2001" EndNode="2009">
<Feature>
  <Name className="java.lang.String">string</Name>
  <Value className="java.lang.String">directly</Value>
</Feature>
</Annotation>
<Annotation Id="852" Type="Token" StartNode="1927" EndNode="1934">
<Feature>
  <Name className="java.lang.String">string</Name>
  <Value className="java.lang.String">Apostle</Value>
</Feature>
</Annotation>
<Annotation Id="859" Type="Token" StartNode="1949" EndNode="1959">
<Feature>
  <Name className="java.lang.String">string</Name>
  <Value className="java.lang.String">conclusion</Value>
</Feature>
</Annotation>
<Annotation Id="857" Type="Token" StartNode="1941" EndNode="1948">
<Feature>
  <Name className="java.lang.String">string</Name>
  <Value className="java.lang.String">natural</Value>
</Feature>
</Annotation>
<Annotation Id="838" Type="Token" StartNode="1893" EndNode="1899">
<Feature>
  <Name className="java.lang.String">string</Name>
  <Value className="java.lang.String">pastor</Value>
</Feature>
</Annotation>
<Annotation Id="944" Type="Token" StartNode="2175" EndNode="2181">
<Feature>
  <Name className="java.lang.String">string</Name>
  <Value className="java.lang.String">church</Value>
</Feature>
</Annotation>
<Annotation Id="946" Type="Token" StartNode="2182" EndNode="2189">
<Feature>
  <Name className="java.lang.String">string</Name>
  <Value className="java.lang.String">members</Value>
</Feature>
</Annotation>
<Annotation Id="939" Type="Token" StartNode="2158" EndNode="2168">
<Feature>
  <Name className="java.lang.String">string</Name>
  <Value className="java.lang.String">statements</Value>
</Feature>
</Annotation>
<Annotation Id="935" Type="Token" StartNode="2147" EndNode="2153">
<Feature>
  <Name className="java.lang.String">string</Name>
  <Value className="java.lang.String">verify</Value>
</Feature>
</Annotation>
<Annotation Id="931" Type="Token" StartNode="2134" EndNode="2143">
<Feature>
  <Name className="java.lang.String">string</Name>
  <Value className="java.lang.String">Scripture</Value>
</Feature>
</Annotation>
<Annotation Id="919" Type="Token" StartNode="2104" EndNode="2111">
<Feature>
  <Name className="java.lang.String">string</Name>
  <Value className="java.lang.String">checked</Value>
</Feature>
</Annotation>
<Annotation Id="898" Type="Token" StartNode="2053" EndNode="2063">
<Feature>
  <Name className="java.lang.String">string</Name>
  <Value className="java.lang.String">considered</Value>
</Feature>
</Annotation>
<Annotation Id="1013" Type="Token" StartNode="2347" EndNode="2353">
<Feature>
  <Name className="java.lang.String">string</Name>
  <Value className="java.lang.String">church</Value>
</Feature>
</Annotation>
<Annotation Id="1003" Type="Token" StartNode="2324" EndNode="2330">
<Feature>
  <Name className="java.lang.String">string</Name>
  <Value className="java.lang.String">should</Value>
</Feature>
</Annotation>
<Annotation Id="1007" Type="Token" StartNode="2334" EndNode="2341">
<Feature>
  <Name className="java.lang.String">string</Name>
  <Value className="java.lang.String">avoided</Value>
</Feature>
</Annotation>
<Annotation Id="994" Type="Token" StartNode="2300" EndNode="2306">
<Feature>
  <Name className="java.lang.String">string</Name>
  <Value className="java.lang.String">verses</Value>
</Feature>
</Annotation>
<Annotation Id="980" Type="Token" StartNode="2262" EndNode="2272">
<Feature>
  <Name className="java.lang.String">string</Name>
  <Value className="java.lang.String">verifiable</Value>
</Feature>
</Annotation>
<Annotation Id="968" Type="Token" StartNode="2233" EndNode="2243">
<Feature>
  <Name className="java.lang.String">string</Name>
  <Value className="java.lang.String">statements</Value>
</Feature>
</Annotation>
<Annotation Id="960" Type="Token" StartNode="2213" EndNode="2219">
<Feature>
  <Name className="java.lang.String">string</Name>
  <Value className="java.lang.String">verify</Value>
</Feature>
</Annotation>
<Annotation Id="964" Type="Token" StartNode="2224" EndNode="2230">
<Feature>
  <Name className="java.lang.String">string</Name>
  <Value className="java.lang.String">pastor</Value>
</Feature>
</Annotation>
<Annotation Id="1037" Type="Token" StartNode="2411" EndNode="2421">
<Feature>
  <Name className="java.lang.String">string</Name>
  <Value className="java.lang.String">especially</Value>
</Feature>
</Annotation>
<Annotation Id="1024" Type="Token" StartNode="2371" EndNode="2380">
<Feature>
  <Name className="java.lang.String">string</Name>
  <Value className="java.lang.String">wonderful</Value>
</Feature>
</Annotation>
<Annotation Id="1026" Type="Token" StartNode="2381" EndNode="2391">
<Feature>
  <Name className="java.lang.String">string</Name>
  <Value className="java.lang.String">suggestion</Value>
</Feature>
</Annotation>
<Annotation Id="1054" Type="Token" StartNode="2452" EndNode="2458">
<Feature>
  <Name className="java.lang.String">string</Name>
  <Value className="java.lang.String">Fisher</Value>
</Feature>
</Annotation>
<Annotation Id="1045" Type="Token" StartNode="2434" EndNode="2441">
<Feature>
  <Name className="java.lang.String">string</Name>
  <Value className="java.lang.String">Matthew</Value>
</Feature>
</Annotation>
</AnnotationSet>
<AnnotationSet Name="Original markups"> </AnnotationSet>
</GateDocument>