<?xml version='1.0' encoding='UTF-8'?>
<GateDocument version="3">
<!-- The document's features-->

<GateDocumentFeatures>
<Feature>
  <Name className="java.lang.String">Original_document_content_on_load</Name>
  <Value className="java.lang.String"><![CDATA[Organization: University of Illinois at Chicago, academic Computer Center
Date: Sun, 18 Apr 1993 17:25:44 CDT
From: Jason Kratz <U28037@uicvm.uic.edu>
Message-ID: <93108.172544U28037@uicvm.uic.edu>
Distribution: usa
References: <93105.215548U28037@uicvm.uic.edu>
 <1qm7qoINNqnv@clem.handheld.com> <1993Apr17.235338.2819@ucsu.Colorado.EDU>
Lines: 31

In article <1993Apr17.235338.2819@ucsu.Colorado.EDU>, fcrary@ucsu.Colorado.EDU
(Frank Crary) says:
>
>>>>...I have never seen anyone else practice marksmanship by
>>>> taking their gun out of their coat as fast as possible and start shooting.
>
>>>That is the recommended way to practice with a CCW, too.  Aim alone is no   d
>goo
>>>for defense, if you can't get the gun rapidly.
>
>>Very true but the way it was being done was just a little unusual.  It looked
>>to me like they were practicing to shoot someone...

The point that I forgot to bring up here (and this has nothing to do with being
a gang member or not) is that it is illegal to carry a concealed weapon in this
area (or in the state of illinois for that matter).  This is not to say that
people in Illinois don't carry concealed weapons illegaly but practicing like
that when there are other people around wasn't too bright of an idea.

>
>There isn't necessarily a conflict between practicing with a concealed
>weapon for self-defence and practicing to shoot someone. Armed
>self-defence does occasionally involve shooting an attacker.
>
>                                              Frank Crary
>                                              CU Boulder

I agree.      If you don't practice at all and carry a gun for self-defense you
most likely would be in big trouble if a situation were to arise.

Jason - u28037@uicvm.cc.uic.edu
]]></Value>
</Feature>
<Feature>
  <Name className="java.lang.String">gate.SourceURL</Name>
  <Value className="java.lang.String">file:/C:/Users/jian/Documents/NetBeansProjects/NoiseReductionTechniques/mideastPoliticsMix/negative193</Value>
</Feature>
</GateDocumentFeatures>
<!-- The document content area with serialized nodes -->

<TextWithNodes><Node id="0"/>Organization<Node id="12"/>:<Node id="13"/> <Node id="14"/>University<Node id="24"/> <Node id="25"/>of<Node id="27"/> <Node id="28"/>Illinois<Node id="36"/> <Node id="37"/>at<Node id="39"/> <Node id="40"/>Chicago<Node id="47"/>,<Node id="48"/> <Node id="49"/>academic<Node id="57"/> <Node id="58"/>Computer<Node id="66"/> <Node id="67"/>Center<Node id="73"/>
<Node id="74"/>Date<Node id="78"/>:<Node id="79"/> <Node id="80"/>Sun<Node id="83"/>,<Node id="84"/> <Node id="85"/>18<Node id="87"/> <Node id="88"/>Apr<Node id="91"/> <Node id="92"/>1993<Node id="96"/> <Node id="97"/>17<Node id="99"/>:<Node id="100"/>25<Node id="102"/>:<Node id="103"/>44<Node id="105"/> <Node id="106"/>CDT<Node id="109"/>
<Node id="110"/>From<Node id="114"/>:<Node id="115"/> <Node id="116"/>Jason<Node id="121"/> <Node id="122"/>Kratz<Node id="127"/> <Node id="128"/>&lt;<Node id="129"/>U<Node id="130"/>28037<Node id="135"/>@<Node id="136"/>uicvm<Node id="141"/>.<Node id="142"/>uic<Node id="145"/>.<Node id="146"/>edu<Node id="149"/>&gt;<Node id="150"/>
<Node id="151"/>Message-<Node id="159"/>ID<Node id="161"/>:<Node id="162"/> <Node id="163"/>&lt;<Node id="164"/>93108<Node id="169"/>.<Node id="170"/>172544<Node id="176"/>U<Node id="177"/>28037<Node id="182"/>@<Node id="183"/>uicvm<Node id="188"/>.<Node id="189"/>uic<Node id="192"/>.<Node id="193"/>edu<Node id="196"/>&gt;<Node id="197"/>
<Node id="198"/>Distribution<Node id="210"/>:<Node id="211"/> <Node id="212"/>usa<Node id="215"/>
<Node id="216"/>References<Node id="226"/>:<Node id="227"/> <Node id="228"/>&lt;<Node id="229"/>93105<Node id="234"/>.<Node id="235"/>215548<Node id="241"/>U<Node id="242"/>28037<Node id="247"/>@<Node id="248"/>uicvm<Node id="253"/>.<Node id="254"/>uic<Node id="257"/>.<Node id="258"/>edu<Node id="261"/>&gt;<Node id="262"/>
<Node id="263"/> <Node id="264"/>&lt;<Node id="265"/>1<Node id="266"/>qm<Node id="268"/>7<Node id="269"/>qoINNqnv<Node id="277"/>@<Node id="278"/>clem<Node id="282"/>.<Node id="283"/>handheld<Node id="291"/>.<Node id="292"/>com<Node id="295"/>&gt;<Node id="296"/> <Node id="297"/>&lt;<Node id="298"/>1993<Node id="302"/>Apr<Node id="305"/>17<Node id="307"/>.<Node id="308"/>235338<Node id="314"/>.<Node id="315"/>2819<Node id="319"/>@<Node id="320"/>ucsu<Node id="324"/>.<Node id="325"/>Colorado<Node id="333"/>.<Node id="334"/>EDU<Node id="337"/>&gt;<Node id="338"/>
<Node id="339"/>Lines<Node id="344"/>:<Node id="345"/> <Node id="346"/>31<Node id="348"/>
<Node id="349"/>
<Node id="350"/>In<Node id="352"/> <Node id="353"/>article<Node id="360"/> <Node id="361"/>&lt;<Node id="362"/>1993<Node id="366"/>Apr<Node id="369"/>17<Node id="371"/>.<Node id="372"/>235338<Node id="378"/>.<Node id="379"/>2819<Node id="383"/>@<Node id="384"/>ucsu<Node id="388"/>.<Node id="389"/>Colorado<Node id="397"/>.<Node id="398"/>EDU<Node id="401"/>&gt;<Node id="402"/>,<Node id="403"/> <Node id="404"/>fcrary<Node id="410"/>@<Node id="411"/>ucsu<Node id="415"/>.<Node id="416"/>Colorado<Node id="424"/>.<Node id="425"/>EDU<Node id="428"/>
<Node id="429"/>(<Node id="430"/>Frank<Node id="435"/> <Node id="436"/>Crary<Node id="441"/>)<Node id="442"/> <Node id="443"/>says<Node id="447"/>:<Node id="448"/>
<Node id="449"/>&gt;<Node id="450"/>
<Node id="451"/>&gt;<Node id="452"/>&gt;<Node id="453"/>&gt;<Node id="454"/>&gt;<Node id="455"/>.<Node id="456"/>.<Node id="457"/>.<Node id="458"/>I<Node id="459"/> <Node id="460"/>have<Node id="464"/> <Node id="465"/>never<Node id="470"/> <Node id="471"/>seen<Node id="475"/> <Node id="476"/>anyone<Node id="482"/> <Node id="483"/>else<Node id="487"/> <Node id="488"/>practice<Node id="496"/> <Node id="497"/>marksmanship<Node id="509"/> <Node id="510"/>by<Node id="512"/>
<Node id="513"/>&gt;<Node id="514"/>&gt;<Node id="515"/>&gt;<Node id="516"/>&gt;<Node id="517"/> <Node id="518"/>taking<Node id="524"/> <Node id="525"/>their<Node id="530"/> <Node id="531"/>gun<Node id="534"/> <Node id="535"/>out<Node id="538"/> <Node id="539"/>of<Node id="541"/> <Node id="542"/>their<Node id="547"/> <Node id="548"/>coat<Node id="552"/> <Node id="553"/>as<Node id="555"/> <Node id="556"/>fast<Node id="560"/> <Node id="561"/>as<Node id="563"/> <Node id="564"/>possible<Node id="572"/> <Node id="573"/>and<Node id="576"/> <Node id="577"/>start<Node id="582"/> <Node id="583"/>shooting<Node id="591"/>.<Node id="592"/>
<Node id="593"/>&gt;<Node id="594"/>
<Node id="595"/>&gt;<Node id="596"/>&gt;<Node id="597"/>&gt;<Node id="598"/>That<Node id="602"/> <Node id="603"/>is<Node id="605"/> <Node id="606"/>the<Node id="609"/> <Node id="610"/>recommended<Node id="621"/> <Node id="622"/>way<Node id="625"/> <Node id="626"/>to<Node id="628"/> <Node id="629"/>practice<Node id="637"/> <Node id="638"/>with<Node id="642"/> <Node id="643"/>a<Node id="644"/> <Node id="645"/>CCW<Node id="648"/>,<Node id="649"/> <Node id="650"/>too<Node id="653"/>.<Node id="654"/> <Node id="655"/> <Node id="656"/>Aim<Node id="659"/> <Node id="660"/>alone<Node id="665"/> <Node id="666"/>is<Node id="668"/> <Node id="669"/>no<Node id="671"/> <Node id="672"/> <Node id="673"/> <Node id="674"/>d<Node id="675"/>
<Node id="676"/>&gt;<Node id="677"/>goo<Node id="680"/>
<Node id="681"/>&gt;<Node id="682"/>&gt;<Node id="683"/>&gt;<Node id="684"/>for<Node id="687"/> <Node id="688"/>defense<Node id="695"/>,<Node id="696"/> <Node id="697"/>if<Node id="699"/> <Node id="700"/>you<Node id="703"/> <Node id="704"/>ca<Node id="706"/>n't<Node id="709"/> <Node id="710"/>get<Node id="713"/> <Node id="714"/>the<Node id="717"/> <Node id="718"/>gun<Node id="721"/> <Node id="722"/>rapidly<Node id="729"/>.<Node id="730"/>
<Node id="731"/>&gt;<Node id="732"/>
<Node id="733"/>&gt;<Node id="734"/>&gt;<Node id="735"/>Very<Node id="739"/> <Node id="740"/>true<Node id="744"/> <Node id="745"/>but<Node id="748"/> <Node id="749"/>the<Node id="752"/> <Node id="753"/>way<Node id="756"/> <Node id="757"/>it<Node id="759"/> <Node id="760"/>was<Node id="763"/> <Node id="764"/>being<Node id="769"/> <Node id="770"/>done<Node id="774"/> <Node id="775"/>was<Node id="778"/> <Node id="779"/>just<Node id="783"/> <Node id="784"/>a<Node id="785"/> <Node id="786"/>little<Node id="792"/> <Node id="793"/>unusual<Node id="800"/>.<Node id="801"/> <Node id="802"/> <Node id="803"/>It<Node id="805"/> <Node id="806"/>looked<Node id="812"/>
<Node id="813"/>&gt;<Node id="814"/>&gt;<Node id="815"/>to<Node id="817"/> <Node id="818"/>me<Node id="820"/> <Node id="821"/>like<Node id="825"/> <Node id="826"/>they<Node id="830"/> <Node id="831"/>were<Node id="835"/> <Node id="836"/>practicing<Node id="846"/> <Node id="847"/>to<Node id="849"/> <Node id="850"/>shoot<Node id="855"/> <Node id="856"/>someone<Node id="863"/>.<Node id="864"/>.<Node id="865"/>.<Node id="866"/>
<Node id="867"/>
<Node id="868"/>The<Node id="871"/> <Node id="872"/>point<Node id="877"/> <Node id="878"/>that<Node id="882"/> <Node id="883"/>I<Node id="884"/> <Node id="885"/>forgot<Node id="891"/> <Node id="892"/>to<Node id="894"/> <Node id="895"/>bring<Node id="900"/> <Node id="901"/>up<Node id="903"/> <Node id="904"/>here<Node id="908"/> <Node id="909"/>(<Node id="910"/>and<Node id="913"/> <Node id="914"/>this<Node id="918"/> <Node id="919"/>has<Node id="922"/> <Node id="923"/>nothing<Node id="930"/> <Node id="931"/>to<Node id="933"/> <Node id="934"/>do<Node id="936"/> <Node id="937"/>with<Node id="941"/> <Node id="942"/>being<Node id="947"/>
<Node id="948"/>a<Node id="949"/> <Node id="950"/>gang<Node id="954"/> <Node id="955"/>member<Node id="961"/> <Node id="962"/>or<Node id="964"/> <Node id="965"/>not<Node id="968"/>)<Node id="969"/> <Node id="970"/>is<Node id="972"/> <Node id="973"/>that<Node id="977"/> <Node id="978"/>it<Node id="980"/> <Node id="981"/>is<Node id="983"/> <Node id="984"/>illegal<Node id="991"/> <Node id="992"/>to<Node id="994"/> <Node id="995"/>carry<Node id="1000"/> <Node id="1001"/>a<Node id="1002"/> <Node id="1003"/>concealed<Node id="1012"/> <Node id="1013"/>weapon<Node id="1019"/> <Node id="1020"/>in<Node id="1022"/> <Node id="1023"/>this<Node id="1027"/>
<Node id="1028"/>area<Node id="1032"/> <Node id="1033"/>(<Node id="1034"/>or<Node id="1036"/> <Node id="1037"/>in<Node id="1039"/> <Node id="1040"/>the<Node id="1043"/> <Node id="1044"/>state<Node id="1049"/> <Node id="1050"/>of<Node id="1052"/> <Node id="1053"/>illinois<Node id="1061"/> <Node id="1062"/>for<Node id="1065"/> <Node id="1066"/>that<Node id="1070"/> <Node id="1071"/>matter<Node id="1077"/>)<Node id="1078"/>.<Node id="1079"/> <Node id="1080"/> <Node id="1081"/>This<Node id="1085"/> <Node id="1086"/>is<Node id="1088"/> <Node id="1089"/>not<Node id="1092"/> <Node id="1093"/>to<Node id="1095"/> <Node id="1096"/>say<Node id="1099"/> <Node id="1100"/>that<Node id="1104"/>
<Node id="1105"/>people<Node id="1111"/> <Node id="1112"/>in<Node id="1114"/> <Node id="1115"/>Illinois<Node id="1123"/> <Node id="1124"/>do<Node id="1126"/>n't<Node id="1129"/> <Node id="1130"/>carry<Node id="1135"/> <Node id="1136"/>concealed<Node id="1145"/> <Node id="1146"/>weapons<Node id="1153"/> <Node id="1154"/>illegaly<Node id="1162"/> <Node id="1163"/>but<Node id="1166"/> <Node id="1167"/>practicing<Node id="1177"/> <Node id="1178"/>like<Node id="1182"/>
<Node id="1183"/>that<Node id="1187"/> <Node id="1188"/>when<Node id="1192"/> <Node id="1193"/>there<Node id="1198"/> <Node id="1199"/>are<Node id="1202"/> <Node id="1203"/>other<Node id="1208"/> <Node id="1209"/>people<Node id="1215"/> <Node id="1216"/>around<Node id="1222"/> <Node id="1223"/>was<Node id="1226"/>n't<Node id="1229"/> <Node id="1230"/>too<Node id="1233"/> <Node id="1234"/>bright<Node id="1240"/> <Node id="1241"/>of<Node id="1243"/> <Node id="1244"/>an<Node id="1246"/> <Node id="1247"/>idea<Node id="1251"/>.<Node id="1252"/>
<Node id="1253"/>
<Node id="1254"/>&gt;<Node id="1255"/>
<Node id="1256"/>&gt;<Node id="1257"/>There<Node id="1262"/> <Node id="1263"/>is<Node id="1265"/>n't<Node id="1268"/> <Node id="1269"/>necessarily<Node id="1280"/> <Node id="1281"/>a<Node id="1282"/> <Node id="1283"/>conflict<Node id="1291"/> <Node id="1292"/>between<Node id="1299"/> <Node id="1300"/>practicing<Node id="1310"/> <Node id="1311"/>with<Node id="1315"/> <Node id="1316"/>a<Node id="1317"/> <Node id="1318"/>concealed<Node id="1327"/>
<Node id="1328"/>&gt;<Node id="1329"/>weapon<Node id="1335"/> <Node id="1336"/>for<Node id="1339"/> <Node id="1340"/>self-defence<Node id="1352"/> <Node id="1353"/>and<Node id="1356"/> <Node id="1357"/>practicing<Node id="1367"/> <Node id="1368"/>to<Node id="1370"/> <Node id="1371"/>shoot<Node id="1376"/> <Node id="1377"/>someone<Node id="1384"/>.<Node id="1385"/> <Node id="1386"/>Armed<Node id="1391"/>
<Node id="1392"/>&gt;<Node id="1393"/>self-defence<Node id="1405"/> <Node id="1406"/>does<Node id="1410"/> <Node id="1411"/>occasionally<Node id="1423"/> <Node id="1424"/>involve<Node id="1431"/> <Node id="1432"/>shooting<Node id="1440"/> <Node id="1441"/>an<Node id="1443"/> <Node id="1444"/>attacker<Node id="1452"/>.<Node id="1453"/>
<Node id="1454"/>&gt;<Node id="1455"/>
<Node id="1456"/>&gt;<Node id="1457"/> <Node id="1458"/> <Node id="1459"/> <Node id="1460"/> <Node id="1461"/> <Node id="1462"/> <Node id="1463"/> <Node id="1464"/> <Node id="1465"/> <Node id="1466"/> <Node id="1467"/> <Node id="1468"/> <Node id="1469"/> <Node id="1470"/> <Node id="1471"/> <Node id="1472"/> <Node id="1473"/> <Node id="1474"/> <Node id="1475"/> <Node id="1476"/> <Node id="1477"/> <Node id="1478"/> <Node id="1479"/> <Node id="1480"/> <Node id="1481"/> <Node id="1482"/> <Node id="1483"/> <Node id="1484"/> <Node id="1485"/> <Node id="1486"/> <Node id="1487"/> <Node id="1488"/> <Node id="1489"/> <Node id="1490"/> <Node id="1491"/> <Node id="1492"/> <Node id="1493"/> <Node id="1494"/> <Node id="1495"/> <Node id="1496"/> <Node id="1497"/> <Node id="1498"/> <Node id="1499"/> <Node id="1500"/> <Node id="1501"/> <Node id="1502"/> <Node id="1503"/>Frank<Node id="1508"/> <Node id="1509"/>Crary<Node id="1514"/>
<Node id="1515"/>&gt;<Node id="1516"/> <Node id="1517"/> <Node id="1518"/> <Node id="1519"/> <Node id="1520"/> <Node id="1521"/> <Node id="1522"/> <Node id="1523"/> <Node id="1524"/> <Node id="1525"/> <Node id="1526"/> <Node id="1527"/> <Node id="1528"/> <Node id="1529"/> <Node id="1530"/> <Node id="1531"/> <Node id="1532"/> <Node id="1533"/> <Node id="1534"/> <Node id="1535"/> <Node id="1536"/> <Node id="1537"/> <Node id="1538"/> <Node id="1539"/> <Node id="1540"/> <Node id="1541"/> <Node id="1542"/> <Node id="1543"/> <Node id="1544"/> <Node id="1545"/> <Node id="1546"/> <Node id="1547"/> <Node id="1548"/> <Node id="1549"/> <Node id="1550"/> <Node id="1551"/> <Node id="1552"/> <Node id="1553"/> <Node id="1554"/> <Node id="1555"/> <Node id="1556"/> <Node id="1557"/> <Node id="1558"/> <Node id="1559"/> <Node id="1560"/> <Node id="1561"/> <Node id="1562"/>CU<Node id="1564"/> <Node id="1565"/>Boulder<Node id="1572"/>
<Node id="1573"/>
<Node id="1574"/>I<Node id="1575"/> <Node id="1576"/>agree<Node id="1581"/>.<Node id="1582"/> <Node id="1583"/> <Node id="1584"/> <Node id="1585"/> <Node id="1586"/> <Node id="1587"/> <Node id="1588"/>If<Node id="1590"/> <Node id="1591"/>you<Node id="1594"/> <Node id="1595"/>do<Node id="1597"/>n't<Node id="1600"/> <Node id="1601"/>practice<Node id="1609"/> <Node id="1610"/>at<Node id="1612"/> <Node id="1613"/>all<Node id="1616"/> <Node id="1617"/>and<Node id="1620"/> <Node id="1621"/>carry<Node id="1626"/> <Node id="1627"/>a<Node id="1628"/> <Node id="1629"/>gun<Node id="1632"/> <Node id="1633"/>for<Node id="1636"/> <Node id="1637"/>self-defense<Node id="1649"/> <Node id="1650"/>you<Node id="1653"/>
<Node id="1654"/>most<Node id="1658"/> <Node id="1659"/>likely<Node id="1665"/> <Node id="1666"/>would<Node id="1671"/> <Node id="1672"/>be<Node id="1674"/> <Node id="1675"/>in<Node id="1677"/> <Node id="1678"/>big<Node id="1681"/> <Node id="1682"/>trouble<Node id="1689"/> <Node id="1690"/>if<Node id="1692"/> <Node id="1693"/>a<Node id="1694"/> <Node id="1695"/>situation<Node id="1704"/> <Node id="1705"/>were<Node id="1709"/> <Node id="1710"/>to<Node id="1712"/> <Node id="1713"/>arise<Node id="1718"/>.<Node id="1719"/>
<Node id="1720"/>
<Node id="1721"/>Jason<Node id="1726"/> <Node id="1727"/>-<Node id="1728"/> <Node id="1729"/>u<Node id="1730"/>28037<Node id="1735"/>@<Node id="1736"/>uicvm<Node id="1741"/>.<Node id="1742"/>cc<Node id="1744"/>.<Node id="1745"/>uic<Node id="1748"/>.<Node id="1749"/>edu<Node id="1752"/>
<Node id="1753"/></TextWithNodes>
<!-- The default annotation set -->

<AnnotationSet>
<Annotation EndNode="1753" StartNode="0" Type="Mention" Id="9999999">
<Feature>
<Name classname="java.lang.String">Class</Name>
<Value classname="java.lang.String">0</Value>
</Feature>
</Annotation>

<Annotation Id="0" Type="Token" StartNode="0" EndNode="12">
<Feature>
  <Name className="java.lang.String">string</Name>
  <Value className="java.lang.String">Organization</Value>
</Feature>
</Annotation>
<Annotation Id="3" Type="Token" StartNode="14" EndNode="24">
<Feature>
  <Name className="java.lang.String">string</Name>
  <Value className="java.lang.String">University</Value>
</Feature>
</Annotation>
<Annotation Id="7" Type="Token" StartNode="28" EndNode="36">
<Feature>
  <Name className="java.lang.String">string</Name>
  <Value className="java.lang.String">Illinois</Value>
</Feature>
</Annotation>
<Annotation Id="11" Type="Token" StartNode="40" EndNode="47">
<Feature>
  <Name className="java.lang.String">string</Name>
  <Value className="java.lang.String">Chicago</Value>
</Feature>
</Annotation>
<Annotation Id="14" Type="Token" StartNode="49" EndNode="57">
<Feature>
  <Name className="java.lang.String">string</Name>
  <Value className="java.lang.String">academic</Value>
</Feature>
</Annotation>
<Annotation Id="16" Type="Token" StartNode="58" EndNode="66">
<Feature>
  <Name className="java.lang.String">string</Name>
  <Value className="java.lang.String">Computer</Value>
</Feature>
</Annotation>
<Annotation Id="18" Type="Token" StartNode="67" EndNode="73">
<Feature>
  <Name className="java.lang.String">string</Name>
  <Value className="java.lang.String">Center</Value>
</Feature>
</Annotation>
<Annotation Id="58" Type="Token" StartNode="151" EndNode="159">
<Feature>
  <Name className="java.lang.String">string</Name>
  <Value className="java.lang.String">Message-</Value>
</Feature>
</Annotation>
<Annotation Id="65" Type="Token" StartNode="170" EndNode="176">
</Annotation>
<Annotation Id="76" Type="Token" StartNode="198" EndNode="210">
<Feature>
  <Name className="java.lang.String">string</Name>
  <Value className="java.lang.String">Distribution</Value>
</Feature>
</Annotation>
<Annotation Id="87" Type="Token" StartNode="235" EndNode="241">
</Annotation>
<Annotation Id="81" Type="Token" StartNode="216" EndNode="226">
<Feature>
  <Name className="java.lang.String">string</Name>
  <Value className="java.lang.String">References</Value>
</Feature>
</Annotation>
<Annotation Id="103" Type="Token" StartNode="269" EndNode="277">
<Feature>
  <Name className="java.lang.String">string</Name>
  <Value className="java.lang.String">qoINNqnv</Value>
</Feature>
</Annotation>
<Annotation Id="107" Type="Token" StartNode="283" EndNode="291">
<Feature>
  <Name className="java.lang.String">string</Name>
  <Value className="java.lang.String">handheld</Value>
</Feature>
</Annotation>
<Annotation Id="117" Type="Token" StartNode="308" EndNode="314">
</Annotation>
<Annotation Id="123" Type="Token" StartNode="325" EndNode="333">
<Feature>
  <Name className="java.lang.String">string</Name>
  <Value className="java.lang.String">Colorado</Value>
</Feature>
</Annotation>
<Annotation Id="136" Type="Token" StartNode="353" EndNode="360">
<Feature>
  <Name className="java.lang.String">string</Name>
  <Value className="java.lang.String">article</Value>
</Feature>
</Annotation>
<Annotation Id="143" Type="Token" StartNode="372" EndNode="378">
</Annotation>
<Annotation Id="155" Type="Token" StartNode="404" EndNode="410">
<Feature>
  <Name className="java.lang.String">string</Name>
  <Value className="java.lang.String">fcrary</Value>
</Feature>
</Annotation>
<Annotation Id="159" Type="Token" StartNode="416" EndNode="424">
<Feature>
  <Name className="java.lang.String">string</Name>
  <Value className="java.lang.String">Colorado</Value>
</Feature>
</Annotation>
<Annotation Id="149" Type="Token" StartNode="389" EndNode="397">
<Feature>
  <Name className="java.lang.String">string</Name>
  <Value className="java.lang.String">Colorado</Value>
</Feature>
</Annotation>
<Annotation Id="189" Type="Token" StartNode="476" EndNode="482">
<Feature>
  <Name className="java.lang.String">string</Name>
  <Value className="java.lang.String">anyone</Value>
</Feature>
</Annotation>
<Annotation Id="204" Type="Token" StartNode="518" EndNode="524">
<Feature>
  <Name className="java.lang.String">string</Name>
  <Value className="java.lang.String">taking</Value>
</Feature>
</Annotation>
<Annotation Id="193" Type="Token" StartNode="488" EndNode="496">
<Feature>
  <Name className="java.lang.String">string</Name>
  <Value className="java.lang.String">practice</Value>
</Feature>
</Annotation>
<Annotation Id="195" Type="Token" StartNode="497" EndNode="509">
<Feature>
  <Name className="java.lang.String">string</Name>
  <Value className="java.lang.String">marksmanship</Value>
</Feature>
</Annotation>
<Annotation Id="230" Type="Token" StartNode="583" EndNode="591">
<Feature>
  <Name className="java.lang.String">string</Name>
  <Value className="java.lang.String">shooting</Value>
</Feature>
</Annotation>
<Annotation Id="224" Type="Token" StartNode="564" EndNode="572">
<Feature>
  <Name className="java.lang.String">string</Name>
  <Value className="java.lang.String">possible</Value>
</Feature>
</Annotation>
<Annotation Id="250" Type="Token" StartNode="629" EndNode="637">
<Feature>
  <Name className="java.lang.String">string</Name>
  <Value className="java.lang.String">practice</Value>
</Feature>
</Annotation>
<Annotation Id="244" Type="Token" StartNode="610" EndNode="621">
<Feature>
  <Name className="java.lang.String">string</Name>
  <Value className="java.lang.String">recommended</Value>
</Feature>
</Annotation>
<Annotation Id="283" Type="Token" StartNode="688" EndNode="695">
<Feature>
  <Name className="java.lang.String">string</Name>
  <Value className="java.lang.String">defense</Value>
</Feature>
</Annotation>
<Annotation Id="300" Type="Token" StartNode="722" EndNode="729">
<Feature>
  <Name className="java.lang.String">string</Name>
  <Value className="java.lang.String">rapidly</Value>
</Feature>
</Annotation>
<Annotation Id="339" Type="Token" StartNode="806" EndNode="812">
<Feature>
  <Name className="java.lang.String">string</Name>
  <Value className="java.lang.String">looked</Value>
</Feature>
</Annotation>
<Annotation Id="333" Type="Token" StartNode="793" EndNode="800">
<Feature>
  <Name className="java.lang.String">string</Name>
  <Value className="java.lang.String">unusual</Value>
</Feature>
</Annotation>
<Annotation Id="331" Type="Token" StartNode="786" EndNode="792">
<Feature>
  <Name className="java.lang.String">string</Name>
  <Value className="java.lang.String">little</Value>
</Feature>
</Annotation>
<Annotation Id="373" Type="Token" StartNode="885" EndNode="891">
<Feature>
  <Name className="java.lang.String">string</Name>
  <Value className="java.lang.String">forgot</Value>
</Feature>
</Annotation>
<Annotation Id="359" Type="Token" StartNode="856" EndNode="863">
<Feature>
  <Name className="java.lang.String">string</Name>
  <Value className="java.lang.String">someone</Value>
</Feature>
</Annotation>
<Annotation Id="353" Type="Token" StartNode="836" EndNode="846">
<Feature>
  <Name className="java.lang.String">string</Name>
  <Value className="java.lang.String">practicing</Value>
</Feature>
</Annotation>
<Annotation Id="404" Type="Token" StartNode="955" EndNode="961">
<Feature>
  <Name className="java.lang.String">string</Name>
  <Value className="java.lang.String">member</Value>
</Feature>
</Annotation>
<Annotation Id="390" Type="Token" StartNode="923" EndNode="930">
<Feature>
  <Name className="java.lang.String">string</Name>
  <Value className="java.lang.String">nothing</Value>
</Feature>
</Annotation>
<Annotation Id="427" Type="Token" StartNode="1003" EndNode="1012">
<Feature>
  <Name className="java.lang.String">string</Name>
  <Value className="java.lang.String">concealed</Value>
</Feature>
</Annotation>
<Annotation Id="429" Type="Token" StartNode="1013" EndNode="1019">
<Feature>
  <Name className="java.lang.String">string</Name>
  <Value className="java.lang.String">weapon</Value>
</Feature>
</Annotation>
<Annotation Id="419" Type="Token" StartNode="984" EndNode="991">
<Feature>
  <Name className="java.lang.String">string</Name>
  <Value className="java.lang.String">illegal</Value>
</Feature>
</Annotation>
<Annotation Id="475" Type="Token" StartNode="1115" EndNode="1123">
<Feature>
  <Name className="java.lang.String">string</Name>
  <Value className="java.lang.String">Illinois</Value>
</Feature>
</Annotation>
<Annotation Id="471" Type="Token" StartNode="1105" EndNode="1111">
<Feature>
  <Name className="java.lang.String">string</Name>
  <Value className="java.lang.String">people</Value>
</Feature>
</Annotation>
<Annotation Id="454" Type="Token" StartNode="1071" EndNode="1077">
<Feature>
  <Name className="java.lang.String">string</Name>
  <Value className="java.lang.String">matter</Value>
</Feature>
</Annotation>
<Annotation Id="448" Type="Token" StartNode="1053" EndNode="1061">
<Feature>
  <Name className="java.lang.String">string</Name>
  <Value className="java.lang.String">illinois</Value>
</Feature>
</Annotation>
<Annotation Id="505" Type="Token" StartNode="1209" EndNode="1215">
<Feature>
  <Name className="java.lang.String">string</Name>
  <Value className="java.lang.String">people</Value>
</Feature>
</Annotation>
<Annotation Id="507" Type="Token" StartNode="1216" EndNode="1222">
<Feature>
  <Name className="java.lang.String">string</Name>
  <Value className="java.lang.String">around</Value>
</Feature>
</Annotation>
<Annotation Id="491" Type="Token" StartNode="1167" EndNode="1177">
<Feature>
  <Name className="java.lang.String">string</Name>
  <Value className="java.lang.String">practicing</Value>
</Feature>
</Annotation>
<Annotation Id="485" Type="Token" StartNode="1146" EndNode="1153">
<Feature>
  <Name className="java.lang.String">string</Name>
  <Value className="java.lang.String">weapons</Value>
</Feature>
</Annotation>
<Annotation Id="487" Type="Token" StartNode="1154" EndNode="1162">
<Feature>
  <Name className="java.lang.String">string</Name>
  <Value className="java.lang.String">illegaly</Value>
</Feature>
</Annotation>
<Annotation Id="483" Type="Token" StartNode="1136" EndNode="1145">
<Feature>
  <Name className="java.lang.String">string</Name>
  <Value className="java.lang.String">concealed</Value>
</Feature>
</Annotation>
<Annotation Id="551" Type="Token" StartNode="1329" EndNode="1335">
<Feature>
  <Name className="java.lang.String">string</Name>
  <Value className="java.lang.String">weapon</Value>
</Feature>
</Annotation>
<Annotation Id="548" Type="Token" StartNode="1318" EndNode="1327">
<Feature>
  <Name className="java.lang.String">string</Name>
  <Value className="java.lang.String">concealed</Value>
</Feature>
</Annotation>
<Annotation Id="559" Type="Token" StartNode="1357" EndNode="1367">
<Feature>
  <Name className="java.lang.String">string</Name>
  <Value className="java.lang.String">practicing</Value>
</Feature>
</Annotation>
<Annotation Id="555" Type="Token" StartNode="1340" EndNode="1352">
<Feature>
  <Name className="java.lang.String">string</Name>
  <Value className="java.lang.String">self-defence</Value>
</Feature>
</Annotation>
<Annotation Id="565" Type="Token" StartNode="1377" EndNode="1384">
<Feature>
  <Name className="java.lang.String">string</Name>
  <Value className="java.lang.String">someone</Value>
</Feature>
</Annotation>
<Annotation Id="575" Type="Token" StartNode="1411" EndNode="1423">
<Feature>
  <Name className="java.lang.String">string</Name>
  <Value className="java.lang.String">occasionally</Value>
</Feature>
</Annotation>
<Annotation Id="571" Type="Token" StartNode="1393" EndNode="1405">
<Feature>
  <Name className="java.lang.String">string</Name>
  <Value className="java.lang.String">self-defence</Value>
</Feature>
</Annotation>
<Annotation Id="515" Type="Token" StartNode="1234" EndNode="1240">
<Feature>
  <Name className="java.lang.String">string</Name>
  <Value className="java.lang.String">bright</Value>
</Feature>
</Annotation>
<Annotation Id="534" Type="Token" StartNode="1269" EndNode="1280">
<Feature>
  <Name className="java.lang.String">string</Name>
  <Value className="java.lang.String">necessarily</Value>
</Feature>
</Annotation>
<Annotation Id="540" Type="Token" StartNode="1292" EndNode="1299">
<Feature>
  <Name className="java.lang.String">string</Name>
  <Value className="java.lang.String">between</Value>
</Feature>
</Annotation>
<Annotation Id="542" Type="Token" StartNode="1300" EndNode="1310">
<Feature>
  <Name className="java.lang.String">string</Name>
  <Value className="java.lang.String">practicing</Value>
</Feature>
</Annotation>
<Annotation Id="538" Type="Token" StartNode="1283" EndNode="1291">
<Feature>
  <Name className="java.lang.String">string</Name>
  <Value className="java.lang.String">conflict</Value>
</Feature>
</Annotation>
<Annotation Id="577" Type="Token" StartNode="1424" EndNode="1431">
<Feature>
  <Name className="java.lang.String">string</Name>
  <Value className="java.lang.String">involve</Value>
</Feature>
</Annotation>
<Annotation Id="579" Type="Token" StartNode="1432" EndNode="1440">
<Feature>
  <Name className="java.lang.String">string</Name>
  <Value className="java.lang.String">shooting</Value>
</Feature>
</Annotation>
<Annotation Id="583" Type="Token" StartNode="1444" EndNode="1452">
<Feature>
  <Name className="java.lang.String">string</Name>
  <Value className="java.lang.String">attacker</Value>
</Feature>
</Annotation>
<Annotation Id="688" Type="Token" StartNode="1565" EndNode="1572">
<Feature>
  <Name className="java.lang.String">string</Name>
  <Value className="java.lang.String">Boulder</Value>
</Feature>
</Annotation>
<Annotation Id="747" Type="Token" StartNode="1695" EndNode="1704">
<Feature>
  <Name className="java.lang.String">string</Name>
  <Value className="java.lang.String">situation</Value>
</Feature>
</Annotation>
<Annotation Id="741" Type="Token" StartNode="1682" EndNode="1689">
<Feature>
  <Name className="java.lang.String">string</Name>
  <Value className="java.lang.String">trouble</Value>
</Feature>
</Annotation>
<Annotation Id="709" Type="Token" StartNode="1601" EndNode="1609">
<Feature>
  <Name className="java.lang.String">string</Name>
  <Value className="java.lang.String">practice</Value>
</Feature>
</Annotation>
<Annotation Id="731" Type="Token" StartNode="1659" EndNode="1665">
<Feature>
  <Name className="java.lang.String">string</Name>
  <Value className="java.lang.String">likely</Value>
</Feature>
</Annotation>
<Annotation Id="725" Type="Token" StartNode="1637" EndNode="1649">
<Feature>
  <Name className="java.lang.String">string</Name>
  <Value className="java.lang.String">self-defense</Value>
</Feature>
</Annotation>
</AnnotationSet>
<AnnotationSet Name="Original markups"> </AnnotationSet>
</GateDocument>