<?xml version='1.0' encoding='UTF-8'?>
<GateDocument version="3">
<!-- The document's features-->

<GateDocumentFeatures>
<Feature>
  <Name className="java.lang.String">Original_document_content_on_load</Name>
  <Value className="java.lang.String">From: mserv@mozart.cc.iup.edu (Mail Server)
Message-ID: &lt;May.19.05.16.10.1993.1065@geneva.rutgers.edu>
Date: 19 May 93 09:16:11 GMT
Sender: hedrick@geneva.rutgers.edu
Lines: 31
Approved: christian@aramis.rutgers.edu


 hall@vice.ico.tek.com (Hal F Lillywhite) writes:
>In article &lt;May.11.02.39.09.1993.28334@athos.rutgers.edu> dhammers@pacific.? 
>(David Hammerslag) writes:
> 
>>This paragraph brought to mind a question.  How do you (Mormons) reconcile
>>the idea of eternal marriage with Christ's statement that in the ressurection
>>people will neither marry nor be given in marriage (Luke, chapt. 20)?
> 
>[deletions]
> 
>I think what Jesus is saying here (and it is clearest in Matthew's
>and Mark's accounts) is that marriages will not be performed in the
>resurrection.  This goes along with our belief that if a person is
>to marry at all it must be done on this earth... [deletions]

The problem with this view is that the topic under discussion in this
passage *is* marriages that were performed on earth.  Jesus' words
seem to me to indicate that He regards His response as the answer to their
question about which earthly marriage would be valid after the resurrection.
This being the case, the most straightforward interpretation, in my
opinion, is that marriage does not exist in the next life because those
who are raised are of a different nature than what we are now.  Other-
wise, why would Jesus offer "but are like the angels in heaven" as a
contrast to the idea of the resurrected marrying and being given in
marriage?  We do not have angel-like natures now, but someday we shall,
and when we do, our earthly marriages will be irrelevant.  Or at least,
that's what I think Jesus is saying about the post-resurrection validity of 
marriages performed on earth.  Your mileage may vary. :)

- Mark
</Value>
</Feature>
<Feature>
  <Name className="java.lang.String">gate.SourceURL</Name>
  <Value className="java.lang.String">file:/C:/Users/jian/Documents/NetBeansProjects/NoiseReductionTechniques/mideastPoliticsMix/negative188</Value>
</Feature>
</GateDocumentFeatures>
<!-- The document content area with serialized nodes -->

<TextWithNodes><Node id="0"/>From<Node id="4"/>:<Node id="5"/> <Node id="6"/>mserv<Node id="11"/>@<Node id="12"/>mozart<Node id="18"/>.<Node id="19"/>cc<Node id="21"/>.<Node id="22"/>iup<Node id="25"/>.<Node id="26"/>edu<Node id="29"/> <Node id="30"/>(<Node id="31"/>Mail<Node id="35"/> <Node id="36"/>Server<Node id="42"/>)<Node id="43"/>
<Node id="44"/>Message-<Node id="52"/>ID<Node id="54"/>:<Node id="55"/> <Node id="56"/>&lt;<Node id="57"/>May<Node id="60"/>.<Node id="61"/>19<Node id="63"/>.<Node id="64"/>05<Node id="66"/>.<Node id="67"/>16<Node id="69"/>.<Node id="70"/>10<Node id="72"/>.<Node id="73"/>1993<Node id="77"/>.<Node id="78"/>1065<Node id="82"/>@<Node id="83"/>geneva<Node id="89"/>.<Node id="90"/>rutgers<Node id="97"/>.<Node id="98"/>edu<Node id="101"/>&gt;<Node id="102"/>
<Node id="103"/>Date<Node id="107"/>:<Node id="108"/> <Node id="109"/>19<Node id="111"/> <Node id="112"/>May<Node id="115"/> <Node id="116"/>93<Node id="118"/> <Node id="119"/>09<Node id="121"/>:<Node id="122"/>16<Node id="124"/>:<Node id="125"/>11<Node id="127"/> <Node id="128"/>GMT<Node id="131"/>
<Node id="132"/>Sender<Node id="138"/>:<Node id="139"/> <Node id="140"/>hedrick<Node id="147"/>@<Node id="148"/>geneva<Node id="154"/>.<Node id="155"/>rutgers<Node id="162"/>.<Node id="163"/>edu<Node id="166"/>
<Node id="167"/>Lines<Node id="172"/>:<Node id="173"/> <Node id="174"/>31<Node id="176"/>
<Node id="177"/>Approved<Node id="185"/>:<Node id="186"/> <Node id="187"/>christian<Node id="196"/>@<Node id="197"/>aramis<Node id="203"/>.<Node id="204"/>rutgers<Node id="211"/>.<Node id="212"/>edu<Node id="215"/>
<Node id="216"/>
<Node id="217"/>
<Node id="218"/> <Node id="219"/>hall<Node id="223"/>@<Node id="224"/>vice<Node id="228"/>.<Node id="229"/>ico<Node id="232"/>.<Node id="233"/>tek<Node id="236"/>.<Node id="237"/>com<Node id="240"/> <Node id="241"/>(<Node id="242"/>Hal<Node id="245"/> <Node id="246"/>F<Node id="247"/> <Node id="248"/>Lillywhite<Node id="258"/>)<Node id="259"/> <Node id="260"/>writes<Node id="266"/>:<Node id="267"/>
<Node id="268"/>&gt;<Node id="269"/>In<Node id="271"/> <Node id="272"/>article<Node id="279"/> <Node id="280"/>&lt;<Node id="281"/>May<Node id="284"/>.<Node id="285"/>11<Node id="287"/>.<Node id="288"/>02<Node id="290"/>.<Node id="291"/>39<Node id="293"/>.<Node id="294"/>09<Node id="296"/>.<Node id="297"/>1993<Node id="301"/>.<Node id="302"/>28334<Node id="307"/>@<Node id="308"/>athos<Node id="313"/>.<Node id="314"/>rutgers<Node id="321"/>.<Node id="322"/>edu<Node id="325"/>&gt;<Node id="326"/> <Node id="327"/>dhammers<Node id="335"/>@<Node id="336"/>pacific<Node id="343"/>.<Node id="344"/>?<Node id="345"/> <Node id="346"/>
<Node id="347"/>&gt;<Node id="348"/>(<Node id="349"/>David<Node id="354"/> <Node id="355"/>Hammerslag<Node id="365"/>)<Node id="366"/> <Node id="367"/>writes<Node id="373"/>:<Node id="374"/>
<Node id="375"/>&gt;<Node id="376"/> <Node id="377"/>
<Node id="378"/>&gt;<Node id="379"/>&gt;<Node id="380"/>This<Node id="384"/> <Node id="385"/>paragraph<Node id="394"/> <Node id="395"/>brought<Node id="402"/> <Node id="403"/>to<Node id="405"/> <Node id="406"/>mind<Node id="410"/> <Node id="411"/>a<Node id="412"/> <Node id="413"/>question<Node id="421"/>.<Node id="422"/> <Node id="423"/> <Node id="424"/>How<Node id="427"/> <Node id="428"/>do<Node id="430"/> <Node id="431"/>you<Node id="434"/> <Node id="435"/>(<Node id="436"/>Mormons<Node id="443"/>)<Node id="444"/> <Node id="445"/>reconcile<Node id="454"/>
<Node id="455"/>&gt;<Node id="456"/>&gt;<Node id="457"/>the<Node id="460"/> <Node id="461"/>idea<Node id="465"/> <Node id="466"/>of<Node id="468"/> <Node id="469"/>eternal<Node id="476"/> <Node id="477"/>marriage<Node id="485"/> <Node id="486"/>with<Node id="490"/> <Node id="491"/>Christ<Node id="497"/>'s<Node id="499"/> <Node id="500"/>statement<Node id="509"/> <Node id="510"/>that<Node id="514"/> <Node id="515"/>in<Node id="517"/> <Node id="518"/>the<Node id="521"/> <Node id="522"/>ressurection<Node id="534"/>
<Node id="535"/>&gt;<Node id="536"/>&gt;<Node id="537"/>people<Node id="543"/> <Node id="544"/>will<Node id="548"/> <Node id="549"/>neither<Node id="556"/> <Node id="557"/>marry<Node id="562"/> <Node id="563"/>nor<Node id="566"/> <Node id="567"/>be<Node id="569"/> <Node id="570"/>given<Node id="575"/> <Node id="576"/>in<Node id="578"/> <Node id="579"/>marriage<Node id="587"/> <Node id="588"/>(<Node id="589"/>Luke<Node id="593"/>,<Node id="594"/> <Node id="595"/>chapt<Node id="600"/>.<Node id="601"/> <Node id="602"/>20<Node id="604"/>)<Node id="605"/>?<Node id="606"/>
<Node id="607"/>&gt;<Node id="608"/> <Node id="609"/>
<Node id="610"/>&gt;<Node id="611"/>[<Node id="612"/>deletions<Node id="621"/>]<Node id="622"/>
<Node id="623"/>&gt;<Node id="624"/> <Node id="625"/>
<Node id="626"/>&gt;<Node id="627"/>I<Node id="628"/> <Node id="629"/>think<Node id="634"/> <Node id="635"/>what<Node id="639"/> <Node id="640"/>Jesus<Node id="645"/> <Node id="646"/>is<Node id="648"/> <Node id="649"/>saying<Node id="655"/> <Node id="656"/>here<Node id="660"/> <Node id="661"/>(<Node id="662"/>and<Node id="665"/> <Node id="666"/>it<Node id="668"/> <Node id="669"/>is<Node id="671"/> <Node id="672"/>clearest<Node id="680"/> <Node id="681"/>in<Node id="683"/> <Node id="684"/>Matthew<Node id="691"/>'s<Node id="693"/>
<Node id="694"/>&gt;<Node id="695"/>and<Node id="698"/> <Node id="699"/>Mark<Node id="703"/>'s<Node id="705"/> <Node id="706"/>accounts<Node id="714"/>)<Node id="715"/> <Node id="716"/>is<Node id="718"/> <Node id="719"/>that<Node id="723"/> <Node id="724"/>marriages<Node id="733"/> <Node id="734"/>will<Node id="738"/> <Node id="739"/>not<Node id="742"/> <Node id="743"/>be<Node id="745"/> <Node id="746"/>performed<Node id="755"/> <Node id="756"/>in<Node id="758"/> <Node id="759"/>the<Node id="762"/>
<Node id="763"/>&gt;<Node id="764"/>resurrection<Node id="776"/>.<Node id="777"/> <Node id="778"/> <Node id="779"/>This<Node id="783"/> <Node id="784"/>goes<Node id="788"/> <Node id="789"/>along<Node id="794"/> <Node id="795"/>with<Node id="799"/> <Node id="800"/>our<Node id="803"/> <Node id="804"/>belief<Node id="810"/> <Node id="811"/>that<Node id="815"/> <Node id="816"/>if<Node id="818"/> <Node id="819"/>a<Node id="820"/> <Node id="821"/>person<Node id="827"/> <Node id="828"/>is<Node id="830"/>
<Node id="831"/>&gt;<Node id="832"/>to<Node id="834"/> <Node id="835"/>marry<Node id="840"/> <Node id="841"/>at<Node id="843"/> <Node id="844"/>all<Node id="847"/> <Node id="848"/>it<Node id="850"/> <Node id="851"/>must<Node id="855"/> <Node id="856"/>be<Node id="858"/> <Node id="859"/>done<Node id="863"/> <Node id="864"/>on<Node id="866"/> <Node id="867"/>this<Node id="871"/> <Node id="872"/>earth<Node id="877"/>.<Node id="878"/>.<Node id="879"/>.<Node id="880"/> <Node id="881"/>[<Node id="882"/>deletions<Node id="891"/>]<Node id="892"/>
<Node id="893"/>
<Node id="894"/>The<Node id="897"/> <Node id="898"/>problem<Node id="905"/> <Node id="906"/>with<Node id="910"/> <Node id="911"/>this<Node id="915"/> <Node id="916"/>view<Node id="920"/> <Node id="921"/>is<Node id="923"/> <Node id="924"/>that<Node id="928"/> <Node id="929"/>the<Node id="932"/> <Node id="933"/>topic<Node id="938"/> <Node id="939"/>under<Node id="944"/> <Node id="945"/>discussion<Node id="955"/> <Node id="956"/>in<Node id="958"/> <Node id="959"/>this<Node id="963"/>
<Node id="964"/>passage<Node id="971"/> <Node id="972"/>*<Node id="973"/>is<Node id="975"/>*<Node id="976"/> <Node id="977"/>marriages<Node id="986"/> <Node id="987"/>that<Node id="991"/> <Node id="992"/>were<Node id="996"/> <Node id="997"/>performed<Node id="1006"/> <Node id="1007"/>on<Node id="1009"/> <Node id="1010"/>earth<Node id="1015"/>.<Node id="1016"/> <Node id="1017"/> <Node id="1018"/>Jesus<Node id="1023"/>'<Node id="1024"/> <Node id="1025"/>words<Node id="1030"/>
<Node id="1031"/>seem<Node id="1035"/> <Node id="1036"/>to<Node id="1038"/> <Node id="1039"/>me<Node id="1041"/> <Node id="1042"/>to<Node id="1044"/> <Node id="1045"/>indicate<Node id="1053"/> <Node id="1054"/>that<Node id="1058"/> <Node id="1059"/>He<Node id="1061"/> <Node id="1062"/>regards<Node id="1069"/> <Node id="1070"/>His<Node id="1073"/> <Node id="1074"/>response<Node id="1082"/> <Node id="1083"/>as<Node id="1085"/> <Node id="1086"/>the<Node id="1089"/> <Node id="1090"/>answer<Node id="1096"/> <Node id="1097"/>to<Node id="1099"/> <Node id="1100"/>their<Node id="1105"/>
<Node id="1106"/>question<Node id="1114"/> <Node id="1115"/>about<Node id="1120"/> <Node id="1121"/>which<Node id="1126"/> <Node id="1127"/>earthly<Node id="1134"/> <Node id="1135"/>marriage<Node id="1143"/> <Node id="1144"/>would<Node id="1149"/> <Node id="1150"/>be<Node id="1152"/> <Node id="1153"/>valid<Node id="1158"/> <Node id="1159"/>after<Node id="1164"/> <Node id="1165"/>the<Node id="1168"/> <Node id="1169"/>resurrection<Node id="1181"/>.<Node id="1182"/>
<Node id="1183"/>This<Node id="1187"/> <Node id="1188"/>being<Node id="1193"/> <Node id="1194"/>the<Node id="1197"/> <Node id="1198"/>case<Node id="1202"/>,<Node id="1203"/> <Node id="1204"/>the<Node id="1207"/> <Node id="1208"/>most<Node id="1212"/> <Node id="1213"/>straightforward<Node id="1228"/> <Node id="1229"/>interpretation<Node id="1243"/>,<Node id="1244"/> <Node id="1245"/>in<Node id="1247"/> <Node id="1248"/>my<Node id="1250"/>
<Node id="1251"/>opinion<Node id="1258"/>,<Node id="1259"/> <Node id="1260"/>is<Node id="1262"/> <Node id="1263"/>that<Node id="1267"/> <Node id="1268"/>marriage<Node id="1276"/> <Node id="1277"/>does<Node id="1281"/> <Node id="1282"/>not<Node id="1285"/> <Node id="1286"/>exist<Node id="1291"/> <Node id="1292"/>in<Node id="1294"/> <Node id="1295"/>the<Node id="1298"/> <Node id="1299"/>next<Node id="1303"/> <Node id="1304"/>life<Node id="1308"/> <Node id="1309"/>because<Node id="1316"/> <Node id="1317"/>those<Node id="1322"/>
<Node id="1323"/>who<Node id="1326"/> <Node id="1327"/>are<Node id="1330"/> <Node id="1331"/>raised<Node id="1337"/> <Node id="1338"/>are<Node id="1341"/> <Node id="1342"/>of<Node id="1344"/> <Node id="1345"/>a<Node id="1346"/> <Node id="1347"/>different<Node id="1356"/> <Node id="1357"/>nature<Node id="1363"/> <Node id="1364"/>than<Node id="1368"/> <Node id="1369"/>what<Node id="1373"/> <Node id="1374"/>we<Node id="1376"/> <Node id="1377"/>are<Node id="1380"/> <Node id="1381"/>now<Node id="1384"/>.<Node id="1385"/> <Node id="1386"/> <Node id="1387"/>Other-<Node id="1393"/>
<Node id="1394"/>wise<Node id="1398"/>,<Node id="1399"/> <Node id="1400"/>why<Node id="1403"/> <Node id="1404"/>would<Node id="1409"/> <Node id="1410"/>Jesus<Node id="1415"/> <Node id="1416"/>offer<Node id="1421"/> <Node id="1422"/>"<Node id="1423"/>but<Node id="1426"/> <Node id="1427"/>are<Node id="1430"/> <Node id="1431"/>like<Node id="1435"/> <Node id="1436"/>the<Node id="1439"/> <Node id="1440"/>angels<Node id="1446"/> <Node id="1447"/>in<Node id="1449"/> <Node id="1450"/>heaven<Node id="1456"/>"<Node id="1457"/> <Node id="1458"/>as<Node id="1460"/> <Node id="1461"/>a<Node id="1462"/>
<Node id="1463"/>contrast<Node id="1471"/> <Node id="1472"/>to<Node id="1474"/> <Node id="1475"/>the<Node id="1478"/> <Node id="1479"/>idea<Node id="1483"/> <Node id="1484"/>of<Node id="1486"/> <Node id="1487"/>the<Node id="1490"/> <Node id="1491"/>resurrected<Node id="1502"/> <Node id="1503"/>marrying<Node id="1511"/> <Node id="1512"/>and<Node id="1515"/> <Node id="1516"/>being<Node id="1521"/> <Node id="1522"/>given<Node id="1527"/> <Node id="1528"/>in<Node id="1530"/>
<Node id="1531"/>marriage<Node id="1539"/>?<Node id="1540"/> <Node id="1541"/> <Node id="1542"/>We<Node id="1544"/> <Node id="1545"/>do<Node id="1547"/> <Node id="1548"/>not<Node id="1551"/> <Node id="1552"/>have<Node id="1556"/> <Node id="1557"/>angel-like<Node id="1567"/> <Node id="1568"/>natures<Node id="1575"/> <Node id="1576"/>now<Node id="1579"/>,<Node id="1580"/> <Node id="1581"/>but<Node id="1584"/> <Node id="1585"/>someday<Node id="1592"/> <Node id="1593"/>we<Node id="1595"/> <Node id="1596"/>shall<Node id="1601"/>,<Node id="1602"/>
<Node id="1603"/>and<Node id="1606"/> <Node id="1607"/>when<Node id="1611"/> <Node id="1612"/>we<Node id="1614"/> <Node id="1615"/>do<Node id="1617"/>,<Node id="1618"/> <Node id="1619"/>our<Node id="1622"/> <Node id="1623"/>earthly<Node id="1630"/> <Node id="1631"/>marriages<Node id="1640"/> <Node id="1641"/>will<Node id="1645"/> <Node id="1646"/>be<Node id="1648"/> <Node id="1649"/>irrelevant<Node id="1659"/>.<Node id="1660"/> <Node id="1661"/> <Node id="1662"/>Or<Node id="1664"/> <Node id="1665"/>at<Node id="1667"/> <Node id="1668"/>least<Node id="1673"/>,<Node id="1674"/>
<Node id="1675"/>that<Node id="1679"/>'s<Node id="1681"/> <Node id="1682"/>what<Node id="1686"/> <Node id="1687"/>I<Node id="1688"/> <Node id="1689"/>think<Node id="1694"/> <Node id="1695"/>Jesus<Node id="1700"/> <Node id="1701"/>is<Node id="1703"/> <Node id="1704"/>saying<Node id="1710"/> <Node id="1711"/>about<Node id="1716"/> <Node id="1717"/>the<Node id="1720"/> <Node id="1721"/>post-resurrection<Node id="1738"/> <Node id="1739"/>validity<Node id="1747"/> <Node id="1748"/>of<Node id="1750"/> <Node id="1751"/>
<Node id="1752"/>marriages<Node id="1761"/> <Node id="1762"/>performed<Node id="1771"/> <Node id="1772"/>on<Node id="1774"/> <Node id="1775"/>earth<Node id="1780"/>.<Node id="1781"/> <Node id="1782"/> <Node id="1783"/>Your<Node id="1787"/> <Node id="1788"/>mileage<Node id="1795"/> <Node id="1796"/>may<Node id="1799"/> <Node id="1800"/>vary<Node id="1804"/>.<Node id="1805"/> <Node id="1806"/>:<Node id="1807"/>)<Node id="1808"/>
<Node id="1809"/>
<Node id="1810"/>-<Node id="1811"/> <Node id="1812"/>Mark<Node id="1816"/>
<Node id="1817"/></TextWithNodes>
<!-- The default annotation set -->

<AnnotationSet>
<Annotation EndNode="1817" StartNode="0" Type="Mention" Id="9999999">
<Feature>
<Name classname="java.lang.String">Class</Name>
<Value classname="java.lang.String">0</Value>
</Feature>
</Annotation>

<Annotation Id="5" Type="Token" StartNode="12" EndNode="18">
<Feature>
  <Name className="java.lang.String">string</Name>
  <Value className="java.lang.String">mozart</Value>
</Feature>
</Annotation>
<Annotation Id="16" Type="Token" StartNode="36" EndNode="42">
<Feature>
  <Name className="java.lang.String">string</Name>
  <Value className="java.lang.String">Server</Value>
</Feature>
</Annotation>
<Annotation Id="19" Type="Token" StartNode="44" EndNode="52">
<Feature>
  <Name className="java.lang.String">string</Name>
  <Value className="java.lang.String">Message-</Value>
</Feature>
</Annotation>
<Annotation Id="38" Type="Token" StartNode="83" EndNode="89">
<Feature>
  <Name className="java.lang.String">string</Name>
  <Value className="java.lang.String">geneva</Value>
</Feature>
</Annotation>
<Annotation Id="40" Type="Token" StartNode="90" EndNode="97">
<Feature>
  <Name className="java.lang.String">string</Name>
  <Value className="java.lang.String">rutgers</Value>
</Feature>
</Annotation>
<Annotation Id="62" Type="Token" StartNode="132" EndNode="138">
<Feature>
  <Name className="java.lang.String">string</Name>
  <Value className="java.lang.String">Sender</Value>
</Feature>
</Annotation>
<Annotation Id="69" Type="Token" StartNode="155" EndNode="162">
<Feature>
  <Name className="java.lang.String">string</Name>
  <Value className="java.lang.String">rutgers</Value>
</Feature>
</Annotation>
<Annotation Id="65" Type="Token" StartNode="140" EndNode="147">
<Feature>
  <Name className="java.lang.String">string</Name>
  <Value className="java.lang.String">hedrick</Value>
</Feature>
</Annotation>
<Annotation Id="67" Type="Token" StartNode="148" EndNode="154">
<Feature>
  <Name className="java.lang.String">string</Name>
  <Value className="java.lang.String">geneva</Value>
</Feature>
</Annotation>
<Annotation Id="78" Type="Token" StartNode="177" EndNode="185">
<Feature>
  <Name className="java.lang.String">string</Name>
  <Value className="java.lang.String">Approved</Value>
</Feature>
</Annotation>
<Annotation Id="85" Type="Token" StartNode="204" EndNode="211">
<Feature>
  <Name className="java.lang.String">string</Name>
  <Value className="java.lang.String">rutgers</Value>
</Feature>
</Annotation>
<Annotation Id="81" Type="Token" StartNode="187" EndNode="196">
<Feature>
  <Name className="java.lang.String">string</Name>
  <Value className="java.lang.String">christian</Value>
</Feature>
</Annotation>
<Annotation Id="83" Type="Token" StartNode="197" EndNode="203">
<Feature>
  <Name className="java.lang.String">string</Name>
  <Value className="java.lang.String">aramis</Value>
</Feature>
</Annotation>
<Annotation Id="110" Type="Token" StartNode="260" EndNode="266">
<Feature>
  <Name className="java.lang.String">string</Name>
  <Value className="java.lang.String">writes</Value>
</Feature>
</Annotation>
<Annotation Id="107" Type="Token" StartNode="248" EndNode="258">
<Feature>
  <Name className="java.lang.String">string</Name>
  <Value className="java.lang.String">Lillywhite</Value>
</Feature>
</Annotation>
<Annotation Id="116" Type="Token" StartNode="272" EndNode="279">
<Feature>
  <Name className="java.lang.String">string</Name>
  <Value className="java.lang.String">article</Value>
</Feature>
</Annotation>
<Annotation Id="140" Type="Token" StartNode="327" EndNode="335">
<Feature>
  <Name className="java.lang.String">string</Name>
  <Value className="java.lang.String">dhammers</Value>
</Feature>
</Annotation>
<Annotation Id="142" Type="Token" StartNode="336" EndNode="343">
<Feature>
  <Name className="java.lang.String">string</Name>
  <Value className="java.lang.String">pacific</Value>
</Feature>
</Annotation>
<Annotation Id="135" Type="Token" StartNode="314" EndNode="321">
<Feature>
  <Name className="java.lang.String">string</Name>
  <Value className="java.lang.String">rutgers</Value>
</Feature>
</Annotation>
<Annotation Id="154" Type="Token" StartNode="367" EndNode="373">
<Feature>
  <Name className="java.lang.String">string</Name>
  <Value className="java.lang.String">writes</Value>
</Feature>
</Annotation>
<Annotation Id="151" Type="Token" StartNode="355" EndNode="365">
<Feature>
  <Name className="java.lang.String">string</Name>
  <Value className="java.lang.String">Hammerslag</Value>
</Feature>
</Annotation>
<Annotation Id="174" Type="Token" StartNode="413" EndNode="421">
<Feature>
  <Name className="java.lang.String">string</Name>
  <Value className="java.lang.String">question</Value>
</Feature>
</Annotation>
<Annotation Id="166" Type="Token" StartNode="395" EndNode="402">
<Feature>
  <Name className="java.lang.String">string</Name>
  <Value className="java.lang.String">brought</Value>
</Feature>
</Annotation>
<Annotation Id="164" Type="Token" StartNode="385" EndNode="394">
<Feature>
  <Name className="java.lang.String">string</Name>
  <Value className="java.lang.String">paragraph</Value>
</Feature>
</Annotation>
<Annotation Id="185" Type="Token" StartNode="436" EndNode="443">
<Feature>
  <Name className="java.lang.String">string</Name>
  <Value className="java.lang.String">Mormons</Value>
</Feature>
</Annotation>
<Annotation Id="188" Type="Token" StartNode="445" EndNode="454">
<Feature>
  <Name className="java.lang.String">string</Name>
  <Value className="java.lang.String">reconcile</Value>
</Feature>
</Annotation>
<Annotation Id="204" Type="Token" StartNode="491" EndNode="497">
<Feature>
  <Name className="java.lang.String">string</Name>
  <Value className="java.lang.String">Christ</Value>
</Feature>
</Annotation>
<Annotation Id="200" Type="Token" StartNode="477" EndNode="485">
<Feature>
  <Name className="java.lang.String">string</Name>
  <Value className="java.lang.String">marriage</Value>
</Feature>
</Annotation>
<Annotation Id="198" Type="Token" StartNode="469" EndNode="476">
<Feature>
  <Name className="java.lang.String">string</Name>
  <Value className="java.lang.String">eternal</Value>
</Feature>
</Annotation>
<Annotation Id="220" Type="Token" StartNode="537" EndNode="543">
<Feature>
  <Name className="java.lang.String">string</Name>
  <Value className="java.lang.String">people</Value>
</Feature>
</Annotation>
<Annotation Id="216" Type="Token" StartNode="522" EndNode="534">
<Feature>
  <Name className="java.lang.String">string</Name>
  <Value className="java.lang.String">ressurection</Value>
</Feature>
</Annotation>
<Annotation Id="208" Type="Token" StartNode="500" EndNode="509">
<Feature>
  <Name className="java.lang.String">string</Name>
  <Value className="java.lang.String">statement</Value>
</Feature>
</Annotation>
<Annotation Id="236" Type="Token" StartNode="579" EndNode="587">
<Feature>
  <Name className="java.lang.String">string</Name>
  <Value className="java.lang.String">marriage</Value>
</Feature>
</Annotation>
<Annotation Id="224" Type="Token" StartNode="549" EndNode="556">
<Feature>
  <Name className="java.lang.String">string</Name>
  <Value className="java.lang.String">neither</Value>
</Feature>
</Annotation>
<Annotation Id="254" Type="Token" StartNode="612" EndNode="621">
<Feature>
  <Name className="java.lang.String">string</Name>
  <Value className="java.lang.String">deletions</Value>
</Feature>
</Annotation>
<Annotation Id="282" Type="Token" StartNode="672" EndNode="680">
<Feature>
  <Name className="java.lang.String">string</Name>
  <Value className="java.lang.String">clearest</Value>
</Feature>
</Annotation>
<Annotation Id="286" Type="Token" StartNode="684" EndNode="691">
<Feature>
  <Name className="java.lang.String">string</Name>
  <Value className="java.lang.String">Matthew</Value>
</Feature>
</Annotation>
<Annotation Id="271" Type="Token" StartNode="649" EndNode="655">
<Feature>
  <Name className="java.lang.String">string</Name>
  <Value className="java.lang.String">saying</Value>
</Feature>
</Annotation>
<Annotation Id="304" Type="Token" StartNode="724" EndNode="733">
<Feature>
  <Name className="java.lang.String">string</Name>
  <Value className="java.lang.String">marriages</Value>
</Feature>
</Annotation>
<Annotation Id="312" Type="Token" StartNode="746" EndNode="755">
<Feature>
  <Name className="java.lang.String">string</Name>
  <Value className="java.lang.String">performed</Value>
</Feature>
</Annotation>
<Annotation Id="319" Type="Token" StartNode="764" EndNode="776">
<Feature>
  <Name className="java.lang.String">string</Name>
  <Value className="java.lang.String">resurrection</Value>
</Feature>
</Annotation>
<Annotation Id="297" Type="Token" StartNode="706" EndNode="714">
<Feature>
  <Name className="java.lang.String">string</Name>
  <Value className="java.lang.String">accounts</Value>
</Feature>
</Annotation>
<Annotation Id="341" Type="Token" StartNode="821" EndNode="827">
<Feature>
  <Name className="java.lang.String">string</Name>
  <Value className="java.lang.String">person</Value>
</Feature>
</Annotation>
<Annotation Id="333" Type="Token" StartNode="804" EndNode="810">
<Feature>
  <Name className="java.lang.String">string</Name>
  <Value className="java.lang.String">belief</Value>
</Feature>
</Annotation>
<Annotation Id="372" Type="Token" StartNode="882" EndNode="891">
<Feature>
  <Name className="java.lang.String">string</Name>
  <Value className="java.lang.String">deletions</Value>
</Feature>
</Annotation>
<Annotation Id="378" Type="Token" StartNode="898" EndNode="905">
<Feature>
  <Name className="java.lang.String">string</Name>
  <Value className="java.lang.String">problem</Value>
</Feature>
</Annotation>
<Annotation Id="408" Type="Token" StartNode="977" EndNode="986">
<Feature>
  <Name className="java.lang.String">string</Name>
  <Value className="java.lang.String">marriages</Value>
</Feature>
</Annotation>
<Annotation Id="414" Type="Token" StartNode="997" EndNode="1006">
<Feature>
  <Name className="java.lang.String">string</Name>
  <Value className="java.lang.String">performed</Value>
</Feature>
</Annotation>
<Annotation Id="402" Type="Token" StartNode="964" EndNode="971">
<Feature>
  <Name className="java.lang.String">string</Name>
  <Value className="java.lang.String">passage</Value>
</Feature>
</Annotation>
<Annotation Id="396" Type="Token" StartNode="945" EndNode="955">
<Feature>
  <Name className="java.lang.String">string</Name>
  <Value className="java.lang.String">discussion</Value>
</Feature>
</Annotation>
<Annotation Id="441" Type="Token" StartNode="1062" EndNode="1069">
<Feature>
  <Name className="java.lang.String">string</Name>
  <Value className="java.lang.String">regards</Value>
</Feature>
</Annotation>
<Annotation Id="445" Type="Token" StartNode="1074" EndNode="1082">
<Feature>
  <Name className="java.lang.String">string</Name>
  <Value className="java.lang.String">response</Value>
</Feature>
</Annotation>
<Annotation Id="435" Type="Token" StartNode="1045" EndNode="1053">
<Feature>
  <Name className="java.lang.String">string</Name>
  <Value className="java.lang.String">indicate</Value>
</Feature>
</Annotation>
<Annotation Id="477" Type="Token" StartNode="1169" EndNode="1181">
<Feature>
  <Name className="java.lang.String">string</Name>
  <Value className="java.lang.String">resurrection</Value>
</Feature>
</Annotation>
<Annotation Id="465" Type="Token" StartNode="1135" EndNode="1143">
<Feature>
  <Name className="java.lang.String">string</Name>
  <Value className="java.lang.String">marriage</Value>
</Feature>
</Annotation>
<Annotation Id="463" Type="Token" StartNode="1127" EndNode="1134">
<Feature>
  <Name className="java.lang.String">string</Name>
  <Value className="java.lang.String">earthly</Value>
</Feature>
</Annotation>
<Annotation Id="457" Type="Token" StartNode="1106" EndNode="1114">
<Feature>
  <Name className="java.lang.String">string</Name>
  <Value className="java.lang.String">question</Value>
</Feature>
</Annotation>
<Annotation Id="451" Type="Token" StartNode="1090" EndNode="1096">
<Feature>
  <Name className="java.lang.String">string</Name>
  <Value className="java.lang.String">answer</Value>
</Feature>
</Annotation>
<Annotation Id="509" Type="Token" StartNode="1268" EndNode="1276">
<Feature>
  <Name className="java.lang.String">string</Name>
  <Value className="java.lang.String">marriage</Value>
</Feature>
</Annotation>
<Annotation Id="502" Type="Token" StartNode="1251" EndNode="1258">
<Feature>
  <Name className="java.lang.String">string</Name>
  <Value className="java.lang.String">opinion</Value>
</Feature>
</Annotation>
<Annotation Id="493" Type="Token" StartNode="1213" EndNode="1228">
<Feature>
  <Name className="java.lang.String">string</Name>
  <Value className="java.lang.String">straightforward</Value>
</Feature>
</Annotation>
<Annotation Id="495" Type="Token" StartNode="1229" EndNode="1243">
<Feature>
  <Name className="java.lang.String">string</Name>
  <Value className="java.lang.String">interpretation</Value>
</Feature>
</Annotation>
<Annotation Id="557" Type="Token" StartNode="1387" EndNode="1393">
<Feature>
  <Name className="java.lang.String">string</Name>
  <Value className="java.lang.String">Other-</Value>
</Feature>
</Annotation>
<Annotation Id="525" Type="Token" StartNode="1309" EndNode="1316">
<Feature>
  <Name className="java.lang.String">string</Name>
  <Value className="java.lang.String">because</Value>
</Feature>
</Annotation>
<Annotation Id="533" Type="Token" StartNode="1331" EndNode="1337">
<Feature>
  <Name className="java.lang.String">string</Name>
  <Value className="java.lang.String">raised</Value>
</Feature>
</Annotation>
<Annotation Id="541" Type="Token" StartNode="1347" EndNode="1356">
<Feature>
  <Name className="java.lang.String">string</Name>
  <Value className="java.lang.String">different</Value>
</Feature>
</Annotation>
<Annotation Id="543" Type="Token" StartNode="1357" EndNode="1363">
<Feature>
  <Name className="java.lang.String">string</Name>
  <Value className="java.lang.String">nature</Value>
</Feature>
</Annotation>
<Annotation Id="614" Type="Token" StartNode="1531" EndNode="1539">
<Feature>
  <Name className="java.lang.String">string</Name>
  <Value className="java.lang.String">marriage</Value>
</Feature>
</Annotation>
<Annotation Id="626" Type="Token" StartNode="1557" EndNode="1567">
<Feature>
  <Name className="java.lang.String">string</Name>
  <Value className="java.lang.String">angel-like</Value>
</Feature>
</Annotation>
<Annotation Id="628" Type="Token" StartNode="1568" EndNode="1575">
<Feature>
  <Name className="java.lang.String">string</Name>
  <Value className="java.lang.String">natures</Value>
</Feature>
</Annotation>
<Annotation Id="635" Type="Token" StartNode="1585" EndNode="1592">
<Feature>
  <Name className="java.lang.String">string</Name>
  <Value className="java.lang.String">someday</Value>
</Feature>
</Annotation>
<Annotation Id="579" Type="Token" StartNode="1440" EndNode="1446">
<Feature>
  <Name className="java.lang.String">string</Name>
  <Value className="java.lang.String">angels</Value>
</Feature>
</Annotation>
<Annotation Id="583" Type="Token" StartNode="1450" EndNode="1456">
<Feature>
  <Name className="java.lang.String">string</Name>
  <Value className="java.lang.String">heaven</Value>
</Feature>
</Annotation>
<Annotation Id="590" Type="Token" StartNode="1463" EndNode="1471">
<Feature>
  <Name className="java.lang.String">string</Name>
  <Value className="java.lang.String">contrast</Value>
</Feature>
</Annotation>
<Annotation Id="602" Type="Token" StartNode="1491" EndNode="1502">
<Feature>
  <Name className="java.lang.String">string</Name>
  <Value className="java.lang.String">resurrected</Value>
</Feature>
</Annotation>
<Annotation Id="604" Type="Token" StartNode="1503" EndNode="1511">
<Feature>
  <Name className="java.lang.String">string</Name>
  <Value className="java.lang.String">marrying</Value>
</Feature>
</Annotation>
<Annotation Id="686" Type="Token" StartNode="1704" EndNode="1710">
<Feature>
  <Name className="java.lang.String">string</Name>
  <Value className="java.lang.String">saying</Value>
</Feature>
</Annotation>
<Annotation Id="701" Type="Token" StartNode="1762" EndNode="1771">
<Feature>
  <Name className="java.lang.String">string</Name>
  <Value className="java.lang.String">performed</Value>
</Feature>
</Annotation>
<Annotation Id="699" Type="Token" StartNode="1752" EndNode="1761">
<Feature>
  <Name className="java.lang.String">string</Name>
  <Value className="java.lang.String">marriages</Value>
</Feature>
</Annotation>
<Annotation Id="694" Type="Token" StartNode="1739" EndNode="1747">
<Feature>
  <Name className="java.lang.String">string</Name>
  <Value className="java.lang.String">validity</Value>
</Feature>
</Annotation>
<Annotation Id="692" Type="Token" StartNode="1721" EndNode="1738">
<Feature>
  <Name className="java.lang.String">string</Name>
  <Value className="java.lang.String">post-resurrection</Value>
</Feature>
</Annotation>
<Annotation Id="653" Type="Token" StartNode="1623" EndNode="1630">
<Feature>
  <Name className="java.lang.String">string</Name>
  <Value className="java.lang.String">earthly</Value>
</Feature>
</Annotation>
<Annotation Id="655" Type="Token" StartNode="1631" EndNode="1640">
<Feature>
  <Name className="java.lang.String">string</Name>
  <Value className="java.lang.String">marriages</Value>
</Feature>
</Annotation>
<Annotation Id="661" Type="Token" StartNode="1649" EndNode="1659">
<Feature>
  <Name className="java.lang.String">string</Name>
  <Value className="java.lang.String">irrelevant</Value>
</Feature>
</Annotation>
<Annotation Id="711" Type="Token" StartNode="1788" EndNode="1795">
<Feature>
  <Name className="java.lang.String">string</Name>
  <Value className="java.lang.String">mileage</Value>
</Feature>
</Annotation>
</AnnotationSet>
<AnnotationSet Name="Original markups"> </AnnotationSet>
</GateDocument>