<?xml version='1.0' encoding='UTF-8'?>
<GateDocument version="3">
<!-- The document's features-->

<GateDocumentFeatures>
<Feature>
  <Name className="java.lang.String">Original_document_content_on_load</Name>
  <Value className="java.lang.String">From: Petch@gvg47.gvg.tek.com (Chuck Petch)
Message-ID: &lt;Apr.22.00.55.21.1993.2052@geneva.rutgers.edu>
Date: 22 Apr 93 04:55:22 GMT
Sender: hedrick@geneva.rutgers.edu
Organization: Grass Valley Group, Grass Valley, CA
Lines: 6
Approved: christian@aramis.rutgers.edu


   But someone will say, "You have faith; I have deeds." 
    Show me your faith without deeds, and I will show you my faith by what
I do. 

James 2:18
</Value>
</Feature>
<Feature>
  <Name className="java.lang.String">gate.SourceURL</Name>
  <Value className="java.lang.String">file:/C:/Users/jian/Documents/NetBeansProjects/NoiseReductionTechniques/mideastPoliticsMix/negative203</Value>
</Feature>
</GateDocumentFeatures>
<!-- The document content area with serialized nodes -->

<TextWithNodes><Node id="0"/>From<Node id="4"/>:<Node id="5"/> <Node id="6"/>Petch<Node id="11"/>@<Node id="12"/>gvg<Node id="15"/>47<Node id="17"/>.<Node id="18"/>gvg<Node id="21"/>.<Node id="22"/>tek<Node id="25"/>.<Node id="26"/>com<Node id="29"/> <Node id="30"/>(<Node id="31"/>Chuck<Node id="36"/> <Node id="37"/>Petch<Node id="42"/>)<Node id="43"/>
<Node id="44"/>Message-<Node id="52"/>ID<Node id="54"/>:<Node id="55"/> <Node id="56"/>&lt;<Node id="57"/>Apr<Node id="60"/>.<Node id="61"/>22<Node id="63"/>.<Node id="64"/>00<Node id="66"/>.<Node id="67"/>55<Node id="69"/>.<Node id="70"/>21<Node id="72"/>.<Node id="73"/>1993<Node id="77"/>.<Node id="78"/>2052<Node id="82"/>@<Node id="83"/>geneva<Node id="89"/>.<Node id="90"/>rutgers<Node id="97"/>.<Node id="98"/>edu<Node id="101"/>&gt;<Node id="102"/>
<Node id="103"/>Date<Node id="107"/>:<Node id="108"/> <Node id="109"/>22<Node id="111"/> <Node id="112"/>Apr<Node id="115"/> <Node id="116"/>93<Node id="118"/> <Node id="119"/>04<Node id="121"/>:<Node id="122"/>55<Node id="124"/>:<Node id="125"/>22<Node id="127"/> <Node id="128"/>GMT<Node id="131"/>
<Node id="132"/>Sender<Node id="138"/>:<Node id="139"/> <Node id="140"/>hedrick<Node id="147"/>@<Node id="148"/>geneva<Node id="154"/>.<Node id="155"/>rutgers<Node id="162"/>.<Node id="163"/>edu<Node id="166"/>
<Node id="167"/>Organization<Node id="179"/>:<Node id="180"/> <Node id="181"/>Grass<Node id="186"/> <Node id="187"/>Valley<Node id="193"/> <Node id="194"/>Group<Node id="199"/>,<Node id="200"/> <Node id="201"/>Grass<Node id="206"/> <Node id="207"/>Valley<Node id="213"/>,<Node id="214"/> <Node id="215"/>CA<Node id="217"/>
<Node id="218"/>Lines<Node id="223"/>:<Node id="224"/> <Node id="225"/>6<Node id="226"/>
<Node id="227"/>Approved<Node id="235"/>:<Node id="236"/> <Node id="237"/>christian<Node id="246"/>@<Node id="247"/>aramis<Node id="253"/>.<Node id="254"/>rutgers<Node id="261"/>.<Node id="262"/>edu<Node id="265"/>
<Node id="266"/>
<Node id="267"/>
<Node id="268"/> <Node id="269"/> <Node id="270"/> <Node id="271"/>But<Node id="274"/> <Node id="275"/>someone<Node id="282"/> <Node id="283"/>will<Node id="287"/> <Node id="288"/>say<Node id="291"/>,<Node id="292"/> <Node id="293"/>"<Node id="294"/>You<Node id="297"/> <Node id="298"/>have<Node id="302"/> <Node id="303"/>faith<Node id="308"/>;<Node id="309"/> <Node id="310"/>I<Node id="311"/> <Node id="312"/>have<Node id="316"/> <Node id="317"/>deeds<Node id="322"/>.<Node id="323"/>"<Node id="324"/> <Node id="325"/>
<Node id="326"/> <Node id="327"/> <Node id="328"/> <Node id="329"/> <Node id="330"/>Show<Node id="334"/> <Node id="335"/>me<Node id="337"/> <Node id="338"/>your<Node id="342"/> <Node id="343"/>faith<Node id="348"/> <Node id="349"/>without<Node id="356"/> <Node id="357"/>deeds<Node id="362"/>,<Node id="363"/> <Node id="364"/>and<Node id="367"/> <Node id="368"/>I<Node id="369"/> <Node id="370"/>will<Node id="374"/> <Node id="375"/>show<Node id="379"/> <Node id="380"/>you<Node id="383"/> <Node id="384"/>my<Node id="386"/> <Node id="387"/>faith<Node id="392"/> <Node id="393"/>by<Node id="395"/> <Node id="396"/>what<Node id="400"/>
<Node id="401"/>I<Node id="402"/> <Node id="403"/>do<Node id="405"/>.<Node id="406"/> <Node id="407"/>
<Node id="408"/>
<Node id="409"/>James<Node id="414"/> <Node id="415"/>2<Node id="416"/>:<Node id="417"/>18<Node id="419"/>
<Node id="420"/></TextWithNodes>
<!-- The default annotation set -->

<AnnotationSet>
<Annotation EndNode="420" StartNode="0" Type="Mention" Id="9999999">
<Feature>
<Name classname="java.lang.String">Class</Name>
<Value classname="java.lang.String">0</Value>
</Feature>
</Annotation>

<Annotation Id="20" Type="Token" StartNode="44" EndNode="52">
<Feature>
  <Name className="java.lang.String">string</Name>
  <Value className="java.lang.String">Message-</Value>
</Feature>
</Annotation>
<Annotation Id="39" Type="Token" StartNode="83" EndNode="89">
<Feature>
  <Name className="java.lang.String">string</Name>
  <Value className="java.lang.String">geneva</Value>
</Feature>
</Annotation>
<Annotation Id="41" Type="Token" StartNode="90" EndNode="97">
<Feature>
  <Name className="java.lang.String">string</Name>
  <Value className="java.lang.String">rutgers</Value>
</Feature>
</Annotation>
<Annotation Id="63" Type="Token" StartNode="132" EndNode="138">
<Feature>
  <Name className="java.lang.String">string</Name>
  <Value className="java.lang.String">Sender</Value>
</Feature>
</Annotation>
<Annotation Id="68" Type="Token" StartNode="148" EndNode="154">
<Feature>
  <Name className="java.lang.String">string</Name>
  <Value className="java.lang.String">geneva</Value>
</Feature>
</Annotation>
<Annotation Id="70" Type="Token" StartNode="155" EndNode="162">
<Feature>
  <Name className="java.lang.String">string</Name>
  <Value className="java.lang.String">rutgers</Value>
</Feature>
</Annotation>
<Annotation Id="66" Type="Token" StartNode="140" EndNode="147">
<Feature>
  <Name className="java.lang.String">string</Name>
  <Value className="java.lang.String">hedrick</Value>
</Feature>
</Annotation>
<Annotation Id="79" Type="Token" StartNode="187" EndNode="193">
<Feature>
  <Name className="java.lang.String">string</Name>
  <Value className="java.lang.String">Valley</Value>
</Feature>
</Annotation>
<Annotation Id="74" Type="Token" StartNode="167" EndNode="179">
<Feature>
  <Name className="java.lang.String">string</Name>
  <Value className="java.lang.String">Organization</Value>
</Feature>
</Annotation>
<Annotation Id="86" Type="Token" StartNode="207" EndNode="213">
<Feature>
  <Name className="java.lang.String">string</Name>
  <Value className="java.lang.String">Valley</Value>
</Feature>
</Annotation>
<Annotation Id="103" Type="Token" StartNode="254" EndNode="261">
<Feature>
  <Name className="java.lang.String">string</Name>
  <Value className="java.lang.String">rutgers</Value>
</Feature>
</Annotation>
<Annotation Id="101" Type="Token" StartNode="247" EndNode="253">
<Feature>
  <Name className="java.lang.String">string</Name>
  <Value className="java.lang.String">aramis</Value>
</Feature>
</Annotation>
<Annotation Id="99" Type="Token" StartNode="237" EndNode="246">
<Feature>
  <Name className="java.lang.String">string</Name>
  <Value className="java.lang.String">christian</Value>
</Feature>
</Annotation>
<Annotation Id="96" Type="Token" StartNode="227" EndNode="235">
<Feature>
  <Name className="java.lang.String">string</Name>
  <Value className="java.lang.String">Approved</Value>
</Feature>
</Annotation>
<Annotation Id="114" Type="Token" StartNode="275" EndNode="282">
<Feature>
  <Name className="java.lang.String">string</Name>
  <Value className="java.lang.String">someone</Value>
</Feature>
</Annotation>
<Annotation Id="150" Type="Token" StartNode="349" EndNode="356">
<Feature>
  <Name className="java.lang.String">string</Name>
  <Value className="java.lang.String">without</Value>
</Feature>
</Annotation>
</AnnotationSet>
<AnnotationSet Name="Original markups"> </AnnotationSet>
</GateDocument>