<?xml version='1.0' encoding='UTF-8'?>
<GateDocument version="3">
<!-- The document's features-->

<GateDocumentFeatures>
<Feature>
  <Name className="java.lang.String">Original_document_content_on_load</Name>
  <Value className="java.lang.String"><![CDATA[From: viking@iastate.edu (Dan Sorenson)
Message-ID: <viking.735379977@ponderous.cc.iastate.edu>
Sender: news@news.iastate.edu (USENET News System)
Organization: Iowa State University, Ames IA
References: <1r19l9$7dv@usenet.INS.CWRU.Edu>
Distribution: usa
Date: Wed, 21 Apr 1993 08:12:57 GMT
Lines: 69

oldham@ces.cwru.edu (Daniel Oldham) writes:

>What happened in Waco is not the fault of the BATF. If they would of
>had the proper equipment and personal then they could of captured the
>compound on the initial assault and none of this would of happened.

	SeAL Team six should have handled it?  Delta Force?  The
BATF had more than enough equipment and men.  They did not have
good intel, but they did have poor planning.  They fucked up.  Even
in just the most basic military sense, they fucked up.  Excuses do
not justify body counts.

>The BATF needs more people, better weapons and more armored
>transports. When they meet hostile fire they should be able to use
>more force instead of retreating to a stand off. If you are going to
>do a job then do it right. The BATF is there to protect us and they
>must have the proper equipment and people to do the job.

	And your excuses fall upon deaf ears when the same BATF
has shown shitty leadership despite more people, better weapons,
and exclusive use of armor against their targets.  BATF is nothing
more than a private army of the government.  Do the agents swear an
oath, as I did, to uphold the Constitution?  You know, that document
that stipulates the highest law of the land?  If they do, they should
be up for charges in a court of law.  Remember, the law?  That's
the whole reason for any of this.

>With the WoD and the increased crime in the streets the BATF is needed
>more now then ever. If they blast away a few good fokes then that is
>the price we all have to pay for law and order in this country. Look
>at all the good people that died in wars to protect this great country
>of ours.

	Yeah, I've been related to many of them.  This is flame-bait,
right?  I'm not paying your price.  Mind if I sight in my guns on
your body?  Think of it as the price you have to pay that we may all
live without fear of my making a stray shot.  It's fine and dandy to
revel in the other guy being the target and your supposed safety.  In
the military, we called this "chicken shit."  Leadership from the rear.
The War on Drugs, despite being a catchy term for nothing more than
a continuation of policy since before this century, seems to have
gotten you convinced that my rights aren't worth your good vibes.
Mind if I cut your net access, as well as access to any and all forms
of expression?  See, you make me nervous, what with you being able
to influence so many.  I'm sure you can see how this is the price we
have to pay for freedom and liberty in this country, as well as
a fair and unbiased judiciary.

>With the arms build up in Waco they needed to hit that compound with
>mega fire power. They could of gone in there blasting and killed a few
>women and kids but it would of been better then letting them all burn
>to death 51 days later.

	Mind if we include you in the body count?  I'm sure we could
all file it under "civic improvement" and your life wouldn't have
been sacrificed in vain.  If you like, you can will your estate to
defecit reduction, too.  Now, when you learn how the law protects, or
doesn't protect, everybody equally and how our collective boot may
one day be on your collective throat, perhaps at that time you will
mature enough to realize just what you're talking about and how
serious this is.

	Next time, include a smiley.  While I hesitate to think that
you could have meant this seriously, it deserved a small flame anyway.

< Dan Sorenson, DoD #1066 z1dan@exnet.iastate.edu viking@iastate.edu >
<  ISU only censors what I read, not what I say.  Don't blame them.  >
<     USENET: Post to exotic, distant machines.  Meet exciting,      >
<                 unusual people.  And flame them.                   >
]]></Value>
</Feature>
<Feature>
  <Name className="java.lang.String">gate.SourceURL</Name>
  <Value className="java.lang.String">file:/C:/Users/jian/Documents/NetBeansProjects/NoiseReductionTechniques/mideastPoliticsMix/negative110</Value>
</Feature>
</GateDocumentFeatures>
<!-- The document content area with serialized nodes -->

<TextWithNodes><Node id="0"/>From<Node id="4"/>:<Node id="5"/> <Node id="6"/>viking<Node id="12"/>@<Node id="13"/>iastate<Node id="20"/>.<Node id="21"/>edu<Node id="24"/> <Node id="25"/>(<Node id="26"/>Dan<Node id="29"/> <Node id="30"/>Sorenson<Node id="38"/>)<Node id="39"/>
<Node id="40"/>Message-<Node id="48"/>ID<Node id="50"/>:<Node id="51"/> <Node id="52"/>&lt;<Node id="53"/>viking<Node id="59"/>.<Node id="60"/>735379977<Node id="69"/>@<Node id="70"/>ponderous<Node id="79"/>.<Node id="80"/>cc<Node id="82"/>.<Node id="83"/>iastate<Node id="90"/>.<Node id="91"/>edu<Node id="94"/>&gt;<Node id="95"/>
<Node id="96"/>Sender<Node id="102"/>:<Node id="103"/> <Node id="104"/>news<Node id="108"/>@<Node id="109"/>news<Node id="113"/>.<Node id="114"/>iastate<Node id="121"/>.<Node id="122"/>edu<Node id="125"/> <Node id="126"/>(<Node id="127"/>USENET<Node id="133"/> <Node id="134"/>News<Node id="138"/> <Node id="139"/>System<Node id="145"/>)<Node id="146"/>
<Node id="147"/>Organization<Node id="159"/>:<Node id="160"/> <Node id="161"/>Iowa<Node id="165"/> <Node id="166"/>State<Node id="171"/> <Node id="172"/>University<Node id="182"/>,<Node id="183"/> <Node id="184"/>Ames<Node id="188"/> <Node id="189"/>IA<Node id="191"/>
<Node id="192"/>References<Node id="202"/>:<Node id="203"/> <Node id="204"/>&lt;<Node id="205"/>1<Node id="206"/>r<Node id="207"/>19<Node id="209"/>l<Node id="210"/>9<Node id="211"/>$<Node id="212"/>7<Node id="213"/>dv<Node id="215"/>@<Node id="216"/>usenet<Node id="222"/>.<Node id="223"/>INS<Node id="226"/>.<Node id="227"/>CWRU<Node id="231"/>.<Node id="232"/>Edu<Node id="235"/>&gt;<Node id="236"/>
<Node id="237"/>Distribution<Node id="249"/>:<Node id="250"/> <Node id="251"/>usa<Node id="254"/>
<Node id="255"/>Date<Node id="259"/>:<Node id="260"/> <Node id="261"/>Wed<Node id="264"/>,<Node id="265"/> <Node id="266"/>21<Node id="268"/> <Node id="269"/>Apr<Node id="272"/> <Node id="273"/>1993<Node id="277"/> <Node id="278"/>08<Node id="280"/>:<Node id="281"/>12<Node id="283"/>:<Node id="284"/>57<Node id="286"/> <Node id="287"/>GMT<Node id="290"/>
<Node id="291"/>Lines<Node id="296"/>:<Node id="297"/> <Node id="298"/>69<Node id="300"/>
<Node id="301"/>
<Node id="302"/>oldham<Node id="308"/>@<Node id="309"/>ces<Node id="312"/>.<Node id="313"/>cwru<Node id="317"/>.<Node id="318"/>edu<Node id="321"/> <Node id="322"/>(<Node id="323"/>Daniel<Node id="329"/> <Node id="330"/>Oldham<Node id="336"/>)<Node id="337"/> <Node id="338"/>writes<Node id="344"/>:<Node id="345"/>
<Node id="346"/>
<Node id="347"/>&gt;<Node id="348"/>What<Node id="352"/> <Node id="353"/>happened<Node id="361"/> <Node id="362"/>in<Node id="364"/> <Node id="365"/>Waco<Node id="369"/> <Node id="370"/>is<Node id="372"/> <Node id="373"/>not<Node id="376"/> <Node id="377"/>the<Node id="380"/> <Node id="381"/>fault<Node id="386"/> <Node id="387"/>of<Node id="389"/> <Node id="390"/>the<Node id="393"/> <Node id="394"/>BATF<Node id="398"/>.<Node id="399"/> <Node id="400"/>If<Node id="402"/> <Node id="403"/>they<Node id="407"/> <Node id="408"/>would<Node id="413"/> <Node id="414"/>of<Node id="416"/>
<Node id="417"/>&gt;<Node id="418"/>had<Node id="421"/> <Node id="422"/>the<Node id="425"/> <Node id="426"/>proper<Node id="432"/> <Node id="433"/>equipment<Node id="442"/> <Node id="443"/>and<Node id="446"/> <Node id="447"/>personal<Node id="455"/> <Node id="456"/>then<Node id="460"/> <Node id="461"/>they<Node id="465"/> <Node id="466"/>could<Node id="471"/> <Node id="472"/>of<Node id="474"/> <Node id="475"/>captured<Node id="483"/> <Node id="484"/>the<Node id="487"/>
<Node id="488"/>&gt;<Node id="489"/>compound<Node id="497"/> <Node id="498"/>on<Node id="500"/> <Node id="501"/>the<Node id="504"/> <Node id="505"/>initial<Node id="512"/> <Node id="513"/>assault<Node id="520"/> <Node id="521"/>and<Node id="524"/> <Node id="525"/>none<Node id="529"/> <Node id="530"/>of<Node id="532"/> <Node id="533"/>this<Node id="537"/> <Node id="538"/>would<Node id="543"/> <Node id="544"/>of<Node id="546"/> <Node id="547"/>happened<Node id="555"/>.<Node id="556"/>
<Node id="557"/>
<Node id="558"/>	<Node id="559"/>SeAL<Node id="563"/> <Node id="564"/>Team<Node id="568"/> <Node id="569"/>six<Node id="572"/> <Node id="573"/>should<Node id="579"/> <Node id="580"/>have<Node id="584"/> <Node id="585"/>handled<Node id="592"/> <Node id="593"/>it<Node id="595"/>?<Node id="596"/> <Node id="597"/> <Node id="598"/>Delta<Node id="603"/> <Node id="604"/>Force<Node id="609"/>?<Node id="610"/> <Node id="611"/> <Node id="612"/>The<Node id="615"/>
<Node id="616"/>BATF<Node id="620"/> <Node id="621"/>had<Node id="624"/> <Node id="625"/>more<Node id="629"/> <Node id="630"/>than<Node id="634"/> <Node id="635"/>enough<Node id="641"/> <Node id="642"/>equipment<Node id="651"/> <Node id="652"/>and<Node id="655"/> <Node id="656"/>men<Node id="659"/>.<Node id="660"/> <Node id="661"/> <Node id="662"/>They<Node id="666"/> <Node id="667"/>did<Node id="670"/> <Node id="671"/>not<Node id="674"/> <Node id="675"/>have<Node id="679"/>
<Node id="680"/>good<Node id="684"/> <Node id="685"/>intel<Node id="690"/>,<Node id="691"/> <Node id="692"/>but<Node id="695"/> <Node id="696"/>they<Node id="700"/> <Node id="701"/>did<Node id="704"/> <Node id="705"/>have<Node id="709"/> <Node id="710"/>poor<Node id="714"/> <Node id="715"/>planning<Node id="723"/>.<Node id="724"/> <Node id="725"/> <Node id="726"/>They<Node id="730"/> <Node id="731"/>fucked<Node id="737"/> <Node id="738"/>up<Node id="740"/>.<Node id="741"/> <Node id="742"/> <Node id="743"/>Even<Node id="747"/>
<Node id="748"/>in<Node id="750"/> <Node id="751"/>just<Node id="755"/> <Node id="756"/>the<Node id="759"/> <Node id="760"/>most<Node id="764"/> <Node id="765"/>basic<Node id="770"/> <Node id="771"/>military<Node id="779"/> <Node id="780"/>sense<Node id="785"/>,<Node id="786"/> <Node id="787"/>they<Node id="791"/> <Node id="792"/>fucked<Node id="798"/> <Node id="799"/>up<Node id="801"/>.<Node id="802"/> <Node id="803"/> <Node id="804"/>Excuses<Node id="811"/> <Node id="812"/>do<Node id="814"/>
<Node id="815"/>not<Node id="818"/> <Node id="819"/>justify<Node id="826"/> <Node id="827"/>body<Node id="831"/> <Node id="832"/>counts<Node id="838"/>.<Node id="839"/>
<Node id="840"/>
<Node id="841"/>&gt;<Node id="842"/>The<Node id="845"/> <Node id="846"/>BATF<Node id="850"/> <Node id="851"/>needs<Node id="856"/> <Node id="857"/>more<Node id="861"/> <Node id="862"/>people<Node id="868"/>,<Node id="869"/> <Node id="870"/>better<Node id="876"/> <Node id="877"/>weapons<Node id="884"/> <Node id="885"/>and<Node id="888"/> <Node id="889"/>more<Node id="893"/> <Node id="894"/>armored<Node id="901"/>
<Node id="902"/>&gt;<Node id="903"/>transports<Node id="913"/>.<Node id="914"/> <Node id="915"/>When<Node id="919"/> <Node id="920"/>they<Node id="924"/> <Node id="925"/>meet<Node id="929"/> <Node id="930"/>hostile<Node id="937"/> <Node id="938"/>fire<Node id="942"/> <Node id="943"/>they<Node id="947"/> <Node id="948"/>should<Node id="954"/> <Node id="955"/>be<Node id="957"/> <Node id="958"/>able<Node id="962"/> <Node id="963"/>to<Node id="965"/> <Node id="966"/>use<Node id="969"/>
<Node id="970"/>&gt;<Node id="971"/>more<Node id="975"/> <Node id="976"/>force<Node id="981"/> <Node id="982"/>instead<Node id="989"/> <Node id="990"/>of<Node id="992"/> <Node id="993"/>retreating<Node id="1003"/> <Node id="1004"/>to<Node id="1006"/> <Node id="1007"/>a<Node id="1008"/> <Node id="1009"/>stand<Node id="1014"/> <Node id="1015"/>off<Node id="1018"/>.<Node id="1019"/> <Node id="1020"/>If<Node id="1022"/> <Node id="1023"/>you<Node id="1026"/> <Node id="1027"/>are<Node id="1030"/> <Node id="1031"/>going<Node id="1036"/> <Node id="1037"/>to<Node id="1039"/>
<Node id="1040"/>&gt;<Node id="1041"/>do<Node id="1043"/> <Node id="1044"/>a<Node id="1045"/> <Node id="1046"/>job<Node id="1049"/> <Node id="1050"/>then<Node id="1054"/> <Node id="1055"/>do<Node id="1057"/> <Node id="1058"/>it<Node id="1060"/> <Node id="1061"/>right<Node id="1066"/>.<Node id="1067"/> <Node id="1068"/>The<Node id="1071"/> <Node id="1072"/>BATF<Node id="1076"/> <Node id="1077"/>is<Node id="1079"/> <Node id="1080"/>there<Node id="1085"/> <Node id="1086"/>to<Node id="1088"/> <Node id="1089"/>protect<Node id="1096"/> <Node id="1097"/>us<Node id="1099"/> <Node id="1100"/>and<Node id="1103"/> <Node id="1104"/>they<Node id="1108"/>
<Node id="1109"/>&gt;<Node id="1110"/>must<Node id="1114"/> <Node id="1115"/>have<Node id="1119"/> <Node id="1120"/>the<Node id="1123"/> <Node id="1124"/>proper<Node id="1130"/> <Node id="1131"/>equipment<Node id="1140"/> <Node id="1141"/>and<Node id="1144"/> <Node id="1145"/>people<Node id="1151"/> <Node id="1152"/>to<Node id="1154"/> <Node id="1155"/>do<Node id="1157"/> <Node id="1158"/>the<Node id="1161"/> <Node id="1162"/>job<Node id="1165"/>.<Node id="1166"/>
<Node id="1167"/>
<Node id="1168"/>	<Node id="1169"/>And<Node id="1172"/> <Node id="1173"/>your<Node id="1177"/> <Node id="1178"/>excuses<Node id="1185"/> <Node id="1186"/>fall<Node id="1190"/> <Node id="1191"/>upon<Node id="1195"/> <Node id="1196"/>deaf<Node id="1200"/> <Node id="1201"/>ears<Node id="1205"/> <Node id="1206"/>when<Node id="1210"/> <Node id="1211"/>the<Node id="1214"/> <Node id="1215"/>same<Node id="1219"/> <Node id="1220"/>BATF<Node id="1224"/>
<Node id="1225"/>has<Node id="1228"/> <Node id="1229"/>shown<Node id="1234"/> <Node id="1235"/>shitty<Node id="1241"/> <Node id="1242"/>leadership<Node id="1252"/> <Node id="1253"/>despite<Node id="1260"/> <Node id="1261"/>more<Node id="1265"/> <Node id="1266"/>people<Node id="1272"/>,<Node id="1273"/> <Node id="1274"/>better<Node id="1280"/> <Node id="1281"/>weapons<Node id="1288"/>,<Node id="1289"/>
<Node id="1290"/>and<Node id="1293"/> <Node id="1294"/>exclusive<Node id="1303"/> <Node id="1304"/>use<Node id="1307"/> <Node id="1308"/>of<Node id="1310"/> <Node id="1311"/>armor<Node id="1316"/> <Node id="1317"/>against<Node id="1324"/> <Node id="1325"/>their<Node id="1330"/> <Node id="1331"/>targets<Node id="1338"/>.<Node id="1339"/> <Node id="1340"/> <Node id="1341"/>BATF<Node id="1345"/> <Node id="1346"/>is<Node id="1348"/> <Node id="1349"/>nothing<Node id="1356"/>
<Node id="1357"/>more<Node id="1361"/> <Node id="1362"/>than<Node id="1366"/> <Node id="1367"/>a<Node id="1368"/> <Node id="1369"/>private<Node id="1376"/> <Node id="1377"/>army<Node id="1381"/> <Node id="1382"/>of<Node id="1384"/> <Node id="1385"/>the<Node id="1388"/> <Node id="1389"/>government<Node id="1399"/>.<Node id="1400"/> <Node id="1401"/> <Node id="1402"/>Do<Node id="1404"/> <Node id="1405"/>the<Node id="1408"/> <Node id="1409"/>agents<Node id="1415"/> <Node id="1416"/>swear<Node id="1421"/> <Node id="1422"/>an<Node id="1424"/>
<Node id="1425"/>oath<Node id="1429"/>,<Node id="1430"/> <Node id="1431"/>as<Node id="1433"/> <Node id="1434"/>I<Node id="1435"/> <Node id="1436"/>did<Node id="1439"/>,<Node id="1440"/> <Node id="1441"/>to<Node id="1443"/> <Node id="1444"/>uphold<Node id="1450"/> <Node id="1451"/>the<Node id="1454"/> <Node id="1455"/>Constitution<Node id="1467"/>?<Node id="1468"/> <Node id="1469"/> <Node id="1470"/>You<Node id="1473"/> <Node id="1474"/>know<Node id="1478"/>,<Node id="1479"/> <Node id="1480"/>that<Node id="1484"/> <Node id="1485"/>document<Node id="1493"/>
<Node id="1494"/>that<Node id="1498"/> <Node id="1499"/>stipulates<Node id="1509"/> <Node id="1510"/>the<Node id="1513"/> <Node id="1514"/>highest<Node id="1521"/> <Node id="1522"/>law<Node id="1525"/> <Node id="1526"/>of<Node id="1528"/> <Node id="1529"/>the<Node id="1532"/> <Node id="1533"/>land<Node id="1537"/>?<Node id="1538"/> <Node id="1539"/> <Node id="1540"/>If<Node id="1542"/> <Node id="1543"/>they<Node id="1547"/> <Node id="1548"/>do<Node id="1550"/>,<Node id="1551"/> <Node id="1552"/>they<Node id="1556"/> <Node id="1557"/>should<Node id="1563"/>
<Node id="1564"/>be<Node id="1566"/> <Node id="1567"/>up<Node id="1569"/> <Node id="1570"/>for<Node id="1573"/> <Node id="1574"/>charges<Node id="1581"/> <Node id="1582"/>in<Node id="1584"/> <Node id="1585"/>a<Node id="1586"/> <Node id="1587"/>court<Node id="1592"/> <Node id="1593"/>of<Node id="1595"/> <Node id="1596"/>law<Node id="1599"/>.<Node id="1600"/> <Node id="1601"/> <Node id="1602"/>Remember<Node id="1610"/>,<Node id="1611"/> <Node id="1612"/>the<Node id="1615"/> <Node id="1616"/>law<Node id="1619"/>?<Node id="1620"/> <Node id="1621"/> <Node id="1622"/>That<Node id="1626"/>'s<Node id="1628"/>
<Node id="1629"/>the<Node id="1632"/> <Node id="1633"/>whole<Node id="1638"/> <Node id="1639"/>reason<Node id="1645"/> <Node id="1646"/>for<Node id="1649"/> <Node id="1650"/>any<Node id="1653"/> <Node id="1654"/>of<Node id="1656"/> <Node id="1657"/>this<Node id="1661"/>.<Node id="1662"/>
<Node id="1663"/>
<Node id="1664"/>&gt;<Node id="1665"/>With<Node id="1669"/> <Node id="1670"/>the<Node id="1673"/> <Node id="1674"/>WoD<Node id="1677"/> <Node id="1678"/>and<Node id="1681"/> <Node id="1682"/>the<Node id="1685"/> <Node id="1686"/>increased<Node id="1695"/> <Node id="1696"/>crime<Node id="1701"/> <Node id="1702"/>in<Node id="1704"/> <Node id="1705"/>the<Node id="1708"/> <Node id="1709"/>streets<Node id="1716"/> <Node id="1717"/>the<Node id="1720"/> <Node id="1721"/>BATF<Node id="1725"/> <Node id="1726"/>is<Node id="1728"/> <Node id="1729"/>needed<Node id="1735"/>
<Node id="1736"/>&gt;<Node id="1737"/>more<Node id="1741"/> <Node id="1742"/>now<Node id="1745"/> <Node id="1746"/>then<Node id="1750"/> <Node id="1751"/>ever<Node id="1755"/>.<Node id="1756"/> <Node id="1757"/>If<Node id="1759"/> <Node id="1760"/>they<Node id="1764"/> <Node id="1765"/>blast<Node id="1770"/> <Node id="1771"/>away<Node id="1775"/> <Node id="1776"/>a<Node id="1777"/> <Node id="1778"/>few<Node id="1781"/> <Node id="1782"/>good<Node id="1786"/> <Node id="1787"/>fokes<Node id="1792"/> <Node id="1793"/>then<Node id="1797"/> <Node id="1798"/>that<Node id="1802"/> <Node id="1803"/>is<Node id="1805"/>
<Node id="1806"/>&gt;<Node id="1807"/>the<Node id="1810"/> <Node id="1811"/>price<Node id="1816"/> <Node id="1817"/>we<Node id="1819"/> <Node id="1820"/>all<Node id="1823"/> <Node id="1824"/>have<Node id="1828"/> <Node id="1829"/>to<Node id="1831"/> <Node id="1832"/>pay<Node id="1835"/> <Node id="1836"/>for<Node id="1839"/> <Node id="1840"/>law<Node id="1843"/> <Node id="1844"/>and<Node id="1847"/> <Node id="1848"/>order<Node id="1853"/> <Node id="1854"/>in<Node id="1856"/> <Node id="1857"/>this<Node id="1861"/> <Node id="1862"/>country<Node id="1869"/>.<Node id="1870"/> <Node id="1871"/>Look<Node id="1875"/>
<Node id="1876"/>&gt;<Node id="1877"/>at<Node id="1879"/> <Node id="1880"/>all<Node id="1883"/> <Node id="1884"/>the<Node id="1887"/> <Node id="1888"/>good<Node id="1892"/> <Node id="1893"/>people<Node id="1899"/> <Node id="1900"/>that<Node id="1904"/> <Node id="1905"/>died<Node id="1909"/> <Node id="1910"/>in<Node id="1912"/> <Node id="1913"/>wars<Node id="1917"/> <Node id="1918"/>to<Node id="1920"/> <Node id="1921"/>protect<Node id="1928"/> <Node id="1929"/>this<Node id="1933"/> <Node id="1934"/>great<Node id="1939"/> <Node id="1940"/>country<Node id="1947"/>
<Node id="1948"/>&gt;<Node id="1949"/>of<Node id="1951"/> <Node id="1952"/>ours<Node id="1956"/>.<Node id="1957"/>
<Node id="1958"/>
<Node id="1959"/>	<Node id="1960"/>Yeah<Node id="1964"/>,<Node id="1965"/> <Node id="1966"/>I<Node id="1967"/>'ve<Node id="1970"/> <Node id="1971"/>been<Node id="1975"/> <Node id="1976"/>related<Node id="1983"/> <Node id="1984"/>to<Node id="1986"/> <Node id="1987"/>many<Node id="1991"/> <Node id="1992"/>of<Node id="1994"/> <Node id="1995"/>them<Node id="1999"/>.<Node id="2000"/> <Node id="2001"/> <Node id="2002"/>This<Node id="2006"/> <Node id="2007"/>is<Node id="2009"/> <Node id="2010"/>flame-bait<Node id="2020"/>,<Node id="2021"/>
<Node id="2022"/>right<Node id="2027"/>?<Node id="2028"/> <Node id="2029"/> <Node id="2030"/>I<Node id="2031"/>'m<Node id="2033"/> <Node id="2034"/>not<Node id="2037"/> <Node id="2038"/>paying<Node id="2044"/> <Node id="2045"/>your<Node id="2049"/> <Node id="2050"/>price<Node id="2055"/>.<Node id="2056"/> <Node id="2057"/> <Node id="2058"/>Mind<Node id="2062"/> <Node id="2063"/>if<Node id="2065"/> <Node id="2066"/>I<Node id="2067"/> <Node id="2068"/>sight<Node id="2073"/> <Node id="2074"/>in<Node id="2076"/> <Node id="2077"/>my<Node id="2079"/> <Node id="2080"/>guns<Node id="2084"/> <Node id="2085"/>on<Node id="2087"/>
<Node id="2088"/>your<Node id="2092"/> <Node id="2093"/>body<Node id="2097"/>?<Node id="2098"/> <Node id="2099"/> <Node id="2100"/>Think<Node id="2105"/> <Node id="2106"/>of<Node id="2108"/> <Node id="2109"/>it<Node id="2111"/> <Node id="2112"/>as<Node id="2114"/> <Node id="2115"/>the<Node id="2118"/> <Node id="2119"/>price<Node id="2124"/> <Node id="2125"/>you<Node id="2128"/> <Node id="2129"/>have<Node id="2133"/> <Node id="2134"/>to<Node id="2136"/> <Node id="2137"/>pay<Node id="2140"/> <Node id="2141"/>that<Node id="2145"/> <Node id="2146"/>we<Node id="2148"/> <Node id="2149"/>may<Node id="2152"/> <Node id="2153"/>all<Node id="2156"/>
<Node id="2157"/>live<Node id="2161"/> <Node id="2162"/>without<Node id="2169"/> <Node id="2170"/>fear<Node id="2174"/> <Node id="2175"/>of<Node id="2177"/> <Node id="2178"/>my<Node id="2180"/> <Node id="2181"/>making<Node id="2187"/> <Node id="2188"/>a<Node id="2189"/> <Node id="2190"/>stray<Node id="2195"/> <Node id="2196"/>shot<Node id="2200"/>.<Node id="2201"/> <Node id="2202"/> <Node id="2203"/>It<Node id="2205"/>'s<Node id="2207"/> <Node id="2208"/>fine<Node id="2212"/> <Node id="2213"/>and<Node id="2216"/> <Node id="2217"/>dandy<Node id="2222"/> <Node id="2223"/>to<Node id="2225"/>
<Node id="2226"/>revel<Node id="2231"/> <Node id="2232"/>in<Node id="2234"/> <Node id="2235"/>the<Node id="2238"/> <Node id="2239"/>other<Node id="2244"/> <Node id="2245"/>guy<Node id="2248"/> <Node id="2249"/>being<Node id="2254"/> <Node id="2255"/>the<Node id="2258"/> <Node id="2259"/>target<Node id="2265"/> <Node id="2266"/>and<Node id="2269"/> <Node id="2270"/>your<Node id="2274"/> <Node id="2275"/>supposed<Node id="2283"/> <Node id="2284"/>safety<Node id="2290"/>.<Node id="2291"/> <Node id="2292"/> <Node id="2293"/>In<Node id="2295"/>
<Node id="2296"/>the<Node id="2299"/> <Node id="2300"/>military<Node id="2308"/>,<Node id="2309"/> <Node id="2310"/>we<Node id="2312"/> <Node id="2313"/>called<Node id="2319"/> <Node id="2320"/>this<Node id="2324"/> <Node id="2325"/>"<Node id="2326"/>chicken<Node id="2333"/> <Node id="2334"/>shit<Node id="2338"/>.<Node id="2339"/>"<Node id="2340"/> <Node id="2341"/> <Node id="2342"/>Leadership<Node id="2352"/> <Node id="2353"/>from<Node id="2357"/> <Node id="2358"/>the<Node id="2361"/> <Node id="2362"/>rear<Node id="2366"/>.<Node id="2367"/>
<Node id="2368"/>The<Node id="2371"/> <Node id="2372"/>War<Node id="2375"/> <Node id="2376"/>on<Node id="2378"/> <Node id="2379"/>Drugs<Node id="2384"/>,<Node id="2385"/> <Node id="2386"/>despite<Node id="2393"/> <Node id="2394"/>being<Node id="2399"/> <Node id="2400"/>a<Node id="2401"/> <Node id="2402"/>catchy<Node id="2408"/> <Node id="2409"/>term<Node id="2413"/> <Node id="2414"/>for<Node id="2417"/> <Node id="2418"/>nothing<Node id="2425"/> <Node id="2426"/>more<Node id="2430"/> <Node id="2431"/>than<Node id="2435"/>
<Node id="2436"/>a<Node id="2437"/> <Node id="2438"/>continuation<Node id="2450"/> <Node id="2451"/>of<Node id="2453"/> <Node id="2454"/>policy<Node id="2460"/> <Node id="2461"/>since<Node id="2466"/> <Node id="2467"/>before<Node id="2473"/> <Node id="2474"/>this<Node id="2478"/> <Node id="2479"/>century<Node id="2486"/>,<Node id="2487"/> <Node id="2488"/>seems<Node id="2493"/> <Node id="2494"/>to<Node id="2496"/> <Node id="2497"/>have<Node id="2501"/>
<Node id="2502"/>gotten<Node id="2508"/> <Node id="2509"/>you<Node id="2512"/> <Node id="2513"/>convinced<Node id="2522"/> <Node id="2523"/>that<Node id="2527"/> <Node id="2528"/>my<Node id="2530"/> <Node id="2531"/>rights<Node id="2537"/> <Node id="2538"/>are<Node id="2541"/>n't<Node id="2544"/> <Node id="2545"/>worth<Node id="2550"/> <Node id="2551"/>your<Node id="2555"/> <Node id="2556"/>good<Node id="2560"/> <Node id="2561"/>vibes<Node id="2566"/>.<Node id="2567"/>
<Node id="2568"/>Mind<Node id="2572"/> <Node id="2573"/>if<Node id="2575"/> <Node id="2576"/>I<Node id="2577"/> <Node id="2578"/>cut<Node id="2581"/> <Node id="2582"/>your<Node id="2586"/> <Node id="2587"/>net<Node id="2590"/> <Node id="2591"/>access<Node id="2597"/>,<Node id="2598"/> <Node id="2599"/>as<Node id="2601"/> <Node id="2602"/>well<Node id="2606"/> <Node id="2607"/>as<Node id="2609"/> <Node id="2610"/>access<Node id="2616"/> <Node id="2617"/>to<Node id="2619"/> <Node id="2620"/>any<Node id="2623"/> <Node id="2624"/>and<Node id="2627"/> <Node id="2628"/>all<Node id="2631"/> <Node id="2632"/>forms<Node id="2637"/>
<Node id="2638"/>of<Node id="2640"/> <Node id="2641"/>expression<Node id="2651"/>?<Node id="2652"/> <Node id="2653"/> <Node id="2654"/>See<Node id="2657"/>,<Node id="2658"/> <Node id="2659"/>you<Node id="2662"/> <Node id="2663"/>make<Node id="2667"/> <Node id="2668"/>me<Node id="2670"/> <Node id="2671"/>nervous<Node id="2678"/>,<Node id="2679"/> <Node id="2680"/>what<Node id="2684"/> <Node id="2685"/>with<Node id="2689"/> <Node id="2690"/>you<Node id="2693"/> <Node id="2694"/>being<Node id="2699"/> <Node id="2700"/>able<Node id="2704"/>
<Node id="2705"/>to<Node id="2707"/> <Node id="2708"/>influence<Node id="2717"/> <Node id="2718"/>so<Node id="2720"/> <Node id="2721"/>many<Node id="2725"/>.<Node id="2726"/> <Node id="2727"/> <Node id="2728"/>I<Node id="2729"/>'m<Node id="2731"/> <Node id="2732"/>sure<Node id="2736"/> <Node id="2737"/>you<Node id="2740"/> <Node id="2741"/>can<Node id="2744"/> <Node id="2745"/>see<Node id="2748"/> <Node id="2749"/>how<Node id="2752"/> <Node id="2753"/>this<Node id="2757"/> <Node id="2758"/>is<Node id="2760"/> <Node id="2761"/>the<Node id="2764"/> <Node id="2765"/>price<Node id="2770"/> <Node id="2771"/>we<Node id="2773"/>
<Node id="2774"/>have<Node id="2778"/> <Node id="2779"/>to<Node id="2781"/> <Node id="2782"/>pay<Node id="2785"/> <Node id="2786"/>for<Node id="2789"/> <Node id="2790"/>freedom<Node id="2797"/> <Node id="2798"/>and<Node id="2801"/> <Node id="2802"/>liberty<Node id="2809"/> <Node id="2810"/>in<Node id="2812"/> <Node id="2813"/>this<Node id="2817"/> <Node id="2818"/>country<Node id="2825"/>,<Node id="2826"/> <Node id="2827"/>as<Node id="2829"/> <Node id="2830"/>well<Node id="2834"/> <Node id="2835"/>as<Node id="2837"/>
<Node id="2838"/>a<Node id="2839"/> <Node id="2840"/>fair<Node id="2844"/> <Node id="2845"/>and<Node id="2848"/> <Node id="2849"/>unbiased<Node id="2857"/> <Node id="2858"/>judiciary<Node id="2867"/>.<Node id="2868"/>
<Node id="2869"/>
<Node id="2870"/>&gt;<Node id="2871"/>With<Node id="2875"/> <Node id="2876"/>the<Node id="2879"/> <Node id="2880"/>arms<Node id="2884"/> <Node id="2885"/>build<Node id="2890"/> <Node id="2891"/>up<Node id="2893"/> <Node id="2894"/>in<Node id="2896"/> <Node id="2897"/>Waco<Node id="2901"/> <Node id="2902"/>they<Node id="2906"/> <Node id="2907"/>needed<Node id="2913"/> <Node id="2914"/>to<Node id="2916"/> <Node id="2917"/>hit<Node id="2920"/> <Node id="2921"/>that<Node id="2925"/> <Node id="2926"/>compound<Node id="2934"/> <Node id="2935"/>with<Node id="2939"/>
<Node id="2940"/>&gt;<Node id="2941"/>mega<Node id="2945"/> <Node id="2946"/>fire<Node id="2950"/> <Node id="2951"/>power<Node id="2956"/>.<Node id="2957"/> <Node id="2958"/>They<Node id="2962"/> <Node id="2963"/>could<Node id="2968"/> <Node id="2969"/>of<Node id="2971"/> <Node id="2972"/>gone<Node id="2976"/> <Node id="2977"/>in<Node id="2979"/> <Node id="2980"/>there<Node id="2985"/> <Node id="2986"/>blasting<Node id="2994"/> <Node id="2995"/>and<Node id="2998"/> <Node id="2999"/>killed<Node id="3005"/> <Node id="3006"/>a<Node id="3007"/> <Node id="3008"/>few<Node id="3011"/>
<Node id="3012"/>&gt;<Node id="3013"/>women<Node id="3018"/> <Node id="3019"/>and<Node id="3022"/> <Node id="3023"/>kids<Node id="3027"/> <Node id="3028"/>but<Node id="3031"/> <Node id="3032"/>it<Node id="3034"/> <Node id="3035"/>would<Node id="3040"/> <Node id="3041"/>of<Node id="3043"/> <Node id="3044"/>been<Node id="3048"/> <Node id="3049"/>better<Node id="3055"/> <Node id="3056"/>then<Node id="3060"/> <Node id="3061"/>letting<Node id="3068"/> <Node id="3069"/>them<Node id="3073"/> <Node id="3074"/>all<Node id="3077"/> <Node id="3078"/>burn<Node id="3082"/>
<Node id="3083"/>&gt;<Node id="3084"/>to<Node id="3086"/> <Node id="3087"/>death<Node id="3092"/> <Node id="3093"/>51<Node id="3095"/> <Node id="3096"/>days<Node id="3100"/> <Node id="3101"/>later<Node id="3106"/>.<Node id="3107"/>
<Node id="3108"/>
<Node id="3109"/>	<Node id="3110"/>Mind<Node id="3114"/> <Node id="3115"/>if<Node id="3117"/> <Node id="3118"/>we<Node id="3120"/> <Node id="3121"/>include<Node id="3128"/> <Node id="3129"/>you<Node id="3132"/> <Node id="3133"/>in<Node id="3135"/> <Node id="3136"/>the<Node id="3139"/> <Node id="3140"/>body<Node id="3144"/> <Node id="3145"/>count<Node id="3150"/>?<Node id="3151"/> <Node id="3152"/> <Node id="3153"/>I<Node id="3154"/>'m<Node id="3156"/> <Node id="3157"/>sure<Node id="3161"/> <Node id="3162"/>we<Node id="3164"/> <Node id="3165"/>could<Node id="3170"/>
<Node id="3171"/>all<Node id="3174"/> <Node id="3175"/>file<Node id="3179"/> <Node id="3180"/>it<Node id="3182"/> <Node id="3183"/>under<Node id="3188"/> <Node id="3189"/>"<Node id="3190"/>civic<Node id="3195"/> <Node id="3196"/>improvement<Node id="3207"/>"<Node id="3208"/> <Node id="3209"/>and<Node id="3212"/> <Node id="3213"/>your<Node id="3217"/> <Node id="3218"/>life<Node id="3222"/> <Node id="3223"/>would<Node id="3228"/>n't<Node id="3231"/> <Node id="3232"/>have<Node id="3236"/>
<Node id="3237"/>been<Node id="3241"/> <Node id="3242"/>sacrificed<Node id="3252"/> <Node id="3253"/>in<Node id="3255"/> <Node id="3256"/>vain<Node id="3260"/>.<Node id="3261"/> <Node id="3262"/> <Node id="3263"/>If<Node id="3265"/> <Node id="3266"/>you<Node id="3269"/> <Node id="3270"/>like<Node id="3274"/>,<Node id="3275"/> <Node id="3276"/>you<Node id="3279"/> <Node id="3280"/>can<Node id="3283"/> <Node id="3284"/>will<Node id="3288"/> <Node id="3289"/>your<Node id="3293"/> <Node id="3294"/>estate<Node id="3300"/> <Node id="3301"/>to<Node id="3303"/>
<Node id="3304"/>defecit<Node id="3311"/> <Node id="3312"/>reduction<Node id="3321"/>,<Node id="3322"/> <Node id="3323"/>too<Node id="3326"/>.<Node id="3327"/> <Node id="3328"/> <Node id="3329"/>Now<Node id="3332"/>,<Node id="3333"/> <Node id="3334"/>when<Node id="3338"/> <Node id="3339"/>you<Node id="3342"/> <Node id="3343"/>learn<Node id="3348"/> <Node id="3349"/>how<Node id="3352"/> <Node id="3353"/>the<Node id="3356"/> <Node id="3357"/>law<Node id="3360"/> <Node id="3361"/>protects<Node id="3369"/>,<Node id="3370"/> <Node id="3371"/>or<Node id="3373"/>
<Node id="3374"/>does<Node id="3378"/>n't<Node id="3381"/> <Node id="3382"/>protect<Node id="3389"/>,<Node id="3390"/> <Node id="3391"/>everybody<Node id="3400"/> <Node id="3401"/>equally<Node id="3408"/> <Node id="3409"/>and<Node id="3412"/> <Node id="3413"/>how<Node id="3416"/> <Node id="3417"/>our<Node id="3420"/> <Node id="3421"/>collective<Node id="3431"/> <Node id="3432"/>boot<Node id="3436"/> <Node id="3437"/>may<Node id="3440"/>
<Node id="3441"/>one<Node id="3444"/> <Node id="3445"/>day<Node id="3448"/> <Node id="3449"/>be<Node id="3451"/> <Node id="3452"/>on<Node id="3454"/> <Node id="3455"/>your<Node id="3459"/> <Node id="3460"/>collective<Node id="3470"/> <Node id="3471"/>throat<Node id="3477"/>,<Node id="3478"/> <Node id="3479"/>perhaps<Node id="3486"/> <Node id="3487"/>at<Node id="3489"/> <Node id="3490"/>that<Node id="3494"/> <Node id="3495"/>time<Node id="3499"/> <Node id="3500"/>you<Node id="3503"/> <Node id="3504"/>will<Node id="3508"/>
<Node id="3509"/>mature<Node id="3515"/> <Node id="3516"/>enough<Node id="3522"/> <Node id="3523"/>to<Node id="3525"/> <Node id="3526"/>realize<Node id="3533"/> <Node id="3534"/>just<Node id="3538"/> <Node id="3539"/>what<Node id="3543"/> <Node id="3544"/>you<Node id="3547"/>'re<Node id="3550"/> <Node id="3551"/>talking<Node id="3558"/> <Node id="3559"/>about<Node id="3564"/> <Node id="3565"/>and<Node id="3568"/> <Node id="3569"/>how<Node id="3572"/>
<Node id="3573"/>serious<Node id="3580"/> <Node id="3581"/>this<Node id="3585"/> <Node id="3586"/>is<Node id="3588"/>.<Node id="3589"/>
<Node id="3590"/>
<Node id="3591"/>	<Node id="3592"/>Next<Node id="3596"/> <Node id="3597"/>time<Node id="3601"/>,<Node id="3602"/> <Node id="3603"/>include<Node id="3610"/> <Node id="3611"/>a<Node id="3612"/> <Node id="3613"/>smiley<Node id="3619"/>.<Node id="3620"/> <Node id="3621"/> <Node id="3622"/>While<Node id="3627"/> <Node id="3628"/>I<Node id="3629"/> <Node id="3630"/>hesitate<Node id="3638"/> <Node id="3639"/>to<Node id="3641"/> <Node id="3642"/>think<Node id="3647"/> <Node id="3648"/>that<Node id="3652"/>
<Node id="3653"/>you<Node id="3656"/> <Node id="3657"/>could<Node id="3662"/> <Node id="3663"/>have<Node id="3667"/> <Node id="3668"/>meant<Node id="3673"/> <Node id="3674"/>this<Node id="3678"/> <Node id="3679"/>seriously<Node id="3688"/>,<Node id="3689"/> <Node id="3690"/>it<Node id="3692"/> <Node id="3693"/>deserved<Node id="3701"/> <Node id="3702"/>a<Node id="3703"/> <Node id="3704"/>small<Node id="3709"/> <Node id="3710"/>flame<Node id="3715"/> <Node id="3716"/>anyway<Node id="3722"/>.<Node id="3723"/>
<Node id="3724"/>
<Node id="3725"/>&lt;<Node id="3726"/> <Node id="3727"/>Dan<Node id="3730"/> <Node id="3731"/>Sorenson<Node id="3739"/>,<Node id="3740"/> <Node id="3741"/>DoD<Node id="3744"/> <Node id="3745"/>#<Node id="3746"/>1066<Node id="3750"/> <Node id="3751"/>z<Node id="3752"/>1<Node id="3753"/>dan<Node id="3756"/>@<Node id="3757"/>exnet<Node id="3762"/>.<Node id="3763"/>iastate<Node id="3770"/>.<Node id="3771"/>edu<Node id="3774"/> <Node id="3775"/>viking<Node id="3781"/>@<Node id="3782"/>iastate<Node id="3789"/>.<Node id="3790"/>edu<Node id="3793"/> <Node id="3794"/>&gt;<Node id="3795"/>
<Node id="3796"/>&lt;<Node id="3797"/> <Node id="3798"/> <Node id="3799"/>ISU<Node id="3802"/> <Node id="3803"/>only<Node id="3807"/> <Node id="3808"/>censors<Node id="3815"/> <Node id="3816"/>what<Node id="3820"/> <Node id="3821"/>I<Node id="3822"/> <Node id="3823"/>read<Node id="3827"/>,<Node id="3828"/> <Node id="3829"/>not<Node id="3832"/> <Node id="3833"/>what<Node id="3837"/> <Node id="3838"/>I<Node id="3839"/> <Node id="3840"/>say<Node id="3843"/>.<Node id="3844"/> <Node id="3845"/> <Node id="3846"/>Do<Node id="3848"/>n't<Node id="3851"/> <Node id="3852"/>blame<Node id="3857"/> <Node id="3858"/>them<Node id="3862"/>.<Node id="3863"/> <Node id="3864"/> <Node id="3865"/>&gt;<Node id="3866"/>
<Node id="3867"/>&lt;<Node id="3868"/> <Node id="3869"/> <Node id="3870"/> <Node id="3871"/> <Node id="3872"/> <Node id="3873"/>USENET<Node id="3879"/>:<Node id="3880"/> <Node id="3881"/>Post<Node id="3885"/> <Node id="3886"/>to<Node id="3888"/> <Node id="3889"/>exotic<Node id="3895"/>,<Node id="3896"/> <Node id="3897"/>distant<Node id="3904"/> <Node id="3905"/>machines<Node id="3913"/>.<Node id="3914"/> <Node id="3915"/> <Node id="3916"/>Meet<Node id="3920"/> <Node id="3921"/>exciting<Node id="3929"/>,<Node id="3930"/> <Node id="3931"/> <Node id="3932"/> <Node id="3933"/> <Node id="3934"/> <Node id="3935"/> <Node id="3936"/>&gt;<Node id="3937"/>
<Node id="3938"/>&lt;<Node id="3939"/> <Node id="3940"/> <Node id="3941"/> <Node id="3942"/> <Node id="3943"/> <Node id="3944"/> <Node id="3945"/> <Node id="3946"/> <Node id="3947"/> <Node id="3948"/> <Node id="3949"/> <Node id="3950"/> <Node id="3951"/> <Node id="3952"/> <Node id="3953"/> <Node id="3954"/> <Node id="3955"/> <Node id="3956"/>unusual<Node id="3963"/> <Node id="3964"/>people<Node id="3970"/>.<Node id="3971"/> <Node id="3972"/> <Node id="3973"/>And<Node id="3976"/> <Node id="3977"/>flame<Node id="3982"/> <Node id="3983"/>them<Node id="3987"/>.<Node id="3988"/> <Node id="3989"/> <Node id="3990"/> <Node id="3991"/> <Node id="3992"/> <Node id="3993"/> <Node id="3994"/> <Node id="3995"/> <Node id="3996"/> <Node id="3997"/> <Node id="3998"/> <Node id="3999"/> <Node id="4000"/> <Node id="4001"/> <Node id="4002"/> <Node id="4003"/> <Node id="4004"/> <Node id="4005"/> <Node id="4006"/> <Node id="4007"/>&gt;<Node id="4008"/>
<Node id="4009"/></TextWithNodes>
<!-- The default annotation set -->

<AnnotationSet>
<Annotation EndNode="4009" StartNode="0" Type="Mention" Id="9999999">
<Feature>
<Name classname="java.lang.String">Class</Name>
<Value classname="java.lang.String">0</Value>
</Feature>
</Annotation>

<Annotation Id="3" Type="Token" StartNode="6" EndNode="12">
<Feature>
  <Name className="java.lang.String">string</Name>
  <Value className="java.lang.String">viking</Value>
</Feature>
</Annotation>
<Annotation Id="5" Type="Token" StartNode="13" EndNode="20">
<Feature>
  <Name className="java.lang.String">string</Name>
  <Value className="java.lang.String">iastate</Value>
</Feature>
</Annotation>
<Annotation Id="12" Type="Token" StartNode="30" EndNode="38">
<Feature>
  <Name className="java.lang.String">string</Name>
  <Value className="java.lang.String">Sorenson</Value>
</Feature>
</Annotation>
<Annotation Id="15" Type="Token" StartNode="40" EndNode="48">
<Feature>
  <Name className="java.lang.String">string</Name>
  <Value className="java.lang.String">Message-</Value>
</Feature>
</Annotation>
<Annotation Id="20" Type="Token" StartNode="53" EndNode="59">
<Feature>
  <Name className="java.lang.String">string</Name>
  <Value className="java.lang.String">viking</Value>
</Feature>
</Annotation>
<Annotation Id="22" Type="Token" StartNode="60" EndNode="69">
</Annotation>
<Annotation Id="24" Type="Token" StartNode="70" EndNode="79">
<Feature>
  <Name className="java.lang.String">string</Name>
  <Value className="java.lang.String">ponderous</Value>
</Feature>
</Annotation>
<Annotation Id="28" Type="Token" StartNode="83" EndNode="90">
<Feature>
  <Name className="java.lang.String">string</Name>
  <Value className="java.lang.String">iastate</Value>
</Feature>
</Annotation>
<Annotation Id="33" Type="Token" StartNode="96" EndNode="102">
<Feature>
  <Name className="java.lang.String">string</Name>
  <Value className="java.lang.String">Sender</Value>
</Feature>
</Annotation>
<Annotation Id="40" Type="Token" StartNode="114" EndNode="121">
<Feature>
  <Name className="java.lang.String">string</Name>
  <Value className="java.lang.String">iastate</Value>
</Feature>
</Annotation>
<Annotation Id="45" Type="Token" StartNode="127" EndNode="133">
<Feature>
  <Name className="java.lang.String">string</Name>
  <Value className="java.lang.String">USENET</Value>
</Feature>
</Annotation>
<Annotation Id="49" Type="Token" StartNode="139" EndNode="145">
<Feature>
  <Name className="java.lang.String">string</Name>
  <Value className="java.lang.String">System</Value>
</Feature>
</Annotation>
<Annotation Id="52" Type="Token" StartNode="147" EndNode="159">
<Feature>
  <Name className="java.lang.String">string</Name>
  <Value className="java.lang.String">Organization</Value>
</Feature>
</Annotation>
<Annotation Id="59" Type="Token" StartNode="172" EndNode="182">
<Feature>
  <Name className="java.lang.String">string</Name>
  <Value className="java.lang.String">University</Value>
</Feature>
</Annotation>
<Annotation Id="66" Type="Token" StartNode="192" EndNode="202">
<Feature>
  <Name className="java.lang.String">string</Name>
  <Value className="java.lang.String">References</Value>
</Feature>
</Annotation>
<Annotation Id="79" Type="Token" StartNode="216" EndNode="222">
<Feature>
  <Name className="java.lang.String">string</Name>
  <Value className="java.lang.String">usenet</Value>
</Feature>
</Annotation>
<Annotation Id="88" Type="Token" StartNode="237" EndNode="249">
<Feature>
  <Name className="java.lang.String">string</Name>
  <Value className="java.lang.String">Distribution</Value>
</Feature>
</Annotation>
<Annotation Id="119" Type="Token" StartNode="302" EndNode="308">
<Feature>
  <Name className="java.lang.String">string</Name>
  <Value className="java.lang.String">oldham</Value>
</Feature>
</Annotation>
<Annotation Id="140" Type="Token" StartNode="353" EndNode="361">
<Feature>
  <Name className="java.lang.String">string</Name>
  <Value className="java.lang.String">happened</Value>
</Feature>
</Annotation>
<Annotation Id="128" Type="Token" StartNode="323" EndNode="329">
<Feature>
  <Name className="java.lang.String">string</Name>
  <Value className="java.lang.String">Daniel</Value>
</Feature>
</Annotation>
<Annotation Id="130" Type="Token" StartNode="330" EndNode="336">
<Feature>
  <Name className="java.lang.String">string</Name>
  <Value className="java.lang.String">Oldham</Value>
</Feature>
</Annotation>
<Annotation Id="133" Type="Token" StartNode="338" EndNode="344">
<Feature>
  <Name className="java.lang.String">string</Name>
  <Value className="java.lang.String">writes</Value>
</Feature>
</Annotation>
<Annotation Id="174" Type="Token" StartNode="426" EndNode="432">
<Feature>
  <Name className="java.lang.String">string</Name>
  <Value className="java.lang.String">proper</Value>
</Feature>
</Annotation>
<Annotation Id="190" Type="Token" StartNode="475" EndNode="483">
<Feature>
  <Name className="java.lang.String">string</Name>
  <Value className="java.lang.String">captured</Value>
</Feature>
</Annotation>
<Annotation Id="176" Type="Token" StartNode="433" EndNode="442">
<Feature>
  <Name className="java.lang.String">string</Name>
  <Value className="java.lang.String">equipment</Value>
</Feature>
</Annotation>
<Annotation Id="180" Type="Token" StartNode="447" EndNode="455">
<Feature>
  <Name className="java.lang.String">string</Name>
  <Value className="java.lang.String">personal</Value>
</Feature>
</Annotation>
<Annotation Id="201" Type="Token" StartNode="505" EndNode="512">
<Feature>
  <Name className="java.lang.String">string</Name>
  <Value className="java.lang.String">initial</Value>
</Feature>
</Annotation>
<Annotation Id="203" Type="Token" StartNode="513" EndNode="520">
<Feature>
  <Name className="java.lang.String">string</Name>
  <Value className="java.lang.String">assault</Value>
</Feature>
</Annotation>
<Annotation Id="195" Type="Token" StartNode="489" EndNode="497">
<Feature>
  <Name className="java.lang.String">string</Name>
  <Value className="java.lang.String">compound</Value>
</Feature>
</Annotation>
<Annotation Id="217" Type="Token" StartNode="547" EndNode="555">
<Feature>
  <Name className="java.lang.String">string</Name>
  <Value className="java.lang.String">happened</Value>
</Feature>
</Annotation>
<Annotation Id="232" Type="Token" StartNode="585" EndNode="592">
<Feature>
  <Name className="java.lang.String">string</Name>
  <Value className="java.lang.String">handled</Value>
</Feature>
</Annotation>
<Annotation Id="228" Type="Token" StartNode="573" EndNode="579">
<Feature>
  <Name className="java.lang.String">string</Name>
  <Value className="java.lang.String">should</Value>
</Feature>
</Annotation>
<Annotation Id="254" Type="Token" StartNode="635" EndNode="641">
<Feature>
  <Name className="java.lang.String">string</Name>
  <Value className="java.lang.String">enough</Value>
</Feature>
</Annotation>
<Annotation Id="287" Type="Token" StartNode="715" EndNode="723">
<Feature>
  <Name className="java.lang.String">string</Name>
  <Value className="java.lang.String">planning</Value>
</Feature>
</Annotation>
<Annotation Id="256" Type="Token" StartNode="642" EndNode="651">
<Feature>
  <Name className="java.lang.String">string</Name>
  <Value className="java.lang.String">equipment</Value>
</Feature>
</Annotation>
<Annotation Id="311" Type="Token" StartNode="771" EndNode="779">
<Feature>
  <Name className="java.lang.String">string</Name>
  <Value className="java.lang.String">military</Value>
</Feature>
</Annotation>
<Annotation Id="318" Type="Token" StartNode="792" EndNode="798">
<Feature>
  <Name className="java.lang.String">string</Name>
  <Value className="java.lang.String">fucked</Value>
</Feature>
</Annotation>
<Annotation Id="293" Type="Token" StartNode="731" EndNode="737">
<Feature>
  <Name className="java.lang.String">string</Name>
  <Value className="java.lang.String">fucked</Value>
</Feature>
</Annotation>
<Annotation Id="350" Type="Token" StartNode="870" EndNode="876">
<Feature>
  <Name className="java.lang.String">string</Name>
  <Value className="java.lang.String">better</Value>
</Feature>
</Annotation>
<Annotation Id="347" Type="Token" StartNode="862" EndNode="868">
<Feature>
  <Name className="java.lang.String">string</Name>
  <Value className="java.lang.String">people</Value>
</Feature>
</Annotation>
<Annotation Id="324" Type="Token" StartNode="804" EndNode="811">
<Feature>
  <Name className="java.lang.String">string</Name>
  <Value className="java.lang.String">Excuses</Value>
</Feature>
</Annotation>
<Annotation Id="334" Type="Token" StartNode="832" EndNode="838">
<Feature>
  <Name className="java.lang.String">string</Name>
  <Value className="java.lang.String">counts</Value>
</Feature>
</Annotation>
<Annotation Id="330" Type="Token" StartNode="819" EndNode="826">
<Feature>
  <Name className="java.lang.String">string</Name>
  <Value className="java.lang.String">justify</Value>
</Feature>
</Annotation>
<Annotation Id="370" Type="Token" StartNode="930" EndNode="937">
<Feature>
  <Name className="java.lang.String">string</Name>
  <Value className="java.lang.String">hostile</Value>
</Feature>
</Annotation>
<Annotation Id="376" Type="Token" StartNode="948" EndNode="954">
<Feature>
  <Name className="java.lang.String">string</Name>
  <Value className="java.lang.String">should</Value>
</Feature>
</Annotation>
<Annotation Id="358" Type="Token" StartNode="894" EndNode="901">
<Feature>
  <Name className="java.lang.String">string</Name>
  <Value className="java.lang.String">armored</Value>
</Feature>
</Annotation>
<Annotation Id="352" Type="Token" StartNode="877" EndNode="884">
<Feature>
  <Name className="java.lang.String">string</Name>
  <Value className="java.lang.String">weapons</Value>
</Feature>
</Annotation>
<Annotation Id="361" Type="Token" StartNode="903" EndNode="913">
<Feature>
  <Name className="java.lang.String">string</Name>
  <Value className="java.lang.String">transports</Value>
</Feature>
</Annotation>
<Annotation Id="395" Type="Token" StartNode="993" EndNode="1003">
<Feature>
  <Name className="java.lang.String">string</Name>
  <Value className="java.lang.String">retreating</Value>
</Feature>
</Annotation>
<Annotation Id="391" Type="Token" StartNode="982" EndNode="989">
<Feature>
  <Name className="java.lang.String">string</Name>
  <Value className="java.lang.String">instead</Value>
</Feature>
</Annotation>
<Annotation Id="442" Type="Token" StartNode="1089" EndNode="1096">
<Feature>
  <Name className="java.lang.String">string</Name>
  <Value className="java.lang.String">protect</Value>
</Feature>
</Annotation>
<Annotation Id="463" Type="Token" StartNode="1145" EndNode="1151">
<Feature>
  <Name className="java.lang.String">string</Name>
  <Value className="java.lang.String">people</Value>
</Feature>
</Annotation>
<Annotation Id="459" Type="Token" StartNode="1131" EndNode="1140">
<Feature>
  <Name className="java.lang.String">string</Name>
  <Value className="java.lang.String">equipment</Value>
</Feature>
</Annotation>
<Annotation Id="457" Type="Token" StartNode="1124" EndNode="1130">
<Feature>
  <Name className="java.lang.String">string</Name>
  <Value className="java.lang.String">proper</Value>
</Feature>
</Annotation>
<Annotation Id="510" Type="Token" StartNode="1266" EndNode="1272">
<Feature>
  <Name className="java.lang.String">string</Name>
  <Value className="java.lang.String">people</Value>
</Feature>
</Annotation>
<Annotation Id="504" Type="Token" StartNode="1242" EndNode="1252">
<Feature>
  <Name className="java.lang.String">string</Name>
  <Value className="java.lang.String">leadership</Value>
</Feature>
</Annotation>
<Annotation Id="506" Type="Token" StartNode="1253" EndNode="1260">
<Feature>
  <Name className="java.lang.String">string</Name>
  <Value className="java.lang.String">despite</Value>
</Feature>
</Annotation>
<Annotation Id="502" Type="Token" StartNode="1235" EndNode="1241">
<Feature>
  <Name className="java.lang.String">string</Name>
  <Value className="java.lang.String">shitty</Value>
</Feature>
</Annotation>
<Annotation Id="480" Type="Token" StartNode="1178" EndNode="1185">
<Feature>
  <Name className="java.lang.String">string</Name>
  <Value className="java.lang.String">excuses</Value>
</Feature>
</Annotation>
<Annotation Id="548" Type="Token" StartNode="1369" EndNode="1376">
<Feature>
  <Name className="java.lang.String">string</Name>
  <Value className="java.lang.String">private</Value>
</Feature>
</Annotation>
<Annotation Id="556" Type="Token" StartNode="1389" EndNode="1399">
<Feature>
  <Name className="java.lang.String">string</Name>
  <Value className="java.lang.String">government</Value>
</Feature>
</Annotation>
<Annotation Id="564" Type="Token" StartNode="1409" EndNode="1415">
<Feature>
  <Name className="java.lang.String">string</Name>
  <Value className="java.lang.String">agents</Value>
</Feature>
</Annotation>
<Annotation Id="513" Type="Token" StartNode="1274" EndNode="1280">
<Feature>
  <Name className="java.lang.String">string</Name>
  <Value className="java.lang.String">better</Value>
</Feature>
</Annotation>
<Annotation Id="515" Type="Token" StartNode="1281" EndNode="1288">
<Feature>
  <Name className="java.lang.String">string</Name>
  <Value className="java.lang.String">weapons</Value>
</Feature>
</Annotation>
<Annotation Id="520" Type="Token" StartNode="1294" EndNode="1303">
<Feature>
  <Name className="java.lang.String">string</Name>
  <Value className="java.lang.String">exclusive</Value>
</Feature>
</Annotation>
<Annotation Id="532" Type="Token" StartNode="1331" EndNode="1338">
<Feature>
  <Name className="java.lang.String">string</Name>
  <Value className="java.lang.String">targets</Value>
</Feature>
</Annotation>
<Annotation Id="528" Type="Token" StartNode="1317" EndNode="1324">
<Feature>
  <Name className="java.lang.String">string</Name>
  <Value className="java.lang.String">against</Value>
</Feature>
</Annotation>
<Annotation Id="540" Type="Token" StartNode="1349" EndNode="1356">
<Feature>
  <Name className="java.lang.String">string</Name>
  <Value className="java.lang.String">nothing</Value>
</Feature>
</Annotation>
<Annotation Id="626" Type="Token" StartNode="1557" EndNode="1563">
<Feature>
  <Name className="java.lang.String">string</Name>
  <Value className="java.lang.String">should</Value>
</Feature>
</Annotation>
<Annotation Id="634" Type="Token" StartNode="1574" EndNode="1581">
<Feature>
  <Name className="java.lang.String">string</Name>
  <Value className="java.lang.String">charges</Value>
</Feature>
</Annotation>
<Annotation Id="582" Type="Token" StartNode="1444" EndNode="1450">
<Feature>
  <Name className="java.lang.String">string</Name>
  <Value className="java.lang.String">uphold</Value>
</Feature>
</Annotation>
<Annotation Id="586" Type="Token" StartNode="1455" EndNode="1467">
<Feature>
  <Name className="java.lang.String">string</Name>
  <Value className="java.lang.String">Constitution</Value>
</Feature>
</Annotation>
<Annotation Id="597" Type="Token" StartNode="1485" EndNode="1493">
<Feature>
  <Name className="java.lang.String">string</Name>
  <Value className="java.lang.String">document</Value>
</Feature>
</Annotation>
<Annotation Id="601" Type="Token" StartNode="1499" EndNode="1509">
<Feature>
  <Name className="java.lang.String">string</Name>
  <Value className="java.lang.String">stipulates</Value>
</Feature>
</Annotation>
<Annotation Id="605" Type="Token" StartNode="1514" EndNode="1521">
<Feature>
  <Name className="java.lang.String">string</Name>
  <Value className="java.lang.String">highest</Value>
</Feature>
</Annotation>
<Annotation Id="696" Type="Token" StartNode="1709" EndNode="1716">
<Feature>
  <Name className="java.lang.String">string</Name>
  <Value className="java.lang.String">streets</Value>
</Feature>
</Annotation>
<Annotation Id="688" Type="Token" StartNode="1686" EndNode="1695">
<Feature>
  <Name className="java.lang.String">string</Name>
  <Value className="java.lang.String">increased</Value>
</Feature>
</Annotation>
<Annotation Id="648" Type="Token" StartNode="1602" EndNode="1610">
<Feature>
  <Name className="java.lang.String">string</Name>
  <Value className="java.lang.String">Remember</Value>
</Feature>
</Annotation>
<Annotation Id="665" Type="Token" StartNode="1639" EndNode="1645">
<Feature>
  <Name className="java.lang.String">string</Name>
  <Value className="java.lang.String">reason</Value>
</Feature>
</Annotation>
<Annotation Id="765" Type="Token" StartNode="1862" EndNode="1869">
<Feature>
  <Name className="java.lang.String">string</Name>
  <Value className="java.lang.String">country</Value>
</Feature>
</Annotation>
<Annotation Id="704" Type="Token" StartNode="1729" EndNode="1735">
<Feature>
  <Name className="java.lang.String">string</Name>
  <Value className="java.lang.String">needed</Value>
</Feature>
</Annotation>
<Annotation Id="816" Type="Token" StartNode="1976" EndNode="1983">
<Feature>
  <Name className="java.lang.String">string</Name>
  <Value className="java.lang.String">related</Value>
</Feature>
</Annotation>
<Annotation Id="791" Type="Token" StartNode="1921" EndNode="1928">
<Feature>
  <Name className="java.lang.String">string</Name>
  <Value className="java.lang.String">protect</Value>
</Feature>
</Annotation>
<Annotation Id="797" Type="Token" StartNode="1940" EndNode="1947">
<Feature>
  <Name className="java.lang.String">string</Name>
  <Value className="java.lang.String">country</Value>
</Feature>
</Annotation>
<Annotation Id="779" Type="Token" StartNode="1893" EndNode="1899">
<Feature>
  <Name className="java.lang.String">string</Name>
  <Value className="java.lang.String">people</Value>
</Feature>
</Annotation>
<Annotation Id="832" Type="Token" StartNode="2010" EndNode="2020">
<Feature>
  <Name className="java.lang.String">string</Name>
  <Value className="java.lang.String">flame-bait</Value>
</Feature>
</Annotation>
<Annotation Id="845" Type="Token" StartNode="2038" EndNode="2044">
<Feature>
  <Name className="java.lang.String">string</Name>
  <Value className="java.lang.String">paying</Value>
</Feature>
</Annotation>
<Annotation Id="957" Type="Token" StartNode="2284" EndNode="2290">
<Feature>
  <Name className="java.lang.String">string</Name>
  <Value className="java.lang.String">safety</Value>
</Feature>
</Annotation>
<Annotation Id="955" Type="Token" StartNode="2275" EndNode="2283">
<Feature>
  <Name className="java.lang.String">string</Name>
  <Value className="java.lang.String">supposed</Value>
</Feature>
</Annotation>
<Annotation Id="949" Type="Token" StartNode="2259" EndNode="2265">
<Feature>
  <Name className="java.lang.String">string</Name>
  <Value className="java.lang.String">target</Value>
</Feature>
</Annotation>
<Annotation Id="913" Type="Token" StartNode="2181" EndNode="2187">
<Feature>
  <Name className="java.lang.String">string</Name>
  <Value className="java.lang.String">making</Value>
</Feature>
</Annotation>
<Annotation Id="905" Type="Token" StartNode="2162" EndNode="2169">
<Feature>
  <Name className="java.lang.String">string</Name>
  <Value className="java.lang.String">without</Value>
</Feature>
</Annotation>
<Annotation Id="1020" Type="Token" StartNode="2438" EndNode="2450">
<Feature>
  <Name className="java.lang.String">string</Name>
  <Value className="java.lang.String">continuation</Value>
</Feature>
</Annotation>
<Annotation Id="1012" Type="Token" StartNode="2418" EndNode="2425">
<Feature>
  <Name className="java.lang.String">string</Name>
  <Value className="java.lang.String">nothing</Value>
</Feature>
</Annotation>
<Annotation Id="1000" Type="Token" StartNode="2386" EndNode="2393">
<Feature>
  <Name className="java.lang.String">string</Name>
  <Value className="java.lang.String">despite</Value>
</Feature>
</Annotation>
<Annotation Id="1006" Type="Token" StartNode="2402" EndNode="2408">
<Feature>
  <Name className="java.lang.String">string</Name>
  <Value className="java.lang.String">catchy</Value>
</Feature>
</Annotation>
<Annotation Id="982" Type="Token" StartNode="2342" EndNode="2352">
<Feature>
  <Name className="java.lang.String">string</Name>
  <Value className="java.lang.String">Leadership</Value>
</Feature>
</Annotation>
<Annotation Id="970" Type="Token" StartNode="2313" EndNode="2319">
<Feature>
  <Name className="java.lang.String">string</Name>
  <Value className="java.lang.String">called</Value>
</Feature>
</Annotation>
<Annotation Id="975" Type="Token" StartNode="2326" EndNode="2333">
<Feature>
  <Name className="java.lang.String">string</Name>
  <Value className="java.lang.String">chicken</Value>
</Feature>
</Annotation>
<Annotation Id="965" Type="Token" StartNode="2300" EndNode="2308">
<Feature>
  <Name className="java.lang.String">string</Name>
  <Value className="java.lang.String">military</Value>
</Feature>
</Annotation>
<Annotation Id="1101" Type="Token" StartNode="2641" EndNode="2651">
<Feature>
  <Name className="java.lang.String">string</Name>
  <Value className="java.lang.String">expression</Value>
</Feature>
</Annotation>
<Annotation Id="1114" Type="Token" StartNode="2671" EndNode="2678">
<Feature>
  <Name className="java.lang.String">string</Name>
  <Value className="java.lang.String">nervous</Value>
</Feature>
</Annotation>
<Annotation Id="1129" Type="Token" StartNode="2708" EndNode="2717">
<Feature>
  <Name className="java.lang.String">string</Name>
  <Value className="java.lang.String">influence</Value>
</Feature>
</Annotation>
<Annotation Id="1032" Type="Token" StartNode="2479" EndNode="2486">
<Feature>
  <Name className="java.lang.String">string</Name>
  <Value className="java.lang.String">century</Value>
</Feature>
</Annotation>
<Annotation Id="1024" Type="Token" StartNode="2454" EndNode="2460">
<Feature>
  <Name className="java.lang.String">string</Name>
  <Value className="java.lang.String">policy</Value>
</Feature>
</Annotation>
<Annotation Id="1028" Type="Token" StartNode="2467" EndNode="2473">
<Feature>
  <Name className="java.lang.String">string</Name>
  <Value className="java.lang.String">before</Value>
</Feature>
</Annotation>
<Annotation Id="1051" Type="Token" StartNode="2531" EndNode="2537">
<Feature>
  <Name className="java.lang.String">string</Name>
  <Value className="java.lang.String">rights</Value>
</Feature>
</Annotation>
<Annotation Id="1041" Type="Token" StartNode="2502" EndNode="2508">
<Feature>
  <Name className="java.lang.String">string</Name>
  <Value className="java.lang.String">gotten</Value>
</Feature>
</Annotation>
<Annotation Id="1045" Type="Token" StartNode="2513" EndNode="2522">
<Feature>
  <Name className="java.lang.String">string</Name>
  <Value className="java.lang.String">convinced</Value>
</Feature>
</Annotation>
<Annotation Id="1087" Type="Token" StartNode="2610" EndNode="2616">
<Feature>
  <Name className="java.lang.String">string</Name>
  <Value className="java.lang.String">access</Value>
</Feature>
</Annotation>
<Annotation Id="1078" Type="Token" StartNode="2591" EndNode="2597">
<Feature>
  <Name className="java.lang.String">string</Name>
  <Value className="java.lang.String">access</Value>
</Feature>
</Annotation>
<Annotation Id="1217" Type="Token" StartNode="2907" EndNode="2913">
<Feature>
  <Name className="java.lang.String">string</Name>
  <Value className="java.lang.String">needed</Value>
</Feature>
</Annotation>
<Annotation Id="1225" Type="Token" StartNode="2926" EndNode="2934">
<Feature>
  <Name className="java.lang.String">string</Name>
  <Value className="java.lang.String">compound</Value>
</Feature>
</Annotation>
<Annotation Id="1253" Type="Token" StartNode="2999" EndNode="3005">
<Feature>
  <Name className="java.lang.String">string</Name>
  <Value className="java.lang.String">killed</Value>
</Feature>
</Annotation>
<Annotation Id="1249" Type="Token" StartNode="2986" EndNode="2994">
<Feature>
  <Name className="java.lang.String">string</Name>
  <Value className="java.lang.String">blasting</Value>
</Feature>
</Annotation>
<Annotation Id="1276" Type="Token" StartNode="3049" EndNode="3055">
<Feature>
  <Name className="java.lang.String">string</Name>
  <Value className="java.lang.String">better</Value>
</Feature>
</Annotation>
<Annotation Id="1169" Type="Token" StartNode="2790" EndNode="2797">
<Feature>
  <Name className="java.lang.String">string</Name>
  <Value className="java.lang.String">freedom</Value>
</Feature>
</Annotation>
<Annotation Id="1173" Type="Token" StartNode="2802" EndNode="2809">
<Feature>
  <Name className="java.lang.String">string</Name>
  <Value className="java.lang.String">liberty</Value>
</Feature>
</Annotation>
<Annotation Id="1179" Type="Token" StartNode="2818" EndNode="2825">
<Feature>
  <Name className="java.lang.String">string</Name>
  <Value className="java.lang.String">country</Value>
</Feature>
</Annotation>
<Annotation Id="1194" Type="Token" StartNode="2849" EndNode="2857">
<Feature>
  <Name className="java.lang.String">string</Name>
  <Value className="java.lang.String">unbiased</Value>
</Feature>
</Annotation>
<Annotation Id="1196" Type="Token" StartNode="2858" EndNode="2867">
<Feature>
  <Name className="java.lang.String">string</Name>
  <Value className="java.lang.String">judiciary</Value>
</Feature>
</Annotation>
<Annotation Id="1360" Type="Token" StartNode="3242" EndNode="3252">
<Feature>
  <Name className="java.lang.String">string</Name>
  <Value className="java.lang.String">sacrificed</Value>
</Feature>
</Annotation>
<Annotation Id="1389" Type="Token" StartNode="3312" EndNode="3321">
<Feature>
  <Name className="java.lang.String">string</Name>
  <Value className="java.lang.String">reduction</Value>
</Feature>
</Annotation>
<Annotation Id="1387" Type="Token" StartNode="3304" EndNode="3311">
<Feature>
  <Name className="java.lang.String">string</Name>
  <Value className="java.lang.String">defecit</Value>
</Feature>
</Annotation>
<Annotation Id="1383" Type="Token" StartNode="3294" EndNode="3300">
<Feature>
  <Name className="java.lang.String">string</Name>
  <Value className="java.lang.String">estate</Value>
</Feature>
</Annotation>
<Annotation Id="1308" Type="Token" StartNode="3121" EndNode="3128">
<Feature>
  <Name className="java.lang.String">string</Name>
  <Value className="java.lang.String">include</Value>
</Feature>
</Annotation>
<Annotation Id="1280" Type="Token" StartNode="3061" EndNode="3068">
<Feature>
  <Name className="java.lang.String">string</Name>
  <Value className="java.lang.String">letting</Value>
</Feature>
</Annotation>
<Annotation Id="1343" Type="Token" StartNode="3196" EndNode="3207">
<Feature>
  <Name className="java.lang.String">string</Name>
  <Value className="java.lang.String">improvement</Value>
</Feature>
</Annotation>
<Annotation Id="1490" Type="Token" StartNode="3573" EndNode="3580">
<Feature>
  <Name className="java.lang.String">string</Name>
  <Value className="java.lang.String">serious</Value>
</Feature>
</Annotation>
<Annotation Id="1472" Type="Token" StartNode="3526" EndNode="3533">
<Feature>
  <Name className="java.lang.String">string</Name>
  <Value className="java.lang.String">realize</Value>
</Feature>
</Annotation>
<Annotation Id="1482" Type="Token" StartNode="3551" EndNode="3558">
<Feature>
  <Name className="java.lang.String">string</Name>
  <Value className="java.lang.String">talking</Value>
</Feature>
</Annotation>
<Annotation Id="1534" Type="Token" StartNode="3679" EndNode="3688">
<Feature>
  <Name className="java.lang.String">string</Name>
  <Value className="java.lang.String">seriously</Value>
</Feature>
</Annotation>
<Annotation Id="1508" Type="Token" StartNode="3613" EndNode="3619">
<Feature>
  <Name className="java.lang.String">string</Name>
  <Value className="java.lang.String">smiley</Value>
</Feature>
</Annotation>
<Annotation Id="1504" Type="Token" StartNode="3603" EndNode="3610">
<Feature>
  <Name className="java.lang.String">string</Name>
  <Value className="java.lang.String">include</Value>
</Feature>
</Annotation>
<Annotation Id="1516" Type="Token" StartNode="3630" EndNode="3638">
<Feature>
  <Name className="java.lang.String">string</Name>
  <Value className="java.lang.String">hesitate</Value>
</Feature>
</Annotation>
<Annotation Id="1425" Type="Token" StartNode="3401" EndNode="3408">
<Feature>
  <Name className="java.lang.String">string</Name>
  <Value className="java.lang.String">equally</Value>
</Feature>
</Annotation>
<Annotation Id="1433" Type="Token" StartNode="3421" EndNode="3431">
<Feature>
  <Name className="java.lang.String">string</Name>
  <Value className="java.lang.String">collective</Value>
</Feature>
</Annotation>
<Annotation Id="1411" Type="Token" StartNode="3361" EndNode="3369">
<Feature>
  <Name className="java.lang.String">string</Name>
  <Value className="java.lang.String">protects</Value>
</Feature>
</Annotation>
<Annotation Id="1423" Type="Token" StartNode="3391" EndNode="3400">
<Feature>
  <Name className="java.lang.String">string</Name>
  <Value className="java.lang.String">everybody</Value>
</Feature>
</Annotation>
<Annotation Id="1420" Type="Token" StartNode="3382" EndNode="3389">
<Feature>
  <Name className="java.lang.String">string</Name>
  <Value className="java.lang.String">protect</Value>
</Feature>
</Annotation>
<Annotation Id="1466" Type="Token" StartNode="3509" EndNode="3515">
<Feature>
  <Name className="java.lang.String">string</Name>
  <Value className="java.lang.String">mature</Value>
</Feature>
</Annotation>
<Annotation Id="1468" Type="Token" StartNode="3516" EndNode="3522">
<Feature>
  <Name className="java.lang.String">string</Name>
  <Value className="java.lang.String">enough</Value>
</Feature>
</Annotation>
<Annotation Id="1449" Type="Token" StartNode="3460" EndNode="3470">
<Feature>
  <Name className="java.lang.String">string</Name>
  <Value className="java.lang.String">collective</Value>
</Feature>
</Annotation>
<Annotation Id="1451" Type="Token" StartNode="3471" EndNode="3477">
<Feature>
  <Name className="java.lang.String">string</Name>
  <Value className="java.lang.String">throat</Value>
</Feature>
</Annotation>
<Annotation Id="1454" Type="Token" StartNode="3479" EndNode="3486">
<Feature>
  <Name className="java.lang.String">string</Name>
  <Value className="java.lang.String">perhaps</Value>
</Feature>
</Annotation>
<Annotation Id="1643" Type="Token" StartNode="3921" EndNode="3929">
<Feature>
  <Name className="java.lang.String">string</Name>
  <Value className="java.lang.String">exciting</Value>
</Feature>
</Annotation>
<Annotation Id="1635" Type="Token" StartNode="3897" EndNode="3904">
<Feature>
  <Name className="java.lang.String">string</Name>
  <Value className="java.lang.String">distant</Value>
</Feature>
</Annotation>
<Annotation Id="1632" Type="Token" StartNode="3889" EndNode="3895">
<Feature>
  <Name className="java.lang.String">string</Name>
  <Value className="java.lang.String">exotic</Value>
</Feature>
</Annotation>
<Annotation Id="1637" Type="Token" StartNode="3905" EndNode="3913">
<Feature>
  <Name className="java.lang.String">string</Name>
  <Value className="java.lang.String">machines</Value>
</Feature>
</Annotation>
<Annotation Id="1625" Type="Token" StartNode="3873" EndNode="3879">
<Feature>
  <Name className="java.lang.String">string</Name>
  <Value className="java.lang.String">USENET</Value>
</Feature>
</Annotation>
<Annotation Id="1575" Type="Token" StartNode="3782" EndNode="3789">
<Feature>
  <Name className="java.lang.String">string</Name>
  <Value className="java.lang.String">iastate</Value>
</Feature>
</Annotation>
<Annotation Id="1573" Type="Token" StartNode="3775" EndNode="3781">
<Feature>
  <Name className="java.lang.String">string</Name>
  <Value className="java.lang.String">viking</Value>
</Feature>
</Annotation>
<Annotation Id="1569" Type="Token" StartNode="3763" EndNode="3770">
<Feature>
  <Name className="java.lang.String">string</Name>
  <Value className="java.lang.String">iastate</Value>
</Feature>
</Annotation>
<Annotation Id="1588" Type="Token" StartNode="3808" EndNode="3815">
<Feature>
  <Name className="java.lang.String">string</Name>
  <Value className="java.lang.String">censors</Value>
</Feature>
</Annotation>
<Annotation Id="1547" Type="Token" StartNode="3716" EndNode="3722">
<Feature>
  <Name className="java.lang.String">string</Name>
  <Value className="java.lang.String">anyway</Value>
</Feature>
</Annotation>
<Annotation Id="1539" Type="Token" StartNode="3693" EndNode="3701">
<Feature>
  <Name className="java.lang.String">string</Name>
  <Value className="java.lang.String">deserved</Value>
</Feature>
</Annotation>
<Annotation Id="1555" Type="Token" StartNode="3731" EndNode="3739">
<Feature>
  <Name className="java.lang.String">string</Name>
  <Value className="java.lang.String">Sorenson</Value>
</Feature>
</Annotation>
<Annotation Id="1671" Type="Token" StartNode="3956" EndNode="3963">
<Feature>
  <Name className="java.lang.String">string</Name>
  <Value className="java.lang.String">unusual</Value>
</Feature>
</Annotation>
<Annotation Id="1673" Type="Token" StartNode="3964" EndNode="3970">
<Feature>
  <Name className="java.lang.String">string</Name>
  <Value className="java.lang.String">people</Value>
</Feature>
</Annotation>
</AnnotationSet>
<AnnotationSet Name="Original markups"> </AnnotationSet>
</GateDocument>