<?xml version='1.0' encoding='UTF-8'?>
<GateDocument version="3">
<!-- The document's features-->

<GateDocumentFeatures>
<Feature>
  <Name className="java.lang.String">Original_document_content_on_load</Name>
  <Value className="java.lang.String">From: jpsb@NeoSoft.com (Jim Shirreffs)
Organization: NeoSoft Communications Services -- (713) 684-5900
Date: Sat, 24 Apr 1993 06:52:41 GMT
Message-ID: &lt;C5z73u.H6z@sugar.neosoft.com>
References: &lt;1r2dqq$5of@geraldo.cc.utexas.edu> &lt;C5tEnu.112F@ns1.nodak.edu> &lt;1r5a7jINN83g@charnel.ecst.csuchico.edu>
Lines: 10

Let's discuss Reno's taking full responciblity. Is everyone happy with the 
outcome? Did the FBI pursue the correct course of action? was justice done?
If Reno really meant what she said she would resign! She is just grand
standing, period. What did those people do wrong in the first place? that is
what i can't figure out. sure they were crazy, no dought about it, but what did 
they do wrong? someone please help me out on this.

jim shirreffs
i speak for myself and only myself

</Value>
</Feature>
<Feature>
  <Name className="java.lang.String">gate.SourceURL</Name>
  <Value className="java.lang.String">file:/C:/Users/jian/Documents/NetBeansProjects/NoiseReductionTechniques/mideastPoliticsMix/negative19</Value>
</Feature>
</GateDocumentFeatures>
<!-- The document content area with serialized nodes -->

<TextWithNodes><Node id="0"/>From<Node id="4"/>:<Node id="5"/> <Node id="6"/>jpsb<Node id="10"/>@<Node id="11"/>NeoSoft<Node id="18"/>.<Node id="19"/>com<Node id="22"/> <Node id="23"/>(<Node id="24"/>Jim<Node id="27"/> <Node id="28"/>Shirreffs<Node id="37"/>)<Node id="38"/>
<Node id="39"/>Organization<Node id="51"/>:<Node id="52"/> <Node id="53"/>NeoSoft<Node id="60"/> <Node id="61"/>Communications<Node id="75"/> <Node id="76"/>Services<Node id="84"/> <Node id="85"/>-<Node id="86"/>-<Node id="87"/> <Node id="88"/>(<Node id="89"/>713<Node id="92"/>)<Node id="93"/> <Node id="94"/>684<Node id="97"/>-<Node id="98"/>5900<Node id="102"/>
<Node id="103"/>Date<Node id="107"/>:<Node id="108"/> <Node id="109"/>Sat<Node id="112"/>,<Node id="113"/> <Node id="114"/>24<Node id="116"/> <Node id="117"/>Apr<Node id="120"/> <Node id="121"/>1993<Node id="125"/> <Node id="126"/>06<Node id="128"/>:<Node id="129"/>52<Node id="131"/>:<Node id="132"/>41<Node id="134"/> <Node id="135"/>GMT<Node id="138"/>
<Node id="139"/>Message-<Node id="147"/>ID<Node id="149"/>:<Node id="150"/> <Node id="151"/>&lt;<Node id="152"/>C<Node id="153"/>5<Node id="154"/>z<Node id="155"/>73<Node id="157"/>u<Node id="158"/>.<Node id="159"/>H<Node id="160"/>6<Node id="161"/>z<Node id="162"/>@<Node id="163"/>sugar<Node id="168"/>.<Node id="169"/>neosoft<Node id="176"/>.<Node id="177"/>com<Node id="180"/>&gt;<Node id="181"/>
<Node id="182"/>References<Node id="192"/>:<Node id="193"/> <Node id="194"/>&lt;<Node id="195"/>1<Node id="196"/>r<Node id="197"/>2<Node id="198"/>dqq<Node id="201"/>$<Node id="202"/>5<Node id="203"/>of<Node id="205"/>@<Node id="206"/>geraldo<Node id="213"/>.<Node id="214"/>cc<Node id="216"/>.<Node id="217"/>utexas<Node id="223"/>.<Node id="224"/>edu<Node id="227"/>&gt;<Node id="228"/> <Node id="229"/>&lt;<Node id="230"/>C<Node id="231"/>5<Node id="232"/>tEnu<Node id="236"/>.<Node id="237"/>112<Node id="240"/>F<Node id="241"/>@<Node id="242"/>ns<Node id="244"/>1<Node id="245"/>.<Node id="246"/>nodak<Node id="251"/>.<Node id="252"/>edu<Node id="255"/>&gt;<Node id="256"/> <Node id="257"/>&lt;<Node id="258"/>1<Node id="259"/>r<Node id="260"/>5<Node id="261"/>a<Node id="262"/>7<Node id="263"/>jINN<Node id="267"/>83<Node id="269"/>g<Node id="270"/>@<Node id="271"/>charnel<Node id="278"/>.<Node id="279"/>ecst<Node id="283"/>.<Node id="284"/>csuchico<Node id="292"/>.<Node id="293"/>edu<Node id="296"/>&gt;<Node id="297"/>
<Node id="298"/>Lines<Node id="303"/>:<Node id="304"/> <Node id="305"/>10<Node id="307"/>
<Node id="308"/>
<Node id="309"/>Let<Node id="312"/>'s<Node id="314"/> <Node id="315"/>discuss<Node id="322"/> <Node id="323"/>Reno<Node id="327"/>'s<Node id="329"/> <Node id="330"/>taking<Node id="336"/> <Node id="337"/>full<Node id="341"/> <Node id="342"/>responciblity<Node id="355"/>.<Node id="356"/> <Node id="357"/>Is<Node id="359"/> <Node id="360"/>everyone<Node id="368"/> <Node id="369"/>happy<Node id="374"/> <Node id="375"/>with<Node id="379"/> <Node id="380"/>the<Node id="383"/> <Node id="384"/>
<Node id="385"/>outcome<Node id="392"/>?<Node id="393"/> <Node id="394"/>Did<Node id="397"/> <Node id="398"/>the<Node id="401"/> <Node id="402"/>FBI<Node id="405"/> <Node id="406"/>pursue<Node id="412"/> <Node id="413"/>the<Node id="416"/> <Node id="417"/>correct<Node id="424"/> <Node id="425"/>course<Node id="431"/> <Node id="432"/>of<Node id="434"/> <Node id="435"/>action<Node id="441"/>?<Node id="442"/> <Node id="443"/>was<Node id="446"/> <Node id="447"/>justice<Node id="454"/> <Node id="455"/>done<Node id="459"/>?<Node id="460"/>
<Node id="461"/>If<Node id="463"/> <Node id="464"/>Reno<Node id="468"/> <Node id="469"/>really<Node id="475"/> <Node id="476"/>meant<Node id="481"/> <Node id="482"/>what<Node id="486"/> <Node id="487"/>she<Node id="490"/> <Node id="491"/>said<Node id="495"/> <Node id="496"/>she<Node id="499"/> <Node id="500"/>would<Node id="505"/> <Node id="506"/>resign<Node id="512"/>!<Node id="513"/> <Node id="514"/>She<Node id="517"/> <Node id="518"/>is<Node id="520"/> <Node id="521"/>just<Node id="525"/> <Node id="526"/>grand<Node id="531"/>
<Node id="532"/>standing<Node id="540"/>,<Node id="541"/> <Node id="542"/>period<Node id="548"/>.<Node id="549"/> <Node id="550"/>What<Node id="554"/> <Node id="555"/>did<Node id="558"/> <Node id="559"/>those<Node id="564"/> <Node id="565"/>people<Node id="571"/> <Node id="572"/>do<Node id="574"/> <Node id="575"/>wrong<Node id="580"/> <Node id="581"/>in<Node id="583"/> <Node id="584"/>the<Node id="587"/> <Node id="588"/>first<Node id="593"/> <Node id="594"/>place<Node id="599"/>?<Node id="600"/> <Node id="601"/>that<Node id="605"/> <Node id="606"/>is<Node id="608"/>
<Node id="609"/>what<Node id="613"/> <Node id="614"/>i<Node id="615"/> <Node id="616"/>ca<Node id="618"/>n't<Node id="621"/> <Node id="622"/>figure<Node id="628"/> <Node id="629"/>out<Node id="632"/>.<Node id="633"/> <Node id="634"/>sure<Node id="638"/> <Node id="639"/>they<Node id="643"/> <Node id="644"/>were<Node id="648"/> <Node id="649"/>crazy<Node id="654"/>,<Node id="655"/> <Node id="656"/>no<Node id="658"/> <Node id="659"/>dought<Node id="665"/> <Node id="666"/>about<Node id="671"/> <Node id="672"/>it<Node id="674"/>,<Node id="675"/> <Node id="676"/>but<Node id="679"/> <Node id="680"/>what<Node id="684"/> <Node id="685"/>did<Node id="688"/> <Node id="689"/>
<Node id="690"/>they<Node id="694"/> <Node id="695"/>do<Node id="697"/> <Node id="698"/>wrong<Node id="703"/>?<Node id="704"/> <Node id="705"/>someone<Node id="712"/> <Node id="713"/>please<Node id="719"/> <Node id="720"/>help<Node id="724"/> <Node id="725"/>me<Node id="727"/> <Node id="728"/>out<Node id="731"/> <Node id="732"/>on<Node id="734"/> <Node id="735"/>this<Node id="739"/>.<Node id="740"/>
<Node id="741"/>
<Node id="742"/>jim<Node id="745"/> <Node id="746"/>shirreffs<Node id="755"/>
<Node id="756"/>i<Node id="757"/> <Node id="758"/>speak<Node id="763"/> <Node id="764"/>for<Node id="767"/> <Node id="768"/>myself<Node id="774"/> <Node id="775"/>and<Node id="778"/> <Node id="779"/>only<Node id="783"/> <Node id="784"/>myself<Node id="790"/>
<Node id="791"/>
<Node id="792"/></TextWithNodes>
<!-- The default annotation set -->

<AnnotationSet>
<Annotation EndNode="792" StartNode="0" Type="Mention" Id="9999999">
<Feature>
<Name classname="java.lang.String">Class</Name>
<Value classname="java.lang.String">0</Value>
</Feature>
</Annotation>

<Annotation Id="5" Type="Token" StartNode="11" EndNode="18">
<Feature>
  <Name className="java.lang.String">string</Name>
  <Value className="java.lang.String">NeoSoft</Value>
</Feature>
</Annotation>
<Annotation Id="12" Type="Token" StartNode="28" EndNode="37">
<Feature>
  <Name className="java.lang.String">string</Name>
  <Value className="java.lang.String">Shirreffs</Value>
</Feature>
</Annotation>
<Annotation Id="15" Type="Token" StartNode="39" EndNode="51">
<Feature>
  <Name className="java.lang.String">string</Name>
  <Value className="java.lang.String">Organization</Value>
</Feature>
</Annotation>
<Annotation Id="18" Type="Token" StartNode="53" EndNode="60">
<Feature>
  <Name className="java.lang.String">string</Name>
  <Value className="java.lang.String">NeoSoft</Value>
</Feature>
</Annotation>
<Annotation Id="20" Type="Token" StartNode="61" EndNode="75">
<Feature>
  <Name className="java.lang.String">string</Name>
  <Value className="java.lang.String">Communications</Value>
</Feature>
</Annotation>
<Annotation Id="22" Type="Token" StartNode="76" EndNode="84">
<Feature>
  <Name className="java.lang.String">string</Name>
  <Value className="java.lang.String">Services</Value>
</Feature>
</Annotation>
<Annotation Id="55" Type="Token" StartNode="139" EndNode="147">
<Feature>
  <Name className="java.lang.String">string</Name>
  <Value className="java.lang.String">Message-</Value>
</Feature>
</Annotation>
<Annotation Id="77" Type="Token" StartNode="182" EndNode="192">
<Feature>
  <Name className="java.lang.String">string</Name>
  <Value className="java.lang.String">References</Value>
</Feature>
</Annotation>
<Annotation Id="72" Type="Token" StartNode="169" EndNode="176">
<Feature>
  <Name className="java.lang.String">string</Name>
  <Value className="java.lang.String">neosoft</Value>
</Feature>
</Annotation>
<Annotation Id="93" Type="Token" StartNode="217" EndNode="223">
<Feature>
  <Name className="java.lang.String">string</Name>
  <Value className="java.lang.String">utexas</Value>
</Feature>
</Annotation>
<Annotation Id="89" Type="Token" StartNode="206" EndNode="213">
<Feature>
  <Name className="java.lang.String">string</Name>
  <Value className="java.lang.String">geraldo</Value>
</Feature>
</Annotation>
<Annotation Id="124" Type="Token" StartNode="271" EndNode="278">
<Feature>
  <Name className="java.lang.String">string</Name>
  <Value className="java.lang.String">charnel</Value>
</Feature>
</Annotation>
<Annotation Id="143" Type="Token" StartNode="315" EndNode="322">
<Feature>
  <Name className="java.lang.String">string</Name>
  <Value className="java.lang.String">discuss</Value>
</Feature>
</Annotation>
<Annotation Id="128" Type="Token" StartNode="284" EndNode="292">
<Feature>
  <Name className="java.lang.String">string</Name>
  <Value className="java.lang.String">csuchico</Value>
</Feature>
</Annotation>
<Annotation Id="153" Type="Token" StartNode="342" EndNode="355">
<Feature>
  <Name className="java.lang.String">string</Name>
  <Value className="java.lang.String">responciblity</Value>
</Feature>
</Annotation>
<Annotation Id="158" Type="Token" StartNode="360" EndNode="368">
<Feature>
  <Name className="java.lang.String">string</Name>
  <Value className="java.lang.String">everyone</Value>
</Feature>
</Annotation>
<Annotation Id="149" Type="Token" StartNode="330" EndNode="336">
<Feature>
  <Name className="java.lang.String">string</Name>
  <Value className="java.lang.String">taking</Value>
</Feature>
</Annotation>
<Annotation Id="167" Type="Token" StartNode="385" EndNode="392">
<Feature>
  <Name className="java.lang.String">string</Name>
  <Value className="java.lang.String">outcome</Value>
</Feature>
</Annotation>
<Annotation Id="186" Type="Token" StartNode="435" EndNode="441">
<Feature>
  <Name className="java.lang.String">string</Name>
  <Value className="java.lang.String">action</Value>
</Feature>
</Annotation>
<Annotation Id="191" Type="Token" StartNode="447" EndNode="454">
<Feature>
  <Name className="java.lang.String">string</Name>
  <Value className="java.lang.String">justice</Value>
</Feature>
</Annotation>
<Annotation Id="176" Type="Token" StartNode="406" EndNode="412">
<Feature>
  <Name className="java.lang.String">string</Name>
  <Value className="java.lang.String">pursue</Value>
</Feature>
</Annotation>
<Annotation Id="182" Type="Token" StartNode="425" EndNode="431">
<Feature>
  <Name className="java.lang.String">string</Name>
  <Value className="java.lang.String">course</Value>
</Feature>
</Annotation>
<Annotation Id="180" Type="Token" StartNode="417" EndNode="424">
<Feature>
  <Name className="java.lang.String">string</Name>
  <Value className="java.lang.String">correct</Value>
</Feature>
</Annotation>
<Annotation Id="200" Type="Token" StartNode="469" EndNode="475">
<Feature>
  <Name className="java.lang.String">string</Name>
  <Value className="java.lang.String">really</Value>
</Feature>
</Annotation>
<Annotation Id="214" Type="Token" StartNode="506" EndNode="512">
<Feature>
  <Name className="java.lang.String">string</Name>
  <Value className="java.lang.String">resign</Value>
</Feature>
</Annotation>
<Annotation Id="237" Type="Token" StartNode="565" EndNode="571">
<Feature>
  <Name className="java.lang.String">string</Name>
  <Value className="java.lang.String">people</Value>
</Feature>
</Annotation>
<Annotation Id="228" Type="Token" StartNode="542" EndNode="548">
<Feature>
  <Name className="java.lang.String">string</Name>
  <Value className="java.lang.String">period</Value>
</Feature>
</Annotation>
<Annotation Id="225" Type="Token" StartNode="532" EndNode="540">
<Feature>
  <Name className="java.lang.String">string</Name>
  <Value className="java.lang.String">standing</Value>
</Feature>
</Annotation>
<Annotation Id="280" Type="Token" StartNode="659" EndNode="665">
<Feature>
  <Name className="java.lang.String">string</Name>
  <Value className="java.lang.String">dought</Value>
</Feature>
</Annotation>
<Annotation Id="264" Type="Token" StartNode="622" EndNode="628">
<Feature>
  <Name className="java.lang.String">string</Name>
  <Value className="java.lang.String">figure</Value>
</Feature>
</Annotation>
<Annotation Id="319" Type="Token" StartNode="746" EndNode="755">
<Feature>
  <Name className="java.lang.String">string</Name>
  <Value className="java.lang.String">shirreffs</Value>
</Feature>
</Annotation>
<Annotation Id="301" Type="Token" StartNode="705" EndNode="712">
<Feature>
  <Name className="java.lang.String">string</Name>
  <Value className="java.lang.String">someone</Value>
</Feature>
</Annotation>
<Annotation Id="303" Type="Token" StartNode="713" EndNode="719">
<Feature>
  <Name className="java.lang.String">string</Name>
  <Value className="java.lang.String">please</Value>
</Feature>
</Annotation>
<Annotation Id="327" Type="Token" StartNode="768" EndNode="774">
<Feature>
  <Name className="java.lang.String">string</Name>
  <Value className="java.lang.String">myself</Value>
</Feature>
</Annotation>
<Annotation Id="333" Type="Token" StartNode="784" EndNode="790">
<Feature>
  <Name className="java.lang.String">string</Name>
  <Value className="java.lang.String">myself</Value>
</Feature>
</Annotation>
</AnnotationSet>
<AnnotationSet Name="Original markups"> </AnnotationSet>
</GateDocument>