<?xml version='1.0' encoding='UTF-8'?>
<GateDocument version="3">
<!-- The document's features-->

<GateDocumentFeatures>
<Feature>
  <Name className="java.lang.String">Original_document_content_on_load</Name>
  <Value className="java.lang.String">From: tcsteven@iaserv.b1.ingr.com (Todd Stevens)
Message-ID: &lt;Apr.14.03.07.12.1993.5393@athos.rutgers.edu>
Date: 14 Apr 93 07:07:13 GMT
Sender: hedrick@athos.rutgers.edu
Organization: ingr
Lines: 14
Approved: christian@aramis.rutgers.edu

Chuck Petch writes:

>Now it appears that nothing stands in the way of rebuilding and resuming
>sacrifices, as the Scriptures indicate will happen in the last days.
>Although the Israeli government will give the permission to start, I think
>it is the hand of God holding the project until He is ready to let it
>happen. Brothers and sisters, the time is at hand. Our redemption is
>drawing near. Look up!

How is a scriptural Levitical priesthood resumed?  Are there any Jews who 
can legitimately prove their Levite bloodline?

Todd Stevens
tcsteven@iaserv.b1.ingr.com
</Value>
</Feature>
<Feature>
  <Name className="java.lang.String">gate.SourceURL</Name>
  <Value className="java.lang.String">file:/C:/Users/jian/Documents/NetBeansProjects/NoiseReductionTechniques/mideastPoliticsMix/negative1205</Value>
</Feature>
</GateDocumentFeatures>
<!-- The document content area with serialized nodes -->

<TextWithNodes><Node id="0"/>From<Node id="4"/>:<Node id="5"/> <Node id="6"/>tcsteven<Node id="14"/>@<Node id="15"/>iaserv<Node id="21"/>.<Node id="22"/>b<Node id="23"/>1<Node id="24"/>.<Node id="25"/>ingr<Node id="29"/>.<Node id="30"/>com<Node id="33"/> <Node id="34"/>(<Node id="35"/>Todd<Node id="39"/> <Node id="40"/>Stevens<Node id="47"/>)<Node id="48"/>
<Node id="49"/>Message-<Node id="57"/>ID<Node id="59"/>:<Node id="60"/> <Node id="61"/>&lt;<Node id="62"/>Apr<Node id="65"/>.<Node id="66"/>14<Node id="68"/>.<Node id="69"/>03<Node id="71"/>.<Node id="72"/>07<Node id="74"/>.<Node id="75"/>12<Node id="77"/>.<Node id="78"/>1993<Node id="82"/>.<Node id="83"/>5393<Node id="87"/>@<Node id="88"/>athos<Node id="93"/>.<Node id="94"/>rutgers<Node id="101"/>.<Node id="102"/>edu<Node id="105"/>&gt;<Node id="106"/>
<Node id="107"/>Date<Node id="111"/>:<Node id="112"/> <Node id="113"/>14<Node id="115"/> <Node id="116"/>Apr<Node id="119"/> <Node id="120"/>93<Node id="122"/> <Node id="123"/>07<Node id="125"/>:<Node id="126"/>07<Node id="128"/>:<Node id="129"/>13<Node id="131"/> <Node id="132"/>GMT<Node id="135"/>
<Node id="136"/>Sender<Node id="142"/>:<Node id="143"/> <Node id="144"/>hedrick<Node id="151"/>@<Node id="152"/>athos<Node id="157"/>.<Node id="158"/>rutgers<Node id="165"/>.<Node id="166"/>edu<Node id="169"/>
<Node id="170"/>Organization<Node id="182"/>:<Node id="183"/> <Node id="184"/>ingr<Node id="188"/>
<Node id="189"/>Lines<Node id="194"/>:<Node id="195"/> <Node id="196"/>14<Node id="198"/>
<Node id="199"/>Approved<Node id="207"/>:<Node id="208"/> <Node id="209"/>christian<Node id="218"/>@<Node id="219"/>aramis<Node id="225"/>.<Node id="226"/>rutgers<Node id="233"/>.<Node id="234"/>edu<Node id="237"/>
<Node id="238"/>
<Node id="239"/>Chuck<Node id="244"/> <Node id="245"/>Petch<Node id="250"/> <Node id="251"/>writes<Node id="257"/>:<Node id="258"/>
<Node id="259"/>
<Node id="260"/>&gt;<Node id="261"/>Now<Node id="264"/> <Node id="265"/>it<Node id="267"/> <Node id="268"/>appears<Node id="275"/> <Node id="276"/>that<Node id="280"/> <Node id="281"/>nothing<Node id="288"/> <Node id="289"/>stands<Node id="295"/> <Node id="296"/>in<Node id="298"/> <Node id="299"/>the<Node id="302"/> <Node id="303"/>way<Node id="306"/> <Node id="307"/>of<Node id="309"/> <Node id="310"/>rebuilding<Node id="320"/> <Node id="321"/>and<Node id="324"/> <Node id="325"/>resuming<Node id="333"/>
<Node id="334"/>&gt;<Node id="335"/>sacrifices<Node id="345"/>,<Node id="346"/> <Node id="347"/>as<Node id="349"/> <Node id="350"/>the<Node id="353"/> <Node id="354"/>Scriptures<Node id="364"/> <Node id="365"/>indicate<Node id="373"/> <Node id="374"/>will<Node id="378"/> <Node id="379"/>happen<Node id="385"/> <Node id="386"/>in<Node id="388"/> <Node id="389"/>the<Node id="392"/> <Node id="393"/>last<Node id="397"/> <Node id="398"/>days<Node id="402"/>.<Node id="403"/>
<Node id="404"/>&gt;<Node id="405"/>Although<Node id="413"/> <Node id="414"/>the<Node id="417"/> <Node id="418"/>Israeli<Node id="425"/> <Node id="426"/>government<Node id="436"/> <Node id="437"/>will<Node id="441"/> <Node id="442"/>give<Node id="446"/> <Node id="447"/>the<Node id="450"/> <Node id="451"/>permission<Node id="461"/> <Node id="462"/>to<Node id="464"/> <Node id="465"/>start<Node id="470"/>,<Node id="471"/> <Node id="472"/>I<Node id="473"/> <Node id="474"/>think<Node id="479"/>
<Node id="480"/>&gt;<Node id="481"/>it<Node id="483"/> <Node id="484"/>is<Node id="486"/> <Node id="487"/>the<Node id="490"/> <Node id="491"/>hand<Node id="495"/> <Node id="496"/>of<Node id="498"/> <Node id="499"/>God<Node id="502"/> <Node id="503"/>holding<Node id="510"/> <Node id="511"/>the<Node id="514"/> <Node id="515"/>project<Node id="522"/> <Node id="523"/>until<Node id="528"/> <Node id="529"/>He<Node id="531"/> <Node id="532"/>is<Node id="534"/> <Node id="535"/>ready<Node id="540"/> <Node id="541"/>to<Node id="543"/> <Node id="544"/>let<Node id="547"/> <Node id="548"/>it<Node id="550"/>
<Node id="551"/>&gt;<Node id="552"/>happen<Node id="558"/>.<Node id="559"/> <Node id="560"/>Brothers<Node id="568"/> <Node id="569"/>and<Node id="572"/> <Node id="573"/>sisters<Node id="580"/>,<Node id="581"/> <Node id="582"/>the<Node id="585"/> <Node id="586"/>time<Node id="590"/> <Node id="591"/>is<Node id="593"/> <Node id="594"/>at<Node id="596"/> <Node id="597"/>hand<Node id="601"/>.<Node id="602"/> <Node id="603"/>Our<Node id="606"/> <Node id="607"/>redemption<Node id="617"/> <Node id="618"/>is<Node id="620"/>
<Node id="621"/>&gt;<Node id="622"/>drawing<Node id="629"/> <Node id="630"/>near<Node id="634"/>.<Node id="635"/> <Node id="636"/>Look<Node id="640"/> <Node id="641"/>up<Node id="643"/>!<Node id="644"/>
<Node id="645"/>
<Node id="646"/>How<Node id="649"/> <Node id="650"/>is<Node id="652"/> <Node id="653"/>a<Node id="654"/> <Node id="655"/>scriptural<Node id="665"/> <Node id="666"/>Levitical<Node id="675"/> <Node id="676"/>priesthood<Node id="686"/> <Node id="687"/>resumed<Node id="694"/>?<Node id="695"/> <Node id="696"/> <Node id="697"/>Are<Node id="700"/> <Node id="701"/>there<Node id="706"/> <Node id="707"/>any<Node id="710"/> <Node id="711"/>Jews<Node id="715"/> <Node id="716"/>who<Node id="719"/> <Node id="720"/>
<Node id="721"/>can<Node id="724"/> <Node id="725"/>legitimately<Node id="737"/> <Node id="738"/>prove<Node id="743"/> <Node id="744"/>their<Node id="749"/> <Node id="750"/>Levite<Node id="756"/> <Node id="757"/>bloodline<Node id="766"/>?<Node id="767"/>
<Node id="768"/>
<Node id="769"/>Todd<Node id="773"/> <Node id="774"/>Stevens<Node id="781"/>
<Node id="782"/>tcsteven<Node id="790"/>@<Node id="791"/>iaserv<Node id="797"/>.<Node id="798"/>b<Node id="799"/>1<Node id="800"/>.<Node id="801"/>ingr<Node id="805"/>.<Node id="806"/>com<Node id="809"/>
<Node id="810"/></TextWithNodes>
<!-- The default annotation set -->

<AnnotationSet>
<Annotation EndNode="810" StartNode="0" Type="Mention" Id="9999999">
<Feature>
<Name classname="java.lang.String">Class</Name>
<Value classname="java.lang.String">0</Value>
</Feature>
</Annotation>

<Annotation Id="3" Type="Token" StartNode="6" EndNode="14">
<Feature>
  <Name className="java.lang.String">string</Name>
  <Value className="java.lang.String">tcsteven</Value>
</Feature>
</Annotation>
<Annotation Id="5" Type="Token" StartNode="15" EndNode="21">
<Feature>
  <Name className="java.lang.String">string</Name>
  <Value className="java.lang.String">iaserv</Value>
</Feature>
</Annotation>
<Annotation Id="17" Type="Token" StartNode="40" EndNode="47">
<Feature>
  <Name className="java.lang.String">string</Name>
  <Value className="java.lang.String">Stevens</Value>
</Feature>
</Annotation>
<Annotation Id="20" Type="Token" StartNode="49" EndNode="57">
<Feature>
  <Name className="java.lang.String">string</Name>
  <Value className="java.lang.String">Message-</Value>
</Feature>
</Annotation>
<Annotation Id="41" Type="Token" StartNode="94" EndNode="101">
<Feature>
  <Name className="java.lang.String">string</Name>
  <Value className="java.lang.String">rutgers</Value>
</Feature>
</Annotation>
<Annotation Id="63" Type="Token" StartNode="136" EndNode="142">
<Feature>
  <Name className="java.lang.String">string</Name>
  <Value className="java.lang.String">Sender</Value>
</Feature>
</Annotation>
<Annotation Id="70" Type="Token" StartNode="158" EndNode="165">
<Feature>
  <Name className="java.lang.String">string</Name>
  <Value className="java.lang.String">rutgers</Value>
</Feature>
</Annotation>
<Annotation Id="66" Type="Token" StartNode="144" EndNode="151">
<Feature>
  <Name className="java.lang.String">string</Name>
  <Value className="java.lang.String">hedrick</Value>
</Feature>
</Annotation>
<Annotation Id="74" Type="Token" StartNode="170" EndNode="182">
<Feature>
  <Name className="java.lang.String">string</Name>
  <Value className="java.lang.String">Organization</Value>
</Feature>
</Annotation>
<Annotation Id="84" Type="Token" StartNode="199" EndNode="207">
<Feature>
  <Name className="java.lang.String">string</Name>
  <Value className="java.lang.String">Approved</Value>
</Feature>
</Annotation>
<Annotation Id="87" Type="Token" StartNode="209" EndNode="218">
<Feature>
  <Name className="java.lang.String">string</Name>
  <Value className="java.lang.String">christian</Value>
</Feature>
</Annotation>
<Annotation Id="89" Type="Token" StartNode="219" EndNode="225">
<Feature>
  <Name className="java.lang.String">string</Name>
  <Value className="java.lang.String">aramis</Value>
</Feature>
</Annotation>
<Annotation Id="91" Type="Token" StartNode="226" EndNode="233">
<Feature>
  <Name className="java.lang.String">string</Name>
  <Value className="java.lang.String">rutgers</Value>
</Feature>
</Annotation>
<Annotation Id="100" Type="Token" StartNode="251" EndNode="257">
<Feature>
  <Name className="java.lang.String">string</Name>
  <Value className="java.lang.String">writes</Value>
</Feature>
</Annotation>
<Annotation Id="109" Type="Token" StartNode="268" EndNode="275">
<Feature>
  <Name className="java.lang.String">string</Name>
  <Value className="java.lang.String">appears</Value>
</Feature>
</Annotation>
<Annotation Id="115" Type="Token" StartNode="289" EndNode="295">
<Feature>
  <Name className="java.lang.String">string</Name>
  <Value className="java.lang.String">stands</Value>
</Feature>
</Annotation>
<Annotation Id="113" Type="Token" StartNode="281" EndNode="288">
<Feature>
  <Name className="java.lang.String">string</Name>
  <Value className="java.lang.String">nothing</Value>
</Feature>
</Annotation>
<Annotation Id="125" Type="Token" StartNode="310" EndNode="320">
<Feature>
  <Name className="java.lang.String">string</Name>
  <Value className="java.lang.String">rebuilding</Value>
</Feature>
</Annotation>
<Annotation Id="139" Type="Token" StartNode="354" EndNode="364">
<Feature>
  <Name className="java.lang.String">string</Name>
  <Value className="java.lang.String">Scriptures</Value>
</Feature>
</Annotation>
<Annotation Id="141" Type="Token" StartNode="365" EndNode="373">
<Feature>
  <Name className="java.lang.String">string</Name>
  <Value className="java.lang.String">indicate</Value>
</Feature>
</Annotation>
<Annotation Id="129" Type="Token" StartNode="325" EndNode="333">
<Feature>
  <Name className="java.lang.String">string</Name>
  <Value className="java.lang.String">resuming</Value>
</Feature>
</Annotation>
<Annotation Id="132" Type="Token" StartNode="335" EndNode="345">
<Feature>
  <Name className="java.lang.String">string</Name>
  <Value className="java.lang.String">sacrifices</Value>
</Feature>
</Annotation>
<Annotation Id="157" Type="Token" StartNode="405" EndNode="413">
<Feature>
  <Name className="java.lang.String">string</Name>
  <Value className="java.lang.String">Although</Value>
</Feature>
</Annotation>
<Annotation Id="145" Type="Token" StartNode="379" EndNode="385">
<Feature>
  <Name className="java.lang.String">string</Name>
  <Value className="java.lang.String">happen</Value>
</Feature>
</Annotation>
<Annotation Id="171" Type="Token" StartNode="451" EndNode="461">
<Feature>
  <Name className="java.lang.String">string</Name>
  <Value className="java.lang.String">permission</Value>
</Feature>
</Annotation>
<Annotation Id="163" Type="Token" StartNode="426" EndNode="436">
<Feature>
  <Name className="java.lang.String">string</Name>
  <Value className="java.lang.String">government</Value>
</Feature>
</Annotation>
<Annotation Id="161" Type="Token" StartNode="418" EndNode="425">
<Feature>
  <Name className="java.lang.String">string</Name>
  <Value className="java.lang.String">Israeli</Value>
</Feature>
</Annotation>
<Annotation Id="199" Type="Token" StartNode="515" EndNode="522">
<Feature>
  <Name className="java.lang.String">string</Name>
  <Value className="java.lang.String">project</Value>
</Feature>
</Annotation>
<Annotation Id="195" Type="Token" StartNode="503" EndNode="510">
<Feature>
  <Name className="java.lang.String">string</Name>
  <Value className="java.lang.String">holding</Value>
</Feature>
</Annotation>
<Annotation Id="223" Type="Token" StartNode="573" EndNode="580">
<Feature>
  <Name className="java.lang.String">string</Name>
  <Value className="java.lang.String">sisters</Value>
</Feature>
</Annotation>
<Annotation Id="216" Type="Token" StartNode="552" EndNode="558">
<Feature>
  <Name className="java.lang.String">string</Name>
  <Value className="java.lang.String">happen</Value>
</Feature>
</Annotation>
<Annotation Id="219" Type="Token" StartNode="560" EndNode="568">
<Feature>
  <Name className="java.lang.String">string</Name>
  <Value className="java.lang.String">Brothers</Value>
</Feature>
</Annotation>
<Annotation Id="239" Type="Token" StartNode="607" EndNode="617">
<Feature>
  <Name className="java.lang.String">string</Name>
  <Value className="java.lang.String">redemption</Value>
</Feature>
</Annotation>
<Annotation Id="244" Type="Token" StartNode="622" EndNode="629">
<Feature>
  <Name className="java.lang.String">string</Name>
  <Value className="java.lang.String">drawing</Value>
</Feature>
</Annotation>
<Annotation Id="284" Type="Token" StartNode="725" EndNode="737">
<Feature>
  <Name className="java.lang.String">string</Name>
  <Value className="java.lang.String">legitimately</Value>
</Feature>
</Annotation>
<Annotation Id="263" Type="Token" StartNode="666" EndNode="675">
<Feature>
  <Name className="java.lang.String">string</Name>
  <Value className="java.lang.String">Levitical</Value>
</Feature>
</Annotation>
<Annotation Id="261" Type="Token" StartNode="655" EndNode="665">
<Feature>
  <Name className="java.lang.String">string</Name>
  <Value className="java.lang.String">scriptural</Value>
</Feature>
</Annotation>
<Annotation Id="267" Type="Token" StartNode="687" EndNode="694">
<Feature>
  <Name className="java.lang.String">string</Name>
  <Value className="java.lang.String">resumed</Value>
</Feature>
</Annotation>
<Annotation Id="265" Type="Token" StartNode="676" EndNode="686">
<Feature>
  <Name className="java.lang.String">string</Name>
  <Value className="java.lang.String">priesthood</Value>
</Feature>
</Annotation>
<Annotation Id="290" Type="Token" StartNode="750" EndNode="756">
<Feature>
  <Name className="java.lang.String">string</Name>
  <Value className="java.lang.String">Levite</Value>
</Feature>
</Annotation>
<Annotation Id="292" Type="Token" StartNode="757" EndNode="766">
<Feature>
  <Name className="java.lang.String">string</Name>
  <Value className="java.lang.String">bloodline</Value>
</Feature>
</Annotation>
<Annotation Id="298" Type="Token" StartNode="774" EndNode="781">
<Feature>
  <Name className="java.lang.String">string</Name>
  <Value className="java.lang.String">Stevens</Value>
</Feature>
</Annotation>
<Annotation Id="300" Type="Token" StartNode="782" EndNode="790">
<Feature>
  <Name className="java.lang.String">string</Name>
  <Value className="java.lang.String">tcsteven</Value>
</Feature>
</Annotation>
<Annotation Id="302" Type="Token" StartNode="791" EndNode="797">
<Feature>
  <Name className="java.lang.String">string</Name>
  <Value className="java.lang.String">iaserv</Value>
</Feature>
</Annotation>
</AnnotationSet>
<AnnotationSet Name="Original markups"> </AnnotationSet>
</GateDocument>