<?xml version='1.0' encoding='UTF-8'?>
<GateDocument version="3">
<!-- The document's features-->

<GateDocumentFeatures>
<Feature>
  <Name className="java.lang.String">Original_document_content_on_load</Name>
  <Value className="java.lang.String">From: gld@cunixb.cc.columbia.edu (Gary L Dare)
Message-ID: &lt;1993Apr16.021726.20212@news.columbia.edu>
Sender: usenet@news.columbia.edu (The Network News)
Nntp-Posting-Host: cunixb.cc.columbia.edu
Reply-To: gld@cunixb.cc.columbia.edu (Gary L Dare)
Organization: PhDs In The Hall
References: &lt;1993Apr10.201612.13029@cunews.carleton.ca> &lt;1993Apr10.231023.19680@spartan.ac.BrockU.CA> &lt;SMITH.93Apr15220531@phoneme.harvard.edu>
Date: Fri, 16 Apr 1993 02:17:26 GMT
Lines: 32

smith@phoneme.harvard.edu (Steven Smith) writes:
>bross@sandbanks.cosc.brocku.ca (Brian Ross) writes:
>
>> In the world of the future, Bill Clinton will appoint Canadians to
>> govern all American institutions (starting with the American health
>> care system).  We will be benevolent Canadian dictators.
>
>With yet another tax being floated by the Clinton administration to
>pay for new ``free'' social programs, I've really begun to suspect
>that the Canadians, long resentful of their place in the American
>shadow, brainwashed an American draft dodger who fled to Canada some
>time between 1966 and 1968, tutored him in the ways of Canadian
>socialism, awarded him with smokeless marijuana cigarettes when he got
>the correct answers, then returned him to the states (under the
>control of the domineering wife assigned to his case) to attain high
>public office and destroy the evil individualistic and free market
>forces in America, thus shaping America in the Canadian image.


And not only that, made a second clone from the same tissue sample
after that of said domineering wife, to run at the helm of the
more-pro-business party under guise of more free trade ... and
she did inhale, many times, to boot ...

(-; (-; (-; 

gld
--
~~~~~~~~~~~~~~~~~~~~~~~~ Je me souviens ~~~~~~~~~~~~~~~~~~~~~~~~~~~~~
Gary L. Dare
> gld@columbia.EDU 			GO  Winnipeg Jets  GO!!!
> gld@cunixc.BITNET			Selanne + Domi ==> Stanley
</Value>
</Feature>
<Feature>
  <Name className="java.lang.String">gate.SourceURL</Name>
  <Value className="java.lang.String">file:/C:/Users/jian/Documents/NetBeansProjects/NoiseReductionTechniques/mideastPoliticsMix/negative1183</Value>
</Feature>
</GateDocumentFeatures>
<!-- The document content area with serialized nodes -->

<TextWithNodes><Node id="0"/>From<Node id="4"/>:<Node id="5"/> <Node id="6"/>gld<Node id="9"/>@<Node id="10"/>cunixb<Node id="16"/>.<Node id="17"/>cc<Node id="19"/>.<Node id="20"/>columbia<Node id="28"/>.<Node id="29"/>edu<Node id="32"/> <Node id="33"/>(<Node id="34"/>Gary<Node id="38"/> <Node id="39"/>L<Node id="40"/> <Node id="41"/>Dare<Node id="45"/>)<Node id="46"/>
<Node id="47"/>Message-<Node id="55"/>ID<Node id="57"/>:<Node id="58"/> <Node id="59"/>&lt;<Node id="60"/>1993<Node id="64"/>Apr<Node id="67"/>16<Node id="69"/>.<Node id="70"/>021726<Node id="76"/>.<Node id="77"/>20212<Node id="82"/>@<Node id="83"/>news<Node id="87"/>.<Node id="88"/>columbia<Node id="96"/>.<Node id="97"/>edu<Node id="100"/>&gt;<Node id="101"/>
<Node id="102"/>Sender<Node id="108"/>:<Node id="109"/> <Node id="110"/>usenet<Node id="116"/>@<Node id="117"/>news<Node id="121"/>.<Node id="122"/>columbia<Node id="130"/>.<Node id="131"/>edu<Node id="134"/> <Node id="135"/>(<Node id="136"/>The<Node id="139"/> <Node id="140"/>Network<Node id="147"/> <Node id="148"/>News<Node id="152"/>)<Node id="153"/>
<Node id="154"/>Nntp-<Node id="159"/>Posting-<Node id="167"/>Host<Node id="171"/>:<Node id="172"/> <Node id="173"/>cunixb<Node id="179"/>.<Node id="180"/>cc<Node id="182"/>.<Node id="183"/>columbia<Node id="191"/>.<Node id="192"/>edu<Node id="195"/>
<Node id="196"/>Reply-<Node id="202"/>To<Node id="204"/>:<Node id="205"/> <Node id="206"/>gld<Node id="209"/>@<Node id="210"/>cunixb<Node id="216"/>.<Node id="217"/>cc<Node id="219"/>.<Node id="220"/>columbia<Node id="228"/>.<Node id="229"/>edu<Node id="232"/> <Node id="233"/>(<Node id="234"/>Gary<Node id="238"/> <Node id="239"/>L<Node id="240"/> <Node id="241"/>Dare<Node id="245"/>)<Node id="246"/>
<Node id="247"/>Organization<Node id="259"/>:<Node id="260"/> <Node id="261"/>PhDs<Node id="265"/> <Node id="266"/>In<Node id="268"/> <Node id="269"/>The<Node id="272"/> <Node id="273"/>Hall<Node id="277"/>
<Node id="278"/>References<Node id="288"/>:<Node id="289"/> <Node id="290"/>&lt;<Node id="291"/>1993<Node id="295"/>Apr<Node id="298"/>10<Node id="300"/>.<Node id="301"/>201612<Node id="307"/>.<Node id="308"/>13029<Node id="313"/>@<Node id="314"/>cunews<Node id="320"/>.<Node id="321"/>carleton<Node id="329"/>.<Node id="330"/>ca<Node id="332"/>&gt;<Node id="333"/> <Node id="334"/>&lt;<Node id="335"/>1993<Node id="339"/>Apr<Node id="342"/>10<Node id="344"/>.<Node id="345"/>231023<Node id="351"/>.<Node id="352"/>19680<Node id="357"/>@<Node id="358"/>spartan<Node id="365"/>.<Node id="366"/>ac<Node id="368"/>.<Node id="369"/>BrockU<Node id="375"/>.<Node id="376"/>CA<Node id="378"/>&gt;<Node id="379"/> <Node id="380"/>&lt;<Node id="381"/>SMITH<Node id="386"/>.<Node id="387"/>93<Node id="389"/>Apr<Node id="392"/>15220531<Node id="400"/>@<Node id="401"/>phoneme<Node id="408"/>.<Node id="409"/>harvard<Node id="416"/>.<Node id="417"/>edu<Node id="420"/>&gt;<Node id="421"/>
<Node id="422"/>Date<Node id="426"/>:<Node id="427"/> <Node id="428"/>Fri<Node id="431"/>,<Node id="432"/> <Node id="433"/>16<Node id="435"/> <Node id="436"/>Apr<Node id="439"/> <Node id="440"/>1993<Node id="444"/> <Node id="445"/>02<Node id="447"/>:<Node id="448"/>17<Node id="450"/>:<Node id="451"/>26<Node id="453"/> <Node id="454"/>GMT<Node id="457"/>
<Node id="458"/>Lines<Node id="463"/>:<Node id="464"/> <Node id="465"/>32<Node id="467"/>
<Node id="468"/>
<Node id="469"/>smith<Node id="474"/>@<Node id="475"/>phoneme<Node id="482"/>.<Node id="483"/>harvard<Node id="490"/>.<Node id="491"/>edu<Node id="494"/> <Node id="495"/>(<Node id="496"/>Steven<Node id="502"/> <Node id="503"/>Smith<Node id="508"/>)<Node id="509"/> <Node id="510"/>writes<Node id="516"/>:<Node id="517"/>
<Node id="518"/>&gt;<Node id="519"/>bross<Node id="524"/>@<Node id="525"/>sandbanks<Node id="534"/>.<Node id="535"/>cosc<Node id="539"/>.<Node id="540"/>brocku<Node id="546"/>.<Node id="547"/>ca<Node id="549"/> <Node id="550"/>(<Node id="551"/>Brian<Node id="556"/> <Node id="557"/>Ross<Node id="561"/>)<Node id="562"/> <Node id="563"/>writes<Node id="569"/>:<Node id="570"/>
<Node id="571"/>&gt;<Node id="572"/>
<Node id="573"/>&gt;<Node id="574"/>&gt;<Node id="575"/> <Node id="576"/>In<Node id="578"/> <Node id="579"/>the<Node id="582"/> <Node id="583"/>world<Node id="588"/> <Node id="589"/>of<Node id="591"/> <Node id="592"/>the<Node id="595"/> <Node id="596"/>future<Node id="602"/>,<Node id="603"/> <Node id="604"/>Bill<Node id="608"/> <Node id="609"/>Clinton<Node id="616"/> <Node id="617"/>will<Node id="621"/> <Node id="622"/>appoint<Node id="629"/> <Node id="630"/>Canadians<Node id="639"/> <Node id="640"/>to<Node id="642"/>
<Node id="643"/>&gt;<Node id="644"/>&gt;<Node id="645"/> <Node id="646"/>govern<Node id="652"/> <Node id="653"/>all<Node id="656"/> <Node id="657"/>American<Node id="665"/> <Node id="666"/>institutions<Node id="678"/> <Node id="679"/>(<Node id="680"/>starting<Node id="688"/> <Node id="689"/>with<Node id="693"/> <Node id="694"/>the<Node id="697"/> <Node id="698"/>American<Node id="706"/> <Node id="707"/>health<Node id="713"/>
<Node id="714"/>&gt;<Node id="715"/>&gt;<Node id="716"/> <Node id="717"/>care<Node id="721"/> <Node id="722"/>system<Node id="728"/>)<Node id="729"/>.<Node id="730"/> <Node id="731"/> <Node id="732"/>We<Node id="734"/> <Node id="735"/>will<Node id="739"/> <Node id="740"/>be<Node id="742"/> <Node id="743"/>benevolent<Node id="753"/> <Node id="754"/>Canadian<Node id="762"/> <Node id="763"/>dictators<Node id="772"/>.<Node id="773"/>
<Node id="774"/>&gt;<Node id="775"/>
<Node id="776"/>&gt;<Node id="777"/>With<Node id="781"/> <Node id="782"/>yet<Node id="785"/> <Node id="786"/>another<Node id="793"/> <Node id="794"/>tax<Node id="797"/> <Node id="798"/>being<Node id="803"/> <Node id="804"/>floated<Node id="811"/> <Node id="812"/>by<Node id="814"/> <Node id="815"/>the<Node id="818"/> <Node id="819"/>Clinton<Node id="826"/> <Node id="827"/>administration<Node id="841"/> <Node id="842"/>to<Node id="844"/>
<Node id="845"/>&gt;<Node id="846"/>pay<Node id="849"/> <Node id="850"/>for<Node id="853"/> <Node id="854"/>new<Node id="857"/> <Node id="858"/>`<Node id="859"/>`<Node id="860"/>free<Node id="864"/>'<Node id="865"/>'<Node id="866"/> <Node id="867"/>social<Node id="873"/> <Node id="874"/>programs<Node id="882"/>,<Node id="883"/> <Node id="884"/>I<Node id="885"/>'ve<Node id="888"/> <Node id="889"/>really<Node id="895"/> <Node id="896"/>begun<Node id="901"/> <Node id="902"/>to<Node id="904"/> <Node id="905"/>suspect<Node id="912"/>
<Node id="913"/>&gt;<Node id="914"/>that<Node id="918"/> <Node id="919"/>the<Node id="922"/> <Node id="923"/>Canadians<Node id="932"/>,<Node id="933"/> <Node id="934"/>long<Node id="938"/> <Node id="939"/>resentful<Node id="948"/> <Node id="949"/>of<Node id="951"/> <Node id="952"/>their<Node id="957"/> <Node id="958"/>place<Node id="963"/> <Node id="964"/>in<Node id="966"/> <Node id="967"/>the<Node id="970"/> <Node id="971"/>American<Node id="979"/>
<Node id="980"/>&gt;<Node id="981"/>shadow<Node id="987"/>,<Node id="988"/> <Node id="989"/>brainwashed<Node id="1000"/> <Node id="1001"/>an<Node id="1003"/> <Node id="1004"/>American<Node id="1012"/> <Node id="1013"/>draft<Node id="1018"/> <Node id="1019"/>dodger<Node id="1025"/> <Node id="1026"/>who<Node id="1029"/> <Node id="1030"/>fled<Node id="1034"/> <Node id="1035"/>to<Node id="1037"/> <Node id="1038"/>Canada<Node id="1044"/> <Node id="1045"/>some<Node id="1049"/>
<Node id="1050"/>&gt;<Node id="1051"/>time<Node id="1055"/> <Node id="1056"/>between<Node id="1063"/> <Node id="1064"/>1966<Node id="1068"/> <Node id="1069"/>and<Node id="1072"/> <Node id="1073"/>1968<Node id="1077"/>,<Node id="1078"/> <Node id="1079"/>tutored<Node id="1086"/> <Node id="1087"/>him<Node id="1090"/> <Node id="1091"/>in<Node id="1093"/> <Node id="1094"/>the<Node id="1097"/> <Node id="1098"/>ways<Node id="1102"/> <Node id="1103"/>of<Node id="1105"/> <Node id="1106"/>Canadian<Node id="1114"/>
<Node id="1115"/>&gt;<Node id="1116"/>socialism<Node id="1125"/>,<Node id="1126"/> <Node id="1127"/>awarded<Node id="1134"/> <Node id="1135"/>him<Node id="1138"/> <Node id="1139"/>with<Node id="1143"/> <Node id="1144"/>smokeless<Node id="1153"/> <Node id="1154"/>marijuana<Node id="1163"/> <Node id="1164"/>cigarettes<Node id="1174"/> <Node id="1175"/>when<Node id="1179"/> <Node id="1180"/>he<Node id="1182"/> <Node id="1183"/>got<Node id="1186"/>
<Node id="1187"/>&gt;<Node id="1188"/>the<Node id="1191"/> <Node id="1192"/>correct<Node id="1199"/> <Node id="1200"/>answers<Node id="1207"/>,<Node id="1208"/> <Node id="1209"/>then<Node id="1213"/> <Node id="1214"/>returned<Node id="1222"/> <Node id="1223"/>him<Node id="1226"/> <Node id="1227"/>to<Node id="1229"/> <Node id="1230"/>the<Node id="1233"/> <Node id="1234"/>states<Node id="1240"/> <Node id="1241"/>(<Node id="1242"/>under<Node id="1247"/> <Node id="1248"/>the<Node id="1251"/>
<Node id="1252"/>&gt;<Node id="1253"/>control<Node id="1260"/> <Node id="1261"/>of<Node id="1263"/> <Node id="1264"/>the<Node id="1267"/> <Node id="1268"/>domineering<Node id="1279"/> <Node id="1280"/>wife<Node id="1284"/> <Node id="1285"/>assigned<Node id="1293"/> <Node id="1294"/>to<Node id="1296"/> <Node id="1297"/>his<Node id="1300"/> <Node id="1301"/>case<Node id="1305"/>)<Node id="1306"/> <Node id="1307"/>to<Node id="1309"/> <Node id="1310"/>attain<Node id="1316"/> <Node id="1317"/>high<Node id="1321"/>
<Node id="1322"/>&gt;<Node id="1323"/>public<Node id="1329"/> <Node id="1330"/>office<Node id="1336"/> <Node id="1337"/>and<Node id="1340"/> <Node id="1341"/>destroy<Node id="1348"/> <Node id="1349"/>the<Node id="1352"/> <Node id="1353"/>evil<Node id="1357"/> <Node id="1358"/>individualistic<Node id="1373"/> <Node id="1374"/>and<Node id="1377"/> <Node id="1378"/>free<Node id="1382"/> <Node id="1383"/>market<Node id="1389"/>
<Node id="1390"/>&gt;<Node id="1391"/>forces<Node id="1397"/> <Node id="1398"/>in<Node id="1400"/> <Node id="1401"/>America<Node id="1408"/>,<Node id="1409"/> <Node id="1410"/>thus<Node id="1414"/> <Node id="1415"/>shaping<Node id="1422"/> <Node id="1423"/>America<Node id="1430"/> <Node id="1431"/>in<Node id="1433"/> <Node id="1434"/>the<Node id="1437"/> <Node id="1438"/>Canadian<Node id="1446"/> <Node id="1447"/>image<Node id="1452"/>.<Node id="1453"/>
<Node id="1454"/>
<Node id="1455"/>
<Node id="1456"/>And<Node id="1459"/> <Node id="1460"/>not<Node id="1463"/> <Node id="1464"/>only<Node id="1468"/> <Node id="1469"/>that<Node id="1473"/>,<Node id="1474"/> <Node id="1475"/>made<Node id="1479"/> <Node id="1480"/>a<Node id="1481"/> <Node id="1482"/>second<Node id="1488"/> <Node id="1489"/>clone<Node id="1494"/> <Node id="1495"/>from<Node id="1499"/> <Node id="1500"/>the<Node id="1503"/> <Node id="1504"/>same<Node id="1508"/> <Node id="1509"/>tissue<Node id="1515"/> <Node id="1516"/>sample<Node id="1522"/>
<Node id="1523"/>after<Node id="1528"/> <Node id="1529"/>that<Node id="1533"/> <Node id="1534"/>of<Node id="1536"/> <Node id="1537"/>said<Node id="1541"/> <Node id="1542"/>domineering<Node id="1553"/> <Node id="1554"/>wife<Node id="1558"/>,<Node id="1559"/> <Node id="1560"/>to<Node id="1562"/> <Node id="1563"/>run<Node id="1566"/> <Node id="1567"/>at<Node id="1569"/> <Node id="1570"/>the<Node id="1573"/> <Node id="1574"/>helm<Node id="1578"/> <Node id="1579"/>of<Node id="1581"/> <Node id="1582"/>the<Node id="1585"/>
<Node id="1586"/>more-pro-business<Node id="1603"/> <Node id="1604"/>party<Node id="1609"/> <Node id="1610"/>under<Node id="1615"/> <Node id="1616"/>guise<Node id="1621"/> <Node id="1622"/>of<Node id="1624"/> <Node id="1625"/>more<Node id="1629"/> <Node id="1630"/>free<Node id="1634"/> <Node id="1635"/>trade<Node id="1640"/> <Node id="1641"/>.<Node id="1642"/>.<Node id="1643"/>.<Node id="1644"/> <Node id="1645"/>and<Node id="1648"/>
<Node id="1649"/>she<Node id="1652"/> <Node id="1653"/>did<Node id="1656"/> <Node id="1657"/>inhale<Node id="1663"/>,<Node id="1664"/> <Node id="1665"/>many<Node id="1669"/> <Node id="1670"/>times<Node id="1675"/>,<Node id="1676"/> <Node id="1677"/>to<Node id="1679"/> <Node id="1680"/>boot<Node id="1684"/> <Node id="1685"/>.<Node id="1686"/>.<Node id="1687"/>.<Node id="1688"/>
<Node id="1689"/>
<Node id="1690"/>(<Node id="1691"/>-<Node id="1692"/>;<Node id="1693"/> <Node id="1694"/>(<Node id="1695"/>-<Node id="1696"/>;<Node id="1697"/> <Node id="1698"/>(<Node id="1699"/>-<Node id="1700"/>;<Node id="1701"/> <Node id="1702"/>
<Node id="1703"/>
<Node id="1704"/>gld<Node id="1707"/>
<Node id="1708"/>-<Node id="1709"/>-<Node id="1710"/>
<Node id="1711"/>~<Node id="1712"/>~<Node id="1713"/>~<Node id="1714"/>~<Node id="1715"/>~<Node id="1716"/>~<Node id="1717"/>~<Node id="1718"/>~<Node id="1719"/>~<Node id="1720"/>~<Node id="1721"/>~<Node id="1722"/>~<Node id="1723"/>~<Node id="1724"/>~<Node id="1725"/>~<Node id="1726"/>~<Node id="1727"/>~<Node id="1728"/>~<Node id="1729"/>~<Node id="1730"/>~<Node id="1731"/>~<Node id="1732"/>~<Node id="1733"/>~<Node id="1734"/>~<Node id="1735"/> <Node id="1736"/>Je<Node id="1738"/> <Node id="1739"/>me<Node id="1741"/> <Node id="1742"/>souviens<Node id="1750"/> <Node id="1751"/>~<Node id="1752"/>~<Node id="1753"/>~<Node id="1754"/>~<Node id="1755"/>~<Node id="1756"/>~<Node id="1757"/>~<Node id="1758"/>~<Node id="1759"/>~<Node id="1760"/>~<Node id="1761"/>~<Node id="1762"/>~<Node id="1763"/>~<Node id="1764"/>~<Node id="1765"/>~<Node id="1766"/>~<Node id="1767"/>~<Node id="1768"/>~<Node id="1769"/>~<Node id="1770"/>~<Node id="1771"/>~<Node id="1772"/>~<Node id="1773"/>~<Node id="1774"/>~<Node id="1775"/>~<Node id="1776"/>~<Node id="1777"/>~<Node id="1778"/>~<Node id="1779"/>~<Node id="1780"/>
<Node id="1781"/>Gary<Node id="1785"/> <Node id="1786"/>L<Node id="1787"/>.<Node id="1788"/> <Node id="1789"/>Dare<Node id="1793"/>
<Node id="1794"/>&gt;<Node id="1795"/> <Node id="1796"/>gld<Node id="1799"/>@<Node id="1800"/>columbia<Node id="1808"/>.<Node id="1809"/>EDU<Node id="1812"/> <Node id="1813"/>	<Node id="1814"/>	<Node id="1815"/>	<Node id="1816"/>GO<Node id="1818"/> <Node id="1819"/> <Node id="1820"/>Winnipeg<Node id="1828"/> <Node id="1829"/>Jets<Node id="1833"/> <Node id="1834"/> <Node id="1835"/>GO<Node id="1837"/>!<Node id="1838"/>!<Node id="1839"/>!<Node id="1840"/>
<Node id="1841"/>&gt;<Node id="1842"/> <Node id="1843"/>gld<Node id="1846"/>@<Node id="1847"/>cunixc<Node id="1853"/>.<Node id="1854"/>BITNET<Node id="1860"/>	<Node id="1861"/>	<Node id="1862"/>	<Node id="1863"/>Selanne<Node id="1870"/> <Node id="1871"/>+<Node id="1872"/> <Node id="1873"/>Domi<Node id="1877"/> <Node id="1878"/>=<Node id="1879"/>=<Node id="1880"/>&gt;<Node id="1881"/> <Node id="1882"/>Stanley<Node id="1889"/>
<Node id="1890"/></TextWithNodes>
<!-- The default annotation set -->

<AnnotationSet>
<Annotation EndNode="1890" StartNode="0" Type="Mention" Id="9999999">
<Feature>
<Name classname="java.lang.String">Class</Name>
<Value classname="java.lang.String">0</Value>
</Feature>
</Annotation>

<Annotation Id="5" Type="Token" StartNode="10" EndNode="16">
<Feature>
  <Name className="java.lang.String">string</Name>
  <Value className="java.lang.String">cunixb</Value>
</Feature>
</Annotation>
<Annotation Id="9" Type="Token" StartNode="20" EndNode="28">
<Feature>
  <Name className="java.lang.String">string</Name>
  <Value className="java.lang.String">columbia</Value>
</Feature>
</Annotation>
<Annotation Id="21" Type="Token" StartNode="47" EndNode="55">
<Feature>
  <Name className="java.lang.String">string</Name>
  <Value className="java.lang.String">Message-</Value>
</Feature>
</Annotation>
<Annotation Id="30" Type="Token" StartNode="70" EndNode="76">
</Annotation>
<Annotation Id="36" Type="Token" StartNode="88" EndNode="96">
<Feature>
  <Name className="java.lang.String">string</Name>
  <Value className="java.lang.String">columbia</Value>
</Feature>
</Annotation>
<Annotation Id="41" Type="Token" StartNode="102" EndNode="108">
<Feature>
  <Name className="java.lang.String">string</Name>
  <Value className="java.lang.String">Sender</Value>
</Feature>
</Annotation>
<Annotation Id="44" Type="Token" StartNode="110" EndNode="116">
<Feature>
  <Name className="java.lang.String">string</Name>
  <Value className="java.lang.String">usenet</Value>
</Feature>
</Annotation>
<Annotation Id="48" Type="Token" StartNode="122" EndNode="130">
<Feature>
  <Name className="java.lang.String">string</Name>
  <Value className="java.lang.String">columbia</Value>
</Feature>
</Annotation>
<Annotation Id="55" Type="Token" StartNode="140" EndNode="147">
<Feature>
  <Name className="java.lang.String">string</Name>
  <Value className="java.lang.String">Network</Value>
</Feature>
</Annotation>
<Annotation Id="61" Type="Token" StartNode="159" EndNode="167">
<Feature>
  <Name className="java.lang.String">string</Name>
  <Value className="java.lang.String">Posting-</Value>
</Feature>
</Annotation>
<Annotation Id="69" Type="Token" StartNode="183" EndNode="191">
<Feature>
  <Name className="java.lang.String">string</Name>
  <Value className="java.lang.String">columbia</Value>
</Feature>
</Annotation>
<Annotation Id="65" Type="Token" StartNode="173" EndNode="179">
<Feature>
  <Name className="java.lang.String">string</Name>
  <Value className="java.lang.String">cunixb</Value>
</Feature>
</Annotation>
<Annotation Id="79" Type="Token" StartNode="210" EndNode="216">
<Feature>
  <Name className="java.lang.String">string</Name>
  <Value className="java.lang.String">cunixb</Value>
</Feature>
</Annotation>
<Annotation Id="73" Type="Token" StartNode="196" EndNode="202">
<Feature>
  <Name className="java.lang.String">string</Name>
  <Value className="java.lang.String">Reply-</Value>
</Feature>
</Annotation>
<Annotation Id="83" Type="Token" StartNode="220" EndNode="228">
<Feature>
  <Name className="java.lang.String">string</Name>
  <Value className="java.lang.String">columbia</Value>
</Feature>
</Annotation>
<Annotation Id="95" Type="Token" StartNode="247" EndNode="259">
<Feature>
  <Name className="java.lang.String">string</Name>
  <Value className="java.lang.String">Organization</Value>
</Feature>
</Annotation>
<Annotation Id="106" Type="Token" StartNode="278" EndNode="288">
<Feature>
  <Name className="java.lang.String">string</Name>
  <Value className="java.lang.String">References</Value>
</Feature>
</Annotation>
<Annotation Id="118" Type="Token" StartNode="314" EndNode="320">
<Feature>
  <Name className="java.lang.String">string</Name>
  <Value className="java.lang.String">cunews</Value>
</Feature>
</Annotation>
<Annotation Id="114" Type="Token" StartNode="301" EndNode="307">
</Annotation>
<Annotation Id="120" Type="Token" StartNode="321" EndNode="329">
<Feature>
  <Name className="java.lang.String">string</Name>
  <Value className="java.lang.String">carleton</Value>
</Feature>
</Annotation>
<Annotation Id="138" Type="Token" StartNode="369" EndNode="375">
<Feature>
  <Name className="java.lang.String">string</Name>
  <Value className="java.lang.String">BrockU</Value>
</Feature>
</Annotation>
<Annotation Id="130" Type="Token" StartNode="345" EndNode="351">
</Annotation>
<Annotation Id="134" Type="Token" StartNode="358" EndNode="365">
<Feature>
  <Name className="java.lang.String">string</Name>
  <Value className="java.lang.String">spartan</Value>
</Feature>
</Annotation>
<Annotation Id="152" Type="Token" StartNode="409" EndNode="416">
<Feature>
  <Name className="java.lang.String">string</Name>
  <Value className="java.lang.String">harvard</Value>
</Feature>
</Annotation>
<Annotation Id="148" Type="Token" StartNode="392" EndNode="400">
</Annotation>
<Annotation Id="150" Type="Token" StartNode="401" EndNode="408">
<Feature>
  <Name className="java.lang.String">string</Name>
  <Value className="java.lang.String">phoneme</Value>
</Feature>
</Annotation>
<Annotation Id="187" Type="Token" StartNode="483" EndNode="490">
<Feature>
  <Name className="java.lang.String">string</Name>
  <Value className="java.lang.String">harvard</Value>
</Feature>
</Annotation>
<Annotation Id="185" Type="Token" StartNode="475" EndNode="482">
<Feature>
  <Name className="java.lang.String">string</Name>
  <Value className="java.lang.String">phoneme</Value>
</Feature>
</Annotation>
<Annotation Id="207" Type="Token" StartNode="540" EndNode="546">
<Feature>
  <Name className="java.lang.String">string</Name>
  <Value className="java.lang.String">brocku</Value>
</Feature>
</Annotation>
<Annotation Id="203" Type="Token" StartNode="525" EndNode="534">
<Feature>
  <Name className="java.lang.String">string</Name>
  <Value className="java.lang.String">sandbanks</Value>
</Feature>
</Annotation>
<Annotation Id="197" Type="Token" StartNode="510" EndNode="516">
<Feature>
  <Name className="java.lang.String">string</Name>
  <Value className="java.lang.String">writes</Value>
</Feature>
</Annotation>
<Annotation Id="192" Type="Token" StartNode="496" EndNode="502">
<Feature>
  <Name className="java.lang.String">string</Name>
  <Value className="java.lang.String">Steven</Value>
</Feature>
</Annotation>
<Annotation Id="217" Type="Token" StartNode="563" EndNode="569">
<Feature>
  <Name className="java.lang.String">string</Name>
  <Value className="java.lang.String">writes</Value>
</Feature>
</Annotation>
<Annotation Id="235" Type="Token" StartNode="596" EndNode="602">
<Feature>
  <Name className="java.lang.String">string</Name>
  <Value className="java.lang.String">future</Value>
</Feature>
</Annotation>
<Annotation Id="253" Type="Token" StartNode="646" EndNode="652">
<Feature>
  <Name className="java.lang.String">string</Name>
  <Value className="java.lang.String">govern</Value>
</Feature>
</Annotation>
<Annotation Id="246" Type="Token" StartNode="630" EndNode="639">
<Feature>
  <Name className="java.lang.String">string</Name>
  <Value className="java.lang.String">Canadians</Value>
</Feature>
</Annotation>
<Annotation Id="244" Type="Token" StartNode="622" EndNode="629">
<Feature>
  <Name className="java.lang.String">string</Name>
  <Value className="java.lang.String">appoint</Value>
</Feature>
</Annotation>
<Annotation Id="240" Type="Token" StartNode="609" EndNode="616">
<Feature>
  <Name className="java.lang.String">string</Name>
  <Value className="java.lang.String">Clinton</Value>
</Feature>
</Annotation>
<Annotation Id="277" Type="Token" StartNode="722" EndNode="728">
<Feature>
  <Name className="java.lang.String">string</Name>
  <Value className="java.lang.String">system</Value>
</Feature>
</Annotation>
<Annotation Id="259" Type="Token" StartNode="666" EndNode="678">
<Feature>
  <Name className="java.lang.String">string</Name>
  <Value className="java.lang.String">institutions</Value>
</Feature>
</Annotation>
<Annotation Id="257" Type="Token" StartNode="657" EndNode="665">
<Feature>
  <Name className="java.lang.String">string</Name>
  <Value className="java.lang.String">American</Value>
</Feature>
</Annotation>
<Annotation Id="262" Type="Token" StartNode="680" EndNode="688">
<Feature>
  <Name className="java.lang.String">string</Name>
  <Value className="java.lang.String">starting</Value>
</Feature>
</Annotation>
<Annotation Id="270" Type="Token" StartNode="707" EndNode="713">
<Feature>
  <Name className="java.lang.String">string</Name>
  <Value className="java.lang.String">health</Value>
</Feature>
</Annotation>
<Annotation Id="268" Type="Token" StartNode="698" EndNode="706">
<Feature>
  <Name className="java.lang.String">string</Name>
  <Value className="java.lang.String">American</Value>
</Feature>
</Annotation>
<Annotation Id="308" Type="Token" StartNode="804" EndNode="811">
<Feature>
  <Name className="java.lang.String">string</Name>
  <Value className="java.lang.String">floated</Value>
</Feature>
</Annotation>
<Annotation Id="314" Type="Token" StartNode="819" EndNode="826">
<Feature>
  <Name className="java.lang.String">string</Name>
  <Value className="java.lang.String">Clinton</Value>
</Feature>
</Annotation>
<Annotation Id="316" Type="Token" StartNode="827" EndNode="841">
<Feature>
  <Name className="java.lang.String">string</Name>
  <Value className="java.lang.String">administration</Value>
</Feature>
</Annotation>
<Annotation Id="288" Type="Token" StartNode="743" EndNode="753">
<Feature>
  <Name className="java.lang.String">string</Name>
  <Value className="java.lang.String">benevolent</Value>
</Feature>
</Annotation>
<Annotation Id="290" Type="Token" StartNode="754" EndNode="762">
<Feature>
  <Name className="java.lang.String">string</Name>
  <Value className="java.lang.String">Canadian</Value>
</Feature>
</Annotation>
<Annotation Id="292" Type="Token" StartNode="763" EndNode="772">
<Feature>
  <Name className="java.lang.String">string</Name>
  <Value className="java.lang.String">dictators</Value>
</Feature>
</Annotation>
<Annotation Id="302" Type="Token" StartNode="786" EndNode="793">
<Feature>
  <Name className="java.lang.String">string</Name>
  <Value className="java.lang.String">another</Value>
</Feature>
</Annotation>
<Annotation Id="342" Type="Token" StartNode="889" EndNode="895">
<Feature>
  <Name className="java.lang.String">string</Name>
  <Value className="java.lang.String">really</Value>
</Feature>
</Annotation>
<Annotation Id="348" Type="Token" StartNode="905" EndNode="912">
<Feature>
  <Name className="java.lang.String">string</Name>
  <Value className="java.lang.String">suspect</Value>
</Feature>
</Annotation>
<Annotation Id="335" Type="Token" StartNode="874" EndNode="882">
<Feature>
  <Name className="java.lang.String">string</Name>
  <Value className="java.lang.String">programs</Value>
</Feature>
</Annotation>
<Annotation Id="333" Type="Token" StartNode="867" EndNode="873">
<Feature>
  <Name className="java.lang.String">string</Name>
  <Value className="java.lang.String">social</Value>
</Feature>
</Annotation>
<Annotation Id="372" Type="Token" StartNode="971" EndNode="979">
<Feature>
  <Name className="java.lang.String">string</Name>
  <Value className="java.lang.String">American</Value>
</Feature>
</Annotation>
<Annotation Id="375" Type="Token" StartNode="981" EndNode="987">
<Feature>
  <Name className="java.lang.String">string</Name>
  <Value className="java.lang.String">shadow</Value>
</Feature>
</Annotation>
<Annotation Id="382" Type="Token" StartNode="1004" EndNode="1012">
<Feature>
  <Name className="java.lang.String">string</Name>
  <Value className="java.lang.String">American</Value>
</Feature>
</Annotation>
<Annotation Id="378" Type="Token" StartNode="989" EndNode="1000">
<Feature>
  <Name className="java.lang.String">string</Name>
  <Value className="java.lang.String">brainwashed</Value>
</Feature>
</Annotation>
<Annotation Id="355" Type="Token" StartNode="923" EndNode="932">
<Feature>
  <Name className="java.lang.String">string</Name>
  <Value className="java.lang.String">Canadians</Value>
</Feature>
</Annotation>
<Annotation Id="360" Type="Token" StartNode="939" EndNode="948">
<Feature>
  <Name className="java.lang.String">string</Name>
  <Value className="java.lang.String">resentful</Value>
</Feature>
</Annotation>
<Annotation Id="410" Type="Token" StartNode="1079" EndNode="1086">
<Feature>
  <Name className="java.lang.String">string</Name>
  <Value className="java.lang.String">tutored</Value>
</Feature>
</Annotation>
<Annotation Id="401" Type="Token" StartNode="1056" EndNode="1063">
<Feature>
  <Name className="java.lang.String">string</Name>
  <Value className="java.lang.String">between</Value>
</Feature>
</Annotation>
<Annotation Id="394" Type="Token" StartNode="1038" EndNode="1044">
<Feature>
  <Name className="java.lang.String">string</Name>
  <Value className="java.lang.String">Canada</Value>
</Feature>
</Annotation>
<Annotation Id="386" Type="Token" StartNode="1019" EndNode="1025">
<Feature>
  <Name className="java.lang.String">string</Name>
  <Value className="java.lang.String">dodger</Value>
</Feature>
</Annotation>
<Annotation Id="434" Type="Token" StartNode="1144" EndNode="1153">
<Feature>
  <Name className="java.lang.String">string</Name>
  <Value className="java.lang.String">smokeless</Value>
</Feature>
</Annotation>
<Annotation Id="436" Type="Token" StartNode="1154" EndNode="1163">
<Feature>
  <Name className="java.lang.String">string</Name>
  <Value className="java.lang.String">marijuana</Value>
</Feature>
</Annotation>
<Annotation Id="438" Type="Token" StartNode="1164" EndNode="1174">
<Feature>
  <Name className="java.lang.String">string</Name>
  <Value className="java.lang.String">cigarettes</Value>
</Feature>
</Annotation>
<Annotation Id="425" Type="Token" StartNode="1116" EndNode="1125">
<Feature>
  <Name className="java.lang.String">string</Name>
  <Value className="java.lang.String">socialism</Value>
</Feature>
</Annotation>
<Annotation Id="428" Type="Token" StartNode="1127" EndNode="1134">
<Feature>
  <Name className="java.lang.String">string</Name>
  <Value className="java.lang.String">awarded</Value>
</Feature>
</Annotation>
<Annotation Id="422" Type="Token" StartNode="1106" EndNode="1114">
<Feature>
  <Name className="java.lang.String">string</Name>
  <Value className="java.lang.String">Canadian</Value>
</Feature>
</Annotation>
<Annotation Id="478" Type="Token" StartNode="1268" EndNode="1279">
<Feature>
  <Name className="java.lang.String">string</Name>
  <Value className="java.lang.String">domineering</Value>
</Feature>
</Annotation>
<Annotation Id="472" Type="Token" StartNode="1253" EndNode="1260">
<Feature>
  <Name className="java.lang.String">string</Name>
  <Value className="java.lang.String">control</Value>
</Feature>
</Annotation>
<Annotation Id="464" Type="Token" StartNode="1234" EndNode="1240">
<Feature>
  <Name className="java.lang.String">string</Name>
  <Value className="java.lang.String">states</Value>
</Feature>
</Annotation>
<Annotation Id="456" Type="Token" StartNode="1214" EndNode="1222">
<Feature>
  <Name className="java.lang.String">string</Name>
  <Value className="java.lang.String">returned</Value>
</Feature>
</Annotation>
<Annotation Id="451" Type="Token" StartNode="1200" EndNode="1207">
<Feature>
  <Name className="java.lang.String">string</Name>
  <Value className="java.lang.String">answers</Value>
</Feature>
</Annotation>
<Annotation Id="449" Type="Token" StartNode="1192" EndNode="1199">
<Feature>
  <Name className="java.lang.String">string</Name>
  <Value className="java.lang.String">correct</Value>
</Feature>
</Annotation>
<Annotation Id="510" Type="Token" StartNode="1358" EndNode="1373">
<Feature>
  <Name className="java.lang.String">string</Name>
  <Value className="java.lang.String">individualistic</Value>
</Feature>
</Annotation>
<Annotation Id="504" Type="Token" StartNode="1341" EndNode="1348">
<Feature>
  <Name className="java.lang.String">string</Name>
  <Value className="java.lang.String">destroy</Value>
</Feature>
</Annotation>
<Annotation Id="500" Type="Token" StartNode="1330" EndNode="1336">
<Feature>
  <Name className="java.lang.String">string</Name>
  <Value className="java.lang.String">office</Value>
</Feature>
</Annotation>
<Annotation Id="498" Type="Token" StartNode="1323" EndNode="1329">
<Feature>
  <Name className="java.lang.String">string</Name>
  <Value className="java.lang.String">public</Value>
</Feature>
</Annotation>
<Annotation Id="493" Type="Token" StartNode="1310" EndNode="1316">
<Feature>
  <Name className="java.lang.String">string</Name>
  <Value className="java.lang.String">attain</Value>
</Feature>
</Annotation>
<Annotation Id="482" Type="Token" StartNode="1285" EndNode="1293">
<Feature>
  <Name className="java.lang.String">string</Name>
  <Value className="java.lang.String">assigned</Value>
</Feature>
</Annotation>
<Annotation Id="556" Type="Token" StartNode="1482" EndNode="1488">
<Feature>
  <Name className="java.lang.String">string</Name>
  <Value className="java.lang.String">second</Value>
</Feature>
</Annotation>
<Annotation Id="566" Type="Token" StartNode="1509" EndNode="1515">
<Feature>
  <Name className="java.lang.String">string</Name>
  <Value className="java.lang.String">tissue</Value>
</Feature>
</Annotation>
<Annotation Id="568" Type="Token" StartNode="1516" EndNode="1522">
<Feature>
  <Name className="java.lang.String">string</Name>
  <Value className="java.lang.String">sample</Value>
</Feature>
</Annotation>
<Annotation Id="516" Type="Token" StartNode="1383" EndNode="1389">
<Feature>
  <Name className="java.lang.String">string</Name>
  <Value className="java.lang.String">market</Value>
</Feature>
</Annotation>
<Annotation Id="519" Type="Token" StartNode="1391" EndNode="1397">
<Feature>
  <Name className="java.lang.String">string</Name>
  <Value className="java.lang.String">forces</Value>
</Feature>
</Annotation>
<Annotation Id="523" Type="Token" StartNode="1401" EndNode="1408">
<Feature>
  <Name className="java.lang.String">string</Name>
  <Value className="java.lang.String">America</Value>
</Feature>
</Annotation>
<Annotation Id="528" Type="Token" StartNode="1415" EndNode="1422">
<Feature>
  <Name className="java.lang.String">string</Name>
  <Value className="java.lang.String">shaping</Value>
</Feature>
</Annotation>
<Annotation Id="530" Type="Token" StartNode="1423" EndNode="1430">
<Feature>
  <Name className="java.lang.String">string</Name>
  <Value className="java.lang.String">America</Value>
</Feature>
</Annotation>
<Annotation Id="536" Type="Token" StartNode="1438" EndNode="1446">
<Feature>
  <Name className="java.lang.String">string</Name>
  <Value className="java.lang.String">Canadian</Value>
</Feature>
</Annotation>
<Annotation Id="623" Type="Token" StartNode="1657" EndNode="1663">
<Feature>
  <Name className="java.lang.String">string</Name>
  <Value className="java.lang.String">inhale</Value>
</Feature>
</Annotation>
<Annotation Id="578" Type="Token" StartNode="1542" EndNode="1553">
<Feature>
  <Name className="java.lang.String">string</Name>
  <Value className="java.lang.String">domineering</Value>
</Feature>
</Annotation>
<Annotation Id="597" Type="Token" StartNode="1586" EndNode="1603">
<Feature>
  <Name className="java.lang.String">string</Name>
  <Value className="java.lang.String">more-pro-business</Value>
</Feature>
</Annotation>
<Annotation Id="688" Type="Token" StartNode="1742" EndNode="1750">
<Feature>
  <Name className="java.lang.String">string</Name>
  <Value className="java.lang.String">souviens</Value>
</Feature>
</Annotation>
<Annotation Id="741" Type="Token" StartNode="1820" EndNode="1828">
<Feature>
  <Name className="java.lang.String">string</Name>
  <Value className="java.lang.String">Winnipeg</Value>
</Feature>
</Annotation>
<Annotation Id="761" Type="Token" StartNode="1863" EndNode="1870">
<Feature>
  <Name className="java.lang.String">string</Name>
  <Value className="java.lang.String">Selanne</Value>
</Feature>
</Annotation>
<Annotation Id="755" Type="Token" StartNode="1847" EndNode="1853">
<Feature>
  <Name className="java.lang.String">string</Name>
  <Value className="java.lang.String">cunixc</Value>
</Feature>
</Annotation>
<Annotation Id="757" Type="Token" StartNode="1854" EndNode="1860">
<Feature>
  <Name className="java.lang.String">string</Name>
  <Value className="java.lang.String">BITNET</Value>
</Feature>
</Annotation>
<Annotation Id="731" Type="Token" StartNode="1800" EndNode="1808">
<Feature>
  <Name className="java.lang.String">string</Name>
  <Value className="java.lang.String">columbia</Value>
</Feature>
</Annotation>
<Annotation Id="771" Type="Token" StartNode="1882" EndNode="1889">
<Feature>
  <Name className="java.lang.String">string</Name>
  <Value className="java.lang.String">Stanley</Value>
</Feature>
</Annotation>
</AnnotationSet>
<AnnotationSet Name="Original markups"> </AnnotationSet>
</GateDocument>