<?xml version='1.0' encoding='UTF-8'?>
<GateDocument version="3">
<!-- The document's features-->

<GateDocumentFeatures>
<Feature>
  <Name className="java.lang.String">Original_document_content_on_load</Name>
  <Value className="java.lang.String"><![CDATA[From: "David R. Sacco" <dsav+@andrew.cmu.edu>
Date: Thu, 22 Apr 1993 13:56:16 -0400
Organization: Misc. student, Carnegie Mellon, Pittsburgh, PA
Lines: 8
Message-ID: <0fphl0C00iUzQ2jewR@andrew.cmu.edu>
References: <1qk73q$3fj@agate.berkeley.edu> <syt5br_@rpi.edu> <nyikos.735335582@milo.math.scarolina.edu> <C5suIr.5xo@murdoch.acc.Virginia.EDU>
	<1993Apr21.123812.8822@desire.wright.edu>
NNTP-Posting-Host: po2.andrew.cmu.edu
In-Reply-To: <1993Apr21.123812.8822@desire.wright.edu>

On 21-Apr-93 in Re: ABORTION and private he..
user Not a Boomer@desire.wrig writes:
>	And while courts have found it ok to charge women less for auto
>insurance, it's illegal to charge them more for health insurance (because they
>live longer) or make them pay more into retirement funds so the legal arena 
>isn't being 100% consistent on the gender issue.
Not so in PA.  Recently the gender inequity in auto insurance was
removed.  Just a point.
]]></Value>
</Feature>
<Feature>
  <Name className="java.lang.String">gate.SourceURL</Name>
  <Value className="java.lang.String">file:/C:/Users/jian/Documents/NetBeansProjects/NoiseReductionTechniques/mideastPoliticsMix/negative1119</Value>
</Feature>
</GateDocumentFeatures>
<!-- The document content area with serialized nodes -->

<TextWithNodes><Node id="0"/>From<Node id="4"/>:<Node id="5"/> <Node id="6"/>"<Node id="7"/>David<Node id="12"/> <Node id="13"/>R<Node id="14"/>.<Node id="15"/> <Node id="16"/>Sacco<Node id="21"/>"<Node id="22"/> <Node id="23"/>&lt;<Node id="24"/>dsav<Node id="28"/>+<Node id="29"/>@<Node id="30"/>andrew<Node id="36"/>.<Node id="37"/>cmu<Node id="40"/>.<Node id="41"/>edu<Node id="44"/>&gt;<Node id="45"/>
<Node id="46"/>Date<Node id="50"/>:<Node id="51"/> <Node id="52"/>Thu<Node id="55"/>,<Node id="56"/> <Node id="57"/>22<Node id="59"/> <Node id="60"/>Apr<Node id="63"/> <Node id="64"/>1993<Node id="68"/> <Node id="69"/>13<Node id="71"/>:<Node id="72"/>56<Node id="74"/>:<Node id="75"/>16<Node id="77"/> <Node id="78"/>-<Node id="79"/>0400<Node id="83"/>
<Node id="84"/>Organization<Node id="96"/>:<Node id="97"/> <Node id="98"/>Misc<Node id="102"/>.<Node id="103"/> <Node id="104"/>student<Node id="111"/>,<Node id="112"/> <Node id="113"/>Carnegie<Node id="121"/> <Node id="122"/>Mellon<Node id="128"/>,<Node id="129"/> <Node id="130"/>Pittsburgh<Node id="140"/>,<Node id="141"/> <Node id="142"/>PA<Node id="144"/>
<Node id="145"/>Lines<Node id="150"/>:<Node id="151"/> <Node id="152"/>8<Node id="153"/>
<Node id="154"/>Message-<Node id="162"/>ID<Node id="164"/>:<Node id="165"/> <Node id="166"/>&lt;<Node id="167"/>0<Node id="168"/>fphl<Node id="172"/>0<Node id="173"/>C<Node id="174"/>00<Node id="176"/>iUzQ<Node id="180"/>2<Node id="181"/>jewR<Node id="185"/>@<Node id="186"/>andrew<Node id="192"/>.<Node id="193"/>cmu<Node id="196"/>.<Node id="197"/>edu<Node id="200"/>&gt;<Node id="201"/>
<Node id="202"/>References<Node id="212"/>:<Node id="213"/> <Node id="214"/>&lt;<Node id="215"/>1<Node id="216"/>qk<Node id="218"/>73<Node id="220"/>q<Node id="221"/>$<Node id="222"/>3<Node id="223"/>fj<Node id="225"/>@<Node id="226"/>agate<Node id="231"/>.<Node id="232"/>berkeley<Node id="240"/>.<Node id="241"/>edu<Node id="244"/>&gt;<Node id="245"/> <Node id="246"/>&lt;<Node id="247"/>syt<Node id="250"/>5<Node id="251"/>br<Node id="253"/>_<Node id="254"/>@<Node id="255"/>rpi<Node id="258"/>.<Node id="259"/>edu<Node id="262"/>&gt;<Node id="263"/> <Node id="264"/>&lt;<Node id="265"/>nyikos<Node id="271"/>.<Node id="272"/>735335582<Node id="281"/>@<Node id="282"/>milo<Node id="286"/>.<Node id="287"/>math<Node id="291"/>.<Node id="292"/>scarolina<Node id="301"/>.<Node id="302"/>edu<Node id="305"/>&gt;<Node id="306"/> <Node id="307"/>&lt;<Node id="308"/>C<Node id="309"/>5<Node id="310"/>suIr<Node id="314"/>.<Node id="315"/>5<Node id="316"/>xo<Node id="318"/>@<Node id="319"/>murdoch<Node id="326"/>.<Node id="327"/>acc<Node id="330"/>.<Node id="331"/>Virginia<Node id="339"/>.<Node id="340"/>EDU<Node id="343"/>&gt;<Node id="344"/>
<Node id="345"/>	<Node id="346"/>&lt;<Node id="347"/>1993<Node id="351"/>Apr<Node id="354"/>21<Node id="356"/>.<Node id="357"/>123812<Node id="363"/>.<Node id="364"/>8822<Node id="368"/>@<Node id="369"/>desire<Node id="375"/>.<Node id="376"/>wright<Node id="382"/>.<Node id="383"/>edu<Node id="386"/>&gt;<Node id="387"/>
<Node id="388"/>NNTP-Posting-Host<Node id="405"/>:<Node id="406"/> <Node id="407"/>po<Node id="409"/>2<Node id="410"/>.<Node id="411"/>andrew<Node id="417"/>.<Node id="418"/>cmu<Node id="421"/>.<Node id="422"/>edu<Node id="425"/>
<Node id="426"/>In-<Node id="429"/>Reply-<Node id="435"/>To<Node id="437"/>:<Node id="438"/> <Node id="439"/>&lt;<Node id="440"/>1993<Node id="444"/>Apr<Node id="447"/>21<Node id="449"/>.<Node id="450"/>123812<Node id="456"/>.<Node id="457"/>8822<Node id="461"/>@<Node id="462"/>desire<Node id="468"/>.<Node id="469"/>wright<Node id="475"/>.<Node id="476"/>edu<Node id="479"/>&gt;<Node id="480"/>
<Node id="481"/>
<Node id="482"/>On<Node id="484"/> <Node id="485"/>21<Node id="487"/>-<Node id="488"/>Apr-<Node id="492"/>93<Node id="494"/> <Node id="495"/>in<Node id="497"/> <Node id="498"/>Re<Node id="500"/>:<Node id="501"/> <Node id="502"/>ABORTION<Node id="510"/> <Node id="511"/>and<Node id="514"/> <Node id="515"/>private<Node id="522"/> <Node id="523"/>he<Node id="525"/>.<Node id="526"/>.<Node id="527"/>
<Node id="528"/>user<Node id="532"/> <Node id="533"/>Not<Node id="536"/> <Node id="537"/>a<Node id="538"/> <Node id="539"/>Boomer<Node id="545"/>@<Node id="546"/>desire<Node id="552"/>.<Node id="553"/>wrig<Node id="557"/> <Node id="558"/>writes<Node id="564"/>:<Node id="565"/>
<Node id="566"/>&gt;<Node id="567"/>	<Node id="568"/>And<Node id="571"/> <Node id="572"/>while<Node id="577"/> <Node id="578"/>courts<Node id="584"/> <Node id="585"/>have<Node id="589"/> <Node id="590"/>found<Node id="595"/> <Node id="596"/>it<Node id="598"/> <Node id="599"/>ok<Node id="601"/> <Node id="602"/>to<Node id="604"/> <Node id="605"/>charge<Node id="611"/> <Node id="612"/>women<Node id="617"/> <Node id="618"/>less<Node id="622"/> <Node id="623"/>for<Node id="626"/> <Node id="627"/>auto<Node id="631"/>
<Node id="632"/>&gt;<Node id="633"/>insurance<Node id="642"/>,<Node id="643"/> <Node id="644"/>it<Node id="646"/>'s<Node id="648"/> <Node id="649"/>illegal<Node id="656"/> <Node id="657"/>to<Node id="659"/> <Node id="660"/>charge<Node id="666"/> <Node id="667"/>them<Node id="671"/> <Node id="672"/>more<Node id="676"/> <Node id="677"/>for<Node id="680"/> <Node id="681"/>health<Node id="687"/> <Node id="688"/>insurance<Node id="697"/> <Node id="698"/>(<Node id="699"/>because<Node id="706"/> <Node id="707"/>they<Node id="711"/>
<Node id="712"/>&gt;<Node id="713"/>live<Node id="717"/> <Node id="718"/>longer<Node id="724"/>)<Node id="725"/> <Node id="726"/>or<Node id="728"/> <Node id="729"/>make<Node id="733"/> <Node id="734"/>them<Node id="738"/> <Node id="739"/>pay<Node id="742"/> <Node id="743"/>more<Node id="747"/> <Node id="748"/>into<Node id="752"/> <Node id="753"/>retirement<Node id="763"/> <Node id="764"/>funds<Node id="769"/> <Node id="770"/>so<Node id="772"/> <Node id="773"/>the<Node id="776"/> <Node id="777"/>legal<Node id="782"/> <Node id="783"/>arena<Node id="788"/> <Node id="789"/>
<Node id="790"/>&gt;<Node id="791"/>is<Node id="793"/>n't<Node id="796"/> <Node id="797"/>being<Node id="802"/> <Node id="803"/>100<Node id="806"/>%<Node id="807"/> <Node id="808"/>consistent<Node id="818"/> <Node id="819"/>on<Node id="821"/> <Node id="822"/>the<Node id="825"/> <Node id="826"/>gender<Node id="832"/> <Node id="833"/>issue<Node id="838"/>.<Node id="839"/>
<Node id="840"/>Not<Node id="843"/> <Node id="844"/>so<Node id="846"/> <Node id="847"/>in<Node id="849"/> <Node id="850"/>PA<Node id="852"/>.<Node id="853"/> <Node id="854"/> <Node id="855"/>Recently<Node id="863"/> <Node id="864"/>the<Node id="867"/> <Node id="868"/>gender<Node id="874"/> <Node id="875"/>inequity<Node id="883"/> <Node id="884"/>in<Node id="886"/> <Node id="887"/>auto<Node id="891"/> <Node id="892"/>insurance<Node id="901"/> <Node id="902"/>was<Node id="905"/>
<Node id="906"/>removed<Node id="913"/>.<Node id="914"/> <Node id="915"/> <Node id="916"/>Just<Node id="920"/> <Node id="921"/>a<Node id="922"/> <Node id="923"/>point<Node id="928"/>.<Node id="929"/>
<Node id="930"/></TextWithNodes>
<!-- The default annotation set -->

<AnnotationSet>
<Annotation EndNode="930" StartNode="0" Type="Mention" Id="9999999">
<Feature>
<Name classname="java.lang.String">Class</Name>
<Value classname="java.lang.String">0</Value>
</Feature>
</Annotation>

<Annotation Id="16" Type="Token" StartNode="30" EndNode="36">
<Feature>
  <Name className="java.lang.String">string</Name>
  <Value className="java.lang.String">andrew</Value>
</Feature>
</Annotation>
<Annotation Id="44" Type="Token" StartNode="84" EndNode="96">
<Feature>
  <Name className="java.lang.String">string</Name>
  <Value className="java.lang.String">Organization</Value>
</Feature>
</Annotation>
<Annotation Id="50" Type="Token" StartNode="104" EndNode="111">
<Feature>
  <Name className="java.lang.String">string</Name>
  <Value className="java.lang.String">student</Value>
</Feature>
</Annotation>
<Annotation Id="55" Type="Token" StartNode="122" EndNode="128">
<Feature>
  <Name className="java.lang.String">string</Name>
  <Value className="java.lang.String">Mellon</Value>
</Feature>
</Annotation>
<Annotation Id="53" Type="Token" StartNode="113" EndNode="121">
<Feature>
  <Name className="java.lang.String">string</Name>
  <Value className="java.lang.String">Carnegie</Value>
</Feature>
</Annotation>
<Annotation Id="58" Type="Token" StartNode="130" EndNode="140">
<Feature>
  <Name className="java.lang.String">string</Name>
  <Value className="java.lang.String">Pittsburgh</Value>
</Feature>
</Annotation>
<Annotation Id="68" Type="Token" StartNode="154" EndNode="162">
<Feature>
  <Name className="java.lang.String">string</Name>
  <Value className="java.lang.String">Message-</Value>
</Feature>
</Annotation>
<Annotation Id="82" Type="Token" StartNode="186" EndNode="192">
<Feature>
  <Name className="java.lang.String">string</Name>
  <Value className="java.lang.String">andrew</Value>
</Feature>
</Annotation>
<Annotation Id="89" Type="Token" StartNode="202" EndNode="212">
<Feature>
  <Name className="java.lang.String">string</Name>
  <Value className="java.lang.String">References</Value>
</Feature>
</Annotation>
<Annotation Id="103" Type="Token" StartNode="232" EndNode="240">
<Feature>
  <Name className="java.lang.String">string</Name>
  <Value className="java.lang.String">berkeley</Value>
</Feature>
</Annotation>
<Annotation Id="122" Type="Token" StartNode="272" EndNode="281">
</Annotation>
<Annotation Id="120" Type="Token" StartNode="265" EndNode="271">
<Feature>
  <Name className="java.lang.String">string</Name>
  <Value className="java.lang.String">nyikos</Value>
</Feature>
</Annotation>
<Annotation Id="141" Type="Token" StartNode="319" EndNode="326">
<Feature>
  <Name className="java.lang.String">string</Name>
  <Value className="java.lang.String">murdoch</Value>
</Feature>
</Annotation>
<Annotation Id="128" Type="Token" StartNode="292" EndNode="301">
<Feature>
  <Name className="java.lang.String">string</Name>
  <Value className="java.lang.String">scarolina</Value>
</Feature>
</Annotation>
<Annotation Id="156" Type="Token" StartNode="357" EndNode="363">
</Annotation>
<Annotation Id="145" Type="Token" StartNode="331" EndNode="339">
<Feature>
  <Name className="java.lang.String">string</Name>
  <Value className="java.lang.String">Virginia</Value>
</Feature>
</Annotation>
<Annotation Id="173" Type="Token" StartNode="411" EndNode="417">
<Feature>
  <Name className="java.lang.String">string</Name>
  <Value className="java.lang.String">andrew</Value>
</Feature>
</Annotation>
<Annotation Id="162" Type="Token" StartNode="376" EndNode="382">
<Feature>
  <Name className="java.lang.String">string</Name>
  <Value className="java.lang.String">wright</Value>
</Feature>
</Annotation>
<Annotation Id="160" Type="Token" StartNode="369" EndNode="375">
<Feature>
  <Name className="java.lang.String">string</Name>
  <Value className="java.lang.String">desire</Value>
</Feature>
</Annotation>
<Annotation Id="167" Type="Token" StartNode="388" EndNode="405">
<Feature>
  <Name className="java.lang.String">string</Name>
  <Value className="java.lang.String">NNTP-Posting-Host</Value>
</Feature>
</Annotation>
<Annotation Id="189" Type="Token" StartNode="450" EndNode="456">
</Annotation>
<Annotation Id="180" Type="Token" StartNode="429" EndNode="435">
<Feature>
  <Name className="java.lang.String">string</Name>
  <Value className="java.lang.String">Reply-</Value>
</Feature>
</Annotation>
<Annotation Id="193" Type="Token" StartNode="462" EndNode="468">
<Feature>
  <Name className="java.lang.String">string</Name>
  <Value className="java.lang.String">desire</Value>
</Feature>
</Annotation>
<Annotation Id="195" Type="Token" StartNode="469" EndNode="475">
<Feature>
  <Name className="java.lang.String">string</Name>
  <Value className="java.lang.String">wright</Value>
</Feature>
</Annotation>
<Annotation Id="217" Type="Token" StartNode="515" EndNode="522">
<Feature>
  <Name className="java.lang.String">string</Name>
  <Value className="java.lang.String">private</Value>
</Feature>
</Annotation>
<Annotation Id="213" Type="Token" StartNode="502" EndNode="510">
<Feature>
  <Name className="java.lang.String">string</Name>
  <Value className="java.lang.String">ABORTION</Value>
</Feature>
</Annotation>
<Annotation Id="235" Type="Token" StartNode="558" EndNode="564">
<Feature>
  <Name className="java.lang.String">string</Name>
  <Value className="java.lang.String">writes</Value>
</Feature>
</Annotation>
<Annotation Id="231" Type="Token" StartNode="546" EndNode="552">
<Feature>
  <Name className="java.lang.String">string</Name>
  <Value className="java.lang.String">desire</Value>
</Feature>
</Annotation>
<Annotation Id="229" Type="Token" StartNode="539" EndNode="545">
<Feature>
  <Name className="java.lang.String">string</Name>
  <Value className="java.lang.String">Boomer</Value>
</Feature>
</Annotation>
<Annotation Id="244" Type="Token" StartNode="578" EndNode="584">
<Feature>
  <Name className="java.lang.String">string</Name>
  <Value className="java.lang.String">courts</Value>
</Feature>
</Annotation>
<Annotation Id="274" Type="Token" StartNode="649" EndNode="656">
<Feature>
  <Name className="java.lang.String">string</Name>
  <Value className="java.lang.String">illegal</Value>
</Feature>
</Annotation>
<Annotation Id="278" Type="Token" StartNode="660" EndNode="666">
<Feature>
  <Name className="java.lang.String">string</Name>
  <Value className="java.lang.String">charge</Value>
</Feature>
</Annotation>
<Annotation Id="286" Type="Token" StartNode="681" EndNode="687">
<Feature>
  <Name className="java.lang.String">string</Name>
  <Value className="java.lang.String">health</Value>
</Feature>
</Annotation>
<Annotation Id="256" Type="Token" StartNode="605" EndNode="611">
<Feature>
  <Name className="java.lang.String">string</Name>
  <Value className="java.lang.String">charge</Value>
</Feature>
</Annotation>
<Annotation Id="267" Type="Token" StartNode="633" EndNode="642">
<Feature>
  <Name className="java.lang.String">string</Name>
  <Value className="java.lang.String">insurance</Value>
</Feature>
</Annotation>
<Annotation Id="313" Type="Token" StartNode="753" EndNode="763">
<Feature>
  <Name className="java.lang.String">string</Name>
  <Value className="java.lang.String">retirement</Value>
</Feature>
</Annotation>
<Annotation Id="288" Type="Token" StartNode="688" EndNode="697">
<Feature>
  <Name className="java.lang.String">string</Name>
  <Value className="java.lang.String">insurance</Value>
</Feature>
</Annotation>
<Annotation Id="291" Type="Token" StartNode="699" EndNode="706">
<Feature>
  <Name className="java.lang.String">string</Name>
  <Value className="java.lang.String">because</Value>
</Feature>
</Annotation>
<Annotation Id="298" Type="Token" StartNode="718" EndNode="724">
<Feature>
  <Name className="java.lang.String">string</Name>
  <Value className="java.lang.String">longer</Value>
</Feature>
</Annotation>
<Annotation Id="342" Type="Token" StartNode="826" EndNode="832">
<Feature>
  <Name className="java.lang.String">string</Name>
  <Value className="java.lang.String">gender</Value>
</Feature>
</Annotation>
<Annotation Id="336" Type="Token" StartNode="808" EndNode="818">
<Feature>
  <Name className="java.lang.String">string</Name>
  <Value className="java.lang.String">consistent</Value>
</Feature>
</Annotation>
<Annotation Id="373" Type="Token" StartNode="906" EndNode="913">
<Feature>
  <Name className="java.lang.String">string</Name>
  <Value className="java.lang.String">removed</Value>
</Feature>
</Annotation>
<Annotation Id="369" Type="Token" StartNode="892" EndNode="901">
<Feature>
  <Name className="java.lang.String">string</Name>
  <Value className="java.lang.String">insurance</Value>
</Feature>
</Annotation>
<Annotation Id="357" Type="Token" StartNode="855" EndNode="863">
<Feature>
  <Name className="java.lang.String">string</Name>
  <Value className="java.lang.String">Recently</Value>
</Feature>
</Annotation>
<Annotation Id="361" Type="Token" StartNode="868" EndNode="874">
<Feature>
  <Name className="java.lang.String">string</Name>
  <Value className="java.lang.String">gender</Value>
</Feature>
</Annotation>
<Annotation Id="363" Type="Token" StartNode="875" EndNode="883">
<Feature>
  <Name className="java.lang.String">string</Name>
  <Value className="java.lang.String">inequity</Value>
</Feature>
</Annotation>
</AnnotationSet>
<AnnotationSet Name="Original markups"> </AnnotationSet>
</GateDocument>