<?xml version='1.0' encoding='UTF-8'?>
<GateDocument version="3">
<!-- The document's features-->

<GateDocumentFeatures>
<Feature>
  <Name className="java.lang.String">Original_document_content_on_load</Name>
  <Value className="java.lang.String">From: dbernard@clesun.Central.Sun.COM (Dave Bernard)
Date: 23 Apr 1993 18:17:35 GMT
Organization: Sun Microsystems
Lines: 15
Distribution: world
Message-ID: &lt;1r9brvINNfgt@cronkite.Central.Sun.COM>
References: &lt;1993Apr23.105051.894@batman.bmd.trw.com>
Reply-To: dbernard@clesun.Central.Sun.COM
NNTP-Posting-Host: clesun.central.sun.com

Karl Auerbach writes:

>>> Besides, nine people *did* successfully flee the fire.

>Yeah, and at least one person ran back in. SOunds like a personal choice to me.
>Religious fanaticsm, and a beleive that dying in the 'defense' of your beliefs,
>is probably at the core of what happened in Waco.

	Religious fanaticism?

	People try to get back in all the time when their homes are afire.  
	Firefighters often have to restrain them.  They want to rush back in in an
	effort to save things-- old photos, keepsakes, stamp collections,
	cash, books, jewelery, pets, their wives and husbands, their babies...

</Value>
</Feature>
<Feature>
  <Name className="java.lang.String">gate.SourceURL</Name>
  <Value className="java.lang.String">file:/C:/Users/jian/Documents/NetBeansProjects/NoiseReductionTechniques/mideastPoliticsMix/negative333</Value>
</Feature>
</GateDocumentFeatures>
<!-- The document content area with serialized nodes -->

<TextWithNodes><Node id="0"/>From<Node id="4"/>:<Node id="5"/> <Node id="6"/>dbernard<Node id="14"/>@<Node id="15"/>clesun<Node id="21"/>.<Node id="22"/>Central<Node id="29"/>.<Node id="30"/>Sun<Node id="33"/>.<Node id="34"/>COM<Node id="37"/> <Node id="38"/>(<Node id="39"/>Dave<Node id="43"/> <Node id="44"/>Bernard<Node id="51"/>)<Node id="52"/>
<Node id="53"/>Date<Node id="57"/>:<Node id="58"/> <Node id="59"/>23<Node id="61"/> <Node id="62"/>Apr<Node id="65"/> <Node id="66"/>1993<Node id="70"/> <Node id="71"/>18<Node id="73"/>:<Node id="74"/>17<Node id="76"/>:<Node id="77"/>35<Node id="79"/> <Node id="80"/>GMT<Node id="83"/>
<Node id="84"/>Organization<Node id="96"/>:<Node id="97"/> <Node id="98"/>Sun<Node id="101"/> <Node id="102"/>Microsystems<Node id="114"/>
<Node id="115"/>Lines<Node id="120"/>:<Node id="121"/> <Node id="122"/>15<Node id="124"/>
<Node id="125"/>Distribution<Node id="137"/>:<Node id="138"/> <Node id="139"/>world<Node id="144"/>
<Node id="145"/>Message-<Node id="153"/>ID<Node id="155"/>:<Node id="156"/> <Node id="157"/>&lt;<Node id="158"/>1<Node id="159"/>r<Node id="160"/>9<Node id="161"/>brvINNfgt<Node id="170"/>@<Node id="171"/>cronkite<Node id="179"/>.<Node id="180"/>Central<Node id="187"/>.<Node id="188"/>Sun<Node id="191"/>.<Node id="192"/>COM<Node id="195"/>&gt;<Node id="196"/>
<Node id="197"/>References<Node id="207"/>:<Node id="208"/> <Node id="209"/>&lt;<Node id="210"/>1993<Node id="214"/>Apr<Node id="217"/>23<Node id="219"/>.<Node id="220"/>105051<Node id="226"/>.<Node id="227"/>894<Node id="230"/>@<Node id="231"/>batman<Node id="237"/>.<Node id="238"/>bmd<Node id="241"/>.<Node id="242"/>trw<Node id="245"/>.<Node id="246"/>com<Node id="249"/>&gt;<Node id="250"/>
<Node id="251"/>Reply-<Node id="257"/>To<Node id="259"/>:<Node id="260"/> <Node id="261"/>dbernard<Node id="269"/>@<Node id="270"/>clesun<Node id="276"/>.<Node id="277"/>Central<Node id="284"/>.<Node id="285"/>Sun<Node id="288"/>.<Node id="289"/>COM<Node id="292"/>
<Node id="293"/>NNTP-Posting-Host<Node id="310"/>:<Node id="311"/> <Node id="312"/>clesun<Node id="318"/>.<Node id="319"/>central<Node id="326"/>.<Node id="327"/>sun<Node id="330"/>.<Node id="331"/>com<Node id="334"/>
<Node id="335"/>
<Node id="336"/>Karl<Node id="340"/> <Node id="341"/>Auerbach<Node id="349"/> <Node id="350"/>writes<Node id="356"/>:<Node id="357"/>
<Node id="358"/>
<Node id="359"/>&gt;<Node id="360"/>&gt;<Node id="361"/>&gt;<Node id="362"/> <Node id="363"/>Besides<Node id="370"/>,<Node id="371"/> <Node id="372"/>nine<Node id="376"/> <Node id="377"/>people<Node id="383"/> <Node id="384"/>*<Node id="385"/>did<Node id="388"/>*<Node id="389"/> <Node id="390"/>successfully<Node id="402"/> <Node id="403"/>flee<Node id="407"/> <Node id="408"/>the<Node id="411"/> <Node id="412"/>fire<Node id="416"/>.<Node id="417"/>
<Node id="418"/>
<Node id="419"/>&gt;<Node id="420"/>Yeah<Node id="424"/>,<Node id="425"/> <Node id="426"/>and<Node id="429"/> <Node id="430"/>at<Node id="432"/> <Node id="433"/>least<Node id="438"/> <Node id="439"/>one<Node id="442"/> <Node id="443"/>person<Node id="449"/> <Node id="450"/>ran<Node id="453"/> <Node id="454"/>back<Node id="458"/> <Node id="459"/>in<Node id="461"/>.<Node id="462"/> <Node id="463"/>SOunds<Node id="469"/> <Node id="470"/>like<Node id="474"/> <Node id="475"/>a<Node id="476"/> <Node id="477"/>personal<Node id="485"/> <Node id="486"/>choice<Node id="492"/> <Node id="493"/>to<Node id="495"/> <Node id="496"/>me<Node id="498"/>.<Node id="499"/>
<Node id="500"/>&gt;<Node id="501"/>Religious<Node id="510"/> <Node id="511"/>fanaticsm<Node id="520"/>,<Node id="521"/> <Node id="522"/>and<Node id="525"/> <Node id="526"/>a<Node id="527"/> <Node id="528"/>beleive<Node id="535"/> <Node id="536"/>that<Node id="540"/> <Node id="541"/>dying<Node id="546"/> <Node id="547"/>in<Node id="549"/> <Node id="550"/>the<Node id="553"/> <Node id="554"/>'<Node id="555"/>defense<Node id="562"/>'<Node id="563"/> <Node id="564"/>of<Node id="566"/> <Node id="567"/>your<Node id="571"/> <Node id="572"/>beliefs<Node id="579"/>,<Node id="580"/>
<Node id="581"/>&gt;<Node id="582"/>is<Node id="584"/> <Node id="585"/>probably<Node id="593"/> <Node id="594"/>at<Node id="596"/> <Node id="597"/>the<Node id="600"/> <Node id="601"/>core<Node id="605"/> <Node id="606"/>of<Node id="608"/> <Node id="609"/>what<Node id="613"/> <Node id="614"/>happened<Node id="622"/> <Node id="623"/>in<Node id="625"/> <Node id="626"/>Waco<Node id="630"/>.<Node id="631"/>
<Node id="632"/>
<Node id="633"/>	<Node id="634"/>Religious<Node id="643"/> <Node id="644"/>fanaticism<Node id="654"/>?<Node id="655"/>
<Node id="656"/>
<Node id="657"/>	<Node id="658"/>People<Node id="664"/> <Node id="665"/>try<Node id="668"/> <Node id="669"/>to<Node id="671"/> <Node id="672"/>get<Node id="675"/> <Node id="676"/>back<Node id="680"/> <Node id="681"/>in<Node id="683"/> <Node id="684"/>all<Node id="687"/> <Node id="688"/>the<Node id="691"/> <Node id="692"/>time<Node id="696"/> <Node id="697"/>when<Node id="701"/> <Node id="702"/>their<Node id="707"/> <Node id="708"/>homes<Node id="713"/> <Node id="714"/>are<Node id="717"/> <Node id="718"/>afire<Node id="723"/>.<Node id="724"/> <Node id="725"/> <Node id="726"/>
<Node id="727"/>	<Node id="728"/>Firefighters<Node id="740"/> <Node id="741"/>often<Node id="746"/> <Node id="747"/>have<Node id="751"/> <Node id="752"/>to<Node id="754"/> <Node id="755"/>restrain<Node id="763"/> <Node id="764"/>them<Node id="768"/>.<Node id="769"/> <Node id="770"/> <Node id="771"/>They<Node id="775"/> <Node id="776"/>want<Node id="780"/> <Node id="781"/>to<Node id="783"/> <Node id="784"/>rush<Node id="788"/> <Node id="789"/>back<Node id="793"/> <Node id="794"/>in<Node id="796"/> <Node id="797"/>in<Node id="799"/> <Node id="800"/>an<Node id="802"/>
<Node id="803"/>	<Node id="804"/>effort<Node id="810"/> <Node id="811"/>to<Node id="813"/> <Node id="814"/>save<Node id="818"/> <Node id="819"/>things--<Node id="827"/> <Node id="828"/>old<Node id="831"/> <Node id="832"/>photos<Node id="838"/>,<Node id="839"/> <Node id="840"/>keepsakes<Node id="849"/>,<Node id="850"/> <Node id="851"/>stamp<Node id="856"/> <Node id="857"/>collections<Node id="868"/>,<Node id="869"/>
<Node id="870"/>	<Node id="871"/>cash<Node id="875"/>,<Node id="876"/> <Node id="877"/>books<Node id="882"/>,<Node id="883"/> <Node id="884"/>jewelery<Node id="892"/>,<Node id="893"/> <Node id="894"/>pets<Node id="898"/>,<Node id="899"/> <Node id="900"/>their<Node id="905"/> <Node id="906"/>wives<Node id="911"/> <Node id="912"/>and<Node id="915"/> <Node id="916"/>husbands<Node id="924"/>,<Node id="925"/> <Node id="926"/>their<Node id="931"/> <Node id="932"/>babies<Node id="938"/>.<Node id="939"/>.<Node id="940"/>.<Node id="941"/>
<Node id="942"/>
<Node id="943"/></TextWithNodes>
<!-- The default annotation set -->

<AnnotationSet>
<Annotation EndNode="943" StartNode="0" Type="Mention" Id="9999999">
<Feature>
<Name classname="java.lang.String">Class</Name>
<Value classname="java.lang.String">0</Value>
</Feature>
</Annotation>

<Annotation Id="3" Type="Token" StartNode="6" EndNode="14">
<Feature>
  <Name className="java.lang.String">string</Name>
  <Value className="java.lang.String">dbernard</Value>
</Feature>
</Annotation>
<Annotation Id="5" Type="Token" StartNode="15" EndNode="21">
<Feature>
  <Name className="java.lang.String">string</Name>
  <Value className="java.lang.String">clesun</Value>
</Feature>
</Annotation>
<Annotation Id="7" Type="Token" StartNode="22" EndNode="29">
<Feature>
  <Name className="java.lang.String">string</Name>
  <Value className="java.lang.String">Central</Value>
</Feature>
</Annotation>
<Annotation Id="16" Type="Token" StartNode="44" EndNode="51">
<Feature>
  <Name className="java.lang.String">string</Name>
  <Value className="java.lang.String">Bernard</Value>
</Feature>
</Annotation>
<Annotation Id="36" Type="Token" StartNode="84" EndNode="96">
<Feature>
  <Name className="java.lang.String">string</Name>
  <Value className="java.lang.String">Organization</Value>
</Feature>
</Annotation>
<Annotation Id="41" Type="Token" StartNode="102" EndNode="114">
<Feature>
  <Name className="java.lang.String">string</Name>
  <Value className="java.lang.String">Microsystems</Value>
</Feature>
</Annotation>
<Annotation Id="48" Type="Token" StartNode="125" EndNode="137">
<Feature>
  <Name className="java.lang.String">string</Name>
  <Value className="java.lang.String">Distribution</Value>
</Feature>
</Annotation>
<Annotation Id="53" Type="Token" StartNode="145" EndNode="153">
<Feature>
  <Name className="java.lang.String">string</Name>
  <Value className="java.lang.String">Message-</Value>
</Feature>
</Annotation>
<Annotation Id="63" Type="Token" StartNode="171" EndNode="179">
<Feature>
  <Name className="java.lang.String">string</Name>
  <Value className="java.lang.String">cronkite</Value>
</Feature>
</Annotation>
<Annotation Id="61" Type="Token" StartNode="161" EndNode="170">
<Feature>
  <Name className="java.lang.String">string</Name>
  <Value className="java.lang.String">brvINNfgt</Value>
</Feature>
</Annotation>
<Annotation Id="65" Type="Token" StartNode="180" EndNode="187">
<Feature>
  <Name className="java.lang.String">string</Name>
  <Value className="java.lang.String">Central</Value>
</Feature>
</Annotation>
<Annotation Id="72" Type="Token" StartNode="197" EndNode="207">
<Feature>
  <Name className="java.lang.String">string</Name>
  <Value className="java.lang.String">References</Value>
</Feature>
</Annotation>
<Annotation Id="84" Type="Token" StartNode="231" EndNode="237">
<Feature>
  <Name className="java.lang.String">string</Name>
  <Value className="java.lang.String">batman</Value>
</Feature>
</Annotation>
<Annotation Id="80" Type="Token" StartNode="220" EndNode="226">
</Annotation>
<Annotation Id="93" Type="Token" StartNode="251" EndNode="257">
<Feature>
  <Name className="java.lang.String">string</Name>
  <Value className="java.lang.String">Reply-</Value>
</Feature>
</Annotation>
<Annotation Id="101" Type="Token" StartNode="277" EndNode="284">
<Feature>
  <Name className="java.lang.String">string</Name>
  <Value className="java.lang.String">Central</Value>
</Feature>
</Annotation>
<Annotation Id="99" Type="Token" StartNode="270" EndNode="276">
<Feature>
  <Name className="java.lang.String">string</Name>
  <Value className="java.lang.String">clesun</Value>
</Feature>
</Annotation>
<Annotation Id="97" Type="Token" StartNode="261" EndNode="269">
<Feature>
  <Name className="java.lang.String">string</Name>
  <Value className="java.lang.String">dbernard</Value>
</Feature>
</Annotation>
<Annotation Id="110" Type="Token" StartNode="312" EndNode="318">
<Feature>
  <Name className="java.lang.String">string</Name>
  <Value className="java.lang.String">clesun</Value>
</Feature>
</Annotation>
<Annotation Id="107" Type="Token" StartNode="293" EndNode="310">
<Feature>
  <Name className="java.lang.String">string</Name>
  <Value className="java.lang.String">NNTP-Posting-Host</Value>
</Feature>
</Annotation>
<Annotation Id="112" Type="Token" StartNode="319" EndNode="326">
<Feature>
  <Name className="java.lang.String">string</Name>
  <Value className="java.lang.String">central</Value>
</Feature>
</Annotation>
<Annotation Id="123" Type="Token" StartNode="350" EndNode="356">
<Feature>
  <Name className="java.lang.String">string</Name>
  <Value className="java.lang.String">writes</Value>
</Feature>
</Annotation>
<Annotation Id="121" Type="Token" StartNode="341" EndNode="349">
<Feature>
  <Name className="java.lang.String">string</Name>
  <Value className="java.lang.String">Auerbach</Value>
</Feature>
</Annotation>
<Annotation Id="136" Type="Token" StartNode="377" EndNode="383">
<Feature>
  <Name className="java.lang.String">string</Name>
  <Value className="java.lang.String">people</Value>
</Feature>
</Annotation>
<Annotation Id="142" Type="Token" StartNode="390" EndNode="402">
<Feature>
  <Name className="java.lang.String">string</Name>
  <Value className="java.lang.String">successfully</Value>
</Feature>
</Annotation>
<Annotation Id="131" Type="Token" StartNode="363" EndNode="370">
<Feature>
  <Name className="java.lang.String">string</Name>
  <Value className="java.lang.String">Besides</Value>
</Feature>
</Annotation>
<Annotation Id="173" Type="Token" StartNode="463" EndNode="469">
<Feature>
  <Name className="java.lang.String">string</Name>
  <Value className="java.lang.String">SOunds</Value>
</Feature>
</Annotation>
<Annotation Id="164" Type="Token" StartNode="443" EndNode="449">
<Feature>
  <Name className="java.lang.String">string</Name>
  <Value className="java.lang.String">person</Value>
</Feature>
</Annotation>
<Annotation Id="191" Type="Token" StartNode="511" EndNode="520">
<Feature>
  <Name className="java.lang.String">string</Name>
  <Value className="java.lang.String">fanaticsm</Value>
</Feature>
</Annotation>
<Annotation Id="189" Type="Token" StartNode="501" EndNode="510">
<Feature>
  <Name className="java.lang.String">string</Name>
  <Value className="java.lang.String">Religious</Value>
</Feature>
</Annotation>
<Annotation Id="179" Type="Token" StartNode="477" EndNode="485">
<Feature>
  <Name className="java.lang.String">string</Name>
  <Value className="java.lang.String">personal</Value>
</Feature>
</Annotation>
<Annotation Id="181" Type="Token" StartNode="486" EndNode="492">
<Feature>
  <Name className="java.lang.String">string</Name>
  <Value className="java.lang.String">choice</Value>
</Feature>
</Annotation>
<Annotation Id="198" Type="Token" StartNode="528" EndNode="535">
<Feature>
  <Name className="java.lang.String">string</Name>
  <Value className="java.lang.String">beleive</Value>
</Feature>
</Annotation>
<Annotation Id="222" Type="Token" StartNode="585" EndNode="593">
<Feature>
  <Name className="java.lang.String">string</Name>
  <Value className="java.lang.String">probably</Value>
</Feature>
</Annotation>
<Annotation Id="216" Type="Token" StartNode="572" EndNode="579">
<Feature>
  <Name className="java.lang.String">string</Name>
  <Value className="java.lang.String">beliefs</Value>
</Feature>
</Annotation>
<Annotation Id="209" Type="Token" StartNode="555" EndNode="562">
<Feature>
  <Name className="java.lang.String">string</Name>
  <Value className="java.lang.String">defense</Value>
</Feature>
</Annotation>
<Annotation Id="234" Type="Token" StartNode="614" EndNode="622">
<Feature>
  <Name className="java.lang.String">string</Name>
  <Value className="java.lang.String">happened</Value>
</Feature>
</Annotation>
<Annotation Id="250" Type="Token" StartNode="658" EndNode="664">
<Feature>
  <Name className="java.lang.String">string</Name>
  <Value className="java.lang.String">People</Value>
</Feature>
</Annotation>
<Annotation Id="245" Type="Token" StartNode="644" EndNode="654">
<Feature>
  <Name className="java.lang.String">string</Name>
  <Value className="java.lang.String">fanaticism</Value>
</Feature>
</Annotation>
<Annotation Id="243" Type="Token" StartNode="634" EndNode="643">
<Feature>
  <Name className="java.lang.String">string</Name>
  <Value className="java.lang.String">Religious</Value>
</Feature>
</Annotation>
<Annotation Id="282" Type="Token" StartNode="728" EndNode="740">
<Feature>
  <Name className="java.lang.String">string</Name>
  <Value className="java.lang.String">Firefighters</Value>
</Feature>
</Annotation>
<Annotation Id="313" Type="Token" StartNode="804" EndNode="810">
<Feature>
  <Name className="java.lang.String">string</Name>
  <Value className="java.lang.String">effort</Value>
</Feature>
</Annotation>
<Annotation Id="319" Type="Token" StartNode="819" EndNode="827">
<Feature>
  <Name className="java.lang.String">string</Name>
  <Value className="java.lang.String">things--</Value>
</Feature>
</Annotation>
<Annotation Id="290" Type="Token" StartNode="755" EndNode="763">
<Feature>
  <Name className="java.lang.String">string</Name>
  <Value className="java.lang.String">restrain</Value>
</Feature>
</Annotation>
<Annotation Id="341" Type="Token" StartNode="884" EndNode="892">
<Feature>
  <Name className="java.lang.String">string</Name>
  <Value className="java.lang.String">jewelery</Value>
</Feature>
</Annotation>
<Annotation Id="326" Type="Token" StartNode="840" EndNode="849">
<Feature>
  <Name className="java.lang.String">string</Name>
  <Value className="java.lang.String">keepsakes</Value>
</Feature>
</Annotation>
<Annotation Id="323" Type="Token" StartNode="832" EndNode="838">
<Feature>
  <Name className="java.lang.String">string</Name>
  <Value className="java.lang.String">photos</Value>
</Feature>
</Annotation>
<Annotation Id="331" Type="Token" StartNode="857" EndNode="868">
<Feature>
  <Name className="java.lang.String">string</Name>
  <Value className="java.lang.String">collections</Value>
</Feature>
</Annotation>
<Annotation Id="358" Type="Token" StartNode="932" EndNode="938">
<Feature>
  <Name className="java.lang.String">string</Name>
  <Value className="java.lang.String">babies</Value>
</Feature>
</Annotation>
<Annotation Id="353" Type="Token" StartNode="916" EndNode="924">
<Feature>
  <Name className="java.lang.String">string</Name>
  <Value className="java.lang.String">husbands</Value>
</Feature>
</Annotation>
</AnnotationSet>
<AnnotationSet Name="Original markups"> </AnnotationSet>
</GateDocument>