<?xml version='1.0' encoding='UTF-8'?>
<GateDocument version="3">
<!-- The document's features-->

<GateDocumentFeatures>
<Feature>
  <Name className="java.lang.String">Original_document_content_on_load</Name>
  <Value className="java.lang.String">From: dohertyl@dcs.gla.ac.uk (dohertyl)
Message-ID: &lt;9304261930.AA16337@walrus.dcs.gla.ac.uk>
Sender: news@dcs.glasgow.ac.uk (Network News)
Organization: Glasgow University Computing Science Dept.
Distribution: uk
Return-Path: &lt;dohertyl@uk.ac.gla.dcs>
Date: Mon, 26 Apr 1993 19:30:39 GMT
Approved: usenet@dcs.glasgow.ac.uk
X-Mailer: mail-news 2.0.5
Lines: 2

I AM Satan!

</Value>
</Feature>
<Feature>
  <Name className="java.lang.String">gate.SourceURL</Name>
  <Value className="java.lang.String">file:/C:/Users/jian/Documents/NetBeansProjects/NoiseReductionTechniques/mideastPoliticsMix/negative1041</Value>
</Feature>
</GateDocumentFeatures>
<!-- The document content area with serialized nodes -->

<TextWithNodes><Node id="0"/>From<Node id="4"/>:<Node id="5"/> <Node id="6"/>dohertyl<Node id="14"/>@<Node id="15"/>dcs<Node id="18"/>.<Node id="19"/>gla<Node id="22"/>.<Node id="23"/>ac<Node id="25"/>.<Node id="26"/>uk<Node id="28"/> <Node id="29"/>(<Node id="30"/>dohertyl<Node id="38"/>)<Node id="39"/>
<Node id="40"/>Message-<Node id="48"/>ID<Node id="50"/>:<Node id="51"/> <Node id="52"/>&lt;<Node id="53"/>9304261930<Node id="63"/>.<Node id="64"/>AA<Node id="66"/>16337<Node id="71"/>@<Node id="72"/>walrus<Node id="78"/>.<Node id="79"/>dcs<Node id="82"/>.<Node id="83"/>gla<Node id="86"/>.<Node id="87"/>ac<Node id="89"/>.<Node id="90"/>uk<Node id="92"/>&gt;<Node id="93"/>
<Node id="94"/>Sender<Node id="100"/>:<Node id="101"/> <Node id="102"/>news<Node id="106"/>@<Node id="107"/>dcs<Node id="110"/>.<Node id="111"/>glasgow<Node id="118"/>.<Node id="119"/>ac<Node id="121"/>.<Node id="122"/>uk<Node id="124"/> <Node id="125"/>(<Node id="126"/>Network<Node id="133"/> <Node id="134"/>News<Node id="138"/>)<Node id="139"/>
<Node id="140"/>Organization<Node id="152"/>:<Node id="153"/> <Node id="154"/>Glasgow<Node id="161"/> <Node id="162"/>University<Node id="172"/> <Node id="173"/>Computing<Node id="182"/> <Node id="183"/>Science<Node id="190"/> <Node id="191"/>Dept<Node id="195"/>.<Node id="196"/>
<Node id="197"/>Distribution<Node id="209"/>:<Node id="210"/> <Node id="211"/>uk<Node id="213"/>
<Node id="214"/>Return-<Node id="221"/>Path<Node id="225"/>:<Node id="226"/> <Node id="227"/>&lt;<Node id="228"/>dohertyl<Node id="236"/>@<Node id="237"/>uk<Node id="239"/>.<Node id="240"/>ac<Node id="242"/>.<Node id="243"/>gla<Node id="246"/>.<Node id="247"/>dcs<Node id="250"/>&gt;<Node id="251"/>
<Node id="252"/>Date<Node id="256"/>:<Node id="257"/> <Node id="258"/>Mon<Node id="261"/>,<Node id="262"/> <Node id="263"/>26<Node id="265"/> <Node id="266"/>Apr<Node id="269"/> <Node id="270"/>1993<Node id="274"/> <Node id="275"/>19<Node id="277"/>:<Node id="278"/>30<Node id="280"/>:<Node id="281"/>39<Node id="283"/> <Node id="284"/>GMT<Node id="287"/>
<Node id="288"/>Approved<Node id="296"/>:<Node id="297"/> <Node id="298"/>usenet<Node id="304"/>@<Node id="305"/>dcs<Node id="308"/>.<Node id="309"/>glasgow<Node id="316"/>.<Node id="317"/>ac<Node id="319"/>.<Node id="320"/>uk<Node id="322"/>
<Node id="323"/>X-Mailer<Node id="331"/>:<Node id="332"/> <Node id="333"/>mail-news<Node id="342"/> <Node id="343"/>2<Node id="344"/>.<Node id="345"/>0<Node id="346"/>.<Node id="347"/>5<Node id="348"/>
<Node id="349"/>Lines<Node id="354"/>:<Node id="355"/> <Node id="356"/>2<Node id="357"/>
<Node id="358"/>
<Node id="359"/>I<Node id="360"/> <Node id="361"/>AM<Node id="363"/> <Node id="364"/>Satan<Node id="369"/>!<Node id="370"/>
<Node id="371"/>
<Node id="372"/></TextWithNodes>
<!-- The default annotation set -->

<AnnotationSet>
<Annotation EndNode="372" StartNode="0" Type="Mention" Id="9999999">
<Feature>
<Name classname="java.lang.String">Class</Name>
<Value classname="java.lang.String">0</Value>
</Feature>
</Annotation>

<Annotation Id="3" Type="Token" StartNode="6" EndNode="14">
<Feature>
  <Name className="java.lang.String">string</Name>
  <Value className="java.lang.String">dohertyl</Value>
</Feature>
</Annotation>
<Annotation Id="14" Type="Token" StartNode="30" EndNode="38">
<Feature>
  <Name className="java.lang.String">string</Name>
  <Value className="java.lang.String">dohertyl</Value>
</Feature>
</Annotation>
<Annotation Id="17" Type="Token" StartNode="40" EndNode="48">
<Feature>
  <Name className="java.lang.String">string</Name>
  <Value className="java.lang.String">Message-</Value>
</Feature>
</Annotation>
<Annotation Id="22" Type="Token" StartNode="53" EndNode="63">
</Annotation>
<Annotation Id="27" Type="Token" StartNode="72" EndNode="78">
<Feature>
  <Name className="java.lang.String">string</Name>
  <Value className="java.lang.String">walrus</Value>
</Feature>
</Annotation>
<Annotation Id="38" Type="Token" StartNode="94" EndNode="100">
<Feature>
  <Name className="java.lang.String">string</Name>
  <Value className="java.lang.String">Sender</Value>
</Feature>
</Annotation>
<Annotation Id="45" Type="Token" StartNode="111" EndNode="118">
<Feature>
  <Name className="java.lang.String">string</Name>
  <Value className="java.lang.String">glasgow</Value>
</Feature>
</Annotation>
<Annotation Id="52" Type="Token" StartNode="126" EndNode="133">
<Feature>
  <Name className="java.lang.String">string</Name>
  <Value className="java.lang.String">Network</Value>
</Feature>
</Annotation>
<Annotation Id="57" Type="Token" StartNode="140" EndNode="152">
<Feature>
  <Name className="java.lang.String">string</Name>
  <Value className="java.lang.String">Organization</Value>
</Feature>
</Annotation>
<Annotation Id="62" Type="Token" StartNode="162" EndNode="172">
<Feature>
  <Name className="java.lang.String">string</Name>
  <Value className="java.lang.String">University</Value>
</Feature>
</Annotation>
<Annotation Id="60" Type="Token" StartNode="154" EndNode="161">
<Feature>
  <Name className="java.lang.String">string</Name>
  <Value className="java.lang.String">Glasgow</Value>
</Feature>
</Annotation>
<Annotation Id="71" Type="Token" StartNode="197" EndNode="209">
<Feature>
  <Name className="java.lang.String">string</Name>
  <Value className="java.lang.String">Distribution</Value>
</Feature>
</Annotation>
<Annotation Id="64" Type="Token" StartNode="173" EndNode="182">
<Feature>
  <Name className="java.lang.String">string</Name>
  <Value className="java.lang.String">Computing</Value>
</Feature>
</Annotation>
<Annotation Id="66" Type="Token" StartNode="183" EndNode="190">
<Feature>
  <Name className="java.lang.String">string</Name>
  <Value className="java.lang.String">Science</Value>
</Feature>
</Annotation>
<Annotation Id="76" Type="Token" StartNode="214" EndNode="221">
<Feature>
  <Name className="java.lang.String">string</Name>
  <Value className="java.lang.String">Return-</Value>
</Feature>
</Annotation>
<Annotation Id="81" Type="Token" StartNode="228" EndNode="236">
<Feature>
  <Name className="java.lang.String">string</Name>
  <Value className="java.lang.String">dohertyl</Value>
</Feature>
</Annotation>
<Annotation Id="119" Type="Token" StartNode="309" EndNode="316">
<Feature>
  <Name className="java.lang.String">string</Name>
  <Value className="java.lang.String">glasgow</Value>
</Feature>
</Annotation>
<Annotation Id="115" Type="Token" StartNode="298" EndNode="304">
<Feature>
  <Name className="java.lang.String">string</Name>
  <Value className="java.lang.String">usenet</Value>
</Feature>
</Annotation>
<Annotation Id="112" Type="Token" StartNode="288" EndNode="296">
<Feature>
  <Name className="java.lang.String">string</Name>
  <Value className="java.lang.String">Approved</Value>
</Feature>
</Annotation>
<Annotation Id="125" Type="Token" StartNode="323" EndNode="331">
<Feature>
  <Name className="java.lang.String">string</Name>
  <Value className="java.lang.String">X-Mailer</Value>
</Feature>
</Annotation>
<Annotation Id="128" Type="Token" StartNode="333" EndNode="342">
<Feature>
  <Name className="java.lang.String">string</Name>
  <Value className="java.lang.String">mail-news</Value>
</Feature>
</Annotation>
</AnnotationSet>
<AnnotationSet Name="Original markups"> </AnnotationSet>
</GateDocument>