<?xml version='1.0' encoding='UTF-8'?>
<GateDocument version="3">
<!-- The document's features-->

<GateDocumentFeatures>
<Feature>
  <Name className="java.lang.String">Original_document_content_on_load</Name>
  <Value className="java.lang.String">From: alvin@spot.Colorado.EDU (Kenneth Alvin)
Message-ID: &lt;Apr.14.03.09.07.1993.5494@athos.rutgers.edu>
Date: 14 Apr 93 07:09:08 GMT
Sender: hedrick@athos.rutgers.edu
Organization: University of Colorado, Boulder
Lines: 66
Approved: christian@aramis.rutgers.edu

In article &lt;Apr.13.00.08.33.1993.28409@athos.rutgers.edu> kilroy@gboro.rowan.edu (Dr Nancy's Sweetie) writes:
>Dean Velasco quoted a letter from James M Stowell, president of
>Moody Bible Institute:
>
>>  We affirm the absolutes of Scripture, not because we are arrogant
>>  moralists, but because we believe in God who is truth, who has revealed
>>  His truth in His Word, and therefore we hold as precious the strategic
>>  importance of those absolutes."
>
>There has been a lot of discussion, but so far nobody seems to have hit on
>exactly what the criticism of "arrogance" is aimed at.
>
> &lt;lots of stuff deleted>
>
>This is where the "arrogance of Christians" arises: many people believe
>that their own personal research can give them absolute certainty about the
>doctrines of Christianity -- they are implicitly claiming that they are
>infallible, and that there is no possibility of mistake.
>
>Claiming that you CANNOT have made a mistake, and that your thinking has led
>you to a flawless conclusion, is pretty arrogant.

I agree with what Darren has to say here, but would like to add a 
personal observation.  What I see as arrogance and the problem I have 
with it is not a sense of personal certainty, but a lack of respect for
others who come to differing conclusions.  Clearly, this is not just 
Christian vs. Non-Christian; there is a whole spectrum of belief systems
within Christianity.  I do not tend to argue with others about matters
of personal faith because, like aesthetics, it is not demonstable by
objective means.  

Choosing what to believe and rely on are important areas of personal 
sovereignty.  What bothers me is when others suggest that, in these 
matters of faith, their specific beliefs are not only true to them 
but are absolute and should be binding on others.  It follows from this
that God must give everyone the same revelation of truth, and thus 
anyone who comes to a different conclusion is intentionally choosing
the wrong path.  This is the arrogance I see; a lack of respect for the
honest conclusions of others on matters which are between them and God.
Even a personal certainty leaves room for the beliefs of others.  It is
universalizing those matters of personal faith, coupled by a proud
notion that one's relationship with God is superior to other's, that
leads to arrogance.  In my honest (and nonuniversal) opinion. :-)


>Darren F Provine / kilroy@gboro.rowan.edu
>"At the core of all well-founded belief, lies belief that is unfounded."
>                                                    -- Ludwig Wittgenstein

comments, criticism welcome...
-Ken
alvin@ucsu.colorado.edu

[It is certainly reasonable to ask for some humility about our own
ability to know the truth.  There are also different paths in some
areas of practice.  But I'd like to see more clarification about what
you mean when you reject the idea of saying "their specific beliefs
are not only true to them but are absolute and should be binding on
others."  If something is true, it is true for everyone, assuming that
the belief is something about God, history, etc.  Of course something
of the form "I believe that it's best for me not to xxx" could be true
for some people and not others.  I have suggested in the past that God
may be less concerned about doctrinal agreement than many people are.
But that doesn't mean I doubt that there is a difference between
true and false, nor that I think there is no benefit in finding out
what is true.  --clh]
</Value>
</Feature>
<Feature>
  <Name className="java.lang.String">gate.SourceURL</Name>
  <Value className="java.lang.String">file:/C:/Users/jian/Documents/NetBeansProjects/NoiseReductionTechniques/mideastPoliticsMix/negative405</Value>
</Feature>
</GateDocumentFeatures>
<!-- The document content area with serialized nodes -->

<TextWithNodes><Node id="0"/>From<Node id="4"/>:<Node id="5"/> <Node id="6"/>alvin<Node id="11"/>@<Node id="12"/>spot<Node id="16"/>.<Node id="17"/>Colorado<Node id="25"/>.<Node id="26"/>EDU<Node id="29"/> <Node id="30"/>(<Node id="31"/>Kenneth<Node id="38"/> <Node id="39"/>Alvin<Node id="44"/>)<Node id="45"/>
<Node id="46"/>Message-<Node id="54"/>ID<Node id="56"/>:<Node id="57"/> <Node id="58"/>&lt;<Node id="59"/>Apr<Node id="62"/>.<Node id="63"/>14<Node id="65"/>.<Node id="66"/>03<Node id="68"/>.<Node id="69"/>09<Node id="71"/>.<Node id="72"/>07<Node id="74"/>.<Node id="75"/>1993<Node id="79"/>.<Node id="80"/>5494<Node id="84"/>@<Node id="85"/>athos<Node id="90"/>.<Node id="91"/>rutgers<Node id="98"/>.<Node id="99"/>edu<Node id="102"/>&gt;<Node id="103"/>
<Node id="104"/>Date<Node id="108"/>:<Node id="109"/> <Node id="110"/>14<Node id="112"/> <Node id="113"/>Apr<Node id="116"/> <Node id="117"/>93<Node id="119"/> <Node id="120"/>07<Node id="122"/>:<Node id="123"/>09<Node id="125"/>:<Node id="126"/>08<Node id="128"/> <Node id="129"/>GMT<Node id="132"/>
<Node id="133"/>Sender<Node id="139"/>:<Node id="140"/> <Node id="141"/>hedrick<Node id="148"/>@<Node id="149"/>athos<Node id="154"/>.<Node id="155"/>rutgers<Node id="162"/>.<Node id="163"/>edu<Node id="166"/>
<Node id="167"/>Organization<Node id="179"/>:<Node id="180"/> <Node id="181"/>University<Node id="191"/> <Node id="192"/>of<Node id="194"/> <Node id="195"/>Colorado<Node id="203"/>,<Node id="204"/> <Node id="205"/>Boulder<Node id="212"/>
<Node id="213"/>Lines<Node id="218"/>:<Node id="219"/> <Node id="220"/>66<Node id="222"/>
<Node id="223"/>Approved<Node id="231"/>:<Node id="232"/> <Node id="233"/>christian<Node id="242"/>@<Node id="243"/>aramis<Node id="249"/>.<Node id="250"/>rutgers<Node id="257"/>.<Node id="258"/>edu<Node id="261"/>
<Node id="262"/>
<Node id="263"/>In<Node id="265"/> <Node id="266"/>article<Node id="273"/> <Node id="274"/>&lt;<Node id="275"/>Apr<Node id="278"/>.<Node id="279"/>13<Node id="281"/>.<Node id="282"/>00<Node id="284"/>.<Node id="285"/>08<Node id="287"/>.<Node id="288"/>33<Node id="290"/>.<Node id="291"/>1993<Node id="295"/>.<Node id="296"/>28409<Node id="301"/>@<Node id="302"/>athos<Node id="307"/>.<Node id="308"/>rutgers<Node id="315"/>.<Node id="316"/>edu<Node id="319"/>&gt;<Node id="320"/> <Node id="321"/>kilroy<Node id="327"/>@<Node id="328"/>gboro<Node id="333"/>.<Node id="334"/>rowan<Node id="339"/>.<Node id="340"/>edu<Node id="343"/> <Node id="344"/>(<Node id="345"/>Dr<Node id="347"/> <Node id="348"/>Nancy<Node id="353"/>'s<Node id="355"/> <Node id="356"/>Sweetie<Node id="363"/>)<Node id="364"/> <Node id="365"/>writes<Node id="371"/>:<Node id="372"/>
<Node id="373"/>&gt;<Node id="374"/>Dean<Node id="378"/> <Node id="379"/>Velasco<Node id="386"/> <Node id="387"/>quoted<Node id="393"/> <Node id="394"/>a<Node id="395"/> <Node id="396"/>letter<Node id="402"/> <Node id="403"/>from<Node id="407"/> <Node id="408"/>James<Node id="413"/> <Node id="414"/>M<Node id="415"/> <Node id="416"/>Stowell<Node id="423"/>,<Node id="424"/> <Node id="425"/>president<Node id="434"/> <Node id="435"/>of<Node id="437"/>
<Node id="438"/>&gt;<Node id="439"/>Moody<Node id="444"/> <Node id="445"/>Bible<Node id="450"/> <Node id="451"/>Institute<Node id="460"/>:<Node id="461"/>
<Node id="462"/>&gt;<Node id="463"/>
<Node id="464"/>&gt;<Node id="465"/>&gt;<Node id="466"/> <Node id="467"/> <Node id="468"/>We<Node id="470"/> <Node id="471"/>affirm<Node id="477"/> <Node id="478"/>the<Node id="481"/> <Node id="482"/>absolutes<Node id="491"/> <Node id="492"/>of<Node id="494"/> <Node id="495"/>Scripture<Node id="504"/>,<Node id="505"/> <Node id="506"/>not<Node id="509"/> <Node id="510"/>because<Node id="517"/> <Node id="518"/>we<Node id="520"/> <Node id="521"/>are<Node id="524"/> <Node id="525"/>arrogant<Node id="533"/>
<Node id="534"/>&gt;<Node id="535"/>&gt;<Node id="536"/> <Node id="537"/> <Node id="538"/>moralists<Node id="547"/>,<Node id="548"/> <Node id="549"/>but<Node id="552"/> <Node id="553"/>because<Node id="560"/> <Node id="561"/>we<Node id="563"/> <Node id="564"/>believe<Node id="571"/> <Node id="572"/>in<Node id="574"/> <Node id="575"/>God<Node id="578"/> <Node id="579"/>who<Node id="582"/> <Node id="583"/>is<Node id="585"/> <Node id="586"/>truth<Node id="591"/>,<Node id="592"/> <Node id="593"/>who<Node id="596"/> <Node id="597"/>has<Node id="600"/> <Node id="601"/>revealed<Node id="609"/>
<Node id="610"/>&gt;<Node id="611"/>&gt;<Node id="612"/> <Node id="613"/> <Node id="614"/>His<Node id="617"/> <Node id="618"/>truth<Node id="623"/> <Node id="624"/>in<Node id="626"/> <Node id="627"/>His<Node id="630"/> <Node id="631"/>Word<Node id="635"/>,<Node id="636"/> <Node id="637"/>and<Node id="640"/> <Node id="641"/>therefore<Node id="650"/> <Node id="651"/>we<Node id="653"/> <Node id="654"/>hold<Node id="658"/> <Node id="659"/>as<Node id="661"/> <Node id="662"/>precious<Node id="670"/> <Node id="671"/>the<Node id="674"/> <Node id="675"/>strategic<Node id="684"/>
<Node id="685"/>&gt;<Node id="686"/>&gt;<Node id="687"/> <Node id="688"/> <Node id="689"/>importance<Node id="699"/> <Node id="700"/>of<Node id="702"/> <Node id="703"/>those<Node id="708"/> <Node id="709"/>absolutes<Node id="718"/>.<Node id="719"/>"<Node id="720"/>
<Node id="721"/>&gt;<Node id="722"/>
<Node id="723"/>&gt;<Node id="724"/>There<Node id="729"/> <Node id="730"/>has<Node id="733"/> <Node id="734"/>been<Node id="738"/> <Node id="739"/>a<Node id="740"/> <Node id="741"/>lot<Node id="744"/> <Node id="745"/>of<Node id="747"/> <Node id="748"/>discussion<Node id="758"/>,<Node id="759"/> <Node id="760"/>but<Node id="763"/> <Node id="764"/>so<Node id="766"/> <Node id="767"/>far<Node id="770"/> <Node id="771"/>nobody<Node id="777"/> <Node id="778"/>seems<Node id="783"/> <Node id="784"/>to<Node id="786"/> <Node id="787"/>have<Node id="791"/> <Node id="792"/>hit<Node id="795"/> <Node id="796"/>on<Node id="798"/>
<Node id="799"/>&gt;<Node id="800"/>exactly<Node id="807"/> <Node id="808"/>what<Node id="812"/> <Node id="813"/>the<Node id="816"/> <Node id="817"/>criticism<Node id="826"/> <Node id="827"/>of<Node id="829"/> <Node id="830"/>"<Node id="831"/>arrogance<Node id="840"/>"<Node id="841"/> <Node id="842"/>is<Node id="844"/> <Node id="845"/>aimed<Node id="850"/> <Node id="851"/>at<Node id="853"/>.<Node id="854"/>
<Node id="855"/>&gt;<Node id="856"/>
<Node id="857"/>&gt;<Node id="858"/> <Node id="859"/>&lt;<Node id="860"/>lots<Node id="864"/> <Node id="865"/>of<Node id="867"/> <Node id="868"/>stuff<Node id="873"/> <Node id="874"/>deleted<Node id="881"/>&gt;<Node id="882"/>
<Node id="883"/>&gt;<Node id="884"/>
<Node id="885"/>&gt;<Node id="886"/>This<Node id="890"/> <Node id="891"/>is<Node id="893"/> <Node id="894"/>where<Node id="899"/> <Node id="900"/>the<Node id="903"/> <Node id="904"/>"<Node id="905"/>arrogance<Node id="914"/> <Node id="915"/>of<Node id="917"/> <Node id="918"/>Christians<Node id="928"/>"<Node id="929"/> <Node id="930"/>arises<Node id="936"/>:<Node id="937"/> <Node id="938"/>many<Node id="942"/> <Node id="943"/>people<Node id="949"/> <Node id="950"/>believe<Node id="957"/>
<Node id="958"/>&gt;<Node id="959"/>that<Node id="963"/> <Node id="964"/>their<Node id="969"/> <Node id="970"/>own<Node id="973"/> <Node id="974"/>personal<Node id="982"/> <Node id="983"/>research<Node id="991"/> <Node id="992"/>can<Node id="995"/> <Node id="996"/>give<Node id="1000"/> <Node id="1001"/>them<Node id="1005"/> <Node id="1006"/>absolute<Node id="1014"/> <Node id="1015"/>certainty<Node id="1024"/> <Node id="1025"/>about<Node id="1030"/> <Node id="1031"/>the<Node id="1034"/>
<Node id="1035"/>&gt;<Node id="1036"/>doctrines<Node id="1045"/> <Node id="1046"/>of<Node id="1048"/> <Node id="1049"/>Christianity<Node id="1061"/> <Node id="1062"/>-<Node id="1063"/>-<Node id="1064"/> <Node id="1065"/>they<Node id="1069"/> <Node id="1070"/>are<Node id="1073"/> <Node id="1074"/>implicitly<Node id="1084"/> <Node id="1085"/>claiming<Node id="1093"/> <Node id="1094"/>that<Node id="1098"/> <Node id="1099"/>they<Node id="1103"/> <Node id="1104"/>are<Node id="1107"/>
<Node id="1108"/>&gt;<Node id="1109"/>infallible<Node id="1119"/>,<Node id="1120"/> <Node id="1121"/>and<Node id="1124"/> <Node id="1125"/>that<Node id="1129"/> <Node id="1130"/>there<Node id="1135"/> <Node id="1136"/>is<Node id="1138"/> <Node id="1139"/>no<Node id="1141"/> <Node id="1142"/>possibility<Node id="1153"/> <Node id="1154"/>of<Node id="1156"/> <Node id="1157"/>mistake<Node id="1164"/>.<Node id="1165"/>
<Node id="1166"/>&gt;<Node id="1167"/>
<Node id="1168"/>&gt;<Node id="1169"/>Claiming<Node id="1177"/> <Node id="1178"/>that<Node id="1182"/> <Node id="1183"/>you<Node id="1186"/> <Node id="1187"/>CAN<Node id="1190"/>NOT<Node id="1193"/> <Node id="1194"/>have<Node id="1198"/> <Node id="1199"/>made<Node id="1203"/> <Node id="1204"/>a<Node id="1205"/> <Node id="1206"/>mistake<Node id="1213"/>,<Node id="1214"/> <Node id="1215"/>and<Node id="1218"/> <Node id="1219"/>that<Node id="1223"/> <Node id="1224"/>your<Node id="1228"/> <Node id="1229"/>thinking<Node id="1237"/> <Node id="1238"/>has<Node id="1241"/> <Node id="1242"/>led<Node id="1245"/>
<Node id="1246"/>&gt;<Node id="1247"/>you<Node id="1250"/> <Node id="1251"/>to<Node id="1253"/> <Node id="1254"/>a<Node id="1255"/> <Node id="1256"/>flawless<Node id="1264"/> <Node id="1265"/>conclusion<Node id="1275"/>,<Node id="1276"/> <Node id="1277"/>is<Node id="1279"/> <Node id="1280"/>pretty<Node id="1286"/> <Node id="1287"/>arrogant<Node id="1295"/>.<Node id="1296"/>
<Node id="1297"/>
<Node id="1298"/>I<Node id="1299"/> <Node id="1300"/>agree<Node id="1305"/> <Node id="1306"/>with<Node id="1310"/> <Node id="1311"/>what<Node id="1315"/> <Node id="1316"/>Darren<Node id="1322"/> <Node id="1323"/>has<Node id="1326"/> <Node id="1327"/>to<Node id="1329"/> <Node id="1330"/>say<Node id="1333"/> <Node id="1334"/>here<Node id="1338"/>,<Node id="1339"/> <Node id="1340"/>but<Node id="1343"/> <Node id="1344"/>would<Node id="1349"/> <Node id="1350"/>like<Node id="1354"/> <Node id="1355"/>to<Node id="1357"/> <Node id="1358"/>add<Node id="1361"/> <Node id="1362"/>a<Node id="1363"/> <Node id="1364"/>
<Node id="1365"/>personal<Node id="1373"/> <Node id="1374"/>observation<Node id="1385"/>.<Node id="1386"/> <Node id="1387"/> <Node id="1388"/>What<Node id="1392"/> <Node id="1393"/>I<Node id="1394"/> <Node id="1395"/>see<Node id="1398"/> <Node id="1399"/>as<Node id="1401"/> <Node id="1402"/>arrogance<Node id="1411"/> <Node id="1412"/>and<Node id="1415"/> <Node id="1416"/>the<Node id="1419"/> <Node id="1420"/>problem<Node id="1427"/> <Node id="1428"/>I<Node id="1429"/> <Node id="1430"/>have<Node id="1434"/> <Node id="1435"/>
<Node id="1436"/>with<Node id="1440"/> <Node id="1441"/>it<Node id="1443"/> <Node id="1444"/>is<Node id="1446"/> <Node id="1447"/>not<Node id="1450"/> <Node id="1451"/>a<Node id="1452"/> <Node id="1453"/>sense<Node id="1458"/> <Node id="1459"/>of<Node id="1461"/> <Node id="1462"/>personal<Node id="1470"/> <Node id="1471"/>certainty<Node id="1480"/>,<Node id="1481"/> <Node id="1482"/>but<Node id="1485"/> <Node id="1486"/>a<Node id="1487"/> <Node id="1488"/>lack<Node id="1492"/> <Node id="1493"/>of<Node id="1495"/> <Node id="1496"/>respect<Node id="1503"/> <Node id="1504"/>for<Node id="1507"/>
<Node id="1508"/>others<Node id="1514"/> <Node id="1515"/>who<Node id="1518"/> <Node id="1519"/>come<Node id="1523"/> <Node id="1524"/>to<Node id="1526"/> <Node id="1527"/>differing<Node id="1536"/> <Node id="1537"/>conclusions<Node id="1548"/>.<Node id="1549"/> <Node id="1550"/> <Node id="1551"/>Clearly<Node id="1558"/>,<Node id="1559"/> <Node id="1560"/>this<Node id="1564"/> <Node id="1565"/>is<Node id="1567"/> <Node id="1568"/>not<Node id="1571"/> <Node id="1572"/>just<Node id="1576"/> <Node id="1577"/>
<Node id="1578"/>Christian<Node id="1587"/> <Node id="1588"/>vs<Node id="1590"/>.<Node id="1591"/> <Node id="1592"/>Non-<Node id="1596"/>Christian<Node id="1605"/>;<Node id="1606"/> <Node id="1607"/>there<Node id="1612"/> <Node id="1613"/>is<Node id="1615"/> <Node id="1616"/>a<Node id="1617"/> <Node id="1618"/>whole<Node id="1623"/> <Node id="1624"/>spectrum<Node id="1632"/> <Node id="1633"/>of<Node id="1635"/> <Node id="1636"/>belief<Node id="1642"/> <Node id="1643"/>systems<Node id="1650"/>
<Node id="1651"/>within<Node id="1657"/> <Node id="1658"/>Christianity<Node id="1670"/>.<Node id="1671"/> <Node id="1672"/> <Node id="1673"/>I<Node id="1674"/> <Node id="1675"/>do<Node id="1677"/> <Node id="1678"/>not<Node id="1681"/> <Node id="1682"/>tend<Node id="1686"/> <Node id="1687"/>to<Node id="1689"/> <Node id="1690"/>argue<Node id="1695"/> <Node id="1696"/>with<Node id="1700"/> <Node id="1701"/>others<Node id="1707"/> <Node id="1708"/>about<Node id="1713"/> <Node id="1714"/>matters<Node id="1721"/>
<Node id="1722"/>of<Node id="1724"/> <Node id="1725"/>personal<Node id="1733"/> <Node id="1734"/>faith<Node id="1739"/> <Node id="1740"/>because<Node id="1747"/>,<Node id="1748"/> <Node id="1749"/>like<Node id="1753"/> <Node id="1754"/>aesthetics<Node id="1764"/>,<Node id="1765"/> <Node id="1766"/>it<Node id="1768"/> <Node id="1769"/>is<Node id="1771"/> <Node id="1772"/>not<Node id="1775"/> <Node id="1776"/>demonstable<Node id="1787"/> <Node id="1788"/>by<Node id="1790"/>
<Node id="1791"/>objective<Node id="1800"/> <Node id="1801"/>means<Node id="1806"/>.<Node id="1807"/> <Node id="1808"/> <Node id="1809"/>
<Node id="1810"/>
<Node id="1811"/>Choosing<Node id="1819"/> <Node id="1820"/>what<Node id="1824"/> <Node id="1825"/>to<Node id="1827"/> <Node id="1828"/>believe<Node id="1835"/> <Node id="1836"/>and<Node id="1839"/> <Node id="1840"/>rely<Node id="1844"/> <Node id="1845"/>on<Node id="1847"/> <Node id="1848"/>are<Node id="1851"/> <Node id="1852"/>important<Node id="1861"/> <Node id="1862"/>areas<Node id="1867"/> <Node id="1868"/>of<Node id="1870"/> <Node id="1871"/>personal<Node id="1879"/> <Node id="1880"/>
<Node id="1881"/>sovereignty<Node id="1892"/>.<Node id="1893"/> <Node id="1894"/> <Node id="1895"/>What<Node id="1899"/> <Node id="1900"/>bothers<Node id="1907"/> <Node id="1908"/>me<Node id="1910"/> <Node id="1911"/>is<Node id="1913"/> <Node id="1914"/>when<Node id="1918"/> <Node id="1919"/>others<Node id="1925"/> <Node id="1926"/>suggest<Node id="1933"/> <Node id="1934"/>that<Node id="1938"/>,<Node id="1939"/> <Node id="1940"/>in<Node id="1942"/> <Node id="1943"/>these<Node id="1948"/> <Node id="1949"/>
<Node id="1950"/>matters<Node id="1957"/> <Node id="1958"/>of<Node id="1960"/> <Node id="1961"/>faith<Node id="1966"/>,<Node id="1967"/> <Node id="1968"/>their<Node id="1973"/> <Node id="1974"/>specific<Node id="1982"/> <Node id="1983"/>beliefs<Node id="1990"/> <Node id="1991"/>are<Node id="1994"/> <Node id="1995"/>not<Node id="1998"/> <Node id="1999"/>only<Node id="2003"/> <Node id="2004"/>true<Node id="2008"/> <Node id="2009"/>to<Node id="2011"/> <Node id="2012"/>them<Node id="2016"/> <Node id="2017"/>
<Node id="2018"/>but<Node id="2021"/> <Node id="2022"/>are<Node id="2025"/> <Node id="2026"/>absolute<Node id="2034"/> <Node id="2035"/>and<Node id="2038"/> <Node id="2039"/>should<Node id="2045"/> <Node id="2046"/>be<Node id="2048"/> <Node id="2049"/>binding<Node id="2056"/> <Node id="2057"/>on<Node id="2059"/> <Node id="2060"/>others<Node id="2066"/>.<Node id="2067"/> <Node id="2068"/> <Node id="2069"/>It<Node id="2071"/> <Node id="2072"/>follows<Node id="2079"/> <Node id="2080"/>from<Node id="2084"/> <Node id="2085"/>this<Node id="2089"/>
<Node id="2090"/>that<Node id="2094"/> <Node id="2095"/>God<Node id="2098"/> <Node id="2099"/>must<Node id="2103"/> <Node id="2104"/>give<Node id="2108"/> <Node id="2109"/>everyone<Node id="2117"/> <Node id="2118"/>the<Node id="2121"/> <Node id="2122"/>same<Node id="2126"/> <Node id="2127"/>revelation<Node id="2137"/> <Node id="2138"/>of<Node id="2140"/> <Node id="2141"/>truth<Node id="2146"/>,<Node id="2147"/> <Node id="2148"/>and<Node id="2151"/> <Node id="2152"/>thus<Node id="2156"/> <Node id="2157"/>
<Node id="2158"/>anyone<Node id="2164"/> <Node id="2165"/>who<Node id="2168"/> <Node id="2169"/>comes<Node id="2174"/> <Node id="2175"/>to<Node id="2177"/> <Node id="2178"/>a<Node id="2179"/> <Node id="2180"/>different<Node id="2189"/> <Node id="2190"/>conclusion<Node id="2200"/> <Node id="2201"/>is<Node id="2203"/> <Node id="2204"/>intentionally<Node id="2217"/> <Node id="2218"/>choosing<Node id="2226"/>
<Node id="2227"/>the<Node id="2230"/> <Node id="2231"/>wrong<Node id="2236"/> <Node id="2237"/>path<Node id="2241"/>.<Node id="2242"/> <Node id="2243"/> <Node id="2244"/>This<Node id="2248"/> <Node id="2249"/>is<Node id="2251"/> <Node id="2252"/>the<Node id="2255"/> <Node id="2256"/>arrogance<Node id="2265"/> <Node id="2266"/>I<Node id="2267"/> <Node id="2268"/>see<Node id="2271"/>;<Node id="2272"/> <Node id="2273"/>a<Node id="2274"/> <Node id="2275"/>lack<Node id="2279"/> <Node id="2280"/>of<Node id="2282"/> <Node id="2283"/>respect<Node id="2290"/> <Node id="2291"/>for<Node id="2294"/> <Node id="2295"/>the<Node id="2298"/>
<Node id="2299"/>honest<Node id="2305"/> <Node id="2306"/>conclusions<Node id="2317"/> <Node id="2318"/>of<Node id="2320"/> <Node id="2321"/>others<Node id="2327"/> <Node id="2328"/>on<Node id="2330"/> <Node id="2331"/>matters<Node id="2338"/> <Node id="2339"/>which<Node id="2344"/> <Node id="2345"/>are<Node id="2348"/> <Node id="2349"/>between<Node id="2356"/> <Node id="2357"/>them<Node id="2361"/> <Node id="2362"/>and<Node id="2365"/> <Node id="2366"/>God<Node id="2369"/>.<Node id="2370"/>
<Node id="2371"/>Even<Node id="2375"/> <Node id="2376"/>a<Node id="2377"/> <Node id="2378"/>personal<Node id="2386"/> <Node id="2387"/>certainty<Node id="2396"/> <Node id="2397"/>leaves<Node id="2403"/> <Node id="2404"/>room<Node id="2408"/> <Node id="2409"/>for<Node id="2412"/> <Node id="2413"/>the<Node id="2416"/> <Node id="2417"/>beliefs<Node id="2424"/> <Node id="2425"/>of<Node id="2427"/> <Node id="2428"/>others<Node id="2434"/>.<Node id="2435"/> <Node id="2436"/> <Node id="2437"/>It<Node id="2439"/> <Node id="2440"/>is<Node id="2442"/>
<Node id="2443"/>universalizing<Node id="2457"/> <Node id="2458"/>those<Node id="2463"/> <Node id="2464"/>matters<Node id="2471"/> <Node id="2472"/>of<Node id="2474"/> <Node id="2475"/>personal<Node id="2483"/> <Node id="2484"/>faith<Node id="2489"/>,<Node id="2490"/> <Node id="2491"/>coupled<Node id="2498"/> <Node id="2499"/>by<Node id="2501"/> <Node id="2502"/>a<Node id="2503"/> <Node id="2504"/>proud<Node id="2509"/>
<Node id="2510"/>notion<Node id="2516"/> <Node id="2517"/>that<Node id="2521"/> <Node id="2522"/>one<Node id="2525"/>'s<Node id="2527"/> <Node id="2528"/>relationship<Node id="2540"/> <Node id="2541"/>with<Node id="2545"/> <Node id="2546"/>God<Node id="2549"/> <Node id="2550"/>is<Node id="2552"/> <Node id="2553"/>superior<Node id="2561"/> <Node id="2562"/>to<Node id="2564"/> <Node id="2565"/>other<Node id="2570"/>'s<Node id="2572"/>,<Node id="2573"/> <Node id="2574"/>that<Node id="2578"/>
<Node id="2579"/>leads<Node id="2584"/> <Node id="2585"/>to<Node id="2587"/> <Node id="2588"/>arrogance<Node id="2597"/>.<Node id="2598"/> <Node id="2599"/> <Node id="2600"/>In<Node id="2602"/> <Node id="2603"/>my<Node id="2605"/> <Node id="2606"/>honest<Node id="2612"/> <Node id="2613"/>(<Node id="2614"/>and<Node id="2617"/> <Node id="2618"/>nonuniversal<Node id="2630"/>)<Node id="2631"/> <Node id="2632"/>opinion<Node id="2639"/>.<Node id="2640"/> <Node id="2641"/>:<Node id="2642"/>-<Node id="2643"/>)<Node id="2644"/>
<Node id="2645"/>
<Node id="2646"/>
<Node id="2647"/>&gt;<Node id="2648"/>Darren<Node id="2654"/> <Node id="2655"/>F<Node id="2656"/> <Node id="2657"/>Provine<Node id="2664"/> <Node id="2665"/>/<Node id="2666"/> <Node id="2667"/>kilroy<Node id="2673"/>@<Node id="2674"/>gboro<Node id="2679"/>.<Node id="2680"/>rowan<Node id="2685"/>.<Node id="2686"/>edu<Node id="2689"/>
<Node id="2690"/>&gt;<Node id="2691"/>"<Node id="2692"/>At<Node id="2694"/> <Node id="2695"/>the<Node id="2698"/> <Node id="2699"/>core<Node id="2703"/> <Node id="2704"/>of<Node id="2706"/> <Node id="2707"/>all<Node id="2710"/> <Node id="2711"/>well-founded<Node id="2723"/> <Node id="2724"/>belief<Node id="2730"/>,<Node id="2731"/> <Node id="2732"/>lies<Node id="2736"/> <Node id="2737"/>belief<Node id="2743"/> <Node id="2744"/>that<Node id="2748"/> <Node id="2749"/>is<Node id="2751"/> <Node id="2752"/>unfounded<Node id="2761"/>.<Node id="2762"/>"<Node id="2763"/>
<Node id="2764"/>&gt;<Node id="2765"/> <Node id="2766"/> <Node id="2767"/> <Node id="2768"/> <Node id="2769"/> <Node id="2770"/> <Node id="2771"/> <Node id="2772"/> <Node id="2773"/> <Node id="2774"/> <Node id="2775"/> <Node id="2776"/> <Node id="2777"/> <Node id="2778"/> <Node id="2779"/> <Node id="2780"/> <Node id="2781"/> <Node id="2782"/> <Node id="2783"/> <Node id="2784"/> <Node id="2785"/> <Node id="2786"/> <Node id="2787"/> <Node id="2788"/> <Node id="2789"/> <Node id="2790"/> <Node id="2791"/> <Node id="2792"/> <Node id="2793"/> <Node id="2794"/> <Node id="2795"/> <Node id="2796"/> <Node id="2797"/> <Node id="2798"/> <Node id="2799"/> <Node id="2800"/> <Node id="2801"/> <Node id="2802"/> <Node id="2803"/> <Node id="2804"/> <Node id="2805"/> <Node id="2806"/> <Node id="2807"/> <Node id="2808"/> <Node id="2809"/> <Node id="2810"/> <Node id="2811"/> <Node id="2812"/> <Node id="2813"/> <Node id="2814"/> <Node id="2815"/> <Node id="2816"/> <Node id="2817"/>-<Node id="2818"/>-<Node id="2819"/> <Node id="2820"/>Ludwig<Node id="2826"/> <Node id="2827"/>Wittgenstein<Node id="2839"/>
<Node id="2840"/>
<Node id="2841"/>comments<Node id="2849"/>,<Node id="2850"/> <Node id="2851"/>criticism<Node id="2860"/> <Node id="2861"/>welcome<Node id="2868"/>.<Node id="2869"/>.<Node id="2870"/>.<Node id="2871"/>
<Node id="2872"/>-<Node id="2873"/>Ken<Node id="2876"/>
<Node id="2877"/>alvin<Node id="2882"/>@<Node id="2883"/>ucsu<Node id="2887"/>.<Node id="2888"/>colorado<Node id="2896"/>.<Node id="2897"/>edu<Node id="2900"/>
<Node id="2901"/>
<Node id="2902"/>[<Node id="2903"/>It<Node id="2905"/> <Node id="2906"/>is<Node id="2908"/> <Node id="2909"/>certainly<Node id="2918"/> <Node id="2919"/>reasonable<Node id="2929"/> <Node id="2930"/>to<Node id="2932"/> <Node id="2933"/>ask<Node id="2936"/> <Node id="2937"/>for<Node id="2940"/> <Node id="2941"/>some<Node id="2945"/> <Node id="2946"/>humility<Node id="2954"/> <Node id="2955"/>about<Node id="2960"/> <Node id="2961"/>our<Node id="2964"/> <Node id="2965"/>own<Node id="2968"/>
<Node id="2969"/>ability<Node id="2976"/> <Node id="2977"/>to<Node id="2979"/> <Node id="2980"/>know<Node id="2984"/> <Node id="2985"/>the<Node id="2988"/> <Node id="2989"/>truth<Node id="2994"/>.<Node id="2995"/> <Node id="2996"/> <Node id="2997"/>There<Node id="3002"/> <Node id="3003"/>are<Node id="3006"/> <Node id="3007"/>also<Node id="3011"/> <Node id="3012"/>different<Node id="3021"/> <Node id="3022"/>paths<Node id="3027"/> <Node id="3028"/>in<Node id="3030"/> <Node id="3031"/>some<Node id="3035"/>
<Node id="3036"/>areas<Node id="3041"/> <Node id="3042"/>of<Node id="3044"/> <Node id="3045"/>practice<Node id="3053"/>.<Node id="3054"/> <Node id="3055"/> <Node id="3056"/>But<Node id="3059"/> <Node id="3060"/>I<Node id="3061"/>'d<Node id="3063"/> <Node id="3064"/>like<Node id="3068"/> <Node id="3069"/>to<Node id="3071"/> <Node id="3072"/>see<Node id="3075"/> <Node id="3076"/>more<Node id="3080"/> <Node id="3081"/>clarification<Node id="3094"/> <Node id="3095"/>about<Node id="3100"/> <Node id="3101"/>what<Node id="3105"/>
<Node id="3106"/>you<Node id="3109"/> <Node id="3110"/>mean<Node id="3114"/> <Node id="3115"/>when<Node id="3119"/> <Node id="3120"/>you<Node id="3123"/> <Node id="3124"/>reject<Node id="3130"/> <Node id="3131"/>the<Node id="3134"/> <Node id="3135"/>idea<Node id="3139"/> <Node id="3140"/>of<Node id="3142"/> <Node id="3143"/>saying<Node id="3149"/> <Node id="3150"/>"<Node id="3151"/>their<Node id="3156"/> <Node id="3157"/>specific<Node id="3165"/> <Node id="3166"/>beliefs<Node id="3173"/>
<Node id="3174"/>are<Node id="3177"/> <Node id="3178"/>not<Node id="3181"/> <Node id="3182"/>only<Node id="3186"/> <Node id="3187"/>true<Node id="3191"/> <Node id="3192"/>to<Node id="3194"/> <Node id="3195"/>them<Node id="3199"/> <Node id="3200"/>but<Node id="3203"/> <Node id="3204"/>are<Node id="3207"/> <Node id="3208"/>absolute<Node id="3216"/> <Node id="3217"/>and<Node id="3220"/> <Node id="3221"/>should<Node id="3227"/> <Node id="3228"/>be<Node id="3230"/> <Node id="3231"/>binding<Node id="3238"/> <Node id="3239"/>on<Node id="3241"/>
<Node id="3242"/>others<Node id="3248"/>.<Node id="3249"/>"<Node id="3250"/> <Node id="3251"/> <Node id="3252"/>If<Node id="3254"/> <Node id="3255"/>something<Node id="3264"/> <Node id="3265"/>is<Node id="3267"/> <Node id="3268"/>true<Node id="3272"/>,<Node id="3273"/> <Node id="3274"/>it<Node id="3276"/> <Node id="3277"/>is<Node id="3279"/> <Node id="3280"/>true<Node id="3284"/> <Node id="3285"/>for<Node id="3288"/> <Node id="3289"/>everyone<Node id="3297"/>,<Node id="3298"/> <Node id="3299"/>assuming<Node id="3307"/> <Node id="3308"/>that<Node id="3312"/>
<Node id="3313"/>the<Node id="3316"/> <Node id="3317"/>belief<Node id="3323"/> <Node id="3324"/>is<Node id="3326"/> <Node id="3327"/>something<Node id="3336"/> <Node id="3337"/>about<Node id="3342"/> <Node id="3343"/>God<Node id="3346"/>,<Node id="3347"/> <Node id="3348"/>history<Node id="3355"/>,<Node id="3356"/> <Node id="3357"/>etc<Node id="3360"/>.<Node id="3361"/> <Node id="3362"/> <Node id="3363"/>Of<Node id="3365"/> <Node id="3366"/>course<Node id="3372"/> <Node id="3373"/>something<Node id="3382"/>
<Node id="3383"/>of<Node id="3385"/> <Node id="3386"/>the<Node id="3389"/> <Node id="3390"/>form<Node id="3394"/> <Node id="3395"/>"<Node id="3396"/>I<Node id="3397"/> <Node id="3398"/>believe<Node id="3405"/> <Node id="3406"/>that<Node id="3410"/> <Node id="3411"/>it<Node id="3413"/>'s<Node id="3415"/> <Node id="3416"/>best<Node id="3420"/> <Node id="3421"/>for<Node id="3424"/> <Node id="3425"/>me<Node id="3427"/> <Node id="3428"/>not<Node id="3431"/> <Node id="3432"/>to<Node id="3434"/> <Node id="3435"/>xxx<Node id="3438"/>"<Node id="3439"/> <Node id="3440"/>could<Node id="3445"/> <Node id="3446"/>be<Node id="3448"/> <Node id="3449"/>true<Node id="3453"/>
<Node id="3454"/>for<Node id="3457"/> <Node id="3458"/>some<Node id="3462"/> <Node id="3463"/>people<Node id="3469"/> <Node id="3470"/>and<Node id="3473"/> <Node id="3474"/>not<Node id="3477"/> <Node id="3478"/>others<Node id="3484"/>.<Node id="3485"/> <Node id="3486"/> <Node id="3487"/>I<Node id="3488"/> <Node id="3489"/>have<Node id="3493"/> <Node id="3494"/>suggested<Node id="3503"/> <Node id="3504"/>in<Node id="3506"/> <Node id="3507"/>the<Node id="3510"/> <Node id="3511"/>past<Node id="3515"/> <Node id="3516"/>that<Node id="3520"/> <Node id="3521"/>God<Node id="3524"/>
<Node id="3525"/>may<Node id="3528"/> <Node id="3529"/>be<Node id="3531"/> <Node id="3532"/>less<Node id="3536"/> <Node id="3537"/>concerned<Node id="3546"/> <Node id="3547"/>about<Node id="3552"/> <Node id="3553"/>doctrinal<Node id="3562"/> <Node id="3563"/>agreement<Node id="3572"/> <Node id="3573"/>than<Node id="3577"/> <Node id="3578"/>many<Node id="3582"/> <Node id="3583"/>people<Node id="3589"/> <Node id="3590"/>are<Node id="3593"/>.<Node id="3594"/>
<Node id="3595"/>But<Node id="3598"/> <Node id="3599"/>that<Node id="3603"/> <Node id="3604"/>does<Node id="3608"/>n't<Node id="3611"/> <Node id="3612"/>mean<Node id="3616"/> <Node id="3617"/>I<Node id="3618"/> <Node id="3619"/>doubt<Node id="3624"/> <Node id="3625"/>that<Node id="3629"/> <Node id="3630"/>there<Node id="3635"/> <Node id="3636"/>is<Node id="3638"/> <Node id="3639"/>a<Node id="3640"/> <Node id="3641"/>difference<Node id="3651"/> <Node id="3652"/>between<Node id="3659"/>
<Node id="3660"/>true<Node id="3664"/> <Node id="3665"/>and<Node id="3668"/> <Node id="3669"/>false<Node id="3674"/>,<Node id="3675"/> <Node id="3676"/>nor<Node id="3679"/> <Node id="3680"/>that<Node id="3684"/> <Node id="3685"/>I<Node id="3686"/> <Node id="3687"/>think<Node id="3692"/> <Node id="3693"/>there<Node id="3698"/> <Node id="3699"/>is<Node id="3701"/> <Node id="3702"/>no<Node id="3704"/> <Node id="3705"/>benefit<Node id="3712"/> <Node id="3713"/>in<Node id="3715"/> <Node id="3716"/>finding<Node id="3723"/> <Node id="3724"/>out<Node id="3727"/>
<Node id="3728"/>what<Node id="3732"/> <Node id="3733"/>is<Node id="3735"/> <Node id="3736"/>true<Node id="3740"/>.<Node id="3741"/> <Node id="3742"/> <Node id="3743"/>-<Node id="3744"/>-<Node id="3745"/>clh<Node id="3748"/>]<Node id="3749"/>
<Node id="3750"/></TextWithNodes>
<!-- The default annotation set -->

<AnnotationSet>
<Annotation EndNode="3750" StartNode="0" Type="Mention" Id="9999999">
<Feature>
<Name classname="java.lang.String">Class</Name>
<Value classname="java.lang.String">0</Value>
</Feature>
</Annotation>

<Annotation Id="7" Type="Token" StartNode="17" EndNode="25">
<Feature>
  <Name className="java.lang.String">string</Name>
  <Value className="java.lang.String">Colorado</Value>
</Feature>
</Annotation>
<Annotation Id="12" Type="Token" StartNode="31" EndNode="38">
<Feature>
  <Name className="java.lang.String">string</Name>
  <Value className="java.lang.String">Kenneth</Value>
</Feature>
</Annotation>
<Annotation Id="17" Type="Token" StartNode="46" EndNode="54">
<Feature>
  <Name className="java.lang.String">string</Name>
  <Value className="java.lang.String">Message-</Value>
</Feature>
</Annotation>
<Annotation Id="38" Type="Token" StartNode="91" EndNode="98">
<Feature>
  <Name className="java.lang.String">string</Name>
  <Value className="java.lang.String">rutgers</Value>
</Feature>
</Annotation>
<Annotation Id="63" Type="Token" StartNode="141" EndNode="148">
<Feature>
  <Name className="java.lang.String">string</Name>
  <Value className="java.lang.String">hedrick</Value>
</Feature>
</Annotation>
<Annotation Id="60" Type="Token" StartNode="133" EndNode="139">
<Feature>
  <Name className="java.lang.String">string</Name>
  <Value className="java.lang.String">Sender</Value>
</Feature>
</Annotation>
<Annotation Id="71" Type="Token" StartNode="167" EndNode="179">
<Feature>
  <Name className="java.lang.String">string</Name>
  <Value className="java.lang.String">Organization</Value>
</Feature>
</Annotation>
<Annotation Id="67" Type="Token" StartNode="155" EndNode="162">
<Feature>
  <Name className="java.lang.String">string</Name>
  <Value className="java.lang.String">rutgers</Value>
</Feature>
</Annotation>
<Annotation Id="78" Type="Token" StartNode="195" EndNode="203">
<Feature>
  <Name className="java.lang.String">string</Name>
  <Value className="java.lang.String">Colorado</Value>
</Feature>
</Annotation>
<Annotation Id="74" Type="Token" StartNode="181" EndNode="191">
<Feature>
  <Name className="java.lang.String">string</Name>
  <Value className="java.lang.String">University</Value>
</Feature>
</Annotation>
<Annotation Id="81" Type="Token" StartNode="205" EndNode="212">
<Feature>
  <Name className="java.lang.String">string</Name>
  <Value className="java.lang.String">Boulder</Value>
</Feature>
</Annotation>
<Annotation Id="93" Type="Token" StartNode="243" EndNode="249">
<Feature>
  <Name className="java.lang.String">string</Name>
  <Value className="java.lang.String">aramis</Value>
</Feature>
</Annotation>
<Annotation Id="95" Type="Token" StartNode="250" EndNode="257">
<Feature>
  <Name className="java.lang.String">string</Name>
  <Value className="java.lang.String">rutgers</Value>
</Feature>
</Annotation>
<Annotation Id="88" Type="Token" StartNode="223" EndNode="231">
<Feature>
  <Name className="java.lang.String">string</Name>
  <Value className="java.lang.String">Approved</Value>
</Feature>
</Annotation>
<Annotation Id="91" Type="Token" StartNode="233" EndNode="242">
<Feature>
  <Name className="java.lang.String">string</Name>
  <Value className="java.lang.String">christian</Value>
</Feature>
</Annotation>
<Annotation Id="102" Type="Token" StartNode="266" EndNode="273">
<Feature>
  <Name className="java.lang.String">string</Name>
  <Value className="java.lang.String">article</Value>
</Feature>
</Annotation>
<Annotation Id="126" Type="Token" StartNode="321" EndNode="327">
<Feature>
  <Name className="java.lang.String">string</Name>
  <Value className="java.lang.String">kilroy</Value>
</Feature>
</Annotation>
<Annotation Id="121" Type="Token" StartNode="308" EndNode="315">
<Feature>
  <Name className="java.lang.String">string</Name>
  <Value className="java.lang.String">rutgers</Value>
</Feature>
</Annotation>
<Annotation Id="141" Type="Token" StartNode="356" EndNode="363">
<Feature>
  <Name className="java.lang.String">string</Name>
  <Value className="java.lang.String">Sweetie</Value>
</Feature>
</Annotation>
<Annotation Id="152" Type="Token" StartNode="387" EndNode="393">
<Feature>
  <Name className="java.lang.String">string</Name>
  <Value className="java.lang.String">quoted</Value>
</Feature>
</Annotation>
<Annotation Id="156" Type="Token" StartNode="396" EndNode="402">
<Feature>
  <Name className="java.lang.String">string</Name>
  <Value className="java.lang.String">letter</Value>
</Feature>
</Annotation>
<Annotation Id="144" Type="Token" StartNode="365" EndNode="371">
<Feature>
  <Name className="java.lang.String">string</Name>
  <Value className="java.lang.String">writes</Value>
</Feature>
</Annotation>
<Annotation Id="150" Type="Token" StartNode="379" EndNode="386">
<Feature>
  <Name className="java.lang.String">string</Name>
  <Value className="java.lang.String">Velasco</Value>
</Feature>
</Annotation>
<Annotation Id="167" Type="Token" StartNode="425" EndNode="434">
<Feature>
  <Name className="java.lang.String">string</Name>
  <Value className="java.lang.String">president</Value>
</Feature>
</Annotation>
<Annotation Id="164" Type="Token" StartNode="416" EndNode="423">
<Feature>
  <Name className="java.lang.String">string</Name>
  <Value className="java.lang.String">Stowell</Value>
</Feature>
</Annotation>
<Annotation Id="187" Type="Token" StartNode="471" EndNode="477">
<Feature>
  <Name className="java.lang.String">string</Name>
  <Value className="java.lang.String">affirm</Value>
</Feature>
</Annotation>
<Annotation Id="191" Type="Token" StartNode="482" EndNode="491">
<Feature>
  <Name className="java.lang.String">string</Name>
  <Value className="java.lang.String">absolutes</Value>
</Feature>
</Annotation>
<Annotation Id="176" Type="Token" StartNode="451" EndNode="460">
<Feature>
  <Name className="java.lang.String">string</Name>
  <Value className="java.lang.String">Institute</Value>
</Feature>
</Annotation>
<Annotation Id="206" Type="Token" StartNode="525" EndNode="533">
<Feature>
  <Name className="java.lang.String">string</Name>
  <Value className="java.lang.String">arrogant</Value>
</Feature>
</Annotation>
<Annotation Id="200" Type="Token" StartNode="510" EndNode="517">
<Feature>
  <Name className="java.lang.String">string</Name>
  <Value className="java.lang.String">because</Value>
</Feature>
</Annotation>
<Annotation Id="195" Type="Token" StartNode="495" EndNode="504">
<Feature>
  <Name className="java.lang.String">string</Name>
  <Value className="java.lang.String">Scripture</Value>
</Feature>
</Annotation>
<Annotation Id="221" Type="Token" StartNode="564" EndNode="571">
<Feature>
  <Name className="java.lang.String">string</Name>
  <Value className="java.lang.String">believe</Value>
</Feature>
</Annotation>
<Annotation Id="217" Type="Token" StartNode="553" EndNode="560">
<Feature>
  <Name className="java.lang.String">string</Name>
  <Value className="java.lang.String">because</Value>
</Feature>
</Annotation>
<Annotation Id="212" Type="Token" StartNode="538" EndNode="547">
<Feature>
  <Name className="java.lang.String">string</Name>
  <Value className="java.lang.String">moralists</Value>
</Feature>
</Annotation>
<Annotation Id="238" Type="Token" StartNode="601" EndNode="609">
<Feature>
  <Name className="java.lang.String">string</Name>
  <Value className="java.lang.String">revealed</Value>
</Feature>
</Annotation>
<Annotation Id="275" Type="Token" StartNode="689" EndNode="699">
<Feature>
  <Name className="java.lang.String">string</Name>
  <Value className="java.lang.String">importance</Value>
</Feature>
</Annotation>
<Annotation Id="281" Type="Token" StartNode="709" EndNode="718">
<Feature>
  <Name className="java.lang.String">string</Name>
  <Value className="java.lang.String">absolutes</Value>
</Feature>
</Annotation>
<Annotation Id="257" Type="Token" StartNode="641" EndNode="650">
<Feature>
  <Name className="java.lang.String">string</Name>
  <Value className="java.lang.String">therefore</Value>
</Feature>
</Annotation>
<Annotation Id="265" Type="Token" StartNode="662" EndNode="670">
<Feature>
  <Name className="java.lang.String">string</Name>
  <Value className="java.lang.String">precious</Value>
</Feature>
</Annotation>
<Annotation Id="269" Type="Token" StartNode="675" EndNode="684">
<Feature>
  <Name className="java.lang.String">string</Name>
  <Value className="java.lang.String">strategic</Value>
</Feature>
</Annotation>
<Annotation Id="309" Type="Token" StartNode="771" EndNode="777">
<Feature>
  <Name className="java.lang.String">string</Name>
  <Value className="java.lang.String">nobody</Value>
</Feature>
</Annotation>
<Annotation Id="300" Type="Token" StartNode="748" EndNode="758">
<Feature>
  <Name className="java.lang.String">string</Name>
  <Value className="java.lang.String">discussion</Value>
</Feature>
</Annotation>
<Annotation Id="322" Type="Token" StartNode="800" EndNode="807">
<Feature>
  <Name className="java.lang.String">string</Name>
  <Value className="java.lang.String">exactly</Value>
</Feature>
</Annotation>
<Annotation Id="333" Type="Token" StartNode="831" EndNode="840">
<Feature>
  <Name className="java.lang.String">string</Name>
  <Value className="java.lang.String">arrogance</Value>
</Feature>
</Annotation>
<Annotation Id="328" Type="Token" StartNode="817" EndNode="826">
<Feature>
  <Name className="java.lang.String">string</Name>
  <Value className="java.lang.String">criticism</Value>
</Feature>
</Annotation>
<Annotation Id="373" Type="Token" StartNode="918" EndNode="928">
<Feature>
  <Name className="java.lang.String">string</Name>
  <Value className="java.lang.String">Christians</Value>
</Feature>
</Annotation>
<Annotation Id="369" Type="Token" StartNode="905" EndNode="914">
<Feature>
  <Name className="java.lang.String">string</Name>
  <Value className="java.lang.String">arrogance</Value>
</Feature>
</Annotation>
<Annotation Id="381" Type="Token" StartNode="943" EndNode="949">
<Feature>
  <Name className="java.lang.String">string</Name>
  <Value className="java.lang.String">people</Value>
</Feature>
</Annotation>
<Annotation Id="383" Type="Token" StartNode="950" EndNode="957">
<Feature>
  <Name className="java.lang.String">string</Name>
  <Value className="java.lang.String">believe</Value>
</Feature>
</Annotation>
<Annotation Id="376" Type="Token" StartNode="930" EndNode="936">
<Feature>
  <Name className="java.lang.String">string</Name>
  <Value className="java.lang.String">arises</Value>
</Feature>
</Annotation>
<Annotation Id="354" Type="Token" StartNode="874" EndNode="881">
<Feature>
  <Name className="java.lang.String">string</Name>
  <Value className="java.lang.String">deleted</Value>
</Feature>
</Annotation>
<Annotation Id="411" Type="Token" StartNode="1036" EndNode="1045">
<Feature>
  <Name className="java.lang.String">string</Name>
  <Value className="java.lang.String">doctrines</Value>
</Feature>
</Annotation>
<Annotation Id="415" Type="Token" StartNode="1049" EndNode="1061">
<Feature>
  <Name className="java.lang.String">string</Name>
  <Value className="java.lang.String">Christianity</Value>
</Feature>
</Annotation>
<Annotation Id="402" Type="Token" StartNode="1006" EndNode="1014">
<Feature>
  <Name className="java.lang.String">string</Name>
  <Value className="java.lang.String">absolute</Value>
</Feature>
</Annotation>
<Annotation Id="404" Type="Token" StartNode="1015" EndNode="1024">
<Feature>
  <Name className="java.lang.String">string</Name>
  <Value className="java.lang.String">certainty</Value>
</Feature>
</Annotation>
<Annotation Id="394" Type="Token" StartNode="983" EndNode="991">
<Feature>
  <Name className="java.lang.String">string</Name>
  <Value className="java.lang.String">research</Value>
</Feature>
</Annotation>
<Annotation Id="392" Type="Token" StartNode="974" EndNode="982">
<Feature>
  <Name className="java.lang.String">string</Name>
  <Value className="java.lang.String">personal</Value>
</Feature>
</Annotation>
<Annotation Id="435" Type="Token" StartNode="1109" EndNode="1119">
<Feature>
  <Name className="java.lang.String">string</Name>
  <Value className="java.lang.String">infallible</Value>
</Feature>
</Annotation>
<Annotation Id="424" Type="Token" StartNode="1074" EndNode="1084">
<Feature>
  <Name className="java.lang.String">string</Name>
  <Value className="java.lang.String">implicitly</Value>
</Feature>
</Annotation>
<Annotation Id="426" Type="Token" StartNode="1085" EndNode="1093">
<Feature>
  <Name className="java.lang.String">string</Name>
  <Value className="java.lang.String">claiming</Value>
</Feature>
</Annotation>
<Annotation Id="472" Type="Token" StartNode="1206" EndNode="1213">
<Feature>
  <Name className="java.lang.String">string</Name>
  <Value className="java.lang.String">mistake</Value>
</Feature>
</Annotation>
<Annotation Id="458" Type="Token" StartNode="1169" EndNode="1177">
<Feature>
  <Name className="java.lang.String">string</Name>
  <Value className="java.lang.String">Claiming</Value>
</Feature>
</Annotation>
<Annotation Id="452" Type="Token" StartNode="1157" EndNode="1164">
<Feature>
  <Name className="java.lang.String">string</Name>
  <Value className="java.lang.String">mistake</Value>
</Feature>
</Annotation>
<Annotation Id="448" Type="Token" StartNode="1142" EndNode="1153">
<Feature>
  <Name className="java.lang.String">string</Name>
  <Value className="java.lang.String">possibility</Value>
</Feature>
</Annotation>
<Annotation Id="501" Type="Token" StartNode="1280" EndNode="1286">
<Feature>
  <Name className="java.lang.String">string</Name>
  <Value className="java.lang.String">pretty</Value>
</Feature>
</Annotation>
<Annotation Id="503" Type="Token" StartNode="1287" EndNode="1295">
<Feature>
  <Name className="java.lang.String">string</Name>
  <Value className="java.lang.String">arrogant</Value>
</Feature>
</Annotation>
<Annotation Id="496" Type="Token" StartNode="1265" EndNode="1275">
<Feature>
  <Name className="java.lang.String">string</Name>
  <Value className="java.lang.String">conclusion</Value>
</Feature>
</Annotation>
<Annotation Id="494" Type="Token" StartNode="1256" EndNode="1264">
<Feature>
  <Name className="java.lang.String">string</Name>
  <Value className="java.lang.String">flawless</Value>
</Feature>
</Annotation>
<Annotation Id="481" Type="Token" StartNode="1229" EndNode="1237">
<Feature>
  <Name className="java.lang.String">string</Name>
  <Value className="java.lang.String">thinking</Value>
</Feature>
</Annotation>
<Annotation Id="559" Type="Token" StartNode="1420" EndNode="1427">
<Feature>
  <Name className="java.lang.String">string</Name>
  <Value className="java.lang.String">problem</Value>
</Feature>
</Annotation>
<Annotation Id="553" Type="Token" StartNode="1402" EndNode="1411">
<Feature>
  <Name className="java.lang.String">string</Name>
  <Value className="java.lang.String">arrogance</Value>
</Feature>
</Annotation>
<Annotation Id="515" Type="Token" StartNode="1316" EndNode="1322">
<Feature>
  <Name className="java.lang.String">string</Name>
  <Value className="java.lang.String">Darren</Value>
</Feature>
</Annotation>
<Annotation Id="541" Type="Token" StartNode="1374" EndNode="1385">
<Feature>
  <Name className="java.lang.String">string</Name>
  <Value className="java.lang.String">observation</Value>
</Feature>
</Annotation>
<Annotation Id="539" Type="Token" StartNode="1365" EndNode="1373">
<Feature>
  <Name className="java.lang.String">string</Name>
  <Value className="java.lang.String">personal</Value>
</Feature>
</Annotation>
<Annotation Id="611" Type="Token" StartNode="1551" EndNode="1558">
<Feature>
  <Name className="java.lang.String">string</Name>
  <Value className="java.lang.String">Clearly</Value>
</Feature>
</Annotation>
<Annotation Id="623" Type="Token" StartNode="1578" EndNode="1587">
<Feature>
  <Name className="java.lang.String">string</Name>
  <Value className="java.lang.String">Christian</Value>
</Feature>
</Annotation>
<Annotation Id="629" Type="Token" StartNode="1596" EndNode="1605">
<Feature>
  <Name className="java.lang.String">string</Name>
  <Value className="java.lang.String">Christian</Value>
</Feature>
</Annotation>
<Annotation Id="580" Type="Token" StartNode="1462" EndNode="1470">
<Feature>
  <Name className="java.lang.String">string</Name>
  <Value className="java.lang.String">personal</Value>
</Feature>
</Annotation>
<Annotation Id="582" Type="Token" StartNode="1471" EndNode="1480">
<Feature>
  <Name className="java.lang.String">string</Name>
  <Value className="java.lang.String">certainty</Value>
</Feature>
</Annotation>
<Annotation Id="593" Type="Token" StartNode="1496" EndNode="1503">
<Feature>
  <Name className="java.lang.String">string</Name>
  <Value className="java.lang.String">respect</Value>
</Feature>
</Annotation>
<Annotation Id="597" Type="Token" StartNode="1508" EndNode="1514">
<Feature>
  <Name className="java.lang.String">string</Name>
  <Value className="java.lang.String">others</Value>
</Feature>
</Annotation>
<Annotation Id="605" Type="Token" StartNode="1527" EndNode="1536">
<Feature>
  <Name className="java.lang.String">string</Name>
  <Value className="java.lang.String">differing</Value>
</Feature>
</Annotation>
<Annotation Id="607" Type="Token" StartNode="1537" EndNode="1548">
<Feature>
  <Name className="java.lang.String">string</Name>
  <Value className="java.lang.String">conclusions</Value>
</Feature>
</Annotation>
<Annotation Id="685" Type="Token" StartNode="1754" EndNode="1764">
<Feature>
  <Name className="java.lang.String">string</Name>
  <Value className="java.lang.String">aesthetics</Value>
</Feature>
</Annotation>
<Annotation Id="680" Type="Token" StartNode="1740" EndNode="1747">
<Feature>
  <Name className="java.lang.String">string</Name>
  <Value className="java.lang.String">because</Value>
</Feature>
</Annotation>
<Annotation Id="676" Type="Token" StartNode="1725" EndNode="1733">
<Feature>
  <Name className="java.lang.String">string</Name>
  <Value className="java.lang.String">personal</Value>
</Feature>
</Annotation>
<Annotation Id="672" Type="Token" StartNode="1714" EndNode="1721">
<Feature>
  <Name className="java.lang.String">string</Name>
  <Value className="java.lang.String">matters</Value>
</Feature>
</Annotation>
<Annotation Id="698" Type="Token" StartNode="1791" EndNode="1800">
<Feature>
  <Name className="java.lang.String">string</Name>
  <Value className="java.lang.String">objective</Value>
</Feature>
</Annotation>
<Annotation Id="694" Type="Token" StartNode="1776" EndNode="1787">
<Feature>
  <Name className="java.lang.String">string</Name>
  <Value className="java.lang.String">demonstable</Value>
</Feature>
</Annotation>
<Annotation Id="648" Type="Token" StartNode="1651" EndNode="1657">
<Feature>
  <Name className="java.lang.String">string</Name>
  <Value className="java.lang.String">within</Value>
</Feature>
</Annotation>
<Annotation Id="650" Type="Token" StartNode="1658" EndNode="1670">
<Feature>
  <Name className="java.lang.String">string</Name>
  <Value className="java.lang.String">Christianity</Value>
</Feature>
</Annotation>
<Annotation Id="644" Type="Token" StartNode="1636" EndNode="1642">
<Feature>
  <Name className="java.lang.String">string</Name>
  <Value className="java.lang.String">belief</Value>
</Feature>
</Annotation>
<Annotation Id="646" Type="Token" StartNode="1643" EndNode="1650">
<Feature>
  <Name className="java.lang.String">string</Name>
  <Value className="java.lang.String">systems</Value>
</Feature>
</Annotation>
<Annotation Id="640" Type="Token" StartNode="1624" EndNode="1632">
<Feature>
  <Name className="java.lang.String">string</Name>
  <Value className="java.lang.String">spectrum</Value>
</Feature>
</Annotation>
<Annotation Id="668" Type="Token" StartNode="1701" EndNode="1707">
<Feature>
  <Name className="java.lang.String">string</Name>
  <Value className="java.lang.String">others</Value>
</Feature>
</Annotation>
<Annotation Id="747" Type="Token" StartNode="1926" EndNode="1933">
<Feature>
  <Name className="java.lang.String">string</Name>
  <Value className="java.lang.String">suggest</Value>
</Feature>
</Annotation>
<Annotation Id="745" Type="Token" StartNode="1919" EndNode="1925">
<Feature>
  <Name className="java.lang.String">string</Name>
  <Value className="java.lang.String">others</Value>
</Feature>
</Annotation>
<Annotation Id="737" Type="Token" StartNode="1900" EndNode="1907">
<Feature>
  <Name className="java.lang.String">string</Name>
  <Value className="java.lang.String">bothers</Value>
</Feature>
</Annotation>
<Annotation Id="766" Type="Token" StartNode="1974" EndNode="1982">
<Feature>
  <Name className="java.lang.String">string</Name>
  <Value className="java.lang.String">specific</Value>
</Feature>
</Annotation>
<Annotation Id="757" Type="Token" StartNode="1950" EndNode="1957">
<Feature>
  <Name className="java.lang.String">string</Name>
  <Value className="java.lang.String">matters</Value>
</Feature>
</Annotation>
<Annotation Id="712" Type="Token" StartNode="1828" EndNode="1835">
<Feature>
  <Name className="java.lang.String">string</Name>
  <Value className="java.lang.String">believe</Value>
</Feature>
</Annotation>
<Annotation Id="706" Type="Token" StartNode="1811" EndNode="1819">
<Feature>
  <Name className="java.lang.String">string</Name>
  <Value className="java.lang.String">Choosing</Value>
</Feature>
</Annotation>
<Annotation Id="728" Type="Token" StartNode="1871" EndNode="1879">
<Feature>
  <Name className="java.lang.String">string</Name>
  <Value className="java.lang.String">personal</Value>
</Feature>
</Annotation>
<Annotation Id="731" Type="Token" StartNode="1881" EndNode="1892">
<Feature>
  <Name className="java.lang.String">string</Name>
  <Value className="java.lang.String">sovereignty</Value>
</Feature>
</Annotation>
<Annotation Id="722" Type="Token" StartNode="1852" EndNode="1861">
<Feature>
  <Name className="java.lang.String">string</Name>
  <Value className="java.lang.String">important</Value>
</Feature>
</Annotation>
<Annotation Id="819" Type="Token" StartNode="2109" EndNode="2117">
<Feature>
  <Name className="java.lang.String">string</Name>
  <Value className="java.lang.String">everyone</Value>
</Feature>
</Annotation>
<Annotation Id="825" Type="Token" StartNode="2127" EndNode="2137">
<Feature>
  <Name className="java.lang.String">string</Name>
  <Value className="java.lang.String">revelation</Value>
</Feature>
</Annotation>
<Annotation Id="805" Type="Token" StartNode="2072" EndNode="2079">
<Feature>
  <Name className="java.lang.String">string</Name>
  <Value className="java.lang.String">follows</Value>
</Feature>
</Annotation>
<Annotation Id="791" Type="Token" StartNode="2039" EndNode="2045">
<Feature>
  <Name className="java.lang.String">string</Name>
  <Value className="java.lang.String">should</Value>
</Feature>
</Annotation>
<Annotation Id="787" Type="Token" StartNode="2026" EndNode="2034">
<Feature>
  <Name className="java.lang.String">string</Name>
  <Value className="java.lang.String">absolute</Value>
</Feature>
</Annotation>
<Annotation Id="799" Type="Token" StartNode="2060" EndNode="2066">
<Feature>
  <Name className="java.lang.String">string</Name>
  <Value className="java.lang.String">others</Value>
</Feature>
</Annotation>
<Annotation Id="795" Type="Token" StartNode="2049" EndNode="2056">
<Feature>
  <Name className="java.lang.String">string</Name>
  <Value className="java.lang.String">binding</Value>
</Feature>
</Annotation>
<Annotation Id="768" Type="Token" StartNode="1983" EndNode="1990">
<Feature>
  <Name className="java.lang.String">string</Name>
  <Value className="java.lang.String">beliefs</Value>
</Feature>
</Annotation>
<Annotation Id="884" Type="Token" StartNode="2283" EndNode="2290">
<Feature>
  <Name className="java.lang.String">string</Name>
  <Value className="java.lang.String">respect</Value>
</Feature>
</Annotation>
<Annotation Id="890" Type="Token" StartNode="2299" EndNode="2305">
<Feature>
  <Name className="java.lang.String">string</Name>
  <Value className="java.lang.String">honest</Value>
</Feature>
</Annotation>
<Annotation Id="892" Type="Token" StartNode="2306" EndNode="2317">
<Feature>
  <Name className="java.lang.String">string</Name>
  <Value className="java.lang.String">conclusions</Value>
</Feature>
</Annotation>
<Annotation Id="871" Type="Token" StartNode="2256" EndNode="2265">
<Feature>
  <Name className="java.lang.String">string</Name>
  <Value className="java.lang.String">arrogance</Value>
</Feature>
</Annotation>
<Annotation Id="849" Type="Token" StartNode="2190" EndNode="2200">
<Feature>
  <Name className="java.lang.String">string</Name>
  <Value className="java.lang.String">conclusion</Value>
</Feature>
</Annotation>
<Annotation Id="855" Type="Token" StartNode="2218" EndNode="2226">
<Feature>
  <Name className="java.lang.String">string</Name>
  <Value className="java.lang.String">choosing</Value>
</Feature>
</Annotation>
<Annotation Id="853" Type="Token" StartNode="2204" EndNode="2217">
<Feature>
  <Name className="java.lang.String">string</Name>
  <Value className="java.lang.String">intentionally</Value>
</Feature>
</Annotation>
<Annotation Id="837" Type="Token" StartNode="2158" EndNode="2164">
<Feature>
  <Name className="java.lang.String">string</Name>
  <Value className="java.lang.String">anyone</Value>
</Feature>
</Annotation>
<Annotation Id="847" Type="Token" StartNode="2180" EndNode="2189">
<Feature>
  <Name className="java.lang.String">string</Name>
  <Value className="java.lang.String">different</Value>
</Feature>
</Annotation>
<Annotation Id="956" Type="Token" StartNode="2491" EndNode="2498">
<Feature>
  <Name className="java.lang.String">string</Name>
  <Value className="java.lang.String">coupled</Value>
</Feature>
</Annotation>
<Annotation Id="951" Type="Token" StartNode="2475" EndNode="2483">
<Feature>
  <Name className="java.lang.String">string</Name>
  <Value className="java.lang.String">personal</Value>
</Feature>
</Annotation>
<Annotation Id="947" Type="Token" StartNode="2464" EndNode="2471">
<Feature>
  <Name className="java.lang.String">string</Name>
  <Value className="java.lang.String">matters</Value>
</Feature>
</Annotation>
<Annotation Id="943" Type="Token" StartNode="2443" EndNode="2457">
<Feature>
  <Name className="java.lang.String">string</Name>
  <Value className="java.lang.String">universalizing</Value>
</Feature>
</Annotation>
<Annotation Id="935" Type="Token" StartNode="2428" EndNode="2434">
<Feature>
  <Name className="java.lang.String">string</Name>
  <Value className="java.lang.String">others</Value>
</Feature>
</Annotation>
<Annotation Id="931" Type="Token" StartNode="2417" EndNode="2424">
<Feature>
  <Name className="java.lang.String">string</Name>
  <Value className="java.lang.String">beliefs</Value>
</Feature>
</Annotation>
<Annotation Id="923" Type="Token" StartNode="2397" EndNode="2403">
<Feature>
  <Name className="java.lang.String">string</Name>
  <Value className="java.lang.String">leaves</Value>
</Feature>
</Annotation>
<Annotation Id="921" Type="Token" StartNode="2387" EndNode="2396">
<Feature>
  <Name className="java.lang.String">string</Name>
  <Value className="java.lang.String">certainty</Value>
</Feature>
</Annotation>
<Annotation Id="919" Type="Token" StartNode="2378" EndNode="2386">
<Feature>
  <Name className="java.lang.String">string</Name>
  <Value className="java.lang.String">personal</Value>
</Feature>
</Annotation>
<Annotation Id="906" Type="Token" StartNode="2349" EndNode="2356">
<Feature>
  <Name className="java.lang.String">string</Name>
  <Value className="java.lang.String">between</Value>
</Feature>
</Annotation>
<Annotation Id="900" Type="Token" StartNode="2331" EndNode="2338">
<Feature>
  <Name className="java.lang.String">string</Name>
  <Value className="java.lang.String">matters</Value>
</Feature>
</Annotation>
<Annotation Id="896" Type="Token" StartNode="2321" EndNode="2327">
<Feature>
  <Name className="java.lang.String">string</Name>
  <Value className="java.lang.String">others</Value>
</Feature>
</Annotation>
<Annotation Id="1021" Type="Token" StartNode="2648" EndNode="2654">
<Feature>
  <Name className="java.lang.String">string</Name>
  <Value className="java.lang.String">Darren</Value>
</Feature>
</Annotation>
<Annotation Id="1008" Type="Token" StartNode="2618" EndNode="2630">
<Feature>
  <Name className="java.lang.String">string</Name>
  <Value className="java.lang.String">nonuniversal</Value>
</Feature>
</Annotation>
<Annotation Id="1011" Type="Token" StartNode="2632" EndNode="2639">
<Feature>
  <Name className="java.lang.String">string</Name>
  <Value className="java.lang.String">opinion</Value>
</Feature>
</Annotation>
<Annotation Id="1003" Type="Token" StartNode="2606" EndNode="2612">
<Feature>
  <Name className="java.lang.String">string</Name>
  <Value className="java.lang.String">honest</Value>
</Feature>
</Annotation>
<Annotation Id="995" Type="Token" StartNode="2588" EndNode="2597">
<Feature>
  <Name className="java.lang.String">string</Name>
  <Value className="java.lang.String">arrogance</Value>
</Feature>
</Annotation>
<Annotation Id="980" Type="Token" StartNode="2553" EndNode="2561">
<Feature>
  <Name className="java.lang.String">string</Name>
  <Value className="java.lang.String">superior</Value>
</Feature>
</Annotation>
<Annotation Id="972" Type="Token" StartNode="2528" EndNode="2540">
<Feature>
  <Name className="java.lang.String">string</Name>
  <Value className="java.lang.String">relationship</Value>
</Feature>
</Annotation>
<Annotation Id="964" Type="Token" StartNode="2510" EndNode="2516">
<Feature>
  <Name className="java.lang.String">string</Name>
  <Value className="java.lang.String">notion</Value>
</Feature>
</Annotation>
<Annotation Id="1132" Type="Token" StartNode="2861" EndNode="2868">
<Feature>
  <Name className="java.lang.String">string</Name>
  <Value className="java.lang.String">welcome</Value>
</Feature>
</Annotation>
<Annotation Id="1130" Type="Token" StartNode="2851" EndNode="2860">
<Feature>
  <Name className="java.lang.String">string</Name>
  <Value className="java.lang.String">criticism</Value>
</Feature>
</Annotation>
<Annotation Id="1127" Type="Token" StartNode="2841" EndNode="2849">
<Feature>
  <Name className="java.lang.String">string</Name>
  <Value className="java.lang.String">comments</Value>
</Feature>
</Annotation>
<Annotation Id="1124" Type="Token" StartNode="2827" EndNode="2839">
<Feature>
  <Name className="java.lang.String">string</Name>
  <Value className="java.lang.String">Wittgenstein</Value>
</Feature>
</Annotation>
<Annotation Id="1122" Type="Token" StartNode="2820" EndNode="2826">
<Feature>
  <Name className="java.lang.String">string</Name>
  <Value className="java.lang.String">Ludwig</Value>
</Feature>
</Annotation>
<Annotation Id="1144" Type="Token" StartNode="2888" EndNode="2896">
<Feature>
  <Name className="java.lang.String">string</Name>
  <Value className="java.lang.String">colorado</Value>
</Feature>
</Annotation>
<Annotation Id="1025" Type="Token" StartNode="2657" EndNode="2664">
<Feature>
  <Name className="java.lang.String">string</Name>
  <Value className="java.lang.String">Provine</Value>
</Feature>
</Annotation>
<Annotation Id="1029" Type="Token" StartNode="2667" EndNode="2673">
<Feature>
  <Name className="java.lang.String">string</Name>
  <Value className="java.lang.String">kilroy</Value>
</Feature>
</Annotation>
<Annotation Id="1049" Type="Token" StartNode="2711" EndNode="2723">
<Feature>
  <Name className="java.lang.String">string</Name>
  <Value className="java.lang.String">well-founded</Value>
</Feature>
</Annotation>
<Annotation Id="1051" Type="Token" StartNode="2724" EndNode="2730">
<Feature>
  <Name className="java.lang.String">string</Name>
  <Value className="java.lang.String">belief</Value>
</Feature>
</Annotation>
<Annotation Id="1056" Type="Token" StartNode="2737" EndNode="2743">
<Feature>
  <Name className="java.lang.String">string</Name>
  <Value className="java.lang.String">belief</Value>
</Feature>
</Annotation>
<Annotation Id="1062" Type="Token" StartNode="2752" EndNode="2761">
<Feature>
  <Name className="java.lang.String">string</Name>
  <Value className="java.lang.String">unfounded</Value>
</Feature>
</Annotation>
<Annotation Id="1222" Type="Token" StartNode="3081" EndNode="3094">
<Feature>
  <Name className="java.lang.String">string</Name>
  <Value className="java.lang.String">clarification</Value>
</Feature>
</Annotation>
<Annotation Id="1236" Type="Token" StartNode="3124" EndNode="3130">
<Feature>
  <Name className="java.lang.String">string</Name>
  <Value className="java.lang.String">reject</Value>
</Feature>
</Annotation>
<Annotation Id="1244" Type="Token" StartNode="3143" EndNode="3149">
<Feature>
  <Name className="java.lang.String">string</Name>
  <Value className="java.lang.String">saying</Value>
</Feature>
</Annotation>
<Annotation Id="1251" Type="Token" StartNode="3166" EndNode="3173">
<Feature>
  <Name className="java.lang.String">string</Name>
  <Value className="java.lang.String">beliefs</Value>
</Feature>
</Annotation>
<Annotation Id="1249" Type="Token" StartNode="3157" EndNode="3165">
<Feature>
  <Name className="java.lang.String">string</Name>
  <Value className="java.lang.String">specific</Value>
</Feature>
</Annotation>
<Annotation Id="1269" Type="Token" StartNode="3208" EndNode="3216">
<Feature>
  <Name className="java.lang.String">string</Name>
  <Value className="java.lang.String">absolute</Value>
</Feature>
</Annotation>
<Annotation Id="1277" Type="Token" StartNode="3231" EndNode="3238">
<Feature>
  <Name className="java.lang.String">string</Name>
  <Value className="java.lang.String">binding</Value>
</Feature>
</Annotation>
<Annotation Id="1273" Type="Token" StartNode="3221" EndNode="3227">
<Feature>
  <Name className="java.lang.String">string</Name>
  <Value className="java.lang.String">should</Value>
</Feature>
</Annotation>
<Annotation Id="1154" Type="Token" StartNode="2909" EndNode="2918">
<Feature>
  <Name className="java.lang.String">string</Name>
  <Value className="java.lang.String">certainly</Value>
</Feature>
</Annotation>
<Annotation Id="1156" Type="Token" StartNode="2919" EndNode="2929">
<Feature>
  <Name className="java.lang.String">string</Name>
  <Value className="java.lang.String">reasonable</Value>
</Feature>
</Annotation>
<Annotation Id="1166" Type="Token" StartNode="2946" EndNode="2954">
<Feature>
  <Name className="java.lang.String">string</Name>
  <Value className="java.lang.String">humility</Value>
</Feature>
</Annotation>
<Annotation Id="1174" Type="Token" StartNode="2969" EndNode="2976">
<Feature>
  <Name className="java.lang.String">string</Name>
  <Value className="java.lang.String">ability</Value>
</Feature>
</Annotation>
<Annotation Id="1192" Type="Token" StartNode="3012" EndNode="3021">
<Feature>
  <Name className="java.lang.String">string</Name>
  <Value className="java.lang.String">different</Value>
</Feature>
</Annotation>
<Annotation Id="1204" Type="Token" StartNode="3045" EndNode="3053">
<Feature>
  <Name className="java.lang.String">string</Name>
  <Value className="java.lang.String">practice</Value>
</Feature>
</Annotation>
<Annotation Id="1345" Type="Token" StartNode="3398" EndNode="3405">
<Feature>
  <Name className="java.lang.String">string</Name>
  <Value className="java.lang.String">believe</Value>
</Feature>
</Annotation>
<Annotation Id="1390" Type="Token" StartNode="3494" EndNode="3503">
<Feature>
  <Name className="java.lang.String">string</Name>
  <Value className="java.lang.String">suggested</Value>
</Feature>
</Annotation>
<Annotation Id="1382" Type="Token" StartNode="3478" EndNode="3484">
<Feature>
  <Name className="java.lang.String">string</Name>
  <Value className="java.lang.String">others</Value>
</Feature>
</Annotation>
<Annotation Id="1376" Type="Token" StartNode="3463" EndNode="3469">
<Feature>
  <Name className="java.lang.String">string</Name>
  <Value className="java.lang.String">people</Value>
</Feature>
</Annotation>
<Annotation Id="1306" Type="Token" StartNode="3299" EndNode="3307">
<Feature>
  <Name className="java.lang.String">string</Name>
  <Value className="java.lang.String">assuming</Value>
</Feature>
</Annotation>
<Annotation Id="1303" Type="Token" StartNode="3289" EndNode="3297">
<Feature>
  <Name className="java.lang.String">string</Name>
  <Value className="java.lang.String">everyone</Value>
</Feature>
</Annotation>
<Annotation Id="1288" Type="Token" StartNode="3255" EndNode="3264">
<Feature>
  <Name className="java.lang.String">string</Name>
  <Value className="java.lang.String">something</Value>
</Feature>
</Annotation>
<Annotation Id="1281" Type="Token" StartNode="3242" EndNode="3248">
<Feature>
  <Name className="java.lang.String">string</Name>
  <Value className="java.lang.String">others</Value>
</Feature>
</Annotation>
<Annotation Id="1332" Type="Token" StartNode="3366" EndNode="3372">
<Feature>
  <Name className="java.lang.String">string</Name>
  <Value className="java.lang.String">course</Value>
</Feature>
</Annotation>
<Annotation Id="1334" Type="Token" StartNode="3373" EndNode="3382">
<Feature>
  <Name className="java.lang.String">string</Name>
  <Value className="java.lang.String">something</Value>
</Feature>
</Annotation>
<Annotation Id="1323" Type="Token" StartNode="3348" EndNode="3355">
<Feature>
  <Name className="java.lang.String">string</Name>
  <Value className="java.lang.String">history</Value>
</Feature>
</Annotation>
<Annotation Id="1312" Type="Token" StartNode="3317" EndNode="3323">
<Feature>
  <Name className="java.lang.String">string</Name>
  <Value className="java.lang.String">belief</Value>
</Feature>
</Annotation>
<Annotation Id="1316" Type="Token" StartNode="3327" EndNode="3336">
<Feature>
  <Name className="java.lang.String">string</Name>
  <Value className="java.lang.String">something</Value>
</Feature>
</Annotation>
<Annotation Id="1476" Type="Token" StartNode="3716" EndNode="3723">
<Feature>
  <Name className="java.lang.String">string</Name>
  <Value className="java.lang.String">finding</Value>
</Feature>
</Annotation>
<Annotation Id="1472" Type="Token" StartNode="3705" EndNode="3712">
<Feature>
  <Name className="java.lang.String">string</Name>
  <Value className="java.lang.String">benefit</Value>
</Feature>
</Annotation>
<Annotation Id="1408" Type="Token" StartNode="3537" EndNode="3546">
<Feature>
  <Name className="java.lang.String">string</Name>
  <Value className="java.lang.String">concerned</Value>
</Feature>
</Annotation>
<Annotation Id="1414" Type="Token" StartNode="3563" EndNode="3572">
<Feature>
  <Name className="java.lang.String">string</Name>
  <Value className="java.lang.String">agreement</Value>
</Feature>
</Annotation>
<Annotation Id="1412" Type="Token" StartNode="3553" EndNode="3562">
<Feature>
  <Name className="java.lang.String">string</Name>
  <Value className="java.lang.String">doctrinal</Value>
</Feature>
</Annotation>
<Annotation Id="1420" Type="Token" StartNode="3583" EndNode="3589">
<Feature>
  <Name className="java.lang.String">string</Name>
  <Value className="java.lang.String">people</Value>
</Feature>
</Annotation>
<Annotation Id="1447" Type="Token" StartNode="3641" EndNode="3651">
<Feature>
  <Name className="java.lang.String">string</Name>
  <Value className="java.lang.String">difference</Value>
</Feature>
</Annotation>
<Annotation Id="1449" Type="Token" StartNode="3652" EndNode="3659">
<Feature>
  <Name className="java.lang.String">string</Name>
  <Value className="java.lang.String">between</Value>
</Feature>
</Annotation>
</AnnotationSet>
<AnnotationSet Name="Original markups"> </AnnotationSet>
</GateDocument>