<?xml version='1.0' encoding='UTF-8'?>
<GateDocument version="3">
<!-- The document's features-->

<GateDocumentFeatures>
<Feature>
  <Name className="java.lang.String">Original_document_content_on_load</Name>
  <Value className="java.lang.String">From: bluelobster+@cmu.edu (David O Hunt)
Message-ID: &lt;May.13.02.28.43.1993.1468@geneva.rutgers.edu>
Date: 13 May 93 06:28:44 GMT
Sender: hedrick@geneva.rutgers.edu
Organization: Carnegie Mellon, Pittsburgh, PA
Lines: 44
Approved: christian@aramis.rutgers.edu

My first and most important point is that regardless of how your recovery
happened, I'm glad it did!

On 10-May-93 in Re: How I got saved...       
user Karen Lauro@camelot.brad writes:
>	I found it ore than coincidental that less than 2 weeks after
>I put my faith where my mouth was, one more in the long line of doctors
>and not even an orthopeodic specialist, diagnosed my problems with no
>difficulty, set me on the path to an effective cure, and I was walking
>and running again without the pain that had stopped me from that for
>4 years. The diagnosis was something he felt the other doctors must have
>"overlooked" because it was perfectly obvious from my test results.

NOW!  The point that I'll try to make is that coincidences like this occur
with a very high frequency.  How many of us have been thinking of someone
and had that person call?  Much of the whole psychic phenomenon is easily
explicable by this - one forgets the misses.  Consider your astrological
forcast in the newspaper.  How many times have you said "That's me" vs
"That's not me"?  You'll remember the hits, but the misses will be much more
frequent.

On 10-May-93 in Re: How I got saved...       
user Karen Lauro@camelot.brad writes:
>	Maybe this doesn't hit you as miraculous. But to me it really
>is. Imagine an active 17 year old being told she may not be able to
>walk mcuh longer...and is now a happy 18 year old who can dance and run
>knowing that the problem was there all along and was "revealed" just
>after she did what she knew was right. As the song says...

And what if, instead if being healed, your affliction got much worse and
you ended up paralyzed?  Would you have attributed that to god as well?
Or would that have been the work of satan?  If you believe that would have
been so, why ONLY good from god, and ONLY evil from satan?  Couldn't the
agony have come from god?  Think about what he did to poor Job!



David Hunt - Graduate Slave |     My mind is my own.      | Towards both a
Mechanical Engineering      | So are my ideas &amp; opinions. | Palestinian and
Carnegie Mellon University  | &lt;&lt;&lt;Use Golden Rule v2.0>>>  | Jewish homeland!
====T=H=E=R=E===I=S===N=O===G=O=D=========T=H=E=R=E===I=S===N=O===G=O=D=====
Email:  bluelobster+@cmu.edu    Working towards my "Piled Higher and Deeper"

The gostak distims the doches!
</Value>
</Feature>
<Feature>
  <Name className="java.lang.String">gate.SourceURL</Name>
  <Value className="java.lang.String">file:/C:/Users/jian/Documents/NetBeansProjects/NoiseReductionTechniques/mideastPoliticsMix/negative1184</Value>
</Feature>
</GateDocumentFeatures>
<!-- The document content area with serialized nodes -->

<TextWithNodes><Node id="0"/>From<Node id="4"/>:<Node id="5"/> <Node id="6"/>bluelobster<Node id="17"/>+<Node id="18"/>@<Node id="19"/>cmu<Node id="22"/>.<Node id="23"/>edu<Node id="26"/> <Node id="27"/>(<Node id="28"/>David<Node id="33"/> <Node id="34"/>O<Node id="35"/> <Node id="36"/>Hunt<Node id="40"/>)<Node id="41"/>
<Node id="42"/>Message-<Node id="50"/>ID<Node id="52"/>:<Node id="53"/> <Node id="54"/>&lt;<Node id="55"/>May<Node id="58"/>.<Node id="59"/>13<Node id="61"/>.<Node id="62"/>02<Node id="64"/>.<Node id="65"/>28<Node id="67"/>.<Node id="68"/>43<Node id="70"/>.<Node id="71"/>1993<Node id="75"/>.<Node id="76"/>1468<Node id="80"/>@<Node id="81"/>geneva<Node id="87"/>.<Node id="88"/>rutgers<Node id="95"/>.<Node id="96"/>edu<Node id="99"/>&gt;<Node id="100"/>
<Node id="101"/>Date<Node id="105"/>:<Node id="106"/> <Node id="107"/>13<Node id="109"/> <Node id="110"/>May<Node id="113"/> <Node id="114"/>93<Node id="116"/> <Node id="117"/>06<Node id="119"/>:<Node id="120"/>28<Node id="122"/>:<Node id="123"/>44<Node id="125"/> <Node id="126"/>GMT<Node id="129"/>
<Node id="130"/>Sender<Node id="136"/>:<Node id="137"/> <Node id="138"/>hedrick<Node id="145"/>@<Node id="146"/>geneva<Node id="152"/>.<Node id="153"/>rutgers<Node id="160"/>.<Node id="161"/>edu<Node id="164"/>
<Node id="165"/>Organization<Node id="177"/>:<Node id="178"/> <Node id="179"/>Carnegie<Node id="187"/> <Node id="188"/>Mellon<Node id="194"/>,<Node id="195"/> <Node id="196"/>Pittsburgh<Node id="206"/>,<Node id="207"/> <Node id="208"/>PA<Node id="210"/>
<Node id="211"/>Lines<Node id="216"/>:<Node id="217"/> <Node id="218"/>44<Node id="220"/>
<Node id="221"/>Approved<Node id="229"/>:<Node id="230"/> <Node id="231"/>christian<Node id="240"/>@<Node id="241"/>aramis<Node id="247"/>.<Node id="248"/>rutgers<Node id="255"/>.<Node id="256"/>edu<Node id="259"/>
<Node id="260"/>
<Node id="261"/>My<Node id="263"/> <Node id="264"/>first<Node id="269"/> <Node id="270"/>and<Node id="273"/> <Node id="274"/>most<Node id="278"/> <Node id="279"/>important<Node id="288"/> <Node id="289"/>point<Node id="294"/> <Node id="295"/>is<Node id="297"/> <Node id="298"/>that<Node id="302"/> <Node id="303"/>regardless<Node id="313"/> <Node id="314"/>of<Node id="316"/> <Node id="317"/>how<Node id="320"/> <Node id="321"/>your<Node id="325"/> <Node id="326"/>recovery<Node id="334"/>
<Node id="335"/>happened<Node id="343"/>,<Node id="344"/> <Node id="345"/>I<Node id="346"/>'m<Node id="348"/> <Node id="349"/>glad<Node id="353"/> <Node id="354"/>it<Node id="356"/> <Node id="357"/>did<Node id="360"/>!<Node id="361"/>
<Node id="362"/>
<Node id="363"/>On<Node id="365"/> <Node id="366"/>10<Node id="368"/>-<Node id="369"/>May-<Node id="373"/>93<Node id="375"/> <Node id="376"/>in<Node id="378"/> <Node id="379"/>Re<Node id="381"/>:<Node id="382"/> <Node id="383"/>How<Node id="386"/> <Node id="387"/>I<Node id="388"/> <Node id="389"/>got<Node id="392"/> <Node id="393"/>saved<Node id="398"/>.<Node id="399"/>.<Node id="400"/>.<Node id="401"/> <Node id="402"/> <Node id="403"/> <Node id="404"/> <Node id="405"/> <Node id="406"/> <Node id="407"/> <Node id="408"/>
<Node id="409"/>user<Node id="413"/> <Node id="414"/>Karen<Node id="419"/> <Node id="420"/>Lauro<Node id="425"/>@<Node id="426"/>camelot<Node id="433"/>.<Node id="434"/>brad<Node id="438"/> <Node id="439"/>writes<Node id="445"/>:<Node id="446"/>
<Node id="447"/>&gt;<Node id="448"/>	<Node id="449"/>I<Node id="450"/> <Node id="451"/>found<Node id="456"/> <Node id="457"/>it<Node id="459"/> <Node id="460"/>ore<Node id="463"/> <Node id="464"/>than<Node id="468"/> <Node id="469"/>coincidental<Node id="481"/> <Node id="482"/>that<Node id="486"/> <Node id="487"/>less<Node id="491"/> <Node id="492"/>than<Node id="496"/> <Node id="497"/>2<Node id="498"/> <Node id="499"/>weeks<Node id="504"/> <Node id="505"/>after<Node id="510"/>
<Node id="511"/>&gt;<Node id="512"/>I<Node id="513"/> <Node id="514"/>put<Node id="517"/> <Node id="518"/>my<Node id="520"/> <Node id="521"/>faith<Node id="526"/> <Node id="527"/>where<Node id="532"/> <Node id="533"/>my<Node id="535"/> <Node id="536"/>mouth<Node id="541"/> <Node id="542"/>was<Node id="545"/>,<Node id="546"/> <Node id="547"/>one<Node id="550"/> <Node id="551"/>more<Node id="555"/> <Node id="556"/>in<Node id="558"/> <Node id="559"/>the<Node id="562"/> <Node id="563"/>long<Node id="567"/> <Node id="568"/>line<Node id="572"/> <Node id="573"/>of<Node id="575"/> <Node id="576"/>doctors<Node id="583"/>
<Node id="584"/>&gt;<Node id="585"/>and<Node id="588"/> <Node id="589"/>not<Node id="592"/> <Node id="593"/>even<Node id="597"/> <Node id="598"/>an<Node id="600"/> <Node id="601"/>orthopeodic<Node id="612"/> <Node id="613"/>specialist<Node id="623"/>,<Node id="624"/> <Node id="625"/>diagnosed<Node id="634"/> <Node id="635"/>my<Node id="637"/> <Node id="638"/>problems<Node id="646"/> <Node id="647"/>with<Node id="651"/> <Node id="652"/>no<Node id="654"/>
<Node id="655"/>&gt;<Node id="656"/>difficulty<Node id="666"/>,<Node id="667"/> <Node id="668"/>set<Node id="671"/> <Node id="672"/>me<Node id="674"/> <Node id="675"/>on<Node id="677"/> <Node id="678"/>the<Node id="681"/> <Node id="682"/>path<Node id="686"/> <Node id="687"/>to<Node id="689"/> <Node id="690"/>an<Node id="692"/> <Node id="693"/>effective<Node id="702"/> <Node id="703"/>cure<Node id="707"/>,<Node id="708"/> <Node id="709"/>and<Node id="712"/> <Node id="713"/>I<Node id="714"/> <Node id="715"/>was<Node id="718"/> <Node id="719"/>walking<Node id="726"/>
<Node id="727"/>&gt;<Node id="728"/>and<Node id="731"/> <Node id="732"/>running<Node id="739"/> <Node id="740"/>again<Node id="745"/> <Node id="746"/>without<Node id="753"/> <Node id="754"/>the<Node id="757"/> <Node id="758"/>pain<Node id="762"/> <Node id="763"/>that<Node id="767"/> <Node id="768"/>had<Node id="771"/> <Node id="772"/>stopped<Node id="779"/> <Node id="780"/>me<Node id="782"/> <Node id="783"/>from<Node id="787"/> <Node id="788"/>that<Node id="792"/> <Node id="793"/>for<Node id="796"/>
<Node id="797"/>&gt;<Node id="798"/>4<Node id="799"/> <Node id="800"/>years<Node id="805"/>.<Node id="806"/> <Node id="807"/>The<Node id="810"/> <Node id="811"/>diagnosis<Node id="820"/> <Node id="821"/>was<Node id="824"/> <Node id="825"/>something<Node id="834"/> <Node id="835"/>he<Node id="837"/> <Node id="838"/>felt<Node id="842"/> <Node id="843"/>the<Node id="846"/> <Node id="847"/>other<Node id="852"/> <Node id="853"/>doctors<Node id="860"/> <Node id="861"/>must<Node id="865"/> <Node id="866"/>have<Node id="870"/>
<Node id="871"/>&gt;<Node id="872"/>"<Node id="873"/>overlooked<Node id="883"/>"<Node id="884"/> <Node id="885"/>because<Node id="892"/> <Node id="893"/>it<Node id="895"/> <Node id="896"/>was<Node id="899"/> <Node id="900"/>perfectly<Node id="909"/> <Node id="910"/>obvious<Node id="917"/> <Node id="918"/>from<Node id="922"/> <Node id="923"/>my<Node id="925"/> <Node id="926"/>test<Node id="930"/> <Node id="931"/>results<Node id="938"/>.<Node id="939"/>
<Node id="940"/>
<Node id="941"/>NOW<Node id="944"/>!<Node id="945"/> <Node id="946"/> <Node id="947"/>The<Node id="950"/> <Node id="951"/>point<Node id="956"/> <Node id="957"/>that<Node id="961"/> <Node id="962"/>I<Node id="963"/>'ll<Node id="966"/> <Node id="967"/>try<Node id="970"/> <Node id="971"/>to<Node id="973"/> <Node id="974"/>make<Node id="978"/> <Node id="979"/>is<Node id="981"/> <Node id="982"/>that<Node id="986"/> <Node id="987"/>coincidences<Node id="999"/> <Node id="1000"/>like<Node id="1004"/> <Node id="1005"/>this<Node id="1009"/> <Node id="1010"/>occur<Node id="1015"/>
<Node id="1016"/>with<Node id="1020"/> <Node id="1021"/>a<Node id="1022"/> <Node id="1023"/>very<Node id="1027"/> <Node id="1028"/>high<Node id="1032"/> <Node id="1033"/>frequency<Node id="1042"/>.<Node id="1043"/> <Node id="1044"/> <Node id="1045"/>How<Node id="1048"/> <Node id="1049"/>many<Node id="1053"/> <Node id="1054"/>of<Node id="1056"/> <Node id="1057"/>us<Node id="1059"/> <Node id="1060"/>have<Node id="1064"/> <Node id="1065"/>been<Node id="1069"/> <Node id="1070"/>thinking<Node id="1078"/> <Node id="1079"/>of<Node id="1081"/> <Node id="1082"/>someone<Node id="1089"/>
<Node id="1090"/>and<Node id="1093"/> <Node id="1094"/>had<Node id="1097"/> <Node id="1098"/>that<Node id="1102"/> <Node id="1103"/>person<Node id="1109"/> <Node id="1110"/>call<Node id="1114"/>?<Node id="1115"/> <Node id="1116"/> <Node id="1117"/>Much<Node id="1121"/> <Node id="1122"/>of<Node id="1124"/> <Node id="1125"/>the<Node id="1128"/> <Node id="1129"/>whole<Node id="1134"/> <Node id="1135"/>psychic<Node id="1142"/> <Node id="1143"/>phenomenon<Node id="1153"/> <Node id="1154"/>is<Node id="1156"/> <Node id="1157"/>easily<Node id="1163"/>
<Node id="1164"/>explicable<Node id="1174"/> <Node id="1175"/>by<Node id="1177"/> <Node id="1178"/>this<Node id="1182"/> <Node id="1183"/>-<Node id="1184"/> <Node id="1185"/>one<Node id="1188"/> <Node id="1189"/>forgets<Node id="1196"/> <Node id="1197"/>the<Node id="1200"/> <Node id="1201"/>misses<Node id="1207"/>.<Node id="1208"/> <Node id="1209"/> <Node id="1210"/>Consider<Node id="1218"/> <Node id="1219"/>your<Node id="1223"/> <Node id="1224"/>astrological<Node id="1236"/>
<Node id="1237"/>forcast<Node id="1244"/> <Node id="1245"/>in<Node id="1247"/> <Node id="1248"/>the<Node id="1251"/> <Node id="1252"/>newspaper<Node id="1261"/>.<Node id="1262"/> <Node id="1263"/> <Node id="1264"/>How<Node id="1267"/> <Node id="1268"/>many<Node id="1272"/> <Node id="1273"/>times<Node id="1278"/> <Node id="1279"/>have<Node id="1283"/> <Node id="1284"/>you<Node id="1287"/> <Node id="1288"/>said<Node id="1292"/> <Node id="1293"/>"<Node id="1294"/>That<Node id="1298"/>'s<Node id="1300"/> <Node id="1301"/>me<Node id="1303"/>"<Node id="1304"/> <Node id="1305"/>vs<Node id="1307"/>
<Node id="1308"/>"<Node id="1309"/>That<Node id="1313"/>'s<Node id="1315"/> <Node id="1316"/>not<Node id="1319"/> <Node id="1320"/>me<Node id="1322"/>"<Node id="1323"/>?<Node id="1324"/> <Node id="1325"/> <Node id="1326"/>You<Node id="1329"/>'ll<Node id="1332"/> <Node id="1333"/>remember<Node id="1341"/> <Node id="1342"/>the<Node id="1345"/> <Node id="1346"/>hits<Node id="1350"/>,<Node id="1351"/> <Node id="1352"/>but<Node id="1355"/> <Node id="1356"/>the<Node id="1359"/> <Node id="1360"/>misses<Node id="1366"/> <Node id="1367"/>will<Node id="1371"/> <Node id="1372"/>be<Node id="1374"/> <Node id="1375"/>much<Node id="1379"/> <Node id="1380"/>more<Node id="1384"/>
<Node id="1385"/>frequent<Node id="1393"/>.<Node id="1394"/>
<Node id="1395"/>
<Node id="1396"/>On<Node id="1398"/> <Node id="1399"/>10<Node id="1401"/>-<Node id="1402"/>May-<Node id="1406"/>93<Node id="1408"/> <Node id="1409"/>in<Node id="1411"/> <Node id="1412"/>Re<Node id="1414"/>:<Node id="1415"/> <Node id="1416"/>How<Node id="1419"/> <Node id="1420"/>I<Node id="1421"/> <Node id="1422"/>got<Node id="1425"/> <Node id="1426"/>saved<Node id="1431"/>.<Node id="1432"/>.<Node id="1433"/>.<Node id="1434"/> <Node id="1435"/> <Node id="1436"/> <Node id="1437"/> <Node id="1438"/> <Node id="1439"/> <Node id="1440"/> <Node id="1441"/>
<Node id="1442"/>user<Node id="1446"/> <Node id="1447"/>Karen<Node id="1452"/> <Node id="1453"/>Lauro<Node id="1458"/>@<Node id="1459"/>camelot<Node id="1466"/>.<Node id="1467"/>brad<Node id="1471"/> <Node id="1472"/>writes<Node id="1478"/>:<Node id="1479"/>
<Node id="1480"/>&gt;<Node id="1481"/>	<Node id="1482"/>Maybe<Node id="1487"/> <Node id="1488"/>this<Node id="1492"/> <Node id="1493"/>does<Node id="1497"/>n't<Node id="1500"/> <Node id="1501"/>hit<Node id="1504"/> <Node id="1505"/>you<Node id="1508"/> <Node id="1509"/>as<Node id="1511"/> <Node id="1512"/>miraculous<Node id="1522"/>.<Node id="1523"/> <Node id="1524"/>But<Node id="1527"/> <Node id="1528"/>to<Node id="1530"/> <Node id="1531"/>me<Node id="1533"/> <Node id="1534"/>it<Node id="1536"/> <Node id="1537"/>really<Node id="1543"/>
<Node id="1544"/>&gt;<Node id="1545"/>is<Node id="1547"/>.<Node id="1548"/> <Node id="1549"/>Imagine<Node id="1556"/> <Node id="1557"/>an<Node id="1559"/> <Node id="1560"/>active<Node id="1566"/> <Node id="1567"/>17<Node id="1569"/> <Node id="1570"/>year<Node id="1574"/> <Node id="1575"/>old<Node id="1578"/> <Node id="1579"/>being<Node id="1584"/> <Node id="1585"/>told<Node id="1589"/> <Node id="1590"/>she<Node id="1593"/> <Node id="1594"/>may<Node id="1597"/> <Node id="1598"/>not<Node id="1601"/> <Node id="1602"/>be<Node id="1604"/> <Node id="1605"/>able<Node id="1609"/> <Node id="1610"/>to<Node id="1612"/>
<Node id="1613"/>&gt;<Node id="1614"/>walk<Node id="1618"/> <Node id="1619"/>mcuh<Node id="1623"/> <Node id="1624"/>longer<Node id="1630"/>.<Node id="1631"/>.<Node id="1632"/>.<Node id="1633"/>and<Node id="1636"/> <Node id="1637"/>is<Node id="1639"/> <Node id="1640"/>now<Node id="1643"/> <Node id="1644"/>a<Node id="1645"/> <Node id="1646"/>happy<Node id="1651"/> <Node id="1652"/>18<Node id="1654"/> <Node id="1655"/>year<Node id="1659"/> <Node id="1660"/>old<Node id="1663"/> <Node id="1664"/>who<Node id="1667"/> <Node id="1668"/>can<Node id="1671"/> <Node id="1672"/>dance<Node id="1677"/> <Node id="1678"/>and<Node id="1681"/> <Node id="1682"/>run<Node id="1685"/>
<Node id="1686"/>&gt;<Node id="1687"/>knowing<Node id="1694"/> <Node id="1695"/>that<Node id="1699"/> <Node id="1700"/>the<Node id="1703"/> <Node id="1704"/>problem<Node id="1711"/> <Node id="1712"/>was<Node id="1715"/> <Node id="1716"/>there<Node id="1721"/> <Node id="1722"/>all<Node id="1725"/> <Node id="1726"/>along<Node id="1731"/> <Node id="1732"/>and<Node id="1735"/> <Node id="1736"/>was<Node id="1739"/> <Node id="1740"/>"<Node id="1741"/>revealed<Node id="1749"/>"<Node id="1750"/> <Node id="1751"/>just<Node id="1755"/>
<Node id="1756"/>&gt;<Node id="1757"/>after<Node id="1762"/> <Node id="1763"/>she<Node id="1766"/> <Node id="1767"/>did<Node id="1770"/> <Node id="1771"/>what<Node id="1775"/> <Node id="1776"/>she<Node id="1779"/> <Node id="1780"/>knew<Node id="1784"/> <Node id="1785"/>was<Node id="1788"/> <Node id="1789"/>right<Node id="1794"/>.<Node id="1795"/> <Node id="1796"/>As<Node id="1798"/> <Node id="1799"/>the<Node id="1802"/> <Node id="1803"/>song<Node id="1807"/> <Node id="1808"/>says<Node id="1812"/>.<Node id="1813"/>.<Node id="1814"/>.<Node id="1815"/>
<Node id="1816"/>
<Node id="1817"/>And<Node id="1820"/> <Node id="1821"/>what<Node id="1825"/> <Node id="1826"/>if<Node id="1828"/>,<Node id="1829"/> <Node id="1830"/>instead<Node id="1837"/> <Node id="1838"/>if<Node id="1840"/> <Node id="1841"/>being<Node id="1846"/> <Node id="1847"/>healed<Node id="1853"/>,<Node id="1854"/> <Node id="1855"/>your<Node id="1859"/> <Node id="1860"/>affliction<Node id="1870"/> <Node id="1871"/>got<Node id="1874"/> <Node id="1875"/>much<Node id="1879"/> <Node id="1880"/>worse<Node id="1885"/> <Node id="1886"/>and<Node id="1889"/>
<Node id="1890"/>you<Node id="1893"/> <Node id="1894"/>ended<Node id="1899"/> <Node id="1900"/>up<Node id="1902"/> <Node id="1903"/>paralyzed<Node id="1912"/>?<Node id="1913"/> <Node id="1914"/> <Node id="1915"/>Would<Node id="1920"/> <Node id="1921"/>you<Node id="1924"/> <Node id="1925"/>have<Node id="1929"/> <Node id="1930"/>attributed<Node id="1940"/> <Node id="1941"/>that<Node id="1945"/> <Node id="1946"/>to<Node id="1948"/> <Node id="1949"/>god<Node id="1952"/> <Node id="1953"/>as<Node id="1955"/> <Node id="1956"/>well<Node id="1960"/>?<Node id="1961"/>
<Node id="1962"/>Or<Node id="1964"/> <Node id="1965"/>would<Node id="1970"/> <Node id="1971"/>that<Node id="1975"/> <Node id="1976"/>have<Node id="1980"/> <Node id="1981"/>been<Node id="1985"/> <Node id="1986"/>the<Node id="1989"/> <Node id="1990"/>work<Node id="1994"/> <Node id="1995"/>of<Node id="1997"/> <Node id="1998"/>satan<Node id="2003"/>?<Node id="2004"/> <Node id="2005"/> <Node id="2006"/>If<Node id="2008"/> <Node id="2009"/>you<Node id="2012"/> <Node id="2013"/>believe<Node id="2020"/> <Node id="2021"/>that<Node id="2025"/> <Node id="2026"/>would<Node id="2031"/> <Node id="2032"/>have<Node id="2036"/>
<Node id="2037"/>been<Node id="2041"/> <Node id="2042"/>so<Node id="2044"/>,<Node id="2045"/> <Node id="2046"/>why<Node id="2049"/> <Node id="2050"/>ONLY<Node id="2054"/> <Node id="2055"/>good<Node id="2059"/> <Node id="2060"/>from<Node id="2064"/> <Node id="2065"/>god<Node id="2068"/>,<Node id="2069"/> <Node id="2070"/>and<Node id="2073"/> <Node id="2074"/>ONLY<Node id="2078"/> <Node id="2079"/>evil<Node id="2083"/> <Node id="2084"/>from<Node id="2088"/> <Node id="2089"/>satan<Node id="2094"/>?<Node id="2095"/> <Node id="2096"/> <Node id="2097"/>Could<Node id="2102"/>n't<Node id="2105"/> <Node id="2106"/>the<Node id="2109"/>
<Node id="2110"/>agony<Node id="2115"/> <Node id="2116"/>have<Node id="2120"/> <Node id="2121"/>come<Node id="2125"/> <Node id="2126"/>from<Node id="2130"/> <Node id="2131"/>god<Node id="2134"/>?<Node id="2135"/> <Node id="2136"/> <Node id="2137"/>Think<Node id="2142"/> <Node id="2143"/>about<Node id="2148"/> <Node id="2149"/>what<Node id="2153"/> <Node id="2154"/>he<Node id="2156"/> <Node id="2157"/>did<Node id="2160"/> <Node id="2161"/>to<Node id="2163"/> <Node id="2164"/>poor<Node id="2168"/> <Node id="2169"/>Job<Node id="2172"/>!<Node id="2173"/>
<Node id="2174"/>
<Node id="2175"/>
<Node id="2176"/>
<Node id="2177"/>David<Node id="2182"/> <Node id="2183"/>Hunt<Node id="2187"/> <Node id="2188"/>-<Node id="2189"/> <Node id="2190"/>Graduate<Node id="2198"/> <Node id="2199"/>Slave<Node id="2204"/> <Node id="2205"/>|<Node id="2206"/> <Node id="2207"/> <Node id="2208"/> <Node id="2209"/> <Node id="2210"/> <Node id="2211"/>My<Node id="2213"/> <Node id="2214"/>mind<Node id="2218"/> <Node id="2219"/>is<Node id="2221"/> <Node id="2222"/>my<Node id="2224"/> <Node id="2225"/>own<Node id="2228"/>.<Node id="2229"/> <Node id="2230"/> <Node id="2231"/> <Node id="2232"/> <Node id="2233"/> <Node id="2234"/> <Node id="2235"/>|<Node id="2236"/> <Node id="2237"/>Towards<Node id="2244"/> <Node id="2245"/>both<Node id="2249"/> <Node id="2250"/>a<Node id="2251"/>
<Node id="2252"/>Mechanical<Node id="2262"/> <Node id="2263"/>Engineering<Node id="2274"/> <Node id="2275"/> <Node id="2276"/> <Node id="2277"/> <Node id="2278"/> <Node id="2279"/> <Node id="2280"/>|<Node id="2281"/> <Node id="2282"/>So<Node id="2284"/> <Node id="2285"/>are<Node id="2288"/> <Node id="2289"/>my<Node id="2291"/> <Node id="2292"/>ideas<Node id="2297"/> <Node id="2298"/>&amp;<Node id="2299"/> <Node id="2300"/>opinions<Node id="2308"/>.<Node id="2309"/> <Node id="2310"/>|<Node id="2311"/> <Node id="2312"/>Palestinian<Node id="2323"/> <Node id="2324"/>and<Node id="2327"/>
<Node id="2328"/>Carnegie<Node id="2336"/> <Node id="2337"/>Mellon<Node id="2343"/> <Node id="2344"/>University<Node id="2354"/> <Node id="2355"/> <Node id="2356"/>|<Node id="2357"/> <Node id="2358"/>&lt;<Node id="2359"/>&lt;<Node id="2360"/>&lt;<Node id="2361"/>Use<Node id="2364"/> <Node id="2365"/>Golden<Node id="2371"/> <Node id="2372"/>Rule<Node id="2376"/> <Node id="2377"/>v<Node id="2378"/>2<Node id="2379"/>.<Node id="2380"/>0<Node id="2381"/>&gt;<Node id="2382"/>&gt;<Node id="2383"/>&gt;<Node id="2384"/> <Node id="2385"/> <Node id="2386"/>|<Node id="2387"/> <Node id="2388"/>Jewish<Node id="2394"/> <Node id="2395"/>homeland<Node id="2403"/>!<Node id="2404"/>
<Node id="2405"/>=<Node id="2406"/>=<Node id="2407"/>=<Node id="2408"/>=<Node id="2409"/>T<Node id="2410"/>=<Node id="2411"/>H<Node id="2412"/>=<Node id="2413"/>E<Node id="2414"/>=<Node id="2415"/>R<Node id="2416"/>=<Node id="2417"/>E<Node id="2418"/>=<Node id="2419"/>=<Node id="2420"/>=<Node id="2421"/>I<Node id="2422"/>=<Node id="2423"/>S<Node id="2424"/>=<Node id="2425"/>=<Node id="2426"/>=<Node id="2427"/>N<Node id="2428"/>=<Node id="2429"/>O<Node id="2430"/>=<Node id="2431"/>=<Node id="2432"/>=<Node id="2433"/>G<Node id="2434"/>=<Node id="2435"/>O<Node id="2436"/>=<Node id="2437"/>D<Node id="2438"/>=<Node id="2439"/>=<Node id="2440"/>=<Node id="2441"/>=<Node id="2442"/>=<Node id="2443"/>=<Node id="2444"/>=<Node id="2445"/>=<Node id="2446"/>=<Node id="2447"/>T<Node id="2448"/>=<Node id="2449"/>H<Node id="2450"/>=<Node id="2451"/>E<Node id="2452"/>=<Node id="2453"/>R<Node id="2454"/>=<Node id="2455"/>E<Node id="2456"/>=<Node id="2457"/>=<Node id="2458"/>=<Node id="2459"/>I<Node id="2460"/>=<Node id="2461"/>S<Node id="2462"/>=<Node id="2463"/>=<Node id="2464"/>=<Node id="2465"/>N<Node id="2466"/>=<Node id="2467"/>O<Node id="2468"/>=<Node id="2469"/>=<Node id="2470"/>=<Node id="2471"/>G<Node id="2472"/>=<Node id="2473"/>O<Node id="2474"/>=<Node id="2475"/>D<Node id="2476"/>=<Node id="2477"/>=<Node id="2478"/>=<Node id="2479"/>=<Node id="2480"/>=<Node id="2481"/>
<Node id="2482"/>Email<Node id="2487"/>:<Node id="2488"/> <Node id="2489"/> <Node id="2490"/>bluelobster<Node id="2501"/>+<Node id="2502"/>@<Node id="2503"/>cmu<Node id="2506"/>.<Node id="2507"/>edu<Node id="2510"/> <Node id="2511"/> <Node id="2512"/> <Node id="2513"/> <Node id="2514"/>Working<Node id="2521"/> <Node id="2522"/>towards<Node id="2529"/> <Node id="2530"/>my<Node id="2532"/> <Node id="2533"/>"<Node id="2534"/>Piled<Node id="2539"/> <Node id="2540"/>Higher<Node id="2546"/> <Node id="2547"/>and<Node id="2550"/> <Node id="2551"/>Deeper<Node id="2557"/>"<Node id="2558"/>
<Node id="2559"/>
<Node id="2560"/>The<Node id="2563"/> <Node id="2564"/>gostak<Node id="2570"/> <Node id="2571"/>distims<Node id="2578"/> <Node id="2579"/>the<Node id="2582"/> <Node id="2583"/>doches<Node id="2589"/>!<Node id="2590"/>
<Node id="2591"/></TextWithNodes>
<!-- The default annotation set -->

<AnnotationSet>
<Annotation EndNode="2591" StartNode="0" Type="Mention" Id="9999999">
<Feature>
<Name classname="java.lang.String">Class</Name>
<Value classname="java.lang.String">0</Value>
</Feature>
</Annotation>

<Annotation Id="3" Type="Token" StartNode="6" EndNode="17">
<Feature>
  <Name className="java.lang.String">string</Name>
  <Value className="java.lang.String">bluelobster</Value>
</Feature>
</Annotation>
<Annotation Id="18" Type="Token" StartNode="42" EndNode="50">
<Feature>
  <Name className="java.lang.String">string</Name>
  <Value className="java.lang.String">Message-</Value>
</Feature>
</Annotation>
<Annotation Id="39" Type="Token" StartNode="88" EndNode="95">
<Feature>
  <Name className="java.lang.String">string</Name>
  <Value className="java.lang.String">rutgers</Value>
</Feature>
</Annotation>
<Annotation Id="37" Type="Token" StartNode="81" EndNode="87">
<Feature>
  <Name className="java.lang.String">string</Name>
  <Value className="java.lang.String">geneva</Value>
</Feature>
</Annotation>
<Annotation Id="61" Type="Token" StartNode="130" EndNode="136">
<Feature>
  <Name className="java.lang.String">string</Name>
  <Value className="java.lang.String">Sender</Value>
</Feature>
</Annotation>
<Annotation Id="68" Type="Token" StartNode="153" EndNode="160">
<Feature>
  <Name className="java.lang.String">string</Name>
  <Value className="java.lang.String">rutgers</Value>
</Feature>
</Annotation>
<Annotation Id="64" Type="Token" StartNode="138" EndNode="145">
<Feature>
  <Name className="java.lang.String">string</Name>
  <Value className="java.lang.String">hedrick</Value>
</Feature>
</Annotation>
<Annotation Id="66" Type="Token" StartNode="146" EndNode="152">
<Feature>
  <Name className="java.lang.String">string</Name>
  <Value className="java.lang.String">geneva</Value>
</Feature>
</Annotation>
<Annotation Id="77" Type="Token" StartNode="188" EndNode="194">
<Feature>
  <Name className="java.lang.String">string</Name>
  <Value className="java.lang.String">Mellon</Value>
</Feature>
</Annotation>
<Annotation Id="72" Type="Token" StartNode="165" EndNode="177">
<Feature>
  <Name className="java.lang.String">string</Name>
  <Value className="java.lang.String">Organization</Value>
</Feature>
</Annotation>
<Annotation Id="75" Type="Token" StartNode="179" EndNode="187">
<Feature>
  <Name className="java.lang.String">string</Name>
  <Value className="java.lang.String">Carnegie</Value>
</Feature>
</Annotation>
<Annotation Id="80" Type="Token" StartNode="196" EndNode="206">
<Feature>
  <Name className="java.lang.String">string</Name>
  <Value className="java.lang.String">Pittsburgh</Value>
</Feature>
</Annotation>
<Annotation Id="93" Type="Token" StartNode="231" EndNode="240">
<Feature>
  <Name className="java.lang.String">string</Name>
  <Value className="java.lang.String">christian</Value>
</Feature>
</Annotation>
<Annotation Id="95" Type="Token" StartNode="241" EndNode="247">
<Feature>
  <Name className="java.lang.String">string</Name>
  <Value className="java.lang.String">aramis</Value>
</Feature>
</Annotation>
<Annotation Id="90" Type="Token" StartNode="221" EndNode="229">
<Feature>
  <Name className="java.lang.String">string</Name>
  <Value className="java.lang.String">Approved</Value>
</Feature>
</Annotation>
<Annotation Id="97" Type="Token" StartNode="248" EndNode="255">
<Feature>
  <Name className="java.lang.String">string</Name>
  <Value className="java.lang.String">rutgers</Value>
</Feature>
</Annotation>
<Annotation Id="110" Type="Token" StartNode="279" EndNode="288">
<Feature>
  <Name className="java.lang.String">string</Name>
  <Value className="java.lang.String">important</Value>
</Feature>
</Annotation>
<Annotation Id="118" Type="Token" StartNode="303" EndNode="313">
<Feature>
  <Name className="java.lang.String">string</Name>
  <Value className="java.lang.String">regardless</Value>
</Feature>
</Annotation>
<Annotation Id="126" Type="Token" StartNode="326" EndNode="334">
<Feature>
  <Name className="java.lang.String">string</Name>
  <Value className="java.lang.String">recovery</Value>
</Feature>
</Annotation>
<Annotation Id="128" Type="Token" StartNode="335" EndNode="343">
<Feature>
  <Name className="java.lang.String">string</Name>
  <Value className="java.lang.String">happened</Value>
</Feature>
</Annotation>
<Annotation Id="179" Type="Token" StartNode="426" EndNode="433">
<Feature>
  <Name className="java.lang.String">string</Name>
  <Value className="java.lang.String">camelot</Value>
</Feature>
</Annotation>
<Annotation Id="183" Type="Token" StartNode="439" EndNode="445">
<Feature>
  <Name className="java.lang.String">string</Name>
  <Value className="java.lang.String">writes</Value>
</Feature>
</Annotation>
<Annotation Id="198" Type="Token" StartNode="469" EndNode="481">
<Feature>
  <Name className="java.lang.String">string</Name>
  <Value className="java.lang.String">coincidental</Value>
</Feature>
</Annotation>
<Annotation Id="255" Type="Token" StartNode="601" EndNode="612">
<Feature>
  <Name className="java.lang.String">string</Name>
  <Value className="java.lang.String">orthopeodic</Value>
</Feature>
</Annotation>
<Annotation Id="244" Type="Token" StartNode="576" EndNode="583">
<Feature>
  <Name className="java.lang.String">string</Name>
  <Value className="java.lang.String">doctors</Value>
</Feature>
</Annotation>
<Annotation Id="257" Type="Token" StartNode="613" EndNode="623">
<Feature>
  <Name className="java.lang.String">string</Name>
  <Value className="java.lang.String">specialist</Value>
</Feature>
</Annotation>
<Annotation Id="260" Type="Token" StartNode="625" EndNode="634">
<Feature>
  <Name className="java.lang.String">string</Name>
  <Value className="java.lang.String">diagnosed</Value>
</Feature>
</Annotation>
<Annotation Id="264" Type="Token" StartNode="638" EndNode="646">
<Feature>
  <Name className="java.lang.String">string</Name>
  <Value className="java.lang.String">problems</Value>
</Feature>
</Annotation>
<Annotation Id="271" Type="Token" StartNode="656" EndNode="666">
<Feature>
  <Name className="java.lang.String">string</Name>
  <Value className="java.lang.String">difficulty</Value>
</Feature>
</Annotation>
<Annotation Id="304" Type="Token" StartNode="732" EndNode="739">
<Feature>
  <Name className="java.lang.String">string</Name>
  <Value className="java.lang.String">running</Value>
</Feature>
</Annotation>
<Annotation Id="308" Type="Token" StartNode="746" EndNode="753">
<Feature>
  <Name className="java.lang.String">string</Name>
  <Value className="java.lang.String">without</Value>
</Feature>
</Annotation>
<Annotation Id="318" Type="Token" StartNode="772" EndNode="779">
<Feature>
  <Name className="java.lang.String">string</Name>
  <Value className="java.lang.String">stopped</Value>
</Feature>
</Annotation>
<Annotation Id="288" Type="Token" StartNode="693" EndNode="702">
<Feature>
  <Name className="java.lang.String">string</Name>
  <Value className="java.lang.String">effective</Value>
</Feature>
</Annotation>
<Annotation Id="299" Type="Token" StartNode="719" EndNode="726">
<Feature>
  <Name className="java.lang.String">string</Name>
  <Value className="java.lang.String">walking</Value>
</Feature>
</Annotation>
<Annotation Id="340" Type="Token" StartNode="825" EndNode="834">
<Feature>
  <Name className="java.lang.String">string</Name>
  <Value className="java.lang.String">something</Value>
</Feature>
</Annotation>
<Annotation Id="336" Type="Token" StartNode="811" EndNode="820">
<Feature>
  <Name className="java.lang.String">string</Name>
  <Value className="java.lang.String">diagnosis</Value>
</Feature>
</Annotation>
<Annotation Id="350" Type="Token" StartNode="853" EndNode="860">
<Feature>
  <Name className="java.lang.String">string</Name>
  <Value className="java.lang.String">doctors</Value>
</Feature>
</Annotation>
<Annotation Id="369" Type="Token" StartNode="910" EndNode="917">
<Feature>
  <Name className="java.lang.String">string</Name>
  <Value className="java.lang.String">obvious</Value>
</Feature>
</Annotation>
<Annotation Id="377" Type="Token" StartNode="931" EndNode="938">
<Feature>
  <Name className="java.lang.String">string</Name>
  <Value className="java.lang.String">results</Value>
</Feature>
</Annotation>
<Annotation Id="358" Type="Token" StartNode="873" EndNode="883">
<Feature>
  <Name className="java.lang.String">string</Name>
  <Value className="java.lang.String">overlooked</Value>
</Feature>
</Annotation>
<Annotation Id="367" Type="Token" StartNode="900" EndNode="909">
<Feature>
  <Name className="java.lang.String">string</Name>
  <Value className="java.lang.String">perfectly</Value>
</Feature>
</Annotation>
<Annotation Id="361" Type="Token" StartNode="885" EndNode="892">
<Feature>
  <Name className="java.lang.String">string</Name>
  <Value className="java.lang.String">because</Value>
</Feature>
</Annotation>
<Annotation Id="405" Type="Token" StartNode="987" EndNode="999">
<Feature>
  <Name className="java.lang.String">string</Name>
  <Value className="java.lang.String">coincidences</Value>
</Feature>
</Annotation>
<Annotation Id="441" Type="Token" StartNode="1082" EndNode="1089">
<Feature>
  <Name className="java.lang.String">string</Name>
  <Value className="java.lang.String">someone</Value>
</Feature>
</Annotation>
<Annotation Id="437" Type="Token" StartNode="1070" EndNode="1078">
<Feature>
  <Name className="java.lang.String">string</Name>
  <Value className="java.lang.String">thinking</Value>
</Feature>
</Annotation>
<Annotation Id="421" Type="Token" StartNode="1033" EndNode="1042">
<Feature>
  <Name className="java.lang.String">string</Name>
  <Value className="java.lang.String">frequency</Value>
</Feature>
</Annotation>
<Annotation Id="471" Type="Token" StartNode="1164" EndNode="1174">
<Feature>
  <Name className="java.lang.String">string</Name>
  <Value className="java.lang.String">explicable</Value>
</Feature>
</Annotation>
<Annotation Id="469" Type="Token" StartNode="1157" EndNode="1163">
<Feature>
  <Name className="java.lang.String">string</Name>
  <Value className="java.lang.String">easily</Value>
</Feature>
</Annotation>
<Annotation Id="465" Type="Token" StartNode="1143" EndNode="1153">
<Feature>
  <Name className="java.lang.String">string</Name>
  <Value className="java.lang.String">phenomenon</Value>
</Feature>
</Annotation>
<Annotation Id="463" Type="Token" StartNode="1135" EndNode="1142">
<Feature>
  <Name className="java.lang.String">string</Name>
  <Value className="java.lang.String">psychic</Value>
</Feature>
</Annotation>
<Annotation Id="449" Type="Token" StartNode="1103" EndNode="1109">
<Feature>
  <Name className="java.lang.String">string</Name>
  <Value className="java.lang.String">person</Value>
</Feature>
</Annotation>
<Annotation Id="501" Type="Token" StartNode="1252" EndNode="1261">
<Feature>
  <Name className="java.lang.String">string</Name>
  <Value className="java.lang.String">newspaper</Value>
</Feature>
</Annotation>
<Annotation Id="493" Type="Token" StartNode="1224" EndNode="1236">
<Feature>
  <Name className="java.lang.String">string</Name>
  <Value className="java.lang.String">astrological</Value>
</Feature>
</Annotation>
<Annotation Id="495" Type="Token" StartNode="1237" EndNode="1244">
<Feature>
  <Name className="java.lang.String">string</Name>
  <Value className="java.lang.String">forcast</Value>
</Feature>
</Annotation>
<Annotation Id="489" Type="Token" StartNode="1210" EndNode="1218">
<Feature>
  <Name className="java.lang.String">string</Name>
  <Value className="java.lang.String">Consider</Value>
</Feature>
</Annotation>
<Annotation Id="485" Type="Token" StartNode="1201" EndNode="1207">
<Feature>
  <Name className="java.lang.String">string</Name>
  <Value className="java.lang.String">misses</Value>
</Feature>
</Annotation>
<Annotation Id="481" Type="Token" StartNode="1189" EndNode="1196">
<Feature>
  <Name className="java.lang.String">string</Name>
  <Value className="java.lang.String">forgets</Value>
</Feature>
</Annotation>
<Annotation Id="554" Type="Token" StartNode="1360" EndNode="1366">
<Feature>
  <Name className="java.lang.String">string</Name>
  <Value className="java.lang.String">misses</Value>
</Feature>
</Annotation>
<Annotation Id="564" Type="Token" StartNode="1385" EndNode="1393">
<Feature>
  <Name className="java.lang.String">string</Name>
  <Value className="java.lang.String">frequent</Value>
</Feature>
</Annotation>
<Annotation Id="543" Type="Token" StartNode="1333" EndNode="1341">
<Feature>
  <Name className="java.lang.String">string</Name>
  <Value className="java.lang.String">remember</Value>
</Feature>
</Annotation>
<Annotation Id="608" Type="Token" StartNode="1472" EndNode="1478">
<Feature>
  <Name className="java.lang.String">string</Name>
  <Value className="java.lang.String">writes</Value>
</Feature>
</Annotation>
<Annotation Id="627" Type="Token" StartNode="1512" EndNode="1522">
<Feature>
  <Name className="java.lang.String">string</Name>
  <Value className="java.lang.String">miraculous</Value>
</Feature>
</Annotation>
<Annotation Id="638" Type="Token" StartNode="1537" EndNode="1543">
<Feature>
  <Name className="java.lang.String">string</Name>
  <Value className="java.lang.String">really</Value>
</Feature>
</Annotation>
<Annotation Id="604" Type="Token" StartNode="1459" EndNode="1466">
<Feature>
  <Name className="java.lang.String">string</Name>
  <Value className="java.lang.String">camelot</Value>
</Feature>
</Annotation>
<Annotation Id="677" Type="Token" StartNode="1624" EndNode="1630">
<Feature>
  <Name className="java.lang.String">string</Name>
  <Value className="java.lang.String">longer</Value>
</Feature>
</Annotation>
<Annotation Id="648" Type="Token" StartNode="1560" EndNode="1566">
<Feature>
  <Name className="java.lang.String">string</Name>
  <Value className="java.lang.String">active</Value>
</Feature>
</Annotation>
<Annotation Id="644" Type="Token" StartNode="1549" EndNode="1556">
<Feature>
  <Name className="java.lang.String">string</Name>
  <Value className="java.lang.String">Imagine</Value>
</Feature>
</Annotation>
<Annotation Id="714" Type="Token" StartNode="1704" EndNode="1711">
<Feature>
  <Name className="java.lang.String">string</Name>
  <Value className="java.lang.String">problem</Value>
</Feature>
</Annotation>
<Annotation Id="708" Type="Token" StartNode="1687" EndNode="1694">
<Feature>
  <Name className="java.lang.String">string</Name>
  <Value className="java.lang.String">knowing</Value>
</Feature>
</Annotation>
<Annotation Id="729" Type="Token" StartNode="1741" EndNode="1749">
<Feature>
  <Name className="java.lang.String">string</Name>
  <Value className="java.lang.String">revealed</Value>
</Feature>
</Annotation>
<Annotation Id="808" Type="Token" StartNode="1930" EndNode="1940">
<Feature>
  <Name className="java.lang.String">string</Name>
  <Value className="java.lang.String">attributed</Value>
</Feature>
</Annotation>
<Annotation Id="798" Type="Token" StartNode="1903" EndNode="1912">
<Feature>
  <Name className="java.lang.String">string</Name>
  <Value className="java.lang.String">paralyzed</Value>
</Feature>
</Annotation>
<Annotation Id="771" Type="Token" StartNode="1830" EndNode="1837">
<Feature>
  <Name className="java.lang.String">string</Name>
  <Value className="java.lang.String">instead</Value>
</Feature>
</Annotation>
<Annotation Id="782" Type="Token" StartNode="1860" EndNode="1870">
<Feature>
  <Name className="java.lang.String">string</Name>
  <Value className="java.lang.String">affliction</Value>
</Feature>
</Annotation>
<Annotation Id="777" Type="Token" StartNode="1847" EndNode="1853">
<Feature>
  <Name className="java.lang.String">string</Name>
  <Value className="java.lang.String">healed</Value>
</Feature>
</Annotation>
<Annotation Id="845" Type="Token" StartNode="2013" EndNode="2020">
<Feature>
  <Name className="java.lang.String">string</Name>
  <Value className="java.lang.String">believe</Value>
</Feature>
</Annotation>
<Annotation Id="959" Type="Token" StartNode="2252" EndNode="2262">
<Feature>
  <Name className="java.lang.String">string</Name>
  <Value className="java.lang.String">Mechanical</Value>
</Feature>
</Annotation>
<Annotation Id="953" Type="Token" StartNode="2237" EndNode="2244">
<Feature>
  <Name className="java.lang.String">string</Name>
  <Value className="java.lang.String">Towards</Value>
</Feature>
</Annotation>
<Annotation Id="925" Type="Token" StartNode="2190" EndNode="2198">
<Feature>
  <Name className="java.lang.String">string</Name>
  <Value className="java.lang.String">Graduate</Value>
</Feature>
</Annotation>
<Annotation Id="1018" Type="Token" StartNode="2388" EndNode="2394">
<Feature>
  <Name className="java.lang.String">string</Name>
  <Value className="java.lang.String">Jewish</Value>
</Feature>
</Annotation>
<Annotation Id="1020" Type="Token" StartNode="2395" EndNode="2403">
<Feature>
  <Name className="java.lang.String">string</Name>
  <Value className="java.lang.String">homeland</Value>
</Feature>
</Annotation>
<Annotation Id="1003" Type="Token" StartNode="2365" EndNode="2371">
<Feature>
  <Name className="java.lang.String">string</Name>
  <Value className="java.lang.String">Golden</Value>
</Feature>
</Annotation>
<Annotation Id="993" Type="Token" StartNode="2344" EndNode="2354">
<Feature>
  <Name className="java.lang.String">string</Name>
  <Value className="java.lang.String">University</Value>
</Feature>
</Annotation>
<Annotation Id="985" Type="Token" StartNode="2312" EndNode="2323">
<Feature>
  <Name className="java.lang.String">string</Name>
  <Value className="java.lang.String">Palestinian</Value>
</Feature>
</Annotation>
<Annotation Id="991" Type="Token" StartNode="2337" EndNode="2343">
<Feature>
  <Name className="java.lang.String">string</Name>
  <Value className="java.lang.String">Mellon</Value>
</Feature>
</Annotation>
<Annotation Id="989" Type="Token" StartNode="2328" EndNode="2336">
<Feature>
  <Name className="java.lang.String">string</Name>
  <Value className="java.lang.String">Carnegie</Value>
</Feature>
</Annotation>
<Annotation Id="980" Type="Token" StartNode="2300" EndNode="2308">
<Feature>
  <Name className="java.lang.String">string</Name>
  <Value className="java.lang.String">opinions</Value>
</Feature>
</Annotation>
<Annotation Id="961" Type="Token" StartNode="2263" EndNode="2274">
<Feature>
  <Name className="java.lang.String">string</Name>
  <Value className="java.lang.String">Engineering</Value>
</Feature>
</Annotation>
<Annotation Id="1116" Type="Token" StartNode="2522" EndNode="2529">
<Feature>
  <Name className="java.lang.String">string</Name>
  <Value className="java.lang.String">towards</Value>
</Feature>
</Annotation>
<Annotation Id="1114" Type="Token" StartNode="2514" EndNode="2521">
<Feature>
  <Name className="java.lang.String">string</Name>
  <Value className="java.lang.String">Working</Value>
</Feature>
</Annotation>
<Annotation Id="1104" Type="Token" StartNode="2490" EndNode="2501">
<Feature>
  <Name className="java.lang.String">string</Name>
  <Value className="java.lang.String">bluelobster</Value>
</Feature>
</Annotation>
<Annotation Id="1135" Type="Token" StartNode="2571" EndNode="2578">
<Feature>
  <Name className="java.lang.String">string</Name>
  <Value className="java.lang.String">distims</Value>
</Feature>
</Annotation>
<Annotation Id="1133" Type="Token" StartNode="2564" EndNode="2570">
<Feature>
  <Name className="java.lang.String">string</Name>
  <Value className="java.lang.String">gostak</Value>
</Feature>
</Annotation>
<Annotation Id="1127" Type="Token" StartNode="2551" EndNode="2557">
<Feature>
  <Name className="java.lang.String">string</Name>
  <Value className="java.lang.String">Deeper</Value>
</Feature>
</Annotation>
<Annotation Id="1123" Type="Token" StartNode="2540" EndNode="2546">
<Feature>
  <Name className="java.lang.String">string</Name>
  <Value className="java.lang.String">Higher</Value>
</Feature>
</Annotation>
<Annotation Id="1139" Type="Token" StartNode="2583" EndNode="2589">
<Feature>
  <Name className="java.lang.String">string</Name>
  <Value className="java.lang.String">doches</Value>
</Feature>
</Annotation>
</AnnotationSet>
<AnnotationSet Name="Original markups"> </AnnotationSet>
</GateDocument>