<?xml version='1.0' encoding='UTF-8'?>
<GateDocument version="3">
<!-- The document's features-->

<GateDocumentFeatures>
<Feature>
  <Name className="java.lang.String">Original_document_content_on_load</Name>
  <Value className="java.lang.String">From: mikey@ccwf.cc.utexas.edu (Strider)
Date: 21 Apr 1993 05:21:12 GMT
Organization: The University of Texas at Austin, Austin TX
Lines: 30
Message-ID: &lt;1r2lk8$7mm@geraldo.cc.utexas.edu>
References: &lt;C5rLnE.4pC@murdoch.acc.Virginia.EDU> &lt;1r1i41$4t@transfer.stratus.com> &lt;1993Apr21.045548.17418@news.cs.brandeis.edu>
NNTP-Posting-Host: louie.cc.utexas.edu

st922957@pip.cc.brandeis.edu writes:
:
:Y'know, when the right to bear arms was "invented", all we had to worry
:about was the shotgun and pistol. Now, we have to worry about drive-bys
:with Uzis sparaying the entire neighborhood with bullets.

Aside from the fact that you will be flamed up one side and down the other
for suggesting that the RKBA was "invented" rather than merely recognized,
your assertion merely reinforces the knowledge that RKBA must be maintained
so that we, the People, can protect our own neighborhoods.  The police
certainly aren't doing it.  How long did it take the DC police to catch
that drive-by shotgunner (note that he wasn't using an Uzi, but one of
those shotguns you claim we needed to worry about back then)?  I believe
there were eleven attacks before the police ever caught a suspect....


:Just because someting was good once, does not mean it will be forever.

Yes, gone are the days when you can leave your house unlocked at night.
Well, it couldn't last forever.


Mike Ruff
-- 
- This above all, to thine own      S T R I D E R      mikey@ccwf.cc.utexas.edu
-     self be true.  --Polonius     *  * *****    **  *  * **** ***** *** *   *
Those who would sacrifice essential *  *   *     *  * *  * *      *    *  **  *
   liberties for a little temporary *  *   *     **** *  * ****   *    *  * * *
   safety deserve neither liberty   *  *   *     *  * *  *    *   *    *  *  **
   nor safety.  --B. Franklin       ****   *     *  * **** ****   *   *** *   *
</Value>
</Feature>
<Feature>
  <Name className="java.lang.String">gate.SourceURL</Name>
  <Value className="java.lang.String">file:/C:/Users/jian/Documents/NetBeansProjects/NoiseReductionTechniques/mideastPoliticsMix/negative296</Value>
</Feature>
</GateDocumentFeatures>
<!-- The document content area with serialized nodes -->

<TextWithNodes><Node id="0"/>From<Node id="4"/>:<Node id="5"/> <Node id="6"/>mikey<Node id="11"/>@<Node id="12"/>ccwf<Node id="16"/>.<Node id="17"/>cc<Node id="19"/>.<Node id="20"/>utexas<Node id="26"/>.<Node id="27"/>edu<Node id="30"/> <Node id="31"/>(<Node id="32"/>Strider<Node id="39"/>)<Node id="40"/>
<Node id="41"/>Date<Node id="45"/>:<Node id="46"/> <Node id="47"/>21<Node id="49"/> <Node id="50"/>Apr<Node id="53"/> <Node id="54"/>1993<Node id="58"/> <Node id="59"/>05<Node id="61"/>:<Node id="62"/>21<Node id="64"/>:<Node id="65"/>12<Node id="67"/> <Node id="68"/>GMT<Node id="71"/>
<Node id="72"/>Organization<Node id="84"/>:<Node id="85"/> <Node id="86"/>The<Node id="89"/> <Node id="90"/>University<Node id="100"/> <Node id="101"/>of<Node id="103"/> <Node id="104"/>Texas<Node id="109"/> <Node id="110"/>at<Node id="112"/> <Node id="113"/>Austin<Node id="119"/>,<Node id="120"/> <Node id="121"/>Austin<Node id="127"/> <Node id="128"/>TX<Node id="130"/>
<Node id="131"/>Lines<Node id="136"/>:<Node id="137"/> <Node id="138"/>30<Node id="140"/>
<Node id="141"/>Message-<Node id="149"/>ID<Node id="151"/>:<Node id="152"/> <Node id="153"/>&lt;<Node id="154"/>1<Node id="155"/>r<Node id="156"/>2<Node id="157"/>lk<Node id="159"/>8<Node id="160"/>$<Node id="161"/>7<Node id="162"/>mm<Node id="164"/>@<Node id="165"/>geraldo<Node id="172"/>.<Node id="173"/>cc<Node id="175"/>.<Node id="176"/>utexas<Node id="182"/>.<Node id="183"/>edu<Node id="186"/>&gt;<Node id="187"/>
<Node id="188"/>References<Node id="198"/>:<Node id="199"/> <Node id="200"/>&lt;<Node id="201"/>C<Node id="202"/>5<Node id="203"/>rLnE<Node id="207"/>.<Node id="208"/>4<Node id="209"/>pC<Node id="211"/>@<Node id="212"/>murdoch<Node id="219"/>.<Node id="220"/>acc<Node id="223"/>.<Node id="224"/>Virginia<Node id="232"/>.<Node id="233"/>EDU<Node id="236"/>&gt;<Node id="237"/> <Node id="238"/>&lt;<Node id="239"/>1<Node id="240"/>r<Node id="241"/>1<Node id="242"/>i<Node id="243"/>41<Node id="245"/>$<Node id="246"/>4<Node id="247"/>t<Node id="248"/>@<Node id="249"/>transfer<Node id="257"/>.<Node id="258"/>stratus<Node id="265"/>.<Node id="266"/>com<Node id="269"/>&gt;<Node id="270"/> <Node id="271"/>&lt;<Node id="272"/>1993<Node id="276"/>Apr<Node id="279"/>21<Node id="281"/>.<Node id="282"/>045548<Node id="288"/>.<Node id="289"/>17418<Node id="294"/>@<Node id="295"/>news<Node id="299"/>.<Node id="300"/>cs<Node id="302"/>.<Node id="303"/>brandeis<Node id="311"/>.<Node id="312"/>edu<Node id="315"/>&gt;<Node id="316"/>
<Node id="317"/>NNTP-Posting-Host<Node id="334"/>:<Node id="335"/> <Node id="336"/>louie<Node id="341"/>.<Node id="342"/>cc<Node id="344"/>.<Node id="345"/>utexas<Node id="351"/>.<Node id="352"/>edu<Node id="355"/>
<Node id="356"/>
<Node id="357"/>st<Node id="359"/>922957<Node id="365"/>@<Node id="366"/>pip<Node id="369"/>.<Node id="370"/>cc<Node id="372"/>.<Node id="373"/>brandeis<Node id="381"/>.<Node id="382"/>edu<Node id="385"/> <Node id="386"/>writes<Node id="392"/>:<Node id="393"/>
<Node id="394"/>:<Node id="395"/>
<Node id="396"/>:<Node id="397"/>Y<Node id="398"/>'<Node id="399"/>know<Node id="403"/>,<Node id="404"/> <Node id="405"/>when<Node id="409"/> <Node id="410"/>the<Node id="413"/> <Node id="414"/>right<Node id="419"/> <Node id="420"/>to<Node id="422"/> <Node id="423"/>bear<Node id="427"/> <Node id="428"/>arms<Node id="432"/> <Node id="433"/>was<Node id="436"/> <Node id="437"/>"<Node id="438"/>invented<Node id="446"/>"<Node id="447"/>,<Node id="448"/> <Node id="449"/>all<Node id="452"/> <Node id="453"/>we<Node id="455"/> <Node id="456"/>had<Node id="459"/> <Node id="460"/>to<Node id="462"/> <Node id="463"/>worry<Node id="468"/>
<Node id="469"/>:<Node id="470"/>about<Node id="475"/> <Node id="476"/>was<Node id="479"/> <Node id="480"/>the<Node id="483"/> <Node id="484"/>shotgun<Node id="491"/> <Node id="492"/>and<Node id="495"/> <Node id="496"/>pistol<Node id="502"/>.<Node id="503"/> <Node id="504"/>Now<Node id="507"/>,<Node id="508"/> <Node id="509"/>we<Node id="511"/> <Node id="512"/>have<Node id="516"/> <Node id="517"/>to<Node id="519"/> <Node id="520"/>worry<Node id="525"/> <Node id="526"/>about<Node id="531"/> <Node id="532"/>drive-bys<Node id="541"/>
<Node id="542"/>:<Node id="543"/>with<Node id="547"/> <Node id="548"/>Uzis<Node id="552"/> <Node id="553"/>sparaying<Node id="562"/> <Node id="563"/>the<Node id="566"/> <Node id="567"/>entire<Node id="573"/> <Node id="574"/>neighborhood<Node id="586"/> <Node id="587"/>with<Node id="591"/> <Node id="592"/>bullets<Node id="599"/>.<Node id="600"/>
<Node id="601"/>
<Node id="602"/>Aside<Node id="607"/> <Node id="608"/>from<Node id="612"/> <Node id="613"/>the<Node id="616"/> <Node id="617"/>fact<Node id="621"/> <Node id="622"/>that<Node id="626"/> <Node id="627"/>you<Node id="630"/> <Node id="631"/>will<Node id="635"/> <Node id="636"/>be<Node id="638"/> <Node id="639"/>flamed<Node id="645"/> <Node id="646"/>up<Node id="648"/> <Node id="649"/>one<Node id="652"/> <Node id="653"/>side<Node id="657"/> <Node id="658"/>and<Node id="661"/> <Node id="662"/>down<Node id="666"/> <Node id="667"/>the<Node id="670"/> <Node id="671"/>other<Node id="676"/>
<Node id="677"/>for<Node id="680"/> <Node id="681"/>suggesting<Node id="691"/> <Node id="692"/>that<Node id="696"/> <Node id="697"/>the<Node id="700"/> <Node id="701"/>RKBA<Node id="705"/> <Node id="706"/>was<Node id="709"/> <Node id="710"/>"<Node id="711"/>invented<Node id="719"/>"<Node id="720"/> <Node id="721"/>rather<Node id="727"/> <Node id="728"/>than<Node id="732"/> <Node id="733"/>merely<Node id="739"/> <Node id="740"/>recognized<Node id="750"/>,<Node id="751"/>
<Node id="752"/>your<Node id="756"/> <Node id="757"/>assertion<Node id="766"/> <Node id="767"/>merely<Node id="773"/> <Node id="774"/>reinforces<Node id="784"/> <Node id="785"/>the<Node id="788"/> <Node id="789"/>knowledge<Node id="798"/> <Node id="799"/>that<Node id="803"/> <Node id="804"/>RKBA<Node id="808"/> <Node id="809"/>must<Node id="813"/> <Node id="814"/>be<Node id="816"/> <Node id="817"/>maintained<Node id="827"/>
<Node id="828"/>so<Node id="830"/> <Node id="831"/>that<Node id="835"/> <Node id="836"/>we<Node id="838"/>,<Node id="839"/> <Node id="840"/>the<Node id="843"/> <Node id="844"/>People<Node id="850"/>,<Node id="851"/> <Node id="852"/>can<Node id="855"/> <Node id="856"/>protect<Node id="863"/> <Node id="864"/>our<Node id="867"/> <Node id="868"/>own<Node id="871"/> <Node id="872"/>neighborhoods<Node id="885"/>.<Node id="886"/> <Node id="887"/> <Node id="888"/>The<Node id="891"/> <Node id="892"/>police<Node id="898"/>
<Node id="899"/>certainly<Node id="908"/> <Node id="909"/>are<Node id="912"/>n't<Node id="915"/> <Node id="916"/>doing<Node id="921"/> <Node id="922"/>it<Node id="924"/>.<Node id="925"/> <Node id="926"/> <Node id="927"/>How<Node id="930"/> <Node id="931"/>long<Node id="935"/> <Node id="936"/>did<Node id="939"/> <Node id="940"/>it<Node id="942"/> <Node id="943"/>take<Node id="947"/> <Node id="948"/>the<Node id="951"/> <Node id="952"/>DC<Node id="954"/> <Node id="955"/>police<Node id="961"/> <Node id="962"/>to<Node id="964"/> <Node id="965"/>catch<Node id="970"/>
<Node id="971"/>that<Node id="975"/> <Node id="976"/>drive-by<Node id="984"/> <Node id="985"/>shotgunner<Node id="995"/> <Node id="996"/>(<Node id="997"/>note<Node id="1001"/> <Node id="1002"/>that<Node id="1006"/> <Node id="1007"/>he<Node id="1009"/> <Node id="1010"/>was<Node id="1013"/>n't<Node id="1016"/> <Node id="1017"/>using<Node id="1022"/> <Node id="1023"/>an<Node id="1025"/> <Node id="1026"/>Uzi<Node id="1029"/>,<Node id="1030"/> <Node id="1031"/>but<Node id="1034"/> <Node id="1035"/>one<Node id="1038"/> <Node id="1039"/>of<Node id="1041"/>
<Node id="1042"/>those<Node id="1047"/> <Node id="1048"/>shotguns<Node id="1056"/> <Node id="1057"/>you<Node id="1060"/> <Node id="1061"/>claim<Node id="1066"/> <Node id="1067"/>we<Node id="1069"/> <Node id="1070"/>needed<Node id="1076"/> <Node id="1077"/>to<Node id="1079"/> <Node id="1080"/>worry<Node id="1085"/> <Node id="1086"/>about<Node id="1091"/> <Node id="1092"/>back<Node id="1096"/> <Node id="1097"/>then<Node id="1101"/>)<Node id="1102"/>?<Node id="1103"/> <Node id="1104"/> <Node id="1105"/>I<Node id="1106"/> <Node id="1107"/>believe<Node id="1114"/>
<Node id="1115"/>there<Node id="1120"/> <Node id="1121"/>were<Node id="1125"/> <Node id="1126"/>eleven<Node id="1132"/> <Node id="1133"/>attacks<Node id="1140"/> <Node id="1141"/>before<Node id="1147"/> <Node id="1148"/>the<Node id="1151"/> <Node id="1152"/>police<Node id="1158"/> <Node id="1159"/>ever<Node id="1163"/> <Node id="1164"/>caught<Node id="1170"/> <Node id="1171"/>a<Node id="1172"/> <Node id="1173"/>suspect<Node id="1180"/>.<Node id="1181"/>.<Node id="1182"/>.<Node id="1183"/>.<Node id="1184"/>
<Node id="1185"/>
<Node id="1186"/>
<Node id="1187"/>:<Node id="1188"/>Just<Node id="1192"/> <Node id="1193"/>because<Node id="1200"/> <Node id="1201"/>someting<Node id="1209"/> <Node id="1210"/>was<Node id="1213"/> <Node id="1214"/>good<Node id="1218"/> <Node id="1219"/>once<Node id="1223"/>,<Node id="1224"/> <Node id="1225"/>does<Node id="1229"/> <Node id="1230"/>not<Node id="1233"/> <Node id="1234"/>mean<Node id="1238"/> <Node id="1239"/>it<Node id="1241"/> <Node id="1242"/>will<Node id="1246"/> <Node id="1247"/>be<Node id="1249"/> <Node id="1250"/>forever<Node id="1257"/>.<Node id="1258"/>
<Node id="1259"/>
<Node id="1260"/>Yes<Node id="1263"/>,<Node id="1264"/> <Node id="1265"/>gone<Node id="1269"/> <Node id="1270"/>are<Node id="1273"/> <Node id="1274"/>the<Node id="1277"/> <Node id="1278"/>days<Node id="1282"/> <Node id="1283"/>when<Node id="1287"/> <Node id="1288"/>you<Node id="1291"/> <Node id="1292"/>can<Node id="1295"/> <Node id="1296"/>leave<Node id="1301"/> <Node id="1302"/>your<Node id="1306"/> <Node id="1307"/>house<Node id="1312"/> <Node id="1313"/>unlocked<Node id="1321"/> <Node id="1322"/>at<Node id="1324"/> <Node id="1325"/>night<Node id="1330"/>.<Node id="1331"/>
<Node id="1332"/>Well<Node id="1336"/>,<Node id="1337"/> <Node id="1338"/>it<Node id="1340"/> <Node id="1341"/>could<Node id="1346"/>n't<Node id="1349"/> <Node id="1350"/>last<Node id="1354"/> <Node id="1355"/>forever<Node id="1362"/>.<Node id="1363"/>
<Node id="1364"/>
<Node id="1365"/>
<Node id="1366"/>Mike<Node id="1370"/> <Node id="1371"/>Ruff<Node id="1375"/>
<Node id="1376"/>-<Node id="1377"/>-<Node id="1378"/> <Node id="1379"/>
<Node id="1380"/>-<Node id="1381"/> <Node id="1382"/>This<Node id="1386"/> <Node id="1387"/>above<Node id="1392"/> <Node id="1393"/>all<Node id="1396"/>,<Node id="1397"/> <Node id="1398"/>to<Node id="1400"/> <Node id="1401"/>thine<Node id="1406"/> <Node id="1407"/>own<Node id="1410"/> <Node id="1411"/> <Node id="1412"/> <Node id="1413"/> <Node id="1414"/> <Node id="1415"/> <Node id="1416"/>S<Node id="1417"/> <Node id="1418"/>T<Node id="1419"/> <Node id="1420"/>R<Node id="1421"/> <Node id="1422"/>I<Node id="1423"/> <Node id="1424"/>D<Node id="1425"/> <Node id="1426"/>E<Node id="1427"/> <Node id="1428"/>R<Node id="1429"/> <Node id="1430"/> <Node id="1431"/> <Node id="1432"/> <Node id="1433"/> <Node id="1434"/> <Node id="1435"/>mikey<Node id="1440"/>@<Node id="1441"/>ccwf<Node id="1445"/>.<Node id="1446"/>cc<Node id="1448"/>.<Node id="1449"/>utexas<Node id="1455"/>.<Node id="1456"/>edu<Node id="1459"/>
<Node id="1460"/>-<Node id="1461"/> <Node id="1462"/> <Node id="1463"/> <Node id="1464"/> <Node id="1465"/> <Node id="1466"/>self<Node id="1470"/> <Node id="1471"/>be<Node id="1473"/> <Node id="1474"/>true<Node id="1478"/>.<Node id="1479"/> <Node id="1480"/> <Node id="1481"/>-<Node id="1482"/>-<Node id="1483"/>Polonius<Node id="1491"/> <Node id="1492"/> <Node id="1493"/> <Node id="1494"/> <Node id="1495"/> <Node id="1496"/>*<Node id="1497"/> <Node id="1498"/> <Node id="1499"/>*<Node id="1500"/> <Node id="1501"/>*<Node id="1502"/>*<Node id="1503"/>*<Node id="1504"/>*<Node id="1505"/>*<Node id="1506"/> <Node id="1507"/> <Node id="1508"/> <Node id="1509"/> <Node id="1510"/>*<Node id="1511"/>*<Node id="1512"/> <Node id="1513"/> <Node id="1514"/>*<Node id="1515"/> <Node id="1516"/> <Node id="1517"/>*<Node id="1518"/> <Node id="1519"/>*<Node id="1520"/>*<Node id="1521"/>*<Node id="1522"/>*<Node id="1523"/> <Node id="1524"/>*<Node id="1525"/>*<Node id="1526"/>*<Node id="1527"/>*<Node id="1528"/>*<Node id="1529"/> <Node id="1530"/>*<Node id="1531"/>*<Node id="1532"/>*<Node id="1533"/> <Node id="1534"/>*<Node id="1535"/> <Node id="1536"/> <Node id="1537"/> <Node id="1538"/>*<Node id="1539"/>
<Node id="1540"/>Those<Node id="1545"/> <Node id="1546"/>who<Node id="1549"/> <Node id="1550"/>would<Node id="1555"/> <Node id="1556"/>sacrifice<Node id="1565"/> <Node id="1566"/>essential<Node id="1575"/> <Node id="1576"/>*<Node id="1577"/> <Node id="1578"/> <Node id="1579"/>*<Node id="1580"/> <Node id="1581"/> <Node id="1582"/> <Node id="1583"/>*<Node id="1584"/> <Node id="1585"/> <Node id="1586"/> <Node id="1587"/> <Node id="1588"/> <Node id="1589"/>*<Node id="1590"/> <Node id="1591"/> <Node id="1592"/>*<Node id="1593"/> <Node id="1594"/>*<Node id="1595"/> <Node id="1596"/> <Node id="1597"/>*<Node id="1598"/> <Node id="1599"/>*<Node id="1600"/> <Node id="1601"/> <Node id="1602"/> <Node id="1603"/> <Node id="1604"/> <Node id="1605"/> <Node id="1606"/>*<Node id="1607"/> <Node id="1608"/> <Node id="1609"/> <Node id="1610"/> <Node id="1611"/>*<Node id="1612"/> <Node id="1613"/> <Node id="1614"/>*<Node id="1615"/>*<Node id="1616"/> <Node id="1617"/> <Node id="1618"/>*<Node id="1619"/>
<Node id="1620"/> <Node id="1621"/> <Node id="1622"/> <Node id="1623"/>liberties<Node id="1632"/> <Node id="1633"/>for<Node id="1636"/> <Node id="1637"/>a<Node id="1638"/> <Node id="1639"/>little<Node id="1645"/> <Node id="1646"/>temporary<Node id="1655"/> <Node id="1656"/>*<Node id="1657"/> <Node id="1658"/> <Node id="1659"/>*<Node id="1660"/> <Node id="1661"/> <Node id="1662"/> <Node id="1663"/>*<Node id="1664"/> <Node id="1665"/> <Node id="1666"/> <Node id="1667"/> <Node id="1668"/> <Node id="1669"/>*<Node id="1670"/>*<Node id="1671"/>*<Node id="1672"/>*<Node id="1673"/> <Node id="1674"/>*<Node id="1675"/> <Node id="1676"/> <Node id="1677"/>*<Node id="1678"/> <Node id="1679"/>*<Node id="1680"/>*<Node id="1681"/>*<Node id="1682"/>*<Node id="1683"/> <Node id="1684"/> <Node id="1685"/> <Node id="1686"/>*<Node id="1687"/> <Node id="1688"/> <Node id="1689"/> <Node id="1690"/> <Node id="1691"/>*<Node id="1692"/> <Node id="1693"/> <Node id="1694"/>*<Node id="1695"/> <Node id="1696"/>*<Node id="1697"/> <Node id="1698"/>*<Node id="1699"/>
<Node id="1700"/> <Node id="1701"/> <Node id="1702"/> <Node id="1703"/>safety<Node id="1709"/> <Node id="1710"/>deserve<Node id="1717"/> <Node id="1718"/>neither<Node id="1725"/> <Node id="1726"/>liberty<Node id="1733"/> <Node id="1734"/> <Node id="1735"/> <Node id="1736"/>*<Node id="1737"/> <Node id="1738"/> <Node id="1739"/>*<Node id="1740"/> <Node id="1741"/> <Node id="1742"/> <Node id="1743"/>*<Node id="1744"/> <Node id="1745"/> <Node id="1746"/> <Node id="1747"/> <Node id="1748"/> <Node id="1749"/>*<Node id="1750"/> <Node id="1751"/> <Node id="1752"/>*<Node id="1753"/> <Node id="1754"/>*<Node id="1755"/> <Node id="1756"/> <Node id="1757"/>*<Node id="1758"/> <Node id="1759"/> <Node id="1760"/> <Node id="1761"/> <Node id="1762"/>*<Node id="1763"/> <Node id="1764"/> <Node id="1765"/> <Node id="1766"/>*<Node id="1767"/> <Node id="1768"/> <Node id="1769"/> <Node id="1770"/> <Node id="1771"/>*<Node id="1772"/> <Node id="1773"/> <Node id="1774"/>*<Node id="1775"/> <Node id="1776"/> <Node id="1777"/>*<Node id="1778"/>*<Node id="1779"/>
<Node id="1780"/> <Node id="1781"/> <Node id="1782"/> <Node id="1783"/>nor<Node id="1786"/> <Node id="1787"/>safety<Node id="1793"/>.<Node id="1794"/> <Node id="1795"/> <Node id="1796"/>-<Node id="1797"/>-<Node id="1798"/>B<Node id="1799"/>.<Node id="1800"/> <Node id="1801"/>Franklin<Node id="1809"/> <Node id="1810"/> <Node id="1811"/> <Node id="1812"/> <Node id="1813"/> <Node id="1814"/> <Node id="1815"/> <Node id="1816"/>*<Node id="1817"/>*<Node id="1818"/>*<Node id="1819"/>*<Node id="1820"/> <Node id="1821"/> <Node id="1822"/> <Node id="1823"/>*<Node id="1824"/> <Node id="1825"/> <Node id="1826"/> <Node id="1827"/> <Node id="1828"/> <Node id="1829"/>*<Node id="1830"/> <Node id="1831"/> <Node id="1832"/>*<Node id="1833"/> <Node id="1834"/>*<Node id="1835"/>*<Node id="1836"/>*<Node id="1837"/>*<Node id="1838"/> <Node id="1839"/>*<Node id="1840"/>*<Node id="1841"/>*<Node id="1842"/>*<Node id="1843"/> <Node id="1844"/> <Node id="1845"/> <Node id="1846"/>*<Node id="1847"/> <Node id="1848"/> <Node id="1849"/> <Node id="1850"/>*<Node id="1851"/>*<Node id="1852"/>*<Node id="1853"/> <Node id="1854"/>*<Node id="1855"/> <Node id="1856"/> <Node id="1857"/> <Node id="1858"/>*<Node id="1859"/>
<Node id="1860"/></TextWithNodes>
<!-- The default annotation set -->

<AnnotationSet>
<Annotation EndNode="1860" StartNode="0" Type="Mention" Id="9999999">
<Feature>
<Name classname="java.lang.String">Class</Name>
<Value classname="java.lang.String">0</Value>
</Feature>
</Annotation>

<Annotation Id="9" Type="Token" StartNode="20" EndNode="26">
<Feature>
  <Name className="java.lang.String">string</Name>
  <Value className="java.lang.String">utexas</Value>
</Feature>
</Annotation>
<Annotation Id="14" Type="Token" StartNode="32" EndNode="39">
<Feature>
  <Name className="java.lang.String">string</Name>
  <Value className="java.lang.String">Strider</Value>
</Feature>
</Annotation>
<Annotation Id="34" Type="Token" StartNode="72" EndNode="84">
<Feature>
  <Name className="java.lang.String">string</Name>
  <Value className="java.lang.String">Organization</Value>
</Feature>
</Annotation>
<Annotation Id="39" Type="Token" StartNode="90" EndNode="100">
<Feature>
  <Name className="java.lang.String">string</Name>
  <Value className="java.lang.String">University</Value>
</Feature>
</Annotation>
<Annotation Id="47" Type="Token" StartNode="113" EndNode="119">
<Feature>
  <Name className="java.lang.String">string</Name>
  <Value className="java.lang.String">Austin</Value>
</Feature>
</Annotation>
<Annotation Id="50" Type="Token" StartNode="121" EndNode="127">
<Feature>
  <Name className="java.lang.String">string</Name>
  <Value className="java.lang.String">Austin</Value>
</Feature>
</Annotation>
<Annotation Id="59" Type="Token" StartNode="141" EndNode="149">
<Feature>
  <Name className="java.lang.String">string</Name>
  <Value className="java.lang.String">Message-</Value>
</Feature>
</Annotation>
<Annotation Id="77" Type="Token" StartNode="176" EndNode="182">
<Feature>
  <Name className="java.lang.String">string</Name>
  <Value className="java.lang.String">utexas</Value>
</Feature>
</Annotation>
<Annotation Id="73" Type="Token" StartNode="165" EndNode="172">
<Feature>
  <Name className="java.lang.String">string</Name>
  <Value className="java.lang.String">geraldo</Value>
</Feature>
</Annotation>
<Annotation Id="82" Type="Token" StartNode="188" EndNode="198">
<Feature>
  <Name className="java.lang.String">string</Name>
  <Value className="java.lang.String">References</Value>
</Feature>
</Annotation>
<Annotation Id="93" Type="Token" StartNode="212" EndNode="219">
<Feature>
  <Name className="java.lang.String">string</Name>
  <Value className="java.lang.String">murdoch</Value>
</Feature>
</Annotation>
<Annotation Id="97" Type="Token" StartNode="224" EndNode="232">
<Feature>
  <Name className="java.lang.String">string</Name>
  <Value className="java.lang.String">Virginia</Value>
</Feature>
</Annotation>
<Annotation Id="114" Type="Token" StartNode="258" EndNode="265">
<Feature>
  <Name className="java.lang.String">string</Name>
  <Value className="java.lang.String">stratus</Value>
</Feature>
</Annotation>
<Annotation Id="112" Type="Token" StartNode="249" EndNode="257">
<Feature>
  <Name className="java.lang.String">string</Name>
  <Value className="java.lang.String">transfer</Value>
</Feature>
</Annotation>
<Annotation Id="124" Type="Token" StartNode="282" EndNode="288">
</Annotation>
<Annotation Id="137" Type="Token" StartNode="317" EndNode="334">
<Feature>
  <Name className="java.lang.String">string</Name>
  <Value className="java.lang.String">NNTP-Posting-Host</Value>
</Feature>
</Annotation>
<Annotation Id="132" Type="Token" StartNode="303" EndNode="311">
<Feature>
  <Name className="java.lang.String">string</Name>
  <Value className="java.lang.String">brandeis</Value>
</Feature>
</Annotation>
<Annotation Id="156" Type="Token" StartNode="373" EndNode="381">
<Feature>
  <Name className="java.lang.String">string</Name>
  <Value className="java.lang.String">brandeis</Value>
</Feature>
</Annotation>
<Annotation Id="144" Type="Token" StartNode="345" EndNode="351">
<Feature>
  <Name className="java.lang.String">string</Name>
  <Value className="java.lang.String">utexas</Value>
</Feature>
</Annotation>
<Annotation Id="150" Type="Token" StartNode="359" EndNode="365">
</Annotation>
<Annotation Id="160" Type="Token" StartNode="386" EndNode="392">
<Feature>
  <Name className="java.lang.String">string</Name>
  <Value className="java.lang.String">writes</Value>
</Feature>
</Annotation>
<Annotation Id="186" Type="Token" StartNode="438" EndNode="446">
<Feature>
  <Name className="java.lang.String">string</Name>
  <Value className="java.lang.String">invented</Value>
</Feature>
</Annotation>
<Annotation Id="207" Type="Token" StartNode="484" EndNode="491">
<Feature>
  <Name className="java.lang.String">string</Name>
  <Value className="java.lang.String">shotgun</Value>
</Feature>
</Annotation>
<Annotation Id="211" Type="Token" StartNode="496" EndNode="502">
<Feature>
  <Name className="java.lang.String">string</Name>
  <Value className="java.lang.String">pistol</Value>
</Feature>
</Annotation>
<Annotation Id="238" Type="Token" StartNode="567" EndNode="573">
<Feature>
  <Name className="java.lang.String">string</Name>
  <Value className="java.lang.String">entire</Value>
</Feature>
</Annotation>
<Annotation Id="234" Type="Token" StartNode="553" EndNode="562">
<Feature>
  <Name className="java.lang.String">string</Name>
  <Value className="java.lang.String">sparaying</Value>
</Feature>
</Annotation>
<Annotation Id="227" Type="Token" StartNode="532" EndNode="541">
<Feature>
  <Name className="java.lang.String">string</Name>
  <Value className="java.lang.String">drive-bys</Value>
</Feature>
</Annotation>
<Annotation Id="244" Type="Token" StartNode="592" EndNode="599">
<Feature>
  <Name className="java.lang.String">string</Name>
  <Value className="java.lang.String">bullets</Value>
</Feature>
</Annotation>
<Annotation Id="240" Type="Token" StartNode="574" EndNode="586">
<Feature>
  <Name className="java.lang.String">string</Name>
  <Value className="java.lang.String">neighborhood</Value>
</Feature>
</Annotation>
<Annotation Id="282" Type="Token" StartNode="681" EndNode="691">
<Feature>
  <Name className="java.lang.String">string</Name>
  <Value className="java.lang.String">suggesting</Value>
</Feature>
</Annotation>
<Annotation Id="264" Type="Token" StartNode="639" EndNode="645">
<Feature>
  <Name className="java.lang.String">string</Name>
  <Value className="java.lang.String">flamed</Value>
</Feature>
</Annotation>
<Annotation Id="307" Type="Token" StartNode="757" EndNode="766">
<Feature>
  <Name className="java.lang.String">string</Name>
  <Value className="java.lang.String">assertion</Value>
</Feature>
</Annotation>
<Annotation Id="309" Type="Token" StartNode="767" EndNode="773">
<Feature>
  <Name className="java.lang.String">string</Name>
  <Value className="java.lang.String">merely</Value>
</Feature>
</Annotation>
<Annotation Id="311" Type="Token" StartNode="774" EndNode="784">
<Feature>
  <Name className="java.lang.String">string</Name>
  <Value className="java.lang.String">reinforces</Value>
</Feature>
</Annotation>
<Annotation Id="315" Type="Token" StartNode="789" EndNode="798">
<Feature>
  <Name className="java.lang.String">string</Name>
  <Value className="java.lang.String">knowledge</Value>
</Feature>
</Annotation>
<Annotation Id="293" Type="Token" StartNode="711" EndNode="719">
<Feature>
  <Name className="java.lang.String">string</Name>
  <Value className="java.lang.String">invented</Value>
</Feature>
</Annotation>
<Annotation Id="296" Type="Token" StartNode="721" EndNode="727">
<Feature>
  <Name className="java.lang.String">string</Name>
  <Value className="java.lang.String">rather</Value>
</Feature>
</Annotation>
<Annotation Id="300" Type="Token" StartNode="733" EndNode="739">
<Feature>
  <Name className="java.lang.String">string</Name>
  <Value className="java.lang.String">merely</Value>
</Feature>
</Annotation>
<Annotation Id="302" Type="Token" StartNode="740" EndNode="750">
<Feature>
  <Name className="java.lang.String">string</Name>
  <Value className="java.lang.String">recognized</Value>
</Feature>
</Annotation>
<Annotation Id="341" Type="Token" StartNode="856" EndNode="863">
<Feature>
  <Name className="java.lang.String">string</Name>
  <Value className="java.lang.String">protect</Value>
</Feature>
</Annotation>
<Annotation Id="336" Type="Token" StartNode="844" EndNode="850">
<Feature>
  <Name className="java.lang.String">string</Name>
  <Value className="java.lang.String">People</Value>
</Feature>
</Annotation>
<Annotation Id="347" Type="Token" StartNode="872" EndNode="885">
<Feature>
  <Name className="java.lang.String">string</Name>
  <Value className="java.lang.String">neighborhoods</Value>
</Feature>
</Annotation>
<Annotation Id="325" Type="Token" StartNode="817" EndNode="827">
<Feature>
  <Name className="java.lang.String">string</Name>
  <Value className="java.lang.String">maintained</Value>
</Feature>
</Annotation>
<Annotation Id="381" Type="Token" StartNode="955" EndNode="961">
<Feature>
  <Name className="java.lang.String">string</Name>
  <Value className="java.lang.String">police</Value>
</Feature>
</Annotation>
<Annotation Id="353" Type="Token" StartNode="892" EndNode="898">
<Feature>
  <Name className="java.lang.String">string</Name>
  <Value className="java.lang.String">police</Value>
</Feature>
</Annotation>
<Annotation Id="355" Type="Token" StartNode="899" EndNode="908">
<Feature>
  <Name className="java.lang.String">string</Name>
  <Value className="java.lang.String">certainly</Value>
</Feature>
</Annotation>
<Annotation Id="391" Type="Token" StartNode="985" EndNode="995">
<Feature>
  <Name className="java.lang.String">string</Name>
  <Value className="java.lang.String">shotgunner</Value>
</Feature>
</Annotation>
<Annotation Id="389" Type="Token" StartNode="976" EndNode="984">
<Feature>
  <Name className="java.lang.String">string</Name>
  <Value className="java.lang.String">drive-by</Value>
</Feature>
</Annotation>
<Annotation Id="444" Type="Token" StartNode="1107" EndNode="1114">
<Feature>
  <Name className="java.lang.String">string</Name>
  <Value className="java.lang.String">believe</Value>
</Feature>
</Annotation>
<Annotation Id="427" Type="Token" StartNode="1070" EndNode="1076">
<Feature>
  <Name className="java.lang.String">string</Name>
  <Value className="java.lang.String">needed</Value>
</Feature>
</Annotation>
<Annotation Id="419" Type="Token" StartNode="1048" EndNode="1056">
<Feature>
  <Name className="java.lang.String">string</Name>
  <Value className="java.lang.String">shotguns</Value>
</Feature>
</Annotation>
<Annotation Id="479" Type="Token" StartNode="1201" EndNode="1209">
<Feature>
  <Name className="java.lang.String">string</Name>
  <Value className="java.lang.String">someting</Value>
</Feature>
</Annotation>
<Annotation Id="477" Type="Token" StartNode="1193" EndNode="1200">
<Feature>
  <Name className="java.lang.String">string</Name>
  <Value className="java.lang.String">because</Value>
</Feature>
</Annotation>
<Annotation Id="466" Type="Token" StartNode="1173" EndNode="1180">
<Feature>
  <Name className="java.lang.String">string</Name>
  <Value className="java.lang.String">suspect</Value>
</Feature>
</Annotation>
<Annotation Id="462" Type="Token" StartNode="1164" EndNode="1170">
<Feature>
  <Name className="java.lang.String">string</Name>
  <Value className="java.lang.String">caught</Value>
</Feature>
</Annotation>
<Annotation Id="458" Type="Token" StartNode="1152" EndNode="1158">
<Feature>
  <Name className="java.lang.String">string</Name>
  <Value className="java.lang.String">police</Value>
</Feature>
</Annotation>
<Annotation Id="454" Type="Token" StartNode="1141" EndNode="1147">
<Feature>
  <Name className="java.lang.String">string</Name>
  <Value className="java.lang.String">before</Value>
</Feature>
</Annotation>
<Annotation Id="452" Type="Token" StartNode="1133" EndNode="1140">
<Feature>
  <Name className="java.lang.String">string</Name>
  <Value className="java.lang.String">attacks</Value>
</Feature>
</Annotation>
<Annotation Id="450" Type="Token" StartNode="1126" EndNode="1132">
<Feature>
  <Name className="java.lang.String">string</Name>
  <Value className="java.lang.String">eleven</Value>
</Feature>
</Annotation>
<Annotation Id="500" Type="Token" StartNode="1250" EndNode="1257">
<Feature>
  <Name className="java.lang.String">string</Name>
  <Value className="java.lang.String">forever</Value>
</Feature>
</Annotation>
<Annotation Id="545" Type="Token" StartNode="1355" EndNode="1362">
<Feature>
  <Name className="java.lang.String">string</Name>
  <Value className="java.lang.String">forever</Value>
</Feature>
</Annotation>
<Annotation Id="527" Type="Token" StartNode="1313" EndNode="1321">
<Feature>
  <Name className="java.lang.String">string</Name>
  <Value className="java.lang.String">unlocked</Value>
</Feature>
</Annotation>
<Annotation Id="623" Type="Token" StartNode="1483" EndNode="1491">
<Feature>
  <Name className="java.lang.String">string</Name>
  <Value className="java.lang.String">Polonius</Value>
</Feature>
</Annotation>
<Annotation Id="603" Type="Token" StartNode="1449" EndNode="1455">
<Feature>
  <Name className="java.lang.String">string</Name>
  <Value className="java.lang.String">utexas</Value>
</Feature>
</Annotation>
<Annotation Id="681" Type="Token" StartNode="1566" EndNode="1575">
<Feature>
  <Name className="java.lang.String">string</Name>
  <Value className="java.lang.String">essential</Value>
</Feature>
</Annotation>
<Annotation Id="679" Type="Token" StartNode="1556" EndNode="1565">
<Feature>
  <Name className="java.lang.String">string</Name>
  <Value className="java.lang.String">sacrifice</Value>
</Feature>
</Annotation>
<Annotation Id="738" Type="Token" StartNode="1646" EndNode="1655">
<Feature>
  <Name className="java.lang.String">string</Name>
  <Value className="java.lang.String">temporary</Value>
</Feature>
</Annotation>
<Annotation Id="736" Type="Token" StartNode="1639" EndNode="1645">
<Feature>
  <Name className="java.lang.String">string</Name>
  <Value className="java.lang.String">little</Value>
</Feature>
</Annotation>
<Annotation Id="730" Type="Token" StartNode="1623" EndNode="1632">
<Feature>
  <Name className="java.lang.String">string</Name>
  <Value className="java.lang.String">liberties</Value>
</Feature>
</Annotation>
<Annotation Id="791" Type="Token" StartNode="1718" EndNode="1725">
<Feature>
  <Name className="java.lang.String">string</Name>
  <Value className="java.lang.String">neither</Value>
</Feature>
</Annotation>
<Annotation Id="789" Type="Token" StartNode="1710" EndNode="1717">
<Feature>
  <Name className="java.lang.String">string</Name>
  <Value className="java.lang.String">deserve</Value>
</Feature>
</Annotation>
<Annotation Id="787" Type="Token" StartNode="1703" EndNode="1709">
<Feature>
  <Name className="java.lang.String">string</Name>
  <Value className="java.lang.String">safety</Value>
</Feature>
</Annotation>
<Annotation Id="793" Type="Token" StartNode="1726" EndNode="1733">
<Feature>
  <Name className="java.lang.String">string</Name>
  <Value className="java.lang.String">liberty</Value>
</Feature>
</Annotation>
<Annotation Id="855" Type="Token" StartNode="1801" EndNode="1809">
<Feature>
  <Name className="java.lang.String">string</Name>
  <Value className="java.lang.String">Franklin</Value>
</Feature>
</Annotation>
<Annotation Id="846" Type="Token" StartNode="1787" EndNode="1793">
<Feature>
  <Name className="java.lang.String">string</Name>
  <Value className="java.lang.String">safety</Value>
</Feature>
</Annotation>
</AnnotationSet>
<AnnotationSet Name="Original markups"> </AnnotationSet>
</GateDocument>