<?xml version='1.0' encoding='UTF-8'?>
<GateDocument version="3">
<!-- The document's features-->

<GateDocumentFeatures>
<Feature>
  <Name className="java.lang.String">Original_document_content_on_load</Name>
  <Value className="java.lang.String">From: kennejs@a.cs.okstate.edu (KENNEDY JAMES SCOT)
References: &lt;1r19l9$7dv@usenet.INS.CWRU.Edu>
Message-ID: &lt;1993Apr21.202249.11247@a.cs.okstate.edu>
Organization: Oklahoma State University
Distribution: usa
Date: Wed, 21 Apr 93 20:22:49 GMT
Lines: 56

From article &lt;1r19l9$7dv@usenet.INS.CWRU.Edu>, by oldham@ces.cwru.edu (Daniel Oldham):
> What happened in Waco is not the fault of the BATF. If they would of
> had the proper equipment and personal then they could of captured the
> compound on the initial assault and none of this would of happened.

They did have the proper equipment.  The problem is that they went about
things the wrong way.  The ATF should have served the warrant in a
peacable manner instead of going in there like a bunch of Rambos with
guns blazing.  I'm not trying to excuse what David Koresh did.  I'm
just saying that the ATF (henceforth to be known as the cigarette cops :-)
went about the "raid" in an improper manner.

> The BATF needs more people, better weapons and more armored
> transports. When they meet hostile fire they should be able to use
> more force instead of retreating to a stand off. If you are going to
> do a job then do it right. The BATF is there to protect us and they
> must have the proper equipment and people to do the job.

Let the FBI, Customs, and local police officers do the ATF's job.  WE
DON'T NEED THEM ANYMORE!!!  The cigarette cops are just leftovers
from Prohibition days.  They are an anachronism!

> With the WoD and the increased crime in the streets the BATF is needed
> more now then ever. If they blast away a few good fokes then that is
> the price we all have to pay for law and order in this country. Look
> at all the good people that died in wars to protect this great country
> of ours.

Including you?  What if the cigarette cops kicked down your door and
cut you in half with a machine gun?  THIS COULD ACTUALLY HAPPEN.
Maybe they get the wrong address and then raid *your* home, for example.
It's happened before and it can happen *again*.  I have heard of more
than one instance of a no-knock raid going sour.  Just recently I
heard about a case in which police raided this guy's home because they
thought he had dope or something.  The guy blew both of the officers
away and he didn't go to jail for it.  The judge hearing the case
ruled that the man was acting in self-defense.

> With the arms build up in Waco they needed to hit that compound with
> mega fire power. They could of gone in there blasting and killed a few
> women and kids but it would of been better then letting them all burn
> to death 51 days later.

Are you sure that that would have been the way to go?  Surely the FBI
and ATF could have handled this fiasco better.  They didn't have to
massacre all those people.  As Stimpy said in "Fake Dad", "Shame, shame,
double shame!"  The FBI and ATF should be ashamed of theirselves. 


Scott Kennedy,  Brewer and Patriot

Before:  "David Koresh is a cheap thug who interprets
          the Bible through the barrel of a gun..."  --ATF spokesman
After:   "[The ATF] is a cheap thug who interprets
          [the Constitution] through the barrel of a gun..."  --Me

</Value>
</Feature>
<Feature>
  <Name className="java.lang.String">gate.SourceURL</Name>
  <Value className="java.lang.String">file:/C:/Users/jian/Documents/NetBeansProjects/NoiseReductionTechniques/mideastPoliticsMix/negative1150</Value>
</Feature>
</GateDocumentFeatures>
<!-- The document content area with serialized nodes -->

<TextWithNodes><Node id="0"/>From<Node id="4"/>:<Node id="5"/> <Node id="6"/>kennejs<Node id="13"/>@<Node id="14"/>a<Node id="15"/>.<Node id="16"/>cs<Node id="18"/>.<Node id="19"/>okstate<Node id="26"/>.<Node id="27"/>edu<Node id="30"/> <Node id="31"/>(<Node id="32"/>KENNEDY<Node id="39"/> <Node id="40"/>JAMES<Node id="45"/> <Node id="46"/>SCOT<Node id="50"/>)<Node id="51"/>
<Node id="52"/>References<Node id="62"/>:<Node id="63"/> <Node id="64"/>&lt;<Node id="65"/>1<Node id="66"/>r<Node id="67"/>19<Node id="69"/>l<Node id="70"/>9<Node id="71"/>$<Node id="72"/>7<Node id="73"/>dv<Node id="75"/>@<Node id="76"/>usenet<Node id="82"/>.<Node id="83"/>INS<Node id="86"/>.<Node id="87"/>CWRU<Node id="91"/>.<Node id="92"/>Edu<Node id="95"/>&gt;<Node id="96"/>
<Node id="97"/>Message-<Node id="105"/>ID<Node id="107"/>:<Node id="108"/> <Node id="109"/>&lt;<Node id="110"/>1993<Node id="114"/>Apr<Node id="117"/>21<Node id="119"/>.<Node id="120"/>202249<Node id="126"/>.<Node id="127"/>11247<Node id="132"/>@<Node id="133"/>a<Node id="134"/>.<Node id="135"/>cs<Node id="137"/>.<Node id="138"/>okstate<Node id="145"/>.<Node id="146"/>edu<Node id="149"/>&gt;<Node id="150"/>
<Node id="151"/>Organization<Node id="163"/>:<Node id="164"/> <Node id="165"/>Oklahoma<Node id="173"/> <Node id="174"/>State<Node id="179"/> <Node id="180"/>University<Node id="190"/>
<Node id="191"/>Distribution<Node id="203"/>:<Node id="204"/> <Node id="205"/>usa<Node id="208"/>
<Node id="209"/>Date<Node id="213"/>:<Node id="214"/> <Node id="215"/>Wed<Node id="218"/>,<Node id="219"/> <Node id="220"/>21<Node id="222"/> <Node id="223"/>Apr<Node id="226"/> <Node id="227"/>93<Node id="229"/> <Node id="230"/>20<Node id="232"/>:<Node id="233"/>22<Node id="235"/>:<Node id="236"/>49<Node id="238"/> <Node id="239"/>GMT<Node id="242"/>
<Node id="243"/>Lines<Node id="248"/>:<Node id="249"/> <Node id="250"/>56<Node id="252"/>
<Node id="253"/>
<Node id="254"/>From<Node id="258"/> <Node id="259"/>article<Node id="266"/> <Node id="267"/>&lt;<Node id="268"/>1<Node id="269"/>r<Node id="270"/>19<Node id="272"/>l<Node id="273"/>9<Node id="274"/>$<Node id="275"/>7<Node id="276"/>dv<Node id="278"/>@<Node id="279"/>usenet<Node id="285"/>.<Node id="286"/>INS<Node id="289"/>.<Node id="290"/>CWRU<Node id="294"/>.<Node id="295"/>Edu<Node id="298"/>&gt;<Node id="299"/>,<Node id="300"/> <Node id="301"/>by<Node id="303"/> <Node id="304"/>oldham<Node id="310"/>@<Node id="311"/>ces<Node id="314"/>.<Node id="315"/>cwru<Node id="319"/>.<Node id="320"/>edu<Node id="323"/> <Node id="324"/>(<Node id="325"/>Daniel<Node id="331"/> <Node id="332"/>Oldham<Node id="338"/>)<Node id="339"/>:<Node id="340"/>
<Node id="341"/>&gt;<Node id="342"/> <Node id="343"/>What<Node id="347"/> <Node id="348"/>happened<Node id="356"/> <Node id="357"/>in<Node id="359"/> <Node id="360"/>Waco<Node id="364"/> <Node id="365"/>is<Node id="367"/> <Node id="368"/>not<Node id="371"/> <Node id="372"/>the<Node id="375"/> <Node id="376"/>fault<Node id="381"/> <Node id="382"/>of<Node id="384"/> <Node id="385"/>the<Node id="388"/> <Node id="389"/>BATF<Node id="393"/>.<Node id="394"/> <Node id="395"/>If<Node id="397"/> <Node id="398"/>they<Node id="402"/> <Node id="403"/>would<Node id="408"/> <Node id="409"/>of<Node id="411"/>
<Node id="412"/>&gt;<Node id="413"/> <Node id="414"/>had<Node id="417"/> <Node id="418"/>the<Node id="421"/> <Node id="422"/>proper<Node id="428"/> <Node id="429"/>equipment<Node id="438"/> <Node id="439"/>and<Node id="442"/> <Node id="443"/>personal<Node id="451"/> <Node id="452"/>then<Node id="456"/> <Node id="457"/>they<Node id="461"/> <Node id="462"/>could<Node id="467"/> <Node id="468"/>of<Node id="470"/> <Node id="471"/>captured<Node id="479"/> <Node id="480"/>the<Node id="483"/>
<Node id="484"/>&gt;<Node id="485"/> <Node id="486"/>compound<Node id="494"/> <Node id="495"/>on<Node id="497"/> <Node id="498"/>the<Node id="501"/> <Node id="502"/>initial<Node id="509"/> <Node id="510"/>assault<Node id="517"/> <Node id="518"/>and<Node id="521"/> <Node id="522"/>none<Node id="526"/> <Node id="527"/>of<Node id="529"/> <Node id="530"/>this<Node id="534"/> <Node id="535"/>would<Node id="540"/> <Node id="541"/>of<Node id="543"/> <Node id="544"/>happened<Node id="552"/>.<Node id="553"/>
<Node id="554"/>
<Node id="555"/>They<Node id="559"/> <Node id="560"/>did<Node id="563"/> <Node id="564"/>have<Node id="568"/> <Node id="569"/>the<Node id="572"/> <Node id="573"/>proper<Node id="579"/> <Node id="580"/>equipment<Node id="589"/>.<Node id="590"/> <Node id="591"/> <Node id="592"/>The<Node id="595"/> <Node id="596"/>problem<Node id="603"/> <Node id="604"/>is<Node id="606"/> <Node id="607"/>that<Node id="611"/> <Node id="612"/>they<Node id="616"/> <Node id="617"/>went<Node id="621"/> <Node id="622"/>about<Node id="627"/>
<Node id="628"/>things<Node id="634"/> <Node id="635"/>the<Node id="638"/> <Node id="639"/>wrong<Node id="644"/> <Node id="645"/>way<Node id="648"/>.<Node id="649"/> <Node id="650"/> <Node id="651"/>The<Node id="654"/> <Node id="655"/>ATF<Node id="658"/> <Node id="659"/>should<Node id="665"/> <Node id="666"/>have<Node id="670"/> <Node id="671"/>served<Node id="677"/> <Node id="678"/>the<Node id="681"/> <Node id="682"/>warrant<Node id="689"/> <Node id="690"/>in<Node id="692"/> <Node id="693"/>a<Node id="694"/>
<Node id="695"/>peacable<Node id="703"/> <Node id="704"/>manner<Node id="710"/> <Node id="711"/>instead<Node id="718"/> <Node id="719"/>of<Node id="721"/> <Node id="722"/>going<Node id="727"/> <Node id="728"/>in<Node id="730"/> <Node id="731"/>there<Node id="736"/> <Node id="737"/>like<Node id="741"/> <Node id="742"/>a<Node id="743"/> <Node id="744"/>bunch<Node id="749"/> <Node id="750"/>of<Node id="752"/> <Node id="753"/>Rambos<Node id="759"/> <Node id="760"/>with<Node id="764"/>
<Node id="765"/>guns<Node id="769"/> <Node id="770"/>blazing<Node id="777"/>.<Node id="778"/> <Node id="779"/> <Node id="780"/>I<Node id="781"/>'m<Node id="783"/> <Node id="784"/>not<Node id="787"/> <Node id="788"/>trying<Node id="794"/> <Node id="795"/>to<Node id="797"/> <Node id="798"/>excuse<Node id="804"/> <Node id="805"/>what<Node id="809"/> <Node id="810"/>David<Node id="815"/> <Node id="816"/>Koresh<Node id="822"/> <Node id="823"/>did<Node id="826"/>.<Node id="827"/> <Node id="828"/> <Node id="829"/>I<Node id="830"/>'m<Node id="832"/>
<Node id="833"/>just<Node id="837"/> <Node id="838"/>saying<Node id="844"/> <Node id="845"/>that<Node id="849"/> <Node id="850"/>the<Node id="853"/> <Node id="854"/>ATF<Node id="857"/> <Node id="858"/>(<Node id="859"/>henceforth<Node id="869"/> <Node id="870"/>to<Node id="872"/> <Node id="873"/>be<Node id="875"/> <Node id="876"/>known<Node id="881"/> <Node id="882"/>as<Node id="884"/> <Node id="885"/>the<Node id="888"/> <Node id="889"/>cigarette<Node id="898"/> <Node id="899"/>cops<Node id="903"/> <Node id="904"/>:<Node id="905"/>-<Node id="906"/>)<Node id="907"/>
<Node id="908"/>went<Node id="912"/> <Node id="913"/>about<Node id="918"/> <Node id="919"/>the<Node id="922"/> <Node id="923"/>"<Node id="924"/>raid<Node id="928"/>"<Node id="929"/> <Node id="930"/>in<Node id="932"/> <Node id="933"/>an<Node id="935"/> <Node id="936"/>improper<Node id="944"/> <Node id="945"/>manner<Node id="951"/>.<Node id="952"/>
<Node id="953"/>
<Node id="954"/>&gt;<Node id="955"/> <Node id="956"/>The<Node id="959"/> <Node id="960"/>BATF<Node id="964"/> <Node id="965"/>needs<Node id="970"/> <Node id="971"/>more<Node id="975"/> <Node id="976"/>people<Node id="982"/>,<Node id="983"/> <Node id="984"/>better<Node id="990"/> <Node id="991"/>weapons<Node id="998"/> <Node id="999"/>and<Node id="1002"/> <Node id="1003"/>more<Node id="1007"/> <Node id="1008"/>armored<Node id="1015"/>
<Node id="1016"/>&gt;<Node id="1017"/> <Node id="1018"/>transports<Node id="1028"/>.<Node id="1029"/> <Node id="1030"/>When<Node id="1034"/> <Node id="1035"/>they<Node id="1039"/> <Node id="1040"/>meet<Node id="1044"/> <Node id="1045"/>hostile<Node id="1052"/> <Node id="1053"/>fire<Node id="1057"/> <Node id="1058"/>they<Node id="1062"/> <Node id="1063"/>should<Node id="1069"/> <Node id="1070"/>be<Node id="1072"/> <Node id="1073"/>able<Node id="1077"/> <Node id="1078"/>to<Node id="1080"/> <Node id="1081"/>use<Node id="1084"/>
<Node id="1085"/>&gt;<Node id="1086"/> <Node id="1087"/>more<Node id="1091"/> <Node id="1092"/>force<Node id="1097"/> <Node id="1098"/>instead<Node id="1105"/> <Node id="1106"/>of<Node id="1108"/> <Node id="1109"/>retreating<Node id="1119"/> <Node id="1120"/>to<Node id="1122"/> <Node id="1123"/>a<Node id="1124"/> <Node id="1125"/>stand<Node id="1130"/> <Node id="1131"/>off<Node id="1134"/>.<Node id="1135"/> <Node id="1136"/>If<Node id="1138"/> <Node id="1139"/>you<Node id="1142"/> <Node id="1143"/>are<Node id="1146"/> <Node id="1147"/>going<Node id="1152"/> <Node id="1153"/>to<Node id="1155"/>
<Node id="1156"/>&gt;<Node id="1157"/> <Node id="1158"/>do<Node id="1160"/> <Node id="1161"/>a<Node id="1162"/> <Node id="1163"/>job<Node id="1166"/> <Node id="1167"/>then<Node id="1171"/> <Node id="1172"/>do<Node id="1174"/> <Node id="1175"/>it<Node id="1177"/> <Node id="1178"/>right<Node id="1183"/>.<Node id="1184"/> <Node id="1185"/>The<Node id="1188"/> <Node id="1189"/>BATF<Node id="1193"/> <Node id="1194"/>is<Node id="1196"/> <Node id="1197"/>there<Node id="1202"/> <Node id="1203"/>to<Node id="1205"/> <Node id="1206"/>protect<Node id="1213"/> <Node id="1214"/>us<Node id="1216"/> <Node id="1217"/>and<Node id="1220"/> <Node id="1221"/>they<Node id="1225"/>
<Node id="1226"/>&gt;<Node id="1227"/> <Node id="1228"/>must<Node id="1232"/> <Node id="1233"/>have<Node id="1237"/> <Node id="1238"/>the<Node id="1241"/> <Node id="1242"/>proper<Node id="1248"/> <Node id="1249"/>equipment<Node id="1258"/> <Node id="1259"/>and<Node id="1262"/> <Node id="1263"/>people<Node id="1269"/> <Node id="1270"/>to<Node id="1272"/> <Node id="1273"/>do<Node id="1275"/> <Node id="1276"/>the<Node id="1279"/> <Node id="1280"/>job<Node id="1283"/>.<Node id="1284"/>
<Node id="1285"/>
<Node id="1286"/>Let<Node id="1289"/> <Node id="1290"/>the<Node id="1293"/> <Node id="1294"/>FBI<Node id="1297"/>,<Node id="1298"/> <Node id="1299"/>Customs<Node id="1306"/>,<Node id="1307"/> <Node id="1308"/>and<Node id="1311"/> <Node id="1312"/>local<Node id="1317"/> <Node id="1318"/>police<Node id="1324"/> <Node id="1325"/>officers<Node id="1333"/> <Node id="1334"/>do<Node id="1336"/> <Node id="1337"/>the<Node id="1340"/> <Node id="1341"/>ATF<Node id="1344"/>'s<Node id="1346"/> <Node id="1347"/>job<Node id="1350"/>.<Node id="1351"/> <Node id="1352"/> <Node id="1353"/>WE<Node id="1355"/>
<Node id="1356"/>DO<Node id="1358"/>N'T<Node id="1361"/> <Node id="1362"/>NEED<Node id="1366"/> <Node id="1367"/>THEM<Node id="1371"/> <Node id="1372"/>ANYMORE<Node id="1379"/>!<Node id="1380"/>!<Node id="1381"/>!<Node id="1382"/> <Node id="1383"/> <Node id="1384"/>The<Node id="1387"/> <Node id="1388"/>cigarette<Node id="1397"/> <Node id="1398"/>cops<Node id="1402"/> <Node id="1403"/>are<Node id="1406"/> <Node id="1407"/>just<Node id="1411"/> <Node id="1412"/>leftovers<Node id="1421"/>
<Node id="1422"/>from<Node id="1426"/> <Node id="1427"/>Prohibition<Node id="1438"/> <Node id="1439"/>days<Node id="1443"/>.<Node id="1444"/> <Node id="1445"/> <Node id="1446"/>They<Node id="1450"/> <Node id="1451"/>are<Node id="1454"/> <Node id="1455"/>an<Node id="1457"/> <Node id="1458"/>anachronism<Node id="1469"/>!<Node id="1470"/>
<Node id="1471"/>
<Node id="1472"/>&gt;<Node id="1473"/> <Node id="1474"/>With<Node id="1478"/> <Node id="1479"/>the<Node id="1482"/> <Node id="1483"/>WoD<Node id="1486"/> <Node id="1487"/>and<Node id="1490"/> <Node id="1491"/>the<Node id="1494"/> <Node id="1495"/>increased<Node id="1504"/> <Node id="1505"/>crime<Node id="1510"/> <Node id="1511"/>in<Node id="1513"/> <Node id="1514"/>the<Node id="1517"/> <Node id="1518"/>streets<Node id="1525"/> <Node id="1526"/>the<Node id="1529"/> <Node id="1530"/>BATF<Node id="1534"/> <Node id="1535"/>is<Node id="1537"/> <Node id="1538"/>needed<Node id="1544"/>
<Node id="1545"/>&gt;<Node id="1546"/> <Node id="1547"/>more<Node id="1551"/> <Node id="1552"/>now<Node id="1555"/> <Node id="1556"/>then<Node id="1560"/> <Node id="1561"/>ever<Node id="1565"/>.<Node id="1566"/> <Node id="1567"/>If<Node id="1569"/> <Node id="1570"/>they<Node id="1574"/> <Node id="1575"/>blast<Node id="1580"/> <Node id="1581"/>away<Node id="1585"/> <Node id="1586"/>a<Node id="1587"/> <Node id="1588"/>few<Node id="1591"/> <Node id="1592"/>good<Node id="1596"/> <Node id="1597"/>fokes<Node id="1602"/> <Node id="1603"/>then<Node id="1607"/> <Node id="1608"/>that<Node id="1612"/> <Node id="1613"/>is<Node id="1615"/>
<Node id="1616"/>&gt;<Node id="1617"/> <Node id="1618"/>the<Node id="1621"/> <Node id="1622"/>price<Node id="1627"/> <Node id="1628"/>we<Node id="1630"/> <Node id="1631"/>all<Node id="1634"/> <Node id="1635"/>have<Node id="1639"/> <Node id="1640"/>to<Node id="1642"/> <Node id="1643"/>pay<Node id="1646"/> <Node id="1647"/>for<Node id="1650"/> <Node id="1651"/>law<Node id="1654"/> <Node id="1655"/>and<Node id="1658"/> <Node id="1659"/>order<Node id="1664"/> <Node id="1665"/>in<Node id="1667"/> <Node id="1668"/>this<Node id="1672"/> <Node id="1673"/>country<Node id="1680"/>.<Node id="1681"/> <Node id="1682"/>Look<Node id="1686"/>
<Node id="1687"/>&gt;<Node id="1688"/> <Node id="1689"/>at<Node id="1691"/> <Node id="1692"/>all<Node id="1695"/> <Node id="1696"/>the<Node id="1699"/> <Node id="1700"/>good<Node id="1704"/> <Node id="1705"/>people<Node id="1711"/> <Node id="1712"/>that<Node id="1716"/> <Node id="1717"/>died<Node id="1721"/> <Node id="1722"/>in<Node id="1724"/> <Node id="1725"/>wars<Node id="1729"/> <Node id="1730"/>to<Node id="1732"/> <Node id="1733"/>protect<Node id="1740"/> <Node id="1741"/>this<Node id="1745"/> <Node id="1746"/>great<Node id="1751"/> <Node id="1752"/>country<Node id="1759"/>
<Node id="1760"/>&gt;<Node id="1761"/> <Node id="1762"/>of<Node id="1764"/> <Node id="1765"/>ours<Node id="1769"/>.<Node id="1770"/>
<Node id="1771"/>
<Node id="1772"/>Including<Node id="1781"/> <Node id="1782"/>you<Node id="1785"/>?<Node id="1786"/> <Node id="1787"/> <Node id="1788"/>What<Node id="1792"/> <Node id="1793"/>if<Node id="1795"/> <Node id="1796"/>the<Node id="1799"/> <Node id="1800"/>cigarette<Node id="1809"/> <Node id="1810"/>cops<Node id="1814"/> <Node id="1815"/>kicked<Node id="1821"/> <Node id="1822"/>down<Node id="1826"/> <Node id="1827"/>your<Node id="1831"/> <Node id="1832"/>door<Node id="1836"/> <Node id="1837"/>and<Node id="1840"/>
<Node id="1841"/>cut<Node id="1844"/> <Node id="1845"/>you<Node id="1848"/> <Node id="1849"/>in<Node id="1851"/> <Node id="1852"/>half<Node id="1856"/> <Node id="1857"/>with<Node id="1861"/> <Node id="1862"/>a<Node id="1863"/> <Node id="1864"/>machine<Node id="1871"/> <Node id="1872"/>gun<Node id="1875"/>?<Node id="1876"/> <Node id="1877"/> <Node id="1878"/>THIS<Node id="1882"/> <Node id="1883"/>COULD<Node id="1888"/> <Node id="1889"/>ACTUALLY<Node id="1897"/> <Node id="1898"/>HAPPEN<Node id="1904"/>.<Node id="1905"/>
<Node id="1906"/>Maybe<Node id="1911"/> <Node id="1912"/>they<Node id="1916"/> <Node id="1917"/>get<Node id="1920"/> <Node id="1921"/>the<Node id="1924"/> <Node id="1925"/>wrong<Node id="1930"/> <Node id="1931"/>address<Node id="1938"/> <Node id="1939"/>and<Node id="1942"/> <Node id="1943"/>then<Node id="1947"/> <Node id="1948"/>raid<Node id="1952"/> <Node id="1953"/>*<Node id="1954"/>your<Node id="1958"/>*<Node id="1959"/> <Node id="1960"/>home<Node id="1964"/>,<Node id="1965"/> <Node id="1966"/>for<Node id="1969"/> <Node id="1970"/>example<Node id="1977"/>.<Node id="1978"/>
<Node id="1979"/>It<Node id="1981"/>'s<Node id="1983"/> <Node id="1984"/>happened<Node id="1992"/> <Node id="1993"/>before<Node id="1999"/> <Node id="2000"/>and<Node id="2003"/> <Node id="2004"/>it<Node id="2006"/> <Node id="2007"/>can<Node id="2010"/> <Node id="2011"/>happen<Node id="2017"/> <Node id="2018"/>*<Node id="2019"/>again<Node id="2024"/>*<Node id="2025"/>.<Node id="2026"/> <Node id="2027"/> <Node id="2028"/>I<Node id="2029"/> <Node id="2030"/>have<Node id="2034"/> <Node id="2035"/>heard<Node id="2040"/> <Node id="2041"/>of<Node id="2043"/> <Node id="2044"/>more<Node id="2048"/>
<Node id="2049"/>than<Node id="2053"/> <Node id="2054"/>one<Node id="2057"/> <Node id="2058"/>instance<Node id="2066"/> <Node id="2067"/>of<Node id="2069"/> <Node id="2070"/>a<Node id="2071"/> <Node id="2072"/>no-knock<Node id="2080"/> <Node id="2081"/>raid<Node id="2085"/> <Node id="2086"/>going<Node id="2091"/> <Node id="2092"/>sour<Node id="2096"/>.<Node id="2097"/> <Node id="2098"/> <Node id="2099"/>Just<Node id="2103"/> <Node id="2104"/>recently<Node id="2112"/> <Node id="2113"/>I<Node id="2114"/>
<Node id="2115"/>heard<Node id="2120"/> <Node id="2121"/>about<Node id="2126"/> <Node id="2127"/>a<Node id="2128"/> <Node id="2129"/>case<Node id="2133"/> <Node id="2134"/>in<Node id="2136"/> <Node id="2137"/>which<Node id="2142"/> <Node id="2143"/>police<Node id="2149"/> <Node id="2150"/>raided<Node id="2156"/> <Node id="2157"/>this<Node id="2161"/> <Node id="2162"/>guy<Node id="2165"/>'s<Node id="2167"/> <Node id="2168"/>home<Node id="2172"/> <Node id="2173"/>because<Node id="2180"/> <Node id="2181"/>they<Node id="2185"/>
<Node id="2186"/>thought<Node id="2193"/> <Node id="2194"/>he<Node id="2196"/> <Node id="2197"/>had<Node id="2200"/> <Node id="2201"/>dope<Node id="2205"/> <Node id="2206"/>or<Node id="2208"/> <Node id="2209"/>something<Node id="2218"/>.<Node id="2219"/> <Node id="2220"/> <Node id="2221"/>The<Node id="2224"/> <Node id="2225"/>guy<Node id="2228"/> <Node id="2229"/>blew<Node id="2233"/> <Node id="2234"/>both<Node id="2238"/> <Node id="2239"/>of<Node id="2241"/> <Node id="2242"/>the<Node id="2245"/> <Node id="2246"/>officers<Node id="2254"/>
<Node id="2255"/>away<Node id="2259"/> <Node id="2260"/>and<Node id="2263"/> <Node id="2264"/>he<Node id="2266"/> <Node id="2267"/>did<Node id="2270"/>n't<Node id="2273"/> <Node id="2274"/>go<Node id="2276"/> <Node id="2277"/>to<Node id="2279"/> <Node id="2280"/>jail<Node id="2284"/> <Node id="2285"/>for<Node id="2288"/> <Node id="2289"/>it<Node id="2291"/>.<Node id="2292"/> <Node id="2293"/> <Node id="2294"/>The<Node id="2297"/> <Node id="2298"/>judge<Node id="2303"/> <Node id="2304"/>hearing<Node id="2311"/> <Node id="2312"/>the<Node id="2315"/> <Node id="2316"/>case<Node id="2320"/>
<Node id="2321"/>ruled<Node id="2326"/> <Node id="2327"/>that<Node id="2331"/> <Node id="2332"/>the<Node id="2335"/> <Node id="2336"/>man<Node id="2339"/> <Node id="2340"/>was<Node id="2343"/> <Node id="2344"/>acting<Node id="2350"/> <Node id="2351"/>in<Node id="2353"/> <Node id="2354"/>self-defense<Node id="2366"/>.<Node id="2367"/>
<Node id="2368"/>
<Node id="2369"/>&gt;<Node id="2370"/> <Node id="2371"/>With<Node id="2375"/> <Node id="2376"/>the<Node id="2379"/> <Node id="2380"/>arms<Node id="2384"/> <Node id="2385"/>build<Node id="2390"/> <Node id="2391"/>up<Node id="2393"/> <Node id="2394"/>in<Node id="2396"/> <Node id="2397"/>Waco<Node id="2401"/> <Node id="2402"/>they<Node id="2406"/> <Node id="2407"/>needed<Node id="2413"/> <Node id="2414"/>to<Node id="2416"/> <Node id="2417"/>hit<Node id="2420"/> <Node id="2421"/>that<Node id="2425"/> <Node id="2426"/>compound<Node id="2434"/> <Node id="2435"/>with<Node id="2439"/>
<Node id="2440"/>&gt;<Node id="2441"/> <Node id="2442"/>mega<Node id="2446"/> <Node id="2447"/>fire<Node id="2451"/> <Node id="2452"/>power<Node id="2457"/>.<Node id="2458"/> <Node id="2459"/>They<Node id="2463"/> <Node id="2464"/>could<Node id="2469"/> <Node id="2470"/>of<Node id="2472"/> <Node id="2473"/>gone<Node id="2477"/> <Node id="2478"/>in<Node id="2480"/> <Node id="2481"/>there<Node id="2486"/> <Node id="2487"/>blasting<Node id="2495"/> <Node id="2496"/>and<Node id="2499"/> <Node id="2500"/>killed<Node id="2506"/> <Node id="2507"/>a<Node id="2508"/> <Node id="2509"/>few<Node id="2512"/>
<Node id="2513"/>&gt;<Node id="2514"/> <Node id="2515"/>women<Node id="2520"/> <Node id="2521"/>and<Node id="2524"/> <Node id="2525"/>kids<Node id="2529"/> <Node id="2530"/>but<Node id="2533"/> <Node id="2534"/>it<Node id="2536"/> <Node id="2537"/>would<Node id="2542"/> <Node id="2543"/>of<Node id="2545"/> <Node id="2546"/>been<Node id="2550"/> <Node id="2551"/>better<Node id="2557"/> <Node id="2558"/>then<Node id="2562"/> <Node id="2563"/>letting<Node id="2570"/> <Node id="2571"/>them<Node id="2575"/> <Node id="2576"/>all<Node id="2579"/> <Node id="2580"/>burn<Node id="2584"/>
<Node id="2585"/>&gt;<Node id="2586"/> <Node id="2587"/>to<Node id="2589"/> <Node id="2590"/>death<Node id="2595"/> <Node id="2596"/>51<Node id="2598"/> <Node id="2599"/>days<Node id="2603"/> <Node id="2604"/>later<Node id="2609"/>.<Node id="2610"/>
<Node id="2611"/>
<Node id="2612"/>Are<Node id="2615"/> <Node id="2616"/>you<Node id="2619"/> <Node id="2620"/>sure<Node id="2624"/> <Node id="2625"/>that<Node id="2629"/> <Node id="2630"/>that<Node id="2634"/> <Node id="2635"/>would<Node id="2640"/> <Node id="2641"/>have<Node id="2645"/> <Node id="2646"/>been<Node id="2650"/> <Node id="2651"/>the<Node id="2654"/> <Node id="2655"/>way<Node id="2658"/> <Node id="2659"/>to<Node id="2661"/> <Node id="2662"/>go<Node id="2664"/>?<Node id="2665"/> <Node id="2666"/> <Node id="2667"/>Surely<Node id="2673"/> <Node id="2674"/>the<Node id="2677"/> <Node id="2678"/>FBI<Node id="2681"/>
<Node id="2682"/>and<Node id="2685"/> <Node id="2686"/>ATF<Node id="2689"/> <Node id="2690"/>could<Node id="2695"/> <Node id="2696"/>have<Node id="2700"/> <Node id="2701"/>handled<Node id="2708"/> <Node id="2709"/>this<Node id="2713"/> <Node id="2714"/>fiasco<Node id="2720"/> <Node id="2721"/>better<Node id="2727"/>.<Node id="2728"/> <Node id="2729"/> <Node id="2730"/>They<Node id="2734"/> <Node id="2735"/>did<Node id="2738"/>n't<Node id="2741"/> <Node id="2742"/>have<Node id="2746"/> <Node id="2747"/>to<Node id="2749"/>
<Node id="2750"/>massacre<Node id="2758"/> <Node id="2759"/>all<Node id="2762"/> <Node id="2763"/>those<Node id="2768"/> <Node id="2769"/>people<Node id="2775"/>.<Node id="2776"/> <Node id="2777"/> <Node id="2778"/>As<Node id="2780"/> <Node id="2781"/>Stimpy<Node id="2787"/> <Node id="2788"/>said<Node id="2792"/> <Node id="2793"/>in<Node id="2795"/> <Node id="2796"/>"<Node id="2797"/>Fake<Node id="2801"/> <Node id="2802"/>Dad<Node id="2805"/>"<Node id="2806"/>,<Node id="2807"/> <Node id="2808"/>"<Node id="2809"/>Shame<Node id="2814"/>,<Node id="2815"/> <Node id="2816"/>shame<Node id="2821"/>,<Node id="2822"/>
<Node id="2823"/>double<Node id="2829"/> <Node id="2830"/>shame<Node id="2835"/>!<Node id="2836"/>"<Node id="2837"/> <Node id="2838"/> <Node id="2839"/>The<Node id="2842"/> <Node id="2843"/>FBI<Node id="2846"/> <Node id="2847"/>and<Node id="2850"/> <Node id="2851"/>ATF<Node id="2854"/> <Node id="2855"/>should<Node id="2861"/> <Node id="2862"/>be<Node id="2864"/> <Node id="2865"/>ashamed<Node id="2872"/> <Node id="2873"/>of<Node id="2875"/> <Node id="2876"/>theirselves<Node id="2887"/>.<Node id="2888"/> <Node id="2889"/>
<Node id="2890"/>
<Node id="2891"/>
<Node id="2892"/>Scott<Node id="2897"/> <Node id="2898"/>Kennedy<Node id="2905"/>,<Node id="2906"/> <Node id="2907"/> <Node id="2908"/>Brewer<Node id="2914"/> <Node id="2915"/>and<Node id="2918"/> <Node id="2919"/>Patriot<Node id="2926"/>
<Node id="2927"/>
<Node id="2928"/>Before<Node id="2934"/>:<Node id="2935"/> <Node id="2936"/> <Node id="2937"/>"<Node id="2938"/>David<Node id="2943"/> <Node id="2944"/>Koresh<Node id="2950"/> <Node id="2951"/>is<Node id="2953"/> <Node id="2954"/>a<Node id="2955"/> <Node id="2956"/>cheap<Node id="2961"/> <Node id="2962"/>thug<Node id="2966"/> <Node id="2967"/>who<Node id="2970"/> <Node id="2971"/>interprets<Node id="2981"/>
<Node id="2982"/> <Node id="2983"/> <Node id="2984"/> <Node id="2985"/> <Node id="2986"/> <Node id="2987"/> <Node id="2988"/> <Node id="2989"/> <Node id="2990"/> <Node id="2991"/> <Node id="2992"/>the<Node id="2995"/> <Node id="2996"/>Bible<Node id="3001"/> <Node id="3002"/>through<Node id="3009"/> <Node id="3010"/>the<Node id="3013"/> <Node id="3014"/>barrel<Node id="3020"/> <Node id="3021"/>of<Node id="3023"/> <Node id="3024"/>a<Node id="3025"/> <Node id="3026"/>gun<Node id="3029"/>.<Node id="3030"/>.<Node id="3031"/>.<Node id="3032"/>"<Node id="3033"/> <Node id="3034"/> <Node id="3035"/>-<Node id="3036"/>-<Node id="3037"/>ATF<Node id="3040"/> <Node id="3041"/>spokesman<Node id="3050"/>
<Node id="3051"/>After<Node id="3056"/>:<Node id="3057"/> <Node id="3058"/> <Node id="3059"/> <Node id="3060"/>"<Node id="3061"/>[<Node id="3062"/>The<Node id="3065"/> <Node id="3066"/>ATF<Node id="3069"/>]<Node id="3070"/> <Node id="3071"/>is<Node id="3073"/> <Node id="3074"/>a<Node id="3075"/> <Node id="3076"/>cheap<Node id="3081"/> <Node id="3082"/>thug<Node id="3086"/> <Node id="3087"/>who<Node id="3090"/> <Node id="3091"/>interprets<Node id="3101"/>
<Node id="3102"/> <Node id="3103"/> <Node id="3104"/> <Node id="3105"/> <Node id="3106"/> <Node id="3107"/> <Node id="3108"/> <Node id="3109"/> <Node id="3110"/> <Node id="3111"/> <Node id="3112"/>[<Node id="3113"/>the<Node id="3116"/> <Node id="3117"/>Constitution<Node id="3129"/>]<Node id="3130"/> <Node id="3131"/>through<Node id="3138"/> <Node id="3139"/>the<Node id="3142"/> <Node id="3143"/>barrel<Node id="3149"/> <Node id="3150"/>of<Node id="3152"/> <Node id="3153"/>a<Node id="3154"/> <Node id="3155"/>gun<Node id="3158"/>.<Node id="3159"/>.<Node id="3160"/>.<Node id="3161"/>"<Node id="3162"/> <Node id="3163"/> <Node id="3164"/>-<Node id="3165"/>-<Node id="3166"/>Me<Node id="3168"/>
<Node id="3169"/>
<Node id="3170"/></TextWithNodes>
<!-- The default annotation set -->

<AnnotationSet>
<Annotation EndNode="3170" StartNode="0" Type="Mention" Id="9999999">
<Feature>
<Name classname="java.lang.String">Class</Name>
<Value classname="java.lang.String">0</Value>
</Feature>
</Annotation>

<Annotation Id="3" Type="Token" StartNode="6" EndNode="13">
<Feature>
  <Name className="java.lang.String">string</Name>
  <Value className="java.lang.String">kennejs</Value>
</Feature>
</Annotation>
<Annotation Id="9" Type="Token" StartNode="19" EndNode="26">
<Feature>
  <Name className="java.lang.String">string</Name>
  <Value className="java.lang.String">okstate</Value>
</Feature>
</Annotation>
<Annotation Id="14" Type="Token" StartNode="32" EndNode="39">
<Feature>
  <Name className="java.lang.String">string</Name>
  <Value className="java.lang.String">KENNEDY</Value>
</Feature>
</Annotation>
<Annotation Id="21" Type="Token" StartNode="52" EndNode="62">
<Feature>
  <Name className="java.lang.String">string</Name>
  <Value className="java.lang.String">References</Value>
</Feature>
</Annotation>
<Annotation Id="34" Type="Token" StartNode="76" EndNode="82">
<Feature>
  <Name className="java.lang.String">string</Name>
  <Value className="java.lang.String">usenet</Value>
</Feature>
</Annotation>
<Annotation Id="43" Type="Token" StartNode="97" EndNode="105">
<Feature>
  <Name className="java.lang.String">string</Name>
  <Value className="java.lang.String">Message-</Value>
</Feature>
</Annotation>
<Annotation Id="52" Type="Token" StartNode="120" EndNode="126">
</Annotation>
<Annotation Id="60" Type="Token" StartNode="138" EndNode="145">
<Feature>
  <Name className="java.lang.String">string</Name>
  <Value className="java.lang.String">okstate</Value>
</Feature>
</Annotation>
<Annotation Id="68" Type="Token" StartNode="165" EndNode="173">
<Feature>
  <Name className="java.lang.String">string</Name>
  <Value className="java.lang.String">Oklahoma</Value>
</Feature>
</Annotation>
<Annotation Id="65" Type="Token" StartNode="151" EndNode="163">
<Feature>
  <Name className="java.lang.String">string</Name>
  <Value className="java.lang.String">Organization</Value>
</Feature>
</Annotation>
<Annotation Id="72" Type="Token" StartNode="180" EndNode="190">
<Feature>
  <Name className="java.lang.String">string</Name>
  <Value className="java.lang.String">University</Value>
</Feature>
</Annotation>
<Annotation Id="74" Type="Token" StartNode="191" EndNode="203">
<Feature>
  <Name className="java.lang.String">string</Name>
  <Value className="java.lang.String">Distribution</Value>
</Feature>
</Annotation>
<Annotation Id="107" Type="Token" StartNode="259" EndNode="266">
<Feature>
  <Name className="java.lang.String">string</Name>
  <Value className="java.lang.String">article</Value>
</Feature>
</Annotation>
<Annotation Id="119" Type="Token" StartNode="279" EndNode="285">
<Feature>
  <Name className="java.lang.String">string</Name>
  <Value className="java.lang.String">usenet</Value>
</Feature>
</Annotation>
<Annotation Id="140" Type="Token" StartNode="325" EndNode="331">
<Feature>
  <Name className="java.lang.String">string</Name>
  <Value className="java.lang.String">Daniel</Value>
</Feature>
</Annotation>
<Annotation Id="142" Type="Token" StartNode="332" EndNode="338">
<Feature>
  <Name className="java.lang.String">string</Name>
  <Value className="java.lang.String">Oldham</Value>
</Feature>
</Annotation>
<Annotation Id="131" Type="Token" StartNode="304" EndNode="310">
<Feature>
  <Name className="java.lang.String">string</Name>
  <Value className="java.lang.String">oldham</Value>
</Feature>
</Annotation>
<Annotation Id="150" Type="Token" StartNode="348" EndNode="356">
<Feature>
  <Name className="java.lang.String">string</Name>
  <Value className="java.lang.String">happened</Value>
</Feature>
</Annotation>
<Annotation Id="187" Type="Token" StartNode="429" EndNode="438">
<Feature>
  <Name className="java.lang.String">string</Name>
  <Value className="java.lang.String">equipment</Value>
</Feature>
</Annotation>
<Annotation Id="185" Type="Token" StartNode="422" EndNode="428">
<Feature>
  <Name className="java.lang.String">string</Name>
  <Value className="java.lang.String">proper</Value>
</Feature>
</Annotation>
<Annotation Id="191" Type="Token" StartNode="443" EndNode="451">
<Feature>
  <Name className="java.lang.String">string</Name>
  <Value className="java.lang.String">personal</Value>
</Feature>
</Annotation>
<Annotation Id="207" Type="Token" StartNode="486" EndNode="494">
<Feature>
  <Name className="java.lang.String">string</Name>
  <Value className="java.lang.String">compound</Value>
</Feature>
</Annotation>
<Annotation Id="201" Type="Token" StartNode="471" EndNode="479">
<Feature>
  <Name className="java.lang.String">string</Name>
  <Value className="java.lang.String">captured</Value>
</Feature>
</Annotation>
<Annotation Id="213" Type="Token" StartNode="502" EndNode="509">
<Feature>
  <Name className="java.lang.String">string</Name>
  <Value className="java.lang.String">initial</Value>
</Feature>
</Annotation>
<Annotation Id="215" Type="Token" StartNode="510" EndNode="517">
<Feature>
  <Name className="java.lang.String">string</Name>
  <Value className="java.lang.String">assault</Value>
</Feature>
</Annotation>
<Annotation Id="229" Type="Token" StartNode="544" EndNode="552">
<Feature>
  <Name className="java.lang.String">string</Name>
  <Value className="java.lang.String">happened</Value>
</Feature>
</Annotation>
<Annotation Id="249" Type="Token" StartNode="596" EndNode="603">
<Feature>
  <Name className="java.lang.String">string</Name>
  <Value className="java.lang.String">problem</Value>
</Feature>
</Annotation>
<Annotation Id="243" Type="Token" StartNode="580" EndNode="589">
<Feature>
  <Name className="java.lang.String">string</Name>
  <Value className="java.lang.String">equipment</Value>
</Feature>
</Annotation>
<Annotation Id="241" Type="Token" StartNode="573" EndNode="579">
<Feature>
  <Name className="java.lang.String">string</Name>
  <Value className="java.lang.String">proper</Value>
</Feature>
</Annotation>
<Annotation Id="275" Type="Token" StartNode="659" EndNode="665">
<Feature>
  <Name className="java.lang.String">string</Name>
  <Value className="java.lang.String">should</Value>
</Feature>
</Annotation>
<Annotation Id="279" Type="Token" StartNode="671" EndNode="677">
<Feature>
  <Name className="java.lang.String">string</Name>
  <Value className="java.lang.String">served</Value>
</Feature>
</Annotation>
<Annotation Id="283" Type="Token" StartNode="682" EndNode="689">
<Feature>
  <Name className="java.lang.String">string</Name>
  <Value className="java.lang.String">warrant</Value>
</Feature>
</Annotation>
<Annotation Id="261" Type="Token" StartNode="628" EndNode="634">
<Feature>
  <Name className="java.lang.String">string</Name>
  <Value className="java.lang.String">things</Value>
</Feature>
</Annotation>
<Annotation Id="311" Type="Token" StartNode="753" EndNode="759">
<Feature>
  <Name className="java.lang.String">string</Name>
  <Value className="java.lang.String">Rambos</Value>
</Feature>
</Annotation>
<Annotation Id="317" Type="Token" StartNode="770" EndNode="777">
<Feature>
  <Name className="java.lang.String">string</Name>
  <Value className="java.lang.String">blazing</Value>
</Feature>
</Annotation>
<Annotation Id="289" Type="Token" StartNode="695" EndNode="703">
<Feature>
  <Name className="java.lang.String">string</Name>
  <Value className="java.lang.String">peacable</Value>
</Feature>
</Annotation>
<Annotation Id="291" Type="Token" StartNode="704" EndNode="710">
<Feature>
  <Name className="java.lang.String">string</Name>
  <Value className="java.lang.String">manner</Value>
</Feature>
</Annotation>
<Annotation Id="293" Type="Token" StartNode="711" EndNode="718">
<Feature>
  <Name className="java.lang.String">string</Name>
  <Value className="java.lang.String">instead</Value>
</Feature>
</Annotation>
<Annotation Id="337" Type="Token" StartNode="816" EndNode="822">
<Feature>
  <Name className="java.lang.String">string</Name>
  <Value className="java.lang.String">Koresh</Value>
</Feature>
</Annotation>
<Annotation Id="349" Type="Token" StartNode="838" EndNode="844">
<Feature>
  <Name className="java.lang.String">string</Name>
  <Value className="java.lang.String">saying</Value>
</Feature>
</Annotation>
<Annotation Id="327" Type="Token" StartNode="788" EndNode="794">
<Feature>
  <Name className="java.lang.String">string</Name>
  <Value className="java.lang.String">trying</Value>
</Feature>
</Annotation>
<Annotation Id="331" Type="Token" StartNode="798" EndNode="804">
<Feature>
  <Name className="java.lang.String">string</Name>
  <Value className="java.lang.String">excuse</Value>
</Feature>
</Annotation>
<Annotation Id="370" Type="Token" StartNode="889" EndNode="898">
<Feature>
  <Name className="java.lang.String">string</Name>
  <Value className="java.lang.String">cigarette</Value>
</Feature>
</Annotation>
<Annotation Id="358" Type="Token" StartNode="859" EndNode="869">
<Feature>
  <Name className="java.lang.String">string</Name>
  <Value className="java.lang.String">henceforth</Value>
</Feature>
</Annotation>
<Annotation Id="411" Type="Token" StartNode="984" EndNode="990">
<Feature>
  <Name className="java.lang.String">string</Name>
  <Value className="java.lang.String">better</Value>
</Feature>
</Annotation>
<Annotation Id="408" Type="Token" StartNode="976" EndNode="982">
<Feature>
  <Name className="java.lang.String">string</Name>
  <Value className="java.lang.String">people</Value>
</Feature>
</Annotation>
<Annotation Id="413" Type="Token" StartNode="991" EndNode="998">
<Feature>
  <Name className="java.lang.String">string</Name>
  <Value className="java.lang.String">weapons</Value>
</Feature>
</Annotation>
<Annotation Id="394" Type="Token" StartNode="945" EndNode="951">
<Feature>
  <Name className="java.lang.String">string</Name>
  <Value className="java.lang.String">manner</Value>
</Feature>
</Annotation>
<Annotation Id="392" Type="Token" StartNode="936" EndNode="944">
<Feature>
  <Name className="java.lang.String">string</Name>
  <Value className="java.lang.String">improper</Value>
</Feature>
</Annotation>
<Annotation Id="432" Type="Token" StartNode="1045" EndNode="1052">
<Feature>
  <Name className="java.lang.String">string</Name>
  <Value className="java.lang.String">hostile</Value>
</Feature>
</Annotation>
<Annotation Id="438" Type="Token" StartNode="1063" EndNode="1069">
<Feature>
  <Name className="java.lang.String">string</Name>
  <Value className="java.lang.String">should</Value>
</Feature>
</Annotation>
<Annotation Id="419" Type="Token" StartNode="1008" EndNode="1015">
<Feature>
  <Name className="java.lang.String">string</Name>
  <Value className="java.lang.String">armored</Value>
</Feature>
</Annotation>
<Annotation Id="423" Type="Token" StartNode="1018" EndNode="1028">
<Feature>
  <Name className="java.lang.String">string</Name>
  <Value className="java.lang.String">transports</Value>
</Feature>
</Annotation>
<Annotation Id="458" Type="Token" StartNode="1109" EndNode="1119">
<Feature>
  <Name className="java.lang.String">string</Name>
  <Value className="java.lang.String">retreating</Value>
</Feature>
</Annotation>
<Annotation Id="454" Type="Token" StartNode="1098" EndNode="1105">
<Feature>
  <Name className="java.lang.String">string</Name>
  <Value className="java.lang.String">instead</Value>
</Feature>
</Annotation>
<Annotation Id="506" Type="Token" StartNode="1206" EndNode="1213">
<Feature>
  <Name className="java.lang.String">string</Name>
  <Value className="java.lang.String">protect</Value>
</Feature>
</Annotation>
<Annotation Id="547" Type="Token" StartNode="1299" EndNode="1306">
<Feature>
  <Name className="java.lang.String">string</Name>
  <Value className="java.lang.String">Customs</Value>
</Feature>
</Annotation>
<Annotation Id="556" Type="Token" StartNode="1325" EndNode="1333">
<Feature>
  <Name className="java.lang.String">string</Name>
  <Value className="java.lang.String">officers</Value>
</Feature>
</Annotation>
<Annotation Id="554" Type="Token" StartNode="1318" EndNode="1324">
<Feature>
  <Name className="java.lang.String">string</Name>
  <Value className="java.lang.String">police</Value>
</Feature>
</Annotation>
<Annotation Id="524" Type="Token" StartNode="1249" EndNode="1258">
<Feature>
  <Name className="java.lang.String">string</Name>
  <Value className="java.lang.String">equipment</Value>
</Feature>
</Annotation>
<Annotation Id="522" Type="Token" StartNode="1242" EndNode="1248">
<Feature>
  <Name className="java.lang.String">string</Name>
  <Value className="java.lang.String">proper</Value>
</Feature>
</Annotation>
<Annotation Id="528" Type="Token" StartNode="1263" EndNode="1269">
<Feature>
  <Name className="java.lang.String">string</Name>
  <Value className="java.lang.String">people</Value>
</Feature>
</Annotation>
<Annotation Id="612" Type="Token" StartNode="1458" EndNode="1469">
<Feature>
  <Name className="java.lang.String">string</Name>
  <Value className="java.lang.String">anachronism</Value>
</Feature>
</Annotation>
<Annotation Id="628" Type="Token" StartNode="1495" EndNode="1504">
<Feature>
  <Name className="java.lang.String">string</Name>
  <Value className="java.lang.String">increased</Value>
</Feature>
</Annotation>
<Annotation Id="636" Type="Token" StartNode="1518" EndNode="1525">
<Feature>
  <Name className="java.lang.String">string</Name>
  <Value className="java.lang.String">streets</Value>
</Feature>
</Annotation>
<Annotation Id="580" Type="Token" StartNode="1372" EndNode="1379">
<Feature>
  <Name className="java.lang.String">string</Name>
  <Value className="java.lang.String">ANYMORE</Value>
</Feature>
</Annotation>
<Annotation Id="588" Type="Token" StartNode="1388" EndNode="1397">
<Feature>
  <Name className="java.lang.String">string</Name>
  <Value className="java.lang.String">cigarette</Value>
</Feature>
</Annotation>
<Annotation Id="596" Type="Token" StartNode="1412" EndNode="1421">
<Feature>
  <Name className="java.lang.String">string</Name>
  <Value className="java.lang.String">leftovers</Value>
</Feature>
</Annotation>
<Annotation Id="600" Type="Token" StartNode="1427" EndNode="1438">
<Feature>
  <Name className="java.lang.String">string</Name>
  <Value className="java.lang.String">Prohibition</Value>
</Feature>
</Annotation>
<Annotation Id="644" Type="Token" StartNode="1538" EndNode="1544">
<Feature>
  <Name className="java.lang.String">string</Name>
  <Value className="java.lang.String">needed</Value>
</Feature>
</Annotation>
<Annotation Id="750" Type="Token" StartNode="1772" EndNode="1781">
<Feature>
  <Name className="java.lang.String">string</Name>
  <Value className="java.lang.String">Including</Value>
</Feature>
</Annotation>
<Annotation Id="740" Type="Token" StartNode="1752" EndNode="1759">
<Feature>
  <Name className="java.lang.String">string</Name>
  <Value className="java.lang.String">country</Value>
</Feature>
</Annotation>
<Annotation Id="762" Type="Token" StartNode="1800" EndNode="1809">
<Feature>
  <Name className="java.lang.String">string</Name>
  <Value className="java.lang.String">cigarette</Value>
</Feature>
</Annotation>
<Annotation Id="766" Type="Token" StartNode="1815" EndNode="1821">
<Feature>
  <Name className="java.lang.String">string</Name>
  <Value className="java.lang.String">kicked</Value>
</Feature>
</Annotation>
<Annotation Id="707" Type="Token" StartNode="1673" EndNode="1680">
<Feature>
  <Name className="java.lang.String">string</Name>
  <Value className="java.lang.String">country</Value>
</Feature>
</Annotation>
<Annotation Id="734" Type="Token" StartNode="1733" EndNode="1740">
<Feature>
  <Name className="java.lang.String">string</Name>
  <Value className="java.lang.String">protect</Value>
</Feature>
</Annotation>
<Annotation Id="722" Type="Token" StartNode="1705" EndNode="1711">
<Feature>
  <Name className="java.lang.String">string</Name>
  <Value className="java.lang.String">people</Value>
</Feature>
</Annotation>
<Annotation Id="830" Type="Token" StartNode="1970" EndNode="1977">
<Feature>
  <Name className="java.lang.String">string</Name>
  <Value className="java.lang.String">example</Value>
</Feature>
</Annotation>
<Annotation Id="800" Type="Token" StartNode="1898" EndNode="1904">
<Feature>
  <Name className="java.lang.String">string</Name>
  <Value className="java.lang.String">HAPPEN</Value>
</Feature>
</Annotation>
<Annotation Id="813" Type="Token" StartNode="1931" EndNode="1938">
<Feature>
  <Name className="java.lang.String">string</Name>
  <Value className="java.lang.String">address</Value>
</Feature>
</Annotation>
<Annotation Id="788" Type="Token" StartNode="1864" EndNode="1871">
<Feature>
  <Name className="java.lang.String">string</Name>
  <Value className="java.lang.String">machine</Value>
</Feature>
</Annotation>
<Annotation Id="798" Type="Token" StartNode="1889" EndNode="1897">
<Feature>
  <Name className="java.lang.String">string</Name>
  <Value className="java.lang.String">ACTUALLY</Value>
</Feature>
</Annotation>
<Annotation Id="887" Type="Token" StartNode="2104" EndNode="2112">
<Feature>
  <Name className="java.lang.String">string</Name>
  <Value className="java.lang.String">recently</Value>
</Feature>
</Annotation>
<Annotation Id="869" Type="Token" StartNode="2058" EndNode="2066">
<Feature>
  <Name className="java.lang.String">string</Name>
  <Value className="java.lang.String">instance</Value>
</Feature>
</Annotation>
<Annotation Id="875" Type="Token" StartNode="2072" EndNode="2080">
<Feature>
  <Name className="java.lang.String">string</Name>
  <Value className="java.lang.String">no-knock</Value>
</Feature>
</Annotation>
<Annotation Id="839" Type="Token" StartNode="1993" EndNode="1999">
<Feature>
  <Name className="java.lang.String">string</Name>
  <Value className="java.lang.String">before</Value>
</Feature>
</Annotation>
<Annotation Id="837" Type="Token" StartNode="1984" EndNode="1992">
<Feature>
  <Name className="java.lang.String">string</Name>
  <Value className="java.lang.String">happened</Value>
</Feature>
</Annotation>
<Annotation Id="847" Type="Token" StartNode="2011" EndNode="2017">
<Feature>
  <Name className="java.lang.String">string</Name>
  <Value className="java.lang.String">happen</Value>
</Feature>
</Annotation>
<Annotation Id="945" Type="Token" StartNode="2246" EndNode="2254">
<Feature>
  <Name className="java.lang.String">string</Name>
  <Value className="java.lang.String">officers</Value>
</Feature>
</Annotation>
<Annotation Id="929" Type="Token" StartNode="2209" EndNode="2218">
<Feature>
  <Name className="java.lang.String">string</Name>
  <Value className="java.lang.String">something</Value>
</Feature>
</Annotation>
<Annotation Id="919" Type="Token" StartNode="2186" EndNode="2193">
<Feature>
  <Name className="java.lang.String">string</Name>
  <Value className="java.lang.String">thought</Value>
</Feature>
</Annotation>
<Annotation Id="915" Type="Token" StartNode="2173" EndNode="2180">
<Feature>
  <Name className="java.lang.String">string</Name>
  <Value className="java.lang.String">because</Value>
</Feature>
</Annotation>
<Annotation Id="905" Type="Token" StartNode="2150" EndNode="2156">
<Feature>
  <Name className="java.lang.String">string</Name>
  <Value className="java.lang.String">raided</Value>
</Feature>
</Annotation>
<Annotation Id="903" Type="Token" StartNode="2143" EndNode="2149">
<Feature>
  <Name className="java.lang.String">string</Name>
  <Value className="java.lang.String">police</Value>
</Feature>
</Annotation>
<Annotation Id="1023" Type="Token" StartNode="2426" EndNode="2434">
<Feature>
  <Name className="java.lang.String">string</Name>
  <Value className="java.lang.String">compound</Value>
</Feature>
</Annotation>
<Annotation Id="1015" Type="Token" StartNode="2407" EndNode="2413">
<Feature>
  <Name className="java.lang.String">string</Name>
  <Value className="java.lang.String">needed</Value>
</Feature>
</Annotation>
<Annotation Id="993" Type="Token" StartNode="2354" EndNode="2366">
<Feature>
  <Name className="java.lang.String">string</Name>
  <Value className="java.lang.String">self-defense</Value>
</Feature>
</Annotation>
<Annotation Id="989" Type="Token" StartNode="2344" EndNode="2350">
<Feature>
  <Name className="java.lang.String">string</Name>
  <Value className="java.lang.String">acting</Value>
</Feature>
</Annotation>
<Annotation Id="973" Type="Token" StartNode="2304" EndNode="2311">
<Feature>
  <Name className="java.lang.String">string</Name>
  <Value className="java.lang.String">hearing</Value>
</Feature>
</Annotation>
<Annotation Id="1128" Type="Token" StartNode="2667" EndNode="2673">
<Feature>
  <Name className="java.lang.String">string</Name>
  <Value className="java.lang.String">Surely</Value>
</Feature>
</Annotation>
<Annotation Id="1148" Type="Token" StartNode="2721" EndNode="2727">
<Feature>
  <Name className="java.lang.String">string</Name>
  <Value className="java.lang.String">better</Value>
</Feature>
</Annotation>
<Annotation Id="1146" Type="Token" StartNode="2714" EndNode="2720">
<Feature>
  <Name className="java.lang.String">string</Name>
  <Value className="java.lang.String">fiasco</Value>
</Feature>
</Annotation>
<Annotation Id="1142" Type="Token" StartNode="2701" EndNode="2708">
<Feature>
  <Name className="java.lang.String">string</Name>
  <Value className="java.lang.String">handled</Value>
</Feature>
</Annotation>
<Annotation Id="1048" Type="Token" StartNode="2487" EndNode="2495">
<Feature>
  <Name className="java.lang.String">string</Name>
  <Value className="java.lang.String">blasting</Value>
</Feature>
</Annotation>
<Annotation Id="1052" Type="Token" StartNode="2500" EndNode="2506">
<Feature>
  <Name className="java.lang.String">string</Name>
  <Value className="java.lang.String">killed</Value>
</Feature>
</Annotation>
<Annotation Id="1080" Type="Token" StartNode="2563" EndNode="2570">
<Feature>
  <Name className="java.lang.String">string</Name>
  <Value className="java.lang.String">letting</Value>
</Feature>
</Annotation>
<Annotation Id="1076" Type="Token" StartNode="2551" EndNode="2557">
<Feature>
  <Name className="java.lang.String">string</Name>
  <Value className="java.lang.String">better</Value>
</Feature>
</Annotation>
<Annotation Id="1217" Type="Token" StartNode="2876" EndNode="2887">
<Feature>
  <Name className="java.lang.String">string</Name>
  <Value className="java.lang.String">theirselves</Value>
</Feature>
</Annotation>
<Annotation Id="1229" Type="Token" StartNode="2908" EndNode="2914">
<Feature>
  <Name className="java.lang.String">string</Name>
  <Value className="java.lang.String">Brewer</Value>
</Feature>
</Annotation>
<Annotation Id="1225" Type="Token" StartNode="2898" EndNode="2905">
<Feature>
  <Name className="java.lang.String">string</Name>
  <Value className="java.lang.String">Kennedy</Value>
</Feature>
</Annotation>
<Annotation Id="1236" Type="Token" StartNode="2928" EndNode="2934">
<Feature>
  <Name className="java.lang.String">string</Name>
  <Value className="java.lang.String">Before</Value>
</Feature>
</Annotation>
<Annotation Id="1233" Type="Token" StartNode="2919" EndNode="2926">
<Feature>
  <Name className="java.lang.String">string</Name>
  <Value className="java.lang.String">Patriot</Value>
</Feature>
</Annotation>
<Annotation Id="1243" Type="Token" StartNode="2944" EndNode="2950">
<Feature>
  <Name className="java.lang.String">string</Name>
  <Value className="java.lang.String">Koresh</Value>
</Feature>
</Annotation>
<Annotation Id="1255" Type="Token" StartNode="2971" EndNode="2981">
<Feature>
  <Name className="java.lang.String">string</Name>
  <Value className="java.lang.String">interprets</Value>
</Feature>
</Annotation>
<Annotation Id="1271" Type="Token" StartNode="3002" EndNode="3009">
<Feature>
  <Name className="java.lang.String">string</Name>
  <Value className="java.lang.String">through</Value>
</Feature>
</Annotation>
<Annotation Id="1275" Type="Token" StartNode="3014" EndNode="3020">
<Feature>
  <Name className="java.lang.String">string</Name>
  <Value className="java.lang.String">barrel</Value>
</Feature>
</Annotation>
<Annotation Id="1162" Type="Token" StartNode="2750" EndNode="2758">
<Feature>
  <Name className="java.lang.String">string</Name>
  <Value className="java.lang.String">massacre</Value>
</Feature>
</Annotation>
<Annotation Id="1168" Type="Token" StartNode="2769" EndNode="2775">
<Feature>
  <Name className="java.lang.String">string</Name>
  <Value className="java.lang.String">people</Value>
</Feature>
</Annotation>
<Annotation Id="1174" Type="Token" StartNode="2781" EndNode="2787">
<Feature>
  <Name className="java.lang.String">string</Name>
  <Value className="java.lang.String">Stimpy</Value>
</Feature>
</Annotation>
<Annotation Id="1194" Type="Token" StartNode="2823" EndNode="2829">
<Feature>
  <Name className="java.lang.String">string</Name>
  <Value className="java.lang.String">double</Value>
</Feature>
</Annotation>
<Annotation Id="1209" Type="Token" StartNode="2855" EndNode="2861">
<Feature>
  <Name className="java.lang.String">string</Name>
  <Value className="java.lang.String">should</Value>
</Feature>
</Annotation>
<Annotation Id="1213" Type="Token" StartNode="2865" EndNode="2872">
<Feature>
  <Name className="java.lang.String">string</Name>
  <Value className="java.lang.String">ashamed</Value>
</Feature>
</Annotation>
<Annotation Id="1292" Type="Token" StartNode="3041" EndNode="3050">
<Feature>
  <Name className="java.lang.String">string</Name>
  <Value className="java.lang.String">spokesman</Value>
</Feature>
</Annotation>
<Annotation Id="1338" Type="Token" StartNode="3143" EndNode="3149">
<Feature>
  <Name className="java.lang.String">string</Name>
  <Value className="java.lang.String">barrel</Value>
</Feature>
</Annotation>
<Annotation Id="1331" Type="Token" StartNode="3117" EndNode="3129">
<Feature>
  <Name className="java.lang.String">string</Name>
  <Value className="java.lang.String">Constitution</Value>
</Feature>
</Annotation>
<Annotation Id="1334" Type="Token" StartNode="3131" EndNode="3138">
<Feature>
  <Name className="java.lang.String">string</Name>
  <Value className="java.lang.String">through</Value>
</Feature>
</Annotation>
<Annotation Id="1316" Type="Token" StartNode="3091" EndNode="3101">
<Feature>
  <Name className="java.lang.String">string</Name>
  <Value className="java.lang.String">interprets</Value>
</Feature>
</Annotation>
</AnnotationSet>
<AnnotationSet Name="Original markups"> </AnnotationSet>
</GateDocument>