<?xml version='1.0' encoding='UTF-8'?>
<GateDocument version="3">
<!-- The document's features-->

<GateDocumentFeatures>
<Feature>
  <Name className="java.lang.String">Original_document_content_on_load</Name>
  <Value className="java.lang.String">From: jodfishe@silver.ucs.indiana.edu (joseph dale fisher)
Message-ID: &lt;Apr.11.01.01.57.1993.17744@athos.rutgers.edu>
Date: 11 Apr 93 05:01:58 GMT
Sender: hedrick@athos.rutgers.edu
Organization: Indiana University
Lines: 34
Approved: christian@aramis.rutgers.edu

He doesn't contradict himself.  The church is to last for all time.
However, there are those who use the church to bolster themselves.  This
is evident in many letters.  For instance, Paul talks about the
"super-apostles" to the Corinthians (2 Corinthians 11-12), he mentions
how people will be led away by miracles, signs, and wonders (2
Thessalonians 2:9-12), he tells Timothy that it is clear that some will
abandon the faith and teach lies (1 Timothy 4:1-3) and that some will
search for teachers to suit what they want to hear (2 Timothy 4:3-4).
Such passages go throughout the letters and Jesus does warn about them
(Matthew 24:4-14).  But look at the promise in this last part.  Verse
14:  "And this gospel of the kingdom will be preached in the whole world
as a testimony to all nations, and then the end will come."  Even today,
there are false teachings.  I can name two which I am well familiar
with:  the non-need of baptism and the "praying of Jesus into your life
for salvation".  Both are taught.  Both are DEAD wrong.  They have been
taken out of context from some verses, interpreted from others, and just
plain made up.  The ONLY way Jesus taught is given in Luke 9:23-26 and
Luke 14:25-33.  He then commands baptism in Matthew 28:18-20.  The
church Jesus founded, though, is alive and well.  It's not being
persecuted as much as back then (the laws won't allow it yet), but it is
being persecuted.

Joe Fisher

>
>Peace,
>Lou
>
>+++++++++++++++++++++++++++++++++++++++++++++++++++++++++++++++++
>+       Lou Nunez   (e-mail lnunez@vaxa.stevens-tech.edu)       +
>+   + Ps 42(43):4 + Ps 90(91):5-6 +  Dn 3:52-90 + Ml 1:11 +     +
>+  + Ad Altare Dei + Ad Deum Qui Laetificat Juventutem Meam +   +
>+  + 1Cor 4:15 + MT 16:13-19 + 1Cor 13:1-13 + Luke 10:25-37 +   + 
>+++++++++++++++++++++++++++++++++++++++++++++++++++++++++++++++++
</Value>
</Feature>
<Feature>
  <Name className="java.lang.String">gate.SourceURL</Name>
  <Value className="java.lang.String">file:/C:/Users/jian/Documents/NetBeansProjects/NoiseReductionTechniques/mideastPoliticsMix/negative151</Value>
</Feature>
</GateDocumentFeatures>
<!-- The document content area with serialized nodes -->

<TextWithNodes><Node id="0"/>From<Node id="4"/>:<Node id="5"/> <Node id="6"/>jodfishe<Node id="14"/>@<Node id="15"/>silver<Node id="21"/>.<Node id="22"/>ucs<Node id="25"/>.<Node id="26"/>indiana<Node id="33"/>.<Node id="34"/>edu<Node id="37"/> <Node id="38"/>(<Node id="39"/>joseph<Node id="45"/> <Node id="46"/>dale<Node id="50"/> <Node id="51"/>fisher<Node id="57"/>)<Node id="58"/>
<Node id="59"/>Message-<Node id="67"/>ID<Node id="69"/>:<Node id="70"/> <Node id="71"/>&lt;<Node id="72"/>Apr<Node id="75"/>.<Node id="76"/>11<Node id="78"/>.<Node id="79"/>01<Node id="81"/>.<Node id="82"/>01<Node id="84"/>.<Node id="85"/>57<Node id="87"/>.<Node id="88"/>1993<Node id="92"/>.<Node id="93"/>17744<Node id="98"/>@<Node id="99"/>athos<Node id="104"/>.<Node id="105"/>rutgers<Node id="112"/>.<Node id="113"/>edu<Node id="116"/>&gt;<Node id="117"/>
<Node id="118"/>Date<Node id="122"/>:<Node id="123"/> <Node id="124"/>11<Node id="126"/> <Node id="127"/>Apr<Node id="130"/> <Node id="131"/>93<Node id="133"/> <Node id="134"/>05<Node id="136"/>:<Node id="137"/>01<Node id="139"/>:<Node id="140"/>58<Node id="142"/> <Node id="143"/>GMT<Node id="146"/>
<Node id="147"/>Sender<Node id="153"/>:<Node id="154"/> <Node id="155"/>hedrick<Node id="162"/>@<Node id="163"/>athos<Node id="168"/>.<Node id="169"/>rutgers<Node id="176"/>.<Node id="177"/>edu<Node id="180"/>
<Node id="181"/>Organization<Node id="193"/>:<Node id="194"/> <Node id="195"/>Indiana<Node id="202"/> <Node id="203"/>University<Node id="213"/>
<Node id="214"/>Lines<Node id="219"/>:<Node id="220"/> <Node id="221"/>34<Node id="223"/>
<Node id="224"/>Approved<Node id="232"/>:<Node id="233"/> <Node id="234"/>christian<Node id="243"/>@<Node id="244"/>aramis<Node id="250"/>.<Node id="251"/>rutgers<Node id="258"/>.<Node id="259"/>edu<Node id="262"/>
<Node id="263"/>
<Node id="264"/>He<Node id="266"/> <Node id="267"/>does<Node id="271"/>n't<Node id="274"/> <Node id="275"/>contradict<Node id="285"/> <Node id="286"/>himself<Node id="293"/>.<Node id="294"/> <Node id="295"/> <Node id="296"/>The<Node id="299"/> <Node id="300"/>church<Node id="306"/> <Node id="307"/>is<Node id="309"/> <Node id="310"/>to<Node id="312"/> <Node id="313"/>last<Node id="317"/> <Node id="318"/>for<Node id="321"/> <Node id="322"/>all<Node id="325"/> <Node id="326"/>time<Node id="330"/>.<Node id="331"/>
<Node id="332"/>However<Node id="339"/>,<Node id="340"/> <Node id="341"/>there<Node id="346"/> <Node id="347"/>are<Node id="350"/> <Node id="351"/>those<Node id="356"/> <Node id="357"/>who<Node id="360"/> <Node id="361"/>use<Node id="364"/> <Node id="365"/>the<Node id="368"/> <Node id="369"/>church<Node id="375"/> <Node id="376"/>to<Node id="378"/> <Node id="379"/>bolster<Node id="386"/> <Node id="387"/>themselves<Node id="397"/>.<Node id="398"/> <Node id="399"/> <Node id="400"/>This<Node id="404"/>
<Node id="405"/>is<Node id="407"/> <Node id="408"/>evident<Node id="415"/> <Node id="416"/>in<Node id="418"/> <Node id="419"/>many<Node id="423"/> <Node id="424"/>letters<Node id="431"/>.<Node id="432"/> <Node id="433"/> <Node id="434"/>For<Node id="437"/> <Node id="438"/>instance<Node id="446"/>,<Node id="447"/> <Node id="448"/>Paul<Node id="452"/> <Node id="453"/>talks<Node id="458"/> <Node id="459"/>about<Node id="464"/> <Node id="465"/>the<Node id="468"/>
<Node id="469"/>"<Node id="470"/>super-apostles<Node id="484"/>"<Node id="485"/> <Node id="486"/>to<Node id="488"/> <Node id="489"/>the<Node id="492"/> <Node id="493"/>Corinthians<Node id="504"/> <Node id="505"/>(<Node id="506"/>2<Node id="507"/> <Node id="508"/>Corinthians<Node id="519"/> <Node id="520"/>11<Node id="522"/>-<Node id="523"/>12<Node id="525"/>)<Node id="526"/>,<Node id="527"/> <Node id="528"/>he<Node id="530"/> <Node id="531"/>mentions<Node id="539"/>
<Node id="540"/>how<Node id="543"/> <Node id="544"/>people<Node id="550"/> <Node id="551"/>will<Node id="555"/> <Node id="556"/>be<Node id="558"/> <Node id="559"/>led<Node id="562"/> <Node id="563"/>away<Node id="567"/> <Node id="568"/>by<Node id="570"/> <Node id="571"/>miracles<Node id="579"/>,<Node id="580"/> <Node id="581"/>signs<Node id="586"/>,<Node id="587"/> <Node id="588"/>and<Node id="591"/> <Node id="592"/>wonders<Node id="599"/> <Node id="600"/>(<Node id="601"/>2<Node id="602"/>
<Node id="603"/>Thessalonians<Node id="616"/> <Node id="617"/>2<Node id="618"/>:<Node id="619"/>9<Node id="620"/>-<Node id="621"/>12<Node id="623"/>)<Node id="624"/>,<Node id="625"/> <Node id="626"/>he<Node id="628"/> <Node id="629"/>tells<Node id="634"/> <Node id="635"/>Timothy<Node id="642"/> <Node id="643"/>that<Node id="647"/> <Node id="648"/>it<Node id="650"/> <Node id="651"/>is<Node id="653"/> <Node id="654"/>clear<Node id="659"/> <Node id="660"/>that<Node id="664"/> <Node id="665"/>some<Node id="669"/> <Node id="670"/>will<Node id="674"/>
<Node id="675"/>abandon<Node id="682"/> <Node id="683"/>the<Node id="686"/> <Node id="687"/>faith<Node id="692"/> <Node id="693"/>and<Node id="696"/> <Node id="697"/>teach<Node id="702"/> <Node id="703"/>lies<Node id="707"/> <Node id="708"/>(<Node id="709"/>1<Node id="710"/> <Node id="711"/>Timothy<Node id="718"/> <Node id="719"/>4<Node id="720"/>:<Node id="721"/>1<Node id="722"/>-<Node id="723"/>3<Node id="724"/>)<Node id="725"/> <Node id="726"/>and<Node id="729"/> <Node id="730"/>that<Node id="734"/> <Node id="735"/>some<Node id="739"/> <Node id="740"/>will<Node id="744"/>
<Node id="745"/>search<Node id="751"/> <Node id="752"/>for<Node id="755"/> <Node id="756"/>teachers<Node id="764"/> <Node id="765"/>to<Node id="767"/> <Node id="768"/>suit<Node id="772"/> <Node id="773"/>what<Node id="777"/> <Node id="778"/>they<Node id="782"/> <Node id="783"/>want<Node id="787"/> <Node id="788"/>to<Node id="790"/> <Node id="791"/>hear<Node id="795"/> <Node id="796"/>(<Node id="797"/>2<Node id="798"/> <Node id="799"/>Timothy<Node id="806"/> <Node id="807"/>4<Node id="808"/>:<Node id="809"/>3<Node id="810"/>-<Node id="811"/>4<Node id="812"/>)<Node id="813"/>.<Node id="814"/>
<Node id="815"/>Such<Node id="819"/> <Node id="820"/>passages<Node id="828"/> <Node id="829"/>go<Node id="831"/> <Node id="832"/>throughout<Node id="842"/> <Node id="843"/>the<Node id="846"/> <Node id="847"/>letters<Node id="854"/> <Node id="855"/>and<Node id="858"/> <Node id="859"/>Jesus<Node id="864"/> <Node id="865"/>does<Node id="869"/> <Node id="870"/>warn<Node id="874"/> <Node id="875"/>about<Node id="880"/> <Node id="881"/>them<Node id="885"/>
<Node id="886"/>(<Node id="887"/>Matthew<Node id="894"/> <Node id="895"/>24<Node id="897"/>:<Node id="898"/>4<Node id="899"/>-<Node id="900"/>14<Node id="902"/>)<Node id="903"/>.<Node id="904"/> <Node id="905"/> <Node id="906"/>But<Node id="909"/> <Node id="910"/>look<Node id="914"/> <Node id="915"/>at<Node id="917"/> <Node id="918"/>the<Node id="921"/> <Node id="922"/>promise<Node id="929"/> <Node id="930"/>in<Node id="932"/> <Node id="933"/>this<Node id="937"/> <Node id="938"/>last<Node id="942"/> <Node id="943"/>part<Node id="947"/>.<Node id="948"/> <Node id="949"/> <Node id="950"/>Verse<Node id="955"/>
<Node id="956"/>14<Node id="958"/>:<Node id="959"/> <Node id="960"/> <Node id="961"/>"<Node id="962"/>And<Node id="965"/> <Node id="966"/>this<Node id="970"/> <Node id="971"/>gospel<Node id="977"/> <Node id="978"/>of<Node id="980"/> <Node id="981"/>the<Node id="984"/> <Node id="985"/>kingdom<Node id="992"/> <Node id="993"/>will<Node id="997"/> <Node id="998"/>be<Node id="1000"/> <Node id="1001"/>preached<Node id="1009"/> <Node id="1010"/>in<Node id="1012"/> <Node id="1013"/>the<Node id="1016"/> <Node id="1017"/>whole<Node id="1022"/> <Node id="1023"/>world<Node id="1028"/>
<Node id="1029"/>as<Node id="1031"/> <Node id="1032"/>a<Node id="1033"/> <Node id="1034"/>testimony<Node id="1043"/> <Node id="1044"/>to<Node id="1046"/> <Node id="1047"/>all<Node id="1050"/> <Node id="1051"/>nations<Node id="1058"/>,<Node id="1059"/> <Node id="1060"/>and<Node id="1063"/> <Node id="1064"/>then<Node id="1068"/> <Node id="1069"/>the<Node id="1072"/> <Node id="1073"/>end<Node id="1076"/> <Node id="1077"/>will<Node id="1081"/> <Node id="1082"/>come<Node id="1086"/>.<Node id="1087"/>"<Node id="1088"/> <Node id="1089"/> <Node id="1090"/>Even<Node id="1094"/> <Node id="1095"/>today<Node id="1100"/>,<Node id="1101"/>
<Node id="1102"/>there<Node id="1107"/> <Node id="1108"/>are<Node id="1111"/> <Node id="1112"/>false<Node id="1117"/> <Node id="1118"/>teachings<Node id="1127"/>.<Node id="1128"/> <Node id="1129"/> <Node id="1130"/>I<Node id="1131"/> <Node id="1132"/>can<Node id="1135"/> <Node id="1136"/>name<Node id="1140"/> <Node id="1141"/>two<Node id="1144"/> <Node id="1145"/>which<Node id="1150"/> <Node id="1151"/>I<Node id="1152"/> <Node id="1153"/>am<Node id="1155"/> <Node id="1156"/>well<Node id="1160"/> <Node id="1161"/>familiar<Node id="1169"/>
<Node id="1170"/>with<Node id="1174"/>:<Node id="1175"/> <Node id="1176"/> <Node id="1177"/>the<Node id="1180"/> <Node id="1181"/>non-need<Node id="1189"/> <Node id="1190"/>of<Node id="1192"/> <Node id="1193"/>baptism<Node id="1200"/> <Node id="1201"/>and<Node id="1204"/> <Node id="1205"/>the<Node id="1208"/> <Node id="1209"/>"<Node id="1210"/>praying<Node id="1217"/> <Node id="1218"/>of<Node id="1220"/> <Node id="1221"/>Jesus<Node id="1226"/> <Node id="1227"/>into<Node id="1231"/> <Node id="1232"/>your<Node id="1236"/> <Node id="1237"/>life<Node id="1241"/>
<Node id="1242"/>for<Node id="1245"/> <Node id="1246"/>salvation<Node id="1255"/>"<Node id="1256"/>.<Node id="1257"/> <Node id="1258"/> <Node id="1259"/>Both<Node id="1263"/> <Node id="1264"/>are<Node id="1267"/> <Node id="1268"/>taught<Node id="1274"/>.<Node id="1275"/> <Node id="1276"/> <Node id="1277"/>Both<Node id="1281"/> <Node id="1282"/>are<Node id="1285"/> <Node id="1286"/>DEAD<Node id="1290"/> <Node id="1291"/>wrong<Node id="1296"/>.<Node id="1297"/> <Node id="1298"/> <Node id="1299"/>They<Node id="1303"/> <Node id="1304"/>have<Node id="1308"/> <Node id="1309"/>been<Node id="1313"/>
<Node id="1314"/>taken<Node id="1319"/> <Node id="1320"/>out<Node id="1323"/> <Node id="1324"/>of<Node id="1326"/> <Node id="1327"/>context<Node id="1334"/> <Node id="1335"/>from<Node id="1339"/> <Node id="1340"/>some<Node id="1344"/> <Node id="1345"/>verses<Node id="1351"/>,<Node id="1352"/> <Node id="1353"/>interpreted<Node id="1364"/> <Node id="1365"/>from<Node id="1369"/> <Node id="1370"/>others<Node id="1376"/>,<Node id="1377"/> <Node id="1378"/>and<Node id="1381"/> <Node id="1382"/>just<Node id="1386"/>
<Node id="1387"/>plain<Node id="1392"/> <Node id="1393"/>made<Node id="1397"/> <Node id="1398"/>up<Node id="1400"/>.<Node id="1401"/> <Node id="1402"/> <Node id="1403"/>The<Node id="1406"/> <Node id="1407"/>ONLY<Node id="1411"/> <Node id="1412"/>way<Node id="1415"/> <Node id="1416"/>Jesus<Node id="1421"/> <Node id="1422"/>taught<Node id="1428"/> <Node id="1429"/>is<Node id="1431"/> <Node id="1432"/>given<Node id="1437"/> <Node id="1438"/>in<Node id="1440"/> <Node id="1441"/>Luke<Node id="1445"/> <Node id="1446"/>9<Node id="1447"/>:<Node id="1448"/>23<Node id="1450"/>-<Node id="1451"/>26<Node id="1453"/> <Node id="1454"/>and<Node id="1457"/>
<Node id="1458"/>Luke<Node id="1462"/> <Node id="1463"/>14<Node id="1465"/>:<Node id="1466"/>25<Node id="1468"/>-<Node id="1469"/>33<Node id="1471"/>.<Node id="1472"/> <Node id="1473"/> <Node id="1474"/>He<Node id="1476"/> <Node id="1477"/>then<Node id="1481"/> <Node id="1482"/>commands<Node id="1490"/> <Node id="1491"/>baptism<Node id="1498"/> <Node id="1499"/>in<Node id="1501"/> <Node id="1502"/>Matthew<Node id="1509"/> <Node id="1510"/>28<Node id="1512"/>:<Node id="1513"/>18<Node id="1515"/>-<Node id="1516"/>20<Node id="1518"/>.<Node id="1519"/> <Node id="1520"/> <Node id="1521"/>The<Node id="1524"/>
<Node id="1525"/>church<Node id="1531"/> <Node id="1532"/>Jesus<Node id="1537"/> <Node id="1538"/>founded<Node id="1545"/>,<Node id="1546"/> <Node id="1547"/>though<Node id="1553"/>,<Node id="1554"/> <Node id="1555"/>is<Node id="1557"/> <Node id="1558"/>alive<Node id="1563"/> <Node id="1564"/>and<Node id="1567"/> <Node id="1568"/>well<Node id="1572"/>.<Node id="1573"/> <Node id="1574"/> <Node id="1575"/>It<Node id="1577"/>'s<Node id="1579"/> <Node id="1580"/>not<Node id="1583"/> <Node id="1584"/>being<Node id="1589"/>
<Node id="1590"/>persecuted<Node id="1600"/> <Node id="1601"/>as<Node id="1603"/> <Node id="1604"/>much<Node id="1608"/> <Node id="1609"/>as<Node id="1611"/> <Node id="1612"/>back<Node id="1616"/> <Node id="1617"/>then<Node id="1621"/> <Node id="1622"/>(<Node id="1623"/>the<Node id="1626"/> <Node id="1627"/>laws<Node id="1631"/> <Node id="1632"/>wo<Node id="1634"/>n't<Node id="1637"/> <Node id="1638"/>allow<Node id="1643"/> <Node id="1644"/>it<Node id="1646"/> <Node id="1647"/>yet<Node id="1650"/>)<Node id="1651"/>,<Node id="1652"/> <Node id="1653"/>but<Node id="1656"/> <Node id="1657"/>it<Node id="1659"/> <Node id="1660"/>is<Node id="1662"/>
<Node id="1663"/>being<Node id="1668"/> <Node id="1669"/>persecuted<Node id="1679"/>.<Node id="1680"/>
<Node id="1681"/>
<Node id="1682"/>Joe<Node id="1685"/> <Node id="1686"/>Fisher<Node id="1692"/>
<Node id="1693"/>
<Node id="1694"/>&gt;<Node id="1695"/>
<Node id="1696"/>&gt;<Node id="1697"/>Peace<Node id="1702"/>,<Node id="1703"/>
<Node id="1704"/>&gt;<Node id="1705"/>Lou<Node id="1708"/>
<Node id="1709"/>&gt;<Node id="1710"/>
<Node id="1711"/>&gt;<Node id="1712"/>+<Node id="1713"/>+<Node id="1714"/>+<Node id="1715"/>+<Node id="1716"/>+<Node id="1717"/>+<Node id="1718"/>+<Node id="1719"/>+<Node id="1720"/>+<Node id="1721"/>+<Node id="1722"/>+<Node id="1723"/>+<Node id="1724"/>+<Node id="1725"/>+<Node id="1726"/>+<Node id="1727"/>+<Node id="1728"/>+<Node id="1729"/>+<Node id="1730"/>+<Node id="1731"/>+<Node id="1732"/>+<Node id="1733"/>+<Node id="1734"/>+<Node id="1735"/>+<Node id="1736"/>+<Node id="1737"/>+<Node id="1738"/>+<Node id="1739"/>+<Node id="1740"/>+<Node id="1741"/>+<Node id="1742"/>+<Node id="1743"/>+<Node id="1744"/>+<Node id="1745"/>+<Node id="1746"/>+<Node id="1747"/>+<Node id="1748"/>+<Node id="1749"/>+<Node id="1750"/>+<Node id="1751"/>+<Node id="1752"/>+<Node id="1753"/>+<Node id="1754"/>+<Node id="1755"/>+<Node id="1756"/>+<Node id="1757"/>+<Node id="1758"/>+<Node id="1759"/>+<Node id="1760"/>+<Node id="1761"/>+<Node id="1762"/>+<Node id="1763"/>+<Node id="1764"/>+<Node id="1765"/>+<Node id="1766"/>+<Node id="1767"/>+<Node id="1768"/>+<Node id="1769"/>+<Node id="1770"/>+<Node id="1771"/>+<Node id="1772"/>+<Node id="1773"/>+<Node id="1774"/>+<Node id="1775"/>+<Node id="1776"/>+<Node id="1777"/>
<Node id="1778"/>&gt;<Node id="1779"/>+<Node id="1780"/> <Node id="1781"/> <Node id="1782"/> <Node id="1783"/> <Node id="1784"/> <Node id="1785"/> <Node id="1786"/> <Node id="1787"/>Lou<Node id="1790"/> <Node id="1791"/>Nunez<Node id="1796"/> <Node id="1797"/> <Node id="1798"/> <Node id="1799"/>(<Node id="1800"/>e-mail<Node id="1806"/> <Node id="1807"/>lnunez<Node id="1813"/>@<Node id="1814"/>vaxa<Node id="1818"/>.<Node id="1819"/>stevens-tech<Node id="1831"/>.<Node id="1832"/>edu<Node id="1835"/>)<Node id="1836"/> <Node id="1837"/> <Node id="1838"/> <Node id="1839"/> <Node id="1840"/> <Node id="1841"/> <Node id="1842"/> <Node id="1843"/>+<Node id="1844"/>
<Node id="1845"/>&gt;<Node id="1846"/>+<Node id="1847"/> <Node id="1848"/> <Node id="1849"/> <Node id="1850"/>+<Node id="1851"/> <Node id="1852"/>Ps<Node id="1854"/> <Node id="1855"/>42<Node id="1857"/>(<Node id="1858"/>43<Node id="1860"/>)<Node id="1861"/>:<Node id="1862"/>4<Node id="1863"/> <Node id="1864"/>+<Node id="1865"/> <Node id="1866"/>Ps<Node id="1868"/> <Node id="1869"/>90<Node id="1871"/>(<Node id="1872"/>91<Node id="1874"/>)<Node id="1875"/>:<Node id="1876"/>5<Node id="1877"/>-<Node id="1878"/>6<Node id="1879"/> <Node id="1880"/>+<Node id="1881"/> <Node id="1882"/> <Node id="1883"/>Dn<Node id="1885"/> <Node id="1886"/>3<Node id="1887"/>:<Node id="1888"/>52<Node id="1890"/>-<Node id="1891"/>90<Node id="1893"/> <Node id="1894"/>+<Node id="1895"/> <Node id="1896"/>Ml<Node id="1898"/> <Node id="1899"/>1<Node id="1900"/>:<Node id="1901"/>11<Node id="1903"/> <Node id="1904"/>+<Node id="1905"/> <Node id="1906"/> <Node id="1907"/> <Node id="1908"/> <Node id="1909"/> <Node id="1910"/>+<Node id="1911"/>
<Node id="1912"/>&gt;<Node id="1913"/>+<Node id="1914"/> <Node id="1915"/> <Node id="1916"/>+<Node id="1917"/> <Node id="1918"/>Ad<Node id="1920"/> <Node id="1921"/>Altare<Node id="1927"/> <Node id="1928"/>Dei<Node id="1931"/> <Node id="1932"/>+<Node id="1933"/> <Node id="1934"/>Ad<Node id="1936"/> <Node id="1937"/>Deum<Node id="1941"/> <Node id="1942"/>Qui<Node id="1945"/> <Node id="1946"/>Laetificat<Node id="1956"/> <Node id="1957"/>Juventutem<Node id="1967"/> <Node id="1968"/>Meam<Node id="1972"/> <Node id="1973"/>+<Node id="1974"/> <Node id="1975"/> <Node id="1976"/> <Node id="1977"/>+<Node id="1978"/>
<Node id="1979"/>&gt;<Node id="1980"/>+<Node id="1981"/> <Node id="1982"/> <Node id="1983"/>+<Node id="1984"/> <Node id="1985"/>1<Node id="1986"/>Cor<Node id="1989"/> <Node id="1990"/>4<Node id="1991"/>:<Node id="1992"/>15<Node id="1994"/> <Node id="1995"/>+<Node id="1996"/> <Node id="1997"/>MT<Node id="1999"/> <Node id="2000"/>16<Node id="2002"/>:<Node id="2003"/>13<Node id="2005"/>-<Node id="2006"/>19<Node id="2008"/> <Node id="2009"/>+<Node id="2010"/> <Node id="2011"/>1<Node id="2012"/>Cor<Node id="2015"/> <Node id="2016"/>13<Node id="2018"/>:<Node id="2019"/>1<Node id="2020"/>-<Node id="2021"/>13<Node id="2023"/> <Node id="2024"/>+<Node id="2025"/> <Node id="2026"/>Luke<Node id="2030"/> <Node id="2031"/>10<Node id="2033"/>:<Node id="2034"/>25<Node id="2036"/>-<Node id="2037"/>37<Node id="2039"/> <Node id="2040"/>+<Node id="2041"/> <Node id="2042"/> <Node id="2043"/> <Node id="2044"/>+<Node id="2045"/> <Node id="2046"/>
<Node id="2047"/>&gt;<Node id="2048"/>+<Node id="2049"/>+<Node id="2050"/>+<Node id="2051"/>+<Node id="2052"/>+<Node id="2053"/>+<Node id="2054"/>+<Node id="2055"/>+<Node id="2056"/>+<Node id="2057"/>+<Node id="2058"/>+<Node id="2059"/>+<Node id="2060"/>+<Node id="2061"/>+<Node id="2062"/>+<Node id="2063"/>+<Node id="2064"/>+<Node id="2065"/>+<Node id="2066"/>+<Node id="2067"/>+<Node id="2068"/>+<Node id="2069"/>+<Node id="2070"/>+<Node id="2071"/>+<Node id="2072"/>+<Node id="2073"/>+<Node id="2074"/>+<Node id="2075"/>+<Node id="2076"/>+<Node id="2077"/>+<Node id="2078"/>+<Node id="2079"/>+<Node id="2080"/>+<Node id="2081"/>+<Node id="2082"/>+<Node id="2083"/>+<Node id="2084"/>+<Node id="2085"/>+<Node id="2086"/>+<Node id="2087"/>+<Node id="2088"/>+<Node id="2089"/>+<Node id="2090"/>+<Node id="2091"/>+<Node id="2092"/>+<Node id="2093"/>+<Node id="2094"/>+<Node id="2095"/>+<Node id="2096"/>+<Node id="2097"/>+<Node id="2098"/>+<Node id="2099"/>+<Node id="2100"/>+<Node id="2101"/>+<Node id="2102"/>+<Node id="2103"/>+<Node id="2104"/>+<Node id="2105"/>+<Node id="2106"/>+<Node id="2107"/>+<Node id="2108"/>+<Node id="2109"/>+<Node id="2110"/>+<Node id="2111"/>+<Node id="2112"/>+<Node id="2113"/>
<Node id="2114"/></TextWithNodes>
<!-- The default annotation set -->

<AnnotationSet>
<Annotation EndNode="2114" StartNode="0" Type="Mention" Id="9999999">
<Feature>
<Name classname="java.lang.String">Class</Name>
<Value classname="java.lang.String">0</Value>
</Feature>
</Annotation>

<Annotation Id="3" Type="Token" StartNode="6" EndNode="14">
<Feature>
  <Name className="java.lang.String">string</Name>
  <Value className="java.lang.String">jodfishe</Value>
</Feature>
</Annotation>
<Annotation Id="5" Type="Token" StartNode="15" EndNode="21">
<Feature>
  <Name className="java.lang.String">string</Name>
  <Value className="java.lang.String">silver</Value>
</Feature>
</Annotation>
<Annotation Id="9" Type="Token" StartNode="26" EndNode="33">
<Feature>
  <Name className="java.lang.String">string</Name>
  <Value className="java.lang.String">indiana</Value>
</Feature>
</Annotation>
<Annotation Id="14" Type="Token" StartNode="39" EndNode="45">
<Feature>
  <Name className="java.lang.String">string</Name>
  <Value className="java.lang.String">joseph</Value>
</Feature>
</Annotation>
<Annotation Id="18" Type="Token" StartNode="51" EndNode="57">
<Feature>
  <Name className="java.lang.String">string</Name>
  <Value className="java.lang.String">fisher</Value>
</Feature>
</Annotation>
<Annotation Id="21" Type="Token" StartNode="59" EndNode="67">
<Feature>
  <Name className="java.lang.String">string</Name>
  <Value className="java.lang.String">Message-</Value>
</Feature>
</Annotation>
<Annotation Id="42" Type="Token" StartNode="105" EndNode="112">
<Feature>
  <Name className="java.lang.String">string</Name>
  <Value className="java.lang.String">rutgers</Value>
</Feature>
</Annotation>
<Annotation Id="71" Type="Token" StartNode="169" EndNode="176">
<Feature>
  <Name className="java.lang.String">string</Name>
  <Value className="java.lang.String">rutgers</Value>
</Feature>
</Annotation>
<Annotation Id="64" Type="Token" StartNode="147" EndNode="153">
<Feature>
  <Name className="java.lang.String">string</Name>
  <Value className="java.lang.String">Sender</Value>
</Feature>
</Annotation>
<Annotation Id="67" Type="Token" StartNode="155" EndNode="162">
<Feature>
  <Name className="java.lang.String">string</Name>
  <Value className="java.lang.String">hedrick</Value>
</Feature>
</Annotation>
<Annotation Id="78" Type="Token" StartNode="195" EndNode="202">
<Feature>
  <Name className="java.lang.String">string</Name>
  <Value className="java.lang.String">Indiana</Value>
</Feature>
</Annotation>
<Annotation Id="75" Type="Token" StartNode="181" EndNode="193">
<Feature>
  <Name className="java.lang.String">string</Name>
  <Value className="java.lang.String">Organization</Value>
</Feature>
</Annotation>
<Annotation Id="87" Type="Token" StartNode="224" EndNode="232">
<Feature>
  <Name className="java.lang.String">string</Name>
  <Value className="java.lang.String">Approved</Value>
</Feature>
</Annotation>
<Annotation Id="80" Type="Token" StartNode="203" EndNode="213">
<Feature>
  <Name className="java.lang.String">string</Name>
  <Value className="java.lang.String">University</Value>
</Feature>
</Annotation>
<Annotation Id="92" Type="Token" StartNode="244" EndNode="250">
<Feature>
  <Name className="java.lang.String">string</Name>
  <Value className="java.lang.String">aramis</Value>
</Feature>
</Annotation>
<Annotation Id="94" Type="Token" StartNode="251" EndNode="258">
<Feature>
  <Name className="java.lang.String">string</Name>
  <Value className="java.lang.String">rutgers</Value>
</Feature>
</Annotation>
<Annotation Id="90" Type="Token" StartNode="234" EndNode="243">
<Feature>
  <Name className="java.lang.String">string</Name>
  <Value className="java.lang.String">christian</Value>
</Feature>
</Annotation>
<Annotation Id="107" Type="Token" StartNode="286" EndNode="293">
<Feature>
  <Name className="java.lang.String">string</Name>
  <Value className="java.lang.String">himself</Value>
</Feature>
</Annotation>
<Annotation Id="105" Type="Token" StartNode="275" EndNode="285">
<Feature>
  <Name className="java.lang.String">string</Name>
  <Value className="java.lang.String">contradict</Value>
</Feature>
</Annotation>
<Annotation Id="113" Type="Token" StartNode="300" EndNode="306">
<Feature>
  <Name className="java.lang.String">string</Name>
  <Value className="java.lang.String">church</Value>
</Feature>
</Annotation>
<Annotation Id="143" Type="Token" StartNode="369" EndNode="375">
<Feature>
  <Name className="java.lang.String">string</Name>
  <Value className="java.lang.String">church</Value>
</Feature>
</Annotation>
<Annotation Id="128" Type="Token" StartNode="332" EndNode="339">
<Feature>
  <Name className="java.lang.String">string</Name>
  <Value className="java.lang.String">However</Value>
</Feature>
</Annotation>
<Annotation Id="157" Type="Token" StartNode="408" EndNode="415">
<Feature>
  <Name className="java.lang.String">string</Name>
  <Value className="java.lang.String">evident</Value>
</Feature>
</Annotation>
<Annotation Id="147" Type="Token" StartNode="379" EndNode="386">
<Feature>
  <Name className="java.lang.String">string</Name>
  <Value className="java.lang.String">bolster</Value>
</Feature>
</Annotation>
<Annotation Id="149" Type="Token" StartNode="387" EndNode="397">
<Feature>
  <Name className="java.lang.String">string</Name>
  <Value className="java.lang.String">themselves</Value>
</Feature>
</Annotation>
<Annotation Id="169" Type="Token" StartNode="438" EndNode="446">
<Feature>
  <Name className="java.lang.String">string</Name>
  <Value className="java.lang.String">instance</Value>
</Feature>
</Annotation>
<Annotation Id="163" Type="Token" StartNode="424" EndNode="431">
<Feature>
  <Name className="java.lang.String">string</Name>
  <Value className="java.lang.String">letters</Value>
</Feature>
</Annotation>
<Annotation Id="188" Type="Token" StartNode="493" EndNode="504">
<Feature>
  <Name className="java.lang.String">string</Name>
  <Value className="java.lang.String">Corinthians</Value>
</Feature>
</Annotation>
<Annotation Id="181" Type="Token" StartNode="470" EndNode="484">
<Feature>
  <Name className="java.lang.String">string</Name>
  <Value className="java.lang.String">super-apostles</Value>
</Feature>
</Annotation>
<Annotation Id="207" Type="Token" StartNode="544" EndNode="550">
<Feature>
  <Name className="java.lang.String">string</Name>
  <Value className="java.lang.String">people</Value>
</Feature>
</Annotation>
<Annotation Id="203" Type="Token" StartNode="531" EndNode="539">
<Feature>
  <Name className="java.lang.String">string</Name>
  <Value className="java.lang.String">mentions</Value>
</Feature>
</Annotation>
<Annotation Id="193" Type="Token" StartNode="508" EndNode="519">
<Feature>
  <Name className="java.lang.String">string</Name>
  <Value className="java.lang.String">Corinthians</Value>
</Feature>
</Annotation>
<Annotation Id="219" Type="Token" StartNode="571" EndNode="579">
<Feature>
  <Name className="java.lang.String">string</Name>
  <Value className="java.lang.String">miracles</Value>
</Feature>
</Annotation>
<Annotation Id="232" Type="Token" StartNode="603" EndNode="616">
<Feature>
  <Name className="java.lang.String">string</Name>
  <Value className="java.lang.String">Thessalonians</Value>
</Feature>
</Annotation>
<Annotation Id="227" Type="Token" StartNode="592" EndNode="599">
<Feature>
  <Name className="java.lang.String">string</Name>
  <Value className="java.lang.String">wonders</Value>
</Feature>
</Annotation>
<Annotation Id="246" Type="Token" StartNode="635" EndNode="642">
<Feature>
  <Name className="java.lang.String">string</Name>
  <Value className="java.lang.String">Timothy</Value>
</Feature>
</Annotation>
<Annotation Id="277" Type="Token" StartNode="711" EndNode="718">
<Feature>
  <Name className="java.lang.String">string</Name>
  <Value className="java.lang.String">Timothy</Value>
</Feature>
</Annotation>
<Annotation Id="262" Type="Token" StartNode="675" EndNode="682">
<Feature>
  <Name className="java.lang.String">string</Name>
  <Value className="java.lang.String">abandon</Value>
</Feature>
</Annotation>
<Annotation Id="317" Type="Token" StartNode="799" EndNode="806">
<Feature>
  <Name className="java.lang.String">string</Name>
  <Value className="java.lang.String">Timothy</Value>
</Feature>
</Annotation>
<Annotation Id="294" Type="Token" StartNode="745" EndNode="751">
<Feature>
  <Name className="java.lang.String">string</Name>
  <Value className="java.lang.String">search</Value>
</Feature>
</Annotation>
<Annotation Id="298" Type="Token" StartNode="756" EndNode="764">
<Feature>
  <Name className="java.lang.String">string</Name>
  <Value className="java.lang.String">teachers</Value>
</Feature>
</Annotation>
<Annotation Id="337" Type="Token" StartNode="847" EndNode="854">
<Feature>
  <Name className="java.lang.String">string</Name>
  <Value className="java.lang.String">letters</Value>
</Feature>
</Annotation>
<Annotation Id="333" Type="Token" StartNode="832" EndNode="842">
<Feature>
  <Name className="java.lang.String">string</Name>
  <Value className="java.lang.String">throughout</Value>
</Feature>
</Annotation>
<Annotation Id="329" Type="Token" StartNode="820" EndNode="828">
<Feature>
  <Name className="java.lang.String">string</Name>
  <Value className="java.lang.String">passages</Value>
</Feature>
</Annotation>
<Annotation Id="371" Type="Token" StartNode="922" EndNode="929">
<Feature>
  <Name className="java.lang.String">string</Name>
  <Value className="java.lang.String">promise</Value>
</Feature>
</Annotation>
<Annotation Id="352" Type="Token" StartNode="887" EndNode="894">
<Feature>
  <Name className="java.lang.String">string</Name>
  <Value className="java.lang.String">Matthew</Value>
</Feature>
</Annotation>
<Annotation Id="400" Type="Token" StartNode="985" EndNode="992">
<Feature>
  <Name className="java.lang.String">string</Name>
  <Value className="java.lang.String">kingdom</Value>
</Feature>
</Annotation>
<Annotation Id="406" Type="Token" StartNode="1001" EndNode="1009">
<Feature>
  <Name className="java.lang.String">string</Name>
  <Value className="java.lang.String">preached</Value>
</Feature>
</Annotation>
<Annotation Id="394" Type="Token" StartNode="971" EndNode="977">
<Feature>
  <Name className="java.lang.String">string</Name>
  <Value className="java.lang.String">gospel</Value>
</Feature>
</Annotation>
<Annotation Id="426" Type="Token" StartNode="1051" EndNode="1058">
<Feature>
  <Name className="java.lang.String">string</Name>
  <Value className="java.lang.String">nations</Value>
</Feature>
</Annotation>
<Annotation Id="420" Type="Token" StartNode="1034" EndNode="1043">
<Feature>
  <Name className="java.lang.String">string</Name>
  <Value className="java.lang.String">testimony</Value>
</Feature>
</Annotation>
<Annotation Id="475" Type="Token" StartNode="1161" EndNode="1169">
<Feature>
  <Name className="java.lang.String">string</Name>
  <Value className="java.lang.String">familiar</Value>
</Feature>
</Annotation>
<Annotation Id="455" Type="Token" StartNode="1118" EndNode="1127">
<Feature>
  <Name className="java.lang.String">string</Name>
  <Value className="java.lang.String">teachings</Value>
</Feature>
</Annotation>
<Annotation Id="508" Type="Token" StartNode="1246" EndNode="1255">
<Feature>
  <Name className="java.lang.String">string</Name>
  <Value className="java.lang.String">salvation</Value>
</Feature>
</Annotation>
<Annotation Id="494" Type="Token" StartNode="1210" EndNode="1217">
<Feature>
  <Name className="java.lang.String">string</Name>
  <Value className="java.lang.String">praying</Value>
</Feature>
</Annotation>
<Annotation Id="487" Type="Token" StartNode="1193" EndNode="1200">
<Feature>
  <Name className="java.lang.String">string</Name>
  <Value className="java.lang.String">baptism</Value>
</Feature>
</Annotation>
<Annotation Id="483" Type="Token" StartNode="1181" EndNode="1189">
<Feature>
  <Name className="java.lang.String">string</Name>
  <Value className="java.lang.String">non-need</Value>
</Feature>
</Annotation>
<Annotation Id="549" Type="Token" StartNode="1345" EndNode="1351">
<Feature>
  <Name className="java.lang.String">string</Name>
  <Value className="java.lang.String">verses</Value>
</Feature>
</Annotation>
<Annotation Id="556" Type="Token" StartNode="1370" EndNode="1376">
<Feature>
  <Name className="java.lang.String">string</Name>
  <Value className="java.lang.String">others</Value>
</Feature>
</Annotation>
<Annotation Id="552" Type="Token" StartNode="1353" EndNode="1364">
<Feature>
  <Name className="java.lang.String">string</Name>
  <Value className="java.lang.String">interpreted</Value>
</Feature>
</Annotation>
<Annotation Id="517" Type="Token" StartNode="1268" EndNode="1274">
<Feature>
  <Name className="java.lang.String">string</Name>
  <Value className="java.lang.String">taught</Value>
</Feature>
</Annotation>
<Annotation Id="543" Type="Token" StartNode="1327" EndNode="1334">
<Feature>
  <Name className="java.lang.String">string</Name>
  <Value className="java.lang.String">context</Value>
</Feature>
</Annotation>
<Annotation Id="611" Type="Token" StartNode="1482" EndNode="1490">
<Feature>
  <Name className="java.lang.String">string</Name>
  <Value className="java.lang.String">commands</Value>
</Feature>
</Annotation>
<Annotation Id="613" Type="Token" StartNode="1491" EndNode="1498">
<Feature>
  <Name className="java.lang.String">string</Name>
  <Value className="java.lang.String">baptism</Value>
</Feature>
</Annotation>
<Annotation Id="617" Type="Token" StartNode="1502" EndNode="1509">
<Feature>
  <Name className="java.lang.String">string</Name>
  <Value className="java.lang.String">Matthew</Value>
</Feature>
</Annotation>
<Annotation Id="629" Type="Token" StartNode="1525" EndNode="1531">
<Feature>
  <Name className="java.lang.String">string</Name>
  <Value className="java.lang.String">church</Value>
</Feature>
</Annotation>
<Annotation Id="633" Type="Token" StartNode="1538" EndNode="1545">
<Feature>
  <Name className="java.lang.String">string</Name>
  <Value className="java.lang.String">founded</Value>
</Feature>
</Annotation>
<Annotation Id="636" Type="Token" StartNode="1547" EndNode="1553">
<Feature>
  <Name className="java.lang.String">string</Name>
  <Value className="java.lang.String">though</Value>
</Feature>
</Annotation>
<Annotation Id="579" Type="Token" StartNode="1422" EndNode="1428">
<Feature>
  <Name className="java.lang.String">string</Name>
  <Value className="java.lang.String">taught</Value>
</Feature>
</Annotation>
<Annotation Id="700" Type="Token" StartNode="1686" EndNode="1692">
<Feature>
  <Name className="java.lang.String">string</Name>
  <Value className="java.lang.String">Fisher</Value>
</Feature>
</Annotation>
<Annotation Id="694" Type="Token" StartNode="1669" EndNode="1679">
<Feature>
  <Name className="java.lang.String">string</Name>
  <Value className="java.lang.String">persecuted</Value>
</Feature>
</Annotation>
<Annotation Id="657" Type="Token" StartNode="1590" EndNode="1600">
<Feature>
  <Name className="java.lang.String">string</Name>
  <Value className="java.lang.String">persecuted</Value>
</Feature>
</Annotation>
<Annotation Id="803" Type="Token" StartNode="1819" EndNode="1831">
<Feature>
  <Name className="java.lang.String">string</Name>
  <Value className="java.lang.String">stevens-tech</Value>
</Feature>
</Annotation>
<Annotation Id="799" Type="Token" StartNode="1807" EndNode="1813">
<Feature>
  <Name className="java.lang.String">string</Name>
  <Value className="java.lang.String">lnunez</Value>
</Feature>
</Annotation>
<Annotation Id="797" Type="Token" StartNode="1800" EndNode="1806">
<Feature>
  <Name className="java.lang.String">string</Name>
  <Value className="java.lang.String">e-mail</Value>
</Feature>
</Annotation>
<Annotation Id="880" Type="Token" StartNode="1921" EndNode="1927">
<Feature>
  <Name className="java.lang.String">string</Name>
  <Value className="java.lang.String">Altare</Value>
</Feature>
</Annotation>
<Annotation Id="892" Type="Token" StartNode="1946" EndNode="1956">
<Feature>
  <Name className="java.lang.String">string</Name>
  <Value className="java.lang.String">Laetificat</Value>
</Feature>
</Annotation>
<Annotation Id="894" Type="Token" StartNode="1957" EndNode="1967">
<Feature>
  <Name className="java.lang.String">string</Name>
  <Value className="java.lang.String">Juventutem</Value>
</Feature>
</Annotation>
</AnnotationSet>
<AnnotationSet Name="Original markups"> </AnnotationSet>
</GateDocument>