<?xml version='1.0' encoding='UTF-8'?>
<GateDocument version="3">
<!-- The document's features-->

<GateDocumentFeatures>
<Feature>
  <Name className="java.lang.String">Original_document_content_on_load</Name>
  <Value className="java.lang.String">From: gt7122b@prism.gatech.edu (Randal Lee Nicholas Mandock)
Message-ID: &lt;May.12.04.29.37.1993.10035@athos.rutgers.edu>
Date: 12 May 93 08:29:37 GMT
Sender: hedrick@athos.rutgers.edu
Organization: Georgia Institute of Technology
Lines: 51
Approved: christian@aramis.rutgers.edu

In article &lt;May.11.02.37.49.1993.28198@athos.rutgers.edu>
 mmh@dcs.qmw.ac.uk (Matthew Huntbach) writes:

>I would say only to the extent that the Roman Catholic Church
>neither approves nor disapproves of capital punishment, as
>confirmed in the recent catechism, though there are many RCs
>who were rather surprised and upset that capital punishment was
>not explicitly condemned.

I quote from the journal, "30 Days In the Church and In the World,"
1992, No. 8/9, p. 29. 

Regarding the new draft of the Universal Catechism:

	In procuring the common good of society the need could arise
	that the aggressor be placed in the position where he cannot
	cause harm.  By virtue of this, the right and obligation of 
	public authorities to punish with proportionate penalties,
	including the death penalty, is acknowledged.  For similar
	reasons, legimate authorities have the right to impede
	aggressors in society with the use of arms.  The Church's 
	traditional teaching has always been expressed and will 
	continue to be expressed in the 
	consideration of the real conditions of common good and the
	effective means for preserving public order and personal
	safety.  To the degree that means other than the death
	penalty and military operations are sufficient to keep the
	peace, then these non-violent provisions are to be preferred
	because they are more in proportion and in keeping with the
	final goal of protection of peace and human dignity.  

As is clearly shown by this excerpt, the Church's teaching on capital
punishment remains today as it has always been in the past - in total
accord with my sentiment that I do not disagree with the use of deadly
force in those cases for which this option is justifiable.  

>I do not think your biblical quote can automatically be taken
>as support for capital punishment. I take it that as a Roman
>Catholic you are opposed to abortion, and would still onsider
>it wrong, and something to be objected to even if legalised by
>"authority".

I seek to conform my will to the will of God as expounded by His
instrument of the visible Church here on earth whenever the question
of faith or morals arises.  


-- 
Randal Lee Nicholas Mandock 
Catechist
gt7122b@prism.gatech.edu 
</Value>
</Feature>
<Feature>
  <Name className="java.lang.String">gate.SourceURL</Name>
  <Value className="java.lang.String">file:/C:/Users/jian/Documents/NetBeansProjects/NoiseReductionTechniques/mideastPoliticsMix/negative1010</Value>
</Feature>
</GateDocumentFeatures>
<!-- The document content area with serialized nodes -->

<TextWithNodes><Node id="0"/>From<Node id="4"/>:<Node id="5"/> <Node id="6"/>gt<Node id="8"/>7122<Node id="12"/>b<Node id="13"/>@<Node id="14"/>prism<Node id="19"/>.<Node id="20"/>gatech<Node id="26"/>.<Node id="27"/>edu<Node id="30"/> <Node id="31"/>(<Node id="32"/>Randal<Node id="38"/> <Node id="39"/>Lee<Node id="42"/> <Node id="43"/>Nicholas<Node id="51"/> <Node id="52"/>Mandock<Node id="59"/>)<Node id="60"/>
<Node id="61"/>Message-<Node id="69"/>ID<Node id="71"/>:<Node id="72"/> <Node id="73"/>&lt;<Node id="74"/>May<Node id="77"/>.<Node id="78"/>12<Node id="80"/>.<Node id="81"/>04<Node id="83"/>.<Node id="84"/>29<Node id="86"/>.<Node id="87"/>37<Node id="89"/>.<Node id="90"/>1993<Node id="94"/>.<Node id="95"/>10035<Node id="100"/>@<Node id="101"/>athos<Node id="106"/>.<Node id="107"/>rutgers<Node id="114"/>.<Node id="115"/>edu<Node id="118"/>&gt;<Node id="119"/>
<Node id="120"/>Date<Node id="124"/>:<Node id="125"/> <Node id="126"/>12<Node id="128"/> <Node id="129"/>May<Node id="132"/> <Node id="133"/>93<Node id="135"/> <Node id="136"/>08<Node id="138"/>:<Node id="139"/>29<Node id="141"/>:<Node id="142"/>37<Node id="144"/> <Node id="145"/>GMT<Node id="148"/>
<Node id="149"/>Sender<Node id="155"/>:<Node id="156"/> <Node id="157"/>hedrick<Node id="164"/>@<Node id="165"/>athos<Node id="170"/>.<Node id="171"/>rutgers<Node id="178"/>.<Node id="179"/>edu<Node id="182"/>
<Node id="183"/>Organization<Node id="195"/>:<Node id="196"/> <Node id="197"/>Georgia<Node id="204"/> <Node id="205"/>Institute<Node id="214"/> <Node id="215"/>of<Node id="217"/> <Node id="218"/>Technology<Node id="228"/>
<Node id="229"/>Lines<Node id="234"/>:<Node id="235"/> <Node id="236"/>51<Node id="238"/>
<Node id="239"/>Approved<Node id="247"/>:<Node id="248"/> <Node id="249"/>christian<Node id="258"/>@<Node id="259"/>aramis<Node id="265"/>.<Node id="266"/>rutgers<Node id="273"/>.<Node id="274"/>edu<Node id="277"/>
<Node id="278"/>
<Node id="279"/>In<Node id="281"/> <Node id="282"/>article<Node id="289"/> <Node id="290"/>&lt;<Node id="291"/>May<Node id="294"/>.<Node id="295"/>11<Node id="297"/>.<Node id="298"/>02<Node id="300"/>.<Node id="301"/>37<Node id="303"/>.<Node id="304"/>49<Node id="306"/>.<Node id="307"/>1993<Node id="311"/>.<Node id="312"/>28198<Node id="317"/>@<Node id="318"/>athos<Node id="323"/>.<Node id="324"/>rutgers<Node id="331"/>.<Node id="332"/>edu<Node id="335"/>&gt;<Node id="336"/>
<Node id="337"/> <Node id="338"/>mmh<Node id="341"/>@<Node id="342"/>dcs<Node id="345"/>.<Node id="346"/>qmw<Node id="349"/>.<Node id="350"/>ac<Node id="352"/>.<Node id="353"/>uk<Node id="355"/> <Node id="356"/>(<Node id="357"/>Matthew<Node id="364"/> <Node id="365"/>Huntbach<Node id="373"/>)<Node id="374"/> <Node id="375"/>writes<Node id="381"/>:<Node id="382"/>
<Node id="383"/>
<Node id="384"/>&gt;<Node id="385"/>I<Node id="386"/> <Node id="387"/>would<Node id="392"/> <Node id="393"/>say<Node id="396"/> <Node id="397"/>only<Node id="401"/> <Node id="402"/>to<Node id="404"/> <Node id="405"/>the<Node id="408"/> <Node id="409"/>extent<Node id="415"/> <Node id="416"/>that<Node id="420"/> <Node id="421"/>the<Node id="424"/> <Node id="425"/>Roman<Node id="430"/> <Node id="431"/>Catholic<Node id="439"/> <Node id="440"/>Church<Node id="446"/>
<Node id="447"/>&gt;<Node id="448"/>neither<Node id="455"/> <Node id="456"/>approves<Node id="464"/> <Node id="465"/>nor<Node id="468"/> <Node id="469"/>disapproves<Node id="480"/> <Node id="481"/>of<Node id="483"/> <Node id="484"/>capital<Node id="491"/> <Node id="492"/>punishment<Node id="502"/>,<Node id="503"/> <Node id="504"/>as<Node id="506"/>
<Node id="507"/>&gt;<Node id="508"/>confirmed<Node id="517"/> <Node id="518"/>in<Node id="520"/> <Node id="521"/>the<Node id="524"/> <Node id="525"/>recent<Node id="531"/> <Node id="532"/>catechism<Node id="541"/>,<Node id="542"/> <Node id="543"/>though<Node id="549"/> <Node id="550"/>there<Node id="555"/> <Node id="556"/>are<Node id="559"/> <Node id="560"/>many<Node id="564"/> <Node id="565"/>RCs<Node id="568"/>
<Node id="569"/>&gt;<Node id="570"/>who<Node id="573"/> <Node id="574"/>were<Node id="578"/> <Node id="579"/>rather<Node id="585"/> <Node id="586"/>surprised<Node id="595"/> <Node id="596"/>and<Node id="599"/> <Node id="600"/>upset<Node id="605"/> <Node id="606"/>that<Node id="610"/> <Node id="611"/>capital<Node id="618"/> <Node id="619"/>punishment<Node id="629"/> <Node id="630"/>was<Node id="633"/>
<Node id="634"/>&gt;<Node id="635"/>not<Node id="638"/> <Node id="639"/>explicitly<Node id="649"/> <Node id="650"/>condemned<Node id="659"/>.<Node id="660"/>
<Node id="661"/>
<Node id="662"/>I<Node id="663"/> <Node id="664"/>quote<Node id="669"/> <Node id="670"/>from<Node id="674"/> <Node id="675"/>the<Node id="678"/> <Node id="679"/>journal<Node id="686"/>,<Node id="687"/> <Node id="688"/>"<Node id="689"/>30<Node id="691"/> <Node id="692"/>Days<Node id="696"/> <Node id="697"/>In<Node id="699"/> <Node id="700"/>the<Node id="703"/> <Node id="704"/>Church<Node id="710"/> <Node id="711"/>and<Node id="714"/> <Node id="715"/>In<Node id="717"/> <Node id="718"/>the<Node id="721"/> <Node id="722"/>World<Node id="727"/>,<Node id="728"/>"<Node id="729"/>
<Node id="730"/>1992<Node id="734"/>,<Node id="735"/> <Node id="736"/>No<Node id="738"/>.<Node id="739"/> <Node id="740"/>8<Node id="741"/>/<Node id="742"/>9<Node id="743"/>,<Node id="744"/> <Node id="745"/>p<Node id="746"/>.<Node id="747"/> <Node id="748"/>29<Node id="750"/>.<Node id="751"/> <Node id="752"/>
<Node id="753"/>
<Node id="754"/>Regarding<Node id="763"/> <Node id="764"/>the<Node id="767"/> <Node id="768"/>new<Node id="771"/> <Node id="772"/>draft<Node id="777"/> <Node id="778"/>of<Node id="780"/> <Node id="781"/>the<Node id="784"/> <Node id="785"/>Universal<Node id="794"/> <Node id="795"/>Catechism<Node id="804"/>:<Node id="805"/>
<Node id="806"/>
<Node id="807"/>	<Node id="808"/>In<Node id="810"/> <Node id="811"/>procuring<Node id="820"/> <Node id="821"/>the<Node id="824"/> <Node id="825"/>common<Node id="831"/> <Node id="832"/>good<Node id="836"/> <Node id="837"/>of<Node id="839"/> <Node id="840"/>society<Node id="847"/> <Node id="848"/>the<Node id="851"/> <Node id="852"/>need<Node id="856"/> <Node id="857"/>could<Node id="862"/> <Node id="863"/>arise<Node id="868"/>
<Node id="869"/>	<Node id="870"/>that<Node id="874"/> <Node id="875"/>the<Node id="878"/> <Node id="879"/>aggressor<Node id="888"/> <Node id="889"/>be<Node id="891"/> <Node id="892"/>placed<Node id="898"/> <Node id="899"/>in<Node id="901"/> <Node id="902"/>the<Node id="905"/> <Node id="906"/>position<Node id="914"/> <Node id="915"/>where<Node id="920"/> <Node id="921"/>he<Node id="923"/> <Node id="924"/>can<Node id="927"/>not<Node id="930"/>
<Node id="931"/>	<Node id="932"/>cause<Node id="937"/> <Node id="938"/>harm<Node id="942"/>.<Node id="943"/> <Node id="944"/> <Node id="945"/>By<Node id="947"/> <Node id="948"/>virtue<Node id="954"/> <Node id="955"/>of<Node id="957"/> <Node id="958"/>this<Node id="962"/>,<Node id="963"/> <Node id="964"/>the<Node id="967"/> <Node id="968"/>right<Node id="973"/> <Node id="974"/>and<Node id="977"/> <Node id="978"/>obligation<Node id="988"/> <Node id="989"/>of<Node id="991"/> <Node id="992"/>
<Node id="993"/>	<Node id="994"/>public<Node id="1000"/> <Node id="1001"/>authorities<Node id="1012"/> <Node id="1013"/>to<Node id="1015"/> <Node id="1016"/>punish<Node id="1022"/> <Node id="1023"/>with<Node id="1027"/> <Node id="1028"/>proportionate<Node id="1041"/> <Node id="1042"/>penalties<Node id="1051"/>,<Node id="1052"/>
<Node id="1053"/>	<Node id="1054"/>including<Node id="1063"/> <Node id="1064"/>the<Node id="1067"/> <Node id="1068"/>death<Node id="1073"/> <Node id="1074"/>penalty<Node id="1081"/>,<Node id="1082"/> <Node id="1083"/>is<Node id="1085"/> <Node id="1086"/>acknowledged<Node id="1098"/>.<Node id="1099"/> <Node id="1100"/> <Node id="1101"/>For<Node id="1104"/> <Node id="1105"/>similar<Node id="1112"/>
<Node id="1113"/>	<Node id="1114"/>reasons<Node id="1121"/>,<Node id="1122"/> <Node id="1123"/>legimate<Node id="1131"/> <Node id="1132"/>authorities<Node id="1143"/> <Node id="1144"/>have<Node id="1148"/> <Node id="1149"/>the<Node id="1152"/> <Node id="1153"/>right<Node id="1158"/> <Node id="1159"/>to<Node id="1161"/> <Node id="1162"/>impede<Node id="1168"/>
<Node id="1169"/>	<Node id="1170"/>aggressors<Node id="1180"/> <Node id="1181"/>in<Node id="1183"/> <Node id="1184"/>society<Node id="1191"/> <Node id="1192"/>with<Node id="1196"/> <Node id="1197"/>the<Node id="1200"/> <Node id="1201"/>use<Node id="1204"/> <Node id="1205"/>of<Node id="1207"/> <Node id="1208"/>arms<Node id="1212"/>.<Node id="1213"/> <Node id="1214"/> <Node id="1215"/>The<Node id="1218"/> <Node id="1219"/>Church<Node id="1225"/>'s<Node id="1227"/> <Node id="1228"/>
<Node id="1229"/>	<Node id="1230"/>traditional<Node id="1241"/> <Node id="1242"/>teaching<Node id="1250"/> <Node id="1251"/>has<Node id="1254"/> <Node id="1255"/>always<Node id="1261"/> <Node id="1262"/>been<Node id="1266"/> <Node id="1267"/>expressed<Node id="1276"/> <Node id="1277"/>and<Node id="1280"/> <Node id="1281"/>will<Node id="1285"/> <Node id="1286"/>
<Node id="1287"/>	<Node id="1288"/>continue<Node id="1296"/> <Node id="1297"/>to<Node id="1299"/> <Node id="1300"/>be<Node id="1302"/> <Node id="1303"/>expressed<Node id="1312"/> <Node id="1313"/>in<Node id="1315"/> <Node id="1316"/>the<Node id="1319"/> <Node id="1320"/>
<Node id="1321"/>	<Node id="1322"/>consideration<Node id="1335"/> <Node id="1336"/>of<Node id="1338"/> <Node id="1339"/>the<Node id="1342"/> <Node id="1343"/>real<Node id="1347"/> <Node id="1348"/>conditions<Node id="1358"/> <Node id="1359"/>of<Node id="1361"/> <Node id="1362"/>common<Node id="1368"/> <Node id="1369"/>good<Node id="1373"/> <Node id="1374"/>and<Node id="1377"/> <Node id="1378"/>the<Node id="1381"/>
<Node id="1382"/>	<Node id="1383"/>effective<Node id="1392"/> <Node id="1393"/>means<Node id="1398"/> <Node id="1399"/>for<Node id="1402"/> <Node id="1403"/>preserving<Node id="1413"/> <Node id="1414"/>public<Node id="1420"/> <Node id="1421"/>order<Node id="1426"/> <Node id="1427"/>and<Node id="1430"/> <Node id="1431"/>personal<Node id="1439"/>
<Node id="1440"/>	<Node id="1441"/>safety<Node id="1447"/>.<Node id="1448"/> <Node id="1449"/> <Node id="1450"/>To<Node id="1452"/> <Node id="1453"/>the<Node id="1456"/> <Node id="1457"/>degree<Node id="1463"/> <Node id="1464"/>that<Node id="1468"/> <Node id="1469"/>means<Node id="1474"/> <Node id="1475"/>other<Node id="1480"/> <Node id="1481"/>than<Node id="1485"/> <Node id="1486"/>the<Node id="1489"/> <Node id="1490"/>death<Node id="1495"/>
<Node id="1496"/>	<Node id="1497"/>penalty<Node id="1504"/> <Node id="1505"/>and<Node id="1508"/> <Node id="1509"/>military<Node id="1517"/> <Node id="1518"/>operations<Node id="1528"/> <Node id="1529"/>are<Node id="1532"/> <Node id="1533"/>sufficient<Node id="1543"/> <Node id="1544"/>to<Node id="1546"/> <Node id="1547"/>keep<Node id="1551"/> <Node id="1552"/>the<Node id="1555"/>
<Node id="1556"/>	<Node id="1557"/>peace<Node id="1562"/>,<Node id="1563"/> <Node id="1564"/>then<Node id="1568"/> <Node id="1569"/>these<Node id="1574"/> <Node id="1575"/>non-violent<Node id="1586"/> <Node id="1587"/>provisions<Node id="1597"/> <Node id="1598"/>are<Node id="1601"/> <Node id="1602"/>to<Node id="1604"/> <Node id="1605"/>be<Node id="1607"/> <Node id="1608"/>preferred<Node id="1617"/>
<Node id="1618"/>	<Node id="1619"/>because<Node id="1626"/> <Node id="1627"/>they<Node id="1631"/> <Node id="1632"/>are<Node id="1635"/> <Node id="1636"/>more<Node id="1640"/> <Node id="1641"/>in<Node id="1643"/> <Node id="1644"/>proportion<Node id="1654"/> <Node id="1655"/>and<Node id="1658"/> <Node id="1659"/>in<Node id="1661"/> <Node id="1662"/>keeping<Node id="1669"/> <Node id="1670"/>with<Node id="1674"/> <Node id="1675"/>the<Node id="1678"/>
<Node id="1679"/>	<Node id="1680"/>final<Node id="1685"/> <Node id="1686"/>goal<Node id="1690"/> <Node id="1691"/>of<Node id="1693"/> <Node id="1694"/>protection<Node id="1704"/> <Node id="1705"/>of<Node id="1707"/> <Node id="1708"/>peace<Node id="1713"/> <Node id="1714"/>and<Node id="1717"/> <Node id="1718"/>human<Node id="1723"/> <Node id="1724"/>dignity<Node id="1731"/>.<Node id="1732"/> <Node id="1733"/> <Node id="1734"/>
<Node id="1735"/>
<Node id="1736"/>As<Node id="1738"/> <Node id="1739"/>is<Node id="1741"/> <Node id="1742"/>clearly<Node id="1749"/> <Node id="1750"/>shown<Node id="1755"/> <Node id="1756"/>by<Node id="1758"/> <Node id="1759"/>this<Node id="1763"/> <Node id="1764"/>excerpt<Node id="1771"/>,<Node id="1772"/> <Node id="1773"/>the<Node id="1776"/> <Node id="1777"/>Church<Node id="1783"/>'s<Node id="1785"/> <Node id="1786"/>teaching<Node id="1794"/> <Node id="1795"/>on<Node id="1797"/> <Node id="1798"/>capital<Node id="1805"/>
<Node id="1806"/>punishment<Node id="1816"/> <Node id="1817"/>remains<Node id="1824"/> <Node id="1825"/>today<Node id="1830"/> <Node id="1831"/>as<Node id="1833"/> <Node id="1834"/>it<Node id="1836"/> <Node id="1837"/>has<Node id="1840"/> <Node id="1841"/>always<Node id="1847"/> <Node id="1848"/>been<Node id="1852"/> <Node id="1853"/>in<Node id="1855"/> <Node id="1856"/>the<Node id="1859"/> <Node id="1860"/>past<Node id="1864"/> <Node id="1865"/>-<Node id="1866"/> <Node id="1867"/>in<Node id="1869"/> <Node id="1870"/>total<Node id="1875"/>
<Node id="1876"/>accord<Node id="1882"/> <Node id="1883"/>with<Node id="1887"/> <Node id="1888"/>my<Node id="1890"/> <Node id="1891"/>sentiment<Node id="1900"/> <Node id="1901"/>that<Node id="1905"/> <Node id="1906"/>I<Node id="1907"/> <Node id="1908"/>do<Node id="1910"/> <Node id="1911"/>not<Node id="1914"/> <Node id="1915"/>disagree<Node id="1923"/> <Node id="1924"/>with<Node id="1928"/> <Node id="1929"/>the<Node id="1932"/> <Node id="1933"/>use<Node id="1936"/> <Node id="1937"/>of<Node id="1939"/> <Node id="1940"/>deadly<Node id="1946"/>
<Node id="1947"/>force<Node id="1952"/> <Node id="1953"/>in<Node id="1955"/> <Node id="1956"/>those<Node id="1961"/> <Node id="1962"/>cases<Node id="1967"/> <Node id="1968"/>for<Node id="1971"/> <Node id="1972"/>which<Node id="1977"/> <Node id="1978"/>this<Node id="1982"/> <Node id="1983"/>option<Node id="1989"/> <Node id="1990"/>is<Node id="1992"/> <Node id="1993"/>justifiable<Node id="2004"/>.<Node id="2005"/> <Node id="2006"/> <Node id="2007"/>
<Node id="2008"/>
<Node id="2009"/>&gt;<Node id="2010"/>I<Node id="2011"/> <Node id="2012"/>do<Node id="2014"/> <Node id="2015"/>not<Node id="2018"/> <Node id="2019"/>think<Node id="2024"/> <Node id="2025"/>your<Node id="2029"/> <Node id="2030"/>biblical<Node id="2038"/> <Node id="2039"/>quote<Node id="2044"/> <Node id="2045"/>can<Node id="2048"/> <Node id="2049"/>automatically<Node id="2062"/> <Node id="2063"/>be<Node id="2065"/> <Node id="2066"/>taken<Node id="2071"/>
<Node id="2072"/>&gt;<Node id="2073"/>as<Node id="2075"/> <Node id="2076"/>support<Node id="2083"/> <Node id="2084"/>for<Node id="2087"/> <Node id="2088"/>capital<Node id="2095"/> <Node id="2096"/>punishment<Node id="2106"/>.<Node id="2107"/> <Node id="2108"/>I<Node id="2109"/> <Node id="2110"/>take<Node id="2114"/> <Node id="2115"/>it<Node id="2117"/> <Node id="2118"/>that<Node id="2122"/> <Node id="2123"/>as<Node id="2125"/> <Node id="2126"/>a<Node id="2127"/> <Node id="2128"/>Roman<Node id="2133"/>
<Node id="2134"/>&gt;<Node id="2135"/>Catholic<Node id="2143"/> <Node id="2144"/>you<Node id="2147"/> <Node id="2148"/>are<Node id="2151"/> <Node id="2152"/>opposed<Node id="2159"/> <Node id="2160"/>to<Node id="2162"/> <Node id="2163"/>abortion<Node id="2171"/>,<Node id="2172"/> <Node id="2173"/>and<Node id="2176"/> <Node id="2177"/>would<Node id="2182"/> <Node id="2183"/>still<Node id="2188"/> <Node id="2189"/>onsider<Node id="2196"/>
<Node id="2197"/>&gt;<Node id="2198"/>it<Node id="2200"/> <Node id="2201"/>wrong<Node id="2206"/>,<Node id="2207"/> <Node id="2208"/>and<Node id="2211"/> <Node id="2212"/>something<Node id="2221"/> <Node id="2222"/>to<Node id="2224"/> <Node id="2225"/>be<Node id="2227"/> <Node id="2228"/>objected<Node id="2236"/> <Node id="2237"/>to<Node id="2239"/> <Node id="2240"/>even<Node id="2244"/> <Node id="2245"/>if<Node id="2247"/> <Node id="2248"/>legalised<Node id="2257"/> <Node id="2258"/>by<Node id="2260"/>
<Node id="2261"/>&gt;<Node id="2262"/>"<Node id="2263"/>authority<Node id="2272"/>"<Node id="2273"/>.<Node id="2274"/>
<Node id="2275"/>
<Node id="2276"/>I<Node id="2277"/> <Node id="2278"/>seek<Node id="2282"/> <Node id="2283"/>to<Node id="2285"/> <Node id="2286"/>conform<Node id="2293"/> <Node id="2294"/>my<Node id="2296"/> <Node id="2297"/>will<Node id="2301"/> <Node id="2302"/>to<Node id="2304"/> <Node id="2305"/>the<Node id="2308"/> <Node id="2309"/>will<Node id="2313"/> <Node id="2314"/>of<Node id="2316"/> <Node id="2317"/>God<Node id="2320"/> <Node id="2321"/>as<Node id="2323"/> <Node id="2324"/>expounded<Node id="2333"/> <Node id="2334"/>by<Node id="2336"/> <Node id="2337"/>His<Node id="2340"/>
<Node id="2341"/>instrument<Node id="2351"/> <Node id="2352"/>of<Node id="2354"/> <Node id="2355"/>the<Node id="2358"/> <Node id="2359"/>visible<Node id="2366"/> <Node id="2367"/>Church<Node id="2373"/> <Node id="2374"/>here<Node id="2378"/> <Node id="2379"/>on<Node id="2381"/> <Node id="2382"/>earth<Node id="2387"/> <Node id="2388"/>whenever<Node id="2396"/> <Node id="2397"/>the<Node id="2400"/> <Node id="2401"/>question<Node id="2409"/>
<Node id="2410"/>of<Node id="2412"/> <Node id="2413"/>faith<Node id="2418"/> <Node id="2419"/>or<Node id="2421"/> <Node id="2422"/>morals<Node id="2428"/> <Node id="2429"/>arises<Node id="2435"/>.<Node id="2436"/> <Node id="2437"/> <Node id="2438"/>
<Node id="2439"/>
<Node id="2440"/>
<Node id="2441"/>-<Node id="2442"/>-<Node id="2443"/> <Node id="2444"/>
<Node id="2445"/>Randal<Node id="2451"/> <Node id="2452"/>Lee<Node id="2455"/> <Node id="2456"/>Nicholas<Node id="2464"/> <Node id="2465"/>Mandock<Node id="2472"/> <Node id="2473"/>
<Node id="2474"/>Catechist<Node id="2483"/>
<Node id="2484"/>gt<Node id="2486"/>7122<Node id="2490"/>b<Node id="2491"/>@<Node id="2492"/>prism<Node id="2497"/>.<Node id="2498"/>gatech<Node id="2504"/>.<Node id="2505"/>edu<Node id="2508"/> <Node id="2509"/>
<Node id="2510"/></TextWithNodes>
<!-- The default annotation set -->

<AnnotationSet>
<Annotation EndNode="2510" StartNode="0" Type="Mention" Id="9999999">
<Feature>
<Name classname="java.lang.String">Class</Name>
<Value classname="java.lang.String">0</Value>
</Feature>
</Annotation>

<Annotation Id="9" Type="Token" StartNode="20" EndNode="26">
<Feature>
  <Name className="java.lang.String">string</Name>
  <Value className="java.lang.String">gatech</Value>
</Feature>
</Annotation>
<Annotation Id="14" Type="Token" StartNode="32" EndNode="38">
<Feature>
  <Name className="java.lang.String">string</Name>
  <Value className="java.lang.String">Randal</Value>
</Feature>
</Annotation>
<Annotation Id="18" Type="Token" StartNode="43" EndNode="51">
<Feature>
  <Name className="java.lang.String">string</Name>
  <Value className="java.lang.String">Nicholas</Value>
</Feature>
</Annotation>
<Annotation Id="20" Type="Token" StartNode="52" EndNode="59">
<Feature>
  <Name className="java.lang.String">string</Name>
  <Value className="java.lang.String">Mandock</Value>
</Feature>
</Annotation>
<Annotation Id="23" Type="Token" StartNode="61" EndNode="69">
<Feature>
  <Name className="java.lang.String">string</Name>
  <Value className="java.lang.String">Message-</Value>
</Feature>
</Annotation>
<Annotation Id="44" Type="Token" StartNode="107" EndNode="114">
<Feature>
  <Name className="java.lang.String">string</Name>
  <Value className="java.lang.String">rutgers</Value>
</Feature>
</Annotation>
<Annotation Id="69" Type="Token" StartNode="157" EndNode="164">
<Feature>
  <Name className="java.lang.String">string</Name>
  <Value className="java.lang.String">hedrick</Value>
</Feature>
</Annotation>
<Annotation Id="66" Type="Token" StartNode="149" EndNode="155">
<Feature>
  <Name className="java.lang.String">string</Name>
  <Value className="java.lang.String">Sender</Value>
</Feature>
</Annotation>
<Annotation Id="77" Type="Token" StartNode="183" EndNode="195">
<Feature>
  <Name className="java.lang.String">string</Name>
  <Value className="java.lang.String">Organization</Value>
</Feature>
</Annotation>
<Annotation Id="73" Type="Token" StartNode="171" EndNode="178">
<Feature>
  <Name className="java.lang.String">string</Name>
  <Value className="java.lang.String">rutgers</Value>
</Feature>
</Annotation>
<Annotation Id="86" Type="Token" StartNode="218" EndNode="228">
<Feature>
  <Name className="java.lang.String">string</Name>
  <Value className="java.lang.String">Technology</Value>
</Feature>
</Annotation>
<Annotation Id="80" Type="Token" StartNode="197" EndNode="204">
<Feature>
  <Name className="java.lang.String">string</Name>
  <Value className="java.lang.String">Georgia</Value>
</Feature>
</Annotation>
<Annotation Id="82" Type="Token" StartNode="205" EndNode="214">
<Feature>
  <Name className="java.lang.String">string</Name>
  <Value className="java.lang.String">Institute</Value>
</Feature>
</Annotation>
<Annotation Id="93" Type="Token" StartNode="239" EndNode="247">
<Feature>
  <Name className="java.lang.String">string</Name>
  <Value className="java.lang.String">Approved</Value>
</Feature>
</Annotation>
<Annotation Id="100" Type="Token" StartNode="266" EndNode="273">
<Feature>
  <Name className="java.lang.String">string</Name>
  <Value className="java.lang.String">rutgers</Value>
</Feature>
</Annotation>
<Annotation Id="98" Type="Token" StartNode="259" EndNode="265">
<Feature>
  <Name className="java.lang.String">string</Name>
  <Value className="java.lang.String">aramis</Value>
</Feature>
</Annotation>
<Annotation Id="96" Type="Token" StartNode="249" EndNode="258">
<Feature>
  <Name className="java.lang.String">string</Name>
  <Value className="java.lang.String">christian</Value>
</Feature>
</Annotation>
<Annotation Id="107" Type="Token" StartNode="282" EndNode="289">
<Feature>
  <Name className="java.lang.String">string</Name>
  <Value className="java.lang.String">article</Value>
</Feature>
</Annotation>
<Annotation Id="126" Type="Token" StartNode="324" EndNode="331">
<Feature>
  <Name className="java.lang.String">string</Name>
  <Value className="java.lang.String">rutgers</Value>
</Feature>
</Annotation>
<Annotation Id="143" Type="Token" StartNode="357" EndNode="364">
<Feature>
  <Name className="java.lang.String">string</Name>
  <Value className="java.lang.String">Matthew</Value>
</Feature>
</Annotation>
<Annotation Id="145" Type="Token" StartNode="365" EndNode="373">
<Feature>
  <Name className="java.lang.String">string</Name>
  <Value className="java.lang.String">Huntbach</Value>
</Feature>
</Annotation>
<Annotation Id="148" Type="Token" StartNode="375" EndNode="381">
<Feature>
  <Name className="java.lang.String">string</Name>
  <Value className="java.lang.String">writes</Value>
</Feature>
</Annotation>
<Annotation Id="175" Type="Token" StartNode="440" EndNode="446">
<Feature>
  <Name className="java.lang.String">string</Name>
  <Value className="java.lang.String">Church</Value>
</Feature>
</Annotation>
<Annotation Id="173" Type="Token" StartNode="431" EndNode="439">
<Feature>
  <Name className="java.lang.String">string</Name>
  <Value className="java.lang.String">Catholic</Value>
</Feature>
</Annotation>
<Annotation Id="165" Type="Token" StartNode="409" EndNode="415">
<Feature>
  <Name className="java.lang.String">string</Name>
  <Value className="java.lang.String">extent</Value>
</Feature>
</Annotation>
<Annotation Id="184" Type="Token" StartNode="469" EndNode="480">
<Feature>
  <Name className="java.lang.String">string</Name>
  <Value className="java.lang.String">disapproves</Value>
</Feature>
</Annotation>
<Annotation Id="190" Type="Token" StartNode="492" EndNode="502">
<Feature>
  <Name className="java.lang.String">string</Name>
  <Value className="java.lang.String">punishment</Value>
</Feature>
</Annotation>
<Annotation Id="188" Type="Token" StartNode="484" EndNode="491">
<Feature>
  <Name className="java.lang.String">string</Name>
  <Value className="java.lang.String">capital</Value>
</Feature>
</Annotation>
<Annotation Id="178" Type="Token" StartNode="448" EndNode="455">
<Feature>
  <Name className="java.lang.String">string</Name>
  <Value className="java.lang.String">neither</Value>
</Feature>
</Annotation>
<Annotation Id="180" Type="Token" StartNode="456" EndNode="464">
<Feature>
  <Name className="java.lang.String">string</Name>
  <Value className="java.lang.String">approves</Value>
</Feature>
</Annotation>
<Annotation Id="204" Type="Token" StartNode="532" EndNode="541">
<Feature>
  <Name className="java.lang.String">string</Name>
  <Value className="java.lang.String">catechism</Value>
</Feature>
</Annotation>
<Annotation Id="207" Type="Token" StartNode="543" EndNode="549">
<Feature>
  <Name className="java.lang.String">string</Name>
  <Value className="java.lang.String">though</Value>
</Feature>
</Annotation>
<Annotation Id="202" Type="Token" StartNode="525" EndNode="531">
<Feature>
  <Name className="java.lang.String">string</Name>
  <Value className="java.lang.String">recent</Value>
</Feature>
</Annotation>
<Annotation Id="196" Type="Token" StartNode="508" EndNode="517">
<Feature>
  <Name className="java.lang.String">string</Name>
  <Value className="java.lang.String">confirmed</Value>
</Feature>
</Annotation>
<Annotation Id="222" Type="Token" StartNode="579" EndNode="585">
<Feature>
  <Name className="java.lang.String">string</Name>
  <Value className="java.lang.String">rather</Value>
</Feature>
</Annotation>
<Annotation Id="234" Type="Token" StartNode="619" EndNode="629">
<Feature>
  <Name className="java.lang.String">string</Name>
  <Value className="java.lang.String">punishment</Value>
</Feature>
</Annotation>
<Annotation Id="232" Type="Token" StartNode="611" EndNode="618">
<Feature>
  <Name className="java.lang.String">string</Name>
  <Value className="java.lang.String">capital</Value>
</Feature>
</Annotation>
<Annotation Id="224" Type="Token" StartNode="586" EndNode="595">
<Feature>
  <Name className="java.lang.String">string</Name>
  <Value className="java.lang.String">surprised</Value>
</Feature>
</Annotation>
<Annotation Id="255" Type="Token" StartNode="679" EndNode="686">
<Feature>
  <Name className="java.lang.String">string</Name>
  <Value className="java.lang.String">journal</Value>
</Feature>
</Annotation>
<Annotation Id="243" Type="Token" StartNode="650" EndNode="659">
<Feature>
  <Name className="java.lang.String">string</Name>
  <Value className="java.lang.String">condemned</Value>
</Feature>
</Annotation>
<Annotation Id="241" Type="Token" StartNode="639" EndNode="649">
<Feature>
  <Name className="java.lang.String">string</Name>
  <Value className="java.lang.String">explicitly</Value>
</Feature>
</Annotation>
<Annotation Id="267" Type="Token" StartNode="704" EndNode="710">
<Feature>
  <Name className="java.lang.String">string</Name>
  <Value className="java.lang.String">Church</Value>
</Feature>
</Annotation>
<Annotation Id="310" Type="Token" StartNode="785" EndNode="794">
<Feature>
  <Name className="java.lang.String">string</Name>
  <Value className="java.lang.String">Universal</Value>
</Feature>
</Annotation>
<Annotation Id="312" Type="Token" StartNode="795" EndNode="804">
<Feature>
  <Name className="java.lang.String">string</Name>
  <Value className="java.lang.String">Catechism</Value>
</Feature>
</Annotation>
<Annotation Id="319" Type="Token" StartNode="811" EndNode="820">
<Feature>
  <Name className="java.lang.String">string</Name>
  <Value className="java.lang.String">procuring</Value>
</Feature>
</Annotation>
<Annotation Id="298" Type="Token" StartNode="754" EndNode="763">
<Feature>
  <Name className="java.lang.String">string</Name>
  <Value className="java.lang.String">Regarding</Value>
</Feature>
</Annotation>
<Annotation Id="348" Type="Token" StartNode="892" EndNode="898">
<Feature>
  <Name className="java.lang.String">string</Name>
  <Value className="java.lang.String">placed</Value>
</Feature>
</Annotation>
<Annotation Id="344" Type="Token" StartNode="879" EndNode="888">
<Feature>
  <Name className="java.lang.String">string</Name>
  <Value className="java.lang.String">aggressor</Value>
</Feature>
</Annotation>
<Annotation Id="323" Type="Token" StartNode="825" EndNode="831">
<Feature>
  <Name className="java.lang.String">string</Name>
  <Value className="java.lang.String">common</Value>
</Feature>
</Annotation>
<Annotation Id="329" Type="Token" StartNode="840" EndNode="847">
<Feature>
  <Name className="java.lang.String">string</Name>
  <Value className="java.lang.String">society</Value>
</Feature>
</Annotation>
<Annotation Id="371" Type="Token" StartNode="948" EndNode="954">
<Feature>
  <Name className="java.lang.String">string</Name>
  <Value className="java.lang.String">virtue</Value>
</Feature>
</Annotation>
<Annotation Id="354" Type="Token" StartNode="906" EndNode="914">
<Feature>
  <Name className="java.lang.String">string</Name>
  <Value className="java.lang.String">position</Value>
</Feature>
</Annotation>
<Annotation Id="412" Type="Token" StartNode="1074" EndNode="1081">
<Feature>
  <Name className="java.lang.String">string</Name>
  <Value className="java.lang.String">penalty</Value>
</Feature>
</Annotation>
<Annotation Id="402" Type="Token" StartNode="1042" EndNode="1051">
<Feature>
  <Name className="java.lang.String">string</Name>
  <Value className="java.lang.String">penalties</Value>
</Feature>
</Annotation>
<Annotation Id="400" Type="Token" StartNode="1028" EndNode="1041">
<Feature>
  <Name className="java.lang.String">string</Name>
  <Value className="java.lang.String">proportionate</Value>
</Feature>
</Annotation>
<Annotation Id="406" Type="Token" StartNode="1054" EndNode="1063">
<Feature>
  <Name className="java.lang.String">string</Name>
  <Value className="java.lang.String">including</Value>
</Feature>
</Annotation>
<Annotation Id="392" Type="Token" StartNode="1001" EndNode="1012">
<Feature>
  <Name className="java.lang.String">string</Name>
  <Value className="java.lang.String">authorities</Value>
</Feature>
</Annotation>
<Annotation Id="396" Type="Token" StartNode="1016" EndNode="1022">
<Feature>
  <Name className="java.lang.String">string</Name>
  <Value className="java.lang.String">punish</Value>
</Feature>
</Annotation>
<Annotation Id="384" Type="Token" StartNode="978" EndNode="988">
<Feature>
  <Name className="java.lang.String">string</Name>
  <Value className="java.lang.String">obligation</Value>
</Feature>
</Annotation>
<Annotation Id="390" Type="Token" StartNode="994" EndNode="1000">
<Feature>
  <Name className="java.lang.String">string</Name>
  <Value className="java.lang.String">public</Value>
</Feature>
</Annotation>
<Annotation Id="441" Type="Token" StartNode="1162" EndNode="1168">
<Feature>
  <Name className="java.lang.String">string</Name>
  <Value className="java.lang.String">impede</Value>
</Feature>
</Annotation>
<Annotation Id="444" Type="Token" StartNode="1170" EndNode="1180">
<Feature>
  <Name className="java.lang.String">string</Name>
  <Value className="java.lang.String">aggressors</Value>
</Feature>
</Annotation>
<Annotation Id="426" Type="Token" StartNode="1114" EndNode="1121">
<Feature>
  <Name className="java.lang.String">string</Name>
  <Value className="java.lang.String">reasons</Value>
</Feature>
</Annotation>
<Annotation Id="429" Type="Token" StartNode="1123" EndNode="1131">
<Feature>
  <Name className="java.lang.String">string</Name>
  <Value className="java.lang.String">legimate</Value>
</Feature>
</Annotation>
<Annotation Id="431" Type="Token" StartNode="1132" EndNode="1143">
<Feature>
  <Name className="java.lang.String">string</Name>
  <Value className="java.lang.String">authorities</Value>
</Feature>
</Annotation>
<Annotation Id="417" Type="Token" StartNode="1086" EndNode="1098">
<Feature>
  <Name className="java.lang.String">string</Name>
  <Value className="java.lang.String">acknowledged</Value>
</Feature>
</Annotation>
<Annotation Id="423" Type="Token" StartNode="1105" EndNode="1112">
<Feature>
  <Name className="java.lang.String">string</Name>
  <Value className="java.lang.String">similar</Value>
</Feature>
</Annotation>
<Annotation Id="476" Type="Token" StartNode="1255" EndNode="1261">
<Feature>
  <Name className="java.lang.String">string</Name>
  <Value className="java.lang.String">always</Value>
</Feature>
</Annotation>
<Annotation Id="472" Type="Token" StartNode="1242" EndNode="1250">
<Feature>
  <Name className="java.lang.String">string</Name>
  <Value className="java.lang.String">teaching</Value>
</Feature>
</Annotation>
<Annotation Id="470" Type="Token" StartNode="1230" EndNode="1241">
<Feature>
  <Name className="java.lang.String">string</Name>
  <Value className="java.lang.String">traditional</Value>
</Feature>
</Annotation>
<Annotation Id="464" Type="Token" StartNode="1219" EndNode="1225">
<Feature>
  <Name className="java.lang.String">string</Name>
  <Value className="java.lang.String">Church</Value>
</Feature>
</Annotation>
<Annotation Id="448" Type="Token" StartNode="1184" EndNode="1191">
<Feature>
  <Name className="java.lang.String">string</Name>
  <Value className="java.lang.String">society</Value>
</Feature>
</Annotation>
<Annotation Id="510" Type="Token" StartNode="1348" EndNode="1358">
<Feature>
  <Name className="java.lang.String">string</Name>
  <Value className="java.lang.String">conditions</Value>
</Feature>
</Annotation>
<Annotation Id="502" Type="Token" StartNode="1322" EndNode="1335">
<Feature>
  <Name className="java.lang.String">string</Name>
  <Value className="java.lang.String">consideration</Value>
</Feature>
</Annotation>
<Annotation Id="494" Type="Token" StartNode="1303" EndNode="1312">
<Feature>
  <Name className="java.lang.String">string</Name>
  <Value className="java.lang.String">expressed</Value>
</Feature>
</Annotation>
<Annotation Id="488" Type="Token" StartNode="1288" EndNode="1296">
<Feature>
  <Name className="java.lang.String">string</Name>
  <Value className="java.lang.String">continue</Value>
</Feature>
</Annotation>
<Annotation Id="480" Type="Token" StartNode="1267" EndNode="1276">
<Feature>
  <Name className="java.lang.String">string</Name>
  <Value className="java.lang.String">expressed</Value>
</Feature>
</Annotation>
<Annotation Id="548" Type="Token" StartNode="1457" EndNode="1463">
<Feature>
  <Name className="java.lang.String">string</Name>
  <Value className="java.lang.String">degree</Value>
</Feature>
</Annotation>
<Annotation Id="567" Type="Token" StartNode="1509" EndNode="1517">
<Feature>
  <Name className="java.lang.String">string</Name>
  <Value className="java.lang.String">military</Value>
</Feature>
</Annotation>
<Annotation Id="563" Type="Token" StartNode="1497" EndNode="1504">
<Feature>
  <Name className="java.lang.String">string</Name>
  <Value className="java.lang.String">penalty</Value>
</Feature>
</Annotation>
<Annotation Id="573" Type="Token" StartNode="1533" EndNode="1543">
<Feature>
  <Name className="java.lang.String">string</Name>
  <Value className="java.lang.String">sufficient</Value>
</Feature>
</Annotation>
<Annotation Id="569" Type="Token" StartNode="1518" EndNode="1528">
<Feature>
  <Name className="java.lang.String">string</Name>
  <Value className="java.lang.String">operations</Value>
</Feature>
</Annotation>
<Annotation Id="514" Type="Token" StartNode="1362" EndNode="1368">
<Feature>
  <Name className="java.lang.String">string</Name>
  <Value className="java.lang.String">common</Value>
</Feature>
</Annotation>
<Annotation Id="523" Type="Token" StartNode="1383" EndNode="1392">
<Feature>
  <Name className="java.lang.String">string</Name>
  <Value className="java.lang.String">effective</Value>
</Feature>
</Annotation>
<Annotation Id="529" Type="Token" StartNode="1403" EndNode="1413">
<Feature>
  <Name className="java.lang.String">string</Name>
  <Value className="java.lang.String">preserving</Value>
</Feature>
</Annotation>
<Annotation Id="531" Type="Token" StartNode="1414" EndNode="1420">
<Feature>
  <Name className="java.lang.String">string</Name>
  <Value className="java.lang.String">public</Value>
</Feature>
</Annotation>
<Annotation Id="540" Type="Token" StartNode="1441" EndNode="1447">
<Feature>
  <Name className="java.lang.String">string</Name>
  <Value className="java.lang.String">safety</Value>
</Feature>
</Annotation>
<Annotation Id="537" Type="Token" StartNode="1431" EndNode="1439">
<Feature>
  <Name className="java.lang.String">string</Name>
  <Value className="java.lang.String">personal</Value>
</Feature>
</Annotation>
<Annotation Id="612" Type="Token" StartNode="1644" EndNode="1654">
<Feature>
  <Name className="java.lang.String">string</Name>
  <Value className="java.lang.String">proportion</Value>
</Feature>
</Annotation>
<Annotation Id="618" Type="Token" StartNode="1662" EndNode="1669">
<Feature>
  <Name className="java.lang.String">string</Name>
  <Value className="java.lang.String">keeping</Value>
</Feature>
</Annotation>
<Annotation Id="631" Type="Token" StartNode="1694" EndNode="1704">
<Feature>
  <Name className="java.lang.String">string</Name>
  <Value className="java.lang.String">protection</Value>
</Feature>
</Annotation>
<Annotation Id="589" Type="Token" StartNode="1575" EndNode="1586">
<Feature>
  <Name className="java.lang.String">string</Name>
  <Value className="java.lang.String">non-violent</Value>
</Feature>
</Annotation>
<Annotation Id="591" Type="Token" StartNode="1587" EndNode="1597">
<Feature>
  <Name className="java.lang.String">string</Name>
  <Value className="java.lang.String">provisions</Value>
</Feature>
</Annotation>
<Annotation Id="599" Type="Token" StartNode="1608" EndNode="1617">
<Feature>
  <Name className="java.lang.String">string</Name>
  <Value className="java.lang.String">preferred</Value>
</Feature>
</Annotation>
<Annotation Id="602" Type="Token" StartNode="1619" EndNode="1626">
<Feature>
  <Name className="java.lang.String">string</Name>
  <Value className="java.lang.String">because</Value>
</Feature>
</Annotation>
<Annotation Id="686" Type="Token" StartNode="1841" EndNode="1847">
<Feature>
  <Name className="java.lang.String">string</Name>
  <Value className="java.lang.String">always</Value>
</Feature>
</Annotation>
<Annotation Id="676" Type="Token" StartNode="1817" EndNode="1824">
<Feature>
  <Name className="java.lang.String">string</Name>
  <Value className="java.lang.String">remains</Value>
</Feature>
</Annotation>
<Annotation Id="674" Type="Token" StartNode="1806" EndNode="1816">
<Feature>
  <Name className="java.lang.String">string</Name>
  <Value className="java.lang.String">punishment</Value>
</Feature>
</Annotation>
<Annotation Id="672" Type="Token" StartNode="1798" EndNode="1805">
<Feature>
  <Name className="java.lang.String">string</Name>
  <Value className="java.lang.String">capital</Value>
</Feature>
</Annotation>
<Annotation Id="702" Type="Token" StartNode="1876" EndNode="1882">
<Feature>
  <Name className="java.lang.String">string</Name>
  <Value className="java.lang.String">accord</Value>
</Feature>
</Annotation>
<Annotation Id="651" Type="Token" StartNode="1742" EndNode="1749">
<Feature>
  <Name className="java.lang.String">string</Name>
  <Value className="java.lang.String">clearly</Value>
</Feature>
</Annotation>
<Annotation Id="641" Type="Token" StartNode="1724" EndNode="1731">
<Feature>
  <Name className="java.lang.String">string</Name>
  <Value className="java.lang.String">dignity</Value>
</Feature>
</Annotation>
<Annotation Id="668" Type="Token" StartNode="1786" EndNode="1794">
<Feature>
  <Name className="java.lang.String">string</Name>
  <Value className="java.lang.String">teaching</Value>
</Feature>
</Annotation>
<Annotation Id="664" Type="Token" StartNode="1777" EndNode="1783">
<Feature>
  <Name className="java.lang.String">string</Name>
  <Value className="java.lang.String">Church</Value>
</Feature>
</Annotation>
<Annotation Id="659" Type="Token" StartNode="1764" EndNode="1771">
<Feature>
  <Name className="java.lang.String">string</Name>
  <Value className="java.lang.String">excerpt</Value>
</Feature>
</Annotation>
<Annotation Id="744" Type="Token" StartNode="1983" EndNode="1989">
<Feature>
  <Name className="java.lang.String">string</Name>
  <Value className="java.lang.String">option</Value>
</Feature>
</Annotation>
<Annotation Id="748" Type="Token" StartNode="1993" EndNode="2004">
<Feature>
  <Name className="java.lang.String">string</Name>
  <Value className="java.lang.String">justifiable</Value>
</Feature>
</Annotation>
<Annotation Id="765" Type="Token" StartNode="2030" EndNode="2038">
<Feature>
  <Name className="java.lang.String">string</Name>
  <Value className="java.lang.String">biblical</Value>
</Feature>
</Annotation>
<Annotation Id="718" Type="Token" StartNode="1915" EndNode="1923">
<Feature>
  <Name className="java.lang.String">string</Name>
  <Value className="java.lang.String">disagree</Value>
</Feature>
</Annotation>
<Annotation Id="708" Type="Token" StartNode="1891" EndNode="1900">
<Feature>
  <Name className="java.lang.String">string</Name>
  <Value className="java.lang.String">sentiment</Value>
</Feature>
</Annotation>
<Annotation Id="728" Type="Token" StartNode="1940" EndNode="1946">
<Feature>
  <Name className="java.lang.String">string</Name>
  <Value className="java.lang.String">deadly</Value>
</Feature>
</Annotation>
<Annotation Id="823" Type="Token" StartNode="2189" EndNode="2196">
<Feature>
  <Name className="java.lang.String">string</Name>
  <Value className="java.lang.String">onsider</Value>
</Feature>
</Annotation>
<Annotation Id="804" Type="Token" StartNode="2135" EndNode="2143">
<Feature>
  <Name className="java.lang.String">string</Name>
  <Value className="java.lang.String">Catholic</Value>
</Feature>
</Annotation>
<Annotation Id="814" Type="Token" StartNode="2163" EndNode="2171">
<Feature>
  <Name className="java.lang.String">string</Name>
  <Value className="java.lang.String">abortion</Value>
</Feature>
</Annotation>
<Annotation Id="810" Type="Token" StartNode="2152" EndNode="2159">
<Feature>
  <Name className="java.lang.String">string</Name>
  <Value className="java.lang.String">opposed</Value>
</Feature>
</Annotation>
<Annotation Id="786" Type="Token" StartNode="2096" EndNode="2106">
<Feature>
  <Name className="java.lang.String">string</Name>
  <Value className="java.lang.String">punishment</Value>
</Feature>
</Annotation>
<Annotation Id="784" Type="Token" StartNode="2088" EndNode="2095">
<Feature>
  <Name className="java.lang.String">string</Name>
  <Value className="java.lang.String">capital</Value>
</Feature>
</Annotation>
<Annotation Id="771" Type="Token" StartNode="2049" EndNode="2062">
<Feature>
  <Name className="java.lang.String">string</Name>
  <Value className="java.lang.String">automatically</Value>
</Feature>
</Annotation>
<Annotation Id="780" Type="Token" StartNode="2076" EndNode="2083">
<Feature>
  <Name className="java.lang.String">string</Name>
  <Value className="java.lang.String">support</Value>
</Feature>
</Annotation>
<Annotation Id="882" Type="Token" StartNode="2324" EndNode="2333">
<Feature>
  <Name className="java.lang.String">string</Name>
  <Value className="java.lang.String">expounded</Value>
</Feature>
</Annotation>
<Annotation Id="888" Type="Token" StartNode="2341" EndNode="2351">
<Feature>
  <Name className="java.lang.String">string</Name>
  <Value className="java.lang.String">instrument</Value>
</Feature>
</Annotation>
<Annotation Id="894" Type="Token" StartNode="2359" EndNode="2366">
<Feature>
  <Name className="java.lang.String">string</Name>
  <Value className="java.lang.String">visible</Value>
</Feature>
</Annotation>
<Annotation Id="864" Type="Token" StartNode="2286" EndNode="2293">
<Feature>
  <Name className="java.lang.String">string</Name>
  <Value className="java.lang.String">conform</Value>
</Feature>
</Annotation>
<Annotation Id="853" Type="Token" StartNode="2263" EndNode="2272">
<Feature>
  <Name className="java.lang.String">string</Name>
  <Value className="java.lang.String">authority</Value>
</Feature>
</Annotation>
<Annotation Id="833" Type="Token" StartNode="2212" EndNode="2221">
<Feature>
  <Name className="java.lang.String">string</Name>
  <Value className="java.lang.String">something</Value>
</Feature>
</Annotation>
<Annotation Id="839" Type="Token" StartNode="2228" EndNode="2236">
<Feature>
  <Name className="java.lang.String">string</Name>
  <Value className="java.lang.String">objected</Value>
</Feature>
</Annotation>
<Annotation Id="847" Type="Token" StartNode="2248" EndNode="2257">
<Feature>
  <Name className="java.lang.String">string</Name>
  <Value className="java.lang.String">legalised</Value>
</Feature>
</Annotation>
<Annotation Id="946" Type="Token" StartNode="2498" EndNode="2504">
<Feature>
  <Name className="java.lang.String">string</Name>
  <Value className="java.lang.String">gatech</Value>
</Feature>
</Annotation>
<Annotation Id="938" Type="Token" StartNode="2474" EndNode="2483">
<Feature>
  <Name className="java.lang.String">string</Name>
  <Value className="java.lang.String">Catechist</Value>
</Feature>
</Annotation>
<Annotation Id="933" Type="Token" StartNode="2456" EndNode="2464">
<Feature>
  <Name className="java.lang.String">string</Name>
  <Value className="java.lang.String">Nicholas</Value>
</Feature>
</Annotation>
<Annotation Id="935" Type="Token" StartNode="2465" EndNode="2472">
<Feature>
  <Name className="java.lang.String">string</Name>
  <Value className="java.lang.String">Mandock</Value>
</Feature>
</Annotation>
<Annotation Id="929" Type="Token" StartNode="2445" EndNode="2451">
<Feature>
  <Name className="java.lang.String">string</Name>
  <Value className="java.lang.String">Randal</Value>
</Feature>
</Annotation>
<Annotation Id="918" Type="Token" StartNode="2429" EndNode="2435">
<Feature>
  <Name className="java.lang.String">string</Name>
  <Value className="java.lang.String">arises</Value>
</Feature>
</Annotation>
<Annotation Id="916" Type="Token" StartNode="2422" EndNode="2428">
<Feature>
  <Name className="java.lang.String">string</Name>
  <Value className="java.lang.String">morals</Value>
</Feature>
</Annotation>
<Annotation Id="908" Type="Token" StartNode="2401" EndNode="2409">
<Feature>
  <Name className="java.lang.String">string</Name>
  <Value className="java.lang.String">question</Value>
</Feature>
</Annotation>
<Annotation Id="904" Type="Token" StartNode="2388" EndNode="2396">
<Feature>
  <Name className="java.lang.String">string</Name>
  <Value className="java.lang.String">whenever</Value>
</Feature>
</Annotation>
<Annotation Id="896" Type="Token" StartNode="2367" EndNode="2373">
<Feature>
  <Name className="java.lang.String">string</Name>
  <Value className="java.lang.String">Church</Value>
</Feature>
</Annotation>
</AnnotationSet>
<AnnotationSet Name="Original markups"> </AnnotationSet>
</GateDocument>