<?xml version='1.0' encoding='UTF-8'?>
<GateDocument version="3">
<!-- The document's features-->

<GateDocumentFeatures>
<Feature>
  <Name className="java.lang.String">Original_document_content_on_load</Name>
  <Value className="java.lang.String">From: croaker@highlite.uucp (Francis A. Ney)
Message-ID: &lt;1993Apr19.204906.19037@highlite.uucp>
Organization: Gotham Communications Research
References: &lt;2001.150.uupcb@yob.sccsi.com> &lt;93106.21394634AEJ7D@CMUVM.BITNET>
Distribution: usa
Date: Mon, 19 Apr 1993 20:49:06 GMT
Lines: 10


I will add my voice to the (hopefully) growing multitudes.

I hereby pledge $1000.00 towards the purchase of CNN, under the same conditions
as already described.  I will also post this idea on the other nets I can 
access (RIME and Libernet).

We may have to organize this ourselves, so I am looking for help.

Frank Ney  N4ZHG  EMT-A  LPVa  NRA ILA GOA CCRTKBA 'M-O-U-S-E'
</Value>
</Feature>
<Feature>
  <Name className="java.lang.String">gate.SourceURL</Name>
  <Value className="java.lang.String">file:/C:/Users/jian/Documents/NetBeansProjects/NoiseReductionTechniques/mideastPoliticsMix/negative251</Value>
</Feature>
</GateDocumentFeatures>
<!-- The document content area with serialized nodes -->

<TextWithNodes><Node id="0"/>From<Node id="4"/>:<Node id="5"/> <Node id="6"/>croaker<Node id="13"/>@<Node id="14"/>highlite<Node id="22"/>.<Node id="23"/>uucp<Node id="27"/> <Node id="28"/>(<Node id="29"/>Francis<Node id="36"/> <Node id="37"/>A<Node id="38"/>.<Node id="39"/> <Node id="40"/>Ney<Node id="43"/>)<Node id="44"/>
<Node id="45"/>Message-<Node id="53"/>ID<Node id="55"/>:<Node id="56"/> <Node id="57"/>&lt;<Node id="58"/>1993<Node id="62"/>Apr<Node id="65"/>19<Node id="67"/>.<Node id="68"/>204906<Node id="74"/>.<Node id="75"/>19037<Node id="80"/>@<Node id="81"/>highlite<Node id="89"/>.<Node id="90"/>uucp<Node id="94"/>&gt;<Node id="95"/>
<Node id="96"/>Organization<Node id="108"/>:<Node id="109"/> <Node id="110"/>Gotham<Node id="116"/> <Node id="117"/>Communications<Node id="131"/> <Node id="132"/>Research<Node id="140"/>
<Node id="141"/>References<Node id="151"/>:<Node id="152"/> <Node id="153"/>&lt;<Node id="154"/>2001<Node id="158"/>.<Node id="159"/>150<Node id="162"/>.<Node id="163"/>uupcb<Node id="168"/>@<Node id="169"/>yob<Node id="172"/>.<Node id="173"/>sccsi<Node id="178"/>.<Node id="179"/>com<Node id="182"/>&gt;<Node id="183"/> <Node id="184"/>&lt;<Node id="185"/>93106<Node id="190"/>.<Node id="191"/>21394634<Node id="199"/>AEJ<Node id="202"/>7<Node id="203"/>D<Node id="204"/>@<Node id="205"/>CMUVM<Node id="210"/>.<Node id="211"/>BITNET<Node id="217"/>&gt;<Node id="218"/>
<Node id="219"/>Distribution<Node id="231"/>:<Node id="232"/> <Node id="233"/>usa<Node id="236"/>
<Node id="237"/>Date<Node id="241"/>:<Node id="242"/> <Node id="243"/>Mon<Node id="246"/>,<Node id="247"/> <Node id="248"/>19<Node id="250"/> <Node id="251"/>Apr<Node id="254"/> <Node id="255"/>1993<Node id="259"/> <Node id="260"/>20<Node id="262"/>:<Node id="263"/>49<Node id="265"/>:<Node id="266"/>06<Node id="268"/> <Node id="269"/>GMT<Node id="272"/>
<Node id="273"/>Lines<Node id="278"/>:<Node id="279"/> <Node id="280"/>10<Node id="282"/>
<Node id="283"/>
<Node id="284"/>
<Node id="285"/>I<Node id="286"/> <Node id="287"/>will<Node id="291"/> <Node id="292"/>add<Node id="295"/> <Node id="296"/>my<Node id="298"/> <Node id="299"/>voice<Node id="304"/> <Node id="305"/>to<Node id="307"/> <Node id="308"/>the<Node id="311"/> <Node id="312"/>(<Node id="313"/>hopefully<Node id="322"/>)<Node id="323"/> <Node id="324"/>growing<Node id="331"/> <Node id="332"/>multitudes<Node id="342"/>.<Node id="343"/>
<Node id="344"/>
<Node id="345"/>I<Node id="346"/> <Node id="347"/>hereby<Node id="353"/> <Node id="354"/>pledge<Node id="360"/> <Node id="361"/>$<Node id="362"/>1000<Node id="366"/>.<Node id="367"/>00<Node id="369"/> <Node id="370"/>towards<Node id="377"/> <Node id="378"/>the<Node id="381"/> <Node id="382"/>purchase<Node id="390"/> <Node id="391"/>of<Node id="393"/> <Node id="394"/>CNN<Node id="397"/>,<Node id="398"/> <Node id="399"/>under<Node id="404"/> <Node id="405"/>the<Node id="408"/> <Node id="409"/>same<Node id="413"/> <Node id="414"/>conditions<Node id="424"/>
<Node id="425"/>as<Node id="427"/> <Node id="428"/>already<Node id="435"/> <Node id="436"/>described<Node id="445"/>.<Node id="446"/> <Node id="447"/> <Node id="448"/>I<Node id="449"/> <Node id="450"/>will<Node id="454"/> <Node id="455"/>also<Node id="459"/> <Node id="460"/>post<Node id="464"/> <Node id="465"/>this<Node id="469"/> <Node id="470"/>idea<Node id="474"/> <Node id="475"/>on<Node id="477"/> <Node id="478"/>the<Node id="481"/> <Node id="482"/>other<Node id="487"/> <Node id="488"/>nets<Node id="492"/> <Node id="493"/>I<Node id="494"/> <Node id="495"/>can<Node id="498"/> <Node id="499"/>
<Node id="500"/>access<Node id="506"/> <Node id="507"/>(<Node id="508"/>RIME<Node id="512"/> <Node id="513"/>and<Node id="516"/> <Node id="517"/>Libernet<Node id="525"/>)<Node id="526"/>.<Node id="527"/>
<Node id="528"/>
<Node id="529"/>We<Node id="531"/> <Node id="532"/>may<Node id="535"/> <Node id="536"/>have<Node id="540"/> <Node id="541"/>to<Node id="543"/> <Node id="544"/>organize<Node id="552"/> <Node id="553"/>this<Node id="557"/> <Node id="558"/>ourselves<Node id="567"/>,<Node id="568"/> <Node id="569"/>so<Node id="571"/> <Node id="572"/>I<Node id="573"/> <Node id="574"/>am<Node id="576"/> <Node id="577"/>looking<Node id="584"/> <Node id="585"/>for<Node id="588"/> <Node id="589"/>help<Node id="593"/>.<Node id="594"/>
<Node id="595"/>
<Node id="596"/>Frank<Node id="601"/> <Node id="602"/>Ney<Node id="605"/> <Node id="606"/> <Node id="607"/>N<Node id="608"/>4<Node id="609"/>ZHG<Node id="612"/> <Node id="613"/> <Node id="614"/>EMT-A<Node id="619"/> <Node id="620"/> <Node id="621"/>LPVa<Node id="625"/> <Node id="626"/> <Node id="627"/>NRA<Node id="630"/> <Node id="631"/>ILA<Node id="634"/> <Node id="635"/>GOA<Node id="638"/> <Node id="639"/>CCRTKBA<Node id="646"/> <Node id="647"/>'<Node id="648"/>M-O-U-S-E<Node id="657"/>'<Node id="658"/>
<Node id="659"/></TextWithNodes>
<!-- The default annotation set -->

<AnnotationSet>
<Annotation EndNode="659" StartNode="0" Type="Mention" Id="9999999">
<Feature>
<Name classname="java.lang.String">Class</Name>
<Value classname="java.lang.String">0</Value>
</Feature>
</Annotation>

<Annotation Id="3" Type="Token" StartNode="6" EndNode="13">
<Feature>
  <Name className="java.lang.String">string</Name>
  <Value className="java.lang.String">croaker</Value>
</Feature>
</Annotation>
<Annotation Id="5" Type="Token" StartNode="14" EndNode="22">
<Feature>
  <Name className="java.lang.String">string</Name>
  <Value className="java.lang.String">highlite</Value>
</Feature>
</Annotation>
<Annotation Id="10" Type="Token" StartNode="29" EndNode="36">
<Feature>
  <Name className="java.lang.String">string</Name>
  <Value className="java.lang.String">Francis</Value>
</Feature>
</Annotation>
<Annotation Id="18" Type="Token" StartNode="45" EndNode="53">
<Feature>
  <Name className="java.lang.String">string</Name>
  <Value className="java.lang.String">Message-</Value>
</Feature>
</Annotation>
<Annotation Id="27" Type="Token" StartNode="68" EndNode="74">
</Annotation>
<Annotation Id="31" Type="Token" StartNode="81" EndNode="89">
<Feature>
  <Name className="java.lang.String">string</Name>
  <Value className="java.lang.String">highlite</Value>
</Feature>
</Annotation>
<Annotation Id="39" Type="Token" StartNode="110" EndNode="116">
<Feature>
  <Name className="java.lang.String">string</Name>
  <Value className="java.lang.String">Gotham</Value>
</Feature>
</Annotation>
<Annotation Id="36" Type="Token" StartNode="96" EndNode="108">
<Feature>
  <Name className="java.lang.String">string</Name>
  <Value className="java.lang.String">Organization</Value>
</Feature>
</Annotation>
<Annotation Id="43" Type="Token" StartNode="132" EndNode="140">
<Feature>
  <Name className="java.lang.String">string</Name>
  <Value className="java.lang.String">Research</Value>
</Feature>
</Annotation>
<Annotation Id="41" Type="Token" StartNode="117" EndNode="131">
<Feature>
  <Name className="java.lang.String">string</Name>
  <Value className="java.lang.String">Communications</Value>
</Feature>
</Annotation>
<Annotation Id="45" Type="Token" StartNode="141" EndNode="151">
<Feature>
  <Name className="java.lang.String">string</Name>
  <Value className="java.lang.String">References</Value>
</Feature>
</Annotation>
<Annotation Id="65" Type="Token" StartNode="191" EndNode="199">
</Annotation>
<Annotation Id="72" Type="Token" StartNode="211" EndNode="217">
<Feature>
  <Name className="java.lang.String">string</Name>
  <Value className="java.lang.String">BITNET</Value>
</Feature>
</Annotation>
<Annotation Id="75" Type="Token" StartNode="219" EndNode="231">
<Feature>
  <Name className="java.lang.String">string</Name>
  <Value className="java.lang.String">Distribution</Value>
</Feature>
</Annotation>
<Annotation Id="127" Type="Token" StartNode="332" EndNode="342">
<Feature>
  <Name className="java.lang.String">string</Name>
  <Value className="java.lang.String">multitudes</Value>
</Feature>
</Annotation>
<Annotation Id="125" Type="Token" StartNode="324" EndNode="331">
<Feature>
  <Name className="java.lang.String">string</Name>
  <Value className="java.lang.String">growing</Value>
</Feature>
</Annotation>
<Annotation Id="122" Type="Token" StartNode="313" EndNode="322">
<Feature>
  <Name className="java.lang.String">string</Name>
  <Value className="java.lang.String">hopefully</Value>
</Feature>
</Annotation>
<Annotation Id="142" Type="Token" StartNode="370" EndNode="377">
<Feature>
  <Name className="java.lang.String">string</Name>
  <Value className="java.lang.String">towards</Value>
</Feature>
</Annotation>
<Annotation Id="133" Type="Token" StartNode="347" EndNode="353">
<Feature>
  <Name className="java.lang.String">string</Name>
  <Value className="java.lang.String">hereby</Value>
</Feature>
</Annotation>
<Annotation Id="135" Type="Token" StartNode="354" EndNode="360">
<Feature>
  <Name className="java.lang.String">string</Name>
  <Value className="java.lang.String">pledge</Value>
</Feature>
</Annotation>
<Annotation Id="159" Type="Token" StartNode="414" EndNode="424">
<Feature>
  <Name className="java.lang.String">string</Name>
  <Value className="java.lang.String">conditions</Value>
</Feature>
</Annotation>
<Annotation Id="146" Type="Token" StartNode="382" EndNode="390">
<Feature>
  <Name className="java.lang.String">string</Name>
  <Value className="java.lang.String">purchase</Value>
</Feature>
</Annotation>
<Annotation Id="163" Type="Token" StartNode="428" EndNode="435">
<Feature>
  <Name className="java.lang.String">string</Name>
  <Value className="java.lang.String">already</Value>
</Feature>
</Annotation>
<Annotation Id="165" Type="Token" StartNode="436" EndNode="445">
<Feature>
  <Name className="java.lang.String">string</Name>
  <Value className="java.lang.String">described</Value>
</Feature>
</Annotation>
<Annotation Id="201" Type="Token" StartNode="517" EndNode="525">
<Feature>
  <Name className="java.lang.String">string</Name>
  <Value className="java.lang.String">Libernet</Value>
</Feature>
</Annotation>
<Annotation Id="194" Type="Token" StartNode="500" EndNode="506">
<Feature>
  <Name className="java.lang.String">string</Name>
  <Value className="java.lang.String">access</Value>
</Feature>
</Annotation>
<Annotation Id="218" Type="Token" StartNode="558" EndNode="567">
<Feature>
  <Name className="java.lang.String">string</Name>
  <Value className="java.lang.String">ourselves</Value>
</Feature>
</Annotation>
<Annotation Id="214" Type="Token" StartNode="544" EndNode="552">
<Feature>
  <Name className="java.lang.String">string</Name>
  <Value className="java.lang.String">organize</Value>
</Feature>
</Annotation>
<Annotation Id="227" Type="Token" StartNode="577" EndNode="584">
<Feature>
  <Name className="java.lang.String">string</Name>
  <Value className="java.lang.String">looking</Value>
</Feature>
</Annotation>
<Annotation Id="257" Type="Token" StartNode="639" EndNode="646">
<Feature>
  <Name className="java.lang.String">string</Name>
  <Value className="java.lang.String">CCRTKBA</Value>
</Feature>
</Annotation>
<Annotation Id="260" Type="Token" StartNode="648" EndNode="657">
<Feature>
  <Name className="java.lang.String">string</Name>
  <Value className="java.lang.String">M-O-U-S-E</Value>
</Feature>
</Annotation>
</AnnotationSet>
<AnnotationSet Name="Original markups"> </AnnotationSet>
</GateDocument>