<?xml version='1.0' encoding='UTF-8'?>
<GateDocument version="3">
<!-- The document's features-->

<GateDocumentFeatures>
<Feature>
  <Name className="java.lang.String">Original_document_content_on_load</Name>
  <Value className="java.lang.String">From: psyrobtw@ubvmsd.cc.buffalo.edu (Robert Weiss)
Message-ID: &lt;C5vGyD.H7s@acsu.buffalo.edu>
Date: 22 Apr 93 06:36:00 GMT
References: &lt;93111.074840LIBRBA@BYUVM.BITNET>
Sender: nntp@acsu.buffalo.edu
Organization: University at Buffalo
Lines: 86
News-Software: VAX/VMS VNEWS 1.41
Nntp-Posting-Host: ubvmsd.cc.buffalo.edu

In article &lt;93111.074840LIBRBA@BYUVM.BITNET>, LIBRBA@BYUVM.BITNET writes...

Rick Anderson writes:

ra>   Robert, you keep making references to "orthodox" belief, and saying
ra> things like "it is held that..." (cf. "Kermit" thread).  On what
ra> exact body of theology are you drawing for what you call "orthodox?"

     "Orthodox" is a compound word. It comes from 'orthos' (straight, true, 
     right) and from 'doxa' (opinion, doctrine, teaching). I use orthodox to 
     refer to 'right teaching.' Right teaching is derived from letting God 
     speak to us through the Bible. This can be from reading simple truths 
     in the Scriptures and by using the Bible to interpret the Bible.

ra> Who is that "holds that" Luke meant what you said he meant?

     I think that it is apparent from reading the Scriptures that are
     pertinent.

     Luke 23:43 records Christ's promise to the repentant thief who hung on
     an adjacent cross: "Truly I say to you, today you will be with Me in
     paradise." But was it not until later that Christ rose from the dead
     and ascended to heaven? If Christ Himself was not in heaven until
     Sunday, how could the repentant thief have been there with Him? The
     answer lies in the location of "paradise" when Jesus died.

     Apparently paradise was not exalted to heaven until Easter Day.

     Jesus refers to it in the middle of the story of the rich man and 
     Lazarus as "Abraham's Bosom," to which the godly beggar Lazarus was
     carried by the angels after his decease (Luke 16:19-31).  Thus
     "Abraham's Bosom" referred to the place where the souls of the redeemed
     waited till the day of Christ's Resurrection.

     It was not yet lifted to heaven but it may well have been a section of 
     hades (Hebrew: Sheol), reserved for believers who had died in the faith
     but would not be admitted into the glorious presence of God in heaven
     until the price of redemption had actually been paid on Calvary; or
     even that none would precede the presence of Jesus back to glory with
     the Father.

     Doubtless it was the infernal paradise that the souls of Jesus and the
     repentant thief repaired after they each died on Friday afternoon. But
     on Sunday, after the risen Christ had first appeared to Mary Magdalene
     (John 20:17) and her two companions (Matthew 28:9), presumably He then
     took up with Him to glory all the inhabitants of infernal paradise
     (including Abraham, Lazarus, and the repentant thief). We read in
     Ephesians 4:8 concerning Christ: "Ascending on high, He led captivity
     captive; He gave gifts unto men." Verse 9 continues: "But what does `He
     ascended' mean but that He also descended to the lowest parts of the
     earth?" -i.e., to hades. Verse 10 adds: "He who descended is the same
     as He who ascended above all the heavens." Presumably He led the whole
     band of liberated captives from hades (i.e., the whole population of
     preresurrection paradise) up to the glory of heaven.

ra> Whenever your personal interpretation of Biblical passages is
ra> challenged, your only response seems to be that one needs merely to
ra> "look at the Bible" in order to see the truth, but what of those who
ra> see Biblical things differently from you?

     I think that this characterization is faulty. Whenever my 'personal 
     interpretation' is questioned, I usually give a reason.

     As for those that see things differently, please, put forward where
     there is a valid difference, and we can discuss it. 

     I seem to be seeing from you the notion that any difference in how one 
     views the Bible is somehow legitimate, except, or course, for the stuff 
     that I glean from it. Put forward a contrary view and perhaps we can 
     have a discussion on that topic. But to decry something that I put 
     forward, without putting forward something else to discuss, and to 
     dismiss what I put forward while giving credence to other alleged views
     that have yet to be put forward is simply being contentious.

ra> Are we to simply assume that you are the only one who really
ra> understands it?

     If you believe that something that I have drawn from Scripture is 
     wrong, then please, show me from Scripture where it is wrong.  Simply 
     stating that there are other views is not a proof. Show it to me from 
     Scripture and then we can go on.


=============================
Robert Weiss
psyrobtw@ubvms.cc.buffalo.edu
</Value>
</Feature>
<Feature>
  <Name className="java.lang.String">gate.SourceURL</Name>
  <Value className="java.lang.String">file:/C:/Users/jian/Documents/NetBeansProjects/NoiseReductionTechniques/mideastPoliticsMix/negative1165</Value>
</Feature>
</GateDocumentFeatures>
<!-- The document content area with serialized nodes -->

<TextWithNodes><Node id="0"/>From<Node id="4"/>:<Node id="5"/> <Node id="6"/>psyrobtw<Node id="14"/>@<Node id="15"/>ubvmsd<Node id="21"/>.<Node id="22"/>cc<Node id="24"/>.<Node id="25"/>buffalo<Node id="32"/>.<Node id="33"/>edu<Node id="36"/> <Node id="37"/>(<Node id="38"/>Robert<Node id="44"/> <Node id="45"/>Weiss<Node id="50"/>)<Node id="51"/>
<Node id="52"/>Message-<Node id="60"/>ID<Node id="62"/>:<Node id="63"/> <Node id="64"/>&lt;<Node id="65"/>C<Node id="66"/>5<Node id="67"/>vGyD<Node id="71"/>.<Node id="72"/>H<Node id="73"/>7<Node id="74"/>s<Node id="75"/>@<Node id="76"/>acsu<Node id="80"/>.<Node id="81"/>buffalo<Node id="88"/>.<Node id="89"/>edu<Node id="92"/>&gt;<Node id="93"/>
<Node id="94"/>Date<Node id="98"/>:<Node id="99"/> <Node id="100"/>22<Node id="102"/> <Node id="103"/>Apr<Node id="106"/> <Node id="107"/>93<Node id="109"/> <Node id="110"/>06<Node id="112"/>:<Node id="113"/>36<Node id="115"/>:<Node id="116"/>00<Node id="118"/> <Node id="119"/>GMT<Node id="122"/>
<Node id="123"/>References<Node id="133"/>:<Node id="134"/> <Node id="135"/>&lt;<Node id="136"/>93111<Node id="141"/>.<Node id="142"/>074840<Node id="148"/>LIBRBA<Node id="154"/>@<Node id="155"/>BYUVM<Node id="160"/>.<Node id="161"/>BITNET<Node id="167"/>&gt;<Node id="168"/>
<Node id="169"/>Sender<Node id="175"/>:<Node id="176"/> <Node id="177"/>nntp<Node id="181"/>@<Node id="182"/>acsu<Node id="186"/>.<Node id="187"/>buffalo<Node id="194"/>.<Node id="195"/>edu<Node id="198"/>
<Node id="199"/>Organization<Node id="211"/>:<Node id="212"/> <Node id="213"/>University<Node id="223"/> <Node id="224"/>at<Node id="226"/> <Node id="227"/>Buffalo<Node id="234"/>
<Node id="235"/>Lines<Node id="240"/>:<Node id="241"/> <Node id="242"/>86<Node id="244"/>
<Node id="245"/>News-<Node id="250"/>Software<Node id="258"/>:<Node id="259"/> <Node id="260"/>VAX<Node id="263"/>/<Node id="264"/>VMS<Node id="267"/> <Node id="268"/>VNEWS<Node id="273"/> <Node id="274"/>1<Node id="275"/>.<Node id="276"/>41<Node id="278"/>
<Node id="279"/>Nntp-<Node id="284"/>Posting-<Node id="292"/>Host<Node id="296"/>:<Node id="297"/> <Node id="298"/>ubvmsd<Node id="304"/>.<Node id="305"/>cc<Node id="307"/>.<Node id="308"/>buffalo<Node id="315"/>.<Node id="316"/>edu<Node id="319"/>
<Node id="320"/>
<Node id="321"/>In<Node id="323"/> <Node id="324"/>article<Node id="331"/> <Node id="332"/>&lt;<Node id="333"/>93111<Node id="338"/>.<Node id="339"/>074840<Node id="345"/>LIBRBA<Node id="351"/>@<Node id="352"/>BYUVM<Node id="357"/>.<Node id="358"/>BITNET<Node id="364"/>&gt;<Node id="365"/>,<Node id="366"/> <Node id="367"/>LIBRBA<Node id="373"/>@<Node id="374"/>BYUVM<Node id="379"/>.<Node id="380"/>BITNET<Node id="386"/> <Node id="387"/>writes<Node id="393"/>.<Node id="394"/>.<Node id="395"/>.<Node id="396"/>
<Node id="397"/>
<Node id="398"/>Rick<Node id="402"/> <Node id="403"/>Anderson<Node id="411"/> <Node id="412"/>writes<Node id="418"/>:<Node id="419"/>
<Node id="420"/>
<Node id="421"/>ra<Node id="423"/>&gt;<Node id="424"/> <Node id="425"/> <Node id="426"/> <Node id="427"/>Robert<Node id="433"/>,<Node id="434"/> <Node id="435"/>you<Node id="438"/> <Node id="439"/>keep<Node id="443"/> <Node id="444"/>making<Node id="450"/> <Node id="451"/>references<Node id="461"/> <Node id="462"/>to<Node id="464"/> <Node id="465"/>"<Node id="466"/>orthodox<Node id="474"/>"<Node id="475"/> <Node id="476"/>belief<Node id="482"/>,<Node id="483"/> <Node id="484"/>and<Node id="487"/> <Node id="488"/>saying<Node id="494"/>
<Node id="495"/>ra<Node id="497"/>&gt;<Node id="498"/> <Node id="499"/>things<Node id="505"/> <Node id="506"/>like<Node id="510"/> <Node id="511"/>"<Node id="512"/>it<Node id="514"/> <Node id="515"/>is<Node id="517"/> <Node id="518"/>held<Node id="522"/> <Node id="523"/>that<Node id="527"/>.<Node id="528"/>.<Node id="529"/>.<Node id="530"/>"<Node id="531"/> <Node id="532"/>(<Node id="533"/>cf<Node id="535"/>.<Node id="536"/> <Node id="537"/>"<Node id="538"/>Kermit<Node id="544"/>"<Node id="545"/> <Node id="546"/>thread<Node id="552"/>)<Node id="553"/>.<Node id="554"/> <Node id="555"/> <Node id="556"/>On<Node id="558"/> <Node id="559"/>what<Node id="563"/>
<Node id="564"/>ra<Node id="566"/>&gt;<Node id="567"/> <Node id="568"/>exact<Node id="573"/> <Node id="574"/>body<Node id="578"/> <Node id="579"/>of<Node id="581"/> <Node id="582"/>theology<Node id="590"/> <Node id="591"/>are<Node id="594"/> <Node id="595"/>you<Node id="598"/> <Node id="599"/>drawing<Node id="606"/> <Node id="607"/>for<Node id="610"/> <Node id="611"/>what<Node id="615"/> <Node id="616"/>you<Node id="619"/> <Node id="620"/>call<Node id="624"/> <Node id="625"/>"<Node id="626"/>orthodox<Node id="634"/>?<Node id="635"/>"<Node id="636"/>
<Node id="637"/>
<Node id="638"/> <Node id="639"/> <Node id="640"/> <Node id="641"/> <Node id="642"/> <Node id="643"/>"<Node id="644"/>Orthodox<Node id="652"/>"<Node id="653"/> <Node id="654"/>is<Node id="656"/> <Node id="657"/>a<Node id="658"/> <Node id="659"/>compound<Node id="667"/> <Node id="668"/>word<Node id="672"/>.<Node id="673"/> <Node id="674"/>It<Node id="676"/> <Node id="677"/>comes<Node id="682"/> <Node id="683"/>from<Node id="687"/> <Node id="688"/>'<Node id="689"/>orthos<Node id="695"/>'<Node id="696"/> <Node id="697"/>(<Node id="698"/>straight<Node id="706"/>,<Node id="707"/> <Node id="708"/>true<Node id="712"/>,<Node id="713"/> <Node id="714"/>
<Node id="715"/> <Node id="716"/> <Node id="717"/> <Node id="718"/> <Node id="719"/> <Node id="720"/>right<Node id="725"/>)<Node id="726"/> <Node id="727"/>and<Node id="730"/> <Node id="731"/>from<Node id="735"/> <Node id="736"/>'<Node id="737"/>doxa<Node id="741"/>'<Node id="742"/> <Node id="743"/>(<Node id="744"/>opinion<Node id="751"/>,<Node id="752"/> <Node id="753"/>doctrine<Node id="761"/>,<Node id="762"/> <Node id="763"/>teaching<Node id="771"/>)<Node id="772"/>.<Node id="773"/> <Node id="774"/>I<Node id="775"/> <Node id="776"/>use<Node id="779"/> <Node id="780"/>orthodox<Node id="788"/> <Node id="789"/>to<Node id="791"/> <Node id="792"/>
<Node id="793"/> <Node id="794"/> <Node id="795"/> <Node id="796"/> <Node id="797"/> <Node id="798"/>refer<Node id="803"/> <Node id="804"/>to<Node id="806"/> <Node id="807"/>'<Node id="808"/>right<Node id="813"/> <Node id="814"/>teaching<Node id="822"/>.<Node id="823"/>'<Node id="824"/> <Node id="825"/>Right<Node id="830"/> <Node id="831"/>teaching<Node id="839"/> <Node id="840"/>is<Node id="842"/> <Node id="843"/>derived<Node id="850"/> <Node id="851"/>from<Node id="855"/> <Node id="856"/>letting<Node id="863"/> <Node id="864"/>God<Node id="867"/> <Node id="868"/>
<Node id="869"/> <Node id="870"/> <Node id="871"/> <Node id="872"/> <Node id="873"/> <Node id="874"/>speak<Node id="879"/> <Node id="880"/>to<Node id="882"/> <Node id="883"/>us<Node id="885"/> <Node id="886"/>through<Node id="893"/> <Node id="894"/>the<Node id="897"/> <Node id="898"/>Bible<Node id="903"/>.<Node id="904"/> <Node id="905"/>This<Node id="909"/> <Node id="910"/>can<Node id="913"/> <Node id="914"/>be<Node id="916"/> <Node id="917"/>from<Node id="921"/> <Node id="922"/>reading<Node id="929"/> <Node id="930"/>simple<Node id="936"/> <Node id="937"/>truths<Node id="943"/> <Node id="944"/>
<Node id="945"/> <Node id="946"/> <Node id="947"/> <Node id="948"/> <Node id="949"/> <Node id="950"/>in<Node id="952"/> <Node id="953"/>the<Node id="956"/> <Node id="957"/>Scriptures<Node id="967"/> <Node id="968"/>and<Node id="971"/> <Node id="972"/>by<Node id="974"/> <Node id="975"/>using<Node id="980"/> <Node id="981"/>the<Node id="984"/> <Node id="985"/>Bible<Node id="990"/> <Node id="991"/>to<Node id="993"/> <Node id="994"/>interpret<Node id="1003"/> <Node id="1004"/>the<Node id="1007"/> <Node id="1008"/>Bible<Node id="1013"/>.<Node id="1014"/>
<Node id="1015"/>
<Node id="1016"/>ra<Node id="1018"/>&gt;<Node id="1019"/> <Node id="1020"/>Who<Node id="1023"/> <Node id="1024"/>is<Node id="1026"/> <Node id="1027"/>that<Node id="1031"/> <Node id="1032"/>"<Node id="1033"/>holds<Node id="1038"/> <Node id="1039"/>that<Node id="1043"/>"<Node id="1044"/> <Node id="1045"/>Luke<Node id="1049"/> <Node id="1050"/>meant<Node id="1055"/> <Node id="1056"/>what<Node id="1060"/> <Node id="1061"/>you<Node id="1064"/> <Node id="1065"/>said<Node id="1069"/> <Node id="1070"/>he<Node id="1072"/> <Node id="1073"/>meant<Node id="1078"/>?<Node id="1079"/>
<Node id="1080"/>
<Node id="1081"/> <Node id="1082"/> <Node id="1083"/> <Node id="1084"/> <Node id="1085"/> <Node id="1086"/>I<Node id="1087"/> <Node id="1088"/>think<Node id="1093"/> <Node id="1094"/>that<Node id="1098"/> <Node id="1099"/>it<Node id="1101"/> <Node id="1102"/>is<Node id="1104"/> <Node id="1105"/>apparent<Node id="1113"/> <Node id="1114"/>from<Node id="1118"/> <Node id="1119"/>reading<Node id="1126"/> <Node id="1127"/>the<Node id="1130"/> <Node id="1131"/>Scriptures<Node id="1141"/> <Node id="1142"/>that<Node id="1146"/> <Node id="1147"/>are<Node id="1150"/>
<Node id="1151"/> <Node id="1152"/> <Node id="1153"/> <Node id="1154"/> <Node id="1155"/> <Node id="1156"/>pertinent<Node id="1165"/>.<Node id="1166"/>
<Node id="1167"/>
<Node id="1168"/> <Node id="1169"/> <Node id="1170"/> <Node id="1171"/> <Node id="1172"/> <Node id="1173"/>Luke<Node id="1177"/> <Node id="1178"/>23<Node id="1180"/>:<Node id="1181"/>43<Node id="1183"/> <Node id="1184"/>records<Node id="1191"/> <Node id="1192"/>Christ<Node id="1198"/>'s<Node id="1200"/> <Node id="1201"/>promise<Node id="1208"/> <Node id="1209"/>to<Node id="1211"/> <Node id="1212"/>the<Node id="1215"/> <Node id="1216"/>repentant<Node id="1225"/> <Node id="1226"/>thief<Node id="1231"/> <Node id="1232"/>who<Node id="1235"/> <Node id="1236"/>hung<Node id="1240"/> <Node id="1241"/>on<Node id="1243"/>
<Node id="1244"/> <Node id="1245"/> <Node id="1246"/> <Node id="1247"/> <Node id="1248"/> <Node id="1249"/>an<Node id="1251"/> <Node id="1252"/>adjacent<Node id="1260"/> <Node id="1261"/>cross<Node id="1266"/>:<Node id="1267"/> <Node id="1268"/>"<Node id="1269"/>Truly<Node id="1274"/> <Node id="1275"/>I<Node id="1276"/> <Node id="1277"/>say<Node id="1280"/> <Node id="1281"/>to<Node id="1283"/> <Node id="1284"/>you<Node id="1287"/>,<Node id="1288"/> <Node id="1289"/>today<Node id="1294"/> <Node id="1295"/>you<Node id="1298"/> <Node id="1299"/>will<Node id="1303"/> <Node id="1304"/>be<Node id="1306"/> <Node id="1307"/>with<Node id="1311"/> <Node id="1312"/>Me<Node id="1314"/> <Node id="1315"/>in<Node id="1317"/>
<Node id="1318"/> <Node id="1319"/> <Node id="1320"/> <Node id="1321"/> <Node id="1322"/> <Node id="1323"/>paradise<Node id="1331"/>.<Node id="1332"/>"<Node id="1333"/> <Node id="1334"/>But<Node id="1337"/> <Node id="1338"/>was<Node id="1341"/> <Node id="1342"/>it<Node id="1344"/> <Node id="1345"/>not<Node id="1348"/> <Node id="1349"/>until<Node id="1354"/> <Node id="1355"/>later<Node id="1360"/> <Node id="1361"/>that<Node id="1365"/> <Node id="1366"/>Christ<Node id="1372"/> <Node id="1373"/>rose<Node id="1377"/> <Node id="1378"/>from<Node id="1382"/> <Node id="1383"/>the<Node id="1386"/> <Node id="1387"/>dead<Node id="1391"/>
<Node id="1392"/> <Node id="1393"/> <Node id="1394"/> <Node id="1395"/> <Node id="1396"/> <Node id="1397"/>and<Node id="1400"/> <Node id="1401"/>ascended<Node id="1409"/> <Node id="1410"/>to<Node id="1412"/> <Node id="1413"/>heaven<Node id="1419"/>?<Node id="1420"/> <Node id="1421"/>If<Node id="1423"/> <Node id="1424"/>Christ<Node id="1430"/> <Node id="1431"/>Himself<Node id="1438"/> <Node id="1439"/>was<Node id="1442"/> <Node id="1443"/>not<Node id="1446"/> <Node id="1447"/>in<Node id="1449"/> <Node id="1450"/>heaven<Node id="1456"/> <Node id="1457"/>until<Node id="1462"/>
<Node id="1463"/> <Node id="1464"/> <Node id="1465"/> <Node id="1466"/> <Node id="1467"/> <Node id="1468"/>Sunday<Node id="1474"/>,<Node id="1475"/> <Node id="1476"/>how<Node id="1479"/> <Node id="1480"/>could<Node id="1485"/> <Node id="1486"/>the<Node id="1489"/> <Node id="1490"/>repentant<Node id="1499"/> <Node id="1500"/>thief<Node id="1505"/> <Node id="1506"/>have<Node id="1510"/> <Node id="1511"/>been<Node id="1515"/> <Node id="1516"/>there<Node id="1521"/> <Node id="1522"/>with<Node id="1526"/> <Node id="1527"/>Him<Node id="1530"/>?<Node id="1531"/> <Node id="1532"/>The<Node id="1535"/>
<Node id="1536"/> <Node id="1537"/> <Node id="1538"/> <Node id="1539"/> <Node id="1540"/> <Node id="1541"/>answer<Node id="1547"/> <Node id="1548"/>lies<Node id="1552"/> <Node id="1553"/>in<Node id="1555"/> <Node id="1556"/>the<Node id="1559"/> <Node id="1560"/>location<Node id="1568"/> <Node id="1569"/>of<Node id="1571"/> <Node id="1572"/>"<Node id="1573"/>paradise<Node id="1581"/>"<Node id="1582"/> <Node id="1583"/>when<Node id="1587"/> <Node id="1588"/>Jesus<Node id="1593"/> <Node id="1594"/>died<Node id="1598"/>.<Node id="1599"/>
<Node id="1600"/>
<Node id="1601"/> <Node id="1602"/> <Node id="1603"/> <Node id="1604"/> <Node id="1605"/> <Node id="1606"/>Apparently<Node id="1616"/> <Node id="1617"/>paradise<Node id="1625"/> <Node id="1626"/>was<Node id="1629"/> <Node id="1630"/>not<Node id="1633"/> <Node id="1634"/>exalted<Node id="1641"/> <Node id="1642"/>to<Node id="1644"/> <Node id="1645"/>heaven<Node id="1651"/> <Node id="1652"/>until<Node id="1657"/> <Node id="1658"/>Easter<Node id="1664"/> <Node id="1665"/>Day<Node id="1668"/>.<Node id="1669"/>
<Node id="1670"/>
<Node id="1671"/> <Node id="1672"/> <Node id="1673"/> <Node id="1674"/> <Node id="1675"/> <Node id="1676"/>Jesus<Node id="1681"/> <Node id="1682"/>refers<Node id="1688"/> <Node id="1689"/>to<Node id="1691"/> <Node id="1692"/>it<Node id="1694"/> <Node id="1695"/>in<Node id="1697"/> <Node id="1698"/>the<Node id="1701"/> <Node id="1702"/>middle<Node id="1708"/> <Node id="1709"/>of<Node id="1711"/> <Node id="1712"/>the<Node id="1715"/> <Node id="1716"/>story<Node id="1721"/> <Node id="1722"/>of<Node id="1724"/> <Node id="1725"/>the<Node id="1728"/> <Node id="1729"/>rich<Node id="1733"/> <Node id="1734"/>man<Node id="1737"/> <Node id="1738"/>and<Node id="1741"/> <Node id="1742"/>
<Node id="1743"/> <Node id="1744"/> <Node id="1745"/> <Node id="1746"/> <Node id="1747"/> <Node id="1748"/>Lazarus<Node id="1755"/> <Node id="1756"/>as<Node id="1758"/> <Node id="1759"/>"<Node id="1760"/>Abraham<Node id="1767"/>'s<Node id="1769"/> <Node id="1770"/>Bosom<Node id="1775"/>,<Node id="1776"/>"<Node id="1777"/> <Node id="1778"/>to<Node id="1780"/> <Node id="1781"/>which<Node id="1786"/> <Node id="1787"/>the<Node id="1790"/> <Node id="1791"/>godly<Node id="1796"/> <Node id="1797"/>beggar<Node id="1803"/> <Node id="1804"/>Lazarus<Node id="1811"/> <Node id="1812"/>was<Node id="1815"/>
<Node id="1816"/> <Node id="1817"/> <Node id="1818"/> <Node id="1819"/> <Node id="1820"/> <Node id="1821"/>carried<Node id="1828"/> <Node id="1829"/>by<Node id="1831"/> <Node id="1832"/>the<Node id="1835"/> <Node id="1836"/>angels<Node id="1842"/> <Node id="1843"/>after<Node id="1848"/> <Node id="1849"/>his<Node id="1852"/> <Node id="1853"/>decease<Node id="1860"/> <Node id="1861"/>(<Node id="1862"/>Luke<Node id="1866"/> <Node id="1867"/>16<Node id="1869"/>:<Node id="1870"/>19<Node id="1872"/>-<Node id="1873"/>31<Node id="1875"/>)<Node id="1876"/>.<Node id="1877"/> <Node id="1878"/> <Node id="1879"/>Thus<Node id="1883"/>
<Node id="1884"/> <Node id="1885"/> <Node id="1886"/> <Node id="1887"/> <Node id="1888"/> <Node id="1889"/>"<Node id="1890"/>Abraham<Node id="1897"/>'s<Node id="1899"/> <Node id="1900"/>Bosom<Node id="1905"/>"<Node id="1906"/> <Node id="1907"/>referred<Node id="1915"/> <Node id="1916"/>to<Node id="1918"/> <Node id="1919"/>the<Node id="1922"/> <Node id="1923"/>place<Node id="1928"/> <Node id="1929"/>where<Node id="1934"/> <Node id="1935"/>the<Node id="1938"/> <Node id="1939"/>souls<Node id="1944"/> <Node id="1945"/>of<Node id="1947"/> <Node id="1948"/>the<Node id="1951"/> <Node id="1952"/>redeemed<Node id="1960"/>
<Node id="1961"/> <Node id="1962"/> <Node id="1963"/> <Node id="1964"/> <Node id="1965"/> <Node id="1966"/>waited<Node id="1972"/> <Node id="1973"/>till<Node id="1977"/> <Node id="1978"/>the<Node id="1981"/> <Node id="1982"/>day<Node id="1985"/> <Node id="1986"/>of<Node id="1988"/> <Node id="1989"/>Christ<Node id="1995"/>'s<Node id="1997"/> <Node id="1998"/>Resurrection<Node id="2010"/>.<Node id="2011"/>
<Node id="2012"/>
<Node id="2013"/> <Node id="2014"/> <Node id="2015"/> <Node id="2016"/> <Node id="2017"/> <Node id="2018"/>It<Node id="2020"/> <Node id="2021"/>was<Node id="2024"/> <Node id="2025"/>not<Node id="2028"/> <Node id="2029"/>yet<Node id="2032"/> <Node id="2033"/>lifted<Node id="2039"/> <Node id="2040"/>to<Node id="2042"/> <Node id="2043"/>heaven<Node id="2049"/> <Node id="2050"/>but<Node id="2053"/> <Node id="2054"/>it<Node id="2056"/> <Node id="2057"/>may<Node id="2060"/> <Node id="2061"/>well<Node id="2065"/> <Node id="2066"/>have<Node id="2070"/> <Node id="2071"/>been<Node id="2075"/> <Node id="2076"/>a<Node id="2077"/> <Node id="2078"/>section<Node id="2085"/> <Node id="2086"/>of<Node id="2088"/> <Node id="2089"/>
<Node id="2090"/> <Node id="2091"/> <Node id="2092"/> <Node id="2093"/> <Node id="2094"/> <Node id="2095"/>hades<Node id="2100"/> <Node id="2101"/>(<Node id="2102"/>Hebrew<Node id="2108"/>:<Node id="2109"/> <Node id="2110"/>Sheol<Node id="2115"/>)<Node id="2116"/>,<Node id="2117"/> <Node id="2118"/>reserved<Node id="2126"/> <Node id="2127"/>for<Node id="2130"/> <Node id="2131"/>believers<Node id="2140"/> <Node id="2141"/>who<Node id="2144"/> <Node id="2145"/>had<Node id="2148"/> <Node id="2149"/>died<Node id="2153"/> <Node id="2154"/>in<Node id="2156"/> <Node id="2157"/>the<Node id="2160"/> <Node id="2161"/>faith<Node id="2166"/>
<Node id="2167"/> <Node id="2168"/> <Node id="2169"/> <Node id="2170"/> <Node id="2171"/> <Node id="2172"/>but<Node id="2175"/> <Node id="2176"/>would<Node id="2181"/> <Node id="2182"/>not<Node id="2185"/> <Node id="2186"/>be<Node id="2188"/> <Node id="2189"/>admitted<Node id="2197"/> <Node id="2198"/>into<Node id="2202"/> <Node id="2203"/>the<Node id="2206"/> <Node id="2207"/>glorious<Node id="2215"/> <Node id="2216"/>presence<Node id="2224"/> <Node id="2225"/>of<Node id="2227"/> <Node id="2228"/>God<Node id="2231"/> <Node id="2232"/>in<Node id="2234"/> <Node id="2235"/>heaven<Node id="2241"/>
<Node id="2242"/> <Node id="2243"/> <Node id="2244"/> <Node id="2245"/> <Node id="2246"/> <Node id="2247"/>until<Node id="2252"/> <Node id="2253"/>the<Node id="2256"/> <Node id="2257"/>price<Node id="2262"/> <Node id="2263"/>of<Node id="2265"/> <Node id="2266"/>redemption<Node id="2276"/> <Node id="2277"/>had<Node id="2280"/> <Node id="2281"/>actually<Node id="2289"/> <Node id="2290"/>been<Node id="2294"/> <Node id="2295"/>paid<Node id="2299"/> <Node id="2300"/>on<Node id="2302"/> <Node id="2303"/>Calvary<Node id="2310"/>;<Node id="2311"/> <Node id="2312"/>or<Node id="2314"/>
<Node id="2315"/> <Node id="2316"/> <Node id="2317"/> <Node id="2318"/> <Node id="2319"/> <Node id="2320"/>even<Node id="2324"/> <Node id="2325"/>that<Node id="2329"/> <Node id="2330"/>none<Node id="2334"/> <Node id="2335"/>would<Node id="2340"/> <Node id="2341"/>precede<Node id="2348"/> <Node id="2349"/>the<Node id="2352"/> <Node id="2353"/>presence<Node id="2361"/> <Node id="2362"/>of<Node id="2364"/> <Node id="2365"/>Jesus<Node id="2370"/> <Node id="2371"/>back<Node id="2375"/> <Node id="2376"/>to<Node id="2378"/> <Node id="2379"/>glory<Node id="2384"/> <Node id="2385"/>with<Node id="2389"/>
<Node id="2390"/> <Node id="2391"/> <Node id="2392"/> <Node id="2393"/> <Node id="2394"/> <Node id="2395"/>the<Node id="2398"/> <Node id="2399"/>Father<Node id="2405"/>.<Node id="2406"/>
<Node id="2407"/>
<Node id="2408"/> <Node id="2409"/> <Node id="2410"/> <Node id="2411"/> <Node id="2412"/> <Node id="2413"/>Doubtless<Node id="2422"/> <Node id="2423"/>it<Node id="2425"/> <Node id="2426"/>was<Node id="2429"/> <Node id="2430"/>the<Node id="2433"/> <Node id="2434"/>infernal<Node id="2442"/> <Node id="2443"/>paradise<Node id="2451"/> <Node id="2452"/>that<Node id="2456"/> <Node id="2457"/>the<Node id="2460"/> <Node id="2461"/>souls<Node id="2466"/> <Node id="2467"/>of<Node id="2469"/> <Node id="2470"/>Jesus<Node id="2475"/> <Node id="2476"/>and<Node id="2479"/> <Node id="2480"/>the<Node id="2483"/>
<Node id="2484"/> <Node id="2485"/> <Node id="2486"/> <Node id="2487"/> <Node id="2488"/> <Node id="2489"/>repentant<Node id="2498"/> <Node id="2499"/>thief<Node id="2504"/> <Node id="2505"/>repaired<Node id="2513"/> <Node id="2514"/>after<Node id="2519"/> <Node id="2520"/>they<Node id="2524"/> <Node id="2525"/>each<Node id="2529"/> <Node id="2530"/>died<Node id="2534"/> <Node id="2535"/>on<Node id="2537"/> <Node id="2538"/>Friday<Node id="2544"/> <Node id="2545"/>afternoon<Node id="2554"/>.<Node id="2555"/> <Node id="2556"/>But<Node id="2559"/>
<Node id="2560"/> <Node id="2561"/> <Node id="2562"/> <Node id="2563"/> <Node id="2564"/> <Node id="2565"/>on<Node id="2567"/> <Node id="2568"/>Sunday<Node id="2574"/>,<Node id="2575"/> <Node id="2576"/>after<Node id="2581"/> <Node id="2582"/>the<Node id="2585"/> <Node id="2586"/>risen<Node id="2591"/> <Node id="2592"/>Christ<Node id="2598"/> <Node id="2599"/>had<Node id="2602"/> <Node id="2603"/>first<Node id="2608"/> <Node id="2609"/>appeared<Node id="2617"/> <Node id="2618"/>to<Node id="2620"/> <Node id="2621"/>Mary<Node id="2625"/> <Node id="2626"/>Magdalene<Node id="2635"/>
<Node id="2636"/> <Node id="2637"/> <Node id="2638"/> <Node id="2639"/> <Node id="2640"/> <Node id="2641"/>(<Node id="2642"/>John<Node id="2646"/> <Node id="2647"/>20<Node id="2649"/>:<Node id="2650"/>17<Node id="2652"/>)<Node id="2653"/> <Node id="2654"/>and<Node id="2657"/> <Node id="2658"/>her<Node id="2661"/> <Node id="2662"/>two<Node id="2665"/> <Node id="2666"/>companions<Node id="2676"/> <Node id="2677"/>(<Node id="2678"/>Matthew<Node id="2685"/> <Node id="2686"/>28<Node id="2688"/>:<Node id="2689"/>9<Node id="2690"/>)<Node id="2691"/>,<Node id="2692"/> <Node id="2693"/>presumably<Node id="2703"/> <Node id="2704"/>He<Node id="2706"/> <Node id="2707"/>then<Node id="2711"/>
<Node id="2712"/> <Node id="2713"/> <Node id="2714"/> <Node id="2715"/> <Node id="2716"/> <Node id="2717"/>took<Node id="2721"/> <Node id="2722"/>up<Node id="2724"/> <Node id="2725"/>with<Node id="2729"/> <Node id="2730"/>Him<Node id="2733"/> <Node id="2734"/>to<Node id="2736"/> <Node id="2737"/>glory<Node id="2742"/> <Node id="2743"/>all<Node id="2746"/> <Node id="2747"/>the<Node id="2750"/> <Node id="2751"/>inhabitants<Node id="2762"/> <Node id="2763"/>of<Node id="2765"/> <Node id="2766"/>infernal<Node id="2774"/> <Node id="2775"/>paradise<Node id="2783"/>
<Node id="2784"/> <Node id="2785"/> <Node id="2786"/> <Node id="2787"/> <Node id="2788"/> <Node id="2789"/>(<Node id="2790"/>including<Node id="2799"/> <Node id="2800"/>Abraham<Node id="2807"/>,<Node id="2808"/> <Node id="2809"/>Lazarus<Node id="2816"/>,<Node id="2817"/> <Node id="2818"/>and<Node id="2821"/> <Node id="2822"/>the<Node id="2825"/> <Node id="2826"/>repentant<Node id="2835"/> <Node id="2836"/>thief<Node id="2841"/>)<Node id="2842"/>.<Node id="2843"/> <Node id="2844"/>We<Node id="2846"/> <Node id="2847"/>read<Node id="2851"/> <Node id="2852"/>in<Node id="2854"/>
<Node id="2855"/> <Node id="2856"/> <Node id="2857"/> <Node id="2858"/> <Node id="2859"/> <Node id="2860"/>Ephesians<Node id="2869"/> <Node id="2870"/>4<Node id="2871"/>:<Node id="2872"/>8<Node id="2873"/> <Node id="2874"/>concerning<Node id="2884"/> <Node id="2885"/>Christ<Node id="2891"/>:<Node id="2892"/> <Node id="2893"/>"<Node id="2894"/>Ascending<Node id="2903"/> <Node id="2904"/>on<Node id="2906"/> <Node id="2907"/>high<Node id="2911"/>,<Node id="2912"/> <Node id="2913"/>He<Node id="2915"/> <Node id="2916"/>led<Node id="2919"/> <Node id="2920"/>captivity<Node id="2929"/>
<Node id="2930"/> <Node id="2931"/> <Node id="2932"/> <Node id="2933"/> <Node id="2934"/> <Node id="2935"/>captive<Node id="2942"/>;<Node id="2943"/> <Node id="2944"/>He<Node id="2946"/> <Node id="2947"/>gave<Node id="2951"/> <Node id="2952"/>gifts<Node id="2957"/> <Node id="2958"/>unto<Node id="2962"/> <Node id="2963"/>men<Node id="2966"/>.<Node id="2967"/>"<Node id="2968"/> <Node id="2969"/>Verse<Node id="2974"/> <Node id="2975"/>9<Node id="2976"/> <Node id="2977"/>continues<Node id="2986"/>:<Node id="2987"/> <Node id="2988"/>"<Node id="2989"/>But<Node id="2992"/> <Node id="2993"/>what<Node id="2997"/> <Node id="2998"/>does<Node id="3002"/> <Node id="3003"/>`<Node id="3004"/>He<Node id="3006"/>
<Node id="3007"/> <Node id="3008"/> <Node id="3009"/> <Node id="3010"/> <Node id="3011"/> <Node id="3012"/>ascended<Node id="3020"/>'<Node id="3021"/> <Node id="3022"/>mean<Node id="3026"/> <Node id="3027"/>but<Node id="3030"/> <Node id="3031"/>that<Node id="3035"/> <Node id="3036"/>He<Node id="3038"/> <Node id="3039"/>also<Node id="3043"/> <Node id="3044"/>descended<Node id="3053"/> <Node id="3054"/>to<Node id="3056"/> <Node id="3057"/>the<Node id="3060"/> <Node id="3061"/>lowest<Node id="3067"/> <Node id="3068"/>parts<Node id="3073"/> <Node id="3074"/>of<Node id="3076"/> <Node id="3077"/>the<Node id="3080"/>
<Node id="3081"/> <Node id="3082"/> <Node id="3083"/> <Node id="3084"/> <Node id="3085"/> <Node id="3086"/>earth<Node id="3091"/>?<Node id="3092"/>"<Node id="3093"/> <Node id="3094"/>-<Node id="3095"/>i<Node id="3096"/>.<Node id="3097"/>e<Node id="3098"/>.<Node id="3099"/>,<Node id="3100"/> <Node id="3101"/>to<Node id="3103"/> <Node id="3104"/>hades<Node id="3109"/>.<Node id="3110"/> <Node id="3111"/>Verse<Node id="3116"/> <Node id="3117"/>10<Node id="3119"/> <Node id="3120"/>adds<Node id="3124"/>:<Node id="3125"/> <Node id="3126"/>"<Node id="3127"/>He<Node id="3129"/> <Node id="3130"/>who<Node id="3133"/> <Node id="3134"/>descended<Node id="3143"/> <Node id="3144"/>is<Node id="3146"/> <Node id="3147"/>the<Node id="3150"/> <Node id="3151"/>same<Node id="3155"/>
<Node id="3156"/> <Node id="3157"/> <Node id="3158"/> <Node id="3159"/> <Node id="3160"/> <Node id="3161"/>as<Node id="3163"/> <Node id="3164"/>He<Node id="3166"/> <Node id="3167"/>who<Node id="3170"/> <Node id="3171"/>ascended<Node id="3179"/> <Node id="3180"/>above<Node id="3185"/> <Node id="3186"/>all<Node id="3189"/> <Node id="3190"/>the<Node id="3193"/> <Node id="3194"/>heavens<Node id="3201"/>.<Node id="3202"/>"<Node id="3203"/> <Node id="3204"/>Presumably<Node id="3214"/> <Node id="3215"/>He<Node id="3217"/> <Node id="3218"/>led<Node id="3221"/> <Node id="3222"/>the<Node id="3225"/> <Node id="3226"/>whole<Node id="3231"/>
<Node id="3232"/> <Node id="3233"/> <Node id="3234"/> <Node id="3235"/> <Node id="3236"/> <Node id="3237"/>band<Node id="3241"/> <Node id="3242"/>of<Node id="3244"/> <Node id="3245"/>liberated<Node id="3254"/> <Node id="3255"/>captives<Node id="3263"/> <Node id="3264"/>from<Node id="3268"/> <Node id="3269"/>hades<Node id="3274"/> <Node id="3275"/>(<Node id="3276"/>i<Node id="3277"/>.<Node id="3278"/>e<Node id="3279"/>.<Node id="3280"/>,<Node id="3281"/> <Node id="3282"/>the<Node id="3285"/> <Node id="3286"/>whole<Node id="3291"/> <Node id="3292"/>population<Node id="3302"/> <Node id="3303"/>of<Node id="3305"/>
<Node id="3306"/> <Node id="3307"/> <Node id="3308"/> <Node id="3309"/> <Node id="3310"/> <Node id="3311"/>preresurrection<Node id="3326"/> <Node id="3327"/>paradise<Node id="3335"/>)<Node id="3336"/> <Node id="3337"/>up<Node id="3339"/> <Node id="3340"/>to<Node id="3342"/> <Node id="3343"/>the<Node id="3346"/> <Node id="3347"/>glory<Node id="3352"/> <Node id="3353"/>of<Node id="3355"/> <Node id="3356"/>heaven<Node id="3362"/>.<Node id="3363"/>
<Node id="3364"/>
<Node id="3365"/>ra<Node id="3367"/>&gt;<Node id="3368"/> <Node id="3369"/>Whenever<Node id="3377"/> <Node id="3378"/>your<Node id="3382"/> <Node id="3383"/>personal<Node id="3391"/> <Node id="3392"/>interpretation<Node id="3406"/> <Node id="3407"/>of<Node id="3409"/> <Node id="3410"/>Biblical<Node id="3418"/> <Node id="3419"/>passages<Node id="3427"/> <Node id="3428"/>is<Node id="3430"/>
<Node id="3431"/>ra<Node id="3433"/>&gt;<Node id="3434"/> <Node id="3435"/>challenged<Node id="3445"/>,<Node id="3446"/> <Node id="3447"/>your<Node id="3451"/> <Node id="3452"/>only<Node id="3456"/> <Node id="3457"/>response<Node id="3465"/> <Node id="3466"/>seems<Node id="3471"/> <Node id="3472"/>to<Node id="3474"/> <Node id="3475"/>be<Node id="3477"/> <Node id="3478"/>that<Node id="3482"/> <Node id="3483"/>one<Node id="3486"/> <Node id="3487"/>needs<Node id="3492"/> <Node id="3493"/>merely<Node id="3499"/> <Node id="3500"/>to<Node id="3502"/>
<Node id="3503"/>ra<Node id="3505"/>&gt;<Node id="3506"/> <Node id="3507"/>"<Node id="3508"/>look<Node id="3512"/> <Node id="3513"/>at<Node id="3515"/> <Node id="3516"/>the<Node id="3519"/> <Node id="3520"/>Bible<Node id="3525"/>"<Node id="3526"/> <Node id="3527"/>in<Node id="3529"/> <Node id="3530"/>order<Node id="3535"/> <Node id="3536"/>to<Node id="3538"/> <Node id="3539"/>see<Node id="3542"/> <Node id="3543"/>the<Node id="3546"/> <Node id="3547"/>truth<Node id="3552"/>,<Node id="3553"/> <Node id="3554"/>but<Node id="3557"/> <Node id="3558"/>what<Node id="3562"/> <Node id="3563"/>of<Node id="3565"/> <Node id="3566"/>those<Node id="3571"/> <Node id="3572"/>who<Node id="3575"/>
<Node id="3576"/>ra<Node id="3578"/>&gt;<Node id="3579"/> <Node id="3580"/>see<Node id="3583"/> <Node id="3584"/>Biblical<Node id="3592"/> <Node id="3593"/>things<Node id="3599"/> <Node id="3600"/>differently<Node id="3611"/> <Node id="3612"/>from<Node id="3616"/> <Node id="3617"/>you<Node id="3620"/>?<Node id="3621"/>
<Node id="3622"/>
<Node id="3623"/> <Node id="3624"/> <Node id="3625"/> <Node id="3626"/> <Node id="3627"/> <Node id="3628"/>I<Node id="3629"/> <Node id="3630"/>think<Node id="3635"/> <Node id="3636"/>that<Node id="3640"/> <Node id="3641"/>this<Node id="3645"/> <Node id="3646"/>characterization<Node id="3662"/> <Node id="3663"/>is<Node id="3665"/> <Node id="3666"/>faulty<Node id="3672"/>.<Node id="3673"/> <Node id="3674"/>Whenever<Node id="3682"/> <Node id="3683"/>my<Node id="3685"/> <Node id="3686"/>'<Node id="3687"/>personal<Node id="3695"/> <Node id="3696"/>
<Node id="3697"/> <Node id="3698"/> <Node id="3699"/> <Node id="3700"/> <Node id="3701"/> <Node id="3702"/>interpretation<Node id="3716"/>'<Node id="3717"/> <Node id="3718"/>is<Node id="3720"/> <Node id="3721"/>questioned<Node id="3731"/>,<Node id="3732"/> <Node id="3733"/>I<Node id="3734"/> <Node id="3735"/>usually<Node id="3742"/> <Node id="3743"/>give<Node id="3747"/> <Node id="3748"/>a<Node id="3749"/> <Node id="3750"/>reason<Node id="3756"/>.<Node id="3757"/>
<Node id="3758"/>
<Node id="3759"/> <Node id="3760"/> <Node id="3761"/> <Node id="3762"/> <Node id="3763"/> <Node id="3764"/>As<Node id="3766"/> <Node id="3767"/>for<Node id="3770"/> <Node id="3771"/>those<Node id="3776"/> <Node id="3777"/>that<Node id="3781"/> <Node id="3782"/>see<Node id="3785"/> <Node id="3786"/>things<Node id="3792"/> <Node id="3793"/>differently<Node id="3804"/>,<Node id="3805"/> <Node id="3806"/>please<Node id="3812"/>,<Node id="3813"/> <Node id="3814"/>put<Node id="3817"/> <Node id="3818"/>forward<Node id="3825"/> <Node id="3826"/>where<Node id="3831"/>
<Node id="3832"/> <Node id="3833"/> <Node id="3834"/> <Node id="3835"/> <Node id="3836"/> <Node id="3837"/>there<Node id="3842"/> <Node id="3843"/>is<Node id="3845"/> <Node id="3846"/>a<Node id="3847"/> <Node id="3848"/>valid<Node id="3853"/> <Node id="3854"/>difference<Node id="3864"/>,<Node id="3865"/> <Node id="3866"/>and<Node id="3869"/> <Node id="3870"/>we<Node id="3872"/> <Node id="3873"/>can<Node id="3876"/> <Node id="3877"/>discuss<Node id="3884"/> <Node id="3885"/>it<Node id="3887"/>.<Node id="3888"/> <Node id="3889"/>
<Node id="3890"/>
<Node id="3891"/> <Node id="3892"/> <Node id="3893"/> <Node id="3894"/> <Node id="3895"/> <Node id="3896"/>I<Node id="3897"/> <Node id="3898"/>seem<Node id="3902"/> <Node id="3903"/>to<Node id="3905"/> <Node id="3906"/>be<Node id="3908"/> <Node id="3909"/>seeing<Node id="3915"/> <Node id="3916"/>from<Node id="3920"/> <Node id="3921"/>you<Node id="3924"/> <Node id="3925"/>the<Node id="3928"/> <Node id="3929"/>notion<Node id="3935"/> <Node id="3936"/>that<Node id="3940"/> <Node id="3941"/>any<Node id="3944"/> <Node id="3945"/>difference<Node id="3955"/> <Node id="3956"/>in<Node id="3958"/> <Node id="3959"/>how<Node id="3962"/> <Node id="3963"/>one<Node id="3966"/> <Node id="3967"/>
<Node id="3968"/> <Node id="3969"/> <Node id="3970"/> <Node id="3971"/> <Node id="3972"/> <Node id="3973"/>views<Node id="3978"/> <Node id="3979"/>the<Node id="3982"/> <Node id="3983"/>Bible<Node id="3988"/> <Node id="3989"/>is<Node id="3991"/> <Node id="3992"/>somehow<Node id="3999"/> <Node id="4000"/>legitimate<Node id="4010"/>,<Node id="4011"/> <Node id="4012"/>except<Node id="4018"/>,<Node id="4019"/> <Node id="4020"/>or<Node id="4022"/> <Node id="4023"/>course<Node id="4029"/>,<Node id="4030"/> <Node id="4031"/>for<Node id="4034"/> <Node id="4035"/>the<Node id="4038"/> <Node id="4039"/>stuff<Node id="4044"/> <Node id="4045"/>
<Node id="4046"/> <Node id="4047"/> <Node id="4048"/> <Node id="4049"/> <Node id="4050"/> <Node id="4051"/>that<Node id="4055"/> <Node id="4056"/>I<Node id="4057"/> <Node id="4058"/>glean<Node id="4063"/> <Node id="4064"/>from<Node id="4068"/> <Node id="4069"/>it<Node id="4071"/>.<Node id="4072"/> <Node id="4073"/>Put<Node id="4076"/> <Node id="4077"/>forward<Node id="4084"/> <Node id="4085"/>a<Node id="4086"/> <Node id="4087"/>contrary<Node id="4095"/> <Node id="4096"/>view<Node id="4100"/> <Node id="4101"/>and<Node id="4104"/> <Node id="4105"/>perhaps<Node id="4112"/> <Node id="4113"/>we<Node id="4115"/> <Node id="4116"/>can<Node id="4119"/> <Node id="4120"/>
<Node id="4121"/> <Node id="4122"/> <Node id="4123"/> <Node id="4124"/> <Node id="4125"/> <Node id="4126"/>have<Node id="4130"/> <Node id="4131"/>a<Node id="4132"/> <Node id="4133"/>discussion<Node id="4143"/> <Node id="4144"/>on<Node id="4146"/> <Node id="4147"/>that<Node id="4151"/> <Node id="4152"/>topic<Node id="4157"/>.<Node id="4158"/> <Node id="4159"/>But<Node id="4162"/> <Node id="4163"/>to<Node id="4165"/> <Node id="4166"/>decry<Node id="4171"/> <Node id="4172"/>something<Node id="4181"/> <Node id="4182"/>that<Node id="4186"/> <Node id="4187"/>I<Node id="4188"/> <Node id="4189"/>put<Node id="4192"/> <Node id="4193"/>
<Node id="4194"/> <Node id="4195"/> <Node id="4196"/> <Node id="4197"/> <Node id="4198"/> <Node id="4199"/>forward<Node id="4206"/>,<Node id="4207"/> <Node id="4208"/>without<Node id="4215"/> <Node id="4216"/>putting<Node id="4223"/> <Node id="4224"/>forward<Node id="4231"/> <Node id="4232"/>something<Node id="4241"/> <Node id="4242"/>else<Node id="4246"/> <Node id="4247"/>to<Node id="4249"/> <Node id="4250"/>discuss<Node id="4257"/>,<Node id="4258"/> <Node id="4259"/>and<Node id="4262"/> <Node id="4263"/>to<Node id="4265"/> <Node id="4266"/>
<Node id="4267"/> <Node id="4268"/> <Node id="4269"/> <Node id="4270"/> <Node id="4271"/> <Node id="4272"/>dismiss<Node id="4279"/> <Node id="4280"/>what<Node id="4284"/> <Node id="4285"/>I<Node id="4286"/> <Node id="4287"/>put<Node id="4290"/> <Node id="4291"/>forward<Node id="4298"/> <Node id="4299"/>while<Node id="4304"/> <Node id="4305"/>giving<Node id="4311"/> <Node id="4312"/>credence<Node id="4320"/> <Node id="4321"/>to<Node id="4323"/> <Node id="4324"/>other<Node id="4329"/> <Node id="4330"/>alleged<Node id="4337"/> <Node id="4338"/>views<Node id="4343"/>
<Node id="4344"/> <Node id="4345"/> <Node id="4346"/> <Node id="4347"/> <Node id="4348"/> <Node id="4349"/>that<Node id="4353"/> <Node id="4354"/>have<Node id="4358"/> <Node id="4359"/>yet<Node id="4362"/> <Node id="4363"/>to<Node id="4365"/> <Node id="4366"/>be<Node id="4368"/> <Node id="4369"/>put<Node id="4372"/> <Node id="4373"/>forward<Node id="4380"/> <Node id="4381"/>is<Node id="4383"/> <Node id="4384"/>simply<Node id="4390"/> <Node id="4391"/>being<Node id="4396"/> <Node id="4397"/>contentious<Node id="4408"/>.<Node id="4409"/>
<Node id="4410"/>
<Node id="4411"/>ra<Node id="4413"/>&gt;<Node id="4414"/> <Node id="4415"/>Are<Node id="4418"/> <Node id="4419"/>we<Node id="4421"/> <Node id="4422"/>to<Node id="4424"/> <Node id="4425"/>simply<Node id="4431"/> <Node id="4432"/>assume<Node id="4438"/> <Node id="4439"/>that<Node id="4443"/> <Node id="4444"/>you<Node id="4447"/> <Node id="4448"/>are<Node id="4451"/> <Node id="4452"/>the<Node id="4455"/> <Node id="4456"/>only<Node id="4460"/> <Node id="4461"/>one<Node id="4464"/> <Node id="4465"/>who<Node id="4468"/> <Node id="4469"/>really<Node id="4475"/>
<Node id="4476"/>ra<Node id="4478"/>&gt;<Node id="4479"/> <Node id="4480"/>understands<Node id="4491"/> <Node id="4492"/>it<Node id="4494"/>?<Node id="4495"/>
<Node id="4496"/>
<Node id="4497"/> <Node id="4498"/> <Node id="4499"/> <Node id="4500"/> <Node id="4501"/> <Node id="4502"/>If<Node id="4504"/> <Node id="4505"/>you<Node id="4508"/> <Node id="4509"/>believe<Node id="4516"/> <Node id="4517"/>that<Node id="4521"/> <Node id="4522"/>something<Node id="4531"/> <Node id="4532"/>that<Node id="4536"/> <Node id="4537"/>I<Node id="4538"/> <Node id="4539"/>have<Node id="4543"/> <Node id="4544"/>drawn<Node id="4549"/> <Node id="4550"/>from<Node id="4554"/> <Node id="4555"/>Scripture<Node id="4564"/> <Node id="4565"/>is<Node id="4567"/> <Node id="4568"/>
<Node id="4569"/> <Node id="4570"/> <Node id="4571"/> <Node id="4572"/> <Node id="4573"/> <Node id="4574"/>wrong<Node id="4579"/>,<Node id="4580"/> <Node id="4581"/>then<Node id="4585"/> <Node id="4586"/>please<Node id="4592"/>,<Node id="4593"/> <Node id="4594"/>show<Node id="4598"/> <Node id="4599"/>me<Node id="4601"/> <Node id="4602"/>from<Node id="4606"/> <Node id="4607"/>Scripture<Node id="4616"/> <Node id="4617"/>where<Node id="4622"/> <Node id="4623"/>it<Node id="4625"/> <Node id="4626"/>is<Node id="4628"/> <Node id="4629"/>wrong<Node id="4634"/>.<Node id="4635"/> <Node id="4636"/> <Node id="4637"/>Simply<Node id="4643"/> <Node id="4644"/>
<Node id="4645"/> <Node id="4646"/> <Node id="4647"/> <Node id="4648"/> <Node id="4649"/> <Node id="4650"/>stating<Node id="4657"/> <Node id="4658"/>that<Node id="4662"/> <Node id="4663"/>there<Node id="4668"/> <Node id="4669"/>are<Node id="4672"/> <Node id="4673"/>other<Node id="4678"/> <Node id="4679"/>views<Node id="4684"/> <Node id="4685"/>is<Node id="4687"/> <Node id="4688"/>not<Node id="4691"/> <Node id="4692"/>a<Node id="4693"/> <Node id="4694"/>proof<Node id="4699"/>.<Node id="4700"/> <Node id="4701"/>Show<Node id="4705"/> <Node id="4706"/>it<Node id="4708"/> <Node id="4709"/>to<Node id="4711"/> <Node id="4712"/>me<Node id="4714"/> <Node id="4715"/>from<Node id="4719"/> <Node id="4720"/>
<Node id="4721"/> <Node id="4722"/> <Node id="4723"/> <Node id="4724"/> <Node id="4725"/> <Node id="4726"/>Scripture<Node id="4735"/> <Node id="4736"/>and<Node id="4739"/> <Node id="4740"/>then<Node id="4744"/> <Node id="4745"/>we<Node id="4747"/> <Node id="4748"/>can<Node id="4751"/> <Node id="4752"/>go<Node id="4754"/> <Node id="4755"/>on<Node id="4757"/>.<Node id="4758"/>
<Node id="4759"/>
<Node id="4760"/>
<Node id="4761"/>=<Node id="4762"/>=<Node id="4763"/>=<Node id="4764"/>=<Node id="4765"/>=<Node id="4766"/>=<Node id="4767"/>=<Node id="4768"/>=<Node id="4769"/>=<Node id="4770"/>=<Node id="4771"/>=<Node id="4772"/>=<Node id="4773"/>=<Node id="4774"/>=<Node id="4775"/>=<Node id="4776"/>=<Node id="4777"/>=<Node id="4778"/>=<Node id="4779"/>=<Node id="4780"/>=<Node id="4781"/>=<Node id="4782"/>=<Node id="4783"/>=<Node id="4784"/>=<Node id="4785"/>=<Node id="4786"/>=<Node id="4787"/>=<Node id="4788"/>=<Node id="4789"/>=<Node id="4790"/>
<Node id="4791"/>Robert<Node id="4797"/> <Node id="4798"/>Weiss<Node id="4803"/>
<Node id="4804"/>psyrobtw<Node id="4812"/>@<Node id="4813"/>ubvms<Node id="4818"/>.<Node id="4819"/>cc<Node id="4821"/>.<Node id="4822"/>buffalo<Node id="4829"/>.<Node id="4830"/>edu<Node id="4833"/>
<Node id="4834"/></TextWithNodes>
<!-- The default annotation set -->

<AnnotationSet>
<Annotation EndNode="4834" StartNode="0" Type="Mention" Id="9999999">
<Feature>
<Name classname="java.lang.String">Class</Name>
<Value classname="java.lang.String">0</Value>
</Feature>
</Annotation>

<Annotation Id="3" Type="Token" StartNode="6" EndNode="14">
<Feature>
  <Name className="java.lang.String">string</Name>
  <Value className="java.lang.String">psyrobtw</Value>
</Feature>
</Annotation>
<Annotation Id="5" Type="Token" StartNode="15" EndNode="21">
<Feature>
  <Name className="java.lang.String">string</Name>
  <Value className="java.lang.String">ubvmsd</Value>
</Feature>
</Annotation>
<Annotation Id="9" Type="Token" StartNode="25" EndNode="32">
<Feature>
  <Name className="java.lang.String">string</Name>
  <Value className="java.lang.String">buffalo</Value>
</Feature>
</Annotation>
<Annotation Id="14" Type="Token" StartNode="38" EndNode="44">
<Feature>
  <Name className="java.lang.String">string</Name>
  <Value className="java.lang.String">Robert</Value>
</Feature>
</Annotation>
<Annotation Id="19" Type="Token" StartNode="52" EndNode="60">
<Feature>
  <Name className="java.lang.String">string</Name>
  <Value className="java.lang.String">Message-</Value>
</Feature>
</Annotation>
<Annotation Id="34" Type="Token" StartNode="81" EndNode="88">
<Feature>
  <Name className="java.lang.String">string</Name>
  <Value className="java.lang.String">buffalo</Value>
</Feature>
</Annotation>
<Annotation Id="56" Type="Token" StartNode="123" EndNode="133">
<Feature>
  <Name className="java.lang.String">string</Name>
  <Value className="java.lang.String">References</Value>
</Feature>
</Annotation>
<Annotation Id="63" Type="Token" StartNode="148" EndNode="154">
<Feature>
  <Name className="java.lang.String">string</Name>
  <Value className="java.lang.String">LIBRBA</Value>
</Feature>
</Annotation>
<Annotation Id="62" Type="Token" StartNode="142" EndNode="148">
</Annotation>
<Annotation Id="70" Type="Token" StartNode="169" EndNode="175">
<Feature>
  <Name className="java.lang.String">string</Name>
  <Value className="java.lang.String">Sender</Value>
</Feature>
</Annotation>
<Annotation Id="67" Type="Token" StartNode="161" EndNode="167">
<Feature>
  <Name className="java.lang.String">string</Name>
  <Value className="java.lang.String">BITNET</Value>
</Feature>
</Annotation>
<Annotation Id="77" Type="Token" StartNode="187" EndNode="194">
<Feature>
  <Name className="java.lang.String">string</Name>
  <Value className="java.lang.String">buffalo</Value>
</Feature>
</Annotation>
<Annotation Id="84" Type="Token" StartNode="213" EndNode="223">
<Feature>
  <Name className="java.lang.String">string</Name>
  <Value className="java.lang.String">University</Value>
</Feature>
</Annotation>
<Annotation Id="81" Type="Token" StartNode="199" EndNode="211">
<Feature>
  <Name className="java.lang.String">string</Name>
  <Value className="java.lang.String">Organization</Value>
</Feature>
</Annotation>
<Annotation Id="88" Type="Token" StartNode="227" EndNode="234">
<Feature>
  <Name className="java.lang.String">string</Name>
  <Value className="java.lang.String">Buffalo</Value>
</Feature>
</Annotation>
<Annotation Id="96" Type="Token" StartNode="250" EndNode="258">
<Feature>
  <Name className="java.lang.String">string</Name>
  <Value className="java.lang.String">Software</Value>
</Feature>
</Annotation>
<Annotation Id="110" Type="Token" StartNode="284" EndNode="292">
<Feature>
  <Name className="java.lang.String">string</Name>
  <Value className="java.lang.String">Posting-</Value>
</Feature>
</Annotation>
<Annotation Id="118" Type="Token" StartNode="308" EndNode="315">
<Feature>
  <Name className="java.lang.String">string</Name>
  <Value className="java.lang.String">buffalo</Value>
</Feature>
</Annotation>
<Annotation Id="114" Type="Token" StartNode="298" EndNode="304">
<Feature>
  <Name className="java.lang.String">string</Name>
  <Value className="java.lang.String">ubvmsd</Value>
</Feature>
</Annotation>
<Annotation Id="125" Type="Token" StartNode="324" EndNode="331">
<Feature>
  <Name className="java.lang.String">string</Name>
  <Value className="java.lang.String">article</Value>
</Feature>
</Annotation>
<Annotation Id="139" Type="Token" StartNode="367" EndNode="373">
<Feature>
  <Name className="java.lang.String">string</Name>
  <Value className="java.lang.String">LIBRBA</Value>
</Feature>
</Annotation>
<Annotation Id="143" Type="Token" StartNode="380" EndNode="386">
<Feature>
  <Name className="java.lang.String">string</Name>
  <Value className="java.lang.String">BITNET</Value>
</Feature>
</Annotation>
<Annotation Id="131" Type="Token" StartNode="345" EndNode="351">
<Feature>
  <Name className="java.lang.String">string</Name>
  <Value className="java.lang.String">LIBRBA</Value>
</Feature>
</Annotation>
<Annotation Id="130" Type="Token" StartNode="339" EndNode="345">
</Annotation>
<Annotation Id="135" Type="Token" StartNode="358" EndNode="364">
<Feature>
  <Name className="java.lang.String">string</Name>
  <Value className="java.lang.String">BITNET</Value>
</Feature>
</Annotation>
<Annotation Id="153" Type="Token" StartNode="403" EndNode="411">
<Feature>
  <Name className="java.lang.String">string</Name>
  <Value className="java.lang.String">Anderson</Value>
</Feature>
</Annotation>
<Annotation Id="155" Type="Token" StartNode="412" EndNode="418">
<Feature>
  <Name className="java.lang.String">string</Name>
  <Value className="java.lang.String">writes</Value>
</Feature>
</Annotation>
<Annotation Id="145" Type="Token" StartNode="387" EndNode="393">
<Feature>
  <Name className="java.lang.String">string</Name>
  <Value className="java.lang.String">writes</Value>
</Feature>
</Annotation>
<Annotation Id="171" Type="Token" StartNode="444" EndNode="450">
<Feature>
  <Name className="java.lang.String">string</Name>
  <Value className="java.lang.String">making</Value>
</Feature>
</Annotation>
<Annotation Id="173" Type="Token" StartNode="451" EndNode="461">
<Feature>
  <Name className="java.lang.String">string</Name>
  <Value className="java.lang.String">references</Value>
</Feature>
</Annotation>
<Annotation Id="164" Type="Token" StartNode="427" EndNode="433">
<Feature>
  <Name className="java.lang.String">string</Name>
  <Value className="java.lang.String">Robert</Value>
</Feature>
</Annotation>
<Annotation Id="186" Type="Token" StartNode="488" EndNode="494">
<Feature>
  <Name className="java.lang.String">string</Name>
  <Value className="java.lang.String">saying</Value>
</Feature>
</Annotation>
<Annotation Id="191" Type="Token" StartNode="499" EndNode="505">
<Feature>
  <Name className="java.lang.String">string</Name>
  <Value className="java.lang.String">things</Value>
</Feature>
</Annotation>
<Annotation Id="178" Type="Token" StartNode="466" EndNode="474">
<Feature>
  <Name className="java.lang.String">string</Name>
  <Value className="java.lang.String">orthodox</Value>
</Feature>
</Annotation>
<Annotation Id="181" Type="Token" StartNode="476" EndNode="482">
<Feature>
  <Name className="java.lang.String">string</Name>
  <Value className="java.lang.String">belief</Value>
</Feature>
</Annotation>
<Annotation Id="216" Type="Token" StartNode="546" EndNode="552">
<Feature>
  <Name className="java.lang.String">string</Name>
  <Value className="java.lang.String">thread</Value>
</Feature>
</Annotation>
<Annotation Id="213" Type="Token" StartNode="538" EndNode="544">
<Feature>
  <Name className="java.lang.String">string</Name>
  <Value className="java.lang.String">Kermit</Value>
</Feature>
</Annotation>
<Annotation Id="234" Type="Token" StartNode="582" EndNode="590">
<Feature>
  <Name className="java.lang.String">string</Name>
  <Value className="java.lang.String">theology</Value>
</Feature>
</Annotation>
<Annotation Id="251" Type="Token" StartNode="626" EndNode="634">
<Feature>
  <Name className="java.lang.String">string</Name>
  <Value className="java.lang.String">orthodox</Value>
</Feature>
</Annotation>
<Annotation Id="240" Type="Token" StartNode="599" EndNode="606">
<Feature>
  <Name className="java.lang.String">string</Name>
  <Value className="java.lang.String">drawing</Value>
</Feature>
</Annotation>
<Annotation Id="281" Type="Token" StartNode="689" EndNode="695">
<Feature>
  <Name className="java.lang.String">string</Name>
  <Value className="java.lang.String">orthos</Value>
</Feature>
</Annotation>
<Annotation Id="285" Type="Token" StartNode="698" EndNode="706">
<Feature>
  <Name className="java.lang.String">string</Name>
  <Value className="java.lang.String">straight</Value>
</Feature>
</Annotation>
<Annotation Id="262" Type="Token" StartNode="644" EndNode="652">
<Feature>
  <Name className="java.lang.String">string</Name>
  <Value className="java.lang.String">Orthodox</Value>
</Feature>
</Annotation>
<Annotation Id="269" Type="Token" StartNode="659" EndNode="667">
<Feature>
  <Name className="java.lang.String">string</Name>
  <Value className="java.lang.String">compound</Value>
</Feature>
</Annotation>
<Annotation Id="309" Type="Token" StartNode="744" EndNode="751">
<Feature>
  <Name className="java.lang.String">string</Name>
  <Value className="java.lang.String">opinion</Value>
</Feature>
</Annotation>
<Annotation Id="312" Type="Token" StartNode="753" EndNode="761">
<Feature>
  <Name className="java.lang.String">string</Name>
  <Value className="java.lang.String">doctrine</Value>
</Feature>
</Annotation>
<Annotation Id="315" Type="Token" StartNode="763" EndNode="771">
<Feature>
  <Name className="java.lang.String">string</Name>
  <Value className="java.lang.String">teaching</Value>
</Feature>
</Annotation>
<Annotation Id="340" Type="Token" StartNode="814" EndNode="822">
<Feature>
  <Name className="java.lang.String">string</Name>
  <Value className="java.lang.String">teaching</Value>
</Feature>
</Annotation>
<Annotation Id="350" Type="Token" StartNode="843" EndNode="850">
<Feature>
  <Name className="java.lang.String">string</Name>
  <Value className="java.lang.String">derived</Value>
</Feature>
</Annotation>
<Annotation Id="346" Type="Token" StartNode="831" EndNode="839">
<Feature>
  <Name className="java.lang.String">string</Name>
  <Value className="java.lang.String">teaching</Value>
</Feature>
</Annotation>
<Annotation Id="323" Type="Token" StartNode="780" EndNode="788">
<Feature>
  <Name className="java.lang.String">string</Name>
  <Value className="java.lang.String">orthodox</Value>
</Feature>
</Annotation>
<Annotation Id="370" Type="Token" StartNode="886" EndNode="893">
<Feature>
  <Name className="java.lang.String">string</Name>
  <Value className="java.lang.String">through</Value>
</Feature>
</Annotation>
<Annotation Id="354" Type="Token" StartNode="856" EndNode="863">
<Feature>
  <Name className="java.lang.String">string</Name>
  <Value className="java.lang.String">letting</Value>
</Feature>
</Annotation>
<Annotation Id="415" Type="Token" StartNode="994" EndNode="1003">
<Feature>
  <Name className="java.lang.String">string</Name>
  <Value className="java.lang.String">interpret</Value>
</Feature>
</Annotation>
<Annotation Id="401" Type="Token" StartNode="957" EndNode="967">
<Feature>
  <Name className="java.lang.String">string</Name>
  <Value className="java.lang.String">Scriptures</Value>
</Feature>
</Annotation>
<Annotation Id="387" Type="Token" StartNode="930" EndNode="936">
<Feature>
  <Name className="java.lang.String">string</Name>
  <Value className="java.lang.String">simple</Value>
</Feature>
</Annotation>
<Annotation Id="385" Type="Token" StartNode="922" EndNode="929">
<Feature>
  <Name className="java.lang.String">string</Name>
  <Value className="java.lang.String">reading</Value>
</Feature>
</Annotation>
<Annotation Id="389" Type="Token" StartNode="937" EndNode="943">
<Feature>
  <Name className="java.lang.String">string</Name>
  <Value className="java.lang.String">truths</Value>
</Feature>
</Annotation>
<Annotation Id="477" Type="Token" StartNode="1131" EndNode="1141">
<Feature>
  <Name className="java.lang.String">string</Name>
  <Value className="java.lang.String">Scriptures</Value>
</Feature>
</Annotation>
<Annotation Id="473" Type="Token" StartNode="1119" EndNode="1126">
<Feature>
  <Name className="java.lang.String">string</Name>
  <Value className="java.lang.String">reading</Value>
</Feature>
</Annotation>
<Annotation Id="469" Type="Token" StartNode="1105" EndNode="1113">
<Feature>
  <Name className="java.lang.String">string</Name>
  <Value className="java.lang.String">apparent</Value>
</Feature>
</Annotation>
<Annotation Id="509" Type="Token" StartNode="1201" EndNode="1208">
<Feature>
  <Name className="java.lang.String">string</Name>
  <Value className="java.lang.String">promise</Value>
</Feature>
</Annotation>
<Annotation Id="505" Type="Token" StartNode="1192" EndNode="1198">
<Feature>
  <Name className="java.lang.String">string</Name>
  <Value className="java.lang.String">Christ</Value>
</Feature>
</Annotation>
<Annotation Id="503" Type="Token" StartNode="1184" EndNode="1191">
<Feature>
  <Name className="java.lang.String">string</Name>
  <Value className="java.lang.String">records</Value>
</Feature>
</Annotation>
<Annotation Id="488" Type="Token" StartNode="1156" EndNode="1165">
<Feature>
  <Name className="java.lang.String">string</Name>
  <Value className="java.lang.String">pertinent</Value>
</Feature>
</Annotation>
<Annotation Id="568" Type="Token" StartNode="1323" EndNode="1331">
<Feature>
  <Name className="java.lang.String">string</Name>
  <Value className="java.lang.String">paradise</Value>
</Feature>
</Annotation>
<Annotation Id="515" Type="Token" StartNode="1216" EndNode="1225">
<Feature>
  <Name className="java.lang.String">string</Name>
  <Value className="java.lang.String">repentant</Value>
</Feature>
</Annotation>
<Annotation Id="532" Type="Token" StartNode="1252" EndNode="1260">
<Feature>
  <Name className="java.lang.String">string</Name>
  <Value className="java.lang.String">adjacent</Value>
</Feature>
</Annotation>
<Annotation Id="614" Type="Token" StartNode="1431" EndNode="1438">
<Feature>
  <Name className="java.lang.String">string</Name>
  <Value className="java.lang.String">Himself</Value>
</Feature>
</Annotation>
<Annotation Id="612" Type="Token" StartNode="1424" EndNode="1430">
<Feature>
  <Name className="java.lang.String">string</Name>
  <Value className="java.lang.String">Christ</Value>
</Feature>
</Annotation>
<Annotation Id="622" Type="Token" StartNode="1450" EndNode="1456">
<Feature>
  <Name className="java.lang.String">string</Name>
  <Value className="java.lang.String">heaven</Value>
</Feature>
</Annotation>
<Annotation Id="631" Type="Token" StartNode="1468" EndNode="1474">
<Feature>
  <Name className="java.lang.String">string</Name>
  <Value className="java.lang.String">Sunday</Value>
</Feature>
</Annotation>
<Annotation Id="586" Type="Token" StartNode="1366" EndNode="1372">
<Feature>
  <Name className="java.lang.String">string</Name>
  <Value className="java.lang.String">Christ</Value>
</Feature>
</Annotation>
<Annotation Id="603" Type="Token" StartNode="1401" EndNode="1409">
<Feature>
  <Name className="java.lang.String">string</Name>
  <Value className="java.lang.String">ascended</Value>
</Feature>
</Annotation>
<Annotation Id="607" Type="Token" StartNode="1413" EndNode="1419">
<Feature>
  <Name className="java.lang.String">string</Name>
  <Value className="java.lang.String">heaven</Value>
</Feature>
</Annotation>
<Annotation Id="675" Type="Token" StartNode="1573" EndNode="1581">
<Feature>
  <Name className="java.lang.String">string</Name>
  <Value className="java.lang.String">paradise</Value>
</Feature>
</Annotation>
<Annotation Id="703" Type="Token" StartNode="1645" EndNode="1651">
<Feature>
  <Name className="java.lang.String">string</Name>
  <Value className="java.lang.String">heaven</Value>
</Feature>
</Annotation>
<Annotation Id="699" Type="Token" StartNode="1634" EndNode="1641">
<Feature>
  <Name className="java.lang.String">string</Name>
  <Value className="java.lang.String">exalted</Value>
</Feature>
</Annotation>
<Annotation Id="693" Type="Token" StartNode="1617" EndNode="1625">
<Feature>
  <Name className="java.lang.String">string</Name>
  <Value className="java.lang.String">paradise</Value>
</Feature>
</Annotation>
<Annotation Id="691" Type="Token" StartNode="1606" EndNode="1616">
<Feature>
  <Name className="java.lang.String">string</Name>
  <Value className="java.lang.String">Apparently</Value>
</Feature>
</Annotation>
<Annotation Id="640" Type="Token" StartNode="1490" EndNode="1499">
<Feature>
  <Name className="java.lang.String">string</Name>
  <Value className="java.lang.String">repentant</Value>
</Feature>
</Annotation>
<Annotation Id="670" Type="Token" StartNode="1560" EndNode="1568">
<Feature>
  <Name className="java.lang.String">string</Name>
  <Value className="java.lang.String">location</Value>
</Feature>
</Annotation>
<Annotation Id="662" Type="Token" StartNode="1541" EndNode="1547">
<Feature>
  <Name className="java.lang.String">string</Name>
  <Value className="java.lang.String">answer</Value>
</Feature>
</Annotation>
<Annotation Id="754" Type="Token" StartNode="1748" EndNode="1755">
<Feature>
  <Name className="java.lang.String">string</Name>
  <Value className="java.lang.String">Lazarus</Value>
</Feature>
</Annotation>
<Annotation Id="759" Type="Token" StartNode="1760" EndNode="1767">
<Feature>
  <Name className="java.lang.String">string</Name>
  <Value className="java.lang.String">Abraham</Value>
</Feature>
</Annotation>
<Annotation Id="707" Type="Token" StartNode="1658" EndNode="1664">
<Feature>
  <Name className="java.lang.String">string</Name>
  <Value className="java.lang.String">Easter</Value>
</Feature>
</Annotation>
<Annotation Id="730" Type="Token" StartNode="1702" EndNode="1708">
<Feature>
  <Name className="java.lang.String">string</Name>
  <Value className="java.lang.String">middle</Value>
</Feature>
</Annotation>
<Annotation Id="720" Type="Token" StartNode="1682" EndNode="1688">
<Feature>
  <Name className="java.lang.String">string</Name>
  <Value className="java.lang.String">refers</Value>
</Feature>
</Annotation>
<Annotation Id="820" Type="Token" StartNode="1890" EndNode="1897">
<Feature>
  <Name className="java.lang.String">string</Name>
  <Value className="java.lang.String">Abraham</Value>
</Feature>
</Annotation>
<Annotation Id="827" Type="Token" StartNode="1907" EndNode="1915">
<Feature>
  <Name className="java.lang.String">string</Name>
  <Value className="java.lang.String">referred</Value>
</Feature>
</Annotation>
<Annotation Id="786" Type="Token" StartNode="1821" EndNode="1828">
<Feature>
  <Name className="java.lang.String">string</Name>
  <Value className="java.lang.String">carried</Value>
</Feature>
</Annotation>
<Annotation Id="798" Type="Token" StartNode="1853" EndNode="1860">
<Feature>
  <Name className="java.lang.String">string</Name>
  <Value className="java.lang.String">decease</Value>
</Feature>
</Annotation>
<Annotation Id="792" Type="Token" StartNode="1836" EndNode="1842">
<Feature>
  <Name className="java.lang.String">string</Name>
  <Value className="java.lang.String">angels</Value>
</Feature>
</Annotation>
<Annotation Id="775" Type="Token" StartNode="1797" EndNode="1803">
<Feature>
  <Name className="java.lang.String">string</Name>
  <Value className="java.lang.String">beggar</Value>
</Feature>
</Annotation>
<Annotation Id="777" Type="Token" StartNode="1804" EndNode="1811">
<Feature>
  <Name className="java.lang.String">string</Name>
  <Value className="java.lang.String">Lazarus</Value>
</Feature>
</Annotation>
<Annotation Id="883" Type="Token" StartNode="2033" EndNode="2039">
<Feature>
  <Name className="java.lang.String">string</Name>
  <Value className="java.lang.String">lifted</Value>
</Feature>
</Annotation>
<Annotation Id="887" Type="Token" StartNode="2043" EndNode="2049">
<Feature>
  <Name className="java.lang.String">string</Name>
  <Value className="java.lang.String">heaven</Value>
</Feature>
</Annotation>
<Annotation Id="866" Type="Token" StartNode="1998" EndNode="2010">
<Feature>
  <Name className="java.lang.String">string</Name>
  <Value className="java.lang.String">Resurrection</Value>
</Feature>
</Annotation>
<Annotation Id="852" Type="Token" StartNode="1966" EndNode="1972">
<Feature>
  <Name className="java.lang.String">string</Name>
  <Value className="java.lang.String">waited</Value>
</Feature>
</Annotation>
<Annotation Id="862" Type="Token" StartNode="1989" EndNode="1995">
<Feature>
  <Name className="java.lang.String">string</Name>
  <Value className="java.lang.String">Christ</Value>
</Feature>
</Annotation>
<Annotation Id="845" Type="Token" StartNode="1952" EndNode="1960">
<Feature>
  <Name className="java.lang.String">string</Name>
  <Value className="java.lang.String">redeemed</Value>
</Feature>
</Annotation>
<Annotation Id="954" Type="Token" StartNode="2189" EndNode="2197">
<Feature>
  <Name className="java.lang.String">string</Name>
  <Value className="java.lang.String">admitted</Value>
</Feature>
</Annotation>
<Annotation Id="927" Type="Token" StartNode="2131" EndNode="2140">
<Feature>
  <Name className="java.lang.String">string</Name>
  <Value className="java.lang.String">believers</Value>
</Feature>
</Annotation>
<Annotation Id="923" Type="Token" StartNode="2118" EndNode="2126">
<Feature>
  <Name className="java.lang.String">string</Name>
  <Value className="java.lang.String">reserved</Value>
</Feature>
</Annotation>
<Annotation Id="916" Type="Token" StartNode="2102" EndNode="2108">
<Feature>
  <Name className="java.lang.String">string</Name>
  <Value className="java.lang.String">Hebrew</Value>
</Feature>
</Annotation>
<Annotation Id="903" Type="Token" StartNode="2078" EndNode="2085">
<Feature>
  <Name className="java.lang.String">string</Name>
  <Value className="java.lang.String">section</Value>
</Feature>
</Annotation>
<Annotation Id="1019" Type="Token" StartNode="2353" EndNode="2361">
<Feature>
  <Name className="java.lang.String">string</Name>
  <Value className="java.lang.String">presence</Value>
</Feature>
</Annotation>
<Annotation Id="1015" Type="Token" StartNode="2341" EndNode="2348">
<Feature>
  <Name className="java.lang.String">string</Name>
  <Value className="java.lang.String">precede</Value>
</Feature>
</Annotation>
<Annotation Id="997" Type="Token" StartNode="2303" EndNode="2310">
<Feature>
  <Name className="java.lang.String">string</Name>
  <Value className="java.lang.String">Calvary</Value>
</Feature>
</Annotation>
<Annotation Id="985" Type="Token" StartNode="2266" EndNode="2276">
<Feature>
  <Name className="java.lang.String">string</Name>
  <Value className="java.lang.String">redemption</Value>
</Feature>
</Annotation>
<Annotation Id="989" Type="Token" StartNode="2281" EndNode="2289">
<Feature>
  <Name className="java.lang.String">string</Name>
  <Value className="java.lang.String">actually</Value>
</Feature>
</Annotation>
<Annotation Id="970" Type="Token" StartNode="2235" EndNode="2241">
<Feature>
  <Name className="java.lang.String">string</Name>
  <Value className="java.lang.String">heaven</Value>
</Feature>
</Annotation>
<Annotation Id="962" Type="Token" StartNode="2216" EndNode="2224">
<Feature>
  <Name className="java.lang.String">string</Name>
  <Value className="java.lang.String">presence</Value>
</Feature>
</Annotation>
<Annotation Id="960" Type="Token" StartNode="2207" EndNode="2215">
<Feature>
  <Name className="java.lang.String">string</Name>
  <Value className="java.lang.String">glorious</Value>
</Feature>
</Annotation>
<Annotation Id="1096" Type="Token" StartNode="2538" EndNode="2544">
<Feature>
  <Name className="java.lang.String">string</Name>
  <Value className="java.lang.String">Friday</Value>
</Feature>
</Annotation>
<Annotation Id="1098" Type="Token" StartNode="2545" EndNode="2554">
<Feature>
  <Name className="java.lang.String">string</Name>
  <Value className="java.lang.String">afternoon</Value>
</Feature>
</Annotation>
<Annotation Id="1119" Type="Token" StartNode="2592" EndNode="2598">
<Feature>
  <Name className="java.lang.String">string</Name>
  <Value className="java.lang.String">Christ</Value>
</Feature>
</Annotation>
<Annotation Id="1110" Type="Token" StartNode="2568" EndNode="2574">
<Feature>
  <Name className="java.lang.String">string</Name>
  <Value className="java.lang.String">Sunday</Value>
</Feature>
</Annotation>
<Annotation Id="1131" Type="Token" StartNode="2626" EndNode="2635">
<Feature>
  <Name className="java.lang.String">string</Name>
  <Value className="java.lang.String">Magdalene</Value>
</Feature>
</Annotation>
<Annotation Id="1125" Type="Token" StartNode="2609" EndNode="2617">
<Feature>
  <Name className="java.lang.String">string</Name>
  <Value className="java.lang.String">appeared</Value>
</Feature>
</Annotation>
<Annotation Id="1049" Type="Token" StartNode="2413" EndNode="2422">
<Feature>
  <Name className="java.lang.String">string</Name>
  <Value className="java.lang.String">Doubtless</Value>
</Feature>
</Annotation>
<Annotation Id="1040" Type="Token" StartNode="2399" EndNode="2405">
<Feature>
  <Name className="java.lang.String">string</Name>
  <Value className="java.lang.String">Father</Value>
</Feature>
</Annotation>
<Annotation Id="1059" Type="Token" StartNode="2443" EndNode="2451">
<Feature>
  <Name className="java.lang.String">string</Name>
  <Value className="java.lang.String">paradise</Value>
</Feature>
</Annotation>
<Annotation Id="1057" Type="Token" StartNode="2434" EndNode="2442">
<Feature>
  <Name className="java.lang.String">string</Name>
  <Value className="java.lang.String">infernal</Value>
</Feature>
</Annotation>
<Annotation Id="1080" Type="Token" StartNode="2489" EndNode="2498">
<Feature>
  <Name className="java.lang.String">string</Name>
  <Value className="java.lang.String">repentant</Value>
</Feature>
</Annotation>
<Annotation Id="1084" Type="Token" StartNode="2505" EndNode="2513">
<Feature>
  <Name className="java.lang.String">string</Name>
  <Value className="java.lang.String">repaired</Value>
</Feature>
</Annotation>
<Annotation Id="1216" Type="Token" StartNode="2826" EndNode="2835">
<Feature>
  <Name className="java.lang.String">string</Name>
  <Value className="java.lang.String">repentant</Value>
</Feature>
</Annotation>
<Annotation Id="1239" Type="Token" StartNode="2874" EndNode="2884">
<Feature>
  <Name className="java.lang.String">string</Name>
  <Value className="java.lang.String">concerning</Value>
</Feature>
</Annotation>
<Annotation Id="1233" Type="Token" StartNode="2860" EndNode="2869">
<Feature>
  <Name className="java.lang.String">string</Name>
  <Value className="java.lang.String">Ephesians</Value>
</Feature>
</Annotation>
<Annotation Id="1245" Type="Token" StartNode="2894" EndNode="2903">
<Feature>
  <Name className="java.lang.String">string</Name>
  <Value className="java.lang.String">Ascending</Value>
</Feature>
</Annotation>
<Annotation Id="1241" Type="Token" StartNode="2885" EndNode="2891">
<Feature>
  <Name className="java.lang.String">string</Name>
  <Value className="java.lang.String">Christ</Value>
</Feature>
</Annotation>
<Annotation Id="1263" Type="Token" StartNode="2935" EndNode="2942">
<Feature>
  <Name className="java.lang.String">string</Name>
  <Value className="java.lang.String">captive</Value>
</Feature>
</Annotation>
<Annotation Id="1256" Type="Token" StartNode="2920" EndNode="2929">
<Feature>
  <Name className="java.lang.String">string</Name>
  <Value className="java.lang.String">captivity</Value>
</Feature>
</Annotation>
<Annotation Id="1152" Type="Token" StartNode="2666" EndNode="2676">
<Feature>
  <Name className="java.lang.String">string</Name>
  <Value className="java.lang.String">companions</Value>
</Feature>
</Annotation>
<Annotation Id="1155" Type="Token" StartNode="2678" EndNode="2685">
<Feature>
  <Name className="java.lang.String">string</Name>
  <Value className="java.lang.String">Matthew</Value>
</Feature>
</Annotation>
<Annotation Id="1163" Type="Token" StartNode="2693" EndNode="2703">
<Feature>
  <Name className="java.lang.String">string</Name>
  <Value className="java.lang.String">presumably</Value>
</Feature>
</Annotation>
<Annotation Id="1190" Type="Token" StartNode="2751" EndNode="2762">
<Feature>
  <Name className="java.lang.String">string</Name>
  <Value className="java.lang.String">inhabitants</Value>
</Feature>
</Annotation>
<Annotation Id="1194" Type="Token" StartNode="2766" EndNode="2774">
<Feature>
  <Name className="java.lang.String">string</Name>
  <Value className="java.lang.String">infernal</Value>
</Feature>
</Annotation>
<Annotation Id="1196" Type="Token" StartNode="2775" EndNode="2783">
<Feature>
  <Name className="java.lang.String">string</Name>
  <Value className="java.lang.String">paradise</Value>
</Feature>
</Annotation>
<Annotation Id="1206" Type="Token" StartNode="2800" EndNode="2807">
<Feature>
  <Name className="java.lang.String">string</Name>
  <Value className="java.lang.String">Abraham</Value>
</Feature>
</Annotation>
<Annotation Id="1204" Type="Token" StartNode="2790" EndNode="2799">
<Feature>
  <Name className="java.lang.String">string</Name>
  <Value className="java.lang.String">including</Value>
</Feature>
</Annotation>
<Annotation Id="1209" Type="Token" StartNode="2809" EndNode="2816">
<Feature>
  <Name className="java.lang.String">string</Name>
  <Value className="java.lang.String">Lazarus</Value>
</Feature>
</Annotation>
<Annotation Id="1360" Type="Token" StartNode="3134" EndNode="3143">
<Feature>
  <Name className="java.lang.String">string</Name>
  <Value className="java.lang.String">descended</Value>
</Feature>
</Annotation>
<Annotation Id="1391" Type="Token" StartNode="3204" EndNode="3214">
<Feature>
  <Name className="java.lang.String">string</Name>
  <Value className="java.lang.String">Presumably</Value>
</Feature>
</Annotation>
<Annotation Id="1387" Type="Token" StartNode="3194" EndNode="3201">
<Feature>
  <Name className="java.lang.String">string</Name>
  <Value className="java.lang.String">heavens</Value>
</Feature>
</Annotation>
<Annotation Id="1379" Type="Token" StartNode="3171" EndNode="3179">
<Feature>
  <Name className="java.lang.String">string</Name>
  <Value className="java.lang.String">ascended</Value>
</Feature>
</Annotation>
<Annotation Id="1300" Type="Token" StartNode="3012" EndNode="3020">
<Feature>
  <Name className="java.lang.String">string</Name>
  <Value className="java.lang.String">ascended</Value>
</Feature>
</Annotation>
<Annotation Id="1282" Type="Token" StartNode="2977" EndNode="2986">
<Feature>
  <Name className="java.lang.String">string</Name>
  <Value className="java.lang.String">continues</Value>
</Feature>
</Annotation>
<Annotation Id="1313" Type="Token" StartNode="3044" EndNode="3053">
<Feature>
  <Name className="java.lang.String">string</Name>
  <Value className="java.lang.String">descended</Value>
</Feature>
</Annotation>
<Annotation Id="1319" Type="Token" StartNode="3061" EndNode="3067">
<Feature>
  <Name className="java.lang.String">string</Name>
  <Value className="java.lang.String">lowest</Value>
</Feature>
</Annotation>
<Annotation Id="1500" Type="Token" StartNode="3493" EndNode="3499">
<Feature>
  <Name className="java.lang.String">string</Name>
  <Value className="java.lang.String">merely</Value>
</Feature>
</Annotation>
<Annotation Id="1479" Type="Token" StartNode="3435" EndNode="3445">
<Feature>
  <Name className="java.lang.String">string</Name>
  <Value className="java.lang.String">challenged</Value>
</Feature>
</Annotation>
<Annotation Id="1472" Type="Token" StartNode="3419" EndNode="3427">
<Feature>
  <Name className="java.lang.String">string</Name>
  <Value className="java.lang.String">passages</Value>
</Feature>
</Annotation>
<Annotation Id="1486" Type="Token" StartNode="3457" EndNode="3465">
<Feature>
  <Name className="java.lang.String">string</Name>
  <Value className="java.lang.String">response</Value>
</Feature>
</Annotation>
<Annotation Id="1429" Type="Token" StartNode="3292" EndNode="3302">
<Feature>
  <Name className="java.lang.String">string</Name>
  <Value className="java.lang.String">population</Value>
</Feature>
</Annotation>
<Annotation Id="1438" Type="Token" StartNode="3311" EndNode="3326">
<Feature>
  <Name className="java.lang.String">string</Name>
  <Value className="java.lang.String">preresurrection</Value>
</Feature>
</Annotation>
<Annotation Id="1410" Type="Token" StartNode="3245" EndNode="3254">
<Feature>
  <Name className="java.lang.String">string</Name>
  <Value className="java.lang.String">liberated</Value>
</Feature>
</Annotation>
<Annotation Id="1412" Type="Token" StartNode="3255" EndNode="3263">
<Feature>
  <Name className="java.lang.String">string</Name>
  <Value className="java.lang.String">captives</Value>
</Feature>
</Annotation>
<Annotation Id="1460" Type="Token" StartNode="3369" EndNode="3377">
<Feature>
  <Name className="java.lang.String">string</Name>
  <Value className="java.lang.String">Whenever</Value>
</Feature>
</Annotation>
<Annotation Id="1464" Type="Token" StartNode="3383" EndNode="3391">
<Feature>
  <Name className="java.lang.String">string</Name>
  <Value className="java.lang.String">personal</Value>
</Feature>
</Annotation>
<Annotation Id="1466" Type="Token" StartNode="3392" EndNode="3406">
<Feature>
  <Name className="java.lang.String">string</Name>
  <Value className="java.lang.String">interpretation</Value>
</Feature>
</Annotation>
<Annotation Id="1470" Type="Token" StartNode="3410" EndNode="3418">
<Feature>
  <Name className="java.lang.String">string</Name>
  <Value className="java.lang.String">Biblical</Value>
</Feature>
</Annotation>
<Annotation Id="1440" Type="Token" StartNode="3327" EndNode="3335">
<Feature>
  <Name className="java.lang.String">string</Name>
  <Value className="java.lang.String">paradise</Value>
</Feature>
</Annotation>
<Annotation Id="1453" Type="Token" StartNode="3356" EndNode="3362">
<Feature>
  <Name className="java.lang.String">string</Name>
  <Value className="java.lang.String">heaven</Value>
</Feature>
</Annotation>
<Annotation Id="1635" Type="Token" StartNode="3818" EndNode="3825">
<Feature>
  <Name className="java.lang.String">string</Name>
  <Value className="java.lang.String">forward</Value>
</Feature>
</Annotation>
<Annotation Id="1661" Type="Token" StartNode="3877" EndNode="3884">
<Feature>
  <Name className="java.lang.String">string</Name>
  <Value className="java.lang.String">discuss</Value>
</Feature>
</Annotation>
<Annotation Id="1652" Type="Token" StartNode="3854" EndNode="3864">
<Feature>
  <Name className="java.lang.String">string</Name>
  <Value className="java.lang.String">difference</Value>
</Feature>
</Annotation>
<Annotation Id="1600" Type="Token" StartNode="3735" EndNode="3742">
<Feature>
  <Name className="java.lang.String">string</Name>
  <Value className="java.lang.String">usually</Value>
</Feature>
</Annotation>
<Annotation Id="1606" Type="Token" StartNode="3750" EndNode="3756">
<Feature>
  <Name className="java.lang.String">string</Name>
  <Value className="java.lang.String">reason</Value>
</Feature>
</Annotation>
<Annotation Id="1625" Type="Token" StartNode="3786" EndNode="3792">
<Feature>
  <Name className="java.lang.String">string</Name>
  <Value className="java.lang.String">things</Value>
</Feature>
</Annotation>
<Annotation Id="1627" Type="Token" StartNode="3793" EndNode="3804">
<Feature>
  <Name className="java.lang.String">string</Name>
  <Value className="java.lang.String">differently</Value>
</Feature>
</Annotation>
<Annotation Id="1630" Type="Token" StartNode="3806" EndNode="3812">
<Feature>
  <Name className="java.lang.String">string</Name>
  <Value className="java.lang.String">please</Value>
</Feature>
</Annotation>
<Annotation Id="1582" Type="Token" StartNode="3687" EndNode="3695">
<Feature>
  <Name className="java.lang.String">string</Name>
  <Value className="java.lang.String">personal</Value>
</Feature>
</Annotation>
<Annotation Id="1577" Type="Token" StartNode="3674" EndNode="3682">
<Feature>
  <Name className="java.lang.String">string</Name>
  <Value className="java.lang.String">Whenever</Value>
</Feature>
</Annotation>
<Annotation Id="1574" Type="Token" StartNode="3666" EndNode="3672">
<Feature>
  <Name className="java.lang.String">string</Name>
  <Value className="java.lang.String">faulty</Value>
</Feature>
</Annotation>
<Annotation Id="1570" Type="Token" StartNode="3646" EndNode="3662">
<Feature>
  <Name className="java.lang.String">string</Name>
  <Value className="java.lang.String">characterization</Value>
</Feature>
</Annotation>
<Annotation Id="1595" Type="Token" StartNode="3721" EndNode="3731">
<Feature>
  <Name className="java.lang.String">string</Name>
  <Value className="java.lang.String">questioned</Value>
</Feature>
</Annotation>
<Annotation Id="1590" Type="Token" StartNode="3702" EndNode="3716">
<Feature>
  <Name className="java.lang.String">string</Name>
  <Value className="java.lang.String">interpretation</Value>
</Feature>
</Annotation>
<Annotation Id="1549" Type="Token" StartNode="3600" EndNode="3611">
<Feature>
  <Name className="java.lang.String">string</Name>
  <Value className="java.lang.String">differently</Value>
</Feature>
</Annotation>
<Annotation Id="1545" Type="Token" StartNode="3584" EndNode="3592">
<Feature>
  <Name className="java.lang.String">string</Name>
  <Value className="java.lang.String">Biblical</Value>
</Feature>
</Annotation>
<Annotation Id="1547" Type="Token" StartNode="3593" EndNode="3599">
<Feature>
  <Name className="java.lang.String">string</Name>
  <Value className="java.lang.String">things</Value>
</Feature>
</Annotation>
<Annotation Id="1765" Type="Token" StartNode="4105" EndNode="4112">
<Feature>
  <Name className="java.lang.String">string</Name>
  <Value className="java.lang.String">perhaps</Value>
</Feature>
</Annotation>
<Annotation Id="1781" Type="Token" StartNode="4133" EndNode="4143">
<Feature>
  <Name className="java.lang.String">string</Name>
  <Value className="java.lang.String">discussion</Value>
</Feature>
</Annotation>
<Annotation Id="1755" Type="Token" StartNode="4077" EndNode="4084">
<Feature>
  <Name className="java.lang.String">string</Name>
  <Value className="java.lang.String">forward</Value>
</Feature>
</Annotation>
<Annotation Id="1759" Type="Token" StartNode="4087" EndNode="4095">
<Feature>
  <Name className="java.lang.String">string</Name>
  <Value className="java.lang.String">contrary</Value>
</Feature>
</Annotation>
<Annotation Id="1719" Type="Token" StartNode="4000" EndNode="4010">
<Feature>
  <Name className="java.lang.String">string</Name>
  <Value className="java.lang.String">legitimate</Value>
</Feature>
</Annotation>
<Annotation Id="1717" Type="Token" StartNode="3992" EndNode="3999">
<Feature>
  <Name className="java.lang.String">string</Name>
  <Value className="java.lang.String">somehow</Value>
</Feature>
</Annotation>
<Annotation Id="1727" Type="Token" StartNode="4023" EndNode="4029">
<Feature>
  <Name className="java.lang.String">string</Name>
  <Value className="java.lang.String">course</Value>
</Feature>
</Annotation>
<Annotation Id="1722" Type="Token" StartNode="4012" EndNode="4018">
<Feature>
  <Name className="java.lang.String">string</Name>
  <Value className="java.lang.String">except</Value>
</Feature>
</Annotation>
<Annotation Id="1681" Type="Token" StartNode="3909" EndNode="3915">
<Feature>
  <Name className="java.lang.String">string</Name>
  <Value className="java.lang.String">seeing</Value>
</Feature>
</Annotation>
<Annotation Id="1695" Type="Token" StartNode="3945" EndNode="3955">
<Feature>
  <Name className="java.lang.String">string</Name>
  <Value className="java.lang.String">difference</Value>
</Feature>
</Annotation>
<Annotation Id="1689" Type="Token" StartNode="3929" EndNode="3935">
<Feature>
  <Name className="java.lang.String">string</Name>
  <Value className="java.lang.String">notion</Value>
</Feature>
</Annotation>
<Annotation Id="1918" Type="Token" StartNode="4469" EndNode="4475">
<Feature>
  <Name className="java.lang.String">string</Name>
  <Value className="java.lang.String">really</Value>
</Feature>
</Annotation>
<Annotation Id="1900" Type="Token" StartNode="4425" EndNode="4431">
<Feature>
  <Name className="java.lang.String">string</Name>
  <Value className="java.lang.String">simply</Value>
</Feature>
</Annotation>
<Annotation Id="1902" Type="Token" StartNode="4432" EndNode="4438">
<Feature>
  <Name className="java.lang.String">string</Name>
  <Value className="java.lang.String">assume</Value>
</Feature>
</Annotation>
<Annotation Id="1883" Type="Token" StartNode="4384" EndNode="4390">
<Feature>
  <Name className="java.lang.String">string</Name>
  <Value className="java.lang.String">simply</Value>
</Feature>
</Annotation>
<Annotation Id="1887" Type="Token" StartNode="4397" EndNode="4408">
<Feature>
  <Name className="java.lang.String">string</Name>
  <Value className="java.lang.String">contentious</Value>
</Feature>
</Annotation>
<Annotation Id="1879" Type="Token" StartNode="4373" EndNode="4380">
<Feature>
  <Name className="java.lang.String">string</Name>
  <Value className="java.lang.String">forward</Value>
</Feature>
</Annotation>
<Annotation Id="1858" Type="Token" StartNode="4330" EndNode="4337">
<Feature>
  <Name className="java.lang.String">string</Name>
  <Value className="java.lang.String">alleged</Value>
</Feature>
</Annotation>
<Annotation Id="1852" Type="Token" StartNode="4312" EndNode="4320">
<Feature>
  <Name className="java.lang.String">string</Name>
  <Value className="java.lang.String">credence</Value>
</Feature>
</Annotation>
<Annotation Id="1850" Type="Token" StartNode="4305" EndNode="4311">
<Feature>
  <Name className="java.lang.String">string</Name>
  <Value className="java.lang.String">giving</Value>
</Feature>
</Annotation>
<Annotation Id="1846" Type="Token" StartNode="4291" EndNode="4298">
<Feature>
  <Name className="java.lang.String">string</Name>
  <Value className="java.lang.String">forward</Value>
</Feature>
</Annotation>
<Annotation Id="1838" Type="Token" StartNode="4272" EndNode="4279">
<Feature>
  <Name className="java.lang.String">string</Name>
  <Value className="java.lang.String">dismiss</Value>
</Feature>
</Annotation>
<Annotation Id="1825" Type="Token" StartNode="4250" EndNode="4257">
<Feature>
  <Name className="java.lang.String">string</Name>
  <Value className="java.lang.String">discuss</Value>
</Feature>
</Annotation>
<Annotation Id="1819" Type="Token" StartNode="4232" EndNode="4241">
<Feature>
  <Name className="java.lang.String">string</Name>
  <Value className="java.lang.String">something</Value>
</Feature>
</Annotation>
<Annotation Id="1817" Type="Token" StartNode="4224" EndNode="4231">
<Feature>
  <Name className="java.lang.String">string</Name>
  <Value className="java.lang.String">forward</Value>
</Feature>
</Annotation>
<Annotation Id="1815" Type="Token" StartNode="4216" EndNode="4223">
<Feature>
  <Name className="java.lang.String">string</Name>
  <Value className="java.lang.String">putting</Value>
</Feature>
</Annotation>
<Annotation Id="1813" Type="Token" StartNode="4208" EndNode="4215">
<Feature>
  <Name className="java.lang.String">string</Name>
  <Value className="java.lang.String">without</Value>
</Feature>
</Annotation>
<Annotation Id="1810" Type="Token" StartNode="4199" EndNode="4206">
<Feature>
  <Name className="java.lang.String">string</Name>
  <Value className="java.lang.String">forward</Value>
</Feature>
</Annotation>
<Annotation Id="1796" Type="Token" StartNode="4172" EndNode="4181">
<Feature>
  <Name className="java.lang.String">string</Name>
  <Value className="java.lang.String">something</Value>
</Feature>
</Annotation>
<Annotation Id="2035" Type="Token" StartNode="4726" EndNode="4735">
<Feature>
  <Name className="java.lang.String">string</Name>
  <Value className="java.lang.String">Scripture</Value>
</Feature>
</Annotation>
<Annotation Id="1990" Type="Token" StartNode="4637" EndNode="4643">
<Feature>
  <Name className="java.lang.String">string</Name>
  <Value className="java.lang.String">Simply</Value>
</Feature>
</Annotation>
<Annotation Id="1998" Type="Token" StartNode="4650" EndNode="4657">
<Feature>
  <Name className="java.lang.String">string</Name>
  <Value className="java.lang.String">stating</Value>
</Feature>
</Annotation>
<Annotation Id="1969" Type="Token" StartNode="4586" EndNode="4592">
<Feature>
  <Name className="java.lang.String">string</Name>
  <Value className="java.lang.String">please</Value>
</Feature>
</Annotation>
<Annotation Id="1978" Type="Token" StartNode="4607" EndNode="4616">
<Feature>
  <Name className="java.lang.String">string</Name>
  <Value className="java.lang.String">Scripture</Value>
</Feature>
</Annotation>
<Annotation Id="1954" Type="Token" StartNode="4555" EndNode="4564">
<Feature>
  <Name className="java.lang.String">string</Name>
  <Value className="java.lang.String">Scripture</Value>
</Feature>
</Annotation>
<Annotation Id="1942" Type="Token" StartNode="4522" EndNode="4531">
<Feature>
  <Name className="java.lang.String">string</Name>
  <Value className="java.lang.String">something</Value>
</Feature>
</Annotation>
<Annotation Id="1938" Type="Token" StartNode="4509" EndNode="4516">
<Feature>
  <Name className="java.lang.String">string</Name>
  <Value className="java.lang.String">believe</Value>
</Feature>
</Annotation>
<Annotation Id="1923" Type="Token" StartNode="4480" EndNode="4491">
<Feature>
  <Name className="java.lang.String">string</Name>
  <Value className="java.lang.String">understands</Value>
</Feature>
</Annotation>
<Annotation Id="2082" Type="Token" StartNode="4791" EndNode="4797">
<Feature>
  <Name className="java.lang.String">string</Name>
  <Value className="java.lang.String">Robert</Value>
</Feature>
</Annotation>
<Annotation Id="2086" Type="Token" StartNode="4804" EndNode="4812">
<Feature>
  <Name className="java.lang.String">string</Name>
  <Value className="java.lang.String">psyrobtw</Value>
</Feature>
</Annotation>
<Annotation Id="2092" Type="Token" StartNode="4822" EndNode="4829">
<Feature>
  <Name className="java.lang.String">string</Name>
  <Value className="java.lang.String">buffalo</Value>
</Feature>
</Annotation>
</AnnotationSet>
<AnnotationSet Name="Original markups"> </AnnotationSet>
</GateDocument>