<?xml version='1.0' encoding='UTF-8'?>
<GateDocument version="3">
<!-- The document's features-->

<GateDocumentFeatures>
<Feature>
  <Name className="java.lang.String">Original_document_content_on_load</Name>
  <Value className="java.lang.String"><![CDATA[Message-ID: <1993Apr21.025035.23134@husc3.harvard.edu>
From: kim39@scws8.harvard.edu (John Kim)
Date: 21 Apr 93 02:50:34 EDT
References: <C5D6Bx.6Jr@newsserver.technet.sg> <15240077@iftccu.ca.boeing.com> <C5JGz5.34J@SSD.intel.com>
Organization: Harvard University Science Center
Nntp-Posting-Host: scws8.harvard.edu
Lines: 17

In article <C5JGz5.34J@SSD.intel.com> hays@ssd.intel.com (Kirk Hays) writes:
>I'd like to point out that I was in error - "Terminator" began posting only 
>six months before he purchased his first firearm, according to private email
>from him.
>I can't produce an archived posting of his earlier than January 1992,
>and he purchased his first firearm in March 1992.
>I guess it only seemed like years.
>Kirk Hays - NRA Life, seventh generation.

I first read and consulted rec.guns in the summer of 1991.  I
just purchased my first firearm in early March of this year.

 NOt for lack of desire for a firearm, you understand.  I could 
have purchased a rifle or shotgun but didn't want one.
-Case Kim


]]></Value>
</Feature>
<Feature>
  <Name className="java.lang.String">gate.SourceURL</Name>
  <Value className="java.lang.String">file:/C:/Users/jian/Documents/NetBeansProjects/NoiseReductionTechniques/mideastPoliticsMix/negative196</Value>
</Feature>
</GateDocumentFeatures>
<!-- The document content area with serialized nodes -->

<TextWithNodes><Node id="0"/>Message-<Node id="8"/>ID<Node id="10"/>:<Node id="11"/> <Node id="12"/>&lt;<Node id="13"/>1993<Node id="17"/>Apr<Node id="20"/>21<Node id="22"/>.<Node id="23"/>025035<Node id="29"/>.<Node id="30"/>23134<Node id="35"/>@<Node id="36"/>husc<Node id="40"/>3<Node id="41"/>.<Node id="42"/>harvard<Node id="49"/>.<Node id="50"/>edu<Node id="53"/>&gt;<Node id="54"/>
<Node id="55"/>From<Node id="59"/>:<Node id="60"/> <Node id="61"/>kim<Node id="64"/>39<Node id="66"/>@<Node id="67"/>scws<Node id="71"/>8<Node id="72"/>.<Node id="73"/>harvard<Node id="80"/>.<Node id="81"/>edu<Node id="84"/> <Node id="85"/>(<Node id="86"/>John<Node id="90"/> <Node id="91"/>Kim<Node id="94"/>)<Node id="95"/>
<Node id="96"/>Date<Node id="100"/>:<Node id="101"/> <Node id="102"/>21<Node id="104"/> <Node id="105"/>Apr<Node id="108"/> <Node id="109"/>93<Node id="111"/> <Node id="112"/>02<Node id="114"/>:<Node id="115"/>50<Node id="117"/>:<Node id="118"/>34<Node id="120"/> <Node id="121"/>EDT<Node id="124"/>
<Node id="125"/>References<Node id="135"/>:<Node id="136"/> <Node id="137"/>&lt;<Node id="138"/>C<Node id="139"/>5<Node id="140"/>D<Node id="141"/>6<Node id="142"/>Bx<Node id="144"/>.<Node id="145"/>6<Node id="146"/>Jr<Node id="148"/>@<Node id="149"/>newsserver<Node id="159"/>.<Node id="160"/>technet<Node id="167"/>.<Node id="168"/>sg<Node id="170"/>&gt;<Node id="171"/> <Node id="172"/>&lt;<Node id="173"/>15240077<Node id="181"/>@<Node id="182"/>iftccu<Node id="188"/>.<Node id="189"/>ca<Node id="191"/>.<Node id="192"/>boeing<Node id="198"/>.<Node id="199"/>com<Node id="202"/>&gt;<Node id="203"/> <Node id="204"/>&lt;<Node id="205"/>C<Node id="206"/>5<Node id="207"/>JGz<Node id="210"/>5<Node id="211"/>.<Node id="212"/>34<Node id="214"/>J<Node id="215"/>@<Node id="216"/>SSD<Node id="219"/>.<Node id="220"/>intel<Node id="225"/>.<Node id="226"/>com<Node id="229"/>&gt;<Node id="230"/>
<Node id="231"/>Organization<Node id="243"/>:<Node id="244"/> <Node id="245"/>Harvard<Node id="252"/> <Node id="253"/>University<Node id="263"/> <Node id="264"/>Science<Node id="271"/> <Node id="272"/>Center<Node id="278"/>
<Node id="279"/>Nntp-<Node id="284"/>Posting-<Node id="292"/>Host<Node id="296"/>:<Node id="297"/> <Node id="298"/>scws<Node id="302"/>8<Node id="303"/>.<Node id="304"/>harvard<Node id="311"/>.<Node id="312"/>edu<Node id="315"/>
<Node id="316"/>Lines<Node id="321"/>:<Node id="322"/> <Node id="323"/>17<Node id="325"/>
<Node id="326"/>
<Node id="327"/>In<Node id="329"/> <Node id="330"/>article<Node id="337"/> <Node id="338"/>&lt;<Node id="339"/>C<Node id="340"/>5<Node id="341"/>JGz<Node id="344"/>5<Node id="345"/>.<Node id="346"/>34<Node id="348"/>J<Node id="349"/>@<Node id="350"/>SSD<Node id="353"/>.<Node id="354"/>intel<Node id="359"/>.<Node id="360"/>com<Node id="363"/>&gt;<Node id="364"/> <Node id="365"/>hays<Node id="369"/>@<Node id="370"/>ssd<Node id="373"/>.<Node id="374"/>intel<Node id="379"/>.<Node id="380"/>com<Node id="383"/> <Node id="384"/>(<Node id="385"/>Kirk<Node id="389"/> <Node id="390"/>Hays<Node id="394"/>)<Node id="395"/> <Node id="396"/>writes<Node id="402"/>:<Node id="403"/>
<Node id="404"/>&gt;<Node id="405"/>I<Node id="406"/>'d<Node id="408"/> <Node id="409"/>like<Node id="413"/> <Node id="414"/>to<Node id="416"/> <Node id="417"/>point<Node id="422"/> <Node id="423"/>out<Node id="426"/> <Node id="427"/>that<Node id="431"/> <Node id="432"/>I<Node id="433"/> <Node id="434"/>was<Node id="437"/> <Node id="438"/>in<Node id="440"/> <Node id="441"/>error<Node id="446"/> <Node id="447"/>-<Node id="448"/> <Node id="449"/>"<Node id="450"/>Terminator<Node id="460"/>"<Node id="461"/> <Node id="462"/>began<Node id="467"/> <Node id="468"/>posting<Node id="475"/> <Node id="476"/>only<Node id="480"/> <Node id="481"/>
<Node id="482"/>&gt;<Node id="483"/>six<Node id="486"/> <Node id="487"/>months<Node id="493"/> <Node id="494"/>before<Node id="500"/> <Node id="501"/>he<Node id="503"/> <Node id="504"/>purchased<Node id="513"/> <Node id="514"/>his<Node id="517"/> <Node id="518"/>first<Node id="523"/> <Node id="524"/>firearm<Node id="531"/>,<Node id="532"/> <Node id="533"/>according<Node id="542"/> <Node id="543"/>to<Node id="545"/> <Node id="546"/>private<Node id="553"/> <Node id="554"/>email<Node id="559"/>
<Node id="560"/>&gt;<Node id="561"/>from<Node id="565"/> <Node id="566"/>him<Node id="569"/>.<Node id="570"/>
<Node id="571"/>&gt;<Node id="572"/>I<Node id="573"/> <Node id="574"/>ca<Node id="576"/>n't<Node id="579"/> <Node id="580"/>produce<Node id="587"/> <Node id="588"/>an<Node id="590"/> <Node id="591"/>archived<Node id="599"/> <Node id="600"/>posting<Node id="607"/> <Node id="608"/>of<Node id="610"/> <Node id="611"/>his<Node id="614"/> <Node id="615"/>earlier<Node id="622"/> <Node id="623"/>than<Node id="627"/> <Node id="628"/>January<Node id="635"/> <Node id="636"/>1992<Node id="640"/>,<Node id="641"/>
<Node id="642"/>&gt;<Node id="643"/>and<Node id="646"/> <Node id="647"/>he<Node id="649"/> <Node id="650"/>purchased<Node id="659"/> <Node id="660"/>his<Node id="663"/> <Node id="664"/>first<Node id="669"/> <Node id="670"/>firearm<Node id="677"/> <Node id="678"/>in<Node id="680"/> <Node id="681"/>March<Node id="686"/> <Node id="687"/>1992<Node id="691"/>.<Node id="692"/>
<Node id="693"/>&gt;<Node id="694"/>I<Node id="695"/> <Node id="696"/>guess<Node id="701"/> <Node id="702"/>it<Node id="704"/> <Node id="705"/>only<Node id="709"/> <Node id="710"/>seemed<Node id="716"/> <Node id="717"/>like<Node id="721"/> <Node id="722"/>years<Node id="727"/>.<Node id="728"/>
<Node id="729"/>&gt;<Node id="730"/>Kirk<Node id="734"/> <Node id="735"/>Hays<Node id="739"/> <Node id="740"/>-<Node id="741"/> <Node id="742"/>NRA<Node id="745"/> <Node id="746"/>Life<Node id="750"/>,<Node id="751"/> <Node id="752"/>seventh<Node id="759"/> <Node id="760"/>generation<Node id="770"/>.<Node id="771"/>
<Node id="772"/>
<Node id="773"/>I<Node id="774"/> <Node id="775"/>first<Node id="780"/> <Node id="781"/>read<Node id="785"/> <Node id="786"/>and<Node id="789"/> <Node id="790"/>consulted<Node id="799"/> <Node id="800"/>rec<Node id="803"/>.<Node id="804"/>guns<Node id="808"/> <Node id="809"/>in<Node id="811"/> <Node id="812"/>the<Node id="815"/> <Node id="816"/>summer<Node id="822"/> <Node id="823"/>of<Node id="825"/> <Node id="826"/>1991<Node id="830"/>.<Node id="831"/> <Node id="832"/> <Node id="833"/>I<Node id="834"/>
<Node id="835"/>just<Node id="839"/> <Node id="840"/>purchased<Node id="849"/> <Node id="850"/>my<Node id="852"/> <Node id="853"/>first<Node id="858"/> <Node id="859"/>firearm<Node id="866"/> <Node id="867"/>in<Node id="869"/> <Node id="870"/>early<Node id="875"/> <Node id="876"/>March<Node id="881"/> <Node id="882"/>of<Node id="884"/> <Node id="885"/>this<Node id="889"/> <Node id="890"/>year<Node id="894"/>.<Node id="895"/>
<Node id="896"/>
<Node id="897"/> <Node id="898"/>NOt<Node id="901"/> <Node id="902"/>for<Node id="905"/> <Node id="906"/>lack<Node id="910"/> <Node id="911"/>of<Node id="913"/> <Node id="914"/>desire<Node id="920"/> <Node id="921"/>for<Node id="924"/> <Node id="925"/>a<Node id="926"/> <Node id="927"/>firearm<Node id="934"/>,<Node id="935"/> <Node id="936"/>you<Node id="939"/> <Node id="940"/>understand<Node id="950"/>.<Node id="951"/> <Node id="952"/> <Node id="953"/>I<Node id="954"/> <Node id="955"/>could<Node id="960"/> <Node id="961"/>
<Node id="962"/>have<Node id="966"/> <Node id="967"/>purchased<Node id="976"/> <Node id="977"/>a<Node id="978"/> <Node id="979"/>rifle<Node id="984"/> <Node id="985"/>or<Node id="987"/> <Node id="988"/>shotgun<Node id="995"/> <Node id="996"/>but<Node id="999"/> <Node id="1000"/>did<Node id="1003"/>n't<Node id="1006"/> <Node id="1007"/>want<Node id="1011"/> <Node id="1012"/>one<Node id="1015"/>.<Node id="1016"/>
<Node id="1017"/>-<Node id="1018"/>Case<Node id="1022"/> <Node id="1023"/>Kim<Node id="1026"/>
<Node id="1027"/>
<Node id="1028"/>
<Node id="1029"/></TextWithNodes>
<!-- The default annotation set -->

<AnnotationSet>
<Annotation EndNode="1029" StartNode="0" Type="Mention" Id="9999999">
<Feature>
<Name classname="java.lang.String">Class</Name>
<Value classname="java.lang.String">0</Value>
</Feature>
</Annotation>

<Annotation Id="0" Type="Token" StartNode="0" EndNode="8">
<Feature>
  <Name className="java.lang.String">string</Name>
  <Value className="java.lang.String">Message-</Value>
</Feature>
</Annotation>
<Annotation Id="9" Type="Token" StartNode="23" EndNode="29">
</Annotation>
<Annotation Id="16" Type="Token" StartNode="42" EndNode="49">
<Feature>
  <Name className="java.lang.String">string</Name>
  <Value className="java.lang.String">harvard</Value>
</Feature>
</Annotation>
<Annotation Id="30" Type="Token" StartNode="73" EndNode="80">
<Feature>
  <Name className="java.lang.String">string</Name>
  <Value className="java.lang.String">harvard</Value>
</Feature>
</Annotation>
<Annotation Id="57" Type="Token" StartNode="125" EndNode="135">
<Feature>
  <Name className="java.lang.String">string</Name>
  <Value className="java.lang.String">References</Value>
</Feature>
</Annotation>
<Annotation Id="70" Type="Token" StartNode="149" EndNode="159">
<Feature>
  <Name className="java.lang.String">string</Name>
  <Value className="java.lang.String">newsserver</Value>
</Feature>
</Annotation>
<Annotation Id="78" Type="Token" StartNode="173" EndNode="181">
</Annotation>
<Annotation Id="72" Type="Token" StartNode="160" EndNode="167">
<Feature>
  <Name className="java.lang.String">string</Name>
  <Value className="java.lang.String">technet</Value>
</Feature>
</Annotation>
<Annotation Id="84" Type="Token" StartNode="192" EndNode="198">
<Feature>
  <Name className="java.lang.String">string</Name>
  <Value className="java.lang.String">boeing</Value>
</Feature>
</Annotation>
<Annotation Id="80" Type="Token" StartNode="182" EndNode="188">
<Feature>
  <Name className="java.lang.String">string</Name>
  <Value className="java.lang.String">iftccu</Value>
</Feature>
</Annotation>
<Annotation Id="110" Type="Token" StartNode="253" EndNode="263">
<Feature>
  <Name className="java.lang.String">string</Name>
  <Value className="java.lang.String">University</Value>
</Feature>
</Annotation>
<Annotation Id="108" Type="Token" StartNode="245" EndNode="252">
<Feature>
  <Name className="java.lang.String">string</Name>
  <Value className="java.lang.String">Harvard</Value>
</Feature>
</Annotation>
<Annotation Id="105" Type="Token" StartNode="231" EndNode="243">
<Feature>
  <Name className="java.lang.String">string</Name>
  <Value className="java.lang.String">Organization</Value>
</Feature>
</Annotation>
<Annotation Id="117" Type="Token" StartNode="284" EndNode="292">
<Feature>
  <Name className="java.lang.String">string</Name>
  <Value className="java.lang.String">Posting-</Value>
</Feature>
</Annotation>
<Annotation Id="114" Type="Token" StartNode="272" EndNode="278">
<Feature>
  <Name className="java.lang.String">string</Name>
  <Value className="java.lang.String">Center</Value>
</Feature>
</Annotation>
<Annotation Id="112" Type="Token" StartNode="264" EndNode="271">
<Feature>
  <Name className="java.lang.String">string</Name>
  <Value className="java.lang.String">Science</Value>
</Feature>
</Annotation>
<Annotation Id="124" Type="Token" StartNode="304" EndNode="311">
<Feature>
  <Name className="java.lang.String">string</Name>
  <Value className="java.lang.String">harvard</Value>
</Feature>
</Annotation>
<Annotation Id="136" Type="Token" StartNode="330" EndNode="337">
<Feature>
  <Name className="java.lang.String">string</Name>
  <Value className="java.lang.String">article</Value>
</Feature>
</Annotation>
<Annotation Id="168" Type="Token" StartNode="396" EndNode="402">
<Feature>
  <Name className="java.lang.String">string</Name>
  <Value className="java.lang.String">writes</Value>
</Feature>
</Annotation>
<Annotation Id="202" Type="Token" StartNode="468" EndNode="475">
<Feature>
  <Name className="java.lang.String">string</Name>
  <Value className="java.lang.String">posting</Value>
</Feature>
</Annotation>
<Annotation Id="197" Type="Token" StartNode="450" EndNode="460">
<Feature>
  <Name className="java.lang.String">string</Name>
  <Value className="java.lang.String">Terminator</Value>
</Feature>
</Annotation>
<Annotation Id="222" Type="Token" StartNode="524" EndNode="531">
<Feature>
  <Name className="java.lang.String">string</Name>
  <Value className="java.lang.String">firearm</Value>
</Feature>
</Annotation>
<Annotation Id="216" Type="Token" StartNode="504" EndNode="513">
<Feature>
  <Name className="java.lang.String">string</Name>
  <Value className="java.lang.String">purchased</Value>
</Feature>
</Annotation>
<Annotation Id="212" Type="Token" StartNode="494" EndNode="500">
<Feature>
  <Name className="java.lang.String">string</Name>
  <Value className="java.lang.String">before</Value>
</Feature>
</Annotation>
<Annotation Id="210" Type="Token" StartNode="487" EndNode="493">
<Feature>
  <Name className="java.lang.String">string</Name>
  <Value className="java.lang.String">months</Value>
</Feature>
</Annotation>
<Annotation Id="229" Type="Token" StartNode="546" EndNode="553">
<Feature>
  <Name className="java.lang.String">string</Name>
  <Value className="java.lang.String">private</Value>
</Feature>
</Annotation>
<Annotation Id="225" Type="Token" StartNode="533" EndNode="542">
<Feature>
  <Name className="java.lang.String">string</Name>
  <Value className="java.lang.String">according</Value>
</Feature>
</Annotation>
<Annotation Id="252" Type="Token" StartNode="600" EndNode="607">
<Feature>
  <Name className="java.lang.String">string</Name>
  <Value className="java.lang.String">posting</Value>
</Feature>
</Annotation>
<Annotation Id="250" Type="Token" StartNode="591" EndNode="599">
<Feature>
  <Name className="java.lang.String">string</Name>
  <Value className="java.lang.String">archived</Value>
</Feature>
</Annotation>
<Annotation Id="246" Type="Token" StartNode="580" EndNode="587">
<Feature>
  <Name className="java.lang.String">string</Name>
  <Value className="java.lang.String">produce</Value>
</Feature>
</Annotation>
<Annotation Id="272" Type="Token" StartNode="650" EndNode="659">
<Feature>
  <Name className="java.lang.String">string</Name>
  <Value className="java.lang.String">purchased</Value>
</Feature>
</Annotation>
<Annotation Id="278" Type="Token" StartNode="670" EndNode="677">
<Feature>
  <Name className="java.lang.String">string</Name>
  <Value className="java.lang.String">firearm</Value>
</Feature>
</Annotation>
<Annotation Id="258" Type="Token" StartNode="615" EndNode="622">
<Feature>
  <Name className="java.lang.String">string</Name>
  <Value className="java.lang.String">earlier</Value>
</Feature>
</Annotation>
<Annotation Id="262" Type="Token" StartNode="628" EndNode="635">
<Feature>
  <Name className="java.lang.String">string</Name>
  <Value className="java.lang.String">January</Value>
</Feature>
</Annotation>
<Annotation Id="315" Type="Token" StartNode="752" EndNode="759">
<Feature>
  <Name className="java.lang.String">string</Name>
  <Value className="java.lang.String">seventh</Value>
</Feature>
</Annotation>
<Annotation Id="317" Type="Token" StartNode="760" EndNode="770">
<Feature>
  <Name className="java.lang.String">string</Name>
  <Value className="java.lang.String">generation</Value>
</Feature>
</Annotation>
<Annotation Id="296" Type="Token" StartNode="710" EndNode="716">
<Feature>
  <Name className="java.lang.String">string</Name>
  <Value className="java.lang.String">seemed</Value>
</Feature>
</Annotation>
<Annotation Id="339" Type="Token" StartNode="816" EndNode="822">
<Feature>
  <Name className="java.lang.String">string</Name>
  <Value className="java.lang.String">summer</Value>
</Feature>
</Annotation>
<Annotation Id="351" Type="Token" StartNode="840" EndNode="849">
<Feature>
  <Name className="java.lang.String">string</Name>
  <Value className="java.lang.String">purchased</Value>
</Feature>
</Annotation>
<Annotation Id="329" Type="Token" StartNode="790" EndNode="799">
<Feature>
  <Name className="java.lang.String">string</Name>
  <Value className="java.lang.String">consulted</Value>
</Feature>
</Annotation>
<Annotation Id="382" Type="Token" StartNode="914" EndNode="920">
<Feature>
  <Name className="java.lang.String">string</Name>
  <Value className="java.lang.String">desire</Value>
</Feature>
</Annotation>
<Annotation Id="357" Type="Token" StartNode="859" EndNode="866">
<Feature>
  <Name className="java.lang.String">string</Name>
  <Value className="java.lang.String">firearm</Value>
</Feature>
</Annotation>
<Annotation Id="412" Type="Token" StartNode="988" EndNode="995">
<Feature>
  <Name className="java.lang.String">string</Name>
  <Value className="java.lang.String">shotgun</Value>
</Feature>
</Annotation>
<Annotation Id="404" Type="Token" StartNode="967" EndNode="976">
<Feature>
  <Name className="java.lang.String">string</Name>
  <Value className="java.lang.String">purchased</Value>
</Feature>
</Annotation>
<Annotation Id="393" Type="Token" StartNode="940" EndNode="950">
<Feature>
  <Name className="java.lang.String">string</Name>
  <Value className="java.lang.String">understand</Value>
</Feature>
</Annotation>
<Annotation Id="388" Type="Token" StartNode="927" EndNode="934">
<Feature>
  <Name className="java.lang.String">string</Name>
  <Value className="java.lang.String">firearm</Value>
</Feature>
</Annotation>
</AnnotationSet>
<AnnotationSet Name="Original markups"> </AnnotationSet>
</GateDocument>