<?xml version='1.0' encoding='UTF-8'?>
<GateDocument version="3">
<!-- The document's features-->

<GateDocumentFeatures>
<Feature>
  <Name className="java.lang.String">Original_document_content_on_load</Name>
  <Value className="java.lang.String">From: poram@ihlpb.att.com
Message-ID: &lt;May.11.02.38.15.1993.28236@athos.rutgers.edu>
Date: 11 May 93 06:38:16 GMT
Sender: hedrick@athos.rutgers.edu
Organization: AT&amp;T
Lines: 86
Approved: christian@aramis.rutgers.edu

In article &lt;May.7.01.09.00.1993.14498@athos.rutgers.edu> revdak@netcom.com (D. Andrew Kille) writes:
>Dave Davis (ddavis@cass.ma02.bull.com) wrote:
>
>[lots deleted, with which I generally agree; there is no inherently
>defensible argument for the inclusion or exclusion of the Deuterocanonical
&gt;books]

>:  I think everyone would agree that principles that cannot be 
>:  consistently applied are not very useful as principles. 
>:  So, if we are to exclude them (not accord them the authority of
>:  Scripture) we would appear to require other reasons. What might these 
>:  reasons be?

Lets talk about principles. If we accept that God sets the
standards for what ought to be included in Scripture - then we
can ask:
1. Is it authoritative?
2. Is it prophetic?
3. Is it authentic?
4. Is it dynamic?
5. Is it received, collected, read and used?

On these counts, the apocrapha falls short of the glory of God.
To quote Unger's Bible Dictionary on the Apocrapha:
1. They abound in historical and geographical inaccuracies and
anachronisms.
2. They teach doctrines which are false and foster practices
which are at variance with sacred Scripture.
3. They resort to literary types and display an artificiality of
subject matter and styling out of keeping with sacred Scripture.
4. They lack the distinctive elements which give genuine
Scripture their divine character, such as prophetic power and
poetic and religious feeling.

>:  
>:  My interim conclusion is that Protestant exclusion of 
>:  (at least one of) these writings is one of those 'traditions
>:  of men' one hears of so often. They were excluded during the
>:  Reformation, and that appears to be the reason many people
>:  continue to exclude them.

But the problem with this argument lies in the assumption that
the Hebrew canon included the Apocrapha in the first place, and
it wasn't until the sixteenth century that Luther and co. threw
them out. The Jewish council you mentioned previously didn't
accept them, so the reformation protestants had good historical
precedence for their actions. Jerome only translated the
apocrapha under protest, and it was literally 'over his dead
body' that it was included in the catholic canon.

>The simple fact is that Protestant exclusion, Roman inclusion, Orthodox
>inclusion of still other books, or any other definition of a closed canon
>is the decision of a community of faith about what the standard collection
>of scripture shall be for that community.  They _all_ are "traditions of
>men."  Whether one considers that to be a problem or not depends on which
>community happens to be yours, and how you accept/ define authority within
>it.  I personally believe that the concept of a closed canon, whether
>Catholic, Protestant, or Orthodox is one that developed rather late in the
>history of the church, and which has not served the church well.

How do you then view the words: "I warn everyone who  hears the
words of the prophecy of this book: If anyone adds anything to
them, God will add to him the plagues described in this book.
And if anyone takes away from this book the prophecy, God will
take away from him his share in the tree of life and in the
holy city" (Rev 22.18-9)
Surely this sets the standard and not just man-made traditions.

It is also noteworthy to consider Jesus' attitude. He had no
argument with the pharisees over any of the OT canon (John
10.31-6), and explained to his followers on the road to Emmaus 
that in the law, prophets and psalms which referred to him - the 
OT division of Scripture (Luke 24.44), as well as in Luke 11.51
taking Genesis to Chronicles (the jewish order - we would say
Genesis to Malachi) as Scripture.

>See Dr. Lee MacDonald's _The Formation of the Christian Biblical Canon_
>(Abingdon, 1988) for a clear and faithful examination of the origins and
>issues of the canon.

I am not familiar with the book. 
Some other arguments you might like to consider are found in
Chapter 3 of Josh McDowell's Evidence That Demands A Verdict.

Barney Resson
"Many shall run to and fro, &amp; knowledge shall increase" (Daniel)
</Value>
</Feature>
<Feature>
  <Name className="java.lang.String">gate.SourceURL</Name>
  <Value className="java.lang.String">file:/C:/Users/jian/Documents/NetBeansProjects/NoiseReductionTechniques/mideastPoliticsMix/negative120</Value>
</Feature>
</GateDocumentFeatures>
<!-- The document content area with serialized nodes -->

<TextWithNodes><Node id="0"/>From<Node id="4"/>:<Node id="5"/> <Node id="6"/>poram<Node id="11"/>@<Node id="12"/>ihlpb<Node id="17"/>.<Node id="18"/>att<Node id="21"/>.<Node id="22"/>com<Node id="25"/>
<Node id="26"/>Message-<Node id="34"/>ID<Node id="36"/>:<Node id="37"/> <Node id="38"/>&lt;<Node id="39"/>May<Node id="42"/>.<Node id="43"/>11<Node id="45"/>.<Node id="46"/>02<Node id="48"/>.<Node id="49"/>38<Node id="51"/>.<Node id="52"/>15<Node id="54"/>.<Node id="55"/>1993<Node id="59"/>.<Node id="60"/>28236<Node id="65"/>@<Node id="66"/>athos<Node id="71"/>.<Node id="72"/>rutgers<Node id="79"/>.<Node id="80"/>edu<Node id="83"/>&gt;<Node id="84"/>
<Node id="85"/>Date<Node id="89"/>:<Node id="90"/> <Node id="91"/>11<Node id="93"/> <Node id="94"/>May<Node id="97"/> <Node id="98"/>93<Node id="100"/> <Node id="101"/>06<Node id="103"/>:<Node id="104"/>38<Node id="106"/>:<Node id="107"/>16<Node id="109"/> <Node id="110"/>GMT<Node id="113"/>
<Node id="114"/>Sender<Node id="120"/>:<Node id="121"/> <Node id="122"/>hedrick<Node id="129"/>@<Node id="130"/>athos<Node id="135"/>.<Node id="136"/>rutgers<Node id="143"/>.<Node id="144"/>edu<Node id="147"/>
<Node id="148"/>Organization<Node id="160"/>:<Node id="161"/> <Node id="162"/>AT<Node id="164"/>&amp;<Node id="165"/>T<Node id="166"/>
<Node id="167"/>Lines<Node id="172"/>:<Node id="173"/> <Node id="174"/>86<Node id="176"/>
<Node id="177"/>Approved<Node id="185"/>:<Node id="186"/> <Node id="187"/>christian<Node id="196"/>@<Node id="197"/>aramis<Node id="203"/>.<Node id="204"/>rutgers<Node id="211"/>.<Node id="212"/>edu<Node id="215"/>
<Node id="216"/>
<Node id="217"/>In<Node id="219"/> <Node id="220"/>article<Node id="227"/> <Node id="228"/>&lt;<Node id="229"/>May<Node id="232"/>.<Node id="233"/>7<Node id="234"/>.<Node id="235"/>01<Node id="237"/>.<Node id="238"/>09<Node id="240"/>.<Node id="241"/>00<Node id="243"/>.<Node id="244"/>1993<Node id="248"/>.<Node id="249"/>14498<Node id="254"/>@<Node id="255"/>athos<Node id="260"/>.<Node id="261"/>rutgers<Node id="268"/>.<Node id="269"/>edu<Node id="272"/>&gt;<Node id="273"/> <Node id="274"/>revdak<Node id="280"/>@<Node id="281"/>netcom<Node id="287"/>.<Node id="288"/>com<Node id="291"/> <Node id="292"/>(<Node id="293"/>D<Node id="294"/>.<Node id="295"/> <Node id="296"/>Andrew<Node id="302"/> <Node id="303"/>Kille<Node id="308"/>)<Node id="309"/> <Node id="310"/>writes<Node id="316"/>:<Node id="317"/>
<Node id="318"/>&gt;<Node id="319"/>Dave<Node id="323"/> <Node id="324"/>Davis<Node id="329"/> <Node id="330"/>(<Node id="331"/>ddavis<Node id="337"/>@<Node id="338"/>cass<Node id="342"/>.<Node id="343"/>ma<Node id="345"/>02<Node id="347"/>.<Node id="348"/>bull<Node id="352"/>.<Node id="353"/>com<Node id="356"/>)<Node id="357"/> <Node id="358"/>wrote<Node id="363"/>:<Node id="364"/>
<Node id="365"/>&gt;<Node id="366"/>
<Node id="367"/>&gt;<Node id="368"/>[<Node id="369"/>lots<Node id="373"/> <Node id="374"/>deleted<Node id="381"/>,<Node id="382"/> <Node id="383"/>with<Node id="387"/> <Node id="388"/>which<Node id="393"/> <Node id="394"/>I<Node id="395"/> <Node id="396"/>generally<Node id="405"/> <Node id="406"/>agree<Node id="411"/>;<Node id="412"/> <Node id="413"/>there<Node id="418"/> <Node id="419"/>is<Node id="421"/> <Node id="422"/>no<Node id="424"/> <Node id="425"/>inherently<Node id="435"/>
<Node id="436"/>&gt;<Node id="437"/>defensible<Node id="447"/> <Node id="448"/>argument<Node id="456"/> <Node id="457"/>for<Node id="460"/> <Node id="461"/>the<Node id="464"/> <Node id="465"/>inclusion<Node id="474"/> <Node id="475"/>or<Node id="477"/> <Node id="478"/>exclusion<Node id="487"/> <Node id="488"/>of<Node id="490"/> <Node id="491"/>the<Node id="494"/> <Node id="495"/>Deuterocanonical<Node id="511"/>
<Node id="512"/>&gt;<Node id="513"/>books<Node id="518"/>]<Node id="519"/>
<Node id="520"/>
<Node id="521"/>&gt;<Node id="522"/>:<Node id="523"/> <Node id="524"/> <Node id="525"/>I<Node id="526"/> <Node id="527"/>think<Node id="532"/> <Node id="533"/>everyone<Node id="541"/> <Node id="542"/>would<Node id="547"/> <Node id="548"/>agree<Node id="553"/> <Node id="554"/>that<Node id="558"/> <Node id="559"/>principles<Node id="569"/> <Node id="570"/>that<Node id="574"/> <Node id="575"/>can<Node id="578"/>not<Node id="581"/> <Node id="582"/>be<Node id="584"/> <Node id="585"/>
<Node id="586"/>&gt;<Node id="587"/>:<Node id="588"/> <Node id="589"/> <Node id="590"/>consistently<Node id="602"/> <Node id="603"/>applied<Node id="610"/> <Node id="611"/>are<Node id="614"/> <Node id="615"/>not<Node id="618"/> <Node id="619"/>very<Node id="623"/> <Node id="624"/>useful<Node id="630"/> <Node id="631"/>as<Node id="633"/> <Node id="634"/>principles<Node id="644"/>.<Node id="645"/> <Node id="646"/>
<Node id="647"/>&gt;<Node id="648"/>:<Node id="649"/> <Node id="650"/> <Node id="651"/>So<Node id="653"/>,<Node id="654"/> <Node id="655"/>if<Node id="657"/> <Node id="658"/>we<Node id="660"/> <Node id="661"/>are<Node id="664"/> <Node id="665"/>to<Node id="667"/> <Node id="668"/>exclude<Node id="675"/> <Node id="676"/>them<Node id="680"/> <Node id="681"/>(<Node id="682"/>not<Node id="685"/> <Node id="686"/>accord<Node id="692"/> <Node id="693"/>them<Node id="697"/> <Node id="698"/>the<Node id="701"/> <Node id="702"/>authority<Node id="711"/> <Node id="712"/>of<Node id="714"/>
<Node id="715"/>&gt;<Node id="716"/>:<Node id="717"/> <Node id="718"/> <Node id="719"/>Scripture<Node id="728"/>)<Node id="729"/> <Node id="730"/>we<Node id="732"/> <Node id="733"/>would<Node id="738"/> <Node id="739"/>appear<Node id="745"/> <Node id="746"/>to<Node id="748"/> <Node id="749"/>require<Node id="756"/> <Node id="757"/>other<Node id="762"/> <Node id="763"/>reasons<Node id="770"/>.<Node id="771"/> <Node id="772"/>What<Node id="776"/> <Node id="777"/>might<Node id="782"/> <Node id="783"/>these<Node id="788"/> <Node id="789"/>
<Node id="790"/>&gt;<Node id="791"/>:<Node id="792"/> <Node id="793"/> <Node id="794"/>reasons<Node id="801"/> <Node id="802"/>be<Node id="804"/>?<Node id="805"/>
<Node id="806"/>
<Node id="807"/>Lets<Node id="811"/> <Node id="812"/>talk<Node id="816"/> <Node id="817"/>about<Node id="822"/> <Node id="823"/>principles<Node id="833"/>.<Node id="834"/> <Node id="835"/>If<Node id="837"/> <Node id="838"/>we<Node id="840"/> <Node id="841"/>accept<Node id="847"/> <Node id="848"/>that<Node id="852"/> <Node id="853"/>God<Node id="856"/> <Node id="857"/>sets<Node id="861"/> <Node id="862"/>the<Node id="865"/>
<Node id="866"/>standards<Node id="875"/> <Node id="876"/>for<Node id="879"/> <Node id="880"/>what<Node id="884"/> <Node id="885"/>ought<Node id="890"/> <Node id="891"/>to<Node id="893"/> <Node id="894"/>be<Node id="896"/> <Node id="897"/>included<Node id="905"/> <Node id="906"/>in<Node id="908"/> <Node id="909"/>Scripture<Node id="918"/> <Node id="919"/>-<Node id="920"/> <Node id="921"/>then<Node id="925"/> <Node id="926"/>we<Node id="928"/>
<Node id="929"/>can<Node id="932"/> <Node id="933"/>ask<Node id="936"/>:<Node id="937"/>
<Node id="938"/>1<Node id="939"/>.<Node id="940"/> <Node id="941"/>Is<Node id="943"/> <Node id="944"/>it<Node id="946"/> <Node id="947"/>authoritative<Node id="960"/>?<Node id="961"/>
<Node id="962"/>2<Node id="963"/>.<Node id="964"/> <Node id="965"/>Is<Node id="967"/> <Node id="968"/>it<Node id="970"/> <Node id="971"/>prophetic<Node id="980"/>?<Node id="981"/>
<Node id="982"/>3<Node id="983"/>.<Node id="984"/> <Node id="985"/>Is<Node id="987"/> <Node id="988"/>it<Node id="990"/> <Node id="991"/>authentic<Node id="1000"/>?<Node id="1001"/>
<Node id="1002"/>4<Node id="1003"/>.<Node id="1004"/> <Node id="1005"/>Is<Node id="1007"/> <Node id="1008"/>it<Node id="1010"/> <Node id="1011"/>dynamic<Node id="1018"/>?<Node id="1019"/>
<Node id="1020"/>5<Node id="1021"/>.<Node id="1022"/> <Node id="1023"/>Is<Node id="1025"/> <Node id="1026"/>it<Node id="1028"/> <Node id="1029"/>received<Node id="1037"/>,<Node id="1038"/> <Node id="1039"/>collected<Node id="1048"/>,<Node id="1049"/> <Node id="1050"/>read<Node id="1054"/> <Node id="1055"/>and<Node id="1058"/> <Node id="1059"/>used<Node id="1063"/>?<Node id="1064"/>
<Node id="1065"/>
<Node id="1066"/>On<Node id="1068"/> <Node id="1069"/>these<Node id="1074"/> <Node id="1075"/>counts<Node id="1081"/>,<Node id="1082"/> <Node id="1083"/>the<Node id="1086"/> <Node id="1087"/>apocrapha<Node id="1096"/> <Node id="1097"/>falls<Node id="1102"/> <Node id="1103"/>short<Node id="1108"/> <Node id="1109"/>of<Node id="1111"/> <Node id="1112"/>the<Node id="1115"/> <Node id="1116"/>glory<Node id="1121"/> <Node id="1122"/>of<Node id="1124"/> <Node id="1125"/>God<Node id="1128"/>.<Node id="1129"/>
<Node id="1130"/>To<Node id="1132"/> <Node id="1133"/>quote<Node id="1138"/> <Node id="1139"/>Unger<Node id="1144"/>'s<Node id="1146"/> <Node id="1147"/>Bible<Node id="1152"/> <Node id="1153"/>Dictionary<Node id="1163"/> <Node id="1164"/>on<Node id="1166"/> <Node id="1167"/>the<Node id="1170"/> <Node id="1171"/>Apocrapha<Node id="1180"/>:<Node id="1181"/>
<Node id="1182"/>1<Node id="1183"/>.<Node id="1184"/> <Node id="1185"/>They<Node id="1189"/> <Node id="1190"/>abound<Node id="1196"/> <Node id="1197"/>in<Node id="1199"/> <Node id="1200"/>historical<Node id="1210"/> <Node id="1211"/>and<Node id="1214"/> <Node id="1215"/>geographical<Node id="1227"/> <Node id="1228"/>inaccuracies<Node id="1240"/> <Node id="1241"/>and<Node id="1244"/>
<Node id="1245"/>anachronisms<Node id="1257"/>.<Node id="1258"/>
<Node id="1259"/>2<Node id="1260"/>.<Node id="1261"/> <Node id="1262"/>They<Node id="1266"/> <Node id="1267"/>teach<Node id="1272"/> <Node id="1273"/>doctrines<Node id="1282"/> <Node id="1283"/>which<Node id="1288"/> <Node id="1289"/>are<Node id="1292"/> <Node id="1293"/>false<Node id="1298"/> <Node id="1299"/>and<Node id="1302"/> <Node id="1303"/>foster<Node id="1309"/> <Node id="1310"/>practices<Node id="1319"/>
<Node id="1320"/>which<Node id="1325"/> <Node id="1326"/>are<Node id="1329"/> <Node id="1330"/>at<Node id="1332"/> <Node id="1333"/>variance<Node id="1341"/> <Node id="1342"/>with<Node id="1346"/> <Node id="1347"/>sacred<Node id="1353"/> <Node id="1354"/>Scripture<Node id="1363"/>.<Node id="1364"/>
<Node id="1365"/>3<Node id="1366"/>.<Node id="1367"/> <Node id="1368"/>They<Node id="1372"/> <Node id="1373"/>resort<Node id="1379"/> <Node id="1380"/>to<Node id="1382"/> <Node id="1383"/>literary<Node id="1391"/> <Node id="1392"/>types<Node id="1397"/> <Node id="1398"/>and<Node id="1401"/> <Node id="1402"/>display<Node id="1409"/> <Node id="1410"/>an<Node id="1412"/> <Node id="1413"/>artificiality<Node id="1426"/> <Node id="1427"/>of<Node id="1429"/>
<Node id="1430"/>subject<Node id="1437"/> <Node id="1438"/>matter<Node id="1444"/> <Node id="1445"/>and<Node id="1448"/> <Node id="1449"/>styling<Node id="1456"/> <Node id="1457"/>out<Node id="1460"/> <Node id="1461"/>of<Node id="1463"/> <Node id="1464"/>keeping<Node id="1471"/> <Node id="1472"/>with<Node id="1476"/> <Node id="1477"/>sacred<Node id="1483"/> <Node id="1484"/>Scripture<Node id="1493"/>.<Node id="1494"/>
<Node id="1495"/>4<Node id="1496"/>.<Node id="1497"/> <Node id="1498"/>They<Node id="1502"/> <Node id="1503"/>lack<Node id="1507"/> <Node id="1508"/>the<Node id="1511"/> <Node id="1512"/>distinctive<Node id="1523"/> <Node id="1524"/>elements<Node id="1532"/> <Node id="1533"/>which<Node id="1538"/> <Node id="1539"/>give<Node id="1543"/> <Node id="1544"/>genuine<Node id="1551"/>
<Node id="1552"/>Scripture<Node id="1561"/> <Node id="1562"/>their<Node id="1567"/> <Node id="1568"/>divine<Node id="1574"/> <Node id="1575"/>character<Node id="1584"/>,<Node id="1585"/> <Node id="1586"/>such<Node id="1590"/> <Node id="1591"/>as<Node id="1593"/> <Node id="1594"/>prophetic<Node id="1603"/> <Node id="1604"/>power<Node id="1609"/> <Node id="1610"/>and<Node id="1613"/>
<Node id="1614"/>poetic<Node id="1620"/> <Node id="1621"/>and<Node id="1624"/> <Node id="1625"/>religious<Node id="1634"/> <Node id="1635"/>feeling<Node id="1642"/>.<Node id="1643"/>
<Node id="1644"/>
<Node id="1645"/>&gt;<Node id="1646"/>:<Node id="1647"/> <Node id="1648"/> <Node id="1649"/>
<Node id="1650"/>&gt;<Node id="1651"/>:<Node id="1652"/> <Node id="1653"/> <Node id="1654"/>My<Node id="1656"/> <Node id="1657"/>interim<Node id="1664"/> <Node id="1665"/>conclusion<Node id="1675"/> <Node id="1676"/>is<Node id="1678"/> <Node id="1679"/>that<Node id="1683"/> <Node id="1684"/>Protestant<Node id="1694"/> <Node id="1695"/>exclusion<Node id="1704"/> <Node id="1705"/>of<Node id="1707"/> <Node id="1708"/>
<Node id="1709"/>&gt;<Node id="1710"/>:<Node id="1711"/> <Node id="1712"/> <Node id="1713"/>(<Node id="1714"/>at<Node id="1716"/> <Node id="1717"/>least<Node id="1722"/> <Node id="1723"/>one<Node id="1726"/> <Node id="1727"/>of<Node id="1729"/>)<Node id="1730"/> <Node id="1731"/>these<Node id="1736"/> <Node id="1737"/>writings<Node id="1745"/> <Node id="1746"/>is<Node id="1748"/> <Node id="1749"/>one<Node id="1752"/> <Node id="1753"/>of<Node id="1755"/> <Node id="1756"/>those<Node id="1761"/> <Node id="1762"/>'<Node id="1763"/>traditions<Node id="1773"/>
<Node id="1774"/>&gt;<Node id="1775"/>:<Node id="1776"/> <Node id="1777"/> <Node id="1778"/>of<Node id="1780"/> <Node id="1781"/>men<Node id="1784"/>'<Node id="1785"/> <Node id="1786"/>one<Node id="1789"/> <Node id="1790"/>hears<Node id="1795"/> <Node id="1796"/>of<Node id="1798"/> <Node id="1799"/>so<Node id="1801"/> <Node id="1802"/>often<Node id="1807"/>.<Node id="1808"/> <Node id="1809"/>They<Node id="1813"/> <Node id="1814"/>were<Node id="1818"/> <Node id="1819"/>excluded<Node id="1827"/> <Node id="1828"/>during<Node id="1834"/> <Node id="1835"/>the<Node id="1838"/>
<Node id="1839"/>&gt;<Node id="1840"/>:<Node id="1841"/> <Node id="1842"/> <Node id="1843"/>Reformation<Node id="1854"/>,<Node id="1855"/> <Node id="1856"/>and<Node id="1859"/> <Node id="1860"/>that<Node id="1864"/> <Node id="1865"/>appears<Node id="1872"/> <Node id="1873"/>to<Node id="1875"/> <Node id="1876"/>be<Node id="1878"/> <Node id="1879"/>the<Node id="1882"/> <Node id="1883"/>reason<Node id="1889"/> <Node id="1890"/>many<Node id="1894"/> <Node id="1895"/>people<Node id="1901"/>
<Node id="1902"/>&gt;<Node id="1903"/>:<Node id="1904"/> <Node id="1905"/> <Node id="1906"/>continue<Node id="1914"/> <Node id="1915"/>to<Node id="1917"/> <Node id="1918"/>exclude<Node id="1925"/> <Node id="1926"/>them<Node id="1930"/>.<Node id="1931"/>
<Node id="1932"/>
<Node id="1933"/>But<Node id="1936"/> <Node id="1937"/>the<Node id="1940"/> <Node id="1941"/>problem<Node id="1948"/> <Node id="1949"/>with<Node id="1953"/> <Node id="1954"/>this<Node id="1958"/> <Node id="1959"/>argument<Node id="1967"/> <Node id="1968"/>lies<Node id="1972"/> <Node id="1973"/>in<Node id="1975"/> <Node id="1976"/>the<Node id="1979"/> <Node id="1980"/>assumption<Node id="1990"/> <Node id="1991"/>that<Node id="1995"/>
<Node id="1996"/>the<Node id="1999"/> <Node id="2000"/>Hebrew<Node id="2006"/> <Node id="2007"/>canon<Node id="2012"/> <Node id="2013"/>included<Node id="2021"/> <Node id="2022"/>the<Node id="2025"/> <Node id="2026"/>Apocrapha<Node id="2035"/> <Node id="2036"/>in<Node id="2038"/> <Node id="2039"/>the<Node id="2042"/> <Node id="2043"/>first<Node id="2048"/> <Node id="2049"/>place<Node id="2054"/>,<Node id="2055"/> <Node id="2056"/>and<Node id="2059"/>
<Node id="2060"/>it<Node id="2062"/> <Node id="2063"/>was<Node id="2066"/>n't<Node id="2069"/> <Node id="2070"/>until<Node id="2075"/> <Node id="2076"/>the<Node id="2079"/> <Node id="2080"/>sixteenth<Node id="2089"/> <Node id="2090"/>century<Node id="2097"/> <Node id="2098"/>that<Node id="2102"/> <Node id="2103"/>Luther<Node id="2109"/> <Node id="2110"/>and<Node id="2113"/> <Node id="2114"/>co<Node id="2116"/>.<Node id="2117"/> <Node id="2118"/>threw<Node id="2123"/>
<Node id="2124"/>them<Node id="2128"/> <Node id="2129"/>out<Node id="2132"/>.<Node id="2133"/> <Node id="2134"/>The<Node id="2137"/> <Node id="2138"/>Jewish<Node id="2144"/> <Node id="2145"/>council<Node id="2152"/> <Node id="2153"/>you<Node id="2156"/> <Node id="2157"/>mentioned<Node id="2166"/> <Node id="2167"/>previously<Node id="2177"/> <Node id="2178"/>did<Node id="2181"/>n't<Node id="2184"/>
<Node id="2185"/>accept<Node id="2191"/> <Node id="2192"/>them<Node id="2196"/>,<Node id="2197"/> <Node id="2198"/>so<Node id="2200"/> <Node id="2201"/>the<Node id="2204"/> <Node id="2205"/>reformation<Node id="2216"/> <Node id="2217"/>protestants<Node id="2228"/> <Node id="2229"/>had<Node id="2232"/> <Node id="2233"/>good<Node id="2237"/> <Node id="2238"/>historical<Node id="2248"/>
<Node id="2249"/>precedence<Node id="2259"/> <Node id="2260"/>for<Node id="2263"/> <Node id="2264"/>their<Node id="2269"/> <Node id="2270"/>actions<Node id="2277"/>.<Node id="2278"/> <Node id="2279"/>Jerome<Node id="2285"/> <Node id="2286"/>only<Node id="2290"/> <Node id="2291"/>translated<Node id="2301"/> <Node id="2302"/>the<Node id="2305"/>
<Node id="2306"/>apocrapha<Node id="2315"/> <Node id="2316"/>under<Node id="2321"/> <Node id="2322"/>protest<Node id="2329"/>,<Node id="2330"/> <Node id="2331"/>and<Node id="2334"/> <Node id="2335"/>it<Node id="2337"/> <Node id="2338"/>was<Node id="2341"/> <Node id="2342"/>literally<Node id="2351"/> <Node id="2352"/>'<Node id="2353"/>over<Node id="2357"/> <Node id="2358"/>his<Node id="2361"/> <Node id="2362"/>dead<Node id="2366"/>
<Node id="2367"/>body<Node id="2371"/>'<Node id="2372"/> <Node id="2373"/>that<Node id="2377"/> <Node id="2378"/>it<Node id="2380"/> <Node id="2381"/>was<Node id="2384"/> <Node id="2385"/>included<Node id="2393"/> <Node id="2394"/>in<Node id="2396"/> <Node id="2397"/>the<Node id="2400"/> <Node id="2401"/>catholic<Node id="2409"/> <Node id="2410"/>canon<Node id="2415"/>.<Node id="2416"/>
<Node id="2417"/>
<Node id="2418"/>&gt;<Node id="2419"/>The<Node id="2422"/> <Node id="2423"/>simple<Node id="2429"/> <Node id="2430"/>fact<Node id="2434"/> <Node id="2435"/>is<Node id="2437"/> <Node id="2438"/>that<Node id="2442"/> <Node id="2443"/>Protestant<Node id="2453"/> <Node id="2454"/>exclusion<Node id="2463"/>,<Node id="2464"/> <Node id="2465"/>Roman<Node id="2470"/> <Node id="2471"/>inclusion<Node id="2480"/>,<Node id="2481"/> <Node id="2482"/>Orthodox<Node id="2490"/>
<Node id="2491"/>&gt;<Node id="2492"/>inclusion<Node id="2501"/> <Node id="2502"/>of<Node id="2504"/> <Node id="2505"/>still<Node id="2510"/> <Node id="2511"/>other<Node id="2516"/> <Node id="2517"/>books<Node id="2522"/>,<Node id="2523"/> <Node id="2524"/>or<Node id="2526"/> <Node id="2527"/>any<Node id="2530"/> <Node id="2531"/>other<Node id="2536"/> <Node id="2537"/>definition<Node id="2547"/> <Node id="2548"/>of<Node id="2550"/> <Node id="2551"/>a<Node id="2552"/> <Node id="2553"/>closed<Node id="2559"/> <Node id="2560"/>canon<Node id="2565"/>
<Node id="2566"/>&gt;<Node id="2567"/>is<Node id="2569"/> <Node id="2570"/>the<Node id="2573"/> <Node id="2574"/>decision<Node id="2582"/> <Node id="2583"/>of<Node id="2585"/> <Node id="2586"/>a<Node id="2587"/> <Node id="2588"/>community<Node id="2597"/> <Node id="2598"/>of<Node id="2600"/> <Node id="2601"/>faith<Node id="2606"/> <Node id="2607"/>about<Node id="2612"/> <Node id="2613"/>what<Node id="2617"/> <Node id="2618"/>the<Node id="2621"/> <Node id="2622"/>standard<Node id="2630"/> <Node id="2631"/>collection<Node id="2641"/>
<Node id="2642"/>&gt;<Node id="2643"/>of<Node id="2645"/> <Node id="2646"/>scripture<Node id="2655"/> <Node id="2656"/>shall<Node id="2661"/> <Node id="2662"/>be<Node id="2664"/> <Node id="2665"/>for<Node id="2668"/> <Node id="2669"/>that<Node id="2673"/> <Node id="2674"/>community<Node id="2683"/>.<Node id="2684"/> <Node id="2685"/> <Node id="2686"/>They<Node id="2690"/> <Node id="2691"/>_<Node id="2692"/>all<Node id="2695"/>_<Node id="2696"/> <Node id="2697"/>are<Node id="2700"/> <Node id="2701"/>"<Node id="2702"/>traditions<Node id="2712"/> <Node id="2713"/>of<Node id="2715"/>
<Node id="2716"/>&gt;<Node id="2717"/>men<Node id="2720"/>.<Node id="2721"/>"<Node id="2722"/> <Node id="2723"/> <Node id="2724"/>Whether<Node id="2731"/> <Node id="2732"/>one<Node id="2735"/> <Node id="2736"/>considers<Node id="2745"/> <Node id="2746"/>that<Node id="2750"/> <Node id="2751"/>to<Node id="2753"/> <Node id="2754"/>be<Node id="2756"/> <Node id="2757"/>a<Node id="2758"/> <Node id="2759"/>problem<Node id="2766"/> <Node id="2767"/>or<Node id="2769"/> <Node id="2770"/>not<Node id="2773"/> <Node id="2774"/>depends<Node id="2781"/> <Node id="2782"/>on<Node id="2784"/> <Node id="2785"/>which<Node id="2790"/>
<Node id="2791"/>&gt;<Node id="2792"/>community<Node id="2801"/> <Node id="2802"/>happens<Node id="2809"/> <Node id="2810"/>to<Node id="2812"/> <Node id="2813"/>be<Node id="2815"/> <Node id="2816"/>yours<Node id="2821"/>,<Node id="2822"/> <Node id="2823"/>and<Node id="2826"/> <Node id="2827"/>how<Node id="2830"/> <Node id="2831"/>you<Node id="2834"/> <Node id="2835"/>accept<Node id="2841"/>/<Node id="2842"/> <Node id="2843"/>define<Node id="2849"/> <Node id="2850"/>authority<Node id="2859"/> <Node id="2860"/>within<Node id="2866"/>
<Node id="2867"/>&gt;<Node id="2868"/>it<Node id="2870"/>.<Node id="2871"/> <Node id="2872"/> <Node id="2873"/>I<Node id="2874"/> <Node id="2875"/>personally<Node id="2885"/> <Node id="2886"/>believe<Node id="2893"/> <Node id="2894"/>that<Node id="2898"/> <Node id="2899"/>the<Node id="2902"/> <Node id="2903"/>concept<Node id="2910"/> <Node id="2911"/>of<Node id="2913"/> <Node id="2914"/>a<Node id="2915"/> <Node id="2916"/>closed<Node id="2922"/> <Node id="2923"/>canon<Node id="2928"/>,<Node id="2929"/> <Node id="2930"/>whether<Node id="2937"/>
<Node id="2938"/>&gt;<Node id="2939"/>Catholic<Node id="2947"/>,<Node id="2948"/> <Node id="2949"/>Protestant<Node id="2959"/>,<Node id="2960"/> <Node id="2961"/>or<Node id="2963"/> <Node id="2964"/>Orthodox<Node id="2972"/> <Node id="2973"/>is<Node id="2975"/> <Node id="2976"/>one<Node id="2979"/> <Node id="2980"/>that<Node id="2984"/> <Node id="2985"/>developed<Node id="2994"/> <Node id="2995"/>rather<Node id="3001"/> <Node id="3002"/>late<Node id="3006"/> <Node id="3007"/>in<Node id="3009"/> <Node id="3010"/>the<Node id="3013"/>
<Node id="3014"/>&gt;<Node id="3015"/>history<Node id="3022"/> <Node id="3023"/>of<Node id="3025"/> <Node id="3026"/>the<Node id="3029"/> <Node id="3030"/>church<Node id="3036"/>,<Node id="3037"/> <Node id="3038"/>and<Node id="3041"/> <Node id="3042"/>which<Node id="3047"/> <Node id="3048"/>has<Node id="3051"/> <Node id="3052"/>not<Node id="3055"/> <Node id="3056"/>served<Node id="3062"/> <Node id="3063"/>the<Node id="3066"/> <Node id="3067"/>church<Node id="3073"/> <Node id="3074"/>well<Node id="3078"/>.<Node id="3079"/>
<Node id="3080"/>
<Node id="3081"/>How<Node id="3084"/> <Node id="3085"/>do<Node id="3087"/> <Node id="3088"/>you<Node id="3091"/> <Node id="3092"/>then<Node id="3096"/> <Node id="3097"/>view<Node id="3101"/> <Node id="3102"/>the<Node id="3105"/> <Node id="3106"/>words<Node id="3111"/>:<Node id="3112"/> <Node id="3113"/>"<Node id="3114"/>I<Node id="3115"/> <Node id="3116"/>warn<Node id="3120"/> <Node id="3121"/>everyone<Node id="3129"/> <Node id="3130"/>who<Node id="3133"/> <Node id="3134"/> <Node id="3135"/>hears<Node id="3140"/> <Node id="3141"/>the<Node id="3144"/>
<Node id="3145"/>words<Node id="3150"/> <Node id="3151"/>of<Node id="3153"/> <Node id="3154"/>the<Node id="3157"/> <Node id="3158"/>prophecy<Node id="3166"/> <Node id="3167"/>of<Node id="3169"/> <Node id="3170"/>this<Node id="3174"/> <Node id="3175"/>book<Node id="3179"/>:<Node id="3180"/> <Node id="3181"/>If<Node id="3183"/> <Node id="3184"/>anyone<Node id="3190"/> <Node id="3191"/>adds<Node id="3195"/> <Node id="3196"/>anything<Node id="3204"/> <Node id="3205"/>to<Node id="3207"/>
<Node id="3208"/>them<Node id="3212"/>,<Node id="3213"/> <Node id="3214"/>God<Node id="3217"/> <Node id="3218"/>will<Node id="3222"/> <Node id="3223"/>add<Node id="3226"/> <Node id="3227"/>to<Node id="3229"/> <Node id="3230"/>him<Node id="3233"/> <Node id="3234"/>the<Node id="3237"/> <Node id="3238"/>plagues<Node id="3245"/> <Node id="3246"/>described<Node id="3255"/> <Node id="3256"/>in<Node id="3258"/> <Node id="3259"/>this<Node id="3263"/> <Node id="3264"/>book<Node id="3268"/>.<Node id="3269"/>
<Node id="3270"/>And<Node id="3273"/> <Node id="3274"/>if<Node id="3276"/> <Node id="3277"/>anyone<Node id="3283"/> <Node id="3284"/>takes<Node id="3289"/> <Node id="3290"/>away<Node id="3294"/> <Node id="3295"/>from<Node id="3299"/> <Node id="3300"/>this<Node id="3304"/> <Node id="3305"/>book<Node id="3309"/> <Node id="3310"/>the<Node id="3313"/> <Node id="3314"/>prophecy<Node id="3322"/>,<Node id="3323"/> <Node id="3324"/>God<Node id="3327"/> <Node id="3328"/>will<Node id="3332"/>
<Node id="3333"/>take<Node id="3337"/> <Node id="3338"/>away<Node id="3342"/> <Node id="3343"/>from<Node id="3347"/> <Node id="3348"/>him<Node id="3351"/> <Node id="3352"/>his<Node id="3355"/> <Node id="3356"/>share<Node id="3361"/> <Node id="3362"/>in<Node id="3364"/> <Node id="3365"/>the<Node id="3368"/> <Node id="3369"/>tree<Node id="3373"/> <Node id="3374"/>of<Node id="3376"/> <Node id="3377"/>life<Node id="3381"/> <Node id="3382"/>and<Node id="3385"/> <Node id="3386"/>in<Node id="3388"/> <Node id="3389"/>the<Node id="3392"/>
<Node id="3393"/>holy<Node id="3397"/> <Node id="3398"/>city<Node id="3402"/>"<Node id="3403"/> <Node id="3404"/>(<Node id="3405"/>Rev<Node id="3408"/> <Node id="3409"/>22<Node id="3411"/>.<Node id="3412"/>18<Node id="3414"/>-<Node id="3415"/>9<Node id="3416"/>)<Node id="3417"/>
<Node id="3418"/>Surely<Node id="3424"/> <Node id="3425"/>this<Node id="3429"/> <Node id="3430"/>sets<Node id="3434"/> <Node id="3435"/>the<Node id="3438"/> <Node id="3439"/>standard<Node id="3447"/> <Node id="3448"/>and<Node id="3451"/> <Node id="3452"/>not<Node id="3455"/> <Node id="3456"/>just<Node id="3460"/> <Node id="3461"/>man-made<Node id="3469"/> <Node id="3470"/>traditions<Node id="3480"/>.<Node id="3481"/>
<Node id="3482"/>
<Node id="3483"/>It<Node id="3485"/> <Node id="3486"/>is<Node id="3488"/> <Node id="3489"/>also<Node id="3493"/> <Node id="3494"/>noteworthy<Node id="3504"/> <Node id="3505"/>to<Node id="3507"/> <Node id="3508"/>consider<Node id="3516"/> <Node id="3517"/>Jesus<Node id="3522"/>'<Node id="3523"/> <Node id="3524"/>attitude<Node id="3532"/>.<Node id="3533"/> <Node id="3534"/>He<Node id="3536"/> <Node id="3537"/>had<Node id="3540"/> <Node id="3541"/>no<Node id="3543"/>
<Node id="3544"/>argument<Node id="3552"/> <Node id="3553"/>with<Node id="3557"/> <Node id="3558"/>the<Node id="3561"/> <Node id="3562"/>pharisees<Node id="3571"/> <Node id="3572"/>over<Node id="3576"/> <Node id="3577"/>any<Node id="3580"/> <Node id="3581"/>of<Node id="3583"/> <Node id="3584"/>the<Node id="3587"/> <Node id="3588"/>OT<Node id="3590"/> <Node id="3591"/>canon<Node id="3596"/> <Node id="3597"/>(<Node id="3598"/>John<Node id="3602"/>
<Node id="3603"/>10<Node id="3605"/>.<Node id="3606"/>31<Node id="3608"/>-<Node id="3609"/>6<Node id="3610"/>)<Node id="3611"/>,<Node id="3612"/> <Node id="3613"/>and<Node id="3616"/> <Node id="3617"/>explained<Node id="3626"/> <Node id="3627"/>to<Node id="3629"/> <Node id="3630"/>his<Node id="3633"/> <Node id="3634"/>followers<Node id="3643"/> <Node id="3644"/>on<Node id="3646"/> <Node id="3647"/>the<Node id="3650"/> <Node id="3651"/>road<Node id="3655"/> <Node id="3656"/>to<Node id="3658"/> <Node id="3659"/>Emmaus<Node id="3665"/> <Node id="3666"/>
<Node id="3667"/>that<Node id="3671"/> <Node id="3672"/>in<Node id="3674"/> <Node id="3675"/>the<Node id="3678"/> <Node id="3679"/>law<Node id="3682"/>,<Node id="3683"/> <Node id="3684"/>prophets<Node id="3692"/> <Node id="3693"/>and<Node id="3696"/> <Node id="3697"/>psalms<Node id="3703"/> <Node id="3704"/>which<Node id="3709"/> <Node id="3710"/>referred<Node id="3718"/> <Node id="3719"/>to<Node id="3721"/> <Node id="3722"/>him<Node id="3725"/> <Node id="3726"/>-<Node id="3727"/> <Node id="3728"/>the<Node id="3731"/> <Node id="3732"/>
<Node id="3733"/>OT<Node id="3735"/> <Node id="3736"/>division<Node id="3744"/> <Node id="3745"/>of<Node id="3747"/> <Node id="3748"/>Scripture<Node id="3757"/> <Node id="3758"/>(<Node id="3759"/>Luke<Node id="3763"/> <Node id="3764"/>24<Node id="3766"/>.<Node id="3767"/>44<Node id="3769"/>)<Node id="3770"/>,<Node id="3771"/> <Node id="3772"/>as<Node id="3774"/> <Node id="3775"/>well<Node id="3779"/> <Node id="3780"/>as<Node id="3782"/> <Node id="3783"/>in<Node id="3785"/> <Node id="3786"/>Luke<Node id="3790"/> <Node id="3791"/>11<Node id="3793"/>.<Node id="3794"/>51<Node id="3796"/>
<Node id="3797"/>taking<Node id="3803"/> <Node id="3804"/>Genesis<Node id="3811"/> <Node id="3812"/>to<Node id="3814"/> <Node id="3815"/>Chronicles<Node id="3825"/> <Node id="3826"/>(<Node id="3827"/>the<Node id="3830"/> <Node id="3831"/>jewish<Node id="3837"/> <Node id="3838"/>order<Node id="3843"/> <Node id="3844"/>-<Node id="3845"/> <Node id="3846"/>we<Node id="3848"/> <Node id="3849"/>would<Node id="3854"/> <Node id="3855"/>say<Node id="3858"/>
<Node id="3859"/>Genesis<Node id="3866"/> <Node id="3867"/>to<Node id="3869"/> <Node id="3870"/>Malachi<Node id="3877"/>)<Node id="3878"/> <Node id="3879"/>as<Node id="3881"/> <Node id="3882"/>Scripture<Node id="3891"/>.<Node id="3892"/>
<Node id="3893"/>
<Node id="3894"/>&gt;<Node id="3895"/>See<Node id="3898"/> <Node id="3899"/>Dr<Node id="3901"/>.<Node id="3902"/> <Node id="3903"/>Lee<Node id="3906"/> <Node id="3907"/>MacDonald<Node id="3916"/>'s<Node id="3918"/> <Node id="3919"/>_<Node id="3920"/>The<Node id="3923"/> <Node id="3924"/>Formation<Node id="3933"/> <Node id="3934"/>of<Node id="3936"/> <Node id="3937"/>the<Node id="3940"/> <Node id="3941"/>Christian<Node id="3950"/> <Node id="3951"/>Biblical<Node id="3959"/> <Node id="3960"/>Canon<Node id="3965"/>_<Node id="3966"/>
<Node id="3967"/>&gt;<Node id="3968"/>(<Node id="3969"/>Abingdon<Node id="3977"/>,<Node id="3978"/> <Node id="3979"/>1988<Node id="3983"/>)<Node id="3984"/> <Node id="3985"/>for<Node id="3988"/> <Node id="3989"/>a<Node id="3990"/> <Node id="3991"/>clear<Node id="3996"/> <Node id="3997"/>and<Node id="4000"/> <Node id="4001"/>faithful<Node id="4009"/> <Node id="4010"/>examination<Node id="4021"/> <Node id="4022"/>of<Node id="4024"/> <Node id="4025"/>the<Node id="4028"/> <Node id="4029"/>origins<Node id="4036"/> <Node id="4037"/>and<Node id="4040"/>
<Node id="4041"/>&gt;<Node id="4042"/>issues<Node id="4048"/> <Node id="4049"/>of<Node id="4051"/> <Node id="4052"/>the<Node id="4055"/> <Node id="4056"/>canon<Node id="4061"/>.<Node id="4062"/>
<Node id="4063"/>
<Node id="4064"/>I<Node id="4065"/> <Node id="4066"/>am<Node id="4068"/> <Node id="4069"/>not<Node id="4072"/> <Node id="4073"/>familiar<Node id="4081"/> <Node id="4082"/>with<Node id="4086"/> <Node id="4087"/>the<Node id="4090"/> <Node id="4091"/>book<Node id="4095"/>.<Node id="4096"/> <Node id="4097"/>
<Node id="4098"/>Some<Node id="4102"/> <Node id="4103"/>other<Node id="4108"/> <Node id="4109"/>arguments<Node id="4118"/> <Node id="4119"/>you<Node id="4122"/> <Node id="4123"/>might<Node id="4128"/> <Node id="4129"/>like<Node id="4133"/> <Node id="4134"/>to<Node id="4136"/> <Node id="4137"/>consider<Node id="4145"/> <Node id="4146"/>are<Node id="4149"/> <Node id="4150"/>found<Node id="4155"/> <Node id="4156"/>in<Node id="4158"/>
<Node id="4159"/>Chapter<Node id="4166"/> <Node id="4167"/>3<Node id="4168"/> <Node id="4169"/>of<Node id="4171"/> <Node id="4172"/>Josh<Node id="4176"/> <Node id="4177"/>McDowell<Node id="4185"/>'s<Node id="4187"/> <Node id="4188"/>Evidence<Node id="4196"/> <Node id="4197"/>That<Node id="4201"/> <Node id="4202"/>Demands<Node id="4209"/> <Node id="4210"/>A<Node id="4211"/> <Node id="4212"/>Verdict<Node id="4219"/>.<Node id="4220"/>
<Node id="4221"/>
<Node id="4222"/>Barney<Node id="4228"/> <Node id="4229"/>Resson<Node id="4235"/>
<Node id="4236"/>"<Node id="4237"/>Many<Node id="4241"/> <Node id="4242"/>shall<Node id="4247"/> <Node id="4248"/>run<Node id="4251"/> <Node id="4252"/>to<Node id="4254"/> <Node id="4255"/>and<Node id="4258"/> <Node id="4259"/>fro<Node id="4262"/>,<Node id="4263"/> <Node id="4264"/>&amp;<Node id="4265"/> <Node id="4266"/>knowledge<Node id="4275"/> <Node id="4276"/>shall<Node id="4281"/> <Node id="4282"/>increase<Node id="4290"/>"<Node id="4291"/> <Node id="4292"/>(<Node id="4293"/>Daniel<Node id="4299"/>)<Node id="4300"/>
<Node id="4301"/></TextWithNodes>
<!-- The default annotation set -->

<AnnotationSet>
<Annotation EndNode="4301" StartNode="0" Type="Mention" Id="9999999">
<Feature>
<Name classname="java.lang.String">Class</Name>
<Value classname="java.lang.String">0</Value>
</Feature>
</Annotation>

<Annotation Id="11" Type="Token" StartNode="26" EndNode="34">
<Feature>
  <Name className="java.lang.String">string</Name>
  <Value className="java.lang.String">Message-</Value>
</Feature>
</Annotation>
<Annotation Id="32" Type="Token" StartNode="72" EndNode="79">
<Feature>
  <Name className="java.lang.String">string</Name>
  <Value className="java.lang.String">rutgers</Value>
</Feature>
</Annotation>
<Annotation Id="54" Type="Token" StartNode="114" EndNode="120">
<Feature>
  <Name className="java.lang.String">string</Name>
  <Value className="java.lang.String">Sender</Value>
</Feature>
</Annotation>
<Annotation Id="57" Type="Token" StartNode="122" EndNode="129">
<Feature>
  <Name className="java.lang.String">string</Name>
  <Value className="java.lang.String">hedrick</Value>
</Feature>
</Annotation>
<Annotation Id="61" Type="Token" StartNode="136" EndNode="143">
<Feature>
  <Name className="java.lang.String">string</Name>
  <Value className="java.lang.String">rutgers</Value>
</Feature>
</Annotation>
<Annotation Id="65" Type="Token" StartNode="148" EndNode="160">
<Feature>
  <Name className="java.lang.String">string</Name>
  <Value className="java.lang.String">Organization</Value>
</Feature>
</Annotation>
<Annotation Id="77" Type="Token" StartNode="177" EndNode="185">
<Feature>
  <Name className="java.lang.String">string</Name>
  <Value className="java.lang.String">Approved</Value>
</Feature>
</Annotation>
<Annotation Id="84" Type="Token" StartNode="204" EndNode="211">
<Feature>
  <Name className="java.lang.String">string</Name>
  <Value className="java.lang.String">rutgers</Value>
</Feature>
</Annotation>
<Annotation Id="80" Type="Token" StartNode="187" EndNode="196">
<Feature>
  <Name className="java.lang.String">string</Name>
  <Value className="java.lang.String">christian</Value>
</Feature>
</Annotation>
<Annotation Id="82" Type="Token" StartNode="197" EndNode="203">
<Feature>
  <Name className="java.lang.String">string</Name>
  <Value className="java.lang.String">aramis</Value>
</Feature>
</Annotation>
<Annotation Id="91" Type="Token" StartNode="220" EndNode="227">
<Feature>
  <Name className="java.lang.String">string</Name>
  <Value className="java.lang.String">article</Value>
</Feature>
</Annotation>
<Annotation Id="110" Type="Token" StartNode="261" EndNode="268">
<Feature>
  <Name className="java.lang.String">string</Name>
  <Value className="java.lang.String">rutgers</Value>
</Feature>
</Annotation>
<Annotation Id="117" Type="Token" StartNode="281" EndNode="287">
<Feature>
  <Name className="java.lang.String">string</Name>
  <Value className="java.lang.String">netcom</Value>
</Feature>
</Annotation>
<Annotation Id="115" Type="Token" StartNode="274" EndNode="280">
<Feature>
  <Name className="java.lang.String">string</Name>
  <Value className="java.lang.String">revdak</Value>
</Feature>
</Annotation>
<Annotation Id="125" Type="Token" StartNode="296" EndNode="302">
<Feature>
  <Name className="java.lang.String">string</Name>
  <Value className="java.lang.String">Andrew</Value>
</Feature>
</Annotation>
<Annotation Id="139" Type="Token" StartNode="331" EndNode="337">
<Feature>
  <Name className="java.lang.String">string</Name>
  <Value className="java.lang.String">ddavis</Value>
</Feature>
</Annotation>
<Annotation Id="130" Type="Token" StartNode="310" EndNode="316">
<Feature>
  <Name className="java.lang.String">string</Name>
  <Value className="java.lang.String">writes</Value>
</Feature>
</Annotation>
<Annotation Id="169" Type="Token" StartNode="396" EndNode="405">
<Feature>
  <Name className="java.lang.String">string</Name>
  <Value className="java.lang.String">generally</Value>
</Feature>
</Annotation>
<Annotation Id="160" Type="Token" StartNode="374" EndNode="381">
<Feature>
  <Name className="java.lang.String">string</Name>
  <Value className="java.lang.String">deleted</Value>
</Feature>
</Annotation>
<Annotation Id="185" Type="Token" StartNode="448" EndNode="456">
<Feature>
  <Name className="java.lang.String">string</Name>
  <Value className="java.lang.String">argument</Value>
</Feature>
</Annotation>
<Annotation Id="191" Type="Token" StartNode="465" EndNode="474">
<Feature>
  <Name className="java.lang.String">string</Name>
  <Value className="java.lang.String">inclusion</Value>
</Feature>
</Annotation>
<Annotation Id="183" Type="Token" StartNode="437" EndNode="447">
<Feature>
  <Name className="java.lang.String">string</Name>
  <Value className="java.lang.String">defensible</Value>
</Feature>
</Annotation>
<Annotation Id="180" Type="Token" StartNode="425" EndNode="435">
<Feature>
  <Name className="java.lang.String">string</Name>
  <Value className="java.lang.String">inherently</Value>
</Feature>
</Annotation>
<Annotation Id="201" Type="Token" StartNode="495" EndNode="511">
<Feature>
  <Name className="java.lang.String">string</Name>
  <Value className="java.lang.String">Deuterocanonical</Value>
</Feature>
</Annotation>
<Annotation Id="195" Type="Token" StartNode="478" EndNode="487">
<Feature>
  <Name className="java.lang.String">string</Name>
  <Value className="java.lang.String">exclusion</Value>
</Feature>
</Annotation>
<Annotation Id="216" Type="Token" StartNode="533" EndNode="541">
<Feature>
  <Name className="java.lang.String">string</Name>
  <Value className="java.lang.String">everyone</Value>
</Feature>
</Annotation>
<Annotation Id="239" Type="Token" StartNode="603" EndNode="610">
<Feature>
  <Name className="java.lang.String">string</Name>
  <Value className="java.lang.String">applied</Value>
</Feature>
</Annotation>
<Annotation Id="237" Type="Token" StartNode="590" EndNode="602">
<Feature>
  <Name className="java.lang.String">string</Name>
  <Value className="java.lang.String">consistently</Value>
</Feature>
</Annotation>
<Annotation Id="224" Type="Token" StartNode="559" EndNode="569">
<Feature>
  <Name className="java.lang.String">string</Name>
  <Value className="java.lang.String">principles</Value>
</Feature>
</Annotation>
<Annotation Id="251" Type="Token" StartNode="634" EndNode="644">
<Feature>
  <Name className="java.lang.String">string</Name>
  <Value className="java.lang.String">principles</Value>
</Feature>
</Annotation>
<Annotation Id="247" Type="Token" StartNode="624" EndNode="630">
<Feature>
  <Name className="java.lang.String">string</Name>
  <Value className="java.lang.String">useful</Value>
</Feature>
</Annotation>
<Annotation Id="277" Type="Token" StartNode="686" EndNode="692">
<Feature>
  <Name className="java.lang.String">string</Name>
  <Value className="java.lang.String">accord</Value>
</Feature>
</Annotation>
<Annotation Id="283" Type="Token" StartNode="702" EndNode="711">
<Feature>
  <Name className="java.lang.String">string</Name>
  <Value className="java.lang.String">authority</Value>
</Feature>
</Annotation>
<Annotation Id="270" Type="Token" StartNode="668" EndNode="675">
<Feature>
  <Name className="java.lang.String">string</Name>
  <Value className="java.lang.String">exclude</Value>
</Feature>
</Annotation>
<Annotation Id="306" Type="Token" StartNode="763" EndNode="770">
<Feature>
  <Name className="java.lang.String">string</Name>
  <Value className="java.lang.String">reasons</Value>
</Feature>
</Annotation>
<Annotation Id="291" Type="Token" StartNode="719" EndNode="728">
<Feature>
  <Name className="java.lang.String">string</Name>
  <Value className="java.lang.String">Scripture</Value>
</Feature>
</Annotation>
<Annotation Id="298" Type="Token" StartNode="739" EndNode="745">
<Feature>
  <Name className="java.lang.String">string</Name>
  <Value className="java.lang.String">appear</Value>
</Feature>
</Annotation>
<Annotation Id="302" Type="Token" StartNode="749" EndNode="756">
<Feature>
  <Name className="java.lang.String">string</Name>
  <Value className="java.lang.String">require</Value>
</Feature>
</Annotation>
<Annotation Id="339" Type="Token" StartNode="841" EndNode="847">
<Feature>
  <Name className="java.lang.String">string</Name>
  <Value className="java.lang.String">accept</Value>
</Feature>
</Annotation>
<Annotation Id="349" Type="Token" StartNode="866" EndNode="875">
<Feature>
  <Name className="java.lang.String">string</Name>
  <Value className="java.lang.String">standards</Value>
</Feature>
</Annotation>
<Annotation Id="320" Type="Token" StartNode="794" EndNode="801">
<Feature>
  <Name className="java.lang.String">string</Name>
  <Value className="java.lang.String">reasons</Value>
</Feature>
</Annotation>
<Annotation Id="332" Type="Token" StartNode="823" EndNode="833">
<Feature>
  <Name className="java.lang.String">string</Name>
  <Value className="java.lang.String">principles</Value>
</Feature>
</Annotation>
<Annotation Id="365" Type="Token" StartNode="909" EndNode="918">
<Feature>
  <Name className="java.lang.String">string</Name>
  <Value className="java.lang.String">Scripture</Value>
</Feature>
</Annotation>
<Annotation Id="361" Type="Token" StartNode="897" EndNode="905">
<Feature>
  <Name className="java.lang.String">string</Name>
  <Value className="java.lang.String">included</Value>
</Feature>
</Annotation>
<Annotation Id="415" Type="Token" StartNode="1011" EndNode="1018">
<Feature>
  <Name className="java.lang.String">string</Name>
  <Value className="java.lang.String">dynamic</Value>
</Feature>
</Annotation>
<Annotation Id="405" Type="Token" StartNode="991" EndNode="1000">
<Feature>
  <Name className="java.lang.String">string</Name>
  <Value className="java.lang.String">authentic</Value>
</Feature>
</Annotation>
<Annotation Id="395" Type="Token" StartNode="971" EndNode="980">
<Feature>
  <Name className="java.lang.String">string</Name>
  <Value className="java.lang.String">prophetic</Value>
</Feature>
</Annotation>
<Annotation Id="385" Type="Token" StartNode="947" EndNode="960">
<Feature>
  <Name className="java.lang.String">string</Name>
  <Value className="java.lang.String">authoritative</Value>
</Feature>
</Annotation>
<Annotation Id="443" Type="Token" StartNode="1075" EndNode="1081">
<Feature>
  <Name className="java.lang.String">string</Name>
  <Value className="java.lang.String">counts</Value>
</Feature>
</Annotation>
<Annotation Id="425" Type="Token" StartNode="1029" EndNode="1037">
<Feature>
  <Name className="java.lang.String">string</Name>
  <Value className="java.lang.String">received</Value>
</Feature>
</Annotation>
<Annotation Id="428" Type="Token" StartNode="1039" EndNode="1048">
<Feature>
  <Name className="java.lang.String">string</Name>
  <Value className="java.lang.String">collected</Value>
</Feature>
</Annotation>
<Annotation Id="475" Type="Token" StartNode="1153" EndNode="1163">
<Feature>
  <Name className="java.lang.String">string</Name>
  <Value className="java.lang.String">Dictionary</Value>
</Feature>
</Annotation>
<Annotation Id="448" Type="Token" StartNode="1087" EndNode="1096">
<Feature>
  <Name className="java.lang.String">string</Name>
  <Value className="java.lang.String">apocrapha</Value>
</Feature>
</Annotation>
<Annotation Id="503" Type="Token" StartNode="1245" EndNode="1257">
<Feature>
  <Name className="java.lang.String">string</Name>
  <Value className="java.lang.String">anachronisms</Value>
</Feature>
</Annotation>
<Annotation Id="497" Type="Token" StartNode="1215" EndNode="1227">
<Feature>
  <Name className="java.lang.String">string</Name>
  <Value className="java.lang.String">geographical</Value>
</Feature>
</Annotation>
<Annotation Id="499" Type="Token" StartNode="1228" EndNode="1240">
<Feature>
  <Name className="java.lang.String">string</Name>
  <Value className="java.lang.String">inaccuracies</Value>
</Feature>
</Annotation>
<Annotation Id="493" Type="Token" StartNode="1200" EndNode="1210">
<Feature>
  <Name className="java.lang.String">string</Name>
  <Value className="java.lang.String">historical</Value>
</Feature>
</Annotation>
<Annotation Id="489" Type="Token" StartNode="1190" EndNode="1196">
<Feature>
  <Name className="java.lang.String">string</Name>
  <Value className="java.lang.String">abound</Value>
</Feature>
</Annotation>
<Annotation Id="481" Type="Token" StartNode="1171" EndNode="1180">
<Feature>
  <Name className="java.lang.String">string</Name>
  <Value className="java.lang.String">Apocrapha</Value>
</Feature>
</Annotation>
<Annotation Id="551" Type="Token" StartNode="1383" EndNode="1391">
<Feature>
  <Name className="java.lang.String">string</Name>
  <Value className="java.lang.String">literary</Value>
</Feature>
</Annotation>
<Annotation Id="547" Type="Token" StartNode="1373" EndNode="1379">
<Feature>
  <Name className="java.lang.String">string</Name>
  <Value className="java.lang.String">resort</Value>
</Feature>
</Annotation>
<Annotation Id="557" Type="Token" StartNode="1402" EndNode="1409">
<Feature>
  <Name className="java.lang.String">string</Name>
  <Value className="java.lang.String">display</Value>
</Feature>
</Annotation>
<Annotation Id="567" Type="Token" StartNode="1438" EndNode="1444">
<Feature>
  <Name className="java.lang.String">string</Name>
  <Value className="java.lang.String">matter</Value>
</Feature>
</Annotation>
<Annotation Id="565" Type="Token" StartNode="1430" EndNode="1437">
<Feature>
  <Name className="java.lang.String">string</Name>
  <Value className="java.lang.String">subject</Value>
</Feature>
</Annotation>
<Annotation Id="561" Type="Token" StartNode="1413" EndNode="1426">
<Feature>
  <Name className="java.lang.String">string</Name>
  <Value className="java.lang.String">artificiality</Value>
</Feature>
</Annotation>
<Annotation Id="571" Type="Token" StartNode="1449" EndNode="1456">
<Feature>
  <Name className="java.lang.String">string</Name>
  <Value className="java.lang.String">styling</Value>
</Feature>
</Annotation>
<Annotation Id="513" Type="Token" StartNode="1273" EndNode="1282">
<Feature>
  <Name className="java.lang.String">string</Name>
  <Value className="java.lang.String">doctrines</Value>
</Feature>
</Annotation>
<Annotation Id="525" Type="Token" StartNode="1310" EndNode="1319">
<Feature>
  <Name className="java.lang.String">string</Name>
  <Value className="java.lang.String">practices</Value>
</Feature>
</Annotation>
<Annotation Id="523" Type="Token" StartNode="1303" EndNode="1309">
<Feature>
  <Name className="java.lang.String">string</Name>
  <Value className="java.lang.String">foster</Value>
</Feature>
</Annotation>
<Annotation Id="533" Type="Token" StartNode="1333" EndNode="1341">
<Feature>
  <Name className="java.lang.String">string</Name>
  <Value className="java.lang.String">variance</Value>
</Feature>
</Annotation>
<Annotation Id="537" Type="Token" StartNode="1347" EndNode="1353">
<Feature>
  <Name className="java.lang.String">string</Name>
  <Value className="java.lang.String">sacred</Value>
</Feature>
</Annotation>
<Annotation Id="539" Type="Token" StartNode="1354" EndNode="1363">
<Feature>
  <Name className="java.lang.String">string</Name>
  <Value className="java.lang.String">Scripture</Value>
</Feature>
</Annotation>
<Annotation Id="611" Type="Token" StartNode="1575" EndNode="1584">
<Feature>
  <Name className="java.lang.String">string</Name>
  <Value className="java.lang.String">character</Value>
</Feature>
</Annotation>
<Annotation Id="609" Type="Token" StartNode="1568" EndNode="1574">
<Feature>
  <Name className="java.lang.String">string</Name>
  <Value className="java.lang.String">divine</Value>
</Feature>
</Annotation>
<Annotation Id="618" Type="Token" StartNode="1594" EndNode="1603">
<Feature>
  <Name className="java.lang.String">string</Name>
  <Value className="java.lang.String">prophetic</Value>
</Feature>
</Annotation>
<Annotation Id="624" Type="Token" StartNode="1614" EndNode="1620">
<Feature>
  <Name className="java.lang.String">string</Name>
  <Value className="java.lang.String">poetic</Value>
</Feature>
</Annotation>
<Annotation Id="630" Type="Token" StartNode="1635" EndNode="1642">
<Feature>
  <Name className="java.lang.String">string</Name>
  <Value className="java.lang.String">feeling</Value>
</Feature>
</Annotation>
<Annotation Id="628" Type="Token" StartNode="1625" EndNode="1634">
<Feature>
  <Name className="java.lang.String">string</Name>
  <Value className="java.lang.String">religious</Value>
</Feature>
</Annotation>
<Annotation Id="577" Type="Token" StartNode="1464" EndNode="1471">
<Feature>
  <Name className="java.lang.String">string</Name>
  <Value className="java.lang.String">keeping</Value>
</Feature>
</Annotation>
<Annotation Id="581" Type="Token" StartNode="1477" EndNode="1483">
<Feature>
  <Name className="java.lang.String">string</Name>
  <Value className="java.lang.String">sacred</Value>
</Feature>
</Annotation>
<Annotation Id="583" Type="Token" StartNode="1484" EndNode="1493">
<Feature>
  <Name className="java.lang.String">string</Name>
  <Value className="java.lang.String">Scripture</Value>
</Feature>
</Annotation>
<Annotation Id="595" Type="Token" StartNode="1512" EndNode="1523">
<Feature>
  <Name className="java.lang.String">string</Name>
  <Value className="java.lang.String">distinctive</Value>
</Feature>
</Annotation>
<Annotation Id="597" Type="Token" StartNode="1524" EndNode="1532">
<Feature>
  <Name className="java.lang.String">string</Name>
  <Value className="java.lang.String">elements</Value>
</Feature>
</Annotation>
<Annotation Id="603" Type="Token" StartNode="1544" EndNode="1551">
<Feature>
  <Name className="java.lang.String">string</Name>
  <Value className="java.lang.String">genuine</Value>
</Feature>
</Annotation>
<Annotation Id="605" Type="Token" StartNode="1552" EndNode="1561">
<Feature>
  <Name className="java.lang.String">string</Name>
  <Value className="java.lang.String">Scripture</Value>
</Feature>
</Annotation>
<Annotation Id="687" Type="Token" StartNode="1763" EndNode="1773">
<Feature>
  <Name className="java.lang.String">string</Name>
  <Value className="java.lang.String">traditions</Value>
</Feature>
</Annotation>
<Annotation Id="676" Type="Token" StartNode="1737" EndNode="1745">
<Feature>
  <Name className="java.lang.String">string</Name>
  <Value className="java.lang.String">writings</Value>
</Feature>
</Annotation>
<Annotation Id="653" Type="Token" StartNode="1684" EndNode="1694">
<Feature>
  <Name className="java.lang.String">string</Name>
  <Value className="java.lang.String">Protestant</Value>
</Feature>
</Annotation>
<Annotation Id="655" Type="Token" StartNode="1695" EndNode="1704">
<Feature>
  <Name className="java.lang.String">string</Name>
  <Value className="java.lang.String">exclusion</Value>
</Feature>
</Annotation>
<Annotation Id="645" Type="Token" StartNode="1657" EndNode="1664">
<Feature>
  <Name className="java.lang.String">string</Name>
  <Value className="java.lang.String">interim</Value>
</Feature>
</Annotation>
<Annotation Id="647" Type="Token" StartNode="1665" EndNode="1675">
<Feature>
  <Name className="java.lang.String">string</Name>
  <Value className="java.lang.String">conclusion</Value>
</Feature>
</Annotation>
<Annotation Id="748" Type="Token" StartNode="1906" EndNode="1914">
<Feature>
  <Name className="java.lang.String">string</Name>
  <Value className="java.lang.String">continue</Value>
</Feature>
</Annotation>
<Annotation Id="738" Type="Token" StartNode="1883" EndNode="1889">
<Feature>
  <Name className="java.lang.String">string</Name>
  <Value className="java.lang.String">reason</Value>
</Feature>
</Annotation>
<Annotation Id="742" Type="Token" StartNode="1895" EndNode="1901">
<Feature>
  <Name className="java.lang.String">string</Name>
  <Value className="java.lang.String">people</Value>
</Feature>
</Annotation>
<Annotation Id="762" Type="Token" StartNode="1941" EndNode="1948">
<Feature>
  <Name className="java.lang.String">string</Name>
  <Value className="java.lang.String">problem</Value>
</Feature>
</Annotation>
<Annotation Id="752" Type="Token" StartNode="1918" EndNode="1925">
<Feature>
  <Name className="java.lang.String">string</Name>
  <Value className="java.lang.String">exclude</Value>
</Feature>
</Annotation>
<Annotation Id="713" Type="Token" StartNode="1819" EndNode="1827">
<Feature>
  <Name className="java.lang.String">string</Name>
  <Value className="java.lang.String">excluded</Value>
</Feature>
</Annotation>
<Annotation Id="715" Type="Token" StartNode="1828" EndNode="1834">
<Feature>
  <Name className="java.lang.String">string</Name>
  <Value className="java.lang.String">during</Value>
</Feature>
</Annotation>
<Annotation Id="730" Type="Token" StartNode="1865" EndNode="1872">
<Feature>
  <Name className="java.lang.String">string</Name>
  <Value className="java.lang.String">appears</Value>
</Feature>
</Annotation>
<Annotation Id="723" Type="Token" StartNode="1843" EndNode="1854">
<Feature>
  <Name className="java.lang.String">string</Name>
  <Value className="java.lang.String">Reformation</Value>
</Feature>
</Annotation>
<Annotation Id="819" Type="Token" StartNode="2103" EndNode="2109">
<Feature>
  <Name className="java.lang.String">string</Name>
  <Value className="java.lang.String">Luther</Value>
</Feature>
</Annotation>
<Annotation Id="813" Type="Token" StartNode="2080" EndNode="2089">
<Feature>
  <Name className="java.lang.String">string</Name>
  <Value className="java.lang.String">sixteenth</Value>
</Feature>
</Annotation>
<Annotation Id="815" Type="Token" StartNode="2090" EndNode="2097">
<Feature>
  <Name className="java.lang.String">string</Name>
  <Value className="java.lang.String">century</Value>
</Feature>
</Annotation>
<Annotation Id="790" Type="Token" StartNode="2026" EndNode="2035">
<Feature>
  <Name className="java.lang.String">string</Name>
  <Value className="java.lang.String">Apocrapha</Value>
</Feature>
</Annotation>
<Annotation Id="786" Type="Token" StartNode="2013" EndNode="2021">
<Feature>
  <Name className="java.lang.String">string</Name>
  <Value className="java.lang.String">included</Value>
</Feature>
</Annotation>
<Annotation Id="768" Type="Token" StartNode="1959" EndNode="1967">
<Feature>
  <Name className="java.lang.String">string</Name>
  <Value className="java.lang.String">argument</Value>
</Feature>
</Annotation>
<Annotation Id="782" Type="Token" StartNode="2000" EndNode="2006">
<Feature>
  <Name className="java.lang.String">string</Name>
  <Value className="java.lang.String">Hebrew</Value>
</Feature>
</Annotation>
<Annotation Id="776" Type="Token" StartNode="1980" EndNode="1990">
<Feature>
  <Name className="java.lang.String">string</Name>
  <Value className="java.lang.String">assumption</Value>
</Feature>
</Annotation>
<Annotation Id="881" Type="Token" StartNode="2291" EndNode="2301">
<Feature>
  <Name className="java.lang.String">string</Name>
  <Value className="java.lang.String">translated</Value>
</Feature>
</Annotation>
<Annotation Id="885" Type="Token" StartNode="2306" EndNode="2315">
<Feature>
  <Name className="java.lang.String">string</Name>
  <Value className="java.lang.String">apocrapha</Value>
</Feature>
</Annotation>
<Annotation Id="889" Type="Token" StartNode="2322" EndNode="2329">
<Feature>
  <Name className="java.lang.String">string</Name>
  <Value className="java.lang.String">protest</Value>
</Feature>
</Annotation>
<Annotation Id="866" Type="Token" StartNode="2238" EndNode="2248">
<Feature>
  <Name className="java.lang.String">string</Name>
  <Value className="java.lang.String">historical</Value>
</Feature>
</Annotation>
<Annotation Id="868" Type="Token" StartNode="2249" EndNode="2259">
<Feature>
  <Name className="java.lang.String">string</Name>
  <Value className="java.lang.String">precedence</Value>
</Feature>
</Annotation>
<Annotation Id="874" Type="Token" StartNode="2270" EndNode="2277">
<Feature>
  <Name className="java.lang.String">string</Name>
  <Value className="java.lang.String">actions</Value>
</Feature>
</Annotation>
<Annotation Id="877" Type="Token" StartNode="2279" EndNode="2285">
<Feature>
  <Name className="java.lang.String">string</Name>
  <Value className="java.lang.String">Jerome</Value>
</Feature>
</Annotation>
<Annotation Id="849" Type="Token" StartNode="2185" EndNode="2191">
<Feature>
  <Name className="java.lang.String">string</Name>
  <Value className="java.lang.String">accept</Value>
</Feature>
</Annotation>
<Annotation Id="858" Type="Token" StartNode="2205" EndNode="2216">
<Feature>
  <Name className="java.lang.String">string</Name>
  <Value className="java.lang.String">reformation</Value>
</Feature>
</Annotation>
<Annotation Id="860" Type="Token" StartNode="2217" EndNode="2228">
<Feature>
  <Name className="java.lang.String">string</Name>
  <Value className="java.lang.String">protestants</Value>
</Feature>
</Annotation>
<Annotation Id="835" Type="Token" StartNode="2138" EndNode="2144">
<Feature>
  <Name className="java.lang.String">string</Name>
  <Value className="java.lang.String">Jewish</Value>
</Feature>
</Annotation>
<Annotation Id="837" Type="Token" StartNode="2145" EndNode="2152">
<Feature>
  <Name className="java.lang.String">string</Name>
  <Value className="java.lang.String">council</Value>
</Feature>
</Annotation>
<Annotation Id="843" Type="Token" StartNode="2167" EndNode="2177">
<Feature>
  <Name className="java.lang.String">string</Name>
  <Value className="java.lang.String">previously</Value>
</Feature>
</Annotation>
<Annotation Id="841" Type="Token" StartNode="2157" EndNode="2166">
<Feature>
  <Name className="java.lang.String">string</Name>
  <Value className="java.lang.String">mentioned</Value>
</Feature>
</Annotation>
<Annotation Id="952" Type="Token" StartNode="2492" EndNode="2501">
<Feature>
  <Name className="java.lang.String">string</Name>
  <Value className="java.lang.String">inclusion</Value>
</Feature>
</Annotation>
<Annotation Id="949" Type="Token" StartNode="2482" EndNode="2490">
<Feature>
  <Name className="java.lang.String">string</Name>
  <Value className="java.lang.String">Orthodox</Value>
</Feature>
</Annotation>
<Annotation Id="946" Type="Token" StartNode="2471" EndNode="2480">
<Feature>
  <Name className="java.lang.String">string</Name>
  <Value className="java.lang.String">inclusion</Value>
</Feature>
</Annotation>
<Annotation Id="941" Type="Token" StartNode="2454" EndNode="2463">
<Feature>
  <Name className="java.lang.String">string</Name>
  <Value className="java.lang.String">exclusion</Value>
</Feature>
</Annotation>
<Annotation Id="939" Type="Token" StartNode="2443" EndNode="2453">
<Feature>
  <Name className="java.lang.String">string</Name>
  <Value className="java.lang.String">Protestant</Value>
</Feature>
</Annotation>
<Annotation Id="931" Type="Token" StartNode="2423" EndNode="2429">
<Feature>
  <Name className="java.lang.String">string</Name>
  <Value className="java.lang.String">simple</Value>
</Feature>
</Annotation>
<Annotation Id="922" Type="Token" StartNode="2401" EndNode="2409">
<Feature>
  <Name className="java.lang.String">string</Name>
  <Value className="java.lang.String">catholic</Value>
</Feature>
</Annotation>
<Annotation Id="916" Type="Token" StartNode="2385" EndNode="2393">
<Feature>
  <Name className="java.lang.String">string</Name>
  <Value className="java.lang.String">included</Value>
</Feature>
</Annotation>
<Annotation Id="898" Type="Token" StartNode="2342" EndNode="2351">
<Feature>
  <Name className="java.lang.String">string</Name>
  <Value className="java.lang.String">literally</Value>
</Feature>
</Annotation>
<Annotation Id="1019" Type="Token" StartNode="2674" EndNode="2683">
<Feature>
  <Name className="java.lang.String">string</Name>
  <Value className="java.lang.String">community</Value>
</Feature>
</Annotation>
<Annotation Id="1009" Type="Token" StartNode="2646" EndNode="2655">
<Feature>
  <Name className="java.lang.String">string</Name>
  <Value className="java.lang.String">scripture</Value>
</Feature>
</Annotation>
<Annotation Id="1002" Type="Token" StartNode="2622" EndNode="2630">
<Feature>
  <Name className="java.lang.String">string</Name>
  <Value className="java.lang.String">standard</Value>
</Feature>
</Annotation>
<Annotation Id="1004" Type="Token" StartNode="2631" EndNode="2641">
<Feature>
  <Name className="java.lang.String">string</Name>
  <Value className="java.lang.String">collection</Value>
</Feature>
</Annotation>
<Annotation Id="984" Type="Token" StartNode="2574" EndNode="2582">
<Feature>
  <Name className="java.lang.String">string</Name>
  <Value className="java.lang.String">decision</Value>
</Feature>
</Annotation>
<Annotation Id="990" Type="Token" StartNode="2588" EndNode="2597">
<Feature>
  <Name className="java.lang.String">string</Name>
  <Value className="java.lang.String">community</Value>
</Feature>
</Annotation>
<Annotation Id="969" Type="Token" StartNode="2537" EndNode="2547">
<Feature>
  <Name className="java.lang.String">string</Name>
  <Value className="java.lang.String">definition</Value>
</Feature>
</Annotation>
<Annotation Id="975" Type="Token" StartNode="2553" EndNode="2559">
<Feature>
  <Name className="java.lang.String">string</Name>
  <Value className="java.lang.String">closed</Value>
</Feature>
</Annotation>
<Annotation Id="1102" Type="Token" StartNode="2875" EndNode="2885">
<Feature>
  <Name className="java.lang.String">string</Name>
  <Value className="java.lang.String">personally</Value>
</Feature>
</Annotation>
<Annotation Id="1093" Type="Token" StartNode="2860" EndNode="2866">
<Feature>
  <Name className="java.lang.String">string</Name>
  <Value className="java.lang.String">within</Value>
</Feature>
</Annotation>
<Annotation Id="1089" Type="Token" StartNode="2843" EndNode="2849">
<Feature>
  <Name className="java.lang.String">string</Name>
  <Value className="java.lang.String">define</Value>
</Feature>
</Annotation>
<Annotation Id="1091" Type="Token" StartNode="2850" EndNode="2859">
<Feature>
  <Name className="java.lang.String">string</Name>
  <Value className="java.lang.String">authority</Value>
</Feature>
</Annotation>
<Annotation Id="1116" Type="Token" StartNode="2916" EndNode="2922">
<Feature>
  <Name className="java.lang.String">string</Name>
  <Value className="java.lang.String">closed</Value>
</Feature>
</Annotation>
<Annotation Id="1110" Type="Token" StartNode="2903" EndNode="2910">
<Feature>
  <Name className="java.lang.String">string</Name>
  <Value className="java.lang.String">concept</Value>
</Feature>
</Annotation>
<Annotation Id="1104" Type="Token" StartNode="2886" EndNode="2893">
<Feature>
  <Name className="java.lang.String">string</Name>
  <Value className="java.lang.String">believe</Value>
</Feature>
</Annotation>
<Annotation Id="1132" Type="Token" StartNode="2964" EndNode="2972">
<Feature>
  <Name className="java.lang.String">string</Name>
  <Value className="java.lang.String">Orthodox</Value>
</Feature>
</Annotation>
<Annotation Id="1127" Type="Token" StartNode="2949" EndNode="2959">
<Feature>
  <Name className="java.lang.String">string</Name>
  <Value className="java.lang.String">Protestant</Value>
</Feature>
</Annotation>
<Annotation Id="1124" Type="Token" StartNode="2939" EndNode="2947">
<Feature>
  <Name className="java.lang.String">string</Name>
  <Value className="java.lang.String">Catholic</Value>
</Feature>
</Annotation>
<Annotation Id="1121" Type="Token" StartNode="2930" EndNode="2937">
<Feature>
  <Name className="java.lang.String">string</Name>
  <Value className="java.lang.String">whether</Value>
</Feature>
</Annotation>
<Annotation Id="1151" Type="Token" StartNode="3015" EndNode="3022">
<Feature>
  <Name className="java.lang.String">string</Name>
  <Value className="java.lang.String">history</Value>
</Feature>
</Annotation>
<Annotation Id="1142" Type="Token" StartNode="2995" EndNode="3001">
<Feature>
  <Name className="java.lang.String">string</Name>
  <Value className="java.lang.String">rather</Value>
</Feature>
</Annotation>
<Annotation Id="1140" Type="Token" StartNode="2985" EndNode="2994">
<Feature>
  <Name className="java.lang.String">string</Name>
  <Value className="java.lang.String">developed</Value>
</Feature>
</Annotation>
<Annotation Id="1032" Type="Token" StartNode="2702" EndNode="2712">
<Feature>
  <Name className="java.lang.String">string</Name>
  <Value className="java.lang.String">traditions</Value>
</Feature>
</Annotation>
<Annotation Id="1042" Type="Token" StartNode="2724" EndNode="2731">
<Feature>
  <Name className="java.lang.String">string</Name>
  <Value className="java.lang.String">Whether</Value>
</Feature>
</Annotation>
<Annotation Id="1046" Type="Token" StartNode="2736" EndNode="2745">
<Feature>
  <Name className="java.lang.String">string</Name>
  <Value className="java.lang.String">considers</Value>
</Feature>
</Annotation>
<Annotation Id="1071" Type="Token" StartNode="2802" EndNode="2809">
<Feature>
  <Name className="java.lang.String">string</Name>
  <Value className="java.lang.String">happens</Value>
</Feature>
</Annotation>
<Annotation Id="1069" Type="Token" StartNode="2792" EndNode="2801">
<Feature>
  <Name className="java.lang.String">string</Name>
  <Value className="java.lang.String">community</Value>
</Feature>
</Annotation>
<Annotation Id="1056" Type="Token" StartNode="2759" EndNode="2766">
<Feature>
  <Name className="java.lang.String">string</Name>
  <Value className="java.lang.String">problem</Value>
</Feature>
</Annotation>
<Annotation Id="1062" Type="Token" StartNode="2774" EndNode="2781">
<Feature>
  <Name className="java.lang.String">string</Name>
  <Value className="java.lang.String">depends</Value>
</Feature>
</Annotation>
<Annotation Id="1086" Type="Token" StartNode="2835" EndNode="2841">
<Feature>
  <Name className="java.lang.String">string</Name>
  <Value className="java.lang.String">accept</Value>
</Feature>
</Annotation>
<Annotation Id="1228" Type="Token" StartNode="3196" EndNode="3204">
<Feature>
  <Name className="java.lang.String">string</Name>
  <Value className="java.lang.String">anything</Value>
</Feature>
</Annotation>
<Annotation Id="1224" Type="Token" StartNode="3184" EndNode="3190">
<Feature>
  <Name className="java.lang.String">string</Name>
  <Value className="java.lang.String">anyone</Value>
</Feature>
</Annotation>
<Annotation Id="1247" Type="Token" StartNode="3238" EndNode="3245">
<Feature>
  <Name className="java.lang.String">string</Name>
  <Value className="java.lang.String">plagues</Value>
</Feature>
</Annotation>
<Annotation Id="1249" Type="Token" StartNode="3246" EndNode="3255">
<Feature>
  <Name className="java.lang.String">string</Name>
  <Value className="java.lang.String">described</Value>
</Feature>
</Annotation>
<Annotation Id="1262" Type="Token" StartNode="3277" EndNode="3283">
<Feature>
  <Name className="java.lang.String">string</Name>
  <Value className="java.lang.String">anyone</Value>
</Feature>
</Annotation>
<Annotation Id="1276" Type="Token" StartNode="3314" EndNode="3322">
<Feature>
  <Name className="java.lang.String">string</Name>
  <Value className="java.lang.String">prophecy</Value>
</Feature>
</Annotation>
<Annotation Id="1157" Type="Token" StartNode="3030" EndNode="3036">
<Feature>
  <Name className="java.lang.String">string</Name>
  <Value className="java.lang.String">church</Value>
</Feature>
</Annotation>
<Annotation Id="1168" Type="Token" StartNode="3056" EndNode="3062">
<Feature>
  <Name className="java.lang.String">string</Name>
  <Value className="java.lang.String">served</Value>
</Feature>
</Annotation>
<Annotation Id="1172" Type="Token" StartNode="3067" EndNode="3073">
<Feature>
  <Name className="java.lang.String">string</Name>
  <Value className="java.lang.String">church</Value>
</Feature>
</Annotation>
<Annotation Id="1198" Type="Token" StartNode="3121" EndNode="3129">
<Feature>
  <Name className="java.lang.String">string</Name>
  <Value className="java.lang.String">everyone</Value>
</Feature>
</Annotation>
<Annotation Id="1213" Type="Token" StartNode="3158" EndNode="3166">
<Feature>
  <Name className="java.lang.String">string</Name>
  <Value className="java.lang.String">prophecy</Value>
</Feature>
</Annotation>
<Annotation Id="1372" Type="Token" StartNode="3544" EndNode="3552">
<Feature>
  <Name className="java.lang.String">string</Name>
  <Value className="java.lang.String">argument</Value>
</Feature>
</Annotation>
<Annotation Id="1363" Type="Token" StartNode="3524" EndNode="3532">
<Feature>
  <Name className="java.lang.String">string</Name>
  <Value className="java.lang.String">attitude</Value>
</Feature>
</Annotation>
<Annotation Id="1358" Type="Token" StartNode="3508" EndNode="3516">
<Feature>
  <Name className="java.lang.String">string</Name>
  <Value className="java.lang.String">consider</Value>
</Feature>
</Annotation>
<Annotation Id="1354" Type="Token" StartNode="3494" EndNode="3504">
<Feature>
  <Name className="java.lang.String">string</Name>
  <Value className="java.lang.String">noteworthy</Value>
</Feature>
</Annotation>
<Annotation Id="1344" Type="Token" StartNode="3470" EndNode="3480">
<Feature>
  <Name className="java.lang.String">string</Name>
  <Value className="java.lang.String">traditions</Value>
</Feature>
</Annotation>
<Annotation Id="1405" Type="Token" StartNode="3617" EndNode="3626">
<Feature>
  <Name className="java.lang.String">string</Name>
  <Value className="java.lang.String">explained</Value>
</Feature>
</Annotation>
<Annotation Id="1378" Type="Token" StartNode="3562" EndNode="3571">
<Feature>
  <Name className="java.lang.String">string</Name>
  <Value className="java.lang.String">pharisees</Value>
</Feature>
</Annotation>
<Annotation Id="1342" Type="Token" StartNode="3461" EndNode="3469">
<Feature>
  <Name className="java.lang.String">string</Name>
  <Value className="java.lang.String">man-made</Value>
</Feature>
</Annotation>
<Annotation Id="1334" Type="Token" StartNode="3439" EndNode="3447">
<Feature>
  <Name className="java.lang.String">string</Name>
  <Value className="java.lang.String">standard</Value>
</Feature>
</Annotation>
<Annotation Id="1326" Type="Token" StartNode="3418" EndNode="3424">
<Feature>
  <Name className="java.lang.String">string</Name>
  <Value className="java.lang.String">Surely</Value>
</Feature>
</Annotation>
<Annotation Id="1494" Type="Token" StartNode="3831" EndNode="3837">
<Feature>
  <Name className="java.lang.String">string</Name>
  <Value className="java.lang.String">jewish</Value>
</Feature>
</Annotation>
<Annotation Id="1489" Type="Token" StartNode="3815" EndNode="3825">
<Feature>
  <Name className="java.lang.String">string</Name>
  <Value className="java.lang.String">Chronicles</Value>
</Feature>
</Annotation>
<Annotation Id="1485" Type="Token" StartNode="3804" EndNode="3811">
<Feature>
  <Name className="java.lang.String">string</Name>
  <Value className="java.lang.String">Genesis</Value>
</Feature>
</Annotation>
<Annotation Id="1483" Type="Token" StartNode="3797" EndNode="3803">
<Feature>
  <Name className="java.lang.String">string</Name>
  <Value className="java.lang.String">taking</Value>
</Feature>
</Annotation>
<Annotation Id="1527" Type="Token" StartNode="3907" EndNode="3916">
<Feature>
  <Name className="java.lang.String">string</Name>
  <Value className="java.lang.String">MacDonald</Value>
</Feature>
</Annotation>
<Annotation Id="1534" Type="Token" StartNode="3924" EndNode="3933">
<Feature>
  <Name className="java.lang.String">string</Name>
  <Value className="java.lang.String">Formation</Value>
</Feature>
</Annotation>
<Annotation Id="1510" Type="Token" StartNode="3870" EndNode="3877">
<Feature>
  <Name className="java.lang.String">string</Name>
  <Value className="java.lang.String">Malachi</Value>
</Feature>
</Annotation>
<Annotation Id="1506" Type="Token" StartNode="3859" EndNode="3866">
<Feature>
  <Name className="java.lang.String">string</Name>
  <Value className="java.lang.String">Genesis</Value>
</Feature>
</Annotation>
<Annotation Id="1515" Type="Token" StartNode="3882" EndNode="3891">
<Feature>
  <Name className="java.lang.String">string</Name>
  <Value className="java.lang.String">Scripture</Value>
</Feature>
</Annotation>
<Annotation Id="1433" Type="Token" StartNode="3684" EndNode="3692">
<Feature>
  <Name className="java.lang.String">string</Name>
  <Value className="java.lang.String">prophets</Value>
</Feature>
</Annotation>
<Annotation Id="1437" Type="Token" StartNode="3697" EndNode="3703">
<Feature>
  <Name className="java.lang.String">string</Name>
  <Value className="java.lang.String">psalms</Value>
</Feature>
</Annotation>
<Annotation Id="1411" Type="Token" StartNode="3634" EndNode="3643">
<Feature>
  <Name className="java.lang.String">string</Name>
  <Value className="java.lang.String">followers</Value>
</Feature>
</Annotation>
<Annotation Id="1421" Type="Token" StartNode="3659" EndNode="3665">
<Feature>
  <Name className="java.lang.String">string</Name>
  <Value className="java.lang.String">Emmaus</Value>
</Feature>
</Annotation>
<Annotation Id="1458" Type="Token" StartNode="3748" EndNode="3757">
<Feature>
  <Name className="java.lang.String">string</Name>
  <Value className="java.lang.String">Scripture</Value>
</Feature>
</Annotation>
<Annotation Id="1441" Type="Token" StartNode="3710" EndNode="3718">
<Feature>
  <Name className="java.lang.String">string</Name>
  <Value className="java.lang.String">referred</Value>
</Feature>
</Annotation>
<Annotation Id="1454" Type="Token" StartNode="3736" EndNode="3744">
<Feature>
  <Name className="java.lang.String">string</Name>
  <Value className="java.lang.String">division</Value>
</Feature>
</Annotation>
<Annotation Id="1640" Type="Token" StartNode="4202" EndNode="4209">
<Feature>
  <Name className="java.lang.String">string</Name>
  <Value className="java.lang.String">Demands</Value>
</Feature>
</Annotation>
<Annotation Id="1644" Type="Token" StartNode="4212" EndNode="4219">
<Feature>
  <Name className="java.lang.String">string</Name>
  <Value className="java.lang.String">Verdict</Value>
</Feature>
</Annotation>
<Annotation Id="1632" Type="Token" StartNode="4177" EndNode="4185">
<Feature>
  <Name className="java.lang.String">string</Name>
  <Value className="java.lang.String">McDowell</Value>
</Feature>
</Annotation>
<Annotation Id="1636" Type="Token" StartNode="4188" EndNode="4196">
<Feature>
  <Name className="java.lang.String">string</Name>
  <Value className="java.lang.String">Evidence</Value>
</Feature>
</Annotation>
<Annotation Id="1650" Type="Token" StartNode="4229" EndNode="4235">
<Feature>
  <Name className="java.lang.String">string</Name>
  <Value className="java.lang.String">Resson</Value>
</Feature>
</Annotation>
<Annotation Id="1648" Type="Token" StartNode="4222" EndNode="4228">
<Feature>
  <Name className="java.lang.String">string</Name>
  <Value className="java.lang.String">Barney</Value>
</Feature>
</Annotation>
<Annotation Id="1606" Type="Token" StartNode="4109" EndNode="4118">
<Feature>
  <Name className="java.lang.String">string</Name>
  <Value className="java.lang.String">arguments</Value>
</Feature>
</Annotation>
<Annotation Id="1624" Type="Token" StartNode="4159" EndNode="4166">
<Feature>
  <Name className="java.lang.String">string</Name>
  <Value className="java.lang.String">Chapter</Value>
</Feature>
</Annotation>
<Annotation Id="1616" Type="Token" StartNode="4137" EndNode="4145">
<Feature>
  <Name className="java.lang.String">string</Name>
  <Value className="java.lang.String">consider</Value>
</Feature>
</Annotation>
<Annotation Id="1576" Type="Token" StartNode="4042" EndNode="4048">
<Feature>
  <Name className="java.lang.String">string</Name>
  <Value className="java.lang.String">issues</Value>
</Feature>
</Annotation>
<Annotation Id="1571" Type="Token" StartNode="4029" EndNode="4036">
<Feature>
  <Name className="java.lang.String">string</Name>
  <Value className="java.lang.String">origins</Value>
</Feature>
</Annotation>
<Annotation Id="1592" Type="Token" StartNode="4073" EndNode="4081">
<Feature>
  <Name className="java.lang.String">string</Name>
  <Value className="java.lang.String">familiar</Value>
</Feature>
</Annotation>
<Annotation Id="1549" Type="Token" StartNode="3969" EndNode="3977">
<Feature>
  <Name className="java.lang.String">string</Name>
  <Value className="java.lang.String">Abingdon</Value>
</Feature>
</Annotation>
<Annotation Id="1540" Type="Token" StartNode="3941" EndNode="3950">
<Feature>
  <Name className="java.lang.String">string</Name>
  <Value className="java.lang.String">Christian</Value>
</Feature>
</Annotation>
<Annotation Id="1542" Type="Token" StartNode="3951" EndNode="3959">
<Feature>
  <Name className="java.lang.String">string</Name>
  <Value className="java.lang.String">Biblical</Value>
</Feature>
</Annotation>
<Annotation Id="1565" Type="Token" StartNode="4010" EndNode="4021">
<Feature>
  <Name className="java.lang.String">string</Name>
  <Value className="java.lang.String">examination</Value>
</Feature>
</Annotation>
<Annotation Id="1563" Type="Token" StartNode="4001" EndNode="4009">
<Feature>
  <Name className="java.lang.String">string</Name>
  <Value className="java.lang.String">faithful</Value>
</Feature>
</Annotation>
<Annotation Id="1668" Type="Token" StartNode="4266" EndNode="4275">
<Feature>
  <Name className="java.lang.String">string</Name>
  <Value className="java.lang.String">knowledge</Value>
</Feature>
</Annotation>
<Annotation Id="1676" Type="Token" StartNode="4293" EndNode="4299">
<Feature>
  <Name className="java.lang.String">string</Name>
  <Value className="java.lang.String">Daniel</Value>
</Feature>
</Annotation>
<Annotation Id="1672" Type="Token" StartNode="4282" EndNode="4290">
<Feature>
  <Name className="java.lang.String">string</Name>
  <Value className="java.lang.String">increase</Value>
</Feature>
</Annotation>
</AnnotationSet>
<AnnotationSet Name="Original markups"> </AnnotationSet>
</GateDocument>