<?xml version='1.0' encoding='UTF-8'?>
<GateDocument version="3">
<!-- The document's features-->

<GateDocumentFeatures>
<Feature>
  <Name className="java.lang.String">Original_document_content_on_load</Name>
  <Value className="java.lang.String">From: revpk@cellar.org (Brian 'Rev P-K' Siano)
Organization: The Cellar BBS and public access system
Date: Thu, 22 Apr 1993 05:26:58 GMT
Message-ID: &lt;NN8D3B7w164w@cellar.org>
References: &lt;1993Apr20.175537.773@doug.cae.wisc.edu>
Sender: bbs@cellar.org (The Cellar BBS)
Lines: 21

field@cae.wisc.edu (Michael Brian Field) writes:

> 
> 	All you BD apologists seem to be conveniently forgetting
> Jonestown.  It would have looked much worse if the feds had just
> waited till they all committed suicide.  This was a no win situation,
> although the final raid was a tragic failure - they should have
> been able to get more people out alive.
> 
	"BD apologists?"

	Give me a break.

Brian "Rev. P-K" Siano                                  revpk@cellar.org

"Well, I'll know right away by the look in her eyes
she's lost all illusions and she's worldly wise, and I know
if I give her a listen, she's what I've been missing, what I've been missing
I'll be lost in love and havin' some fun with my cynical girl
Who's got no use for the real world, I'm looking for a Cynical Girl"
          --- Marshall Crenshaw, "Cynical Girl"
</Value>
</Feature>
<Feature>
  <Name className="java.lang.String">gate.SourceURL</Name>
  <Value className="java.lang.String">file:/C:/Users/jian/Documents/NetBeansProjects/NoiseReductionTechniques/mideastPoliticsMix/negative366</Value>
</Feature>
</GateDocumentFeatures>
<!-- The document content area with serialized nodes -->

<TextWithNodes><Node id="0"/>From<Node id="4"/>:<Node id="5"/> <Node id="6"/>revpk<Node id="11"/>@<Node id="12"/>cellar<Node id="18"/>.<Node id="19"/>org<Node id="22"/> <Node id="23"/>(<Node id="24"/>Brian<Node id="29"/> <Node id="30"/>'<Node id="31"/>Rev<Node id="34"/> <Node id="35"/>P-K<Node id="38"/>'<Node id="39"/> <Node id="40"/>Siano<Node id="45"/>)<Node id="46"/>
<Node id="47"/>Organization<Node id="59"/>:<Node id="60"/> <Node id="61"/>The<Node id="64"/> <Node id="65"/>Cellar<Node id="71"/> <Node id="72"/>BBS<Node id="75"/> <Node id="76"/>and<Node id="79"/> <Node id="80"/>public<Node id="86"/> <Node id="87"/>access<Node id="93"/> <Node id="94"/>system<Node id="100"/>
<Node id="101"/>Date<Node id="105"/>:<Node id="106"/> <Node id="107"/>Thu<Node id="110"/>,<Node id="111"/> <Node id="112"/>22<Node id="114"/> <Node id="115"/>Apr<Node id="118"/> <Node id="119"/>1993<Node id="123"/> <Node id="124"/>05<Node id="126"/>:<Node id="127"/>26<Node id="129"/>:<Node id="130"/>58<Node id="132"/> <Node id="133"/>GMT<Node id="136"/>
<Node id="137"/>Message-<Node id="145"/>ID<Node id="147"/>:<Node id="148"/> <Node id="149"/>&lt;<Node id="150"/>NN<Node id="152"/>8<Node id="153"/>D<Node id="154"/>3<Node id="155"/>B<Node id="156"/>7<Node id="157"/>w<Node id="158"/>164<Node id="161"/>w<Node id="162"/>@<Node id="163"/>cellar<Node id="169"/>.<Node id="170"/>org<Node id="173"/>&gt;<Node id="174"/>
<Node id="175"/>References<Node id="185"/>:<Node id="186"/> <Node id="187"/>&lt;<Node id="188"/>1993<Node id="192"/>Apr<Node id="195"/>20<Node id="197"/>.<Node id="198"/>175537<Node id="204"/>.<Node id="205"/>773<Node id="208"/>@<Node id="209"/>doug<Node id="213"/>.<Node id="214"/>cae<Node id="217"/>.<Node id="218"/>wisc<Node id="222"/>.<Node id="223"/>edu<Node id="226"/>&gt;<Node id="227"/>
<Node id="228"/>Sender<Node id="234"/>:<Node id="235"/> <Node id="236"/>bbs<Node id="239"/>@<Node id="240"/>cellar<Node id="246"/>.<Node id="247"/>org<Node id="250"/> <Node id="251"/>(<Node id="252"/>The<Node id="255"/> <Node id="256"/>Cellar<Node id="262"/> <Node id="263"/>BBS<Node id="266"/>)<Node id="267"/>
<Node id="268"/>Lines<Node id="273"/>:<Node id="274"/> <Node id="275"/>21<Node id="277"/>
<Node id="278"/>
<Node id="279"/>field<Node id="284"/>@<Node id="285"/>cae<Node id="288"/>.<Node id="289"/>wisc<Node id="293"/>.<Node id="294"/>edu<Node id="297"/> <Node id="298"/>(<Node id="299"/>Michael<Node id="306"/> <Node id="307"/>Brian<Node id="312"/> <Node id="313"/>Field<Node id="318"/>)<Node id="319"/> <Node id="320"/>writes<Node id="326"/>:<Node id="327"/>
<Node id="328"/>
<Node id="329"/>&gt;<Node id="330"/> <Node id="331"/>
<Node id="332"/>&gt;<Node id="333"/> <Node id="334"/>	<Node id="335"/>All<Node id="338"/> <Node id="339"/>you<Node id="342"/> <Node id="343"/>BD<Node id="345"/> <Node id="346"/>apologists<Node id="356"/> <Node id="357"/>seem<Node id="361"/> <Node id="362"/>to<Node id="364"/> <Node id="365"/>be<Node id="367"/> <Node id="368"/>conveniently<Node id="380"/> <Node id="381"/>forgetting<Node id="391"/>
<Node id="392"/>&gt;<Node id="393"/> <Node id="394"/>Jonestown<Node id="403"/>.<Node id="404"/> <Node id="405"/> <Node id="406"/>It<Node id="408"/> <Node id="409"/>would<Node id="414"/> <Node id="415"/>have<Node id="419"/> <Node id="420"/>looked<Node id="426"/> <Node id="427"/>much<Node id="431"/> <Node id="432"/>worse<Node id="437"/> <Node id="438"/>if<Node id="440"/> <Node id="441"/>the<Node id="444"/> <Node id="445"/>feds<Node id="449"/> <Node id="450"/>had<Node id="453"/> <Node id="454"/>just<Node id="458"/>
<Node id="459"/>&gt;<Node id="460"/> <Node id="461"/>waited<Node id="467"/> <Node id="468"/>till<Node id="472"/> <Node id="473"/>they<Node id="477"/> <Node id="478"/>all<Node id="481"/> <Node id="482"/>committed<Node id="491"/> <Node id="492"/>suicide<Node id="499"/>.<Node id="500"/> <Node id="501"/> <Node id="502"/>This<Node id="506"/> <Node id="507"/>was<Node id="510"/> <Node id="511"/>a<Node id="512"/> <Node id="513"/>no<Node id="515"/> <Node id="516"/>win<Node id="519"/> <Node id="520"/>situation<Node id="529"/>,<Node id="530"/>
<Node id="531"/>&gt;<Node id="532"/> <Node id="533"/>although<Node id="541"/> <Node id="542"/>the<Node id="545"/> <Node id="546"/>final<Node id="551"/> <Node id="552"/>raid<Node id="556"/> <Node id="557"/>was<Node id="560"/> <Node id="561"/>a<Node id="562"/> <Node id="563"/>tragic<Node id="569"/> <Node id="570"/>failure<Node id="577"/> <Node id="578"/>-<Node id="579"/> <Node id="580"/>they<Node id="584"/> <Node id="585"/>should<Node id="591"/> <Node id="592"/>have<Node id="596"/>
<Node id="597"/>&gt;<Node id="598"/> <Node id="599"/>been<Node id="603"/> <Node id="604"/>able<Node id="608"/> <Node id="609"/>to<Node id="611"/> <Node id="612"/>get<Node id="615"/> <Node id="616"/>more<Node id="620"/> <Node id="621"/>people<Node id="627"/> <Node id="628"/>out<Node id="631"/> <Node id="632"/>alive<Node id="637"/>.<Node id="638"/>
<Node id="639"/>&gt;<Node id="640"/> <Node id="641"/>
<Node id="642"/>	<Node id="643"/>"<Node id="644"/>BD<Node id="646"/> <Node id="647"/>apologists<Node id="657"/>?<Node id="658"/>"<Node id="659"/>
<Node id="660"/>
<Node id="661"/>	<Node id="662"/>Give<Node id="666"/> <Node id="667"/>me<Node id="669"/> <Node id="670"/>a<Node id="671"/> <Node id="672"/>break<Node id="677"/>.<Node id="678"/>
<Node id="679"/>
<Node id="680"/>Brian<Node id="685"/> <Node id="686"/>"<Node id="687"/>Rev<Node id="690"/>.<Node id="691"/> <Node id="692"/>P-K<Node id="695"/>"<Node id="696"/> <Node id="697"/>Siano<Node id="702"/> <Node id="703"/> <Node id="704"/> <Node id="705"/> <Node id="706"/> <Node id="707"/> <Node id="708"/> <Node id="709"/> <Node id="710"/> <Node id="711"/> <Node id="712"/> <Node id="713"/> <Node id="714"/> <Node id="715"/> <Node id="716"/> <Node id="717"/> <Node id="718"/> <Node id="719"/> <Node id="720"/> <Node id="721"/> <Node id="722"/> <Node id="723"/> <Node id="724"/> <Node id="725"/> <Node id="726"/> <Node id="727"/> <Node id="728"/> <Node id="729"/> <Node id="730"/> <Node id="731"/> <Node id="732"/> <Node id="733"/> <Node id="734"/> <Node id="735"/> <Node id="736"/>revpk<Node id="741"/>@<Node id="742"/>cellar<Node id="748"/>.<Node id="749"/>org<Node id="752"/>
<Node id="753"/>
<Node id="754"/>"<Node id="755"/>Well<Node id="759"/>,<Node id="760"/> <Node id="761"/>I<Node id="762"/>'ll<Node id="765"/> <Node id="766"/>know<Node id="770"/> <Node id="771"/>right<Node id="776"/> <Node id="777"/>away<Node id="781"/> <Node id="782"/>by<Node id="784"/> <Node id="785"/>the<Node id="788"/> <Node id="789"/>look<Node id="793"/> <Node id="794"/>in<Node id="796"/> <Node id="797"/>her<Node id="800"/> <Node id="801"/>eyes<Node id="805"/>
<Node id="806"/>she<Node id="809"/>'s<Node id="811"/> <Node id="812"/>lost<Node id="816"/> <Node id="817"/>all<Node id="820"/> <Node id="821"/>illusions<Node id="830"/> <Node id="831"/>and<Node id="834"/> <Node id="835"/>she<Node id="838"/>'s<Node id="840"/> <Node id="841"/>worldly<Node id="848"/> <Node id="849"/>wise<Node id="853"/>,<Node id="854"/> <Node id="855"/>and<Node id="858"/> <Node id="859"/>I<Node id="860"/> <Node id="861"/>know<Node id="865"/>
<Node id="866"/>if<Node id="868"/> <Node id="869"/>I<Node id="870"/> <Node id="871"/>give<Node id="875"/> <Node id="876"/>her<Node id="879"/> <Node id="880"/>a<Node id="881"/> <Node id="882"/>listen<Node id="888"/>,<Node id="889"/> <Node id="890"/>she<Node id="893"/>'s<Node id="895"/> <Node id="896"/>what<Node id="900"/> <Node id="901"/>I<Node id="902"/>'ve<Node id="905"/> <Node id="906"/>been<Node id="910"/> <Node id="911"/>missing<Node id="918"/>,<Node id="919"/> <Node id="920"/>what<Node id="924"/> <Node id="925"/>I<Node id="926"/>'ve<Node id="929"/> <Node id="930"/>been<Node id="934"/> <Node id="935"/>missing<Node id="942"/>
<Node id="943"/>I<Node id="944"/>'ll<Node id="947"/> <Node id="948"/>be<Node id="950"/> <Node id="951"/>lost<Node id="955"/> <Node id="956"/>in<Node id="958"/> <Node id="959"/>love<Node id="963"/> <Node id="964"/>and<Node id="967"/> <Node id="968"/>havin<Node id="973"/>'<Node id="974"/> <Node id="975"/>some<Node id="979"/> <Node id="980"/>fun<Node id="983"/> <Node id="984"/>with<Node id="988"/> <Node id="989"/>my<Node id="991"/> <Node id="992"/>cynical<Node id="999"/> <Node id="1000"/>girl<Node id="1004"/>
<Node id="1005"/>Who<Node id="1008"/>'s<Node id="1010"/> <Node id="1011"/>got<Node id="1014"/> <Node id="1015"/>no<Node id="1017"/> <Node id="1018"/>use<Node id="1021"/> <Node id="1022"/>for<Node id="1025"/> <Node id="1026"/>the<Node id="1029"/> <Node id="1030"/>real<Node id="1034"/> <Node id="1035"/>world<Node id="1040"/>,<Node id="1041"/> <Node id="1042"/>I<Node id="1043"/>'m<Node id="1045"/> <Node id="1046"/>looking<Node id="1053"/> <Node id="1054"/>for<Node id="1057"/> <Node id="1058"/>a<Node id="1059"/> <Node id="1060"/>Cynical<Node id="1067"/> <Node id="1068"/>Girl<Node id="1072"/>"<Node id="1073"/>
<Node id="1074"/> <Node id="1075"/> <Node id="1076"/> <Node id="1077"/> <Node id="1078"/> <Node id="1079"/> <Node id="1080"/> <Node id="1081"/> <Node id="1082"/> <Node id="1083"/> <Node id="1084"/>-<Node id="1085"/>-<Node id="1086"/>-<Node id="1087"/> <Node id="1088"/>Marshall<Node id="1096"/> <Node id="1097"/>Crenshaw<Node id="1105"/>,<Node id="1106"/> <Node id="1107"/>"<Node id="1108"/>Cynical<Node id="1115"/> <Node id="1116"/>Girl<Node id="1120"/>"<Node id="1121"/>
<Node id="1122"/></TextWithNodes>
<!-- The default annotation set -->

<AnnotationSet>
<Annotation EndNode="1122" StartNode="0" Type="Mention" Id="9999999">
<Feature>
<Name classname="java.lang.String">Class</Name>
<Value classname="java.lang.String">0</Value>
</Feature>
</Annotation>

<Annotation Id="5" Type="Token" StartNode="12" EndNode="18">
<Feature>
  <Name className="java.lang.String">string</Name>
  <Value className="java.lang.String">cellar</Value>
</Feature>
</Annotation>
<Annotation Id="21" Type="Token" StartNode="47" EndNode="59">
<Feature>
  <Name className="java.lang.String">string</Name>
  <Value className="java.lang.String">Organization</Value>
</Feature>
</Annotation>
<Annotation Id="26" Type="Token" StartNode="65" EndNode="71">
<Feature>
  <Name className="java.lang.String">string</Name>
  <Value className="java.lang.String">Cellar</Value>
</Feature>
</Annotation>
<Annotation Id="34" Type="Token" StartNode="87" EndNode="93">
<Feature>
  <Name className="java.lang.String">string</Name>
  <Value className="java.lang.String">access</Value>
</Feature>
</Annotation>
<Annotation Id="32" Type="Token" StartNode="80" EndNode="86">
<Feature>
  <Name className="java.lang.String">string</Name>
  <Value className="java.lang.String">public</Value>
</Feature>
</Annotation>
<Annotation Id="36" Type="Token" StartNode="94" EndNode="100">
<Feature>
  <Name className="java.lang.String">string</Name>
  <Value className="java.lang.String">system</Value>
</Feature>
</Annotation>
<Annotation Id="58" Type="Token" StartNode="137" EndNode="145">
<Feature>
  <Name className="java.lang.String">string</Name>
  <Value className="java.lang.String">Message-</Value>
</Feature>
</Annotation>
<Annotation Id="78" Type="Token" StartNode="175" EndNode="185">
<Feature>
  <Name className="java.lang.String">string</Name>
  <Value className="java.lang.String">References</Value>
</Feature>
</Annotation>
<Annotation Id="73" Type="Token" StartNode="163" EndNode="169">
<Feature>
  <Name className="java.lang.String">string</Name>
  <Value className="java.lang.String">cellar</Value>
</Feature>
</Annotation>
<Annotation Id="86" Type="Token" StartNode="198" EndNode="204">
</Annotation>
<Annotation Id="99" Type="Token" StartNode="228" EndNode="234">
<Feature>
  <Name className="java.lang.String">string</Name>
  <Value className="java.lang.String">Sender</Value>
</Feature>
</Annotation>
<Annotation Id="111" Type="Token" StartNode="256" EndNode="262">
<Feature>
  <Name className="java.lang.String">string</Name>
  <Value className="java.lang.String">Cellar</Value>
</Feature>
</Annotation>
<Annotation Id="104" Type="Token" StartNode="240" EndNode="246">
<Feature>
  <Name className="java.lang.String">string</Name>
  <Value className="java.lang.String">cellar</Value>
</Feature>
</Annotation>
<Annotation Id="138" Type="Token" StartNode="320" EndNode="326">
<Feature>
  <Name className="java.lang.String">string</Name>
  <Value className="java.lang.String">writes</Value>
</Feature>
</Annotation>
<Annotation Id="131" Type="Token" StartNode="299" EndNode="306">
<Feature>
  <Name className="java.lang.String">string</Name>
  <Value className="java.lang.String">Michael</Value>
</Feature>
</Annotation>
<Annotation Id="154" Type="Token" StartNode="346" EndNode="356">
<Feature>
  <Name className="java.lang.String">string</Name>
  <Value className="java.lang.String">apologists</Value>
</Feature>
</Annotation>
<Annotation Id="168" Type="Token" StartNode="394" EndNode="403">
<Feature>
  <Name className="java.lang.String">string</Name>
  <Value className="java.lang.String">Jonestown</Value>
</Feature>
</Annotation>
<Annotation Id="162" Type="Token" StartNode="368" EndNode="380">
<Feature>
  <Name className="java.lang.String">string</Name>
  <Value className="java.lang.String">conveniently</Value>
</Feature>
</Annotation>
<Annotation Id="164" Type="Token" StartNode="381" EndNode="391">
<Feature>
  <Name className="java.lang.String">string</Name>
  <Value className="java.lang.String">forgetting</Value>
</Feature>
</Annotation>
<Annotation Id="178" Type="Token" StartNode="420" EndNode="426">
<Feature>
  <Name className="java.lang.String">string</Name>
  <Value className="java.lang.String">looked</Value>
</Feature>
</Annotation>
<Annotation Id="204" Type="Token" StartNode="482" EndNode="491">
<Feature>
  <Name className="java.lang.String">string</Name>
  <Value className="java.lang.String">committed</Value>
</Feature>
</Annotation>
<Annotation Id="206" Type="Token" StartNode="492" EndNode="499">
<Feature>
  <Name className="java.lang.String">string</Name>
  <Value className="java.lang.String">suicide</Value>
</Feature>
</Annotation>
<Annotation Id="196" Type="Token" StartNode="461" EndNode="467">
<Feature>
  <Name className="java.lang.String">string</Name>
  <Value className="java.lang.String">waited</Value>
</Feature>
</Annotation>
<Annotation Id="220" Type="Token" StartNode="520" EndNode="529">
<Feature>
  <Name className="java.lang.String">string</Name>
  <Value className="java.lang.String">situation</Value>
</Feature>
</Annotation>
<Annotation Id="239" Type="Token" StartNode="570" EndNode="577">
<Feature>
  <Name className="java.lang.String">string</Name>
  <Value className="java.lang.String">failure</Value>
</Feature>
</Annotation>
<Annotation Id="237" Type="Token" StartNode="563" EndNode="569">
<Feature>
  <Name className="java.lang.String">string</Name>
  <Value className="java.lang.String">tragic</Value>
</Feature>
</Annotation>
<Annotation Id="225" Type="Token" StartNode="533" EndNode="541">
<Feature>
  <Name className="java.lang.String">string</Name>
  <Value className="java.lang.String">although</Value>
</Feature>
</Annotation>
<Annotation Id="245" Type="Token" StartNode="585" EndNode="591">
<Feature>
  <Name className="java.lang.String">string</Name>
  <Value className="java.lang.String">should</Value>
</Feature>
</Annotation>
<Annotation Id="275" Type="Token" StartNode="647" EndNode="657">
<Feature>
  <Name className="java.lang.String">string</Name>
  <Value className="java.lang.String">apologists</Value>
</Feature>
</Annotation>
<Annotation Id="261" Type="Token" StartNode="621" EndNode="627">
<Feature>
  <Name className="java.lang.String">string</Name>
  <Value className="java.lang.String">people</Value>
</Feature>
</Annotation>
<Annotation Id="337" Type="Token" StartNode="742" EndNode="748">
<Feature>
  <Name className="java.lang.String">string</Name>
  <Value className="java.lang.String">cellar</Value>
</Feature>
</Annotation>
<Annotation Id="376" Type="Token" StartNode="821" EndNode="830">
<Feature>
  <Name className="java.lang.String">string</Name>
  <Value className="java.lang.String">illusions</Value>
</Feature>
</Annotation>
<Annotation Id="405" Type="Token" StartNode="882" EndNode="888">
<Feature>
  <Name className="java.lang.String">string</Name>
  <Value className="java.lang.String">listen</Value>
</Feature>
</Annotation>
<Annotation Id="384" Type="Token" StartNode="841" EndNode="848">
<Feature>
  <Name className="java.lang.String">string</Name>
  <Value className="java.lang.String">worldly</Value>
</Feature>
</Annotation>
<Annotation Id="431" Type="Token" StartNode="935" EndNode="942">
<Feature>
  <Name className="java.lang.String">string</Name>
  <Value className="java.lang.String">missing</Value>
</Feature>
</Annotation>
<Annotation Id="420" Type="Token" StartNode="911" EndNode="918">
<Feature>
  <Name className="java.lang.String">string</Name>
  <Value className="java.lang.String">missing</Value>
</Feature>
</Annotation>
<Annotation Id="458" Type="Token" StartNode="992" EndNode="999">
<Feature>
  <Name className="java.lang.String">string</Name>
  <Value className="java.lang.String">cynical</Value>
</Feature>
</Annotation>
<Annotation Id="510" Type="Token" StartNode="1088" EndNode="1096">
<Feature>
  <Name className="java.lang.String">string</Name>
  <Value className="java.lang.String">Marshall</Value>
</Feature>
</Annotation>
<Annotation Id="491" Type="Token" StartNode="1060" EndNode="1067">
<Feature>
  <Name className="java.lang.String">string</Name>
  <Value className="java.lang.String">Cynical</Value>
</Feature>
</Annotation>
<Annotation Id="485" Type="Token" StartNode="1046" EndNode="1053">
<Feature>
  <Name className="java.lang.String">string</Name>
  <Value className="java.lang.String">looking</Value>
</Feature>
</Annotation>
<Annotation Id="516" Type="Token" StartNode="1108" EndNode="1115">
<Feature>
  <Name className="java.lang.String">string</Name>
  <Value className="java.lang.String">Cynical</Value>
</Feature>
</Annotation>
<Annotation Id="512" Type="Token" StartNode="1097" EndNode="1105">
<Feature>
  <Name className="java.lang.String">string</Name>
  <Value className="java.lang.String">Crenshaw</Value>
</Feature>
</Annotation>
</AnnotationSet>
<AnnotationSet Name="Original markups"> </AnnotationSet>
</GateDocument>