<?xml version='1.0' encoding='UTF-8'?>
<GateDocument version="3">
<!-- The document's features-->

<GateDocumentFeatures>
<Feature>
  <Name className="java.lang.String">Original_document_content_on_load</Name>
  <Value className="java.lang.String">From: demon@desire.wright.edu (Not a Boomer)
Message-ID: &lt;1993Apr16.131615.8661@desire.wright.edu>
Date: 16 Apr 93 13:16:15 EST
Organization: ACME Products
Lines: 11

	Clinton has backed off from the $16 billion jobs bill.

	Word is he's paring it down to the core: jobless benefits, money for
creating full time jobs (ie, no summer jobs money).

	Chalk one up for holding the line on spending.

Brett
________________________________________________________________________________
	"There's nothing so passionate as a vested interest disguised as an
intellectual conviction."  Sean O'Casey in _The White Plague_ by Frank Herbert.
</Value>
</Feature>
<Feature>
  <Name className="java.lang.String">gate.SourceURL</Name>
  <Value className="java.lang.String">file:/C:/Users/jian/Documents/NetBeansProjects/NoiseReductionTechniques/mideastPoliticsMix/negative386</Value>
</Feature>
</GateDocumentFeatures>
<!-- The document content area with serialized nodes -->

<TextWithNodes><Node id="0"/>From<Node id="4"/>:<Node id="5"/> <Node id="6"/>demon<Node id="11"/>@<Node id="12"/>desire<Node id="18"/>.<Node id="19"/>wright<Node id="25"/>.<Node id="26"/>edu<Node id="29"/> <Node id="30"/>(<Node id="31"/>Not<Node id="34"/> <Node id="35"/>a<Node id="36"/> <Node id="37"/>Boomer<Node id="43"/>)<Node id="44"/>
<Node id="45"/>Message-<Node id="53"/>ID<Node id="55"/>:<Node id="56"/> <Node id="57"/>&lt;<Node id="58"/>1993<Node id="62"/>Apr<Node id="65"/>16<Node id="67"/>.<Node id="68"/>131615<Node id="74"/>.<Node id="75"/>8661<Node id="79"/>@<Node id="80"/>desire<Node id="86"/>.<Node id="87"/>wright<Node id="93"/>.<Node id="94"/>edu<Node id="97"/>&gt;<Node id="98"/>
<Node id="99"/>Date<Node id="103"/>:<Node id="104"/> <Node id="105"/>16<Node id="107"/> <Node id="108"/>Apr<Node id="111"/> <Node id="112"/>93<Node id="114"/> <Node id="115"/>13<Node id="117"/>:<Node id="118"/>16<Node id="120"/>:<Node id="121"/>15<Node id="123"/> <Node id="124"/>EST<Node id="127"/>
<Node id="128"/>Organization<Node id="140"/>:<Node id="141"/> <Node id="142"/>ACME<Node id="146"/> <Node id="147"/>Products<Node id="155"/>
<Node id="156"/>Lines<Node id="161"/>:<Node id="162"/> <Node id="163"/>11<Node id="165"/>
<Node id="166"/>
<Node id="167"/>	<Node id="168"/>Clinton<Node id="175"/> <Node id="176"/>has<Node id="179"/> <Node id="180"/>backed<Node id="186"/> <Node id="187"/>off<Node id="190"/> <Node id="191"/>from<Node id="195"/> <Node id="196"/>the<Node id="199"/> <Node id="200"/>$<Node id="201"/>16<Node id="203"/> <Node id="204"/>billion<Node id="211"/> <Node id="212"/>jobs<Node id="216"/> <Node id="217"/>bill<Node id="221"/>.<Node id="222"/>
<Node id="223"/>
<Node id="224"/>	<Node id="225"/>Word<Node id="229"/> <Node id="230"/>is<Node id="232"/> <Node id="233"/>he<Node id="235"/>'s<Node id="237"/> <Node id="238"/>paring<Node id="244"/> <Node id="245"/>it<Node id="247"/> <Node id="248"/>down<Node id="252"/> <Node id="253"/>to<Node id="255"/> <Node id="256"/>the<Node id="259"/> <Node id="260"/>core<Node id="264"/>:<Node id="265"/> <Node id="266"/>jobless<Node id="273"/> <Node id="274"/>benefits<Node id="282"/>,<Node id="283"/> <Node id="284"/>money<Node id="289"/> <Node id="290"/>for<Node id="293"/>
<Node id="294"/>creating<Node id="302"/> <Node id="303"/>full<Node id="307"/> <Node id="308"/>time<Node id="312"/> <Node id="313"/>jobs<Node id="317"/> <Node id="318"/>(<Node id="319"/>ie<Node id="321"/>,<Node id="322"/> <Node id="323"/>no<Node id="325"/> <Node id="326"/>summer<Node id="332"/> <Node id="333"/>jobs<Node id="337"/> <Node id="338"/>money<Node id="343"/>)<Node id="344"/>.<Node id="345"/>
<Node id="346"/>
<Node id="347"/>	<Node id="348"/>Chalk<Node id="353"/> <Node id="354"/>one<Node id="357"/> <Node id="358"/>up<Node id="360"/> <Node id="361"/>for<Node id="364"/> <Node id="365"/>holding<Node id="372"/> <Node id="373"/>the<Node id="376"/> <Node id="377"/>line<Node id="381"/> <Node id="382"/>on<Node id="384"/> <Node id="385"/>spending<Node id="393"/>.<Node id="394"/>
<Node id="395"/>
<Node id="396"/>Brett<Node id="401"/>
<Node id="402"/>_<Node id="403"/>_<Node id="404"/>_<Node id="405"/>_<Node id="406"/>_<Node id="407"/>_<Node id="408"/>_<Node id="409"/>_<Node id="410"/>_<Node id="411"/>_<Node id="412"/>_<Node id="413"/>_<Node id="414"/>_<Node id="415"/>_<Node id="416"/>_<Node id="417"/>_<Node id="418"/>_<Node id="419"/>_<Node id="420"/>_<Node id="421"/>_<Node id="422"/>_<Node id="423"/>_<Node id="424"/>_<Node id="425"/>_<Node id="426"/>_<Node id="427"/>_<Node id="428"/>_<Node id="429"/>_<Node id="430"/>_<Node id="431"/>_<Node id="432"/>_<Node id="433"/>_<Node id="434"/>_<Node id="435"/>_<Node id="436"/>_<Node id="437"/>_<Node id="438"/>_<Node id="439"/>_<Node id="440"/>_<Node id="441"/>_<Node id="442"/>_<Node id="443"/>_<Node id="444"/>_<Node id="445"/>_<Node id="446"/>_<Node id="447"/>_<Node id="448"/>_<Node id="449"/>_<Node id="450"/>_<Node id="451"/>_<Node id="452"/>_<Node id="453"/>_<Node id="454"/>_<Node id="455"/>_<Node id="456"/>_<Node id="457"/>_<Node id="458"/>_<Node id="459"/>_<Node id="460"/>_<Node id="461"/>_<Node id="462"/>_<Node id="463"/>_<Node id="464"/>_<Node id="465"/>_<Node id="466"/>_<Node id="467"/>_<Node id="468"/>_<Node id="469"/>_<Node id="470"/>_<Node id="471"/>_<Node id="472"/>_<Node id="473"/>_<Node id="474"/>_<Node id="475"/>_<Node id="476"/>_<Node id="477"/>_<Node id="478"/>_<Node id="479"/>_<Node id="480"/>_<Node id="481"/>_<Node id="482"/>
<Node id="483"/>	<Node id="484"/>"<Node id="485"/>There<Node id="490"/>'s<Node id="492"/> <Node id="493"/>nothing<Node id="500"/> <Node id="501"/>so<Node id="503"/> <Node id="504"/>passionate<Node id="514"/> <Node id="515"/>as<Node id="517"/> <Node id="518"/>a<Node id="519"/> <Node id="520"/>vested<Node id="526"/> <Node id="527"/>interest<Node id="535"/> <Node id="536"/>disguised<Node id="545"/> <Node id="546"/>as<Node id="548"/> <Node id="549"/>an<Node id="551"/>
<Node id="552"/>intellectual<Node id="564"/> <Node id="565"/>conviction<Node id="575"/>.<Node id="576"/>"<Node id="577"/> <Node id="578"/> <Node id="579"/>Sean<Node id="583"/> <Node id="584"/>O<Node id="585"/>'<Node id="586"/>Casey<Node id="591"/> <Node id="592"/>in<Node id="594"/> <Node id="595"/>_<Node id="596"/>The<Node id="599"/> <Node id="600"/>White<Node id="605"/> <Node id="606"/>Plague<Node id="612"/>_<Node id="613"/> <Node id="614"/>by<Node id="616"/> <Node id="617"/>Frank<Node id="622"/> <Node id="623"/>Herbert<Node id="630"/>.<Node id="631"/>
<Node id="632"/></TextWithNodes>
<!-- The default annotation set -->

<AnnotationSet>
<Annotation EndNode="632" StartNode="0" Type="Mention" Id="9999999">
<Feature>
<Name classname="java.lang.String">Class</Name>
<Value classname="java.lang.String">0</Value>
</Feature>
</Annotation>

<Annotation Id="5" Type="Token" StartNode="12" EndNode="18">
<Feature>
  <Name className="java.lang.String">string</Name>
  <Value className="java.lang.String">desire</Value>
</Feature>
</Annotation>
<Annotation Id="7" Type="Token" StartNode="19" EndNode="25">
<Feature>
  <Name className="java.lang.String">string</Name>
  <Value className="java.lang.String">wright</Value>
</Feature>
</Annotation>
<Annotation Id="16" Type="Token" StartNode="37" EndNode="43">
<Feature>
  <Name className="java.lang.String">string</Name>
  <Value className="java.lang.String">Boomer</Value>
</Feature>
</Annotation>
<Annotation Id="19" Type="Token" StartNode="45" EndNode="53">
<Feature>
  <Name className="java.lang.String">string</Name>
  <Value className="java.lang.String">Message-</Value>
</Feature>
</Annotation>
<Annotation Id="28" Type="Token" StartNode="68" EndNode="74">
</Annotation>
<Annotation Id="34" Type="Token" StartNode="87" EndNode="93">
<Feature>
  <Name className="java.lang.String">string</Name>
  <Value className="java.lang.String">wright</Value>
</Feature>
</Annotation>
<Annotation Id="32" Type="Token" StartNode="80" EndNode="86">
<Feature>
  <Name className="java.lang.String">string</Name>
  <Value className="java.lang.String">desire</Value>
</Feature>
</Annotation>
<Annotation Id="56" Type="Token" StartNode="128" EndNode="140">
<Feature>
  <Name className="java.lang.String">string</Name>
  <Value className="java.lang.String">Organization</Value>
</Feature>
</Annotation>
<Annotation Id="61" Type="Token" StartNode="147" EndNode="155">
<Feature>
  <Name className="java.lang.String">string</Name>
  <Value className="java.lang.String">Products</Value>
</Feature>
</Annotation>
<Annotation Id="70" Type="Token" StartNode="168" EndNode="175">
<Feature>
  <Name className="java.lang.String">string</Name>
  <Value className="java.lang.String">Clinton</Value>
</Feature>
</Annotation>
<Annotation Id="74" Type="Token" StartNode="180" EndNode="186">
<Feature>
  <Name className="java.lang.String">string</Name>
  <Value className="java.lang.String">backed</Value>
</Feature>
</Annotation>
<Annotation Id="85" Type="Token" StartNode="204" EndNode="211">
<Feature>
  <Name className="java.lang.String">string</Name>
  <Value className="java.lang.String">billion</Value>
</Feature>
</Annotation>
<Annotation Id="102" Type="Token" StartNode="238" EndNode="244">
<Feature>
  <Name className="java.lang.String">string</Name>
  <Value className="java.lang.String">paring</Value>
</Feature>
</Annotation>
<Annotation Id="117" Type="Token" StartNode="274" EndNode="282">
<Feature>
  <Name className="java.lang.String">string</Name>
  <Value className="java.lang.String">benefits</Value>
</Feature>
</Annotation>
<Annotation Id="115" Type="Token" StartNode="266" EndNode="273">
<Feature>
  <Name className="java.lang.String">string</Name>
  <Value className="java.lang.String">jobless</Value>
</Feature>
</Annotation>
<Annotation Id="124" Type="Token" StartNode="294" EndNode="302">
<Feature>
  <Name className="java.lang.String">string</Name>
  <Value className="java.lang.String">creating</Value>
</Feature>
</Annotation>
<Annotation Id="138" Type="Token" StartNode="326" EndNode="332">
<Feature>
  <Name className="java.lang.String">string</Name>
  <Value className="java.lang.String">summer</Value>
</Feature>
</Annotation>
<Annotation Id="156" Type="Token" StartNode="365" EndNode="372">
<Feature>
  <Name className="java.lang.String">string</Name>
  <Value className="java.lang.String">holding</Value>
</Feature>
</Annotation>
<Annotation Id="164" Type="Token" StartNode="385" EndNode="393">
<Feature>
  <Name className="java.lang.String">string</Name>
  <Value className="java.lang.String">spending</Value>
</Feature>
</Annotation>
<Annotation Id="279" Type="Token" StartNode="565" EndNode="575">
<Feature>
  <Name className="java.lang.String">string</Name>
  <Value className="java.lang.String">conviction</Value>
</Feature>
</Annotation>
<Annotation Id="277" Type="Token" StartNode="552" EndNode="564">
<Feature>
  <Name className="java.lang.String">string</Name>
  <Value className="java.lang.String">intellectual</Value>
</Feature>
</Annotation>
<Annotation Id="257" Type="Token" StartNode="493" EndNode="500">
<Feature>
  <Name className="java.lang.String">string</Name>
  <Value className="java.lang.String">nothing</Value>
</Feature>
</Annotation>
<Annotation Id="261" Type="Token" StartNode="504" EndNode="514">
<Feature>
  <Name className="java.lang.String">string</Name>
  <Value className="java.lang.String">passionate</Value>
</Feature>
</Annotation>
<Annotation Id="267" Type="Token" StartNode="520" EndNode="526">
<Feature>
  <Name className="java.lang.String">string</Name>
  <Value className="java.lang.String">vested</Value>
</Feature>
</Annotation>
<Annotation Id="271" Type="Token" StartNode="536" EndNode="545">
<Feature>
  <Name className="java.lang.String">string</Name>
  <Value className="java.lang.String">disguised</Value>
</Feature>
</Annotation>
<Annotation Id="269" Type="Token" StartNode="527" EndNode="535">
<Feature>
  <Name className="java.lang.String">string</Name>
  <Value className="java.lang.String">interest</Value>
</Feature>
</Annotation>
<Annotation Id="304" Type="Token" StartNode="623" EndNode="630">
<Feature>
  <Name className="java.lang.String">string</Name>
  <Value className="java.lang.String">Herbert</Value>
</Feature>
</Annotation>
<Annotation Id="297" Type="Token" StartNode="606" EndNode="612">
<Feature>
  <Name className="java.lang.String">string</Name>
  <Value className="java.lang.String">Plague</Value>
</Feature>
</Annotation>
</AnnotationSet>
<AnnotationSet Name="Original markups"> </AnnotationSet>
</GateDocument>