<?xml version='1.0' encoding='UTF-8'?>
<GateDocument version="3">
<!-- The document's features-->

<GateDocumentFeatures>
<Feature>
  <Name className="java.lang.String">Original_document_content_on_load</Name>
  <Value className="java.lang.String">From: demon@desire.wright.edu (Not a Boomer)
Message-ID: &lt;1993Apr20.124746.8765@desire.wright.edu>
Date: 20 Apr 93 12:47:46 EST
References: &lt;9304182100.AA08789@poly.math.cor>
Organization: ACME Products
Lines: 24
Summary: That should be "Blue Cross is the government health care insurer"

In article &lt;9304182100.AA08789@poly.math.cor>, harelb@math.cornell.edu writes:
>     ******************************************************
>     "IT IS A MATTER OF LOGIC that government-run systems are
>     inefficient, and the fact that the highly bureaucratized private
>     sector system in the US is vastly more inefficient is therefore
>     irrelevant.  

	Proof that the entire private sector is vastly more inefficient?

> It is, for example, of no relevance that Blue Cross
>     of Massachusetts employs 6680 people, more than are employed in
>     all of Canada's health programs, which insure 10 times as many
>     people"

	Blue Cross is the government health insurance provider.

	Oops.

	[Ads for Z magazine deleted to Save the Earth]

Brett
________________________________________________________________________________
	"There's nothing so passionate as a vested interest disguised as an
intellectual conviction."  Sean O'Casey in _The White Plague_ by Frank Herbert.
</Value>
</Feature>
<Feature>
  <Name className="java.lang.String">gate.SourceURL</Name>
  <Value className="java.lang.String">file:/C:/Users/jian/Documents/NetBeansProjects/NoiseReductionTechniques/mideastPoliticsMix/negative318</Value>
</Feature>
</GateDocumentFeatures>
<!-- The document content area with serialized nodes -->

<TextWithNodes><Node id="0"/>From<Node id="4"/>:<Node id="5"/> <Node id="6"/>demon<Node id="11"/>@<Node id="12"/>desire<Node id="18"/>.<Node id="19"/>wright<Node id="25"/>.<Node id="26"/>edu<Node id="29"/> <Node id="30"/>(<Node id="31"/>Not<Node id="34"/> <Node id="35"/>a<Node id="36"/> <Node id="37"/>Boomer<Node id="43"/>)<Node id="44"/>
<Node id="45"/>Message-<Node id="53"/>ID<Node id="55"/>:<Node id="56"/> <Node id="57"/>&lt;<Node id="58"/>1993<Node id="62"/>Apr<Node id="65"/>20<Node id="67"/>.<Node id="68"/>124746<Node id="74"/>.<Node id="75"/>8765<Node id="79"/>@<Node id="80"/>desire<Node id="86"/>.<Node id="87"/>wright<Node id="93"/>.<Node id="94"/>edu<Node id="97"/>&gt;<Node id="98"/>
<Node id="99"/>Date<Node id="103"/>:<Node id="104"/> <Node id="105"/>20<Node id="107"/> <Node id="108"/>Apr<Node id="111"/> <Node id="112"/>93<Node id="114"/> <Node id="115"/>12<Node id="117"/>:<Node id="118"/>47<Node id="120"/>:<Node id="121"/>46<Node id="123"/> <Node id="124"/>EST<Node id="127"/>
<Node id="128"/>References<Node id="138"/>:<Node id="139"/> <Node id="140"/>&lt;<Node id="141"/>9304182100<Node id="151"/>.<Node id="152"/>AA<Node id="154"/>08789<Node id="159"/>@<Node id="160"/>poly<Node id="164"/>.<Node id="165"/>math<Node id="169"/>.<Node id="170"/>cor<Node id="173"/>&gt;<Node id="174"/>
<Node id="175"/>Organization<Node id="187"/>:<Node id="188"/> <Node id="189"/>ACME<Node id="193"/> <Node id="194"/>Products<Node id="202"/>
<Node id="203"/>Lines<Node id="208"/>:<Node id="209"/> <Node id="210"/>24<Node id="212"/>
<Node id="213"/>Summary<Node id="220"/>:<Node id="221"/> <Node id="222"/>That<Node id="226"/> <Node id="227"/>should<Node id="233"/> <Node id="234"/>be<Node id="236"/> <Node id="237"/>"<Node id="238"/>Blue<Node id="242"/> <Node id="243"/>Cross<Node id="248"/> <Node id="249"/>is<Node id="251"/> <Node id="252"/>the<Node id="255"/> <Node id="256"/>government<Node id="266"/> <Node id="267"/>health<Node id="273"/> <Node id="274"/>care<Node id="278"/> <Node id="279"/>insurer<Node id="286"/>"<Node id="287"/>
<Node id="288"/>
<Node id="289"/>In<Node id="291"/> <Node id="292"/>article<Node id="299"/> <Node id="300"/>&lt;<Node id="301"/>9304182100<Node id="311"/>.<Node id="312"/>AA<Node id="314"/>08789<Node id="319"/>@<Node id="320"/>poly<Node id="324"/>.<Node id="325"/>math<Node id="329"/>.<Node id="330"/>cor<Node id="333"/>&gt;<Node id="334"/>,<Node id="335"/> <Node id="336"/>harelb<Node id="342"/>@<Node id="343"/>math<Node id="347"/>.<Node id="348"/>cornell<Node id="355"/>.<Node id="356"/>edu<Node id="359"/> <Node id="360"/>writes<Node id="366"/>:<Node id="367"/>
<Node id="368"/>&gt;<Node id="369"/> <Node id="370"/> <Node id="371"/> <Node id="372"/> <Node id="373"/> <Node id="374"/>*<Node id="375"/>*<Node id="376"/>*<Node id="377"/>*<Node id="378"/>*<Node id="379"/>*<Node id="380"/>*<Node id="381"/>*<Node id="382"/>*<Node id="383"/>*<Node id="384"/>*<Node id="385"/>*<Node id="386"/>*<Node id="387"/>*<Node id="388"/>*<Node id="389"/>*<Node id="390"/>*<Node id="391"/>*<Node id="392"/>*<Node id="393"/>*<Node id="394"/>*<Node id="395"/>*<Node id="396"/>*<Node id="397"/>*<Node id="398"/>*<Node id="399"/>*<Node id="400"/>*<Node id="401"/>*<Node id="402"/>*<Node id="403"/>*<Node id="404"/>*<Node id="405"/>*<Node id="406"/>*<Node id="407"/>*<Node id="408"/>*<Node id="409"/>*<Node id="410"/>*<Node id="411"/>*<Node id="412"/>*<Node id="413"/>*<Node id="414"/>*<Node id="415"/>*<Node id="416"/>*<Node id="417"/>*<Node id="418"/>*<Node id="419"/>*<Node id="420"/>*<Node id="421"/>*<Node id="422"/>*<Node id="423"/>*<Node id="424"/>*<Node id="425"/>*<Node id="426"/>*<Node id="427"/>*<Node id="428"/>
<Node id="429"/>&gt;<Node id="430"/> <Node id="431"/> <Node id="432"/> <Node id="433"/> <Node id="434"/> <Node id="435"/>"<Node id="436"/>IT<Node id="438"/> <Node id="439"/>IS<Node id="441"/> <Node id="442"/>A<Node id="443"/> <Node id="444"/>MATTER<Node id="450"/> <Node id="451"/>OF<Node id="453"/> <Node id="454"/>LOGIC<Node id="459"/> <Node id="460"/>that<Node id="464"/> <Node id="465"/>government-run<Node id="479"/> <Node id="480"/>systems<Node id="487"/> <Node id="488"/>are<Node id="491"/>
<Node id="492"/>&gt;<Node id="493"/> <Node id="494"/> <Node id="495"/> <Node id="496"/> <Node id="497"/> <Node id="498"/>inefficient<Node id="509"/>,<Node id="510"/> <Node id="511"/>and<Node id="514"/> <Node id="515"/>the<Node id="518"/> <Node id="519"/>fact<Node id="523"/> <Node id="524"/>that<Node id="528"/> <Node id="529"/>the<Node id="532"/> <Node id="533"/>highly<Node id="539"/> <Node id="540"/>bureaucratized<Node id="554"/> <Node id="555"/>private<Node id="562"/>
<Node id="563"/>&gt;<Node id="564"/> <Node id="565"/> <Node id="566"/> <Node id="567"/> <Node id="568"/> <Node id="569"/>sector<Node id="575"/> <Node id="576"/>system<Node id="582"/> <Node id="583"/>in<Node id="585"/> <Node id="586"/>the<Node id="589"/> <Node id="590"/>US<Node id="592"/> <Node id="593"/>is<Node id="595"/> <Node id="596"/>vastly<Node id="602"/> <Node id="603"/>more<Node id="607"/> <Node id="608"/>inefficient<Node id="619"/> <Node id="620"/>is<Node id="622"/> <Node id="623"/>therefore<Node id="632"/>
<Node id="633"/>&gt;<Node id="634"/> <Node id="635"/> <Node id="636"/> <Node id="637"/> <Node id="638"/> <Node id="639"/>irrelevant<Node id="649"/>.<Node id="650"/> <Node id="651"/> <Node id="652"/>
<Node id="653"/>
<Node id="654"/>	<Node id="655"/>Proof<Node id="660"/> <Node id="661"/>that<Node id="665"/> <Node id="666"/>the<Node id="669"/> <Node id="670"/>entire<Node id="676"/> <Node id="677"/>private<Node id="684"/> <Node id="685"/>sector<Node id="691"/> <Node id="692"/>is<Node id="694"/> <Node id="695"/>vastly<Node id="701"/> <Node id="702"/>more<Node id="706"/> <Node id="707"/>inefficient<Node id="718"/>?<Node id="719"/>
<Node id="720"/>
<Node id="721"/>&gt;<Node id="722"/> <Node id="723"/>It<Node id="725"/> <Node id="726"/>is<Node id="728"/>,<Node id="729"/> <Node id="730"/>for<Node id="733"/> <Node id="734"/>example<Node id="741"/>,<Node id="742"/> <Node id="743"/>of<Node id="745"/> <Node id="746"/>no<Node id="748"/> <Node id="749"/>relevance<Node id="758"/> <Node id="759"/>that<Node id="763"/> <Node id="764"/>Blue<Node id="768"/> <Node id="769"/>Cross<Node id="774"/>
<Node id="775"/>&gt;<Node id="776"/> <Node id="777"/> <Node id="778"/> <Node id="779"/> <Node id="780"/> <Node id="781"/>of<Node id="783"/> <Node id="784"/>Massachusetts<Node id="797"/> <Node id="798"/>employs<Node id="805"/> <Node id="806"/>6680<Node id="810"/> <Node id="811"/>people<Node id="817"/>,<Node id="818"/> <Node id="819"/>more<Node id="823"/> <Node id="824"/>than<Node id="828"/> <Node id="829"/>are<Node id="832"/> <Node id="833"/>employed<Node id="841"/> <Node id="842"/>in<Node id="844"/>
<Node id="845"/>&gt;<Node id="846"/> <Node id="847"/> <Node id="848"/> <Node id="849"/> <Node id="850"/> <Node id="851"/>all<Node id="854"/> <Node id="855"/>of<Node id="857"/> <Node id="858"/>Canada<Node id="864"/>'s<Node id="866"/> <Node id="867"/>health<Node id="873"/> <Node id="874"/>programs<Node id="882"/>,<Node id="883"/> <Node id="884"/>which<Node id="889"/> <Node id="890"/>insure<Node id="896"/> <Node id="897"/>10<Node id="899"/> <Node id="900"/>times<Node id="905"/> <Node id="906"/>as<Node id="908"/> <Node id="909"/>many<Node id="913"/>
<Node id="914"/>&gt;<Node id="915"/> <Node id="916"/> <Node id="917"/> <Node id="918"/> <Node id="919"/> <Node id="920"/>people<Node id="926"/>"<Node id="927"/>
<Node id="928"/>
<Node id="929"/>	<Node id="930"/>Blue<Node id="934"/> <Node id="935"/>Cross<Node id="940"/> <Node id="941"/>is<Node id="943"/> <Node id="944"/>the<Node id="947"/> <Node id="948"/>government<Node id="958"/> <Node id="959"/>health<Node id="965"/> <Node id="966"/>insurance<Node id="975"/> <Node id="976"/>provider<Node id="984"/>.<Node id="985"/>
<Node id="986"/>
<Node id="987"/>	<Node id="988"/>Oops<Node id="992"/>.<Node id="993"/>
<Node id="994"/>
<Node id="995"/>	<Node id="996"/>[<Node id="997"/>Ads<Node id="1000"/> <Node id="1001"/>for<Node id="1004"/> <Node id="1005"/>Z<Node id="1006"/> <Node id="1007"/>magazine<Node id="1015"/> <Node id="1016"/>deleted<Node id="1023"/> <Node id="1024"/>to<Node id="1026"/> <Node id="1027"/>Save<Node id="1031"/> <Node id="1032"/>the<Node id="1035"/> <Node id="1036"/>Earth<Node id="1041"/>]<Node id="1042"/>
<Node id="1043"/>
<Node id="1044"/>Brett<Node id="1049"/>
<Node id="1050"/>_<Node id="1051"/>_<Node id="1052"/>_<Node id="1053"/>_<Node id="1054"/>_<Node id="1055"/>_<Node id="1056"/>_<Node id="1057"/>_<Node id="1058"/>_<Node id="1059"/>_<Node id="1060"/>_<Node id="1061"/>_<Node id="1062"/>_<Node id="1063"/>_<Node id="1064"/>_<Node id="1065"/>_<Node id="1066"/>_<Node id="1067"/>_<Node id="1068"/>_<Node id="1069"/>_<Node id="1070"/>_<Node id="1071"/>_<Node id="1072"/>_<Node id="1073"/>_<Node id="1074"/>_<Node id="1075"/>_<Node id="1076"/>_<Node id="1077"/>_<Node id="1078"/>_<Node id="1079"/>_<Node id="1080"/>_<Node id="1081"/>_<Node id="1082"/>_<Node id="1083"/>_<Node id="1084"/>_<Node id="1085"/>_<Node id="1086"/>_<Node id="1087"/>_<Node id="1088"/>_<Node id="1089"/>_<Node id="1090"/>_<Node id="1091"/>_<Node id="1092"/>_<Node id="1093"/>_<Node id="1094"/>_<Node id="1095"/>_<Node id="1096"/>_<Node id="1097"/>_<Node id="1098"/>_<Node id="1099"/>_<Node id="1100"/>_<Node id="1101"/>_<Node id="1102"/>_<Node id="1103"/>_<Node id="1104"/>_<Node id="1105"/>_<Node id="1106"/>_<Node id="1107"/>_<Node id="1108"/>_<Node id="1109"/>_<Node id="1110"/>_<Node id="1111"/>_<Node id="1112"/>_<Node id="1113"/>_<Node id="1114"/>_<Node id="1115"/>_<Node id="1116"/>_<Node id="1117"/>_<Node id="1118"/>_<Node id="1119"/>_<Node id="1120"/>_<Node id="1121"/>_<Node id="1122"/>_<Node id="1123"/>_<Node id="1124"/>_<Node id="1125"/>_<Node id="1126"/>_<Node id="1127"/>_<Node id="1128"/>_<Node id="1129"/>_<Node id="1130"/>
<Node id="1131"/>	<Node id="1132"/>"<Node id="1133"/>There<Node id="1138"/>'s<Node id="1140"/> <Node id="1141"/>nothing<Node id="1148"/> <Node id="1149"/>so<Node id="1151"/> <Node id="1152"/>passionate<Node id="1162"/> <Node id="1163"/>as<Node id="1165"/> <Node id="1166"/>a<Node id="1167"/> <Node id="1168"/>vested<Node id="1174"/> <Node id="1175"/>interest<Node id="1183"/> <Node id="1184"/>disguised<Node id="1193"/> <Node id="1194"/>as<Node id="1196"/> <Node id="1197"/>an<Node id="1199"/>
<Node id="1200"/>intellectual<Node id="1212"/> <Node id="1213"/>conviction<Node id="1223"/>.<Node id="1224"/>"<Node id="1225"/> <Node id="1226"/> <Node id="1227"/>Sean<Node id="1231"/> <Node id="1232"/>O<Node id="1233"/>'<Node id="1234"/>Casey<Node id="1239"/> <Node id="1240"/>in<Node id="1242"/> <Node id="1243"/>_<Node id="1244"/>The<Node id="1247"/> <Node id="1248"/>White<Node id="1253"/> <Node id="1254"/>Plague<Node id="1260"/>_<Node id="1261"/> <Node id="1262"/>by<Node id="1264"/> <Node id="1265"/>Frank<Node id="1270"/> <Node id="1271"/>Herbert<Node id="1278"/>.<Node id="1279"/>
<Node id="1280"/></TextWithNodes>
<!-- The default annotation set -->

<AnnotationSet>
<Annotation EndNode="1280" StartNode="0" Type="Mention" Id="9999999">
<Feature>
<Name classname="java.lang.String">Class</Name>
<Value classname="java.lang.String">0</Value>
</Feature>
</Annotation>

<Annotation Id="5" Type="Token" StartNode="12" EndNode="18">
<Feature>
  <Name className="java.lang.String">string</Name>
  <Value className="java.lang.String">desire</Value>
</Feature>
</Annotation>
<Annotation Id="7" Type="Token" StartNode="19" EndNode="25">
<Feature>
  <Name className="java.lang.String">string</Name>
  <Value className="java.lang.String">wright</Value>
</Feature>
</Annotation>
<Annotation Id="16" Type="Token" StartNode="37" EndNode="43">
<Feature>
  <Name className="java.lang.String">string</Name>
  <Value className="java.lang.String">Boomer</Value>
</Feature>
</Annotation>
<Annotation Id="19" Type="Token" StartNode="45" EndNode="53">
<Feature>
  <Name className="java.lang.String">string</Name>
  <Value className="java.lang.String">Message-</Value>
</Feature>
</Annotation>
<Annotation Id="28" Type="Token" StartNode="68" EndNode="74">
</Annotation>
<Annotation Id="34" Type="Token" StartNode="87" EndNode="93">
<Feature>
  <Name className="java.lang.String">string</Name>
  <Value className="java.lang.String">wright</Value>
</Feature>
</Annotation>
<Annotation Id="32" Type="Token" StartNode="80" EndNode="86">
<Feature>
  <Name className="java.lang.String">string</Name>
  <Value className="java.lang.String">desire</Value>
</Feature>
</Annotation>
<Annotation Id="56" Type="Token" StartNode="128" EndNode="138">
<Feature>
  <Name className="java.lang.String">string</Name>
  <Value className="java.lang.String">References</Value>
</Feature>
</Annotation>
<Annotation Id="60" Type="Token" StartNode="141" EndNode="151">
</Annotation>
<Annotation Id="77" Type="Token" StartNode="194" EndNode="202">
<Feature>
  <Name className="java.lang.String">string</Name>
  <Value className="java.lang.String">Products</Value>
</Feature>
</Annotation>
<Annotation Id="72" Type="Token" StartNode="175" EndNode="187">
<Feature>
  <Name className="java.lang.String">string</Name>
  <Value className="java.lang.String">Organization</Value>
</Feature>
</Annotation>
<Annotation Id="84" Type="Token" StartNode="213" EndNode="220">
<Feature>
  <Name className="java.lang.String">string</Name>
  <Value className="java.lang.String">Summary</Value>
</Feature>
</Annotation>
<Annotation Id="89" Type="Token" StartNode="227" EndNode="233">
<Feature>
  <Name className="java.lang.String">string</Name>
  <Value className="java.lang.String">should</Value>
</Feature>
</Annotation>
<Annotation Id="102" Type="Token" StartNode="256" EndNode="266">
<Feature>
  <Name className="java.lang.String">string</Name>
  <Value className="java.lang.String">government</Value>
</Feature>
</Annotation>
<Annotation Id="108" Type="Token" StartNode="279" EndNode="286">
<Feature>
  <Name className="java.lang.String">string</Name>
  <Value className="java.lang.String">insurer</Value>
</Feature>
</Annotation>
<Annotation Id="104" Type="Token" StartNode="267" EndNode="273">
<Feature>
  <Name className="java.lang.String">string</Name>
  <Value className="java.lang.String">health</Value>
</Feature>
</Annotation>
<Annotation Id="117" Type="Token" StartNode="301" EndNode="311">
</Annotation>
<Annotation Id="114" Type="Token" StartNode="292" EndNode="299">
<Feature>
  <Name className="java.lang.String">string</Name>
  <Value className="java.lang.String">article</Value>
</Feature>
</Annotation>
<Annotation Id="138" Type="Token" StartNode="360" EndNode="366">
<Feature>
  <Name className="java.lang.String">string</Name>
  <Value className="java.lang.String">writes</Value>
</Feature>
</Annotation>
<Annotation Id="130" Type="Token" StartNode="336" EndNode="342">
<Feature>
  <Name className="java.lang.String">string</Name>
  <Value className="java.lang.String">harelb</Value>
</Feature>
</Annotation>
<Annotation Id="134" Type="Token" StartNode="348" EndNode="355">
<Feature>
  <Name className="java.lang.String">string</Name>
  <Value className="java.lang.String">cornell</Value>
</Feature>
</Annotation>
<Annotation Id="223" Type="Token" StartNode="465" EndNode="479">
<Feature>
  <Name className="java.lang.String">string</Name>
  <Value className="java.lang.String">government-run</Value>
</Feature>
</Annotation>
<Annotation Id="215" Type="Token" StartNode="444" EndNode="450">
<Feature>
  <Name className="java.lang.String">string</Name>
  <Value className="java.lang.String">MATTER</Value>
</Feature>
</Annotation>
<Annotation Id="235" Type="Token" StartNode="498" EndNode="509">
<Feature>
  <Name className="java.lang.String">string</Name>
  <Value className="java.lang.String">inefficient</Value>
</Feature>
</Annotation>
<Annotation Id="225" Type="Token" StartNode="480" EndNode="487">
<Feature>
  <Name className="java.lang.String">string</Name>
  <Value className="java.lang.String">systems</Value>
</Feature>
</Annotation>
<Annotation Id="252" Type="Token" StartNode="555" EndNode="562">
<Feature>
  <Name className="java.lang.String">string</Name>
  <Value className="java.lang.String">private</Value>
</Feature>
</Annotation>
<Annotation Id="250" Type="Token" StartNode="540" EndNode="554">
<Feature>
  <Name className="java.lang.String">string</Name>
  <Value className="java.lang.String">bureaucratized</Value>
</Feature>
</Annotation>
<Annotation Id="248" Type="Token" StartNode="533" EndNode="539">
<Feature>
  <Name className="java.lang.String">string</Name>
  <Value className="java.lang.String">highly</Value>
</Feature>
</Annotation>
<Annotation Id="272" Type="Token" StartNode="596" EndNode="602">
<Feature>
  <Name className="java.lang.String">string</Name>
  <Value className="java.lang.String">vastly</Value>
</Feature>
</Annotation>
<Annotation Id="276" Type="Token" StartNode="608" EndNode="619">
<Feature>
  <Name className="java.lang.String">string</Name>
  <Value className="java.lang.String">inefficient</Value>
</Feature>
</Annotation>
<Annotation Id="280" Type="Token" StartNode="623" EndNode="632">
<Feature>
  <Name className="java.lang.String">string</Name>
  <Value className="java.lang.String">therefore</Value>
</Feature>
</Annotation>
<Annotation Id="262" Type="Token" StartNode="576" EndNode="582">
<Feature>
  <Name className="java.lang.String">string</Name>
  <Value className="java.lang.String">system</Value>
</Feature>
</Annotation>
<Annotation Id="260" Type="Token" StartNode="569" EndNode="575">
<Feature>
  <Name className="java.lang.String">string</Name>
  <Value className="java.lang.String">sector</Value>
</Feature>
</Annotation>
<Annotation Id="305" Type="Token" StartNode="685" EndNode="691">
<Feature>
  <Name className="java.lang.String">string</Name>
  <Value className="java.lang.String">sector</Value>
</Feature>
</Annotation>
<Annotation Id="309" Type="Token" StartNode="695" EndNode="701">
<Feature>
  <Name className="java.lang.String">string</Name>
  <Value className="java.lang.String">vastly</Value>
</Feature>
</Annotation>
<Annotation Id="313" Type="Token" StartNode="707" EndNode="718">
<Feature>
  <Name className="java.lang.String">string</Name>
  <Value className="java.lang.String">inefficient</Value>
</Feature>
</Annotation>
<Annotation Id="288" Type="Token" StartNode="639" EndNode="649">
<Feature>
  <Name className="java.lang.String">string</Name>
  <Value className="java.lang.String">irrelevant</Value>
</Feature>
</Annotation>
<Annotation Id="301" Type="Token" StartNode="670" EndNode="676">
<Feature>
  <Name className="java.lang.String">string</Name>
  <Value className="java.lang.String">entire</Value>
</Feature>
</Annotation>
<Annotation Id="303" Type="Token" StartNode="677" EndNode="684">
<Feature>
  <Name className="java.lang.String">string</Name>
  <Value className="java.lang.String">private</Value>
</Feature>
</Annotation>
<Annotation Id="351" Type="Token" StartNode="798" EndNode="805">
<Feature>
  <Name className="java.lang.String">string</Name>
  <Value className="java.lang.String">employs</Value>
</Feature>
</Annotation>
<Annotation Id="349" Type="Token" StartNode="784" EndNode="797">
<Feature>
  <Name className="java.lang.String">string</Name>
  <Value className="java.lang.String">Massachusetts</Value>
</Feature>
</Annotation>
<Annotation Id="326" Type="Token" StartNode="734" EndNode="741">
<Feature>
  <Name className="java.lang.String">string</Name>
  <Value className="java.lang.String">example</Value>
</Feature>
</Annotation>
<Annotation Id="333" Type="Token" StartNode="749" EndNode="758">
<Feature>
  <Name className="java.lang.String">string</Name>
  <Value className="java.lang.String">relevance</Value>
</Feature>
</Annotation>
<Annotation Id="382" Type="Token" StartNode="867" EndNode="873">
<Feature>
  <Name className="java.lang.String">string</Name>
  <Value className="java.lang.String">health</Value>
</Feature>
</Annotation>
<Annotation Id="378" Type="Token" StartNode="858" EndNode="864">
<Feature>
  <Name className="java.lang.String">string</Name>
  <Value className="java.lang.String">Canada</Value>
</Feature>
</Annotation>
<Annotation Id="355" Type="Token" StartNode="811" EndNode="817">
<Feature>
  <Name className="java.lang.String">string</Name>
  <Value className="java.lang.String">people</Value>
</Feature>
</Annotation>
<Annotation Id="364" Type="Token" StartNode="833" EndNode="841">
<Feature>
  <Name className="java.lang.String">string</Name>
  <Value className="java.lang.String">employed</Value>
</Feature>
</Annotation>
<Annotation Id="405" Type="Token" StartNode="920" EndNode="926">
<Feature>
  <Name className="java.lang.String">string</Name>
  <Value className="java.lang.String">people</Value>
</Feature>
</Annotation>
<Annotation Id="384" Type="Token" StartNode="874" EndNode="882">
<Feature>
  <Name className="java.lang.String">string</Name>
  <Value className="java.lang.String">programs</Value>
</Feature>
</Annotation>
<Annotation Id="389" Type="Token" StartNode="890" EndNode="896">
<Feature>
  <Name className="java.lang.String">string</Name>
  <Value className="java.lang.String">insure</Value>
</Feature>
</Annotation>
<Annotation Id="441" Type="Token" StartNode="1007" EndNode="1015">
<Feature>
  <Name className="java.lang.String">string</Name>
  <Value className="java.lang.String">magazine</Value>
</Feature>
</Annotation>
<Annotation Id="443" Type="Token" StartNode="1016" EndNode="1023">
<Feature>
  <Name className="java.lang.String">string</Name>
  <Value className="java.lang.String">deleted</Value>
</Feature>
</Annotation>
<Annotation Id="424" Type="Token" StartNode="976" EndNode="984">
<Feature>
  <Name className="java.lang.String">string</Name>
  <Value className="java.lang.String">provider</Value>
</Feature>
</Annotation>
<Annotation Id="418" Type="Token" StartNode="948" EndNode="958">
<Feature>
  <Name className="java.lang.String">string</Name>
  <Value className="java.lang.String">government</Value>
</Feature>
</Annotation>
<Annotation Id="420" Type="Token" StartNode="959" EndNode="965">
<Feature>
  <Name className="java.lang.String">string</Name>
  <Value className="java.lang.String">health</Value>
</Feature>
</Annotation>
<Annotation Id="422" Type="Token" StartNode="966" EndNode="975">
<Feature>
  <Name className="java.lang.String">string</Name>
  <Value className="java.lang.String">insurance</Value>
</Feature>
</Annotation>
<Annotation Id="548" Type="Token" StartNode="1152" EndNode="1162">
<Feature>
  <Name className="java.lang.String">string</Name>
  <Value className="java.lang.String">passionate</Value>
</Feature>
</Annotation>
<Annotation Id="544" Type="Token" StartNode="1141" EndNode="1148">
<Feature>
  <Name className="java.lang.String">string</Name>
  <Value className="java.lang.String">nothing</Value>
</Feature>
</Annotation>
<Annotation Id="558" Type="Token" StartNode="1184" EndNode="1193">
<Feature>
  <Name className="java.lang.String">string</Name>
  <Value className="java.lang.String">disguised</Value>
</Feature>
</Annotation>
<Annotation Id="556" Type="Token" StartNode="1175" EndNode="1183">
<Feature>
  <Name className="java.lang.String">string</Name>
  <Value className="java.lang.String">interest</Value>
</Feature>
</Annotation>
<Annotation Id="554" Type="Token" StartNode="1168" EndNode="1174">
<Feature>
  <Name className="java.lang.String">string</Name>
  <Value className="java.lang.String">vested</Value>
</Feature>
</Annotation>
<Annotation Id="566" Type="Token" StartNode="1213" EndNode="1223">
<Feature>
  <Name className="java.lang.String">string</Name>
  <Value className="java.lang.String">conviction</Value>
</Feature>
</Annotation>
<Annotation Id="564" Type="Token" StartNode="1200" EndNode="1212">
<Feature>
  <Name className="java.lang.String">string</Name>
  <Value className="java.lang.String">intellectual</Value>
</Feature>
</Annotation>
<Annotation Id="584" Type="Token" StartNode="1254" EndNode="1260">
<Feature>
  <Name className="java.lang.String">string</Name>
  <Value className="java.lang.String">Plague</Value>
</Feature>
</Annotation>
<Annotation Id="591" Type="Token" StartNode="1271" EndNode="1278">
<Feature>
  <Name className="java.lang.String">string</Name>
  <Value className="java.lang.String">Herbert</Value>
</Feature>
</Annotation>
</AnnotationSet>
<AnnotationSet Name="Original markups"> </AnnotationSet>
</GateDocument>