<?xml version='1.0' encoding='UTF-8'?>
<GateDocument version="3">
<!-- The document's features-->

<GateDocumentFeatures>
<Feature>
  <Name className="java.lang.String">Original_document_content_on_load</Name>
  <Value className="java.lang.String"><![CDATA[From: cdt@sw.stratus.com (C. D. Tavares)
Date: 23 Apr 1993 20:26:32 GMT
Organization: Stratus Computer, Inc.
Lines: 67
Distribution: world
Message-ID: <1r9jdo$avq@transfer.stratus.com>
References: <C5sEGz.Mwr@dscomsa.desy.de> <1993Apr21.182203.26493@a.cs.okstate.edu> <22APR199317092767@zeus.tamu.edu>
NNTP-Posting-Host: rocket.sw.stratus.com

In article <22APR199317092767@zeus.tamu.edu>, mst4298@zeus.tamu.edu (Mitchell S Todd) writes:

> >David Koresh's lawyer seemed to think that everyone *would* come out
> >peacefully sooner or later.  The FBI and ATF had NOTHING BUT TIME ON
> >THEIR HANDS!  Why did they have to escalate the situation and cause
> >this senseless tragedy?  Their job is to protect the public and SAVE
> >LIVES NOT KILL PEOPLE for crying out loud.
> 
> 	Koresh had lied and lied and lied about coming out of the
> 	compound. To the FBI. To his lawyer. To just about everyone.

I keep hearing this, but every assertion of this form has come from
government sources except two.  As far as I am concerned, I am not
ready to stipulate that Koresh EVER promised to come out except for
his first promise and his last promise.

The first promise was conditional on his audio tape being given 
NATIONAL exposure.  Well, it never was -- it was broadcast locally,
in a chopped-up fashion, and that's all.  And even then, they cleverly 
cut it off when it got to the part where he demanded "national exposure,"
but not so cleverly that we didn't hear it.

The last promise was conditional on the finishing of his manuscript.
We'll never know if he would have kept that one.

> 	The FBI etc. can't wait forever for Koresh to come out. As
> 	long as they thought that Koresh's intended to surrender 
> 	peacefully. When they lost hope in that, they decided to go
> 	in. 

Strangely enough, the previous day they said they were prepared to
"wait as long as it takes."

>	Further, while the Mondays tactics were silly and clumsy,
>	they were obviously intended to drive the Davidians out of the
> 	compound, not to kill Koresh and his followers. 

Quite possible.  But arguments of intent do not mark the dividing 
line between guilt and innocence -- only the line between murder and 
negligent manslaughter.

> 	*If* it is true. *I* read in the paper that the government 
> 	listening devices inside the compound picked up orders to 
> 	burn the joint down shortly before the fire was started. I'm
> 	waiting to see what the tapes really hold.

This would be an interesting development.

> 	The Davidian may be telling the truth, or he may be lying
> 	to save his skin from possible murder charges resulting from
> 	the blaze. Koresh's lawyer, being the attorney for at least
> 	one surviving Davidian, has an interest in claiming that
> 	the gov't caused the fire, at least as much as the gov't
> 	has an interest in blaming Koresh for the fire. It's the
> 	physical evidence that will decide who's telling what.

It's too tempting for one or more of the survivors to "go state's
evidence," parrot the FBI story, hang the whole "suicide" on Koresh, 
claim they only stayed at gunpoint, etc.  If any of them do this
in the next few weeks, it doesn't prove much; but if none of them
do, it would be a strong indication to me that the FBI story is
dead wrong.
-- 

cdt@rocket.sw.stratus.com   --If you believe that I speak for my company,
OR cdt@vos.stratus.com        write today for my special Investors' Packet...

]]></Value>
</Feature>
<Feature>
  <Name className="java.lang.String">gate.SourceURL</Name>
  <Value className="java.lang.String">file:/C:/Users/jian/Documents/NetBeansProjects/NoiseReductionTechniques/mideastPoliticsMix/negative1140</Value>
</Feature>
</GateDocumentFeatures>
<!-- The document content area with serialized nodes -->

<TextWithNodes><Node id="0"/>From<Node id="4"/>:<Node id="5"/> <Node id="6"/>cdt<Node id="9"/>@<Node id="10"/>sw<Node id="12"/>.<Node id="13"/>stratus<Node id="20"/>.<Node id="21"/>com<Node id="24"/> <Node id="25"/>(<Node id="26"/>C<Node id="27"/>.<Node id="28"/> <Node id="29"/>D<Node id="30"/>.<Node id="31"/> <Node id="32"/>Tavares<Node id="39"/>)<Node id="40"/>
<Node id="41"/>Date<Node id="45"/>:<Node id="46"/> <Node id="47"/>23<Node id="49"/> <Node id="50"/>Apr<Node id="53"/> <Node id="54"/>1993<Node id="58"/> <Node id="59"/>20<Node id="61"/>:<Node id="62"/>26<Node id="64"/>:<Node id="65"/>32<Node id="67"/> <Node id="68"/>GMT<Node id="71"/>
<Node id="72"/>Organization<Node id="84"/>:<Node id="85"/> <Node id="86"/>Stratus<Node id="93"/> <Node id="94"/>Computer<Node id="102"/>,<Node id="103"/> <Node id="104"/>Inc<Node id="107"/>.<Node id="108"/>
<Node id="109"/>Lines<Node id="114"/>:<Node id="115"/> <Node id="116"/>67<Node id="118"/>
<Node id="119"/>Distribution<Node id="131"/>:<Node id="132"/> <Node id="133"/>world<Node id="138"/>
<Node id="139"/>Message-<Node id="147"/>ID<Node id="149"/>:<Node id="150"/> <Node id="151"/>&lt;<Node id="152"/>1<Node id="153"/>r<Node id="154"/>9<Node id="155"/>jdo<Node id="158"/>$<Node id="159"/>avq<Node id="162"/>@<Node id="163"/>transfer<Node id="171"/>.<Node id="172"/>stratus<Node id="179"/>.<Node id="180"/>com<Node id="183"/>&gt;<Node id="184"/>
<Node id="185"/>References<Node id="195"/>:<Node id="196"/> <Node id="197"/>&lt;<Node id="198"/>C<Node id="199"/>5<Node id="200"/>sEGz<Node id="204"/>.<Node id="205"/>Mwr<Node id="208"/>@<Node id="209"/>dscomsa<Node id="216"/>.<Node id="217"/>desy<Node id="221"/>.<Node id="222"/>de<Node id="224"/>&gt;<Node id="225"/> <Node id="226"/>&lt;<Node id="227"/>1993<Node id="231"/>Apr<Node id="234"/>21<Node id="236"/>.<Node id="237"/>182203<Node id="243"/>.<Node id="244"/>26493<Node id="249"/>@<Node id="250"/>a<Node id="251"/>.<Node id="252"/>cs<Node id="254"/>.<Node id="255"/>okstate<Node id="262"/>.<Node id="263"/>edu<Node id="266"/>&gt;<Node id="267"/> <Node id="268"/>&lt;<Node id="269"/>22<Node id="271"/>APR<Node id="274"/>199317092767<Node id="286"/>@<Node id="287"/>zeus<Node id="291"/>.<Node id="292"/>tamu<Node id="296"/>.<Node id="297"/>edu<Node id="300"/>&gt;<Node id="301"/>
<Node id="302"/>NNTP-Posting-Host<Node id="319"/>:<Node id="320"/> <Node id="321"/>rocket<Node id="327"/>.<Node id="328"/>sw<Node id="330"/>.<Node id="331"/>stratus<Node id="338"/>.<Node id="339"/>com<Node id="342"/>
<Node id="343"/>
<Node id="344"/>In<Node id="346"/> <Node id="347"/>article<Node id="354"/> <Node id="355"/>&lt;<Node id="356"/>22<Node id="358"/>APR<Node id="361"/>199317092767<Node id="373"/>@<Node id="374"/>zeus<Node id="378"/>.<Node id="379"/>tamu<Node id="383"/>.<Node id="384"/>edu<Node id="387"/>&gt;<Node id="388"/>,<Node id="389"/> <Node id="390"/>mst<Node id="393"/>4298<Node id="397"/>@<Node id="398"/>zeus<Node id="402"/>.<Node id="403"/>tamu<Node id="407"/>.<Node id="408"/>edu<Node id="411"/> <Node id="412"/>(<Node id="413"/>Mitchell<Node id="421"/> <Node id="422"/>S<Node id="423"/> <Node id="424"/>Todd<Node id="428"/>)<Node id="429"/> <Node id="430"/>writes<Node id="436"/>:<Node id="437"/>
<Node id="438"/>
<Node id="439"/>&gt;<Node id="440"/> <Node id="441"/>&gt;<Node id="442"/>David<Node id="447"/> <Node id="448"/>Koresh<Node id="454"/>'s<Node id="456"/> <Node id="457"/>lawyer<Node id="463"/> <Node id="464"/>seemed<Node id="470"/> <Node id="471"/>to<Node id="473"/> <Node id="474"/>think<Node id="479"/> <Node id="480"/>that<Node id="484"/> <Node id="485"/>everyone<Node id="493"/> <Node id="494"/>*<Node id="495"/>would<Node id="500"/>*<Node id="501"/> <Node id="502"/>come<Node id="506"/> <Node id="507"/>out<Node id="510"/>
<Node id="511"/>&gt;<Node id="512"/> <Node id="513"/>&gt;<Node id="514"/>peacefully<Node id="524"/> <Node id="525"/>sooner<Node id="531"/> <Node id="532"/>or<Node id="534"/> <Node id="535"/>later<Node id="540"/>.<Node id="541"/> <Node id="542"/> <Node id="543"/>The<Node id="546"/> <Node id="547"/>FBI<Node id="550"/> <Node id="551"/>and<Node id="554"/> <Node id="555"/>ATF<Node id="558"/> <Node id="559"/>had<Node id="562"/> <Node id="563"/>NOTHING<Node id="570"/> <Node id="571"/>BUT<Node id="574"/> <Node id="575"/>TIME<Node id="579"/> <Node id="580"/>ON<Node id="582"/>
<Node id="583"/>&gt;<Node id="584"/> <Node id="585"/>&gt;<Node id="586"/>THEIR<Node id="591"/> <Node id="592"/>HANDS<Node id="597"/>!<Node id="598"/> <Node id="599"/> <Node id="600"/>Why<Node id="603"/> <Node id="604"/>did<Node id="607"/> <Node id="608"/>they<Node id="612"/> <Node id="613"/>have<Node id="617"/> <Node id="618"/>to<Node id="620"/> <Node id="621"/>escalate<Node id="629"/> <Node id="630"/>the<Node id="633"/> <Node id="634"/>situation<Node id="643"/> <Node id="644"/>and<Node id="647"/> <Node id="648"/>cause<Node id="653"/>
<Node id="654"/>&gt;<Node id="655"/> <Node id="656"/>&gt;<Node id="657"/>this<Node id="661"/> <Node id="662"/>senseless<Node id="671"/> <Node id="672"/>tragedy<Node id="679"/>?<Node id="680"/> <Node id="681"/> <Node id="682"/>Their<Node id="687"/> <Node id="688"/>job<Node id="691"/> <Node id="692"/>is<Node id="694"/> <Node id="695"/>to<Node id="697"/> <Node id="698"/>protect<Node id="705"/> <Node id="706"/>the<Node id="709"/> <Node id="710"/>public<Node id="716"/> <Node id="717"/>and<Node id="720"/> <Node id="721"/>SAVE<Node id="725"/>
<Node id="726"/>&gt;<Node id="727"/> <Node id="728"/>&gt;<Node id="729"/>LIVES<Node id="734"/> <Node id="735"/>NOT<Node id="738"/> <Node id="739"/>KILL<Node id="743"/> <Node id="744"/>PEOPLE<Node id="750"/> <Node id="751"/>for<Node id="754"/> <Node id="755"/>crying<Node id="761"/> <Node id="762"/>out<Node id="765"/> <Node id="766"/>loud<Node id="770"/>.<Node id="771"/>
<Node id="772"/>&gt;<Node id="773"/> <Node id="774"/>
<Node id="775"/>&gt;<Node id="776"/> <Node id="777"/>	<Node id="778"/>Koresh<Node id="784"/> <Node id="785"/>had<Node id="788"/> <Node id="789"/>lied<Node id="793"/> <Node id="794"/>and<Node id="797"/> <Node id="798"/>lied<Node id="802"/> <Node id="803"/>and<Node id="806"/> <Node id="807"/>lied<Node id="811"/> <Node id="812"/>about<Node id="817"/> <Node id="818"/>coming<Node id="824"/> <Node id="825"/>out<Node id="828"/> <Node id="829"/>of<Node id="831"/> <Node id="832"/>the<Node id="835"/>
<Node id="836"/>&gt;<Node id="837"/> <Node id="838"/>	<Node id="839"/>compound<Node id="847"/>.<Node id="848"/> <Node id="849"/>To<Node id="851"/> <Node id="852"/>the<Node id="855"/> <Node id="856"/>FBI<Node id="859"/>.<Node id="860"/> <Node id="861"/>To<Node id="863"/> <Node id="864"/>his<Node id="867"/> <Node id="868"/>lawyer<Node id="874"/>.<Node id="875"/> <Node id="876"/>To<Node id="878"/> <Node id="879"/>just<Node id="883"/> <Node id="884"/>about<Node id="889"/> <Node id="890"/>everyone<Node id="898"/>.<Node id="899"/>
<Node id="900"/>
<Node id="901"/>I<Node id="902"/> <Node id="903"/>keep<Node id="907"/> <Node id="908"/>hearing<Node id="915"/> <Node id="916"/>this<Node id="920"/>,<Node id="921"/> <Node id="922"/>but<Node id="925"/> <Node id="926"/>every<Node id="931"/> <Node id="932"/>assertion<Node id="941"/> <Node id="942"/>of<Node id="944"/> <Node id="945"/>this<Node id="949"/> <Node id="950"/>form<Node id="954"/> <Node id="955"/>has<Node id="958"/> <Node id="959"/>come<Node id="963"/> <Node id="964"/>from<Node id="968"/>
<Node id="969"/>government<Node id="979"/> <Node id="980"/>sources<Node id="987"/> <Node id="988"/>except<Node id="994"/> <Node id="995"/>two<Node id="998"/>.<Node id="999"/> <Node id="1000"/> <Node id="1001"/>As<Node id="1003"/> <Node id="1004"/>far<Node id="1007"/> <Node id="1008"/>as<Node id="1010"/> <Node id="1011"/>I<Node id="1012"/> <Node id="1013"/>am<Node id="1015"/> <Node id="1016"/>concerned<Node id="1025"/>,<Node id="1026"/> <Node id="1027"/>I<Node id="1028"/> <Node id="1029"/>am<Node id="1031"/> <Node id="1032"/>not<Node id="1035"/>
<Node id="1036"/>ready<Node id="1041"/> <Node id="1042"/>to<Node id="1044"/> <Node id="1045"/>stipulate<Node id="1054"/> <Node id="1055"/>that<Node id="1059"/> <Node id="1060"/>Koresh<Node id="1066"/> <Node id="1067"/>EVER<Node id="1071"/> <Node id="1072"/>promised<Node id="1080"/> <Node id="1081"/>to<Node id="1083"/> <Node id="1084"/>come<Node id="1088"/> <Node id="1089"/>out<Node id="1092"/> <Node id="1093"/>except<Node id="1099"/> <Node id="1100"/>for<Node id="1103"/>
<Node id="1104"/>his<Node id="1107"/> <Node id="1108"/>first<Node id="1113"/> <Node id="1114"/>promise<Node id="1121"/> <Node id="1122"/>and<Node id="1125"/> <Node id="1126"/>his<Node id="1129"/> <Node id="1130"/>last<Node id="1134"/> <Node id="1135"/>promise<Node id="1142"/>.<Node id="1143"/>
<Node id="1144"/>
<Node id="1145"/>The<Node id="1148"/> <Node id="1149"/>first<Node id="1154"/> <Node id="1155"/>promise<Node id="1162"/> <Node id="1163"/>was<Node id="1166"/> <Node id="1167"/>conditional<Node id="1178"/> <Node id="1179"/>on<Node id="1181"/> <Node id="1182"/>his<Node id="1185"/> <Node id="1186"/>audio<Node id="1191"/> <Node id="1192"/>tape<Node id="1196"/> <Node id="1197"/>being<Node id="1202"/> <Node id="1203"/>given<Node id="1208"/> <Node id="1209"/>
<Node id="1210"/>NATIONAL<Node id="1218"/> <Node id="1219"/>exposure<Node id="1227"/>.<Node id="1228"/> <Node id="1229"/> <Node id="1230"/>Well<Node id="1234"/>,<Node id="1235"/> <Node id="1236"/>it<Node id="1238"/> <Node id="1239"/>never<Node id="1244"/> <Node id="1245"/>was<Node id="1248"/> <Node id="1249"/>-<Node id="1250"/>-<Node id="1251"/> <Node id="1252"/>it<Node id="1254"/> <Node id="1255"/>was<Node id="1258"/> <Node id="1259"/>broadcast<Node id="1268"/> <Node id="1269"/>locally<Node id="1276"/>,<Node id="1277"/>
<Node id="1278"/>in<Node id="1280"/> <Node id="1281"/>a<Node id="1282"/> <Node id="1283"/>chopped-up<Node id="1293"/> <Node id="1294"/>fashion<Node id="1301"/>,<Node id="1302"/> <Node id="1303"/>and<Node id="1306"/> <Node id="1307"/>that<Node id="1311"/>'s<Node id="1313"/> <Node id="1314"/>all<Node id="1317"/>.<Node id="1318"/> <Node id="1319"/> <Node id="1320"/>And<Node id="1323"/> <Node id="1324"/>even<Node id="1328"/> <Node id="1329"/>then<Node id="1333"/>,<Node id="1334"/> <Node id="1335"/>they<Node id="1339"/> <Node id="1340"/>cleverly<Node id="1348"/> <Node id="1349"/>
<Node id="1350"/>cut<Node id="1353"/> <Node id="1354"/>it<Node id="1356"/> <Node id="1357"/>off<Node id="1360"/> <Node id="1361"/>when<Node id="1365"/> <Node id="1366"/>it<Node id="1368"/> <Node id="1369"/>got<Node id="1372"/> <Node id="1373"/>to<Node id="1375"/> <Node id="1376"/>the<Node id="1379"/> <Node id="1380"/>part<Node id="1384"/> <Node id="1385"/>where<Node id="1390"/> <Node id="1391"/>he<Node id="1393"/> <Node id="1394"/>demanded<Node id="1402"/> <Node id="1403"/>"<Node id="1404"/>national<Node id="1412"/> <Node id="1413"/>exposure<Node id="1421"/>,<Node id="1422"/>"<Node id="1423"/>
<Node id="1424"/>but<Node id="1427"/> <Node id="1428"/>not<Node id="1431"/> <Node id="1432"/>so<Node id="1434"/> <Node id="1435"/>cleverly<Node id="1443"/> <Node id="1444"/>that<Node id="1448"/> <Node id="1449"/>we<Node id="1451"/> <Node id="1452"/>did<Node id="1455"/>n't<Node id="1458"/> <Node id="1459"/>hear<Node id="1463"/> <Node id="1464"/>it<Node id="1466"/>.<Node id="1467"/>
<Node id="1468"/>
<Node id="1469"/>The<Node id="1472"/> <Node id="1473"/>last<Node id="1477"/> <Node id="1478"/>promise<Node id="1485"/> <Node id="1486"/>was<Node id="1489"/> <Node id="1490"/>conditional<Node id="1501"/> <Node id="1502"/>on<Node id="1504"/> <Node id="1505"/>the<Node id="1508"/> <Node id="1509"/>finishing<Node id="1518"/> <Node id="1519"/>of<Node id="1521"/> <Node id="1522"/>his<Node id="1525"/> <Node id="1526"/>manuscript<Node id="1536"/>.<Node id="1537"/>
<Node id="1538"/>We<Node id="1540"/>'ll<Node id="1543"/> <Node id="1544"/>never<Node id="1549"/> <Node id="1550"/>know<Node id="1554"/> <Node id="1555"/>if<Node id="1557"/> <Node id="1558"/>he<Node id="1560"/> <Node id="1561"/>would<Node id="1566"/> <Node id="1567"/>have<Node id="1571"/> <Node id="1572"/>kept<Node id="1576"/> <Node id="1577"/>that<Node id="1581"/> <Node id="1582"/>one<Node id="1585"/>.<Node id="1586"/>
<Node id="1587"/>
<Node id="1588"/>&gt;<Node id="1589"/> <Node id="1590"/>	<Node id="1591"/>The<Node id="1594"/> <Node id="1595"/>FBI<Node id="1598"/> <Node id="1599"/>etc<Node id="1602"/>.<Node id="1603"/> <Node id="1604"/>ca<Node id="1606"/>n't<Node id="1609"/> <Node id="1610"/>wait<Node id="1614"/> <Node id="1615"/>forever<Node id="1622"/> <Node id="1623"/>for<Node id="1626"/> <Node id="1627"/>Koresh<Node id="1633"/> <Node id="1634"/>to<Node id="1636"/> <Node id="1637"/>come<Node id="1641"/> <Node id="1642"/>out<Node id="1645"/>.<Node id="1646"/> <Node id="1647"/>As<Node id="1649"/>
<Node id="1650"/>&gt;<Node id="1651"/> <Node id="1652"/>	<Node id="1653"/>long<Node id="1657"/> <Node id="1658"/>as<Node id="1660"/> <Node id="1661"/>they<Node id="1665"/> <Node id="1666"/>thought<Node id="1673"/> <Node id="1674"/>that<Node id="1678"/> <Node id="1679"/>Koresh<Node id="1685"/>'s<Node id="1687"/> <Node id="1688"/>intended<Node id="1696"/> <Node id="1697"/>to<Node id="1699"/> <Node id="1700"/>surrender<Node id="1709"/> <Node id="1710"/>
<Node id="1711"/>&gt;<Node id="1712"/> <Node id="1713"/>	<Node id="1714"/>peacefully<Node id="1724"/>.<Node id="1725"/> <Node id="1726"/>When<Node id="1730"/> <Node id="1731"/>they<Node id="1735"/> <Node id="1736"/>lost<Node id="1740"/> <Node id="1741"/>hope<Node id="1745"/> <Node id="1746"/>in<Node id="1748"/> <Node id="1749"/>that<Node id="1753"/>,<Node id="1754"/> <Node id="1755"/>they<Node id="1759"/> <Node id="1760"/>decided<Node id="1767"/> <Node id="1768"/>to<Node id="1770"/> <Node id="1771"/>go<Node id="1773"/>
<Node id="1774"/>&gt;<Node id="1775"/> <Node id="1776"/>	<Node id="1777"/>in<Node id="1779"/>.<Node id="1780"/> <Node id="1781"/>
<Node id="1782"/>
<Node id="1783"/>Strangely<Node id="1792"/> <Node id="1793"/>enough<Node id="1799"/>,<Node id="1800"/> <Node id="1801"/>the<Node id="1804"/> <Node id="1805"/>previous<Node id="1813"/> <Node id="1814"/>day<Node id="1817"/> <Node id="1818"/>they<Node id="1822"/> <Node id="1823"/>said<Node id="1827"/> <Node id="1828"/>they<Node id="1832"/> <Node id="1833"/>were<Node id="1837"/> <Node id="1838"/>prepared<Node id="1846"/> <Node id="1847"/>to<Node id="1849"/>
<Node id="1850"/>"<Node id="1851"/>wait<Node id="1855"/> <Node id="1856"/>as<Node id="1858"/> <Node id="1859"/>long<Node id="1863"/> <Node id="1864"/>as<Node id="1866"/> <Node id="1867"/>it<Node id="1869"/> <Node id="1870"/>takes<Node id="1875"/>.<Node id="1876"/>"<Node id="1877"/>
<Node id="1878"/>
<Node id="1879"/>&gt;<Node id="1880"/>	<Node id="1881"/>Further<Node id="1888"/>,<Node id="1889"/> <Node id="1890"/>while<Node id="1895"/> <Node id="1896"/>the<Node id="1899"/> <Node id="1900"/>Mondays<Node id="1907"/> <Node id="1908"/>tactics<Node id="1915"/> <Node id="1916"/>were<Node id="1920"/> <Node id="1921"/>silly<Node id="1926"/> <Node id="1927"/>and<Node id="1930"/> <Node id="1931"/>clumsy<Node id="1937"/>,<Node id="1938"/>
<Node id="1939"/>&gt;<Node id="1940"/>	<Node id="1941"/>they<Node id="1945"/> <Node id="1946"/>were<Node id="1950"/> <Node id="1951"/>obviously<Node id="1960"/> <Node id="1961"/>intended<Node id="1969"/> <Node id="1970"/>to<Node id="1972"/> <Node id="1973"/>drive<Node id="1978"/> <Node id="1979"/>the<Node id="1982"/> <Node id="1983"/>Davidians<Node id="1992"/> <Node id="1993"/>out<Node id="1996"/> <Node id="1997"/>of<Node id="1999"/> <Node id="2000"/>the<Node id="2003"/>
<Node id="2004"/>&gt;<Node id="2005"/> <Node id="2006"/>	<Node id="2007"/>compound<Node id="2015"/>,<Node id="2016"/> <Node id="2017"/>not<Node id="2020"/> <Node id="2021"/>to<Node id="2023"/> <Node id="2024"/>kill<Node id="2028"/> <Node id="2029"/>Koresh<Node id="2035"/> <Node id="2036"/>and<Node id="2039"/> <Node id="2040"/>his<Node id="2043"/> <Node id="2044"/>followers<Node id="2053"/>.<Node id="2054"/> <Node id="2055"/>
<Node id="2056"/>
<Node id="2057"/>Quite<Node id="2062"/> <Node id="2063"/>possible<Node id="2071"/>.<Node id="2072"/> <Node id="2073"/> <Node id="2074"/>But<Node id="2077"/> <Node id="2078"/>arguments<Node id="2087"/> <Node id="2088"/>of<Node id="2090"/> <Node id="2091"/>intent<Node id="2097"/> <Node id="2098"/>do<Node id="2100"/> <Node id="2101"/>not<Node id="2104"/> <Node id="2105"/>mark<Node id="2109"/> <Node id="2110"/>the<Node id="2113"/> <Node id="2114"/>dividing<Node id="2122"/> <Node id="2123"/>
<Node id="2124"/>line<Node id="2128"/> <Node id="2129"/>between<Node id="2136"/> <Node id="2137"/>guilt<Node id="2142"/> <Node id="2143"/>and<Node id="2146"/> <Node id="2147"/>innocence<Node id="2156"/> <Node id="2157"/>-<Node id="2158"/>-<Node id="2159"/> <Node id="2160"/>only<Node id="2164"/> <Node id="2165"/>the<Node id="2168"/> <Node id="2169"/>line<Node id="2173"/> <Node id="2174"/>between<Node id="2181"/> <Node id="2182"/>murder<Node id="2188"/> <Node id="2189"/>and<Node id="2192"/> <Node id="2193"/>
<Node id="2194"/>negligent<Node id="2203"/> <Node id="2204"/>manslaughter<Node id="2216"/>.<Node id="2217"/>
<Node id="2218"/>
<Node id="2219"/>&gt;<Node id="2220"/> <Node id="2221"/>	<Node id="2222"/>*<Node id="2223"/>If<Node id="2225"/>*<Node id="2226"/> <Node id="2227"/>it<Node id="2229"/> <Node id="2230"/>is<Node id="2232"/> <Node id="2233"/>true<Node id="2237"/>.<Node id="2238"/> <Node id="2239"/>*<Node id="2240"/>I<Node id="2241"/>*<Node id="2242"/> <Node id="2243"/>read<Node id="2247"/> <Node id="2248"/>in<Node id="2250"/> <Node id="2251"/>the<Node id="2254"/> <Node id="2255"/>paper<Node id="2260"/> <Node id="2261"/>that<Node id="2265"/> <Node id="2266"/>the<Node id="2269"/> <Node id="2270"/>government<Node id="2280"/> <Node id="2281"/>
<Node id="2282"/>&gt;<Node id="2283"/> <Node id="2284"/>	<Node id="2285"/>listening<Node id="2294"/> <Node id="2295"/>devices<Node id="2302"/> <Node id="2303"/>inside<Node id="2309"/> <Node id="2310"/>the<Node id="2313"/> <Node id="2314"/>compound<Node id="2322"/> <Node id="2323"/>picked<Node id="2329"/> <Node id="2330"/>up<Node id="2332"/> <Node id="2333"/>orders<Node id="2339"/> <Node id="2340"/>to<Node id="2342"/> <Node id="2343"/>
<Node id="2344"/>&gt;<Node id="2345"/> <Node id="2346"/>	<Node id="2347"/>burn<Node id="2351"/> <Node id="2352"/>the<Node id="2355"/> <Node id="2356"/>joint<Node id="2361"/> <Node id="2362"/>down<Node id="2366"/> <Node id="2367"/>shortly<Node id="2374"/> <Node id="2375"/>before<Node id="2381"/> <Node id="2382"/>the<Node id="2385"/> <Node id="2386"/>fire<Node id="2390"/> <Node id="2391"/>was<Node id="2394"/> <Node id="2395"/>started<Node id="2402"/>.<Node id="2403"/> <Node id="2404"/>I<Node id="2405"/>'m<Node id="2407"/>
<Node id="2408"/>&gt;<Node id="2409"/> <Node id="2410"/>	<Node id="2411"/>waiting<Node id="2418"/> <Node id="2419"/>to<Node id="2421"/> <Node id="2422"/>see<Node id="2425"/> <Node id="2426"/>what<Node id="2430"/> <Node id="2431"/>the<Node id="2434"/> <Node id="2435"/>tapes<Node id="2440"/> <Node id="2441"/>really<Node id="2447"/> <Node id="2448"/>hold<Node id="2452"/>.<Node id="2453"/>
<Node id="2454"/>
<Node id="2455"/>This<Node id="2459"/> <Node id="2460"/>would<Node id="2465"/> <Node id="2466"/>be<Node id="2468"/> <Node id="2469"/>an<Node id="2471"/> <Node id="2472"/>interesting<Node id="2483"/> <Node id="2484"/>development<Node id="2495"/>.<Node id="2496"/>
<Node id="2497"/>
<Node id="2498"/>&gt;<Node id="2499"/> <Node id="2500"/>	<Node id="2501"/>The<Node id="2504"/> <Node id="2505"/>Davidian<Node id="2513"/> <Node id="2514"/>may<Node id="2517"/> <Node id="2518"/>be<Node id="2520"/> <Node id="2521"/>telling<Node id="2528"/> <Node id="2529"/>the<Node id="2532"/> <Node id="2533"/>truth<Node id="2538"/>,<Node id="2539"/> <Node id="2540"/>or<Node id="2542"/> <Node id="2543"/>he<Node id="2545"/> <Node id="2546"/>may<Node id="2549"/> <Node id="2550"/>be<Node id="2552"/> <Node id="2553"/>lying<Node id="2558"/>
<Node id="2559"/>&gt;<Node id="2560"/> <Node id="2561"/>	<Node id="2562"/>to<Node id="2564"/> <Node id="2565"/>save<Node id="2569"/> <Node id="2570"/>his<Node id="2573"/> <Node id="2574"/>skin<Node id="2578"/> <Node id="2579"/>from<Node id="2583"/> <Node id="2584"/>possible<Node id="2592"/> <Node id="2593"/>murder<Node id="2599"/> <Node id="2600"/>charges<Node id="2607"/> <Node id="2608"/>resulting<Node id="2617"/> <Node id="2618"/>from<Node id="2622"/>
<Node id="2623"/>&gt;<Node id="2624"/> <Node id="2625"/>	<Node id="2626"/>the<Node id="2629"/> <Node id="2630"/>blaze<Node id="2635"/>.<Node id="2636"/> <Node id="2637"/>Koresh<Node id="2643"/>'s<Node id="2645"/> <Node id="2646"/>lawyer<Node id="2652"/>,<Node id="2653"/> <Node id="2654"/>being<Node id="2659"/> <Node id="2660"/>the<Node id="2663"/> <Node id="2664"/>attorney<Node id="2672"/> <Node id="2673"/>for<Node id="2676"/> <Node id="2677"/>at<Node id="2679"/> <Node id="2680"/>least<Node id="2685"/>
<Node id="2686"/>&gt;<Node id="2687"/> <Node id="2688"/>	<Node id="2689"/>one<Node id="2692"/> <Node id="2693"/>surviving<Node id="2702"/> <Node id="2703"/>Davidian<Node id="2711"/>,<Node id="2712"/> <Node id="2713"/>has<Node id="2716"/> <Node id="2717"/>an<Node id="2719"/> <Node id="2720"/>interest<Node id="2728"/> <Node id="2729"/>in<Node id="2731"/> <Node id="2732"/>claiming<Node id="2740"/> <Node id="2741"/>that<Node id="2745"/>
<Node id="2746"/>&gt;<Node id="2747"/> <Node id="2748"/>	<Node id="2749"/>the<Node id="2752"/> <Node id="2753"/>gov<Node id="2756"/>'<Node id="2757"/>t<Node id="2758"/> <Node id="2759"/>caused<Node id="2765"/> <Node id="2766"/>the<Node id="2769"/> <Node id="2770"/>fire<Node id="2774"/>,<Node id="2775"/> <Node id="2776"/>at<Node id="2778"/> <Node id="2779"/>least<Node id="2784"/> <Node id="2785"/>as<Node id="2787"/> <Node id="2788"/>much<Node id="2792"/> <Node id="2793"/>as<Node id="2795"/> <Node id="2796"/>the<Node id="2799"/> <Node id="2800"/>gov<Node id="2803"/>'<Node id="2804"/>t<Node id="2805"/>
<Node id="2806"/>&gt;<Node id="2807"/> <Node id="2808"/>	<Node id="2809"/>has<Node id="2812"/> <Node id="2813"/>an<Node id="2815"/> <Node id="2816"/>interest<Node id="2824"/> <Node id="2825"/>in<Node id="2827"/> <Node id="2828"/>blaming<Node id="2835"/> <Node id="2836"/>Koresh<Node id="2842"/> <Node id="2843"/>for<Node id="2846"/> <Node id="2847"/>the<Node id="2850"/> <Node id="2851"/>fire<Node id="2855"/>.<Node id="2856"/> <Node id="2857"/>It<Node id="2859"/>'s<Node id="2861"/> <Node id="2862"/>the<Node id="2865"/>
<Node id="2866"/>&gt;<Node id="2867"/> <Node id="2868"/>	<Node id="2869"/>physical<Node id="2877"/> <Node id="2878"/>evidence<Node id="2886"/> <Node id="2887"/>that<Node id="2891"/> <Node id="2892"/>will<Node id="2896"/> <Node id="2897"/>decide<Node id="2903"/> <Node id="2904"/>who<Node id="2907"/>'s<Node id="2909"/> <Node id="2910"/>telling<Node id="2917"/> <Node id="2918"/>what<Node id="2922"/>.<Node id="2923"/>
<Node id="2924"/>
<Node id="2925"/>It<Node id="2927"/>'s<Node id="2929"/> <Node id="2930"/>too<Node id="2933"/> <Node id="2934"/>tempting<Node id="2942"/> <Node id="2943"/>for<Node id="2946"/> <Node id="2947"/>one<Node id="2950"/> <Node id="2951"/>or<Node id="2953"/> <Node id="2954"/>more<Node id="2958"/> <Node id="2959"/>of<Node id="2961"/> <Node id="2962"/>the<Node id="2965"/> <Node id="2966"/>survivors<Node id="2975"/> <Node id="2976"/>to<Node id="2978"/> <Node id="2979"/>"<Node id="2980"/>go<Node id="2982"/> <Node id="2983"/>state<Node id="2988"/>'s<Node id="2990"/>
<Node id="2991"/>evidence<Node id="2999"/>,<Node id="3000"/>"<Node id="3001"/> <Node id="3002"/>parrot<Node id="3008"/> <Node id="3009"/>the<Node id="3012"/> <Node id="3013"/>FBI<Node id="3016"/> <Node id="3017"/>story<Node id="3022"/>,<Node id="3023"/> <Node id="3024"/>hang<Node id="3028"/> <Node id="3029"/>the<Node id="3032"/> <Node id="3033"/>whole<Node id="3038"/> <Node id="3039"/>"<Node id="3040"/>suicide<Node id="3047"/>"<Node id="3048"/> <Node id="3049"/>on<Node id="3051"/> <Node id="3052"/>Koresh<Node id="3058"/>,<Node id="3059"/> <Node id="3060"/>
<Node id="3061"/>claim<Node id="3066"/> <Node id="3067"/>they<Node id="3071"/> <Node id="3072"/>only<Node id="3076"/> <Node id="3077"/>stayed<Node id="3083"/> <Node id="3084"/>at<Node id="3086"/> <Node id="3087"/>gunpoint<Node id="3095"/>,<Node id="3096"/> <Node id="3097"/>etc<Node id="3100"/>.<Node id="3101"/> <Node id="3102"/> <Node id="3103"/>If<Node id="3105"/> <Node id="3106"/>any<Node id="3109"/> <Node id="3110"/>of<Node id="3112"/> <Node id="3113"/>them<Node id="3117"/> <Node id="3118"/>do<Node id="3120"/> <Node id="3121"/>this<Node id="3125"/>
<Node id="3126"/>in<Node id="3128"/> <Node id="3129"/>the<Node id="3132"/> <Node id="3133"/>next<Node id="3137"/> <Node id="3138"/>few<Node id="3141"/> <Node id="3142"/>weeks<Node id="3147"/>,<Node id="3148"/> <Node id="3149"/>it<Node id="3151"/> <Node id="3152"/>does<Node id="3156"/>n't<Node id="3159"/> <Node id="3160"/>prove<Node id="3165"/> <Node id="3166"/>much<Node id="3170"/>;<Node id="3171"/> <Node id="3172"/>but<Node id="3175"/> <Node id="3176"/>if<Node id="3178"/> <Node id="3179"/>none<Node id="3183"/> <Node id="3184"/>of<Node id="3186"/> <Node id="3187"/>them<Node id="3191"/>
<Node id="3192"/>do<Node id="3194"/>,<Node id="3195"/> <Node id="3196"/>it<Node id="3198"/> <Node id="3199"/>would<Node id="3204"/> <Node id="3205"/>be<Node id="3207"/> <Node id="3208"/>a<Node id="3209"/> <Node id="3210"/>strong<Node id="3216"/> <Node id="3217"/>indication<Node id="3227"/> <Node id="3228"/>to<Node id="3230"/> <Node id="3231"/>me<Node id="3233"/> <Node id="3234"/>that<Node id="3238"/> <Node id="3239"/>the<Node id="3242"/> <Node id="3243"/>FBI<Node id="3246"/> <Node id="3247"/>story<Node id="3252"/> <Node id="3253"/>is<Node id="3255"/>
<Node id="3256"/>dead<Node id="3260"/> <Node id="3261"/>wrong<Node id="3266"/>.<Node id="3267"/>
<Node id="3268"/>-<Node id="3269"/>-<Node id="3270"/> <Node id="3271"/>
<Node id="3272"/>
<Node id="3273"/>cdt<Node id="3276"/>@<Node id="3277"/>rocket<Node id="3283"/>.<Node id="3284"/>sw<Node id="3286"/>.<Node id="3287"/>stratus<Node id="3294"/>.<Node id="3295"/>com<Node id="3298"/> <Node id="3299"/> <Node id="3300"/> <Node id="3301"/>-<Node id="3302"/>-<Node id="3303"/>If<Node id="3305"/> <Node id="3306"/>you<Node id="3309"/> <Node id="3310"/>believe<Node id="3317"/> <Node id="3318"/>that<Node id="3322"/> <Node id="3323"/>I<Node id="3324"/> <Node id="3325"/>speak<Node id="3330"/> <Node id="3331"/>for<Node id="3334"/> <Node id="3335"/>my<Node id="3337"/> <Node id="3338"/>company<Node id="3345"/>,<Node id="3346"/>
<Node id="3347"/>OR<Node id="3349"/> <Node id="3350"/>cdt<Node id="3353"/>@<Node id="3354"/>vos<Node id="3357"/>.<Node id="3358"/>stratus<Node id="3365"/>.<Node id="3366"/>com<Node id="3369"/> <Node id="3370"/> <Node id="3371"/> <Node id="3372"/> <Node id="3373"/> <Node id="3374"/> <Node id="3375"/> <Node id="3376"/> <Node id="3377"/>write<Node id="3382"/> <Node id="3383"/>today<Node id="3388"/> <Node id="3389"/>for<Node id="3392"/> <Node id="3393"/>my<Node id="3395"/> <Node id="3396"/>special<Node id="3403"/> <Node id="3404"/>Investors<Node id="3413"/>'<Node id="3414"/> <Node id="3415"/>Packet<Node id="3421"/>.<Node id="3422"/>.<Node id="3423"/>.<Node id="3424"/>
<Node id="3425"/>
<Node id="3426"/></TextWithNodes>
<!-- The default annotation set -->

<AnnotationSet>
<Annotation EndNode="3426" StartNode="0" Type="Mention" Id="9999999">
<Feature>
<Name classname="java.lang.String">Class</Name>
<Value classname="java.lang.String">0</Value>
</Feature>
</Annotation>

<Annotation Id="7" Type="Token" StartNode="13" EndNode="20">
<Feature>
  <Name className="java.lang.String">string</Name>
  <Value className="java.lang.String">stratus</Value>
</Feature>
</Annotation>
<Annotation Id="18" Type="Token" StartNode="32" EndNode="39">
<Feature>
  <Name className="java.lang.String">string</Name>
  <Value className="java.lang.String">Tavares</Value>
</Feature>
</Annotation>
<Annotation Id="38" Type="Token" StartNode="72" EndNode="84">
<Feature>
  <Name className="java.lang.String">string</Name>
  <Value className="java.lang.String">Organization</Value>
</Feature>
</Annotation>
<Annotation Id="43" Type="Token" StartNode="94" EndNode="102">
<Feature>
  <Name className="java.lang.String">string</Name>
  <Value className="java.lang.String">Computer</Value>
</Feature>
</Annotation>
<Annotation Id="41" Type="Token" StartNode="86" EndNode="93">
<Feature>
  <Name className="java.lang.String">string</Name>
  <Value className="java.lang.String">Stratus</Value>
</Feature>
</Annotation>
<Annotation Id="54" Type="Token" StartNode="119" EndNode="131">
<Feature>
  <Name className="java.lang.String">string</Name>
  <Value className="java.lang.String">Distribution</Value>
</Feature>
</Annotation>
<Annotation Id="59" Type="Token" StartNode="139" EndNode="147">
<Feature>
  <Name className="java.lang.String">string</Name>
  <Value className="java.lang.String">Message-</Value>
</Feature>
</Annotation>
<Annotation Id="71" Type="Token" StartNode="163" EndNode="171">
<Feature>
  <Name className="java.lang.String">string</Name>
  <Value className="java.lang.String">transfer</Value>
</Feature>
</Annotation>
<Annotation Id="78" Type="Token" StartNode="185" EndNode="195">
<Feature>
  <Name className="java.lang.String">string</Name>
  <Value className="java.lang.String">References</Value>
</Feature>
</Annotation>
<Annotation Id="73" Type="Token" StartNode="172" EndNode="179">
<Feature>
  <Name className="java.lang.String">string</Name>
  <Value className="java.lang.String">stratus</Value>
</Feature>
</Annotation>
<Annotation Id="88" Type="Token" StartNode="209" EndNode="216">
<Feature>
  <Name className="java.lang.String">string</Name>
  <Value className="java.lang.String">dscomsa</Value>
</Feature>
</Annotation>
<Annotation Id="100" Type="Token" StartNode="237" EndNode="243">
</Annotation>
<Annotation Id="108" Type="Token" StartNode="255" EndNode="262">
<Feature>
  <Name className="java.lang.String">string</Name>
  <Value className="java.lang.String">okstate</Value>
</Feature>
</Annotation>
<Annotation Id="116" Type="Token" StartNode="274" EndNode="286">
</Annotation>
<Annotation Id="125" Type="Token" StartNode="302" EndNode="319">
<Feature>
  <Name className="java.lang.String">string</Name>
  <Value className="java.lang.String">NNTP-Posting-Host</Value>
</Feature>
</Annotation>
<Annotation Id="139" Type="Token" StartNode="347" EndNode="354">
<Feature>
  <Name className="java.lang.String">string</Name>
  <Value className="java.lang.String">article</Value>
</Feature>
</Annotation>
<Annotation Id="128" Type="Token" StartNode="321" EndNode="327">
<Feature>
  <Name className="java.lang.String">string</Name>
  <Value className="java.lang.String">rocket</Value>
</Feature>
</Annotation>
<Annotation Id="132" Type="Token" StartNode="331" EndNode="338">
<Feature>
  <Name className="java.lang.String">string</Name>
  <Value className="java.lang.String">stratus</Value>
</Feature>
</Annotation>
<Annotation Id="144" Type="Token" StartNode="361" EndNode="373">
</Annotation>
<Annotation Id="171" Type="Token" StartNode="430" EndNode="436">
<Feature>
  <Name className="java.lang.String">string</Name>
  <Value className="java.lang.String">writes</Value>
</Feature>
</Annotation>
<Annotation Id="164" Type="Token" StartNode="413" EndNode="421">
<Feature>
  <Name className="java.lang.String">string</Name>
  <Value className="java.lang.String">Mitchell</Value>
</Feature>
</Annotation>
<Annotation Id="186" Type="Token" StartNode="464" EndNode="470">
<Feature>
  <Name className="java.lang.String">string</Name>
  <Value className="java.lang.String">seemed</Value>
</Feature>
</Annotation>
<Annotation Id="184" Type="Token" StartNode="457" EndNode="463">
<Feature>
  <Name className="java.lang.String">string</Name>
  <Value className="java.lang.String">lawyer</Value>
</Feature>
</Annotation>
<Annotation Id="180" Type="Token" StartNode="448" EndNode="454">
<Feature>
  <Name className="java.lang.String">string</Name>
  <Value className="java.lang.String">Koresh</Value>
</Feature>
</Annotation>
<Annotation Id="207" Type="Token" StartNode="514" EndNode="524">
<Feature>
  <Name className="java.lang.String">string</Name>
  <Value className="java.lang.String">peacefully</Value>
</Feature>
</Annotation>
<Annotation Id="194" Type="Token" StartNode="485" EndNode="493">
<Feature>
  <Name className="java.lang.String">string</Name>
  <Value className="java.lang.String">everyone</Value>
</Feature>
</Annotation>
<Annotation Id="209" Type="Token" StartNode="525" EndNode="531">
<Feature>
  <Name className="java.lang.String">string</Name>
  <Value className="java.lang.String">sooner</Value>
</Feature>
</Annotation>
<Annotation Id="227" Type="Token" StartNode="563" EndNode="570">
<Feature>
  <Name className="java.lang.String">string</Name>
  <Value className="java.lang.String">NOTHING</Value>
</Feature>
</Annotation>
<Annotation Id="254" Type="Token" StartNode="621" EndNode="629">
<Feature>
  <Name className="java.lang.String">string</Name>
  <Value className="java.lang.String">escalate</Value>
</Feature>
</Annotation>
<Annotation Id="283" Type="Token" StartNode="698" EndNode="705">
<Feature>
  <Name className="java.lang.String">string</Name>
  <Value className="java.lang.String">protect</Value>
</Feature>
</Annotation>
<Annotation Id="287" Type="Token" StartNode="710" EndNode="716">
<Feature>
  <Name className="java.lang.String">string</Name>
  <Value className="java.lang.String">public</Value>
</Feature>
</Annotation>
<Annotation Id="258" Type="Token" StartNode="634" EndNode="643">
<Feature>
  <Name className="java.lang.String">string</Name>
  <Value className="java.lang.String">situation</Value>
</Feature>
</Annotation>
<Annotation Id="271" Type="Token" StartNode="672" EndNode="679">
<Feature>
  <Name className="java.lang.String">string</Name>
  <Value className="java.lang.String">tragedy</Value>
</Feature>
</Annotation>
<Annotation Id="269" Type="Token" StartNode="662" EndNode="671">
<Feature>
  <Name className="java.lang.String">string</Name>
  <Value className="java.lang.String">senseless</Value>
</Feature>
</Annotation>
<Annotation Id="306" Type="Token" StartNode="755" EndNode="761">
<Feature>
  <Name className="java.lang.String">string</Name>
  <Value className="java.lang.String">crying</Value>
</Feature>
</Annotation>
<Annotation Id="319" Type="Token" StartNode="778" EndNode="784">
<Feature>
  <Name className="java.lang.String">string</Name>
  <Value className="java.lang.String">Koresh</Value>
</Feature>
</Annotation>
<Annotation Id="302" Type="Token" StartNode="744" EndNode="750">
<Feature>
  <Name className="java.lang.String">string</Name>
  <Value className="java.lang.String">PEOPLE</Value>
</Feature>
</Annotation>
<Annotation Id="346" Type="Token" StartNode="839" EndNode="847">
<Feature>
  <Name className="java.lang.String">string</Name>
  <Value className="java.lang.String">compound</Value>
</Feature>
</Annotation>
<Annotation Id="335" Type="Token" StartNode="818" EndNode="824">
<Feature>
  <Name className="java.lang.String">string</Name>
  <Value className="java.lang.String">coming</Value>
</Feature>
</Annotation>
<Annotation Id="369" Type="Token" StartNode="890" EndNode="898">
<Feature>
  <Name className="java.lang.String">string</Name>
  <Value className="java.lang.String">everyone</Value>
</Feature>
</Annotation>
<Annotation Id="377" Type="Token" StartNode="908" EndNode="915">
<Feature>
  <Name className="java.lang.String">string</Name>
  <Value className="java.lang.String">hearing</Value>
</Feature>
</Annotation>
<Annotation Id="360" Type="Token" StartNode="868" EndNode="874">
<Feature>
  <Name className="java.lang.String">string</Name>
  <Value className="java.lang.String">lawyer</Value>
</Feature>
</Annotation>
<Annotation Id="402" Type="Token" StartNode="980" EndNode="987">
<Feature>
  <Name className="java.lang.String">string</Name>
  <Value className="java.lang.String">sources</Value>
</Feature>
</Annotation>
<Annotation Id="400" Type="Token" StartNode="969" EndNode="979">
<Feature>
  <Name className="java.lang.String">string</Name>
  <Value className="java.lang.String">government</Value>
</Feature>
</Annotation>
<Annotation Id="404" Type="Token" StartNode="988" EndNode="994">
<Feature>
  <Name className="java.lang.String">string</Name>
  <Value className="java.lang.String">except</Value>
</Feature>
</Annotation>
<Annotation Id="386" Type="Token" StartNode="932" EndNode="941">
<Feature>
  <Name className="java.lang.String">string</Name>
  <Value className="java.lang.String">assertion</Value>
</Feature>
</Annotation>
<Annotation Id="441" Type="Token" StartNode="1072" EndNode="1080">
<Feature>
  <Name className="java.lang.String">string</Name>
  <Value className="java.lang.String">promised</Value>
</Feature>
</Annotation>
<Annotation Id="433" Type="Token" StartNode="1045" EndNode="1054">
<Feature>
  <Name className="java.lang.String">string</Name>
  <Value className="java.lang.String">stipulate</Value>
</Feature>
</Annotation>
<Annotation Id="437" Type="Token" StartNode="1060" EndNode="1066">
<Feature>
  <Name className="java.lang.String">string</Name>
  <Value className="java.lang.String">Koresh</Value>
</Feature>
</Annotation>
<Annotation Id="420" Type="Token" StartNode="1016" EndNode="1025">
<Feature>
  <Name className="java.lang.String">string</Name>
  <Value className="java.lang.String">concerned</Value>
</Feature>
</Annotation>
<Annotation Id="477" Type="Token" StartNode="1167" EndNode="1178">
<Feature>
  <Name className="java.lang.String">string</Name>
  <Value className="java.lang.String">conditional</Value>
</Feature>
</Annotation>
<Annotation Id="473" Type="Token" StartNode="1155" EndNode="1162">
<Feature>
  <Name className="java.lang.String">string</Name>
  <Value className="java.lang.String">promise</Value>
</Feature>
</Annotation>
<Annotation Id="465" Type="Token" StartNode="1135" EndNode="1142">
<Feature>
  <Name className="java.lang.String">string</Name>
  <Value className="java.lang.String">promise</Value>
</Feature>
</Annotation>
<Annotation Id="457" Type="Token" StartNode="1114" EndNode="1121">
<Feature>
  <Name className="java.lang.String">string</Name>
  <Value className="java.lang.String">promise</Value>
</Feature>
</Annotation>
<Annotation Id="449" Type="Token" StartNode="1093" EndNode="1099">
<Feature>
  <Name className="java.lang.String">string</Name>
  <Value className="java.lang.String">except</Value>
</Feature>
</Annotation>
<Annotation Id="492" Type="Token" StartNode="1210" EndNode="1218">
<Feature>
  <Name className="java.lang.String">string</Name>
  <Value className="java.lang.String">NATIONAL</Value>
</Feature>
</Annotation>
<Annotation Id="494" Type="Token" StartNode="1219" EndNode="1227">
<Feature>
  <Name className="java.lang.String">string</Name>
  <Value className="java.lang.String">exposure</Value>
</Feature>
</Annotation>
<Annotation Id="547" Type="Token" StartNode="1340" EndNode="1348">
<Feature>
  <Name className="java.lang.String">string</Name>
  <Value className="java.lang.String">cleverly</Value>
</Feature>
</Annotation>
<Annotation Id="575" Type="Token" StartNode="1404" EndNode="1412">
<Feature>
  <Name className="java.lang.String">string</Name>
  <Value className="java.lang.String">national</Value>
</Feature>
</Annotation>
<Annotation Id="572" Type="Token" StartNode="1394" EndNode="1402">
<Feature>
  <Name className="java.lang.String">string</Name>
  <Value className="java.lang.String">demanded</Value>
</Feature>
</Annotation>
<Annotation Id="516" Type="Token" StartNode="1269" EndNode="1276">
<Feature>
  <Name className="java.lang.String">string</Name>
  <Value className="java.lang.String">locally</Value>
</Feature>
</Annotation>
<Annotation Id="514" Type="Token" StartNode="1259" EndNode="1268">
<Feature>
  <Name className="java.lang.String">string</Name>
  <Value className="java.lang.String">broadcast</Value>
</Feature>
</Annotation>
<Annotation Id="525" Type="Token" StartNode="1294" EndNode="1301">
<Feature>
  <Name className="java.lang.String">string</Name>
  <Value className="java.lang.String">fashion</Value>
</Feature>
</Annotation>
<Annotation Id="523" Type="Token" StartNode="1283" EndNode="1293">
<Feature>
  <Name className="java.lang.String">string</Name>
  <Value className="java.lang.String">chopped-up</Value>
</Feature>
</Annotation>
<Annotation Id="611" Type="Token" StartNode="1490" EndNode="1501">
<Feature>
  <Name className="java.lang.String">string</Name>
  <Value className="java.lang.String">conditional</Value>
</Feature>
</Annotation>
<Annotation Id="617" Type="Token" StartNode="1509" EndNode="1518">
<Feature>
  <Name className="java.lang.String">string</Name>
  <Value className="java.lang.String">finishing</Value>
</Feature>
</Annotation>
<Annotation Id="623" Type="Token" StartNode="1526" EndNode="1536">
<Feature>
  <Name className="java.lang.String">string</Name>
  <Value className="java.lang.String">manuscript</Value>
</Feature>
</Annotation>
<Annotation Id="577" Type="Token" StartNode="1413" EndNode="1421">
<Feature>
  <Name className="java.lang.String">string</Name>
  <Value className="java.lang.String">exposure</Value>
</Feature>
</Annotation>
<Annotation Id="587" Type="Token" StartNode="1435" EndNode="1443">
<Feature>
  <Name className="java.lang.String">string</Name>
  <Value className="java.lang.String">cleverly</Value>
</Feature>
</Annotation>
<Annotation Id="607" Type="Token" StartNode="1478" EndNode="1485">
<Feature>
  <Name className="java.lang.String">string</Name>
  <Value className="java.lang.String">promise</Value>
</Feature>
</Annotation>
<Annotation Id="702" Type="Token" StartNode="1700" EndNode="1709">
<Feature>
  <Name className="java.lang.String">string</Name>
  <Value className="java.lang.String">surrender</Value>
</Feature>
</Annotation>
<Annotation Id="698" Type="Token" StartNode="1688" EndNode="1696">
<Feature>
  <Name className="java.lang.String">string</Name>
  <Value className="java.lang.String">intended</Value>
</Feature>
</Annotation>
<Annotation Id="694" Type="Token" StartNode="1679" EndNode="1685">
<Feature>
  <Name className="java.lang.String">string</Name>
  <Value className="java.lang.String">Koresh</Value>
</Feature>
</Annotation>
<Annotation Id="690" Type="Token" StartNode="1666" EndNode="1673">
<Feature>
  <Name className="java.lang.String">string</Name>
  <Value className="java.lang.String">thought</Value>
</Feature>
</Annotation>
<Annotation Id="670" Type="Token" StartNode="1627" EndNode="1633">
<Feature>
  <Name className="java.lang.String">string</Name>
  <Value className="java.lang.String">Koresh</Value>
</Feature>
</Annotation>
<Annotation Id="666" Type="Token" StartNode="1615" EndNode="1622">
<Feature>
  <Name className="java.lang.String">string</Name>
  <Value className="java.lang.String">forever</Value>
</Feature>
</Annotation>
<Annotation Id="747" Type="Token" StartNode="1805" EndNode="1813">
<Feature>
  <Name className="java.lang.String">string</Name>
  <Value className="java.lang.String">previous</Value>
</Feature>
</Annotation>
<Annotation Id="742" Type="Token" StartNode="1793" EndNode="1799">
<Feature>
  <Name className="java.lang.String">string</Name>
  <Value className="java.lang.String">enough</Value>
</Feature>
</Annotation>
<Annotation Id="740" Type="Token" StartNode="1783" EndNode="1792">
<Feature>
  <Name className="java.lang.String">string</Name>
  <Value className="java.lang.String">Strangely</Value>
</Feature>
</Annotation>
<Annotation Id="759" Type="Token" StartNode="1838" EndNode="1846">
<Feature>
  <Name className="java.lang.String">string</Name>
  <Value className="java.lang.String">prepared</Value>
</Feature>
</Annotation>
<Annotation Id="708" Type="Token" StartNode="1714" EndNode="1724">
<Feature>
  <Name className="java.lang.String">string</Name>
  <Value className="java.lang.String">peacefully</Value>
</Feature>
</Annotation>
<Annotation Id="726" Type="Token" StartNode="1760" EndNode="1767">
<Feature>
  <Name className="java.lang.String">string</Name>
  <Value className="java.lang.String">decided</Value>
</Feature>
</Annotation>
<Annotation Id="817" Type="Token" StartNode="1983" EndNode="1992">
<Feature>
  <Name className="java.lang.String">string</Name>
  <Value className="java.lang.String">Davidians</Value>
</Feature>
</Annotation>
<Annotation Id="828" Type="Token" StartNode="2007" EndNode="2015">
<Feature>
  <Name className="java.lang.String">string</Name>
  <Value className="java.lang.String">compound</Value>
</Feature>
</Annotation>
<Annotation Id="807" Type="Token" StartNode="1951" EndNode="1960">
<Feature>
  <Name className="java.lang.String">string</Name>
  <Value className="java.lang.String">obviously</Value>
</Feature>
</Annotation>
<Annotation Id="809" Type="Token" StartNode="1961" EndNode="1969">
<Feature>
  <Name className="java.lang.String">string</Name>
  <Value className="java.lang.String">intended</Value>
</Feature>
</Annotation>
<Annotation Id="790" Type="Token" StartNode="1908" EndNode="1915">
<Feature>
  <Name className="java.lang.String">string</Name>
  <Value className="java.lang.String">tactics</Value>
</Feature>
</Annotation>
<Annotation Id="788" Type="Token" StartNode="1900" EndNode="1907">
<Feature>
  <Name className="java.lang.String">string</Name>
  <Value className="java.lang.String">Mondays</Value>
</Feature>
</Annotation>
<Annotation Id="798" Type="Token" StartNode="1931" EndNode="1937">
<Feature>
  <Name className="java.lang.String">string</Name>
  <Value className="java.lang.String">clumsy</Value>
</Feature>
</Annotation>
<Annotation Id="781" Type="Token" StartNode="1881" EndNode="1888">
<Feature>
  <Name className="java.lang.String">string</Name>
  <Value className="java.lang.String">Further</Value>
</Feature>
</Annotation>
<Annotation Id="881" Type="Token" StartNode="2147" EndNode="2156">
<Feature>
  <Name className="java.lang.String">string</Name>
  <Value className="java.lang.String">innocence</Value>
</Feature>
</Annotation>
<Annotation Id="892" Type="Token" StartNode="2174" EndNode="2181">
<Feature>
  <Name className="java.lang.String">string</Name>
  <Value className="java.lang.String">between</Value>
</Feature>
</Annotation>
<Annotation Id="894" Type="Token" StartNode="2182" EndNode="2188">
<Feature>
  <Name className="java.lang.String">string</Name>
  <Value className="java.lang.String">murder</Value>
</Feature>
</Annotation>
<Annotation Id="870" Type="Token" StartNode="2114" EndNode="2122">
<Feature>
  <Name className="java.lang.String">string</Name>
  <Value className="java.lang.String">dividing</Value>
</Feature>
</Annotation>
<Annotation Id="875" Type="Token" StartNode="2129" EndNode="2136">
<Feature>
  <Name className="java.lang.String">string</Name>
  <Value className="java.lang.String">between</Value>
</Feature>
</Annotation>
<Annotation Id="850" Type="Token" StartNode="2063" EndNode="2071">
<Feature>
  <Name className="java.lang.String">string</Name>
  <Value className="java.lang.String">possible</Value>
</Feature>
</Annotation>
<Annotation Id="856" Type="Token" StartNode="2078" EndNode="2087">
<Feature>
  <Name className="java.lang.String">string</Name>
  <Value className="java.lang.String">arguments</Value>
</Feature>
</Annotation>
<Annotation Id="860" Type="Token" StartNode="2091" EndNode="2097">
<Feature>
  <Name className="java.lang.String">string</Name>
  <Value className="java.lang.String">intent</Value>
</Feature>
</Annotation>
<Annotation Id="837" Type="Token" StartNode="2029" EndNode="2035">
<Feature>
  <Name className="java.lang.String">string</Name>
  <Value className="java.lang.String">Koresh</Value>
</Feature>
</Annotation>
<Annotation Id="843" Type="Token" StartNode="2044" EndNode="2053">
<Feature>
  <Name className="java.lang.String">string</Name>
  <Value className="java.lang.String">followers</Value>
</Feature>
</Annotation>
<Annotation Id="955" Type="Token" StartNode="2333" EndNode="2339">
<Feature>
  <Name className="java.lang.String">string</Name>
  <Value className="java.lang.String">orders</Value>
</Feature>
</Annotation>
<Annotation Id="949" Type="Token" StartNode="2314" EndNode="2322">
<Feature>
  <Name className="java.lang.String">string</Name>
  <Value className="java.lang.String">compound</Value>
</Feature>
</Annotation>
<Annotation Id="951" Type="Token" StartNode="2323" EndNode="2329">
<Feature>
  <Name className="java.lang.String">string</Name>
  <Value className="java.lang.String">picked</Value>
</Feature>
</Annotation>
<Annotation Id="945" Type="Token" StartNode="2303" EndNode="2309">
<Feature>
  <Name className="java.lang.String">string</Name>
  <Value className="java.lang.String">inside</Value>
</Feature>
</Annotation>
<Annotation Id="941" Type="Token" StartNode="2285" EndNode="2294">
<Feature>
  <Name className="java.lang.String">string</Name>
  <Value className="java.lang.String">listening</Value>
</Feature>
</Annotation>
<Annotation Id="943" Type="Token" StartNode="2295" EndNode="2302">
<Feature>
  <Name className="java.lang.String">string</Name>
  <Value className="java.lang.String">devices</Value>
</Feature>
</Annotation>
<Annotation Id="935" Type="Token" StartNode="2270" EndNode="2280">
<Feature>
  <Name className="java.lang.String">string</Name>
  <Value className="java.lang.String">government</Value>
</Feature>
</Annotation>
<Annotation Id="901" Type="Token" StartNode="2204" EndNode="2216">
<Feature>
  <Name className="java.lang.String">string</Name>
  <Value className="java.lang.String">manslaughter</Value>
</Feature>
</Annotation>
<Annotation Id="899" Type="Token" StartNode="2194" EndNode="2203">
<Feature>
  <Name className="java.lang.String">string</Name>
  <Value className="java.lang.String">negligent</Value>
</Feature>
</Annotation>
<Annotation Id="1017" Type="Token" StartNode="2472" EndNode="2483">
<Feature>
  <Name className="java.lang.String">string</Name>
  <Value className="java.lang.String">interesting</Value>
</Feature>
</Annotation>
<Annotation Id="1019" Type="Token" StartNode="2484" EndNode="2495">
<Feature>
  <Name className="java.lang.String">string</Name>
  <Value className="java.lang.String">development</Value>
</Feature>
</Annotation>
<Annotation Id="1003" Type="Token" StartNode="2441" EndNode="2447">
<Feature>
  <Name className="java.lang.String">string</Name>
  <Value className="java.lang.String">really</Value>
</Feature>
</Annotation>
<Annotation Id="991" Type="Token" StartNode="2411" EndNode="2418">
<Feature>
  <Name className="java.lang.String">string</Name>
  <Value className="java.lang.String">waiting</Value>
</Feature>
</Annotation>
<Annotation Id="981" Type="Token" StartNode="2395" EndNode="2402">
<Feature>
  <Name className="java.lang.String">string</Name>
  <Value className="java.lang.String">started</Value>
</Feature>
</Annotation>
<Annotation Id="971" Type="Token" StartNode="2367" EndNode="2374">
<Feature>
  <Name className="java.lang.String">string</Name>
  <Value className="java.lang.String">shortly</Value>
</Feature>
</Annotation>
<Annotation Id="973" Type="Token" StartNode="2375" EndNode="2381">
<Feature>
  <Name className="java.lang.String">string</Name>
  <Value className="java.lang.String">before</Value>
</Feature>
</Annotation>
<Annotation Id="1093" Type="Token" StartNode="2664" EndNode="2672">
<Feature>
  <Name className="java.lang.String">string</Name>
  <Value className="java.lang.String">attorney</Value>
</Feature>
</Annotation>
<Annotation Id="1119" Type="Token" StartNode="2732" EndNode="2740">
<Feature>
  <Name className="java.lang.String">string</Name>
  <Value className="java.lang.String">claiming</Value>
</Feature>
</Annotation>
<Annotation Id="1115" Type="Token" StartNode="2720" EndNode="2728">
<Feature>
  <Name className="java.lang.String">string</Name>
  <Value className="java.lang.String">interest</Value>
</Feature>
</Annotation>
<Annotation Id="1108" Type="Token" StartNode="2703" EndNode="2711">
<Feature>
  <Name className="java.lang.String">string</Name>
  <Value className="java.lang.String">Davidian</Value>
</Feature>
</Annotation>
<Annotation Id="1106" Type="Token" StartNode="2693" EndNode="2702">
<Feature>
  <Name className="java.lang.String">string</Name>
  <Value className="java.lang.String">surviving</Value>
</Feature>
</Annotation>
<Annotation Id="1132" Type="Token" StartNode="2759" EndNode="2765">
<Feature>
  <Name className="java.lang.String">string</Name>
  <Value className="java.lang.String">caused</Value>
</Feature>
</Annotation>
<Annotation Id="1034" Type="Token" StartNode="2521" EndNode="2528">
<Feature>
  <Name className="java.lang.String">string</Name>
  <Value className="java.lang.String">telling</Value>
</Feature>
</Annotation>
<Annotation Id="1028" Type="Token" StartNode="2505" EndNode="2513">
<Feature>
  <Name className="java.lang.String">string</Name>
  <Value className="java.lang.String">Davidian</Value>
</Feature>
</Annotation>
<Annotation Id="1066" Type="Token" StartNode="2593" EndNode="2599">
<Feature>
  <Name className="java.lang.String">string</Name>
  <Value className="java.lang.String">murder</Value>
</Feature>
</Annotation>
<Annotation Id="1064" Type="Token" StartNode="2584" EndNode="2592">
<Feature>
  <Name className="java.lang.String">string</Name>
  <Value className="java.lang.String">possible</Value>
</Feature>
</Annotation>
<Annotation Id="1070" Type="Token" StartNode="2608" EndNode="2617">
<Feature>
  <Name className="java.lang.String">string</Name>
  <Value className="java.lang.String">resulting</Value>
</Feature>
</Annotation>
<Annotation Id="1068" Type="Token" StartNode="2600" EndNode="2607">
<Feature>
  <Name className="java.lang.String">string</Name>
  <Value className="java.lang.String">charges</Value>
</Feature>
</Annotation>
<Annotation Id="1082" Type="Token" StartNode="2637" EndNode="2643">
<Feature>
  <Name className="java.lang.String">string</Name>
  <Value className="java.lang.String">Koresh</Value>
</Feature>
</Annotation>
<Annotation Id="1086" Type="Token" StartNode="2646" EndNode="2652">
<Feature>
  <Name className="java.lang.String">string</Name>
  <Value className="java.lang.String">lawyer</Value>
</Feature>
</Annotation>
<Annotation Id="1226" Type="Token" StartNode="2966" EndNode="2975">
<Feature>
  <Name className="java.lang.String">string</Name>
  <Value className="java.lang.String">survivors</Value>
</Feature>
</Annotation>
<Annotation Id="1237" Type="Token" StartNode="2991" EndNode="2999">
<Feature>
  <Name className="java.lang.String">string</Name>
  <Value className="java.lang.String">evidence</Value>
</Feature>
</Annotation>
<Annotation Id="1241" Type="Token" StartNode="3002" EndNode="3008">
<Feature>
  <Name className="java.lang.String">string</Name>
  <Value className="java.lang.String">parrot</Value>
</Feature>
</Annotation>
<Annotation Id="1262" Type="Token" StartNode="3052" EndNode="3058">
<Feature>
  <Name className="java.lang.String">string</Name>
  <Value className="java.lang.String">Koresh</Value>
</Feature>
</Annotation>
<Annotation Id="1257" Type="Token" StartNode="3040" EndNode="3047">
<Feature>
  <Name className="java.lang.String">string</Name>
  <Value className="java.lang.String">suicide</Value>
</Feature>
</Annotation>
<Annotation Id="1276" Type="Token" StartNode="3087" EndNode="3095">
<Feature>
  <Name className="java.lang.String">string</Name>
  <Value className="java.lang.String">gunpoint</Value>
</Feature>
</Annotation>
<Annotation Id="1272" Type="Token" StartNode="3077" EndNode="3083">
<Feature>
  <Name className="java.lang.String">string</Name>
  <Value className="java.lang.String">stayed</Value>
</Feature>
</Annotation>
<Annotation Id="1162" Type="Token" StartNode="2816" EndNode="2824">
<Feature>
  <Name className="java.lang.String">string</Name>
  <Value className="java.lang.String">interest</Value>
</Feature>
</Annotation>
<Annotation Id="1166" Type="Token" StartNode="2828" EndNode="2835">
<Feature>
  <Name className="java.lang.String">string</Name>
  <Value className="java.lang.String">blaming</Value>
</Feature>
</Annotation>
<Annotation Id="1168" Type="Token" StartNode="2836" EndNode="2842">
<Feature>
  <Name className="java.lang.String">string</Name>
  <Value className="java.lang.String">Koresh</Value>
</Feature>
</Annotation>
<Annotation Id="1186" Type="Token" StartNode="2869" EndNode="2877">
<Feature>
  <Name className="java.lang.String">string</Name>
  <Value className="java.lang.String">physical</Value>
</Feature>
</Annotation>
<Annotation Id="1188" Type="Token" StartNode="2878" EndNode="2886">
<Feature>
  <Name className="java.lang.String">string</Name>
  <Value className="java.lang.String">evidence</Value>
</Feature>
</Annotation>
<Annotation Id="1194" Type="Token" StartNode="2897" EndNode="2903">
<Feature>
  <Name className="java.lang.String">string</Name>
  <Value className="java.lang.String">decide</Value>
</Feature>
</Annotation>
<Annotation Id="1200" Type="Token" StartNode="2910" EndNode="2917">
<Feature>
  <Name className="java.lang.String">string</Name>
  <Value className="java.lang.String">telling</Value>
</Feature>
</Annotation>
<Annotation Id="1212" Type="Token" StartNode="2934" EndNode="2942">
<Feature>
  <Name className="java.lang.String">string</Name>
  <Value className="java.lang.String">tempting</Value>
</Feature>
</Annotation>
<Annotation Id="1372" Type="Token" StartNode="3287" EndNode="3294">
<Feature>
  <Name className="java.lang.String">string</Name>
  <Value className="java.lang.String">stratus</Value>
</Feature>
</Annotation>
<Annotation Id="1368" Type="Token" StartNode="3277" EndNode="3283">
<Feature>
  <Name className="java.lang.String">string</Name>
  <Value className="java.lang.String">rocket</Value>
</Feature>
</Annotation>
<Annotation Id="1405" Type="Token" StartNode="3358" EndNode="3365">
<Feature>
  <Name className="java.lang.String">string</Name>
  <Value className="java.lang.String">stratus</Value>
</Feature>
</Annotation>
<Annotation Id="1396" Type="Token" StartNode="3338" EndNode="3345">
<Feature>
  <Name className="java.lang.String">string</Name>
  <Value className="java.lang.String">company</Value>
</Feature>
</Annotation>
<Annotation Id="1384" Type="Token" StartNode="3310" EndNode="3317">
<Feature>
  <Name className="java.lang.String">string</Name>
  <Value className="java.lang.String">believe</Value>
</Feature>
</Annotation>
<Annotation Id="1338" Type="Token" StartNode="3210" EndNode="3216">
<Feature>
  <Name className="java.lang.String">string</Name>
  <Value className="java.lang.String">strong</Value>
</Feature>
</Annotation>
<Annotation Id="1340" Type="Token" StartNode="3217" EndNode="3227">
<Feature>
  <Name className="java.lang.String">string</Name>
  <Value className="java.lang.String">indication</Value>
</Feature>
</Annotation>
<Annotation Id="1426" Type="Token" StartNode="3404" EndNode="3413">
<Feature>
  <Name className="java.lang.String">string</Name>
  <Value className="java.lang.String">Investors</Value>
</Feature>
</Annotation>
<Annotation Id="1424" Type="Token" StartNode="3396" EndNode="3403">
<Feature>
  <Name className="java.lang.String">string</Name>
  <Value className="java.lang.String">special</Value>
</Feature>
</Annotation>
<Annotation Id="1429" Type="Token" StartNode="3415" EndNode="3421">
<Feature>
  <Name className="java.lang.String">string</Name>
  <Value className="java.lang.String">Packet</Value>
</Feature>
</Annotation>
</AnnotationSet>
<AnnotationSet Name="Original markups"> </AnnotationSet>
</GateDocument>