<?xml version='1.0' encoding='UTF-8'?>
<GateDocument version="3">
<!-- The document's features-->

<GateDocumentFeatures>
<Feature>
  <Name className="java.lang.String">Original_document_content_on_load</Name>
  <Value className="java.lang.String">From: andy@SAIL.Stanford.EDU (Andy Freeman)
Message-ID: &lt;1993Apr15.193009.28306@CSD-NewsHost.Stanford.EDU>
Sender: news@CSD-NewsHost.Stanford.EDU
Organization: Computer Science Department,  Stanford University.
References: &lt;81930415084418/0005111312NA3EM@mcimail.com>
Date: Thu, 15 Apr 1993 19:30:09 GMT
Lines: 48

>NEWSPAPER AD CENSORSHIP
>
>The newspapers have now decided to censor gun ads - which is why you no longer
>see the ads that Traders, San Leandro, has run for many years.
>
>If you are tired of newspapers who run sex and liquor ads galor, yet refuse to
>run legitimate gun ads, please send a letter to the editors indicating your
>displeasure over their censorship doctrine.
>
>Following is a list of Bay area newspapers who censor gun ads.  Perhaps you'd
>like to send them your thoughts on this issue!
>
>Contra Costa Times	San Mateo Times		San Francisco Chronicle
>POB 5088		POB 5400		901 Mission St.
>Walnut Creek, CA 94596	San Mateo, CA 94402	San Francisco, CA 94103
>
>San Fran. Independent	San Fran. Examiner	San Jose Mercury News
>1201 Evans Ave		110 5th St.		750 Ridder Park Dr.
>San Fran., CA 94124	San Fran., CA 94103	San Jose, CA 95190

I have the April 15, 1993 issue of the SF Chronicle in my lap.  Page
E7 (in the "Sporting Green" section) has a Trader's advert.  (The
copy is a bit screwed up - it says that the prices offered expire
4-14-93, but the ad is there.)

The SF Examiner and Chronicle run the same set of adverts (because
they have a joint printing/biz agreement and differ only in editorial
content).

I've seen gun ads recently in the merc, which is anti-gun editorially,
albeit not from traders, but from its competitors.

I don't know about the other papers.

Does Traders claim that things are changing?  When?

>- Why TV journalists lie

Because it's easier than telling the truth and no one much cares
either way.

>Let me know if you write to any of these bozos.

Before you do, make sure that the bozos are actually doing what
you're accusing them of.

-andy
--
</Value>
</Feature>
<Feature>
  <Name className="java.lang.String">gate.SourceURL</Name>
  <Value className="java.lang.String">file:/C:/Users/jian/Documents/NetBeansProjects/NoiseReductionTechniques/mideastPoliticsMix/negative22</Value>
</Feature>
</GateDocumentFeatures>
<!-- The document content area with serialized nodes -->

<TextWithNodes><Node id="0"/>From<Node id="4"/>:<Node id="5"/> <Node id="6"/>andy<Node id="10"/>@<Node id="11"/>SAIL<Node id="15"/>.<Node id="16"/>Stanford<Node id="24"/>.<Node id="25"/>EDU<Node id="28"/> <Node id="29"/>(<Node id="30"/>Andy<Node id="34"/> <Node id="35"/>Freeman<Node id="42"/>)<Node id="43"/>
<Node id="44"/>Message-<Node id="52"/>ID<Node id="54"/>:<Node id="55"/> <Node id="56"/>&lt;<Node id="57"/>1993<Node id="61"/>Apr<Node id="64"/>15<Node id="66"/>.<Node id="67"/>193009<Node id="73"/>.<Node id="74"/>28306<Node id="79"/>@<Node id="80"/>CSD-NewsHost<Node id="92"/>.<Node id="93"/>Stanford<Node id="101"/>.<Node id="102"/>EDU<Node id="105"/>&gt;<Node id="106"/>
<Node id="107"/>Sender<Node id="113"/>:<Node id="114"/> <Node id="115"/>news<Node id="119"/>@<Node id="120"/>CSD-NewsHost<Node id="132"/>.<Node id="133"/>Stanford<Node id="141"/>.<Node id="142"/>EDU<Node id="145"/>
<Node id="146"/>Organization<Node id="158"/>:<Node id="159"/> <Node id="160"/>Computer<Node id="168"/> <Node id="169"/>Science<Node id="176"/> <Node id="177"/>Department<Node id="187"/>,<Node id="188"/> <Node id="189"/> <Node id="190"/>Stanford<Node id="198"/> <Node id="199"/>University<Node id="209"/>.<Node id="210"/>
<Node id="211"/>References<Node id="221"/>:<Node id="222"/> <Node id="223"/>&lt;<Node id="224"/>81930415084418<Node id="238"/>/<Node id="239"/>0005111312<Node id="249"/>NA<Node id="251"/>3<Node id="252"/>EM<Node id="254"/>@<Node id="255"/>mcimail<Node id="262"/>.<Node id="263"/>com<Node id="266"/>&gt;<Node id="267"/>
<Node id="268"/>Date<Node id="272"/>:<Node id="273"/> <Node id="274"/>Thu<Node id="277"/>,<Node id="278"/> <Node id="279"/>15<Node id="281"/> <Node id="282"/>Apr<Node id="285"/> <Node id="286"/>1993<Node id="290"/> <Node id="291"/>19<Node id="293"/>:<Node id="294"/>30<Node id="296"/>:<Node id="297"/>09<Node id="299"/> <Node id="300"/>GMT<Node id="303"/>
<Node id="304"/>Lines<Node id="309"/>:<Node id="310"/> <Node id="311"/>48<Node id="313"/>
<Node id="314"/>
<Node id="315"/>&gt;<Node id="316"/>NEWSPAPER<Node id="325"/> <Node id="326"/>AD<Node id="328"/> <Node id="329"/>CENSORSHIP<Node id="339"/>
<Node id="340"/>&gt;<Node id="341"/>
<Node id="342"/>&gt;<Node id="343"/>The<Node id="346"/> <Node id="347"/>newspapers<Node id="357"/> <Node id="358"/>have<Node id="362"/> <Node id="363"/>now<Node id="366"/> <Node id="367"/>decided<Node id="374"/> <Node id="375"/>to<Node id="377"/> <Node id="378"/>censor<Node id="384"/> <Node id="385"/>gun<Node id="388"/> <Node id="389"/>ads<Node id="392"/> <Node id="393"/>-<Node id="394"/> <Node id="395"/>which<Node id="400"/> <Node id="401"/>is<Node id="403"/> <Node id="404"/>why<Node id="407"/> <Node id="408"/>you<Node id="411"/> <Node id="412"/>no<Node id="414"/> <Node id="415"/>longer<Node id="421"/>
<Node id="422"/>&gt;<Node id="423"/>see<Node id="426"/> <Node id="427"/>the<Node id="430"/> <Node id="431"/>ads<Node id="434"/> <Node id="435"/>that<Node id="439"/> <Node id="440"/>Traders<Node id="447"/>,<Node id="448"/> <Node id="449"/>San<Node id="452"/> <Node id="453"/>Leandro<Node id="460"/>,<Node id="461"/> <Node id="462"/>has<Node id="465"/> <Node id="466"/>run<Node id="469"/> <Node id="470"/>for<Node id="473"/> <Node id="474"/>many<Node id="478"/> <Node id="479"/>years<Node id="484"/>.<Node id="485"/>
<Node id="486"/>&gt;<Node id="487"/>
<Node id="488"/>&gt;<Node id="489"/>If<Node id="491"/> <Node id="492"/>you<Node id="495"/> <Node id="496"/>are<Node id="499"/> <Node id="500"/>tired<Node id="505"/> <Node id="506"/>of<Node id="508"/> <Node id="509"/>newspapers<Node id="519"/> <Node id="520"/>who<Node id="523"/> <Node id="524"/>run<Node id="527"/> <Node id="528"/>sex<Node id="531"/> <Node id="532"/>and<Node id="535"/> <Node id="536"/>liquor<Node id="542"/> <Node id="543"/>ads<Node id="546"/> <Node id="547"/>galor<Node id="552"/>,<Node id="553"/> <Node id="554"/>yet<Node id="557"/> <Node id="558"/>refuse<Node id="564"/> <Node id="565"/>to<Node id="567"/>
<Node id="568"/>&gt;<Node id="569"/>run<Node id="572"/> <Node id="573"/>legitimate<Node id="583"/> <Node id="584"/>gun<Node id="587"/> <Node id="588"/>ads<Node id="591"/>,<Node id="592"/> <Node id="593"/>please<Node id="599"/> <Node id="600"/>send<Node id="604"/> <Node id="605"/>a<Node id="606"/> <Node id="607"/>letter<Node id="613"/> <Node id="614"/>to<Node id="616"/> <Node id="617"/>the<Node id="620"/> <Node id="621"/>editors<Node id="628"/> <Node id="629"/>indicating<Node id="639"/> <Node id="640"/>your<Node id="644"/>
<Node id="645"/>&gt;<Node id="646"/>displeasure<Node id="657"/> <Node id="658"/>over<Node id="662"/> <Node id="663"/>their<Node id="668"/> <Node id="669"/>censorship<Node id="679"/> <Node id="680"/>doctrine<Node id="688"/>.<Node id="689"/>
<Node id="690"/>&gt;<Node id="691"/>
<Node id="692"/>&gt;<Node id="693"/>Following<Node id="702"/> <Node id="703"/>is<Node id="705"/> <Node id="706"/>a<Node id="707"/> <Node id="708"/>list<Node id="712"/> <Node id="713"/>of<Node id="715"/> <Node id="716"/>Bay<Node id="719"/> <Node id="720"/>area<Node id="724"/> <Node id="725"/>newspapers<Node id="735"/> <Node id="736"/>who<Node id="739"/> <Node id="740"/>censor<Node id="746"/> <Node id="747"/>gun<Node id="750"/> <Node id="751"/>ads<Node id="754"/>.<Node id="755"/> <Node id="756"/> <Node id="757"/>Perhaps<Node id="764"/> <Node id="765"/>you<Node id="768"/>'d<Node id="770"/>
<Node id="771"/>&gt;<Node id="772"/>like<Node id="776"/> <Node id="777"/>to<Node id="779"/> <Node id="780"/>send<Node id="784"/> <Node id="785"/>them<Node id="789"/> <Node id="790"/>your<Node id="794"/> <Node id="795"/>thoughts<Node id="803"/> <Node id="804"/>on<Node id="806"/> <Node id="807"/>this<Node id="811"/> <Node id="812"/>issue<Node id="817"/>!<Node id="818"/>
<Node id="819"/>&gt;<Node id="820"/>
<Node id="821"/>&gt;<Node id="822"/>Contra<Node id="828"/> <Node id="829"/>Costa<Node id="834"/> <Node id="835"/>Times<Node id="840"/>	<Node id="841"/>San<Node id="844"/> <Node id="845"/>Mateo<Node id="850"/> <Node id="851"/>Times<Node id="856"/>	<Node id="857"/>	<Node id="858"/>San<Node id="861"/> <Node id="862"/>Francisco<Node id="871"/> <Node id="872"/>Chronicle<Node id="881"/>
<Node id="882"/>&gt;<Node id="883"/>POB<Node id="886"/> <Node id="887"/>5088<Node id="891"/>	<Node id="892"/>	<Node id="893"/>POB<Node id="896"/> <Node id="897"/>5400<Node id="901"/>	<Node id="902"/>	<Node id="903"/>901<Node id="906"/> <Node id="907"/>Mission<Node id="914"/> <Node id="915"/>St<Node id="917"/>.<Node id="918"/>
<Node id="919"/>&gt;<Node id="920"/>Walnut<Node id="926"/> <Node id="927"/>Creek<Node id="932"/>,<Node id="933"/> <Node id="934"/>CA<Node id="936"/> <Node id="937"/>94596<Node id="942"/>	<Node id="943"/>San<Node id="946"/> <Node id="947"/>Mateo<Node id="952"/>,<Node id="953"/> <Node id="954"/>CA<Node id="956"/> <Node id="957"/>94402<Node id="962"/>	<Node id="963"/>San<Node id="966"/> <Node id="967"/>Francisco<Node id="976"/>,<Node id="977"/> <Node id="978"/>CA<Node id="980"/> <Node id="981"/>94103<Node id="986"/>
<Node id="987"/>&gt;<Node id="988"/>
<Node id="989"/>&gt;<Node id="990"/>San<Node id="993"/> <Node id="994"/>Fran<Node id="998"/>.<Node id="999"/> <Node id="1000"/>Independent<Node id="1011"/>	<Node id="1012"/>San<Node id="1015"/> <Node id="1016"/>Fran<Node id="1020"/>.<Node id="1021"/> <Node id="1022"/>Examiner<Node id="1030"/>	<Node id="1031"/>San<Node id="1034"/> <Node id="1035"/>Jose<Node id="1039"/> <Node id="1040"/>Mercury<Node id="1047"/> <Node id="1048"/>News<Node id="1052"/>
<Node id="1053"/>&gt;<Node id="1054"/>1201<Node id="1058"/> <Node id="1059"/>Evans<Node id="1064"/> <Node id="1065"/>Ave<Node id="1068"/>	<Node id="1069"/>	<Node id="1070"/>110<Node id="1073"/> <Node id="1074"/>5th<Node id="1077"/> <Node id="1078"/>St<Node id="1080"/>.<Node id="1081"/>	<Node id="1082"/>	<Node id="1083"/>750<Node id="1086"/> <Node id="1087"/>Ridder<Node id="1093"/> <Node id="1094"/>Park<Node id="1098"/> <Node id="1099"/>Dr<Node id="1101"/>.<Node id="1102"/>
<Node id="1103"/>&gt;<Node id="1104"/>San<Node id="1107"/> <Node id="1108"/>Fran<Node id="1112"/>.<Node id="1113"/>,<Node id="1114"/> <Node id="1115"/>CA<Node id="1117"/> <Node id="1118"/>94124<Node id="1123"/>	<Node id="1124"/>San<Node id="1127"/> <Node id="1128"/>Fran<Node id="1132"/>.<Node id="1133"/>,<Node id="1134"/> <Node id="1135"/>CA<Node id="1137"/> <Node id="1138"/>94103<Node id="1143"/>	<Node id="1144"/>San<Node id="1147"/> <Node id="1148"/>Jose<Node id="1152"/>,<Node id="1153"/> <Node id="1154"/>CA<Node id="1156"/> <Node id="1157"/>95190<Node id="1162"/>
<Node id="1163"/>
<Node id="1164"/>I<Node id="1165"/> <Node id="1166"/>have<Node id="1170"/> <Node id="1171"/>the<Node id="1174"/> <Node id="1175"/>April<Node id="1180"/> <Node id="1181"/>15<Node id="1183"/>,<Node id="1184"/> <Node id="1185"/>1993<Node id="1189"/> <Node id="1190"/>issue<Node id="1195"/> <Node id="1196"/>of<Node id="1198"/> <Node id="1199"/>the<Node id="1202"/> <Node id="1203"/>SF<Node id="1205"/> <Node id="1206"/>Chronicle<Node id="1215"/> <Node id="1216"/>in<Node id="1218"/> <Node id="1219"/>my<Node id="1221"/> <Node id="1222"/>lap<Node id="1225"/>.<Node id="1226"/> <Node id="1227"/> <Node id="1228"/>Page<Node id="1232"/>
<Node id="1233"/>E<Node id="1234"/>7<Node id="1235"/> <Node id="1236"/>(<Node id="1237"/>in<Node id="1239"/> <Node id="1240"/>the<Node id="1243"/> <Node id="1244"/>"<Node id="1245"/>Sporting<Node id="1253"/> <Node id="1254"/>Green<Node id="1259"/>"<Node id="1260"/> <Node id="1261"/>section<Node id="1268"/>)<Node id="1269"/> <Node id="1270"/>has<Node id="1273"/> <Node id="1274"/>a<Node id="1275"/> <Node id="1276"/>Trader<Node id="1282"/>'s<Node id="1284"/> <Node id="1285"/>advert<Node id="1291"/>.<Node id="1292"/> <Node id="1293"/> <Node id="1294"/>(<Node id="1295"/>The<Node id="1298"/>
<Node id="1299"/>copy<Node id="1303"/> <Node id="1304"/>is<Node id="1306"/> <Node id="1307"/>a<Node id="1308"/> <Node id="1309"/>bit<Node id="1312"/> <Node id="1313"/>screwed<Node id="1320"/> <Node id="1321"/>up<Node id="1323"/> <Node id="1324"/>-<Node id="1325"/> <Node id="1326"/>it<Node id="1328"/> <Node id="1329"/>says<Node id="1333"/> <Node id="1334"/>that<Node id="1338"/> <Node id="1339"/>the<Node id="1342"/> <Node id="1343"/>prices<Node id="1349"/> <Node id="1350"/>offered<Node id="1357"/> <Node id="1358"/>expire<Node id="1364"/>
<Node id="1365"/>4<Node id="1366"/>-<Node id="1367"/>14<Node id="1369"/>-<Node id="1370"/>93<Node id="1372"/>,<Node id="1373"/> <Node id="1374"/>but<Node id="1377"/> <Node id="1378"/>the<Node id="1381"/> <Node id="1382"/>ad<Node id="1384"/> <Node id="1385"/>is<Node id="1387"/> <Node id="1388"/>there<Node id="1393"/>.<Node id="1394"/>)<Node id="1395"/>
<Node id="1396"/>
<Node id="1397"/>The<Node id="1400"/> <Node id="1401"/>SF<Node id="1403"/> <Node id="1404"/>Examiner<Node id="1412"/> <Node id="1413"/>and<Node id="1416"/> <Node id="1417"/>Chronicle<Node id="1426"/> <Node id="1427"/>run<Node id="1430"/> <Node id="1431"/>the<Node id="1434"/> <Node id="1435"/>same<Node id="1439"/> <Node id="1440"/>set<Node id="1443"/> <Node id="1444"/>of<Node id="1446"/> <Node id="1447"/>adverts<Node id="1454"/> <Node id="1455"/>(<Node id="1456"/>because<Node id="1463"/>
<Node id="1464"/>they<Node id="1468"/> <Node id="1469"/>have<Node id="1473"/> <Node id="1474"/>a<Node id="1475"/> <Node id="1476"/>joint<Node id="1481"/> <Node id="1482"/>printing<Node id="1490"/>/<Node id="1491"/>biz<Node id="1494"/> <Node id="1495"/>agreement<Node id="1504"/> <Node id="1505"/>and<Node id="1508"/> <Node id="1509"/>differ<Node id="1515"/> <Node id="1516"/>only<Node id="1520"/> <Node id="1521"/>in<Node id="1523"/> <Node id="1524"/>editorial<Node id="1533"/>
<Node id="1534"/>content<Node id="1541"/>)<Node id="1542"/>.<Node id="1543"/>
<Node id="1544"/>
<Node id="1545"/>I<Node id="1546"/>'ve<Node id="1549"/> <Node id="1550"/>seen<Node id="1554"/> <Node id="1555"/>gun<Node id="1558"/> <Node id="1559"/>ads<Node id="1562"/> <Node id="1563"/>recently<Node id="1571"/> <Node id="1572"/>in<Node id="1574"/> <Node id="1575"/>the<Node id="1578"/> <Node id="1579"/>merc<Node id="1583"/>,<Node id="1584"/> <Node id="1585"/>which<Node id="1590"/> <Node id="1591"/>is<Node id="1593"/> <Node id="1594"/>anti-gun<Node id="1602"/> <Node id="1603"/>editorially<Node id="1614"/>,<Node id="1615"/>
<Node id="1616"/>albeit<Node id="1622"/> <Node id="1623"/>not<Node id="1626"/> <Node id="1627"/>from<Node id="1631"/> <Node id="1632"/>traders<Node id="1639"/>,<Node id="1640"/> <Node id="1641"/>but<Node id="1644"/> <Node id="1645"/>from<Node id="1649"/> <Node id="1650"/>its<Node id="1653"/> <Node id="1654"/>competitors<Node id="1665"/>.<Node id="1666"/>
<Node id="1667"/>
<Node id="1668"/>I<Node id="1669"/> <Node id="1670"/>do<Node id="1672"/>n't<Node id="1675"/> <Node id="1676"/>know<Node id="1680"/> <Node id="1681"/>about<Node id="1686"/> <Node id="1687"/>the<Node id="1690"/> <Node id="1691"/>other<Node id="1696"/> <Node id="1697"/>papers<Node id="1703"/>.<Node id="1704"/>
<Node id="1705"/>
<Node id="1706"/>Does<Node id="1710"/> <Node id="1711"/>Traders<Node id="1718"/> <Node id="1719"/>claim<Node id="1724"/> <Node id="1725"/>that<Node id="1729"/> <Node id="1730"/>things<Node id="1736"/> <Node id="1737"/>are<Node id="1740"/> <Node id="1741"/>changing<Node id="1749"/>?<Node id="1750"/> <Node id="1751"/> <Node id="1752"/>When<Node id="1756"/>?<Node id="1757"/>
<Node id="1758"/>
<Node id="1759"/>&gt;<Node id="1760"/>-<Node id="1761"/> <Node id="1762"/>Why<Node id="1765"/> <Node id="1766"/>TV<Node id="1768"/> <Node id="1769"/>journalists<Node id="1780"/> <Node id="1781"/>lie<Node id="1784"/>
<Node id="1785"/>
<Node id="1786"/>Because<Node id="1793"/> <Node id="1794"/>it<Node id="1796"/>'s<Node id="1798"/> <Node id="1799"/>easier<Node id="1805"/> <Node id="1806"/>than<Node id="1810"/> <Node id="1811"/>telling<Node id="1818"/> <Node id="1819"/>the<Node id="1822"/> <Node id="1823"/>truth<Node id="1828"/> <Node id="1829"/>and<Node id="1832"/> <Node id="1833"/>no<Node id="1835"/> <Node id="1836"/>one<Node id="1839"/> <Node id="1840"/>much<Node id="1844"/> <Node id="1845"/>cares<Node id="1850"/>
<Node id="1851"/>either<Node id="1857"/> <Node id="1858"/>way<Node id="1861"/>.<Node id="1862"/>
<Node id="1863"/>
<Node id="1864"/>&gt;<Node id="1865"/>Let<Node id="1868"/> <Node id="1869"/>me<Node id="1871"/> <Node id="1872"/>know<Node id="1876"/> <Node id="1877"/>if<Node id="1879"/> <Node id="1880"/>you<Node id="1883"/> <Node id="1884"/>write<Node id="1889"/> <Node id="1890"/>to<Node id="1892"/> <Node id="1893"/>any<Node id="1896"/> <Node id="1897"/>of<Node id="1899"/> <Node id="1900"/>these<Node id="1905"/> <Node id="1906"/>bozos<Node id="1911"/>.<Node id="1912"/>
<Node id="1913"/>
<Node id="1914"/>Before<Node id="1920"/> <Node id="1921"/>you<Node id="1924"/> <Node id="1925"/>do<Node id="1927"/>,<Node id="1928"/> <Node id="1929"/>make<Node id="1933"/> <Node id="1934"/>sure<Node id="1938"/> <Node id="1939"/>that<Node id="1943"/> <Node id="1944"/>the<Node id="1947"/> <Node id="1948"/>bozos<Node id="1953"/> <Node id="1954"/>are<Node id="1957"/> <Node id="1958"/>actually<Node id="1966"/> <Node id="1967"/>doing<Node id="1972"/> <Node id="1973"/>what<Node id="1977"/>
<Node id="1978"/>you<Node id="1981"/>'re<Node id="1984"/> <Node id="1985"/>accusing<Node id="1993"/> <Node id="1994"/>them<Node id="1998"/> <Node id="1999"/>of<Node id="2001"/>.<Node id="2002"/>
<Node id="2003"/>
<Node id="2004"/>-<Node id="2005"/>andy<Node id="2009"/>
<Node id="2010"/>-<Node id="2011"/>-<Node id="2012"/>
<Node id="2013"/></TextWithNodes>
<!-- The default annotation set -->

<AnnotationSet>
<Annotation EndNode="2013" StartNode="0" Type="Mention" Id="9999999">
<Feature>
<Name classname="java.lang.String">Class</Name>
<Value classname="java.lang.String">0</Value>
</Feature>
</Annotation>

<Annotation Id="7" Type="Token" StartNode="16" EndNode="24">
<Feature>
  <Name className="java.lang.String">string</Name>
  <Value className="java.lang.String">Stanford</Value>
</Feature>
</Annotation>
<Annotation Id="14" Type="Token" StartNode="35" EndNode="42">
<Feature>
  <Name className="java.lang.String">string</Name>
  <Value className="java.lang.String">Freeman</Value>
</Feature>
</Annotation>
<Annotation Id="17" Type="Token" StartNode="44" EndNode="52">
<Feature>
  <Name className="java.lang.String">string</Name>
  <Value className="java.lang.String">Message-</Value>
</Feature>
</Annotation>
<Annotation Id="26" Type="Token" StartNode="67" EndNode="73">
</Annotation>
<Annotation Id="30" Type="Token" StartNode="80" EndNode="92">
<Feature>
  <Name className="java.lang.String">string</Name>
  <Value className="java.lang.String">CSD-NewsHost</Value>
</Feature>
</Annotation>
<Annotation Id="32" Type="Token" StartNode="93" EndNode="101">
<Feature>
  <Name className="java.lang.String">string</Name>
  <Value className="java.lang.String">Stanford</Value>
</Feature>
</Annotation>
<Annotation Id="37" Type="Token" StartNode="107" EndNode="113">
<Feature>
  <Name className="java.lang.String">string</Name>
  <Value className="java.lang.String">Sender</Value>
</Feature>
</Annotation>
<Annotation Id="42" Type="Token" StartNode="120" EndNode="132">
<Feature>
  <Name className="java.lang.String">string</Name>
  <Value className="java.lang.String">CSD-NewsHost</Value>
</Feature>
</Annotation>
<Annotation Id="44" Type="Token" StartNode="133" EndNode="141">
<Feature>
  <Name className="java.lang.String">string</Name>
  <Value className="java.lang.String">Stanford</Value>
</Feature>
</Annotation>
<Annotation Id="51" Type="Token" StartNode="160" EndNode="168">
<Feature>
  <Name className="java.lang.String">string</Name>
  <Value className="java.lang.String">Computer</Value>
</Feature>
</Annotation>
<Annotation Id="48" Type="Token" StartNode="146" EndNode="158">
<Feature>
  <Name className="java.lang.String">string</Name>
  <Value className="java.lang.String">Organization</Value>
</Feature>
</Annotation>
<Annotation Id="55" Type="Token" StartNode="177" EndNode="187">
<Feature>
  <Name className="java.lang.String">string</Name>
  <Value className="java.lang.String">Department</Value>
</Feature>
</Annotation>
<Annotation Id="53" Type="Token" StartNode="169" EndNode="176">
<Feature>
  <Name className="java.lang.String">string</Name>
  <Value className="java.lang.String">Science</Value>
</Feature>
</Annotation>
<Annotation Id="59" Type="Token" StartNode="190" EndNode="198">
<Feature>
  <Name className="java.lang.String">string</Name>
  <Value className="java.lang.String">Stanford</Value>
</Feature>
</Annotation>
<Annotation Id="61" Type="Token" StartNode="199" EndNode="209">
<Feature>
  <Name className="java.lang.String">string</Name>
  <Value className="java.lang.String">University</Value>
</Feature>
</Annotation>
<Annotation Id="68" Type="Token" StartNode="224" EndNode="238">
</Annotation>
<Annotation Id="70" Type="Token" StartNode="239" EndNode="249">
</Annotation>
<Annotation Id="64" Type="Token" StartNode="211" EndNode="221">
<Feature>
  <Name className="java.lang.String">string</Name>
  <Value className="java.lang.String">References</Value>
</Feature>
</Annotation>
<Annotation Id="75" Type="Token" StartNode="255" EndNode="262">
<Feature>
  <Name className="java.lang.String">string</Name>
  <Value className="java.lang.String">mcimail</Value>
</Feature>
</Annotation>
<Annotation Id="111" Type="Token" StartNode="329" EndNode="339">
<Feature>
  <Name className="java.lang.String">string</Name>
  <Value className="java.lang.String">CENSORSHIP</Value>
</Feature>
</Annotation>
<Annotation Id="107" Type="Token" StartNode="316" EndNode="325">
<Feature>
  <Name className="java.lang.String">string</Name>
  <Value className="java.lang.String">NEWSPAPER</Value>
</Feature>
</Annotation>
<Annotation Id="118" Type="Token" StartNode="347" EndNode="357">
<Feature>
  <Name className="java.lang.String">string</Name>
  <Value className="java.lang.String">newspapers</Value>
</Feature>
</Annotation>
<Annotation Id="124" Type="Token" StartNode="367" EndNode="374">
<Feature>
  <Name className="java.lang.String">string</Name>
  <Value className="java.lang.String">decided</Value>
</Feature>
</Annotation>
<Annotation Id="128" Type="Token" StartNode="378" EndNode="384">
<Feature>
  <Name className="java.lang.String">string</Name>
  <Value className="java.lang.String">censor</Value>
</Feature>
</Annotation>
<Annotation Id="157" Type="Token" StartNode="440" EndNode="447">
<Feature>
  <Name className="java.lang.String">string</Name>
  <Value className="java.lang.String">Traders</Value>
</Feature>
</Annotation>
<Annotation Id="146" Type="Token" StartNode="415" EndNode="421">
<Feature>
  <Name className="java.lang.String">string</Name>
  <Value className="java.lang.String">longer</Value>
</Feature>
</Annotation>
<Annotation Id="162" Type="Token" StartNode="453" EndNode="460">
<Feature>
  <Name className="java.lang.String">string</Name>
  <Value className="java.lang.String">Leandro</Value>
</Feature>
</Annotation>
<Annotation Id="189" Type="Token" StartNode="509" EndNode="519">
<Feature>
  <Name className="java.lang.String">string</Name>
  <Value className="java.lang.String">newspapers</Value>
</Feature>
</Annotation>
<Annotation Id="199" Type="Token" StartNode="536" EndNode="542">
<Feature>
  <Name className="java.lang.String">string</Name>
  <Value className="java.lang.String">liquor</Value>
</Feature>
</Annotation>
<Annotation Id="222" Type="Token" StartNode="593" EndNode="599">
<Feature>
  <Name className="java.lang.String">string</Name>
  <Value className="java.lang.String">please</Value>
</Feature>
</Annotation>
<Annotation Id="215" Type="Token" StartNode="573" EndNode="583">
<Feature>
  <Name className="java.lang.String">string</Name>
  <Value className="java.lang.String">legitimate</Value>
</Feature>
</Annotation>
<Annotation Id="208" Type="Token" StartNode="558" EndNode="564">
<Feature>
  <Name className="java.lang.String">string</Name>
  <Value className="java.lang.String">refuse</Value>
</Feature>
</Annotation>
<Annotation Id="236" Type="Token" StartNode="629" EndNode="639">
<Feature>
  <Name className="java.lang.String">string</Name>
  <Value className="java.lang.String">indicating</Value>
</Feature>
</Annotation>
<Annotation Id="234" Type="Token" StartNode="621" EndNode="628">
<Feature>
  <Name className="java.lang.String">string</Name>
  <Value className="java.lang.String">editors</Value>
</Feature>
</Annotation>
<Annotation Id="228" Type="Token" StartNode="607" EndNode="613">
<Feature>
  <Name className="java.lang.String">string</Name>
  <Value className="java.lang.String">letter</Value>
</Feature>
</Annotation>
<Annotation Id="255" Type="Token" StartNode="693" EndNode="702">
<Feature>
  <Name className="java.lang.String">string</Name>
  <Value className="java.lang.String">Following</Value>
</Feature>
</Annotation>
<Annotation Id="249" Type="Token" StartNode="680" EndNode="688">
<Feature>
  <Name className="java.lang.String">string</Name>
  <Value className="java.lang.String">doctrine</Value>
</Feature>
</Annotation>
<Annotation Id="247" Type="Token" StartNode="669" EndNode="679">
<Feature>
  <Name className="java.lang.String">string</Name>
  <Value className="java.lang.String">censorship</Value>
</Feature>
</Annotation>
<Annotation Id="241" Type="Token" StartNode="646" EndNode="657">
<Feature>
  <Name className="java.lang.String">string</Name>
  <Value className="java.lang.String">displeasure</Value>
</Feature>
</Annotation>
<Annotation Id="273" Type="Token" StartNode="740" EndNode="746">
<Feature>
  <Name className="java.lang.String">string</Name>
  <Value className="java.lang.String">censor</Value>
</Feature>
</Annotation>
<Annotation Id="281" Type="Token" StartNode="757" EndNode="764">
<Feature>
  <Name className="java.lang.String">string</Name>
  <Value className="java.lang.String">Perhaps</Value>
</Feature>
</Annotation>
<Annotation Id="269" Type="Token" StartNode="725" EndNode="735">
<Feature>
  <Name className="java.lang.String">string</Name>
  <Value className="java.lang.String">newspapers</Value>
</Feature>
</Annotation>
<Annotation Id="310" Type="Token" StartNode="822" EndNode="828">
<Feature>
  <Name className="java.lang.String">string</Name>
  <Value className="java.lang.String">Contra</Value>
</Feature>
</Annotation>
<Annotation Id="298" Type="Token" StartNode="795" EndNode="803">
<Feature>
  <Name className="java.lang.String">string</Name>
  <Value className="java.lang.String">thoughts</Value>
</Feature>
</Annotation>
<Annotation Id="342" Type="Token" StartNode="907" EndNode="914">
<Feature>
  <Name className="java.lang.String">string</Name>
  <Value className="java.lang.String">Mission</Value>
</Feature>
</Annotation>
<Annotation Id="348" Type="Token" StartNode="920" EndNode="926">
<Feature>
  <Name className="java.lang.String">string</Name>
  <Value className="java.lang.String">Walnut</Value>
</Feature>
</Annotation>
<Annotation Id="327" Type="Token" StartNode="872" EndNode="881">
<Feature>
  <Name className="java.lang.String">string</Name>
  <Value className="java.lang.String">Chronicle</Value>
</Feature>
</Annotation>
<Annotation Id="325" Type="Token" StartNode="862" EndNode="871">
<Feature>
  <Name className="java.lang.String">string</Name>
  <Value className="java.lang.String">Francisco</Value>
</Feature>
</Annotation>
<Annotation Id="368" Type="Token" StartNode="967" EndNode="976">
<Feature>
  <Name className="java.lang.String">string</Name>
  <Value className="java.lang.String">Francisco</Value>
</Feature>
</Annotation>
<Annotation Id="383" Type="Token" StartNode="1000" EndNode="1011">
<Feature>
  <Name className="java.lang.String">string</Name>
  <Value className="java.lang.String">Independent</Value>
</Feature>
</Annotation>
<Annotation Id="396" Type="Token" StartNode="1040" EndNode="1047">
<Feature>
  <Name className="java.lang.String">string</Name>
  <Value className="java.lang.String">Mercury</Value>
</Feature>
</Annotation>
<Annotation Id="390" Type="Token" StartNode="1022" EndNode="1030">
<Feature>
  <Name className="java.lang.String">string</Name>
  <Value className="java.lang.String">Examiner</Value>
</Feature>
</Annotation>
<Annotation Id="419" Type="Token" StartNode="1087" EndNode="1093">
<Feature>
  <Name className="java.lang.String">string</Name>
  <Value className="java.lang.String">Ridder</Value>
</Feature>
</Annotation>
<Annotation Id="478" Type="Token" StartNode="1206" EndNode="1215">
<Feature>
  <Name className="java.lang.String">string</Name>
  <Value className="java.lang.String">Chronicle</Value>
</Feature>
</Annotation>
<Annotation Id="511" Type="Token" StartNode="1276" EndNode="1282">
<Feature>
  <Name className="java.lang.String">string</Name>
  <Value className="java.lang.String">Trader</Value>
</Feature>
</Annotation>
<Annotation Id="504" Type="Token" StartNode="1261" EndNode="1268">
<Feature>
  <Name className="java.lang.String">string</Name>
  <Value className="java.lang.String">section</Value>
</Feature>
</Annotation>
<Annotation Id="499" Type="Token" StartNode="1245" EndNode="1253">
<Feature>
  <Name className="java.lang.String">string</Name>
  <Value className="java.lang.String">Sporting</Value>
</Feature>
</Annotation>
<Annotation Id="548" Type="Token" StartNode="1358" EndNode="1364">
<Feature>
  <Name className="java.lang.String">string</Name>
  <Value className="java.lang.String">expire</Value>
</Feature>
</Annotation>
<Annotation Id="546" Type="Token" StartNode="1350" EndNode="1357">
<Feature>
  <Name className="java.lang.String">string</Name>
  <Value className="java.lang.String">offered</Value>
</Feature>
</Annotation>
<Annotation Id="544" Type="Token" StartNode="1343" EndNode="1349">
<Feature>
  <Name className="java.lang.String">string</Name>
  <Value className="java.lang.String">prices</Value>
</Feature>
</Annotation>
<Annotation Id="574" Type="Token" StartNode="1404" EndNode="1412">
<Feature>
  <Name className="java.lang.String">string</Name>
  <Value className="java.lang.String">Examiner</Value>
</Feature>
</Annotation>
<Annotation Id="515" Type="Token" StartNode="1285" EndNode="1291">
<Feature>
  <Name className="java.lang.String">string</Name>
  <Value className="java.lang.String">advert</Value>
</Feature>
</Annotation>
<Annotation Id="530" Type="Token" StartNode="1313" EndNode="1320">
<Feature>
  <Name className="java.lang.String">string</Name>
  <Value className="java.lang.String">screwed</Value>
</Feature>
</Annotation>
<Annotation Id="611" Type="Token" StartNode="1509" EndNode="1515">
<Feature>
  <Name className="java.lang.String">string</Name>
  <Value className="java.lang.String">differ</Value>
</Feature>
</Annotation>
<Annotation Id="619" Type="Token" StartNode="1534" EndNode="1541">
<Feature>
  <Name className="java.lang.String">string</Name>
  <Value className="java.lang.String">content</Value>
</Feature>
</Annotation>
<Annotation Id="617" Type="Token" StartNode="1524" EndNode="1533">
<Feature>
  <Name className="java.lang.String">string</Name>
  <Value className="java.lang.String">editorial</Value>
</Feature>
</Annotation>
<Annotation Id="634" Type="Token" StartNode="1563" EndNode="1571">
<Feature>
  <Name className="java.lang.String">string</Name>
  <Value className="java.lang.String">recently</Value>
</Feature>
</Annotation>
<Annotation Id="578" Type="Token" StartNode="1417" EndNode="1426">
<Feature>
  <Name className="java.lang.String">string</Name>
  <Value className="java.lang.String">Chronicle</Value>
</Feature>
</Annotation>
<Annotation Id="590" Type="Token" StartNode="1447" EndNode="1454">
<Feature>
  <Name className="java.lang.String">string</Name>
  <Value className="java.lang.String">adverts</Value>
</Feature>
</Annotation>
<Annotation Id="593" Type="Token" StartNode="1456" EndNode="1463">
<Feature>
  <Name className="java.lang.String">string</Name>
  <Value className="java.lang.String">because</Value>
</Feature>
</Annotation>
<Annotation Id="603" Type="Token" StartNode="1482" EndNode="1490">
<Feature>
  <Name className="java.lang.String">string</Name>
  <Value className="java.lang.String">printing</Value>
</Feature>
</Annotation>
<Annotation Id="607" Type="Token" StartNode="1495" EndNode="1504">
<Feature>
  <Name className="java.lang.String">string</Name>
  <Value className="java.lang.String">agreement</Value>
</Feature>
</Annotation>
<Annotation Id="685" Type="Token" StartNode="1697" EndNode="1703">
<Feature>
  <Name className="java.lang.String">string</Name>
  <Value className="java.lang.String">papers</Value>
</Feature>
</Annotation>
<Annotation Id="701" Type="Token" StartNode="1741" EndNode="1749">
<Feature>
  <Name className="java.lang.String">string</Name>
  <Value className="java.lang.String">changing</Value>
</Feature>
</Annotation>
<Annotation Id="697" Type="Token" StartNode="1730" EndNode="1736">
<Feature>
  <Name className="java.lang.String">string</Name>
  <Value className="java.lang.String">things</Value>
</Feature>
</Annotation>
<Annotation Id="691" Type="Token" StartNode="1711" EndNode="1718">
<Feature>
  <Name className="java.lang.String">string</Name>
  <Value className="java.lang.String">Traders</Value>
</Feature>
</Annotation>
<Annotation Id="652" Type="Token" StartNode="1616" EndNode="1622">
<Feature>
  <Name className="java.lang.String">string</Name>
  <Value className="java.lang.String">albeit</Value>
</Feature>
</Annotation>
<Annotation Id="649" Type="Token" StartNode="1603" EndNode="1614">
<Feature>
  <Name className="java.lang.String">string</Name>
  <Value className="java.lang.String">editorially</Value>
</Feature>
</Annotation>
<Annotation Id="647" Type="Token" StartNode="1594" EndNode="1602">
<Feature>
  <Name className="java.lang.String">string</Name>
  <Value className="java.lang.String">anti-gun</Value>
</Feature>
</Annotation>
<Annotation Id="667" Type="Token" StartNode="1654" EndNode="1665">
<Feature>
  <Name className="java.lang.String">string</Name>
  <Value className="java.lang.String">competitors</Value>
</Feature>
</Annotation>
<Annotation Id="658" Type="Token" StartNode="1632" EndNode="1639">
<Feature>
  <Name className="java.lang.String">string</Name>
  <Value className="java.lang.String">traders</Value>
</Feature>
</Annotation>
<Annotation Id="747" Type="Token" StartNode="1851" EndNode="1857">
<Feature>
  <Name className="java.lang.String">string</Name>
  <Value className="java.lang.String">either</Value>
</Feature>
</Annotation>
<Annotation Id="716" Type="Token" StartNode="1769" EndNode="1780">
<Feature>
  <Name className="java.lang.String">string</Name>
  <Value className="java.lang.String">journalists</Value>
</Feature>
</Annotation>
<Annotation Id="731" Type="Token" StartNode="1811" EndNode="1818">
<Feature>
  <Name className="java.lang.String">string</Name>
  <Value className="java.lang.String">telling</Value>
</Feature>
</Annotation>
<Annotation Id="721" Type="Token" StartNode="1786" EndNode="1793">
<Feature>
  <Name className="java.lang.String">string</Name>
  <Value className="java.lang.String">Because</Value>
</Feature>
</Annotation>
<Annotation Id="727" Type="Token" StartNode="1799" EndNode="1805">
<Feature>
  <Name className="java.lang.String">string</Name>
  <Value className="java.lang.String">easier</Value>
</Feature>
</Annotation>
<Annotation Id="807" Type="Token" StartNode="1985" EndNode="1993">
<Feature>
  <Name className="java.lang.String">string</Name>
  <Value className="java.lang.String">accusing</Value>
</Feature>
</Annotation>
<Annotation Id="797" Type="Token" StartNode="1958" EndNode="1966">
<Feature>
  <Name className="java.lang.String">string</Name>
  <Value className="java.lang.String">actually</Value>
</Feature>
</Annotation>
<Annotation Id="778" Type="Token" StartNode="1914" EndNode="1920">
<Feature>
  <Name className="java.lang.String">string</Name>
  <Value className="java.lang.String">Before</Value>
</Feature>
</Annotation>
</AnnotationSet>
<AnnotationSet Name="Original markups"> </AnnotationSet>
</GateDocument>