<?xml version='1.0' encoding='UTF-8'?>
<GateDocument version="3">
<!-- The document's features-->

<GateDocumentFeatures>
<Feature>
  <Name className="java.lang.String">Original_document_content_on_load</Name>
  <Value className="java.lang.String">From: sents@dixie.com (Jeff Sents)
Message-ID: &lt;zagvh4l@dixie.com>
Date: Thu, 15 Apr 93 21:15:10 GMT
Organization: Dixie Communications Public Access.  The Mouth of the South.
References: &lt;C5Gpto.Kq0@newsserver.technet.sg> &lt;1993Apr14.194044.2420@ucsu.Colorado.EDU>
Lines: 19

paolucci@spot.Colorado.EDU (Paolucci Paul) writes:

>In article &lt;C5Gpto.Kq0@newsserver.technet.sg> ipser@solomon.technet.sg (Ed Ipser) writes:
>>Top Ten Signs That It's the Age of Aquarius on Pennsylvania Avenue
>[biased and decidedly not-as-funny-as-dave stuff deleted...]

>I sure hope that SOMEONE SOMEWHERE is enjoying these "lists"...
[stuff deleted]
>I'm no Clinton fan, but I'm no Ipser fan...

Then why not simply stop reading them. This isn't intended as a flame,
but your post reminds me of the old joke: 
 Patient: "Doctor it hurts when I do this."
 Doctor: "Then stop doing that."

Regards,
Jeff


</Value>
</Feature>
<Feature>
  <Name className="java.lang.String">gate.SourceURL</Name>
  <Value className="java.lang.String">file:/C:/Users/jian/Documents/NetBeansProjects/NoiseReductionTechniques/mideastPoliticsMix/negative345</Value>
</Feature>
</GateDocumentFeatures>
<!-- The document content area with serialized nodes -->

<TextWithNodes><Node id="0"/>From<Node id="4"/>:<Node id="5"/> <Node id="6"/>sents<Node id="11"/>@<Node id="12"/>dixie<Node id="17"/>.<Node id="18"/>com<Node id="21"/> <Node id="22"/>(<Node id="23"/>Jeff<Node id="27"/> <Node id="28"/>Sents<Node id="33"/>)<Node id="34"/>
<Node id="35"/>Message-<Node id="43"/>ID<Node id="45"/>:<Node id="46"/> <Node id="47"/>&lt;<Node id="48"/>zagvh<Node id="53"/>4<Node id="54"/>l<Node id="55"/>@<Node id="56"/>dixie<Node id="61"/>.<Node id="62"/>com<Node id="65"/>&gt;<Node id="66"/>
<Node id="67"/>Date<Node id="71"/>:<Node id="72"/> <Node id="73"/>Thu<Node id="76"/>,<Node id="77"/> <Node id="78"/>15<Node id="80"/> <Node id="81"/>Apr<Node id="84"/> <Node id="85"/>93<Node id="87"/> <Node id="88"/>21<Node id="90"/>:<Node id="91"/>15<Node id="93"/>:<Node id="94"/>10<Node id="96"/> <Node id="97"/>GMT<Node id="100"/>
<Node id="101"/>Organization<Node id="113"/>:<Node id="114"/> <Node id="115"/>Dixie<Node id="120"/> <Node id="121"/>Communications<Node id="135"/> <Node id="136"/>Public<Node id="142"/> <Node id="143"/>Access<Node id="149"/>.<Node id="150"/> <Node id="151"/> <Node id="152"/>The<Node id="155"/> <Node id="156"/>Mouth<Node id="161"/> <Node id="162"/>of<Node id="164"/> <Node id="165"/>the<Node id="168"/> <Node id="169"/>South<Node id="174"/>.<Node id="175"/>
<Node id="176"/>References<Node id="186"/>:<Node id="187"/> <Node id="188"/>&lt;<Node id="189"/>C<Node id="190"/>5<Node id="191"/>Gpto<Node id="195"/>.<Node id="196"/>Kq<Node id="198"/>0<Node id="199"/>@<Node id="200"/>newsserver<Node id="210"/>.<Node id="211"/>technet<Node id="218"/>.<Node id="219"/>sg<Node id="221"/>&gt;<Node id="222"/> <Node id="223"/>&lt;<Node id="224"/>1993<Node id="228"/>Apr<Node id="231"/>14<Node id="233"/>.<Node id="234"/>194044<Node id="240"/>.<Node id="241"/>2420<Node id="245"/>@<Node id="246"/>ucsu<Node id="250"/>.<Node id="251"/>Colorado<Node id="259"/>.<Node id="260"/>EDU<Node id="263"/>&gt;<Node id="264"/>
<Node id="265"/>Lines<Node id="270"/>:<Node id="271"/> <Node id="272"/>19<Node id="274"/>
<Node id="275"/>
<Node id="276"/>paolucci<Node id="284"/>@<Node id="285"/>spot<Node id="289"/>.<Node id="290"/>Colorado<Node id="298"/>.<Node id="299"/>EDU<Node id="302"/> <Node id="303"/>(<Node id="304"/>Paolucci<Node id="312"/> <Node id="313"/>Paul<Node id="317"/>)<Node id="318"/> <Node id="319"/>writes<Node id="325"/>:<Node id="326"/>
<Node id="327"/>
<Node id="328"/>&gt;<Node id="329"/>In<Node id="331"/> <Node id="332"/>article<Node id="339"/> <Node id="340"/>&lt;<Node id="341"/>C<Node id="342"/>5<Node id="343"/>Gpto<Node id="347"/>.<Node id="348"/>Kq<Node id="350"/>0<Node id="351"/>@<Node id="352"/>newsserver<Node id="362"/>.<Node id="363"/>technet<Node id="370"/>.<Node id="371"/>sg<Node id="373"/>&gt;<Node id="374"/> <Node id="375"/>ipser<Node id="380"/>@<Node id="381"/>solomon<Node id="388"/>.<Node id="389"/>technet<Node id="396"/>.<Node id="397"/>sg<Node id="399"/> <Node id="400"/>(<Node id="401"/>Ed<Node id="403"/> <Node id="404"/>Ipser<Node id="409"/>)<Node id="410"/> <Node id="411"/>writes<Node id="417"/>:<Node id="418"/>
<Node id="419"/>&gt;<Node id="420"/>&gt;<Node id="421"/>Top<Node id="424"/> <Node id="425"/>Ten<Node id="428"/> <Node id="429"/>Signs<Node id="434"/> <Node id="435"/>That<Node id="439"/> <Node id="440"/>It<Node id="442"/>'s<Node id="444"/> <Node id="445"/>the<Node id="448"/> <Node id="449"/>Age<Node id="452"/> <Node id="453"/>of<Node id="455"/> <Node id="456"/>Aquarius<Node id="464"/> <Node id="465"/>on<Node id="467"/> <Node id="468"/>Pennsylvania<Node id="480"/> <Node id="481"/>Avenue<Node id="487"/>
<Node id="488"/>&gt;<Node id="489"/>[<Node id="490"/>biased<Node id="496"/> <Node id="497"/>and<Node id="500"/> <Node id="501"/>decidedly<Node id="510"/> <Node id="511"/>not-as-funny-as-dave<Node id="531"/> <Node id="532"/>stuff<Node id="537"/> <Node id="538"/>deleted<Node id="545"/>.<Node id="546"/>.<Node id="547"/>.<Node id="548"/>]<Node id="549"/>
<Node id="550"/>
<Node id="551"/>&gt;<Node id="552"/>I<Node id="553"/> <Node id="554"/>sure<Node id="558"/> <Node id="559"/>hope<Node id="563"/> <Node id="564"/>that<Node id="568"/> <Node id="569"/>SOMEONE<Node id="576"/> <Node id="577"/>SOMEWHERE<Node id="586"/> <Node id="587"/>is<Node id="589"/> <Node id="590"/>enjoying<Node id="598"/> <Node id="599"/>these<Node id="604"/> <Node id="605"/>"<Node id="606"/>lists<Node id="611"/>"<Node id="612"/>.<Node id="613"/>.<Node id="614"/>.<Node id="615"/>
<Node id="616"/>[<Node id="617"/>stuff<Node id="622"/> <Node id="623"/>deleted<Node id="630"/>]<Node id="631"/>
<Node id="632"/>&gt;<Node id="633"/>I<Node id="634"/>'m<Node id="636"/> <Node id="637"/>no<Node id="639"/> <Node id="640"/>Clinton<Node id="647"/> <Node id="648"/>fan<Node id="651"/>,<Node id="652"/> <Node id="653"/>but<Node id="656"/> <Node id="657"/>I<Node id="658"/>'m<Node id="660"/> <Node id="661"/>no<Node id="663"/> <Node id="664"/>Ipser<Node id="669"/> <Node id="670"/>fan<Node id="673"/>.<Node id="674"/>.<Node id="675"/>.<Node id="676"/>
<Node id="677"/>
<Node id="678"/>Then<Node id="682"/> <Node id="683"/>why<Node id="686"/> <Node id="687"/>not<Node id="690"/> <Node id="691"/>simply<Node id="697"/> <Node id="698"/>stop<Node id="702"/> <Node id="703"/>reading<Node id="710"/> <Node id="711"/>them<Node id="715"/>.<Node id="716"/> <Node id="717"/>This<Node id="721"/> <Node id="722"/>is<Node id="724"/>n't<Node id="727"/> <Node id="728"/>intended<Node id="736"/> <Node id="737"/>as<Node id="739"/> <Node id="740"/>a<Node id="741"/> <Node id="742"/>flame<Node id="747"/>,<Node id="748"/>
<Node id="749"/>but<Node id="752"/> <Node id="753"/>your<Node id="757"/> <Node id="758"/>post<Node id="762"/> <Node id="763"/>reminds<Node id="770"/> <Node id="771"/>me<Node id="773"/> <Node id="774"/>of<Node id="776"/> <Node id="777"/>the<Node id="780"/> <Node id="781"/>old<Node id="784"/> <Node id="785"/>joke<Node id="789"/>:<Node id="790"/> <Node id="791"/>
<Node id="792"/> <Node id="793"/>Patient<Node id="800"/>:<Node id="801"/> <Node id="802"/>"<Node id="803"/>Doctor<Node id="809"/> <Node id="810"/>it<Node id="812"/> <Node id="813"/>hurts<Node id="818"/> <Node id="819"/>when<Node id="823"/> <Node id="824"/>I<Node id="825"/> <Node id="826"/>do<Node id="828"/> <Node id="829"/>this<Node id="833"/>.<Node id="834"/>"<Node id="835"/>
<Node id="836"/> <Node id="837"/>Doctor<Node id="843"/>:<Node id="844"/> <Node id="845"/>"<Node id="846"/>Then<Node id="850"/> <Node id="851"/>stop<Node id="855"/> <Node id="856"/>doing<Node id="861"/> <Node id="862"/>that<Node id="866"/>.<Node id="867"/>"<Node id="868"/>
<Node id="869"/>
<Node id="870"/>Regards<Node id="877"/>,<Node id="878"/>
<Node id="879"/>Jeff<Node id="883"/>
<Node id="884"/>
<Node id="885"/>
<Node id="886"/></TextWithNodes>
<!-- The default annotation set -->

<AnnotationSet>
<Annotation EndNode="886" StartNode="0" Type="Mention" Id="9999999">
<Feature>
<Name classname="java.lang.String">Class</Name>
<Value classname="java.lang.String">0</Value>
</Feature>
</Annotation>

<Annotation Id="15" Type="Token" StartNode="35" EndNode="43">
<Feature>
  <Name className="java.lang.String">string</Name>
  <Value className="java.lang.String">Message-</Value>
</Feature>
</Annotation>
<Annotation Id="49" Type="Token" StartNode="101" EndNode="113">
<Feature>
  <Name className="java.lang.String">string</Name>
  <Value className="java.lang.String">Organization</Value>
</Feature>
</Annotation>
<Annotation Id="54" Type="Token" StartNode="121" EndNode="135">
<Feature>
  <Name className="java.lang.String">string</Name>
  <Value className="java.lang.String">Communications</Value>
</Feature>
</Annotation>
<Annotation Id="58" Type="Token" StartNode="143" EndNode="149">
<Feature>
  <Name className="java.lang.String">string</Name>
  <Value className="java.lang.String">Access</Value>
</Feature>
</Annotation>
<Annotation Id="56" Type="Token" StartNode="136" EndNode="142">
<Feature>
  <Name className="java.lang.String">string</Name>
  <Value className="java.lang.String">Public</Value>
</Feature>
</Annotation>
<Annotation Id="73" Type="Token" StartNode="176" EndNode="186">
<Feature>
  <Name className="java.lang.String">string</Name>
  <Value className="java.lang.String">References</Value>
</Feature>
</Annotation>
<Annotation Id="84" Type="Token" StartNode="200" EndNode="210">
<Feature>
  <Name className="java.lang.String">string</Name>
  <Value className="java.lang.String">newsserver</Value>
</Feature>
</Annotation>
<Annotation Id="86" Type="Token" StartNode="211" EndNode="218">
<Feature>
  <Name className="java.lang.String">string</Name>
  <Value className="java.lang.String">technet</Value>
</Feature>
</Annotation>
<Annotation Id="102" Type="Token" StartNode="251" EndNode="259">
<Feature>
  <Name className="java.lang.String">string</Name>
  <Value className="java.lang.String">Colorado</Value>
</Feature>
</Annotation>
<Annotation Id="96" Type="Token" StartNode="234" EndNode="240">
</Annotation>
<Annotation Id="117" Type="Token" StartNode="290" EndNode="298">
<Feature>
  <Name className="java.lang.String">string</Name>
  <Value className="java.lang.String">Colorado</Value>
</Feature>
</Annotation>
<Annotation Id="113" Type="Token" StartNode="276" EndNode="284">
<Feature>
  <Name className="java.lang.String">string</Name>
  <Value className="java.lang.String">paolucci</Value>
</Feature>
</Annotation>
<Annotation Id="127" Type="Token" StartNode="319" EndNode="325">
<Feature>
  <Name className="java.lang.String">string</Name>
  <Value className="java.lang.String">writes</Value>
</Feature>
</Annotation>
<Annotation Id="122" Type="Token" StartNode="304" EndNode="312">
<Feature>
  <Name className="java.lang.String">string</Name>
  <Value className="java.lang.String">Paolucci</Value>
</Feature>
</Annotation>
<Annotation Id="134" Type="Token" StartNode="332" EndNode="339">
<Feature>
  <Name className="java.lang.String">string</Name>
  <Value className="java.lang.String">article</Value>
</Feature>
</Annotation>
<Annotation Id="153" Type="Token" StartNode="381" EndNode="388">
<Feature>
  <Name className="java.lang.String">string</Name>
  <Value className="java.lang.String">solomon</Value>
</Feature>
</Annotation>
<Annotation Id="155" Type="Token" StartNode="389" EndNode="396">
<Feature>
  <Name className="java.lang.String">string</Name>
  <Value className="java.lang.String">technet</Value>
</Feature>
</Annotation>
<Annotation Id="144" Type="Token" StartNode="352" EndNode="362">
<Feature>
  <Name className="java.lang.String">string</Name>
  <Value className="java.lang.String">newsserver</Value>
</Feature>
</Annotation>
<Annotation Id="146" Type="Token" StartNode="363" EndNode="370">
<Feature>
  <Name className="java.lang.String">string</Name>
  <Value className="java.lang.String">technet</Value>
</Feature>
</Annotation>
<Annotation Id="165" Type="Token" StartNode="411" EndNode="417">
<Feature>
  <Name className="java.lang.String">string</Name>
  <Value className="java.lang.String">writes</Value>
</Feature>
</Annotation>
<Annotation Id="188" Type="Token" StartNode="456" EndNode="464">
<Feature>
  <Name className="java.lang.String">string</Name>
  <Value className="java.lang.String">Aquarius</Value>
</Feature>
</Annotation>
<Annotation Id="204" Type="Token" StartNode="511" EndNode="531">
<Feature>
  <Name className="java.lang.String">string</Name>
  <Value className="java.lang.String">not-as-funny-as-dave</Value>
</Feature>
</Annotation>
<Annotation Id="202" Type="Token" StartNode="501" EndNode="510">
<Feature>
  <Name className="java.lang.String">string</Name>
  <Value className="java.lang.String">decidedly</Value>
</Feature>
</Annotation>
<Annotation Id="198" Type="Token" StartNode="490" EndNode="496">
<Feature>
  <Name className="java.lang.String">string</Name>
  <Value className="java.lang.String">biased</Value>
</Feature>
</Annotation>
<Annotation Id="192" Type="Token" StartNode="468" EndNode="480">
<Feature>
  <Name className="java.lang.String">string</Name>
  <Value className="java.lang.String">Pennsylvania</Value>
</Feature>
</Annotation>
<Annotation Id="194" Type="Token" StartNode="481" EndNode="487">
<Feature>
  <Name className="java.lang.String">string</Name>
  <Value className="java.lang.String">Avenue</Value>
</Feature>
</Annotation>
<Annotation Id="208" Type="Token" StartNode="538" EndNode="545">
<Feature>
  <Name className="java.lang.String">string</Name>
  <Value className="java.lang.String">deleted</Value>
</Feature>
</Annotation>
<Annotation Id="230" Type="Token" StartNode="590" EndNode="598">
<Feature>
  <Name className="java.lang.String">string</Name>
  <Value className="java.lang.String">enjoying</Value>
</Feature>
</Annotation>
<Annotation Id="226" Type="Token" StartNode="577" EndNode="586">
<Feature>
  <Name className="java.lang.String">string</Name>
  <Value className="java.lang.String">SOMEWHERE</Value>
</Feature>
</Annotation>
<Annotation Id="224" Type="Token" StartNode="569" EndNode="576">
<Feature>
  <Name className="java.lang.String">string</Name>
  <Value className="java.lang.String">SOMEONE</Value>
</Feature>
</Annotation>
<Annotation Id="254" Type="Token" StartNode="640" EndNode="647">
<Feature>
  <Name className="java.lang.String">string</Name>
  <Value className="java.lang.String">Clinton</Value>
</Feature>
</Annotation>
<Annotation Id="244" Type="Token" StartNode="623" EndNode="630">
<Feature>
  <Name className="java.lang.String">string</Name>
  <Value className="java.lang.String">deleted</Value>
</Feature>
</Annotation>
<Annotation Id="281" Type="Token" StartNode="691" EndNode="697">
<Feature>
  <Name className="java.lang.String">string</Name>
  <Value className="java.lang.String">simply</Value>
</Feature>
</Annotation>
<Annotation Id="285" Type="Token" StartNode="703" EndNode="710">
<Feature>
  <Name className="java.lang.String">string</Name>
  <Value className="java.lang.String">reading</Value>
</Feature>
</Annotation>
<Annotation Id="311" Type="Token" StartNode="763" EndNode="770">
<Feature>
  <Name className="java.lang.String">string</Name>
  <Value className="java.lang.String">reminds</Value>
</Feature>
</Annotation>
<Annotation Id="296" Type="Token" StartNode="728" EndNode="736">
<Feature>
  <Name className="java.lang.String">string</Name>
  <Value className="java.lang.String">intended</Value>
</Feature>
</Annotation>
<Annotation Id="347" Type="Token" StartNode="837" EndNode="843">
<Feature>
  <Name className="java.lang.String">string</Name>
  <Value className="java.lang.String">Doctor</Value>
</Feature>
</Annotation>
<Annotation Id="326" Type="Token" StartNode="793" EndNode="800">
<Feature>
  <Name className="java.lang.String">string</Name>
  <Value className="java.lang.String">Patient</Value>
</Feature>
</Annotation>
<Annotation Id="330" Type="Token" StartNode="803" EndNode="809">
<Feature>
  <Name className="java.lang.String">string</Name>
  <Value className="java.lang.String">Doctor</Value>
</Feature>
</Annotation>
<Annotation Id="362" Type="Token" StartNode="870" EndNode="877">
<Feature>
  <Name className="java.lang.String">string</Name>
  <Value className="java.lang.String">Regards</Value>
</Feature>
</Annotation>
</AnnotationSet>
<AnnotationSet Name="Original markups"> </AnnotationSet>
</GateDocument>