<?xml version='1.0' encoding='UTF-8'?>
<GateDocument version="3">
<!-- The document's features-->

<GateDocumentFeatures>
<Feature>
  <Name className="java.lang.String">Original_document_content_on_load</Name>
  <Value className="java.lang.String">From: kde@boi.hp.com (Keith Emmen)
Sender: news@boi.hp.com (News Server Project)
Message-ID: &lt;C5uouE.GH0@boi.hp.com>
Date: Wed, 21 Apr 1993 20:27:48 GMT
References: &lt;C5sqyA.F7v@noose.ecn.purdue.edu>
Organization: Hewlett-Packard / Boise, Idaho
X-Newsreader: Tin 1.1scd1 PL4
Lines: 23

tbrent@bank.ecn.purdue.edu (Timothy J Brent) writes:
: 
: Probably not.  But then, I don't pack heavy weaponry with intent to use it.
: You don't really think he should have been allowed to keep that stuff do 
: you?  If so, tell me where you live so I can be sure to steer well clear.

I understand that they had the neccessary licenses and permits to own
automatic weapons.  

: The public also has rights, and they should be placed above those of the
: individual.  Go ahead, call me a commie, but you'd be singing a different
: tune if I exercised my right to rape your daughter.  He broke the law, he
: was a threat to society, they did there job - simple.

I haven't seen any proof (or even evidence) that the BD's had broken the
law.  If you have proof (or evidence), let's hear it.  "The FBI said so" is
NOT evidence.

:  
: I'll support them all (except no. 2)

I guess there will always be people who wish to be peasants.  The politicians
prefer unarmed peasants
</Value>
</Feature>
<Feature>
  <Name className="java.lang.String">gate.SourceURL</Name>
  <Value className="java.lang.String">file:/C:/Users/jian/Documents/NetBeansProjects/NoiseReductionTechniques/mideastPoliticsMix/negative30</Value>
</Feature>
</GateDocumentFeatures>
<!-- The document content area with serialized nodes -->

<TextWithNodes><Node id="0"/>From<Node id="4"/>:<Node id="5"/> <Node id="6"/>kde<Node id="9"/>@<Node id="10"/>boi<Node id="13"/>.<Node id="14"/>hp<Node id="16"/>.<Node id="17"/>com<Node id="20"/> <Node id="21"/>(<Node id="22"/>Keith<Node id="27"/> <Node id="28"/>Emmen<Node id="33"/>)<Node id="34"/>
<Node id="35"/>Sender<Node id="41"/>:<Node id="42"/> <Node id="43"/>news<Node id="47"/>@<Node id="48"/>boi<Node id="51"/>.<Node id="52"/>hp<Node id="54"/>.<Node id="55"/>com<Node id="58"/> <Node id="59"/>(<Node id="60"/>News<Node id="64"/> <Node id="65"/>Server<Node id="71"/> <Node id="72"/>Project<Node id="79"/>)<Node id="80"/>
<Node id="81"/>Message-<Node id="89"/>ID<Node id="91"/>:<Node id="92"/> <Node id="93"/>&lt;<Node id="94"/>C<Node id="95"/>5<Node id="96"/>uouE<Node id="100"/>.<Node id="101"/>GH<Node id="103"/>0<Node id="104"/>@<Node id="105"/>boi<Node id="108"/>.<Node id="109"/>hp<Node id="111"/>.<Node id="112"/>com<Node id="115"/>&gt;<Node id="116"/>
<Node id="117"/>Date<Node id="121"/>:<Node id="122"/> <Node id="123"/>Wed<Node id="126"/>,<Node id="127"/> <Node id="128"/>21<Node id="130"/> <Node id="131"/>Apr<Node id="134"/> <Node id="135"/>1993<Node id="139"/> <Node id="140"/>20<Node id="142"/>:<Node id="143"/>27<Node id="145"/>:<Node id="146"/>48<Node id="148"/> <Node id="149"/>GMT<Node id="152"/>
<Node id="153"/>References<Node id="163"/>:<Node id="164"/> <Node id="165"/>&lt;<Node id="166"/>C<Node id="167"/>5<Node id="168"/>sqyA<Node id="172"/>.<Node id="173"/>F<Node id="174"/>7<Node id="175"/>v<Node id="176"/>@<Node id="177"/>noose<Node id="182"/>.<Node id="183"/>ecn<Node id="186"/>.<Node id="187"/>purdue<Node id="193"/>.<Node id="194"/>edu<Node id="197"/>&gt;<Node id="198"/>
<Node id="199"/>Organization<Node id="211"/>:<Node id="212"/> <Node id="213"/>Hewlett-<Node id="221"/>Packard<Node id="228"/> <Node id="229"/>/<Node id="230"/> <Node id="231"/>Boise<Node id="236"/>,<Node id="237"/> <Node id="238"/>Idaho<Node id="243"/>
<Node id="244"/>X-Newsreader<Node id="256"/>:<Node id="257"/> <Node id="258"/>Tin<Node id="261"/> <Node id="262"/>1<Node id="263"/>.<Node id="264"/>1<Node id="265"/>scd<Node id="268"/>1<Node id="269"/> <Node id="270"/>PL<Node id="272"/>4<Node id="273"/>
<Node id="274"/>Lines<Node id="279"/>:<Node id="280"/> <Node id="281"/>23<Node id="283"/>
<Node id="284"/>
<Node id="285"/>tbrent<Node id="291"/>@<Node id="292"/>bank<Node id="296"/>.<Node id="297"/>ecn<Node id="300"/>.<Node id="301"/>purdue<Node id="307"/>.<Node id="308"/>edu<Node id="311"/> <Node id="312"/>(<Node id="313"/>Timothy<Node id="320"/> <Node id="321"/>J<Node id="322"/> <Node id="323"/>Brent<Node id="328"/>)<Node id="329"/> <Node id="330"/>writes<Node id="336"/>:<Node id="337"/>
<Node id="338"/>:<Node id="339"/> <Node id="340"/>
<Node id="341"/>:<Node id="342"/> <Node id="343"/>Probably<Node id="351"/> <Node id="352"/>not<Node id="355"/>.<Node id="356"/> <Node id="357"/> <Node id="358"/>But<Node id="361"/> <Node id="362"/>then<Node id="366"/>,<Node id="367"/> <Node id="368"/>I<Node id="369"/> <Node id="370"/>do<Node id="372"/>n't<Node id="375"/> <Node id="376"/>pack<Node id="380"/> <Node id="381"/>heavy<Node id="386"/> <Node id="387"/>weaponry<Node id="395"/> <Node id="396"/>with<Node id="400"/> <Node id="401"/>intent<Node id="407"/> <Node id="408"/>to<Node id="410"/> <Node id="411"/>use<Node id="414"/> <Node id="415"/>it<Node id="417"/>.<Node id="418"/>
<Node id="419"/>:<Node id="420"/> <Node id="421"/>You<Node id="424"/> <Node id="425"/>do<Node id="427"/>n't<Node id="430"/> <Node id="431"/>really<Node id="437"/> <Node id="438"/>think<Node id="443"/> <Node id="444"/>he<Node id="446"/> <Node id="447"/>should<Node id="453"/> <Node id="454"/>have<Node id="458"/> <Node id="459"/>been<Node id="463"/> <Node id="464"/>allowed<Node id="471"/> <Node id="472"/>to<Node id="474"/> <Node id="475"/>keep<Node id="479"/> <Node id="480"/>that<Node id="484"/> <Node id="485"/>stuff<Node id="490"/> <Node id="491"/>do<Node id="493"/> <Node id="494"/>
<Node id="495"/>:<Node id="496"/> <Node id="497"/>you<Node id="500"/>?<Node id="501"/> <Node id="502"/> <Node id="503"/>If<Node id="505"/> <Node id="506"/>so<Node id="508"/>,<Node id="509"/> <Node id="510"/>tell<Node id="514"/> <Node id="515"/>me<Node id="517"/> <Node id="518"/>where<Node id="523"/> <Node id="524"/>you<Node id="527"/> <Node id="528"/>live<Node id="532"/> <Node id="533"/>so<Node id="535"/> <Node id="536"/>I<Node id="537"/> <Node id="538"/>can<Node id="541"/> <Node id="542"/>be<Node id="544"/> <Node id="545"/>sure<Node id="549"/> <Node id="550"/>to<Node id="552"/> <Node id="553"/>steer<Node id="558"/> <Node id="559"/>well<Node id="563"/> <Node id="564"/>clear<Node id="569"/>.<Node id="570"/>
<Node id="571"/>
<Node id="572"/>I<Node id="573"/> <Node id="574"/>understand<Node id="584"/> <Node id="585"/>that<Node id="589"/> <Node id="590"/>they<Node id="594"/> <Node id="595"/>had<Node id="598"/> <Node id="599"/>the<Node id="602"/> <Node id="603"/>neccessary<Node id="613"/> <Node id="614"/>licenses<Node id="622"/> <Node id="623"/>and<Node id="626"/> <Node id="627"/>permits<Node id="634"/> <Node id="635"/>to<Node id="637"/> <Node id="638"/>own<Node id="641"/>
<Node id="642"/>automatic<Node id="651"/> <Node id="652"/>weapons<Node id="659"/>.<Node id="660"/> <Node id="661"/> <Node id="662"/>
<Node id="663"/>
<Node id="664"/>:<Node id="665"/> <Node id="666"/>The<Node id="669"/> <Node id="670"/>public<Node id="676"/> <Node id="677"/>also<Node id="681"/> <Node id="682"/>has<Node id="685"/> <Node id="686"/>rights<Node id="692"/>,<Node id="693"/> <Node id="694"/>and<Node id="697"/> <Node id="698"/>they<Node id="702"/> <Node id="703"/>should<Node id="709"/> <Node id="710"/>be<Node id="712"/> <Node id="713"/>placed<Node id="719"/> <Node id="720"/>above<Node id="725"/> <Node id="726"/>those<Node id="731"/> <Node id="732"/>of<Node id="734"/> <Node id="735"/>the<Node id="738"/>
<Node id="739"/>:<Node id="740"/> <Node id="741"/>individual<Node id="751"/>.<Node id="752"/> <Node id="753"/> <Node id="754"/>Go<Node id="756"/> <Node id="757"/>ahead<Node id="762"/>,<Node id="763"/> <Node id="764"/>call<Node id="768"/> <Node id="769"/>me<Node id="771"/> <Node id="772"/>a<Node id="773"/> <Node id="774"/>commie<Node id="780"/>,<Node id="781"/> <Node id="782"/>but<Node id="785"/> <Node id="786"/>you<Node id="789"/>'d<Node id="791"/> <Node id="792"/>be<Node id="794"/> <Node id="795"/>singing<Node id="802"/> <Node id="803"/>a<Node id="804"/> <Node id="805"/>different<Node id="814"/>
<Node id="815"/>:<Node id="816"/> <Node id="817"/>tune<Node id="821"/> <Node id="822"/>if<Node id="824"/> <Node id="825"/>I<Node id="826"/> <Node id="827"/>exercised<Node id="836"/> <Node id="837"/>my<Node id="839"/> <Node id="840"/>right<Node id="845"/> <Node id="846"/>to<Node id="848"/> <Node id="849"/>rape<Node id="853"/> <Node id="854"/>your<Node id="858"/> <Node id="859"/>daughter<Node id="867"/>.<Node id="868"/> <Node id="869"/> <Node id="870"/>He<Node id="872"/> <Node id="873"/>broke<Node id="878"/> <Node id="879"/>the<Node id="882"/> <Node id="883"/>law<Node id="886"/>,<Node id="887"/> <Node id="888"/>he<Node id="890"/>
<Node id="891"/>:<Node id="892"/> <Node id="893"/>was<Node id="896"/> <Node id="897"/>a<Node id="898"/> <Node id="899"/>threat<Node id="905"/> <Node id="906"/>to<Node id="908"/> <Node id="909"/>society<Node id="916"/>,<Node id="917"/> <Node id="918"/>they<Node id="922"/> <Node id="923"/>did<Node id="926"/> <Node id="927"/>there<Node id="932"/> <Node id="933"/>job<Node id="936"/> <Node id="937"/>-<Node id="938"/> <Node id="939"/>simple<Node id="945"/>.<Node id="946"/>
<Node id="947"/>
<Node id="948"/>I<Node id="949"/> <Node id="950"/>have<Node id="954"/>n't<Node id="957"/> <Node id="958"/>seen<Node id="962"/> <Node id="963"/>any<Node id="966"/> <Node id="967"/>proof<Node id="972"/> <Node id="973"/>(<Node id="974"/>or<Node id="976"/> <Node id="977"/>even<Node id="981"/> <Node id="982"/>evidence<Node id="990"/>)<Node id="991"/> <Node id="992"/>that<Node id="996"/> <Node id="997"/>the<Node id="1000"/> <Node id="1001"/>BD<Node id="1003"/>'s<Node id="1005"/> <Node id="1006"/>had<Node id="1009"/> <Node id="1010"/>broken<Node id="1016"/> <Node id="1017"/>the<Node id="1020"/>
<Node id="1021"/>law<Node id="1024"/>.<Node id="1025"/> <Node id="1026"/> <Node id="1027"/>If<Node id="1029"/> <Node id="1030"/>you<Node id="1033"/> <Node id="1034"/>have<Node id="1038"/> <Node id="1039"/>proof<Node id="1044"/> <Node id="1045"/>(<Node id="1046"/>or<Node id="1048"/> <Node id="1049"/>evidence<Node id="1057"/>)<Node id="1058"/>,<Node id="1059"/> <Node id="1060"/>let<Node id="1063"/>'s<Node id="1065"/> <Node id="1066"/>hear<Node id="1070"/> <Node id="1071"/>it<Node id="1073"/>.<Node id="1074"/> <Node id="1075"/> <Node id="1076"/>"<Node id="1077"/>The<Node id="1080"/> <Node id="1081"/>FBI<Node id="1084"/> <Node id="1085"/>said<Node id="1089"/> <Node id="1090"/>so<Node id="1092"/>"<Node id="1093"/> <Node id="1094"/>is<Node id="1096"/>
<Node id="1097"/>NOT<Node id="1100"/> <Node id="1101"/>evidence<Node id="1109"/>.<Node id="1110"/>
<Node id="1111"/>
<Node id="1112"/>:<Node id="1113"/> <Node id="1114"/> <Node id="1115"/>
<Node id="1116"/>:<Node id="1117"/> <Node id="1118"/>I<Node id="1119"/>'ll<Node id="1122"/> <Node id="1123"/>support<Node id="1130"/> <Node id="1131"/>them<Node id="1135"/> <Node id="1136"/>all<Node id="1139"/> <Node id="1140"/>(<Node id="1141"/>except<Node id="1147"/> <Node id="1148"/>no<Node id="1150"/>.<Node id="1151"/> <Node id="1152"/>2<Node id="1153"/>)<Node id="1154"/>
<Node id="1155"/>
<Node id="1156"/>I<Node id="1157"/> <Node id="1158"/>guess<Node id="1163"/> <Node id="1164"/>there<Node id="1169"/> <Node id="1170"/>will<Node id="1174"/> <Node id="1175"/>always<Node id="1181"/> <Node id="1182"/>be<Node id="1184"/> <Node id="1185"/>people<Node id="1191"/> <Node id="1192"/>who<Node id="1195"/> <Node id="1196"/>wish<Node id="1200"/> <Node id="1201"/>to<Node id="1203"/> <Node id="1204"/>be<Node id="1206"/> <Node id="1207"/>peasants<Node id="1215"/>.<Node id="1216"/> <Node id="1217"/> <Node id="1218"/>The<Node id="1221"/> <Node id="1222"/>politicians<Node id="1233"/>
<Node id="1234"/>prefer<Node id="1240"/> <Node id="1241"/>unarmed<Node id="1248"/> <Node id="1249"/>peasants<Node id="1257"/>
<Node id="1258"/></TextWithNodes>
<!-- The default annotation set -->

<AnnotationSet>
<Annotation EndNode="1258" StartNode="0" Type="Mention" Id="9999999">
<Feature>
<Name classname="java.lang.String">Class</Name>
<Value classname="java.lang.String">0</Value>
</Feature>
</Annotation>

<Annotation Id="17" Type="Token" StartNode="35" EndNode="41">
<Feature>
  <Name className="java.lang.String">string</Name>
  <Value className="java.lang.String">Sender</Value>
</Feature>
</Annotation>
<Annotation Id="31" Type="Token" StartNode="65" EndNode="71">
<Feature>
  <Name className="java.lang.String">string</Name>
  <Value className="java.lang.String">Server</Value>
</Feature>
</Annotation>
<Annotation Id="33" Type="Token" StartNode="72" EndNode="79">
<Feature>
  <Name className="java.lang.String">string</Name>
  <Value className="java.lang.String">Project</Value>
</Feature>
</Annotation>
<Annotation Id="36" Type="Token" StartNode="81" EndNode="89">
<Feature>
  <Name className="java.lang.String">string</Name>
  <Value className="java.lang.String">Message-</Value>
</Feature>
</Annotation>
<Annotation Id="75" Type="Token" StartNode="153" EndNode="163">
<Feature>
  <Name className="java.lang.String">string</Name>
  <Value className="java.lang.String">References</Value>
</Feature>
</Annotation>
<Annotation Id="91" Type="Token" StartNode="187" EndNode="193">
<Feature>
  <Name className="java.lang.String">string</Name>
  <Value className="java.lang.String">purdue</Value>
</Feature>
</Annotation>
<Annotation Id="100" Type="Token" StartNode="221" EndNode="228">
<Feature>
  <Name className="java.lang.String">string</Name>
  <Value className="java.lang.String">Packard</Value>
</Feature>
</Annotation>
<Annotation Id="99" Type="Token" StartNode="213" EndNode="221">
<Feature>
  <Name className="java.lang.String">string</Name>
  <Value className="java.lang.String">Hewlett-</Value>
</Feature>
</Annotation>
<Annotation Id="96" Type="Token" StartNode="199" EndNode="211">
<Feature>
  <Name className="java.lang.String">string</Name>
  <Value className="java.lang.String">Organization</Value>
</Feature>
</Annotation>
<Annotation Id="109" Type="Token" StartNode="244" EndNode="256">
<Feature>
  <Name className="java.lang.String">string</Name>
  <Value className="java.lang.String">X-Newsreader</Value>
</Feature>
</Annotation>
<Annotation Id="140" Type="Token" StartNode="313" EndNode="320">
<Feature>
  <Name className="java.lang.String">string</Name>
  <Value className="java.lang.String">Timothy</Value>
</Feature>
</Annotation>
<Annotation Id="129" Type="Token" StartNode="285" EndNode="291">
<Feature>
  <Name className="java.lang.String">string</Name>
  <Value className="java.lang.String">tbrent</Value>
</Feature>
</Annotation>
<Annotation Id="135" Type="Token" StartNode="301" EndNode="307">
<Feature>
  <Name className="java.lang.String">string</Name>
  <Value className="java.lang.String">purdue</Value>
</Feature>
</Annotation>
<Annotation Id="155" Type="Token" StartNode="343" EndNode="351">
<Feature>
  <Name className="java.lang.String">string</Name>
  <Value className="java.lang.String">Probably</Value>
</Feature>
</Annotation>
<Annotation Id="147" Type="Token" StartNode="330" EndNode="336">
<Feature>
  <Name className="java.lang.String">string</Name>
  <Value className="java.lang.String">writes</Value>
</Feature>
</Annotation>
<Annotation Id="176" Type="Token" StartNode="387" EndNode="395">
<Feature>
  <Name className="java.lang.String">string</Name>
  <Value className="java.lang.String">weaponry</Value>
</Feature>
</Annotation>
<Annotation Id="180" Type="Token" StartNode="401" EndNode="407">
<Feature>
  <Name className="java.lang.String">string</Name>
  <Value className="java.lang.String">intent</Value>
</Feature>
</Annotation>
<Annotation Id="203" Type="Token" StartNode="447" EndNode="453">
<Feature>
  <Name className="java.lang.String">string</Name>
  <Value className="java.lang.String">should</Value>
</Feature>
</Annotation>
<Annotation Id="197" Type="Token" StartNode="431" EndNode="437">
<Feature>
  <Name className="java.lang.String">string</Name>
  <Value className="java.lang.String">really</Value>
</Feature>
</Annotation>
<Annotation Id="209" Type="Token" StartNode="464" EndNode="471">
<Feature>
  <Name className="java.lang.String">string</Name>
  <Value className="java.lang.String">allowed</Value>
</Feature>
</Annotation>
<Annotation Id="275" Type="Token" StartNode="603" EndNode="613">
<Feature>
  <Name className="java.lang.String">string</Name>
  <Value className="java.lang.String">neccessary</Value>
</Feature>
</Annotation>
<Annotation Id="277" Type="Token" StartNode="614" EndNode="622">
<Feature>
  <Name className="java.lang.String">string</Name>
  <Value className="java.lang.String">licenses</Value>
</Feature>
</Annotation>
<Annotation Id="281" Type="Token" StartNode="627" EndNode="634">
<Feature>
  <Name className="java.lang.String">string</Name>
  <Value className="java.lang.String">permits</Value>
</Feature>
</Annotation>
<Annotation Id="287" Type="Token" StartNode="642" EndNode="651">
<Feature>
  <Name className="java.lang.String">string</Name>
  <Value className="java.lang.String">automatic</Value>
</Feature>
</Annotation>
<Annotation Id="265" Type="Token" StartNode="574" EndNode="584">
<Feature>
  <Name className="java.lang.String">string</Name>
  <Value className="java.lang.String">understand</Value>
</Feature>
</Annotation>
<Annotation Id="305" Type="Token" StartNode="686" EndNode="692">
<Feature>
  <Name className="java.lang.String">string</Name>
  <Value className="java.lang.String">rights</Value>
</Feature>
</Annotation>
<Annotation Id="312" Type="Token" StartNode="703" EndNode="709">
<Feature>
  <Name className="java.lang.String">string</Name>
  <Value className="java.lang.String">should</Value>
</Feature>
</Annotation>
<Annotation Id="316" Type="Token" StartNode="713" EndNode="719">
<Feature>
  <Name className="java.lang.String">string</Name>
  <Value className="java.lang.String">placed</Value>
</Feature>
</Annotation>
<Annotation Id="289" Type="Token" StartNode="652" EndNode="659">
<Feature>
  <Name className="java.lang.String">string</Name>
  <Value className="java.lang.String">weapons</Value>
</Feature>
</Annotation>
<Annotation Id="299" Type="Token" StartNode="670" EndNode="676">
<Feature>
  <Name className="java.lang.String">string</Name>
  <Value className="java.lang.String">public</Value>
</Feature>
</Annotation>
<Annotation Id="343" Type="Token" StartNode="774" EndNode="780">
<Feature>
  <Name className="java.lang.String">string</Name>
  <Value className="java.lang.String">commie</Value>
</Feature>
</Annotation>
<Annotation Id="328" Type="Token" StartNode="741" EndNode="751">
<Feature>
  <Name className="java.lang.String">string</Name>
  <Value className="java.lang.String">individual</Value>
</Feature>
</Annotation>
<Annotation Id="368" Type="Token" StartNode="827" EndNode="836">
<Feature>
  <Name className="java.lang.String">string</Name>
  <Value className="java.lang.String">exercised</Value>
</Feature>
</Annotation>
<Annotation Id="380" Type="Token" StartNode="859" EndNode="867">
<Feature>
  <Name className="java.lang.String">string</Name>
  <Value className="java.lang.String">daughter</Value>
</Feature>
</Annotation>
<Annotation Id="358" Type="Token" StartNode="805" EndNode="814">
<Feature>
  <Name className="java.lang.String">string</Name>
  <Value className="java.lang.String">different</Value>
</Feature>
</Annotation>
<Annotation Id="354" Type="Token" StartNode="795" EndNode="802">
<Feature>
  <Name className="java.lang.String">string</Name>
  <Value className="java.lang.String">singing</Value>
</Feature>
</Annotation>
<Annotation Id="401" Type="Token" StartNode="899" EndNode="905">
<Feature>
  <Name className="java.lang.String">string</Name>
  <Value className="java.lang.String">threat</Value>
</Feature>
</Annotation>
<Annotation Id="405" Type="Token" StartNode="909" EndNode="916">
<Feature>
  <Name className="java.lang.String">string</Name>
  <Value className="java.lang.String">society</Value>
</Feature>
</Annotation>
<Annotation Id="439" Type="Token" StartNode="982" EndNode="990">
<Feature>
  <Name className="java.lang.String">string</Name>
  <Value className="java.lang.String">evidence</Value>
</Feature>
</Annotation>
<Annotation Id="418" Type="Token" StartNode="939" EndNode="945">
<Feature>
  <Name className="java.lang.String">string</Name>
  <Value className="java.lang.String">simple</Value>
</Feature>
</Annotation>
<Annotation Id="471" Type="Token" StartNode="1049" EndNode="1057">
<Feature>
  <Name className="java.lang.String">string</Name>
  <Value className="java.lang.String">evidence</Value>
</Feature>
</Annotation>
<Annotation Id="452" Type="Token" StartNode="1010" EndNode="1016">
<Feature>
  <Name className="java.lang.String">string</Name>
  <Value className="java.lang.String">broken</Value>
</Feature>
</Annotation>
<Annotation Id="499" Type="Token" StartNode="1101" EndNode="1109">
<Feature>
  <Name className="java.lang.String">string</Name>
  <Value className="java.lang.String">evidence</Value>
</Feature>
</Annotation>
<Annotation Id="551" Type="Token" StartNode="1207" EndNode="1215">
<Feature>
  <Name className="java.lang.String">string</Name>
  <Value className="java.lang.String">peasants</Value>
</Feature>
</Annotation>
<Annotation Id="559" Type="Token" StartNode="1234" EndNode="1240">
<Feature>
  <Name className="java.lang.String">string</Name>
  <Value className="java.lang.String">prefer</Value>
</Feature>
</Annotation>
<Annotation Id="557" Type="Token" StartNode="1222" EndNode="1233">
<Feature>
  <Name className="java.lang.String">string</Name>
  <Value className="java.lang.String">politicians</Value>
</Feature>
</Annotation>
<Annotation Id="563" Type="Token" StartNode="1249" EndNode="1257">
<Feature>
  <Name className="java.lang.String">string</Name>
  <Value className="java.lang.String">peasants</Value>
</Feature>
</Annotation>
<Annotation Id="561" Type="Token" StartNode="1241" EndNode="1248">
<Feature>
  <Name className="java.lang.String">string</Name>
  <Value className="java.lang.String">unarmed</Value>
</Feature>
</Annotation>
<Annotation Id="513" Type="Token" StartNode="1123" EndNode="1130">
<Feature>
  <Name className="java.lang.String">string</Name>
  <Value className="java.lang.String">support</Value>
</Feature>
</Annotation>
<Annotation Id="520" Type="Token" StartNode="1141" EndNode="1147">
<Feature>
  <Name className="java.lang.String">string</Name>
  <Value className="java.lang.String">except</Value>
</Feature>
</Annotation>
<Annotation Id="541" Type="Token" StartNode="1185" EndNode="1191">
<Feature>
  <Name className="java.lang.String">string</Name>
  <Value className="java.lang.String">people</Value>
</Feature>
</Annotation>
<Annotation Id="537" Type="Token" StartNode="1175" EndNode="1181">
<Feature>
  <Name className="java.lang.String">string</Name>
  <Value className="java.lang.String">always</Value>
</Feature>
</Annotation>
</AnnotationSet>
<AnnotationSet Name="Original markups"> </AnnotationSet>
</GateDocument>