<?xml version='1.0' encoding='UTF-8'?>
<GateDocument version="3">
<!-- The document's features-->

<GateDocumentFeatures>
<Feature>
  <Name className="java.lang.String">Original_document_content_on_load</Name>
  <Value className="java.lang.String">From: ray@netcom.com (Ray Fischer)
Message-ID: &lt;rayC5JCLz.JnI@netcom.com>
Organization: Netcom. San Jose, California
References: &lt;1qid8s$ik0@agate.berkeley.edu> &lt;C5IDKn.MMt@watson.ibm.com> &lt;1qjt76$ll@agate.berkeley.edu>
Date: Thu, 15 Apr 1993 17:29:58 GMT
Lines: 19

dzkriz@ocf.berkeley.edu (Dennis Kriz) writes ...
>One pays insurance to pay for coverage one expects/fears one might need.
>If one is opposed to abortion, one should not be required to pay for
>"coverage" of it because one will NEVER want to use that "service" and
>neither should that person be COMPELLED to pay for other people's
>abortions PARTICULARLY if one sincerely believes that abortion is
>murder.  

Overriding any concern about morality is the fact that men (Dennis
is a man's name?) don't get abortions.  Thus it is unreasonable to 
suppose that YOUR insurance premiums are being used for the 
possibility that you will be getting an abortion.

It looks like what you're really objecting to is other people paying
money for the possibility that THEY might need to get an abortion.

-- 
Ray Fischer                   "Convictions are more dangerous enemies of truth
ray@netcom.com                 than lies."  -- Friedrich Nietzsche
</Value>
</Feature>
<Feature>
  <Name className="java.lang.String">gate.SourceURL</Name>
  <Value className="java.lang.String">file:/C:/Users/jian/Documents/NetBeansProjects/NoiseReductionTechniques/mideastPoliticsMix/negative338</Value>
</Feature>
</GateDocumentFeatures>
<!-- The document content area with serialized nodes -->

<TextWithNodes><Node id="0"/>From<Node id="4"/>:<Node id="5"/> <Node id="6"/>ray<Node id="9"/>@<Node id="10"/>netcom<Node id="16"/>.<Node id="17"/>com<Node id="20"/> <Node id="21"/>(<Node id="22"/>Ray<Node id="25"/> <Node id="26"/>Fischer<Node id="33"/>)<Node id="34"/>
<Node id="35"/>Message-<Node id="43"/>ID<Node id="45"/>:<Node id="46"/> <Node id="47"/>&lt;<Node id="48"/>rayC<Node id="52"/>5<Node id="53"/>JCLz<Node id="57"/>.<Node id="58"/>JnI<Node id="61"/>@<Node id="62"/>netcom<Node id="68"/>.<Node id="69"/>com<Node id="72"/>&gt;<Node id="73"/>
<Node id="74"/>Organization<Node id="86"/>:<Node id="87"/> <Node id="88"/>Netcom<Node id="94"/>.<Node id="95"/> <Node id="96"/>San<Node id="99"/> <Node id="100"/>Jose<Node id="104"/>,<Node id="105"/> <Node id="106"/>California<Node id="116"/>
<Node id="117"/>References<Node id="127"/>:<Node id="128"/> <Node id="129"/>&lt;<Node id="130"/>1<Node id="131"/>qid<Node id="134"/>8<Node id="135"/>s<Node id="136"/>$<Node id="137"/>ik<Node id="139"/>0<Node id="140"/>@<Node id="141"/>agate<Node id="146"/>.<Node id="147"/>berkeley<Node id="155"/>.<Node id="156"/>edu<Node id="159"/>&gt;<Node id="160"/> <Node id="161"/>&lt;<Node id="162"/>C<Node id="163"/>5<Node id="164"/>IDKn<Node id="168"/>.<Node id="169"/>MMt<Node id="172"/>@<Node id="173"/>watson<Node id="179"/>.<Node id="180"/>ibm<Node id="183"/>.<Node id="184"/>com<Node id="187"/>&gt;<Node id="188"/> <Node id="189"/>&lt;<Node id="190"/>1<Node id="191"/>qjt<Node id="194"/>76<Node id="196"/>$<Node id="197"/>ll<Node id="199"/>@<Node id="200"/>agate<Node id="205"/>.<Node id="206"/>berkeley<Node id="214"/>.<Node id="215"/>edu<Node id="218"/>&gt;<Node id="219"/>
<Node id="220"/>Date<Node id="224"/>:<Node id="225"/> <Node id="226"/>Thu<Node id="229"/>,<Node id="230"/> <Node id="231"/>15<Node id="233"/> <Node id="234"/>Apr<Node id="237"/> <Node id="238"/>1993<Node id="242"/> <Node id="243"/>17<Node id="245"/>:<Node id="246"/>29<Node id="248"/>:<Node id="249"/>58<Node id="251"/> <Node id="252"/>GMT<Node id="255"/>
<Node id="256"/>Lines<Node id="261"/>:<Node id="262"/> <Node id="263"/>19<Node id="265"/>
<Node id="266"/>
<Node id="267"/>dzkriz<Node id="273"/>@<Node id="274"/>ocf<Node id="277"/>.<Node id="278"/>berkeley<Node id="286"/>.<Node id="287"/>edu<Node id="290"/> <Node id="291"/>(<Node id="292"/>Dennis<Node id="298"/> <Node id="299"/>Kriz<Node id="303"/>)<Node id="304"/> <Node id="305"/>writes<Node id="311"/> <Node id="312"/>.<Node id="313"/>.<Node id="314"/>.<Node id="315"/>
<Node id="316"/>&gt;<Node id="317"/>One<Node id="320"/> <Node id="321"/>pays<Node id="325"/> <Node id="326"/>insurance<Node id="335"/> <Node id="336"/>to<Node id="338"/> <Node id="339"/>pay<Node id="342"/> <Node id="343"/>for<Node id="346"/> <Node id="347"/>coverage<Node id="355"/> <Node id="356"/>one<Node id="359"/> <Node id="360"/>expects<Node id="367"/>/<Node id="368"/>fears<Node id="373"/> <Node id="374"/>one<Node id="377"/> <Node id="378"/>might<Node id="383"/> <Node id="384"/>need<Node id="388"/>.<Node id="389"/>
<Node id="390"/>&gt;<Node id="391"/>If<Node id="393"/> <Node id="394"/>one<Node id="397"/> <Node id="398"/>is<Node id="400"/> <Node id="401"/>opposed<Node id="408"/> <Node id="409"/>to<Node id="411"/> <Node id="412"/>abortion<Node id="420"/>,<Node id="421"/> <Node id="422"/>one<Node id="425"/> <Node id="426"/>should<Node id="432"/> <Node id="433"/>not<Node id="436"/> <Node id="437"/>be<Node id="439"/> <Node id="440"/>required<Node id="448"/> <Node id="449"/>to<Node id="451"/> <Node id="452"/>pay<Node id="455"/> <Node id="456"/>for<Node id="459"/>
<Node id="460"/>&gt;<Node id="461"/>"<Node id="462"/>coverage<Node id="470"/>"<Node id="471"/> <Node id="472"/>of<Node id="474"/> <Node id="475"/>it<Node id="477"/> <Node id="478"/>because<Node id="485"/> <Node id="486"/>one<Node id="489"/> <Node id="490"/>will<Node id="494"/> <Node id="495"/>NEVER<Node id="500"/> <Node id="501"/>want<Node id="505"/> <Node id="506"/>to<Node id="508"/> <Node id="509"/>use<Node id="512"/> <Node id="513"/>that<Node id="517"/> <Node id="518"/>"<Node id="519"/>service<Node id="526"/>"<Node id="527"/> <Node id="528"/>and<Node id="531"/>
<Node id="532"/>&gt;<Node id="533"/>neither<Node id="540"/> <Node id="541"/>should<Node id="547"/> <Node id="548"/>that<Node id="552"/> <Node id="553"/>person<Node id="559"/> <Node id="560"/>be<Node id="562"/> <Node id="563"/>COMPELLED<Node id="572"/> <Node id="573"/>to<Node id="575"/> <Node id="576"/>pay<Node id="579"/> <Node id="580"/>for<Node id="583"/> <Node id="584"/>other<Node id="589"/> <Node id="590"/>people<Node id="596"/>'s<Node id="598"/>
<Node id="599"/>&gt;<Node id="600"/>abortions<Node id="609"/> <Node id="610"/>PARTICULARLY<Node id="622"/> <Node id="623"/>if<Node id="625"/> <Node id="626"/>one<Node id="629"/> <Node id="630"/>sincerely<Node id="639"/> <Node id="640"/>believes<Node id="648"/> <Node id="649"/>that<Node id="653"/> <Node id="654"/>abortion<Node id="662"/> <Node id="663"/>is<Node id="665"/>
<Node id="666"/>&gt;<Node id="667"/>murder<Node id="673"/>.<Node id="674"/> <Node id="675"/> <Node id="676"/>
<Node id="677"/>
<Node id="678"/>Overriding<Node id="688"/> <Node id="689"/>any<Node id="692"/> <Node id="693"/>concern<Node id="700"/> <Node id="701"/>about<Node id="706"/> <Node id="707"/>morality<Node id="715"/> <Node id="716"/>is<Node id="718"/> <Node id="719"/>the<Node id="722"/> <Node id="723"/>fact<Node id="727"/> <Node id="728"/>that<Node id="732"/> <Node id="733"/>men<Node id="736"/> <Node id="737"/>(<Node id="738"/>Dennis<Node id="744"/>
<Node id="745"/>is<Node id="747"/> <Node id="748"/>a<Node id="749"/> <Node id="750"/>man<Node id="753"/>'s<Node id="755"/> <Node id="756"/>name<Node id="760"/>?<Node id="761"/>)<Node id="762"/> <Node id="763"/>do<Node id="765"/>n't<Node id="768"/> <Node id="769"/>get<Node id="772"/> <Node id="773"/>abortions<Node id="782"/>.<Node id="783"/> <Node id="784"/> <Node id="785"/>Thus<Node id="789"/> <Node id="790"/>it<Node id="792"/> <Node id="793"/>is<Node id="795"/> <Node id="796"/>unreasonable<Node id="808"/> <Node id="809"/>to<Node id="811"/> <Node id="812"/>
<Node id="813"/>suppose<Node id="820"/> <Node id="821"/>that<Node id="825"/> <Node id="826"/>YOUR<Node id="830"/> <Node id="831"/>insurance<Node id="840"/> <Node id="841"/>premiums<Node id="849"/> <Node id="850"/>are<Node id="853"/> <Node id="854"/>being<Node id="859"/> <Node id="860"/>used<Node id="864"/> <Node id="865"/>for<Node id="868"/> <Node id="869"/>the<Node id="872"/> <Node id="873"/>
<Node id="874"/>possibility<Node id="885"/> <Node id="886"/>that<Node id="890"/> <Node id="891"/>you<Node id="894"/> <Node id="895"/>will<Node id="899"/> <Node id="900"/>be<Node id="902"/> <Node id="903"/>getting<Node id="910"/> <Node id="911"/>an<Node id="913"/> <Node id="914"/>abortion<Node id="922"/>.<Node id="923"/>
<Node id="924"/>
<Node id="925"/>It<Node id="927"/> <Node id="928"/>looks<Node id="933"/> <Node id="934"/>like<Node id="938"/> <Node id="939"/>what<Node id="943"/> <Node id="944"/>you<Node id="947"/>'re<Node id="950"/> <Node id="951"/>really<Node id="957"/> <Node id="958"/>objecting<Node id="967"/> <Node id="968"/>to<Node id="970"/> <Node id="971"/>is<Node id="973"/> <Node id="974"/>other<Node id="979"/> <Node id="980"/>people<Node id="986"/> <Node id="987"/>paying<Node id="993"/>
<Node id="994"/>money<Node id="999"/> <Node id="1000"/>for<Node id="1003"/> <Node id="1004"/>the<Node id="1007"/> <Node id="1008"/>possibility<Node id="1019"/> <Node id="1020"/>that<Node id="1024"/> <Node id="1025"/>THEY<Node id="1029"/> <Node id="1030"/>might<Node id="1035"/> <Node id="1036"/>need<Node id="1040"/> <Node id="1041"/>to<Node id="1043"/> <Node id="1044"/>get<Node id="1047"/> <Node id="1048"/>an<Node id="1050"/> <Node id="1051"/>abortion<Node id="1059"/>.<Node id="1060"/>
<Node id="1061"/>
<Node id="1062"/>-<Node id="1063"/>-<Node id="1064"/> <Node id="1065"/>
<Node id="1066"/>Ray<Node id="1069"/> <Node id="1070"/>Fischer<Node id="1077"/> <Node id="1078"/> <Node id="1079"/> <Node id="1080"/> <Node id="1081"/> <Node id="1082"/> <Node id="1083"/> <Node id="1084"/> <Node id="1085"/> <Node id="1086"/> <Node id="1087"/> <Node id="1088"/> <Node id="1089"/> <Node id="1090"/> <Node id="1091"/> <Node id="1092"/> <Node id="1093"/> <Node id="1094"/> <Node id="1095"/> <Node id="1096"/>"<Node id="1097"/>Convictions<Node id="1108"/> <Node id="1109"/>are<Node id="1112"/> <Node id="1113"/>more<Node id="1117"/> <Node id="1118"/>dangerous<Node id="1127"/> <Node id="1128"/>enemies<Node id="1135"/> <Node id="1136"/>of<Node id="1138"/> <Node id="1139"/>truth<Node id="1144"/>
<Node id="1145"/>ray<Node id="1148"/>@<Node id="1149"/>netcom<Node id="1155"/>.<Node id="1156"/>com<Node id="1159"/> <Node id="1160"/> <Node id="1161"/> <Node id="1162"/> <Node id="1163"/> <Node id="1164"/> <Node id="1165"/> <Node id="1166"/> <Node id="1167"/> <Node id="1168"/> <Node id="1169"/> <Node id="1170"/> <Node id="1171"/> <Node id="1172"/> <Node id="1173"/> <Node id="1174"/> <Node id="1175"/> <Node id="1176"/>than<Node id="1180"/> <Node id="1181"/>lies<Node id="1185"/>.<Node id="1186"/>"<Node id="1187"/> <Node id="1188"/> <Node id="1189"/>-<Node id="1190"/>-<Node id="1191"/> <Node id="1192"/>Friedrich<Node id="1201"/> <Node id="1202"/>Nietzsche<Node id="1211"/>
<Node id="1212"/></TextWithNodes>
<!-- The default annotation set -->

<AnnotationSet>
<Annotation EndNode="1212" StartNode="0" Type="Mention" Id="9999999">
<Feature>
<Name classname="java.lang.String">Class</Name>
<Value classname="java.lang.String">0</Value>
</Feature>
</Annotation>

<Annotation Id="5" Type="Token" StartNode="10" EndNode="16">
<Feature>
  <Name className="java.lang.String">string</Name>
  <Value className="java.lang.String">netcom</Value>
</Feature>
</Annotation>
<Annotation Id="12" Type="Token" StartNode="26" EndNode="33">
<Feature>
  <Name className="java.lang.String">string</Name>
  <Value className="java.lang.String">Fischer</Value>
</Feature>
</Annotation>
<Annotation Id="15" Type="Token" StartNode="35" EndNode="43">
<Feature>
  <Name className="java.lang.String">string</Name>
  <Value className="java.lang.String">Message-</Value>
</Feature>
</Annotation>
<Annotation Id="26" Type="Token" StartNode="62" EndNode="68">
<Feature>
  <Name className="java.lang.String">string</Name>
  <Value className="java.lang.String">netcom</Value>
</Feature>
</Annotation>
<Annotation Id="31" Type="Token" StartNode="74" EndNode="86">
<Feature>
  <Name className="java.lang.String">string</Name>
  <Value className="java.lang.String">Organization</Value>
</Feature>
</Annotation>
<Annotation Id="34" Type="Token" StartNode="88" EndNode="94">
<Feature>
  <Name className="java.lang.String">string</Name>
  <Value className="java.lang.String">Netcom</Value>
</Feature>
</Annotation>
<Annotation Id="42" Type="Token" StartNode="106" EndNode="116">
<Feature>
  <Name className="java.lang.String">string</Name>
  <Value className="java.lang.String">California</Value>
</Feature>
</Annotation>
<Annotation Id="44" Type="Token" StartNode="117" EndNode="127">
<Feature>
  <Name className="java.lang.String">string</Name>
  <Value className="java.lang.String">References</Value>
</Feature>
</Annotation>
<Annotation Id="58" Type="Token" StartNode="147" EndNode="155">
<Feature>
  <Name className="java.lang.String">string</Name>
  <Value className="java.lang.String">berkeley</Value>
</Feature>
</Annotation>
<Annotation Id="70" Type="Token" StartNode="173" EndNode="179">
<Feature>
  <Name className="java.lang.String">string</Name>
  <Value className="java.lang.String">watson</Value>
</Feature>
</Annotation>
<Annotation Id="86" Type="Token" StartNode="206" EndNode="214">
<Feature>
  <Name className="java.lang.String">string</Name>
  <Value className="java.lang.String">berkeley</Value>
</Feature>
</Annotation>
<Annotation Id="117" Type="Token" StartNode="267" EndNode="273">
<Feature>
  <Name className="java.lang.String">string</Name>
  <Value className="java.lang.String">dzkriz</Value>
</Feature>
</Annotation>
<Annotation Id="126" Type="Token" StartNode="292" EndNode="298">
<Feature>
  <Name className="java.lang.String">string</Name>
  <Value className="java.lang.String">Dennis</Value>
</Feature>
</Annotation>
<Annotation Id="121" Type="Token" StartNode="278" EndNode="286">
<Feature>
  <Name className="java.lang.String">string</Name>
  <Value className="java.lang.String">berkeley</Value>
</Feature>
</Annotation>
<Annotation Id="142" Type="Token" StartNode="326" EndNode="335">
<Feature>
  <Name className="java.lang.String">string</Name>
  <Value className="java.lang.String">insurance</Value>
</Feature>
</Annotation>
<Annotation Id="131" Type="Token" StartNode="305" EndNode="311">
<Feature>
  <Name className="java.lang.String">string</Name>
  <Value className="java.lang.String">writes</Value>
</Feature>
</Annotation>
<Annotation Id="154" Type="Token" StartNode="360" EndNode="367">
<Feature>
  <Name className="java.lang.String">string</Name>
  <Value className="java.lang.String">expects</Value>
</Feature>
</Annotation>
<Annotation Id="150" Type="Token" StartNode="347" EndNode="355">
<Feature>
  <Name className="java.lang.String">string</Name>
  <Value className="java.lang.String">coverage</Value>
</Feature>
</Annotation>
<Annotation Id="172" Type="Token" StartNode="401" EndNode="408">
<Feature>
  <Name className="java.lang.String">string</Name>
  <Value className="java.lang.String">opposed</Value>
</Feature>
</Annotation>
<Annotation Id="187" Type="Token" StartNode="440" EndNode="448">
<Feature>
  <Name className="java.lang.String">string</Name>
  <Value className="java.lang.String">required</Value>
</Feature>
</Annotation>
<Annotation Id="176" Type="Token" StartNode="412" EndNode="420">
<Feature>
  <Name className="java.lang.String">string</Name>
  <Value className="java.lang.String">abortion</Value>
</Feature>
</Annotation>
<Annotation Id="181" Type="Token" StartNode="426" EndNode="432">
<Feature>
  <Name className="java.lang.String">string</Name>
  <Value className="java.lang.String">should</Value>
</Feature>
</Annotation>
<Annotation Id="204" Type="Token" StartNode="478" EndNode="485">
<Feature>
  <Name className="java.lang.String">string</Name>
  <Value className="java.lang.String">because</Value>
</Feature>
</Annotation>
<Annotation Id="197" Type="Token" StartNode="462" EndNode="470">
<Feature>
  <Name className="java.lang.String">string</Name>
  <Value className="java.lang.String">coverage</Value>
</Feature>
</Annotation>
<Annotation Id="221" Type="Token" StartNode="519" EndNode="526">
<Feature>
  <Name className="java.lang.String">string</Name>
  <Value className="java.lang.String">service</Value>
</Feature>
</Annotation>
<Annotation Id="237" Type="Token" StartNode="563" EndNode="572">
<Feature>
  <Name className="java.lang.String">string</Name>
  <Value className="java.lang.String">COMPELLED</Value>
</Feature>
</Annotation>
<Annotation Id="233" Type="Token" StartNode="553" EndNode="559">
<Feature>
  <Name className="java.lang.String">string</Name>
  <Value className="java.lang.String">person</Value>
</Feature>
</Annotation>
<Annotation Id="229" Type="Token" StartNode="541" EndNode="547">
<Feature>
  <Name className="java.lang.String">string</Name>
  <Value className="java.lang.String">should</Value>
</Feature>
</Annotation>
<Annotation Id="227" Type="Token" StartNode="533" EndNode="540">
<Feature>
  <Name className="java.lang.String">string</Name>
  <Value className="java.lang.String">neither</Value>
</Feature>
</Annotation>
<Annotation Id="254" Type="Token" StartNode="610" EndNode="622">
<Feature>
  <Name className="java.lang.String">string</Name>
  <Value className="java.lang.String">PARTICULARLY</Value>
</Feature>
</Annotation>
<Annotation Id="252" Type="Token" StartNode="600" EndNode="609">
<Feature>
  <Name className="java.lang.String">string</Name>
  <Value className="java.lang.String">abortions</Value>
</Feature>
</Annotation>
<Annotation Id="247" Type="Token" StartNode="590" EndNode="596">
<Feature>
  <Name className="java.lang.String">string</Name>
  <Value className="java.lang.String">people</Value>
</Feature>
</Annotation>
<Annotation Id="277" Type="Token" StartNode="678" EndNode="688">
<Feature>
  <Name className="java.lang.String">string</Name>
  <Value className="java.lang.String">Overriding</Value>
</Feature>
</Annotation>
<Annotation Id="281" Type="Token" StartNode="693" EndNode="700">
<Feature>
  <Name className="java.lang.String">string</Name>
  <Value className="java.lang.String">concern</Value>
</Feature>
</Annotation>
<Annotation Id="285" Type="Token" StartNode="707" EndNode="715">
<Feature>
  <Name className="java.lang.String">string</Name>
  <Value className="java.lang.String">morality</Value>
</Feature>
</Annotation>
<Annotation Id="262" Type="Token" StartNode="640" EndNode="648">
<Feature>
  <Name className="java.lang.String">string</Name>
  <Value className="java.lang.String">believes</Value>
</Feature>
</Annotation>
<Annotation Id="260" Type="Token" StartNode="630" EndNode="639">
<Feature>
  <Name className="java.lang.String">string</Name>
  <Value className="java.lang.String">sincerely</Value>
</Feature>
</Annotation>
<Annotation Id="266" Type="Token" StartNode="654" EndNode="662">
<Feature>
  <Name className="java.lang.String">string</Name>
  <Value className="java.lang.String">abortion</Value>
</Feature>
</Annotation>
<Annotation Id="271" Type="Token" StartNode="667" EndNode="673">
<Feature>
  <Name className="java.lang.String">string</Name>
  <Value className="java.lang.String">murder</Value>
</Feature>
</Annotation>
<Annotation Id="318" Type="Token" StartNode="773" EndNode="782">
<Feature>
  <Name className="java.lang.String">string</Name>
  <Value className="java.lang.String">abortions</Value>
</Feature>
</Annotation>
<Annotation Id="298" Type="Token" StartNode="738" EndNode="744">
<Feature>
  <Name className="java.lang.String">string</Name>
  <Value className="java.lang.String">Dennis</Value>
</Feature>
</Annotation>
<Annotation Id="341" Type="Token" StartNode="841" EndNode="849">
<Feature>
  <Name className="java.lang.String">string</Name>
  <Value className="java.lang.String">premiums</Value>
</Feature>
</Annotation>
<Annotation Id="339" Type="Token" StartNode="831" EndNode="840">
<Feature>
  <Name className="java.lang.String">string</Name>
  <Value className="java.lang.String">insurance</Value>
</Feature>
</Annotation>
<Annotation Id="333" Type="Token" StartNode="813" EndNode="820">
<Feature>
  <Name className="java.lang.String">string</Name>
  <Value className="java.lang.String">suppose</Value>
</Feature>
</Annotation>
<Annotation Id="328" Type="Token" StartNode="796" EndNode="808">
<Feature>
  <Name className="java.lang.String">string</Name>
  <Value className="java.lang.String">unreasonable</Value>
</Feature>
</Annotation>
<Annotation Id="368" Type="Token" StartNode="914" EndNode="922">
<Feature>
  <Name className="java.lang.String">string</Name>
  <Value className="java.lang.String">abortion</Value>
</Feature>
</Annotation>
<Annotation Id="354" Type="Token" StartNode="874" EndNode="885">
<Feature>
  <Name className="java.lang.String">string</Name>
  <Value className="java.lang.String">possibility</Value>
</Feature>
</Annotation>
<Annotation Id="364" Type="Token" StartNode="903" EndNode="910">
<Feature>
  <Name className="java.lang.String">string</Name>
  <Value className="java.lang.String">getting</Value>
</Feature>
</Annotation>
<Annotation Id="404" Type="Token" StartNode="1008" EndNode="1019">
<Feature>
  <Name className="java.lang.String">string</Name>
  <Value className="java.lang.String">possibility</Value>
</Feature>
</Annotation>
<Annotation Id="394" Type="Token" StartNode="980" EndNode="986">
<Feature>
  <Name className="java.lang.String">string</Name>
  <Value className="java.lang.String">people</Value>
</Feature>
</Annotation>
<Annotation Id="396" Type="Token" StartNode="987" EndNode="993">
<Feature>
  <Name className="java.lang.String">string</Name>
  <Value className="java.lang.String">paying</Value>
</Feature>
</Annotation>
<Annotation Id="386" Type="Token" StartNode="958" EndNode="967">
<Feature>
  <Name className="java.lang.String">string</Name>
  <Value className="java.lang.String">objecting</Value>
</Feature>
</Annotation>
<Annotation Id="384" Type="Token" StartNode="951" EndNode="957">
<Feature>
  <Name className="java.lang.String">string</Name>
  <Value className="java.lang.String">really</Value>
</Feature>
</Annotation>
<Annotation Id="430" Type="Token" StartNode="1070" EndNode="1077">
<Feature>
  <Name className="java.lang.String">string</Name>
  <Value className="java.lang.String">Fischer</Value>
</Feature>
</Annotation>
<Annotation Id="420" Type="Token" StartNode="1051" EndNode="1059">
<Feature>
  <Name className="java.lang.String">string</Name>
  <Value className="java.lang.String">abortion</Value>
</Feature>
</Annotation>
<Annotation Id="467" Type="Token" StartNode="1149" EndNode="1155">
<Feature>
  <Name className="java.lang.String">string</Name>
  <Value className="java.lang.String">netcom</Value>
</Feature>
</Annotation>
<Annotation Id="459" Type="Token" StartNode="1128" EndNode="1135">
<Feature>
  <Name className="java.lang.String">string</Name>
  <Value className="java.lang.String">enemies</Value>
</Feature>
</Annotation>
<Annotation Id="457" Type="Token" StartNode="1118" EndNode="1127">
<Feature>
  <Name className="java.lang.String">string</Name>
  <Value className="java.lang.String">dangerous</Value>
</Feature>
</Annotation>
<Annotation Id="451" Type="Token" StartNode="1097" EndNode="1108">
<Feature>
  <Name className="java.lang.String">string</Name>
  <Value className="java.lang.String">Convictions</Value>
</Feature>
</Annotation>
<Annotation Id="497" Type="Token" StartNode="1192" EndNode="1201">
<Feature>
  <Name className="java.lang.String">string</Name>
  <Value className="java.lang.String">Friedrich</Value>
</Feature>
</Annotation>
<Annotation Id="499" Type="Token" StartNode="1202" EndNode="1211">
<Feature>
  <Name className="java.lang.String">string</Name>
  <Value className="java.lang.String">Nietzsche</Value>
</Feature>
</Annotation>
</AnnotationSet>
<AnnotationSet Name="Original markups"> </AnnotationSet>
</GateDocument>