<?xml version='1.0' encoding='UTF-8'?>
<GateDocument version="3">
<!-- The document's features-->

<GateDocumentFeatures>
<Feature>
  <Name className="java.lang.String">Original_document_content_on_load</Name>
  <Value className="java.lang.String"><![CDATA[From: djh4484@zeus.tamu.edu (HARTY, DANIEL JOSEPH)
Date: 26 Apr 1993 02:27 CDT
Organization: Texas A&M University, Academic Computing Services
Lines: 17
Distribution: usa
Message-ID: <26APR199302275460@zeus.tamu.edu>
References: <2001.150.uupcb@yob.sccsi.com> <93106.21394634AEJ7D@CMUVM.BITNET> <1qt8pt$ge4@geraldo.cc.utexas.edu>
NNTP-Posting-Host: zeus.tamu.edu
News-Software: VAX/VMS VNEWS 1.41    

In article <1qt8pt$ge4@geraldo.cc.utexas.edu>, mikey@ccwf.cc.utexas.edu (Strider) writes...
>In article <93106.21394634AEJ7D@CMUVM.BITNET> <34AEJ7D@CMUVM.BITNET> writes:
>|In article <2001.150.uupcb@yob.sccsi.com>, jim.wray@yob.sccsi.com (Jim Wray)
>|says:
>|>
>|> Bill Vojak:
Hey! If you can get it together, I'm all for it! I too am one of the poor
(a college student) Get a bank account set aside, and set aside a big ass
data base and you will get my contribution. I'm setting aside as of now 10$ 
a month. Not a slew of cash to be sure, but it's the best I can do. Let me
know what you guys come up with. I'm sure as hell not going anywhere.

E-Mail to DJH4484@RIGEL.TAMU.EDU
Death to Tyrants!  
							Kane
Better ideas anyone? Haven't heard 'em yet!

]]></Value>
</Feature>
<Feature>
  <Name className="java.lang.String">gate.SourceURL</Name>
  <Value className="java.lang.String">file:/C:/Users/jian/Documents/NetBeansProjects/NoiseReductionTechniques/mideastPoliticsMix/negative1162</Value>
</Feature>
</GateDocumentFeatures>
<!-- The document content area with serialized nodes -->

<TextWithNodes><Node id="0"/>From<Node id="4"/>:<Node id="5"/> <Node id="6"/>djh<Node id="9"/>4484<Node id="13"/>@<Node id="14"/>zeus<Node id="18"/>.<Node id="19"/>tamu<Node id="23"/>.<Node id="24"/>edu<Node id="27"/> <Node id="28"/>(<Node id="29"/>HARTY<Node id="34"/>,<Node id="35"/> <Node id="36"/>DANIEL<Node id="42"/> <Node id="43"/>JOSEPH<Node id="49"/>)<Node id="50"/>
<Node id="51"/>Date<Node id="55"/>:<Node id="56"/> <Node id="57"/>26<Node id="59"/> <Node id="60"/>Apr<Node id="63"/> <Node id="64"/>1993<Node id="68"/> <Node id="69"/>02<Node id="71"/>:<Node id="72"/>27<Node id="74"/> <Node id="75"/>CDT<Node id="78"/>
<Node id="79"/>Organization<Node id="91"/>:<Node id="92"/> <Node id="93"/>Texas<Node id="98"/> <Node id="99"/>A<Node id="100"/>&amp;<Node id="101"/>M<Node id="102"/> <Node id="103"/>University<Node id="113"/>,<Node id="114"/> <Node id="115"/>Academic<Node id="123"/> <Node id="124"/>Computing<Node id="133"/> <Node id="134"/>Services<Node id="142"/>
<Node id="143"/>Lines<Node id="148"/>:<Node id="149"/> <Node id="150"/>17<Node id="152"/>
<Node id="153"/>Distribution<Node id="165"/>:<Node id="166"/> <Node id="167"/>usa<Node id="170"/>
<Node id="171"/>Message-<Node id="179"/>ID<Node id="181"/>:<Node id="182"/> <Node id="183"/>&lt;<Node id="184"/>26<Node id="186"/>APR<Node id="189"/>199302275460<Node id="201"/>@<Node id="202"/>zeus<Node id="206"/>.<Node id="207"/>tamu<Node id="211"/>.<Node id="212"/>edu<Node id="215"/>&gt;<Node id="216"/>
<Node id="217"/>References<Node id="227"/>:<Node id="228"/> <Node id="229"/>&lt;<Node id="230"/>2001<Node id="234"/>.<Node id="235"/>150<Node id="238"/>.<Node id="239"/>uupcb<Node id="244"/>@<Node id="245"/>yob<Node id="248"/>.<Node id="249"/>sccsi<Node id="254"/>.<Node id="255"/>com<Node id="258"/>&gt;<Node id="259"/> <Node id="260"/>&lt;<Node id="261"/>93106<Node id="266"/>.<Node id="267"/>21394634<Node id="275"/>AEJ<Node id="278"/>7<Node id="279"/>D<Node id="280"/>@<Node id="281"/>CMUVM<Node id="286"/>.<Node id="287"/>BITNET<Node id="293"/>&gt;<Node id="294"/> <Node id="295"/>&lt;<Node id="296"/>1<Node id="297"/>qt<Node id="299"/>8<Node id="300"/>pt<Node id="302"/>$<Node id="303"/>ge<Node id="305"/>4<Node id="306"/>@<Node id="307"/>geraldo<Node id="314"/>.<Node id="315"/>cc<Node id="317"/>.<Node id="318"/>utexas<Node id="324"/>.<Node id="325"/>edu<Node id="328"/>&gt;<Node id="329"/>
<Node id="330"/>NNTP-Posting-Host<Node id="347"/>:<Node id="348"/> <Node id="349"/>zeus<Node id="353"/>.<Node id="354"/>tamu<Node id="358"/>.<Node id="359"/>edu<Node id="362"/>
<Node id="363"/>News-<Node id="368"/>Software<Node id="376"/>:<Node id="377"/> <Node id="378"/>VAX<Node id="381"/>/<Node id="382"/>VMS<Node id="385"/> <Node id="386"/>VNEWS<Node id="391"/> <Node id="392"/>1<Node id="393"/>.<Node id="394"/>41<Node id="396"/> <Node id="397"/> <Node id="398"/> <Node id="399"/> <Node id="400"/>
<Node id="401"/>
<Node id="402"/>In<Node id="404"/> <Node id="405"/>article<Node id="412"/> <Node id="413"/>&lt;<Node id="414"/>1<Node id="415"/>qt<Node id="417"/>8<Node id="418"/>pt<Node id="420"/>$<Node id="421"/>ge<Node id="423"/>4<Node id="424"/>@<Node id="425"/>geraldo<Node id="432"/>.<Node id="433"/>cc<Node id="435"/>.<Node id="436"/>utexas<Node id="442"/>.<Node id="443"/>edu<Node id="446"/>&gt;<Node id="447"/>,<Node id="448"/> <Node id="449"/>mikey<Node id="454"/>@<Node id="455"/>ccwf<Node id="459"/>.<Node id="460"/>cc<Node id="462"/>.<Node id="463"/>utexas<Node id="469"/>.<Node id="470"/>edu<Node id="473"/> <Node id="474"/>(<Node id="475"/>Strider<Node id="482"/>)<Node id="483"/> <Node id="484"/>writes<Node id="490"/>.<Node id="491"/>.<Node id="492"/>.<Node id="493"/>
<Node id="494"/>&gt;<Node id="495"/>In<Node id="497"/> <Node id="498"/>article<Node id="505"/> <Node id="506"/>&lt;<Node id="507"/>93106<Node id="512"/>.<Node id="513"/>21394634<Node id="521"/>AEJ<Node id="524"/>7<Node id="525"/>D<Node id="526"/>@<Node id="527"/>CMUVM<Node id="532"/>.<Node id="533"/>BITNET<Node id="539"/>&gt;<Node id="540"/> <Node id="541"/>&lt;<Node id="542"/>34<Node id="544"/>AEJ<Node id="547"/>7<Node id="548"/>D<Node id="549"/>@<Node id="550"/>CMUVM<Node id="555"/>.<Node id="556"/>BITNET<Node id="562"/>&gt;<Node id="563"/> <Node id="564"/>writes<Node id="570"/>:<Node id="571"/>
<Node id="572"/>&gt;<Node id="573"/>|<Node id="574"/>In<Node id="576"/> <Node id="577"/>article<Node id="584"/> <Node id="585"/>&lt;<Node id="586"/>2001<Node id="590"/>.<Node id="591"/>150<Node id="594"/>.<Node id="595"/>uupcb<Node id="600"/>@<Node id="601"/>yob<Node id="604"/>.<Node id="605"/>sccsi<Node id="610"/>.<Node id="611"/>com<Node id="614"/>&gt;<Node id="615"/>,<Node id="616"/> <Node id="617"/>jim<Node id="620"/>.<Node id="621"/>wray<Node id="625"/>@<Node id="626"/>yob<Node id="629"/>.<Node id="630"/>sccsi<Node id="635"/>.<Node id="636"/>com<Node id="639"/> <Node id="640"/>(<Node id="641"/>Jim<Node id="644"/> <Node id="645"/>Wray<Node id="649"/>)<Node id="650"/>
<Node id="651"/>&gt;<Node id="652"/>|<Node id="653"/>says<Node id="657"/>:<Node id="658"/>
<Node id="659"/>&gt;<Node id="660"/>|<Node id="661"/>&gt;<Node id="662"/>
<Node id="663"/>&gt;<Node id="664"/>|<Node id="665"/>&gt;<Node id="666"/> <Node id="667"/>Bill<Node id="671"/> <Node id="672"/>Vojak<Node id="677"/>:<Node id="678"/>
<Node id="679"/>Hey<Node id="682"/>!<Node id="683"/> <Node id="684"/>If<Node id="686"/> <Node id="687"/>you<Node id="690"/> <Node id="691"/>can<Node id="694"/> <Node id="695"/>get<Node id="698"/> <Node id="699"/>it<Node id="701"/> <Node id="702"/>together<Node id="710"/>,<Node id="711"/> <Node id="712"/>I<Node id="713"/>'m<Node id="715"/> <Node id="716"/>all<Node id="719"/> <Node id="720"/>for<Node id="723"/> <Node id="724"/>it<Node id="726"/>!<Node id="727"/> <Node id="728"/>I<Node id="729"/> <Node id="730"/>too<Node id="733"/> <Node id="734"/>am<Node id="736"/> <Node id="737"/>one<Node id="740"/> <Node id="741"/>of<Node id="743"/> <Node id="744"/>the<Node id="747"/> <Node id="748"/>poor<Node id="752"/>
<Node id="753"/>(<Node id="754"/>a<Node id="755"/> <Node id="756"/>college<Node id="763"/> <Node id="764"/>student<Node id="771"/>)<Node id="772"/> <Node id="773"/>Get<Node id="776"/> <Node id="777"/>a<Node id="778"/> <Node id="779"/>bank<Node id="783"/> <Node id="784"/>account<Node id="791"/> <Node id="792"/>set<Node id="795"/> <Node id="796"/>aside<Node id="801"/>,<Node id="802"/> <Node id="803"/>and<Node id="806"/> <Node id="807"/>set<Node id="810"/> <Node id="811"/>aside<Node id="816"/> <Node id="817"/>a<Node id="818"/> <Node id="819"/>big<Node id="822"/> <Node id="823"/>ass<Node id="826"/>
<Node id="827"/>data<Node id="831"/> <Node id="832"/>base<Node id="836"/> <Node id="837"/>and<Node id="840"/> <Node id="841"/>you<Node id="844"/> <Node id="845"/>will<Node id="849"/> <Node id="850"/>get<Node id="853"/> <Node id="854"/>my<Node id="856"/> <Node id="857"/>contribution<Node id="869"/>.<Node id="870"/> <Node id="871"/>I<Node id="872"/>'m<Node id="874"/> <Node id="875"/>setting<Node id="882"/> <Node id="883"/>aside<Node id="888"/> <Node id="889"/>as<Node id="891"/> <Node id="892"/>of<Node id="894"/> <Node id="895"/>now<Node id="898"/> <Node id="899"/>10<Node id="901"/>$<Node id="902"/> <Node id="903"/>
<Node id="904"/>a<Node id="905"/> <Node id="906"/>month<Node id="911"/>.<Node id="912"/> <Node id="913"/>Not<Node id="916"/> <Node id="917"/>a<Node id="918"/> <Node id="919"/>slew<Node id="923"/> <Node id="924"/>of<Node id="926"/> <Node id="927"/>cash<Node id="931"/> <Node id="932"/>to<Node id="934"/> <Node id="935"/>be<Node id="937"/> <Node id="938"/>sure<Node id="942"/>,<Node id="943"/> <Node id="944"/>but<Node id="947"/> <Node id="948"/>it<Node id="950"/>'s<Node id="952"/> <Node id="953"/>the<Node id="956"/> <Node id="957"/>best<Node id="961"/> <Node id="962"/>I<Node id="963"/> <Node id="964"/>can<Node id="967"/> <Node id="968"/>do<Node id="970"/>.<Node id="971"/> <Node id="972"/>Let<Node id="975"/> <Node id="976"/>me<Node id="978"/>
<Node id="979"/>know<Node id="983"/> <Node id="984"/>what<Node id="988"/> <Node id="989"/>you<Node id="992"/> <Node id="993"/>guys<Node id="997"/> <Node id="998"/>come<Node id="1002"/> <Node id="1003"/>up<Node id="1005"/> <Node id="1006"/>with<Node id="1010"/>.<Node id="1011"/> <Node id="1012"/>I<Node id="1013"/>'m<Node id="1015"/> <Node id="1016"/>sure<Node id="1020"/> <Node id="1021"/>as<Node id="1023"/> <Node id="1024"/>hell<Node id="1028"/> <Node id="1029"/>not<Node id="1032"/> <Node id="1033"/>going<Node id="1038"/> <Node id="1039"/>anywhere<Node id="1047"/>.<Node id="1048"/>
<Node id="1049"/>
<Node id="1050"/>E-Mail<Node id="1056"/> <Node id="1057"/>to<Node id="1059"/> <Node id="1060"/>DJH<Node id="1063"/>4484<Node id="1067"/>@<Node id="1068"/>RIGEL<Node id="1073"/>.<Node id="1074"/>TAMU<Node id="1078"/>.<Node id="1079"/>EDU<Node id="1082"/>
<Node id="1083"/>Death<Node id="1088"/> <Node id="1089"/>to<Node id="1091"/> <Node id="1092"/>Tyrants<Node id="1099"/>!<Node id="1100"/> <Node id="1101"/> <Node id="1102"/>
<Node id="1103"/>	<Node id="1104"/>	<Node id="1105"/>	<Node id="1106"/>	<Node id="1107"/>	<Node id="1108"/>	<Node id="1109"/>	<Node id="1110"/>Kane<Node id="1114"/>
<Node id="1115"/>Better<Node id="1121"/> <Node id="1122"/>ideas<Node id="1127"/> <Node id="1128"/>anyone<Node id="1134"/>?<Node id="1135"/> <Node id="1136"/>Have<Node id="1140"/>n't<Node id="1143"/> <Node id="1144"/>heard<Node id="1149"/> <Node id="1150"/>'em<Node id="1153"/> <Node id="1154"/>yet<Node id="1157"/>!<Node id="1158"/>
<Node id="1159"/>
<Node id="1160"/></TextWithNodes>
<!-- The default annotation set -->

<AnnotationSet>
<Annotation EndNode="1160" StartNode="0" Type="Mention" Id="9999999">
<Feature>
<Name classname="java.lang.String">Class</Name>
<Value classname="java.lang.String">0</Value>
</Feature>
</Annotation>

<Annotation Id="16" Type="Token" StartNode="36" EndNode="42">
<Feature>
  <Name className="java.lang.String">string</Name>
  <Value className="java.lang.String">DANIEL</Value>
</Feature>
</Annotation>
<Annotation Id="18" Type="Token" StartNode="43" EndNode="49">
<Feature>
  <Name className="java.lang.String">string</Name>
  <Value className="java.lang.String">JOSEPH</Value>
</Feature>
</Annotation>
<Annotation Id="36" Type="Token" StartNode="79" EndNode="91">
<Feature>
  <Name className="java.lang.String">string</Name>
  <Value className="java.lang.String">Organization</Value>
</Feature>
</Annotation>
<Annotation Id="45" Type="Token" StartNode="103" EndNode="113">
<Feature>
  <Name className="java.lang.String">string</Name>
  <Value className="java.lang.String">University</Value>
</Feature>
</Annotation>
<Annotation Id="50" Type="Token" StartNode="124" EndNode="133">
<Feature>
  <Name className="java.lang.String">string</Name>
  <Value className="java.lang.String">Computing</Value>
</Feature>
</Annotation>
<Annotation Id="48" Type="Token" StartNode="115" EndNode="123">
<Feature>
  <Name className="java.lang.String">string</Name>
  <Value className="java.lang.String">Academic</Value>
</Feature>
</Annotation>
<Annotation Id="52" Type="Token" StartNode="134" EndNode="142">
<Feature>
  <Name className="java.lang.String">string</Name>
  <Value className="java.lang.String">Services</Value>
</Feature>
</Annotation>
<Annotation Id="59" Type="Token" StartNode="153" EndNode="165">
<Feature>
  <Name className="java.lang.String">string</Name>
  <Value className="java.lang.String">Distribution</Value>
</Feature>
</Annotation>
<Annotation Id="71" Type="Token" StartNode="189" EndNode="201">
</Annotation>
<Annotation Id="64" Type="Token" StartNode="171" EndNode="179">
<Feature>
  <Name className="java.lang.String">string</Name>
  <Value className="java.lang.String">Message-</Value>
</Feature>
</Annotation>
<Annotation Id="80" Type="Token" StartNode="217" EndNode="227">
<Feature>
  <Name className="java.lang.String">string</Name>
  <Value className="java.lang.String">References</Value>
</Feature>
</Annotation>
<Annotation Id="100" Type="Token" StartNode="267" EndNode="275">
</Annotation>
<Annotation Id="107" Type="Token" StartNode="287" EndNode="293">
<Feature>
  <Name className="java.lang.String">string</Name>
  <Value className="java.lang.String">BITNET</Value>
</Feature>
</Annotation>
<Annotation Id="119" Type="Token" StartNode="307" EndNode="314">
<Feature>
  <Name className="java.lang.String">string</Name>
  <Value className="java.lang.String">geraldo</Value>
</Feature>
</Annotation>
<Annotation Id="123" Type="Token" StartNode="318" EndNode="324">
<Feature>
  <Name className="java.lang.String">string</Name>
  <Value className="java.lang.String">utexas</Value>
</Feature>
</Annotation>
<Annotation Id="138" Type="Token" StartNode="368" EndNode="376">
<Feature>
  <Name className="java.lang.String">string</Name>
  <Value className="java.lang.String">Software</Value>
</Feature>
</Annotation>
<Annotation Id="128" Type="Token" StartNode="330" EndNode="347">
<Feature>
  <Name className="java.lang.String">string</Name>
  <Value className="java.lang.String">NNTP-Posting-Host</Value>
</Feature>
</Annotation>
<Annotation Id="158" Type="Token" StartNode="405" EndNode="412">
<Feature>
  <Name className="java.lang.String">string</Name>
  <Value className="java.lang.String">article</Value>
</Feature>
</Annotation>
<Annotation Id="169" Type="Token" StartNode="425" EndNode="432">
<Feature>
  <Name className="java.lang.String">string</Name>
  <Value className="java.lang.String">geraldo</Value>
</Feature>
</Annotation>
<Annotation Id="173" Type="Token" StartNode="436" EndNode="442">
<Feature>
  <Name className="java.lang.String">string</Name>
  <Value className="java.lang.String">utexas</Value>
</Feature>
</Annotation>
<Annotation Id="185" Type="Token" StartNode="463" EndNode="469">
<Feature>
  <Name className="java.lang.String">string</Name>
  <Value className="java.lang.String">utexas</Value>
</Feature>
</Annotation>
<Annotation Id="190" Type="Token" StartNode="475" EndNode="482">
<Feature>
  <Name className="java.lang.String">string</Name>
  <Value className="java.lang.String">Strider</Value>
</Feature>
</Annotation>
<Annotation Id="206" Type="Token" StartNode="513" EndNode="521">
</Annotation>
<Annotation Id="201" Type="Token" StartNode="498" EndNode="505">
<Feature>
  <Name className="java.lang.String">string</Name>
  <Value className="java.lang.String">article</Value>
</Feature>
</Annotation>
<Annotation Id="193" Type="Token" StartNode="484" EndNode="490">
<Feature>
  <Name className="java.lang.String">string</Name>
  <Value className="java.lang.String">writes</Value>
</Feature>
</Annotation>
<Annotation Id="213" Type="Token" StartNode="533" EndNode="539">
<Feature>
  <Name className="java.lang.String">string</Name>
  <Value className="java.lang.String">BITNET</Value>
</Feature>
</Annotation>
<Annotation Id="234" Type="Token" StartNode="577" EndNode="584">
<Feature>
  <Name className="java.lang.String">string</Name>
  <Value className="java.lang.String">article</Value>
</Feature>
</Annotation>
<Annotation Id="227" Type="Token" StartNode="564" EndNode="570">
<Feature>
  <Name className="java.lang.String">string</Name>
  <Value className="java.lang.String">writes</Value>
</Feature>
</Annotation>
<Annotation Id="224" Type="Token" StartNode="556" EndNode="562">
<Feature>
  <Name className="java.lang.String">string</Name>
  <Value className="java.lang.String">BITNET</Value>
</Feature>
</Annotation>
<Annotation Id="298" Type="Token" StartNode="702" EndNode="710">
<Feature>
  <Name className="java.lang.String">string</Name>
  <Value className="java.lang.String">together</Value>
</Feature>
</Annotation>
<Annotation Id="340" Type="Token" StartNode="784" EndNode="791">
<Feature>
  <Name className="java.lang.String">string</Name>
  <Value className="java.lang.String">account</Value>
</Feature>
</Annotation>
<Annotation Id="331" Type="Token" StartNode="764" EndNode="771">
<Feature>
  <Name className="java.lang.String">string</Name>
  <Value className="java.lang.String">student</Value>
</Feature>
</Annotation>
<Annotation Id="329" Type="Token" StartNode="756" EndNode="763">
<Feature>
  <Name className="java.lang.String">string</Name>
  <Value className="java.lang.String">college</Value>
</Feature>
</Annotation>
<Annotation Id="373" Type="Token" StartNode="857" EndNode="869">
<Feature>
  <Name className="java.lang.String">string</Name>
  <Value className="java.lang.String">contribution</Value>
</Feature>
</Annotation>
<Annotation Id="380" Type="Token" StartNode="875" EndNode="882">
<Feature>
  <Name className="java.lang.String">string</Name>
  <Value className="java.lang.String">setting</Value>
</Feature>
</Annotation>
<Annotation Id="470" Type="Token" StartNode="1050" EndNode="1056">
<Feature>
  <Name className="java.lang.String">string</Name>
  <Value className="java.lang.String">E-Mail</Value>
</Feature>
</Annotation>
<Annotation Id="466" Type="Token" StartNode="1039" EndNode="1047">
<Feature>
  <Name className="java.lang.String">string</Name>
  <Value className="java.lang.String">anywhere</Value>
</Feature>
</Annotation>
<Annotation Id="505" Type="Token" StartNode="1128" EndNode="1134">
<Feature>
  <Name className="java.lang.String">string</Name>
  <Value className="java.lang.String">anyone</Value>
</Feature>
</Annotation>
<Annotation Id="501" Type="Token" StartNode="1115" EndNode="1121">
<Feature>
  <Name className="java.lang.String">string</Name>
  <Value className="java.lang.String">Better</Value>
</Feature>
</Annotation>
<Annotation Id="487" Type="Token" StartNode="1092" EndNode="1099">
<Feature>
  <Name className="java.lang.String">string</Name>
  <Value className="java.lang.String">Tyrants</Value>
</Feature>
</Annotation>
</AnnotationSet>
<AnnotationSet Name="Original markups"> </AnnotationSet>
</GateDocument>