<?xml version='1.0' encoding='UTF-8'?>
<GateDocument version="3">
<!-- The document's features-->

<GateDocumentFeatures>
<Feature>
  <Name className="java.lang.String">Original_document_content_on_load</Name>
  <Value className="java.lang.String"><![CDATA[From: kmr4@po.CWRU.edu (Keith M. Ryan)
Date: Fri, 16 Apr 1993 04:15:11 GMT
Organization: Case Western Reserve University
Lines: 15
Message-ID: <kmr4.1593.734933711@po.CWRU.edu>
References: <4fm9iYO00iV303voYt@andrew.cmu.edu> <C5Fuo2.FF8@news.cso.uiuc.edu>  <C5JrDE.M4z@news.cso.uiuc.edu>
NNTP-Posting-Host: b64635.student.cwru.edu

In article <C5JrDE.M4z@news.cso.uiuc.edu> cobb@alexia.lis.uiuc.edu (Mike Cobb) writes:

>Theory of Creationism: MY theistic view of the theory of creationism, (there 
>are many others) is stated in Genesis 1.  In the beginning God created
>the heavens and the earth.

	What was before the beginning?

--- 

        " Whatever promises that have been made can than be broken. "

        John Laws, a man without the honor to keep his given word.


]]></Value>
</Feature>
<Feature>
  <Name className="java.lang.String">gate.SourceURL</Name>
  <Value className="java.lang.String">file:/C:/Users/jian/Documents/NetBeansProjects/NoiseReductionTechniques/mideastPoliticsMix/negative1123</Value>
</Feature>
</GateDocumentFeatures>
<!-- The document content area with serialized nodes -->

<TextWithNodes><Node id="0"/>From<Node id="4"/>:<Node id="5"/> <Node id="6"/>kmr<Node id="9"/>4<Node id="10"/>@<Node id="11"/>po<Node id="13"/>.<Node id="14"/>CWRU<Node id="18"/>.<Node id="19"/>edu<Node id="22"/> <Node id="23"/>(<Node id="24"/>Keith<Node id="29"/> <Node id="30"/>M<Node id="31"/>.<Node id="32"/> <Node id="33"/>Ryan<Node id="37"/>)<Node id="38"/>
<Node id="39"/>Date<Node id="43"/>:<Node id="44"/> <Node id="45"/>Fri<Node id="48"/>,<Node id="49"/> <Node id="50"/>16<Node id="52"/> <Node id="53"/>Apr<Node id="56"/> <Node id="57"/>1993<Node id="61"/> <Node id="62"/>04<Node id="64"/>:<Node id="65"/>15<Node id="67"/>:<Node id="68"/>11<Node id="70"/> <Node id="71"/>GMT<Node id="74"/>
<Node id="75"/>Organization<Node id="87"/>:<Node id="88"/> <Node id="89"/>Case<Node id="93"/> <Node id="94"/>Western<Node id="101"/> <Node id="102"/>Reserve<Node id="109"/> <Node id="110"/>University<Node id="120"/>
<Node id="121"/>Lines<Node id="126"/>:<Node id="127"/> <Node id="128"/>15<Node id="130"/>
<Node id="131"/>Message-<Node id="139"/>ID<Node id="141"/>:<Node id="142"/> <Node id="143"/>&lt;<Node id="144"/>kmr<Node id="147"/>4<Node id="148"/>.<Node id="149"/>1593<Node id="153"/>.<Node id="154"/>734933711<Node id="163"/>@<Node id="164"/>po<Node id="166"/>.<Node id="167"/>CWRU<Node id="171"/>.<Node id="172"/>edu<Node id="175"/>&gt;<Node id="176"/>
<Node id="177"/>References<Node id="187"/>:<Node id="188"/> <Node id="189"/>&lt;<Node id="190"/>4<Node id="191"/>fm<Node id="193"/>9<Node id="194"/>iYO<Node id="197"/>00<Node id="199"/>iV<Node id="201"/>303<Node id="204"/>voYt<Node id="208"/>@<Node id="209"/>andrew<Node id="215"/>.<Node id="216"/>cmu<Node id="219"/>.<Node id="220"/>edu<Node id="223"/>&gt;<Node id="224"/> <Node id="225"/>&lt;<Node id="226"/>C<Node id="227"/>5<Node id="228"/>Fuo<Node id="231"/>2<Node id="232"/>.<Node id="233"/>FF<Node id="235"/>8<Node id="236"/>@<Node id="237"/>news<Node id="241"/>.<Node id="242"/>cso<Node id="245"/>.<Node id="246"/>uiuc<Node id="250"/>.<Node id="251"/>edu<Node id="254"/>&gt;<Node id="255"/> <Node id="256"/> <Node id="257"/>&lt;<Node id="258"/>C<Node id="259"/>5<Node id="260"/>JrDE<Node id="264"/>.<Node id="265"/>M<Node id="266"/>4<Node id="267"/>z<Node id="268"/>@<Node id="269"/>news<Node id="273"/>.<Node id="274"/>cso<Node id="277"/>.<Node id="278"/>uiuc<Node id="282"/>.<Node id="283"/>edu<Node id="286"/>&gt;<Node id="287"/>
<Node id="288"/>NNTP-Posting-Host<Node id="305"/>:<Node id="306"/> <Node id="307"/>b<Node id="308"/>64635<Node id="313"/>.<Node id="314"/>student<Node id="321"/>.<Node id="322"/>cwru<Node id="326"/>.<Node id="327"/>edu<Node id="330"/>
<Node id="331"/>
<Node id="332"/>In<Node id="334"/> <Node id="335"/>article<Node id="342"/> <Node id="343"/>&lt;<Node id="344"/>C<Node id="345"/>5<Node id="346"/>JrDE<Node id="350"/>.<Node id="351"/>M<Node id="352"/>4<Node id="353"/>z<Node id="354"/>@<Node id="355"/>news<Node id="359"/>.<Node id="360"/>cso<Node id="363"/>.<Node id="364"/>uiuc<Node id="368"/>.<Node id="369"/>edu<Node id="372"/>&gt;<Node id="373"/> <Node id="374"/>cobb<Node id="378"/>@<Node id="379"/>alexia<Node id="385"/>.<Node id="386"/>lis<Node id="389"/>.<Node id="390"/>uiuc<Node id="394"/>.<Node id="395"/>edu<Node id="398"/> <Node id="399"/>(<Node id="400"/>Mike<Node id="404"/> <Node id="405"/>Cobb<Node id="409"/>)<Node id="410"/> <Node id="411"/>writes<Node id="417"/>:<Node id="418"/>
<Node id="419"/>
<Node id="420"/>&gt;<Node id="421"/>Theory<Node id="427"/> <Node id="428"/>of<Node id="430"/> <Node id="431"/>Creationism<Node id="442"/>:<Node id="443"/> <Node id="444"/>MY<Node id="446"/> <Node id="447"/>theistic<Node id="455"/> <Node id="456"/>view<Node id="460"/> <Node id="461"/>of<Node id="463"/> <Node id="464"/>the<Node id="467"/> <Node id="468"/>theory<Node id="474"/> <Node id="475"/>of<Node id="477"/> <Node id="478"/>creationism<Node id="489"/>,<Node id="490"/> <Node id="491"/>(<Node id="492"/>there<Node id="497"/> <Node id="498"/>
<Node id="499"/>&gt;<Node id="500"/>are<Node id="503"/> <Node id="504"/>many<Node id="508"/> <Node id="509"/>others<Node id="515"/>)<Node id="516"/> <Node id="517"/>is<Node id="519"/> <Node id="520"/>stated<Node id="526"/> <Node id="527"/>in<Node id="529"/> <Node id="530"/>Genesis<Node id="537"/> <Node id="538"/>1<Node id="539"/>.<Node id="540"/> <Node id="541"/> <Node id="542"/>In<Node id="544"/> <Node id="545"/>the<Node id="548"/> <Node id="549"/>beginning<Node id="558"/> <Node id="559"/>God<Node id="562"/> <Node id="563"/>created<Node id="570"/>
<Node id="571"/>&gt;<Node id="572"/>the<Node id="575"/> <Node id="576"/>heavens<Node id="583"/> <Node id="584"/>and<Node id="587"/> <Node id="588"/>the<Node id="591"/> <Node id="592"/>earth<Node id="597"/>.<Node id="598"/>
<Node id="599"/>
<Node id="600"/>	<Node id="601"/>What<Node id="605"/> <Node id="606"/>was<Node id="609"/> <Node id="610"/>before<Node id="616"/> <Node id="617"/>the<Node id="620"/> <Node id="621"/>beginning<Node id="630"/>?<Node id="631"/>
<Node id="632"/>
<Node id="633"/>-<Node id="634"/>-<Node id="635"/>-<Node id="636"/> <Node id="637"/>
<Node id="638"/>
<Node id="639"/> <Node id="640"/> <Node id="641"/> <Node id="642"/> <Node id="643"/> <Node id="644"/> <Node id="645"/> <Node id="646"/> <Node id="647"/>"<Node id="648"/> <Node id="649"/>Whatever<Node id="657"/> <Node id="658"/>promises<Node id="666"/> <Node id="667"/>that<Node id="671"/> <Node id="672"/>have<Node id="676"/> <Node id="677"/>been<Node id="681"/> <Node id="682"/>made<Node id="686"/> <Node id="687"/>can<Node id="690"/> <Node id="691"/>than<Node id="695"/> <Node id="696"/>be<Node id="698"/> <Node id="699"/>broken<Node id="705"/>.<Node id="706"/> <Node id="707"/>"<Node id="708"/>
<Node id="709"/>
<Node id="710"/> <Node id="711"/> <Node id="712"/> <Node id="713"/> <Node id="714"/> <Node id="715"/> <Node id="716"/> <Node id="717"/> <Node id="718"/>John<Node id="722"/> <Node id="723"/>Laws<Node id="727"/>,<Node id="728"/> <Node id="729"/>a<Node id="730"/> <Node id="731"/>man<Node id="734"/> <Node id="735"/>without<Node id="742"/> <Node id="743"/>the<Node id="746"/> <Node id="747"/>honor<Node id="752"/> <Node id="753"/>to<Node id="755"/> <Node id="756"/>keep<Node id="760"/> <Node id="761"/>his<Node id="764"/> <Node id="765"/>given<Node id="770"/> <Node id="771"/>word<Node id="775"/>.<Node id="776"/>
<Node id="777"/>
<Node id="778"/>
<Node id="779"/></TextWithNodes>
<!-- The default annotation set -->

<AnnotationSet>
<Annotation EndNode="779" StartNode="0" Type="Mention" Id="9999999">
<Feature>
<Name classname="java.lang.String">Class</Name>
<Value classname="java.lang.String">0</Value>
</Feature>
</Annotation>

<Annotation Id="41" Type="Token" StartNode="75" EndNode="87">
<Feature>
  <Name className="java.lang.String">string</Name>
  <Value className="java.lang.String">Organization</Value>
</Feature>
</Annotation>
<Annotation Id="46" Type="Token" StartNode="94" EndNode="101">
<Feature>
  <Name className="java.lang.String">string</Name>
  <Value className="java.lang.String">Western</Value>
</Feature>
</Annotation>
<Annotation Id="50" Type="Token" StartNode="110" EndNode="120">
<Feature>
  <Name className="java.lang.String">string</Name>
  <Value className="java.lang.String">University</Value>
</Feature>
</Annotation>
<Annotation Id="48" Type="Token" StartNode="102" EndNode="109">
<Feature>
  <Name className="java.lang.String">string</Name>
  <Value className="java.lang.String">Reserve</Value>
</Feature>
</Annotation>
<Annotation Id="57" Type="Token" StartNode="131" EndNode="139">
<Feature>
  <Name className="java.lang.String">string</Name>
  <Value className="java.lang.String">Message-</Value>
</Feature>
</Annotation>
<Annotation Id="67" Type="Token" StartNode="154" EndNode="163">
</Annotation>
<Annotation Id="76" Type="Token" StartNode="177" EndNode="187">
<Feature>
  <Name className="java.lang.String">string</Name>
  <Value className="java.lang.String">References</Value>
</Feature>
</Annotation>
<Annotation Id="89" Type="Token" StartNode="209" EndNode="215">
<Feature>
  <Name className="java.lang.String">string</Name>
  <Value className="java.lang.String">andrew</Value>
</Feature>
</Annotation>
<Annotation Id="139" Type="Token" StartNode="314" EndNode="321">
<Feature>
  <Name className="java.lang.String">string</Name>
  <Value className="java.lang.String">student</Value>
</Feature>
</Annotation>
<Annotation Id="133" Type="Token" StartNode="288" EndNode="305">
<Feature>
  <Name className="java.lang.String">string</Name>
  <Value className="java.lang.String">NNTP-Posting-Host</Value>
</Feature>
</Annotation>
<Annotation Id="148" Type="Token" StartNode="335" EndNode="342">
<Feature>
  <Name className="java.lang.String">string</Name>
  <Value className="java.lang.String">article</Value>
</Feature>
</Annotation>
<Annotation Id="170" Type="Token" StartNode="379" EndNode="385">
<Feature>
  <Name className="java.lang.String">string</Name>
  <Value className="java.lang.String">alexia</Value>
</Feature>
</Annotation>
<Annotation Id="184" Type="Token" StartNode="411" EndNode="417">
<Feature>
  <Name className="java.lang.String">string</Name>
  <Value className="java.lang.String">writes</Value>
</Feature>
</Annotation>
<Annotation Id="189" Type="Token" StartNode="421" EndNode="427">
<Feature>
  <Name className="java.lang.String">string</Name>
  <Value className="java.lang.String">Theory</Value>
</Feature>
</Annotation>
<Annotation Id="206" Type="Token" StartNode="468" EndNode="474">
<Feature>
  <Name className="java.lang.String">string</Name>
  <Value className="java.lang.String">theory</Value>
</Feature>
</Annotation>
<Annotation Id="198" Type="Token" StartNode="447" EndNode="455">
<Feature>
  <Name className="java.lang.String">string</Name>
  <Value className="java.lang.String">theistic</Value>
</Feature>
</Annotation>
<Annotation Id="193" Type="Token" StartNode="431" EndNode="442">
<Feature>
  <Name className="java.lang.String">string</Name>
  <Value className="java.lang.String">Creationism</Value>
</Feature>
</Annotation>
<Annotation Id="222" Type="Token" StartNode="509" EndNode="515">
<Feature>
  <Name className="java.lang.String">string</Name>
  <Value className="java.lang.String">others</Value>
</Feature>
</Annotation>
<Annotation Id="210" Type="Token" StartNode="478" EndNode="489">
<Feature>
  <Name className="java.lang.String">string</Name>
  <Value className="java.lang.String">creationism</Value>
</Feature>
</Annotation>
<Annotation Id="231" Type="Token" StartNode="530" EndNode="537">
<Feature>
  <Name className="java.lang.String">string</Name>
  <Value className="java.lang.String">Genesis</Value>
</Feature>
</Annotation>
<Annotation Id="227" Type="Token" StartNode="520" EndNode="526">
<Feature>
  <Name className="java.lang.String">string</Name>
  <Value className="java.lang.String">stated</Value>
</Feature>
</Annotation>
<Annotation Id="250" Type="Token" StartNode="576" EndNode="583">
<Feature>
  <Name className="java.lang.String">string</Name>
  <Value className="java.lang.String">heavens</Value>
</Feature>
</Annotation>
<Annotation Id="245" Type="Token" StartNode="563" EndNode="570">
<Feature>
  <Name className="java.lang.String">string</Name>
  <Value className="java.lang.String">created</Value>
</Feature>
</Annotation>
<Annotation Id="241" Type="Token" StartNode="549" EndNode="558">
<Feature>
  <Name className="java.lang.String">string</Name>
  <Value className="java.lang.String">beginning</Value>
</Feature>
</Annotation>
<Annotation Id="265" Type="Token" StartNode="610" EndNode="616">
<Feature>
  <Name className="java.lang.String">string</Name>
  <Value className="java.lang.String">before</Value>
</Feature>
</Annotation>
<Annotation Id="269" Type="Token" StartNode="621" EndNode="630">
<Feature>
  <Name className="java.lang.String">string</Name>
  <Value className="java.lang.String">beginning</Value>
</Feature>
</Annotation>
<Annotation Id="307" Type="Token" StartNode="699" EndNode="705">
<Feature>
  <Name className="java.lang.String">string</Name>
  <Value className="java.lang.String">broken</Value>
</Feature>
</Annotation>
<Annotation Id="289" Type="Token" StartNode="649" EndNode="657">
<Feature>
  <Name className="java.lang.String">string</Name>
  <Value className="java.lang.String">Whatever</Value>
</Feature>
</Annotation>
<Annotation Id="291" Type="Token" StartNode="658" EndNode="666">
<Feature>
  <Name className="java.lang.String">string</Name>
  <Value className="java.lang.String">promises</Value>
</Feature>
</Annotation>
<Annotation Id="330" Type="Token" StartNode="735" EndNode="742">
<Feature>
  <Name className="java.lang.String">string</Name>
  <Value className="java.lang.String">without</Value>
</Feature>
</Annotation>
</AnnotationSet>
<AnnotationSet Name="Original markups"> </AnnotationSet>
</GateDocument>