<?xml version='1.0' encoding='UTF-8'?>
<GateDocument version="3">
<!-- The document's features-->

<GateDocumentFeatures>
<Feature>
  <Name className="java.lang.String">Original_document_content_on_load</Name>
  <Value className="java.lang.String">From: dlecoint@garnet.acns.fsu.edu (Darius A. Lecointe)
Message-ID: &lt;May.18.00.54.57.1993.9554@geneva.rutgers.edu>
Date: 18 May 93 04:54:58 GMT
Sender: hedrick@geneva.rutgers.edu
Organization: Florida State University
Lines: 19
Approved: christian@aramis.rutgers.edu

Ezek 22:26 God seems to be upset with the priests who have made no
difference between the holy and the profane.  This brought to my mind a
sermon I heard recently in which the speaker said "God's second name does
not begin with a D" referring, I believe, to use of God's holy name and
titles as swear words.  I was also reminded of the experience of Moses at
the burning bush when God told him "Take off your sandals, for the place
where you are standing is holy ground."

These and other texts seem to imply that God's people must treat holy
things differently from other "common" things, or "make a difference"
between holy and common things.

The obvious questions are 

What makes something holy? and How are Christians (primarily) supposed to
make this difference between holy and common things?  (e.g. God's name,
the Holy Spirit, the Holy Bible, etc.)

Darius
</Value>
</Feature>
<Feature>
  <Name className="java.lang.String">gate.SourceURL</Name>
  <Value className="java.lang.String">file:/C:/Users/jian/Documents/NetBeansProjects/NoiseReductionTechniques/mideastPoliticsMix/negative1072</Value>
</Feature>
</GateDocumentFeatures>
<!-- The document content area with serialized nodes -->

<TextWithNodes><Node id="0"/>From<Node id="4"/>:<Node id="5"/> <Node id="6"/>dlecoint<Node id="14"/>@<Node id="15"/>garnet<Node id="21"/>.<Node id="22"/>acns<Node id="26"/>.<Node id="27"/>fsu<Node id="30"/>.<Node id="31"/>edu<Node id="34"/> <Node id="35"/>(<Node id="36"/>Darius<Node id="42"/> <Node id="43"/>A<Node id="44"/>.<Node id="45"/> <Node id="46"/>Lecointe<Node id="54"/>)<Node id="55"/>
<Node id="56"/>Message-<Node id="64"/>ID<Node id="66"/>:<Node id="67"/> <Node id="68"/>&lt;<Node id="69"/>May<Node id="72"/>.<Node id="73"/>18<Node id="75"/>.<Node id="76"/>00<Node id="78"/>.<Node id="79"/>54<Node id="81"/>.<Node id="82"/>57<Node id="84"/>.<Node id="85"/>1993<Node id="89"/>.<Node id="90"/>9554<Node id="94"/>@<Node id="95"/>geneva<Node id="101"/>.<Node id="102"/>rutgers<Node id="109"/>.<Node id="110"/>edu<Node id="113"/>&gt;<Node id="114"/>
<Node id="115"/>Date<Node id="119"/>:<Node id="120"/> <Node id="121"/>18<Node id="123"/> <Node id="124"/>May<Node id="127"/> <Node id="128"/>93<Node id="130"/> <Node id="131"/>04<Node id="133"/>:<Node id="134"/>54<Node id="136"/>:<Node id="137"/>58<Node id="139"/> <Node id="140"/>GMT<Node id="143"/>
<Node id="144"/>Sender<Node id="150"/>:<Node id="151"/> <Node id="152"/>hedrick<Node id="159"/>@<Node id="160"/>geneva<Node id="166"/>.<Node id="167"/>rutgers<Node id="174"/>.<Node id="175"/>edu<Node id="178"/>
<Node id="179"/>Organization<Node id="191"/>:<Node id="192"/> <Node id="193"/>Florida<Node id="200"/> <Node id="201"/>State<Node id="206"/> <Node id="207"/>University<Node id="217"/>
<Node id="218"/>Lines<Node id="223"/>:<Node id="224"/> <Node id="225"/>19<Node id="227"/>
<Node id="228"/>Approved<Node id="236"/>:<Node id="237"/> <Node id="238"/>christian<Node id="247"/>@<Node id="248"/>aramis<Node id="254"/>.<Node id="255"/>rutgers<Node id="262"/>.<Node id="263"/>edu<Node id="266"/>
<Node id="267"/>
<Node id="268"/>Ezek<Node id="272"/> <Node id="273"/>22<Node id="275"/>:<Node id="276"/>26<Node id="278"/> <Node id="279"/>God<Node id="282"/> <Node id="283"/>seems<Node id="288"/> <Node id="289"/>to<Node id="291"/> <Node id="292"/>be<Node id="294"/> <Node id="295"/>upset<Node id="300"/> <Node id="301"/>with<Node id="305"/> <Node id="306"/>the<Node id="309"/> <Node id="310"/>priests<Node id="317"/> <Node id="318"/>who<Node id="321"/> <Node id="322"/>have<Node id="326"/> <Node id="327"/>made<Node id="331"/> <Node id="332"/>no<Node id="334"/>
<Node id="335"/>difference<Node id="345"/> <Node id="346"/>between<Node id="353"/> <Node id="354"/>the<Node id="357"/> <Node id="358"/>holy<Node id="362"/> <Node id="363"/>and<Node id="366"/> <Node id="367"/>the<Node id="370"/> <Node id="371"/>profane<Node id="378"/>.<Node id="379"/> <Node id="380"/> <Node id="381"/>This<Node id="385"/> <Node id="386"/>brought<Node id="393"/> <Node id="394"/>to<Node id="396"/> <Node id="397"/>my<Node id="399"/> <Node id="400"/>mind<Node id="404"/> <Node id="405"/>a<Node id="406"/>
<Node id="407"/>sermon<Node id="413"/> <Node id="414"/>I<Node id="415"/> <Node id="416"/>heard<Node id="421"/> <Node id="422"/>recently<Node id="430"/> <Node id="431"/>in<Node id="433"/> <Node id="434"/>which<Node id="439"/> <Node id="440"/>the<Node id="443"/> <Node id="444"/>speaker<Node id="451"/> <Node id="452"/>said<Node id="456"/> <Node id="457"/>"<Node id="458"/>God<Node id="461"/>'s<Node id="463"/> <Node id="464"/>second<Node id="470"/> <Node id="471"/>name<Node id="475"/> <Node id="476"/>does<Node id="480"/>
<Node id="481"/>not<Node id="484"/> <Node id="485"/>begin<Node id="490"/> <Node id="491"/>with<Node id="495"/> <Node id="496"/>a<Node id="497"/> <Node id="498"/>D<Node id="499"/>"<Node id="500"/> <Node id="501"/>referring<Node id="510"/>,<Node id="511"/> <Node id="512"/>I<Node id="513"/> <Node id="514"/>believe<Node id="521"/>,<Node id="522"/> <Node id="523"/>to<Node id="525"/> <Node id="526"/>use<Node id="529"/> <Node id="530"/>of<Node id="532"/> <Node id="533"/>God<Node id="536"/>'s<Node id="538"/> <Node id="539"/>holy<Node id="543"/> <Node id="544"/>name<Node id="548"/> <Node id="549"/>and<Node id="552"/>
<Node id="553"/>titles<Node id="559"/> <Node id="560"/>as<Node id="562"/> <Node id="563"/>swear<Node id="568"/> <Node id="569"/>words<Node id="574"/>.<Node id="575"/> <Node id="576"/> <Node id="577"/>I<Node id="578"/> <Node id="579"/>was<Node id="582"/> <Node id="583"/>also<Node id="587"/> <Node id="588"/>reminded<Node id="596"/> <Node id="597"/>of<Node id="599"/> <Node id="600"/>the<Node id="603"/> <Node id="604"/>experience<Node id="614"/> <Node id="615"/>of<Node id="617"/> <Node id="618"/>Moses<Node id="623"/> <Node id="624"/>at<Node id="626"/>
<Node id="627"/>the<Node id="630"/> <Node id="631"/>burning<Node id="638"/> <Node id="639"/>bush<Node id="643"/> <Node id="644"/>when<Node id="648"/> <Node id="649"/>God<Node id="652"/> <Node id="653"/>told<Node id="657"/> <Node id="658"/>him<Node id="661"/> <Node id="662"/>"<Node id="663"/>Take<Node id="667"/> <Node id="668"/>off<Node id="671"/> <Node id="672"/>your<Node id="676"/> <Node id="677"/>sandals<Node id="684"/>,<Node id="685"/> <Node id="686"/>for<Node id="689"/> <Node id="690"/>the<Node id="693"/> <Node id="694"/>place<Node id="699"/>
<Node id="700"/>where<Node id="705"/> <Node id="706"/>you<Node id="709"/> <Node id="710"/>are<Node id="713"/> <Node id="714"/>standing<Node id="722"/> <Node id="723"/>is<Node id="725"/> <Node id="726"/>holy<Node id="730"/> <Node id="731"/>ground<Node id="737"/>.<Node id="738"/>"<Node id="739"/>
<Node id="740"/>
<Node id="741"/>These<Node id="746"/> <Node id="747"/>and<Node id="750"/> <Node id="751"/>other<Node id="756"/> <Node id="757"/>texts<Node id="762"/> <Node id="763"/>seem<Node id="767"/> <Node id="768"/>to<Node id="770"/> <Node id="771"/>imply<Node id="776"/> <Node id="777"/>that<Node id="781"/> <Node id="782"/>God<Node id="785"/>'s<Node id="787"/> <Node id="788"/>people<Node id="794"/> <Node id="795"/>must<Node id="799"/> <Node id="800"/>treat<Node id="805"/> <Node id="806"/>holy<Node id="810"/>
<Node id="811"/>things<Node id="817"/> <Node id="818"/>differently<Node id="829"/> <Node id="830"/>from<Node id="834"/> <Node id="835"/>other<Node id="840"/> <Node id="841"/>"<Node id="842"/>common<Node id="848"/>"<Node id="849"/> <Node id="850"/>things<Node id="856"/>,<Node id="857"/> <Node id="858"/>or<Node id="860"/> <Node id="861"/>"<Node id="862"/>make<Node id="866"/> <Node id="867"/>a<Node id="868"/> <Node id="869"/>difference<Node id="879"/>"<Node id="880"/>
<Node id="881"/>between<Node id="888"/> <Node id="889"/>holy<Node id="893"/> <Node id="894"/>and<Node id="897"/> <Node id="898"/>common<Node id="904"/> <Node id="905"/>things<Node id="911"/>.<Node id="912"/>
<Node id="913"/>
<Node id="914"/>The<Node id="917"/> <Node id="918"/>obvious<Node id="925"/> <Node id="926"/>questions<Node id="935"/> <Node id="936"/>are<Node id="939"/> <Node id="940"/>
<Node id="941"/>
<Node id="942"/>What<Node id="946"/> <Node id="947"/>makes<Node id="952"/> <Node id="953"/>something<Node id="962"/> <Node id="963"/>holy<Node id="967"/>?<Node id="968"/> <Node id="969"/>and<Node id="972"/> <Node id="973"/>How<Node id="976"/> <Node id="977"/>are<Node id="980"/> <Node id="981"/>Christians<Node id="991"/> <Node id="992"/>(<Node id="993"/>primarily<Node id="1002"/>)<Node id="1003"/> <Node id="1004"/>supposed<Node id="1012"/> <Node id="1013"/>to<Node id="1015"/>
<Node id="1016"/>make<Node id="1020"/> <Node id="1021"/>this<Node id="1025"/> <Node id="1026"/>difference<Node id="1036"/> <Node id="1037"/>between<Node id="1044"/> <Node id="1045"/>holy<Node id="1049"/> <Node id="1050"/>and<Node id="1053"/> <Node id="1054"/>common<Node id="1060"/> <Node id="1061"/>things<Node id="1067"/>?<Node id="1068"/> <Node id="1069"/> <Node id="1070"/>(<Node id="1071"/>e<Node id="1072"/>.<Node id="1073"/>g<Node id="1074"/>.<Node id="1075"/> <Node id="1076"/>God<Node id="1079"/>'s<Node id="1081"/> <Node id="1082"/>name<Node id="1086"/>,<Node id="1087"/>
<Node id="1088"/>the<Node id="1091"/> <Node id="1092"/>Holy<Node id="1096"/> <Node id="1097"/>Spirit<Node id="1103"/>,<Node id="1104"/> <Node id="1105"/>the<Node id="1108"/> <Node id="1109"/>Holy<Node id="1113"/> <Node id="1114"/>Bible<Node id="1119"/>,<Node id="1120"/> <Node id="1121"/>etc<Node id="1124"/>.<Node id="1125"/>)<Node id="1126"/>
<Node id="1127"/>
<Node id="1128"/>Darius<Node id="1134"/>
<Node id="1135"/></TextWithNodes>
<!-- The default annotation set -->

<AnnotationSet>
<Annotation EndNode="1135" StartNode="0" Type="Mention" Id="9999999">
<Feature>
<Name classname="java.lang.String">Class</Name>
<Value classname="java.lang.String">0</Value>
</Feature>
</Annotation>

<Annotation Id="3" Type="Token" StartNode="6" EndNode="14">
<Feature>
  <Name className="java.lang.String">string</Name>
  <Value className="java.lang.String">dlecoint</Value>
</Feature>
</Annotation>
<Annotation Id="5" Type="Token" StartNode="15" EndNode="21">
<Feature>
  <Name className="java.lang.String">string</Name>
  <Value className="java.lang.String">garnet</Value>
</Feature>
</Annotation>
<Annotation Id="14" Type="Token" StartNode="36" EndNode="42">
<Feature>
  <Name className="java.lang.String">string</Name>
  <Value className="java.lang.String">Darius</Value>
</Feature>
</Annotation>
<Annotation Id="19" Type="Token" StartNode="46" EndNode="54">
<Feature>
  <Name className="java.lang.String">string</Name>
  <Value className="java.lang.String">Lecointe</Value>
</Feature>
</Annotation>
<Annotation Id="22" Type="Token" StartNode="56" EndNode="64">
<Feature>
  <Name className="java.lang.String">string</Name>
  <Value className="java.lang.String">Message-</Value>
</Feature>
</Annotation>
<Annotation Id="43" Type="Token" StartNode="102" EndNode="109">
<Feature>
  <Name className="java.lang.String">string</Name>
  <Value className="java.lang.String">rutgers</Value>
</Feature>
</Annotation>
<Annotation Id="41" Type="Token" StartNode="95" EndNode="101">
<Feature>
  <Name className="java.lang.String">string</Name>
  <Value className="java.lang.String">geneva</Value>
</Feature>
</Annotation>
<Annotation Id="68" Type="Token" StartNode="152" EndNode="159">
<Feature>
  <Name className="java.lang.String">string</Name>
  <Value className="java.lang.String">hedrick</Value>
</Feature>
</Annotation>
<Annotation Id="70" Type="Token" StartNode="160" EndNode="166">
<Feature>
  <Name className="java.lang.String">string</Name>
  <Value className="java.lang.String">geneva</Value>
</Feature>
</Annotation>
<Annotation Id="65" Type="Token" StartNode="144" EndNode="150">
<Feature>
  <Name className="java.lang.String">string</Name>
  <Value className="java.lang.String">Sender</Value>
</Feature>
</Annotation>
<Annotation Id="76" Type="Token" StartNode="179" EndNode="191">
<Feature>
  <Name className="java.lang.String">string</Name>
  <Value className="java.lang.String">Organization</Value>
</Feature>
</Annotation>
<Annotation Id="79" Type="Token" StartNode="193" EndNode="200">
<Feature>
  <Name className="java.lang.String">string</Name>
  <Value className="java.lang.String">Florida</Value>
</Feature>
</Annotation>
<Annotation Id="72" Type="Token" StartNode="167" EndNode="174">
<Feature>
  <Name className="java.lang.String">string</Name>
  <Value className="java.lang.String">rutgers</Value>
</Feature>
</Annotation>
<Annotation Id="83" Type="Token" StartNode="207" EndNode="217">
<Feature>
  <Name className="java.lang.String">string</Name>
  <Value className="java.lang.String">University</Value>
</Feature>
</Annotation>
<Annotation Id="93" Type="Token" StartNode="238" EndNode="247">
<Feature>
  <Name className="java.lang.String">string</Name>
  <Value className="java.lang.String">christian</Value>
</Feature>
</Annotation>
<Annotation Id="95" Type="Token" StartNode="248" EndNode="254">
<Feature>
  <Name className="java.lang.String">string</Name>
  <Value className="java.lang.String">aramis</Value>
</Feature>
</Annotation>
<Annotation Id="90" Type="Token" StartNode="228" EndNode="236">
<Feature>
  <Name className="java.lang.String">string</Name>
  <Value className="java.lang.String">Approved</Value>
</Feature>
</Annotation>
<Annotation Id="97" Type="Token" StartNode="255" EndNode="262">
<Feature>
  <Name className="java.lang.String">string</Name>
  <Value className="java.lang.String">rutgers</Value>
</Feature>
</Annotation>
<Annotation Id="122" Type="Token" StartNode="310" EndNode="317">
<Feature>
  <Name className="java.lang.String">string</Name>
  <Value className="java.lang.String">priests</Value>
</Feature>
</Annotation>
<Annotation Id="132" Type="Token" StartNode="335" EndNode="345">
<Feature>
  <Name className="java.lang.String">string</Name>
  <Value className="java.lang.String">difference</Value>
</Feature>
</Annotation>
<Annotation Id="134" Type="Token" StartNode="346" EndNode="353">
<Feature>
  <Name className="java.lang.String">string</Name>
  <Value className="java.lang.String">between</Value>
</Feature>
</Annotation>
<Annotation Id="144" Type="Token" StartNode="371" EndNode="378">
<Feature>
  <Name className="java.lang.String">string</Name>
  <Value className="java.lang.String">profane</Value>
</Feature>
</Annotation>
<Annotation Id="150" Type="Token" StartNode="386" EndNode="393">
<Feature>
  <Name className="java.lang.String">string</Name>
  <Value className="java.lang.String">brought</Value>
</Feature>
</Annotation>
<Annotation Id="174" Type="Token" StartNode="444" EndNode="451">
<Feature>
  <Name className="java.lang.String">string</Name>
  <Value className="java.lang.String">speaker</Value>
</Feature>
</Annotation>
<Annotation Id="160" Type="Token" StartNode="407" EndNode="413">
<Feature>
  <Name className="java.lang.String">string</Name>
  <Value className="java.lang.String">sermon</Value>
</Feature>
</Annotation>
<Annotation Id="166" Type="Token" StartNode="422" EndNode="430">
<Feature>
  <Name className="java.lang.String">string</Name>
  <Value className="java.lang.String">recently</Value>
</Feature>
</Annotation>
<Annotation Id="183" Type="Token" StartNode="464" EndNode="470">
<Feature>
  <Name className="java.lang.String">string</Name>
  <Value className="java.lang.String">second</Value>
</Feature>
</Annotation>
<Annotation Id="205" Type="Token" StartNode="514" EndNode="521">
<Feature>
  <Name className="java.lang.String">string</Name>
  <Value className="java.lang.String">believe</Value>
</Feature>
</Annotation>
<Annotation Id="200" Type="Token" StartNode="501" EndNode="510">
<Feature>
  <Name className="java.lang.String">string</Name>
  <Value className="java.lang.String">referring</Value>
</Feature>
</Annotation>
<Annotation Id="224" Type="Token" StartNode="553" EndNode="559">
<Feature>
  <Name className="java.lang.String">string</Name>
  <Value className="java.lang.String">titles</Value>
</Feature>
</Annotation>
<Annotation Id="246" Type="Token" StartNode="604" EndNode="614">
<Feature>
  <Name className="java.lang.String">string</Name>
  <Value className="java.lang.String">experience</Value>
</Feature>
</Annotation>
<Annotation Id="240" Type="Token" StartNode="588" EndNode="596">
<Feature>
  <Name className="java.lang.String">string</Name>
  <Value className="java.lang.String">reminded</Value>
</Feature>
</Annotation>
<Annotation Id="275" Type="Token" StartNode="677" EndNode="684">
<Feature>
  <Name className="java.lang.String">string</Name>
  <Value className="java.lang.String">sandals</Value>
</Feature>
</Annotation>
<Annotation Id="256" Type="Token" StartNode="631" EndNode="638">
<Feature>
  <Name className="java.lang.String">string</Name>
  <Value className="java.lang.String">burning</Value>
</Feature>
</Annotation>
<Annotation Id="290" Type="Token" StartNode="714" EndNode="722">
<Feature>
  <Name className="java.lang.String">string</Name>
  <Value className="java.lang.String">standing</Value>
</Feature>
</Annotation>
<Annotation Id="296" Type="Token" StartNode="731" EndNode="737">
<Feature>
  <Name className="java.lang.String">string</Name>
  <Value className="java.lang.String">ground</Value>
</Feature>
</Annotation>
<Annotation Id="341" Type="Token" StartNode="850" EndNode="856">
<Feature>
  <Name className="java.lang.String">string</Name>
  <Value className="java.lang.String">things</Value>
</Feature>
</Annotation>
<Annotation Id="338" Type="Token" StartNode="842" EndNode="848">
<Feature>
  <Name className="java.lang.String">string</Name>
  <Value className="java.lang.String">common</Value>
</Feature>
</Annotation>
<Annotation Id="351" Type="Token" StartNode="869" EndNode="879">
<Feature>
  <Name className="java.lang.String">string</Name>
  <Value className="java.lang.String">difference</Value>
</Feature>
</Annotation>
<Annotation Id="321" Type="Token" StartNode="788" EndNode="794">
<Feature>
  <Name className="java.lang.String">string</Name>
  <Value className="java.lang.String">people</Value>
</Feature>
</Annotation>
<Annotation Id="331" Type="Token" StartNode="818" EndNode="829">
<Feature>
  <Name className="java.lang.String">string</Name>
  <Value className="java.lang.String">differently</Value>
</Feature>
</Annotation>
<Annotation Id="329" Type="Token" StartNode="811" EndNode="817">
<Feature>
  <Name className="java.lang.String">string</Name>
  <Value className="java.lang.String">things</Value>
</Feature>
</Annotation>
<Annotation Id="368" Type="Token" StartNode="918" EndNode="925">
<Feature>
  <Name className="java.lang.String">string</Name>
  <Value className="java.lang.String">obvious</Value>
</Feature>
</Annotation>
<Annotation Id="370" Type="Token" StartNode="926" EndNode="935">
<Feature>
  <Name className="java.lang.String">string</Name>
  <Value className="java.lang.String">questions</Value>
</Feature>
</Annotation>
<Annotation Id="380" Type="Token" StartNode="953" EndNode="962">
<Feature>
  <Name className="java.lang.String">string</Name>
  <Value className="java.lang.String">something</Value>
</Feature>
</Annotation>
<Annotation Id="354" Type="Token" StartNode="881" EndNode="888">
<Feature>
  <Name className="java.lang.String">string</Name>
  <Value className="java.lang.String">between</Value>
</Feature>
</Annotation>
<Annotation Id="360" Type="Token" StartNode="898" EndNode="904">
<Feature>
  <Name className="java.lang.String">string</Name>
  <Value className="java.lang.String">common</Value>
</Feature>
</Annotation>
<Annotation Id="362" Type="Token" StartNode="905" EndNode="911">
<Feature>
  <Name className="java.lang.String">string</Name>
  <Value className="java.lang.String">things</Value>
</Feature>
</Annotation>
<Annotation Id="415" Type="Token" StartNode="1061" EndNode="1067">
<Feature>
  <Name className="java.lang.String">string</Name>
  <Value className="java.lang.String">things</Value>
</Feature>
</Annotation>
<Annotation Id="413" Type="Token" StartNode="1054" EndNode="1060">
<Feature>
  <Name className="java.lang.String">string</Name>
  <Value className="java.lang.String">common</Value>
</Feature>
</Annotation>
<Annotation Id="407" Type="Token" StartNode="1037" EndNode="1044">
<Feature>
  <Name className="java.lang.String">string</Name>
  <Value className="java.lang.String">between</Value>
</Feature>
</Annotation>
<Annotation Id="405" Type="Token" StartNode="1026" EndNode="1036">
<Feature>
  <Name className="java.lang.String">string</Name>
  <Value className="java.lang.String">difference</Value>
</Feature>
</Annotation>
<Annotation Id="394" Type="Token" StartNode="993" EndNode="1002">
<Feature>
  <Name className="java.lang.String">string</Name>
  <Value className="java.lang.String">primarily</Value>
</Feature>
</Annotation>
<Annotation Id="397" Type="Token" StartNode="1004" EndNode="1012">
<Feature>
  <Name className="java.lang.String">string</Name>
  <Value className="java.lang.String">supposed</Value>
</Feature>
</Annotation>
<Annotation Id="391" Type="Token" StartNode="981" EndNode="991">
<Feature>
  <Name className="java.lang.String">string</Name>
  <Value className="java.lang.String">Christians</Value>
</Feature>
</Annotation>
<Annotation Id="436" Type="Token" StartNode="1097" EndNode="1103">
<Feature>
  <Name className="java.lang.String">string</Name>
  <Value className="java.lang.String">Spirit</Value>
</Feature>
</Annotation>
<Annotation Id="451" Type="Token" StartNode="1128" EndNode="1134">
<Feature>
  <Name className="java.lang.String">string</Name>
  <Value className="java.lang.String">Darius</Value>
</Feature>
</Annotation>
</AnnotationSet>
<AnnotationSet Name="Original markups"> </AnnotationSet>
</GateDocument>