<?xml version='1.0' encoding='UTF-8'?>
<GateDocument version="3">
<!-- The document's features-->

<GateDocumentFeatures>
<Feature>
  <Name className="java.lang.String">Original_document_content_on_load</Name>
  <Value className="java.lang.String"><![CDATA[From: stephen@orchid.UCSC.EDU ()
Date: 20 Apr 1993 15:10:12 GMT
Organization: Santa Cruz
Lines: 24
Message-ID: <1r13okINN92u@darkstar.UCSC.EDU>
References: <1993Apr16.164638.27218@galileo.cc.rochester.edu> <1993Apr17.024646.28396@news.cs.brandeis.edu> <15437@optilink.COM>
NNTP-Posting-Host: orchid.ucsc.edu

In article <15437@optilink.COM> cramer@optilink.COM (Clayton Cramer) writes:
>In article <1993Apr17.024646.28396@news.cs.brandeis.edu>, st923336@pip.cc.brandeis.edu (BLORT! eeeep! Hwaaah.) writes:
>> 	Wouldn't one expect more heterosexual men than gay men to be 
>> promiscuous simply due to a larger group of potential partners?
>> 
>> 	Just a thought.
>> 						-Matt
>
>You might -- except that gay men are MUCH more promiscuous than
>straight men -- which shows how damaged and screwed up gay men are.
>

This is getting sad.  All you can do is make this ridiculous statements,
based upon some old information and a Press Democrat article that was
poorly written.

Please show the numbers for your use of "MUCH more".  I have not seen
them.  And I want them to be true and accurate, or at least show a 
trend within the everyday gay population.

There are all kinds of 'damaged and screwed up' people, and most of
them are not gay.

Keep it up, you just shoot your own position down over and over.
]]></Value>
</Feature>
<Feature>
  <Name className="java.lang.String">gate.SourceURL</Name>
  <Value className="java.lang.String">file:/C:/Users/jian/Documents/NetBeansProjects/NoiseReductionTechniques/mideastPoliticsMix/negative1093</Value>
</Feature>
</GateDocumentFeatures>
<!-- The document content area with serialized nodes -->

<TextWithNodes><Node id="0"/>From<Node id="4"/>:<Node id="5"/> <Node id="6"/>stephen<Node id="13"/>@<Node id="14"/>orchid<Node id="20"/>.<Node id="21"/>UCSC<Node id="25"/>.<Node id="26"/>EDU<Node id="29"/> <Node id="30"/>(<Node id="31"/>)<Node id="32"/>
<Node id="33"/>Date<Node id="37"/>:<Node id="38"/> <Node id="39"/>20<Node id="41"/> <Node id="42"/>Apr<Node id="45"/> <Node id="46"/>1993<Node id="50"/> <Node id="51"/>15<Node id="53"/>:<Node id="54"/>10<Node id="56"/>:<Node id="57"/>12<Node id="59"/> <Node id="60"/>GMT<Node id="63"/>
<Node id="64"/>Organization<Node id="76"/>:<Node id="77"/> <Node id="78"/>Santa<Node id="83"/> <Node id="84"/>Cruz<Node id="88"/>
<Node id="89"/>Lines<Node id="94"/>:<Node id="95"/> <Node id="96"/>24<Node id="98"/>
<Node id="99"/>Message-<Node id="107"/>ID<Node id="109"/>:<Node id="110"/> <Node id="111"/>&lt;<Node id="112"/>1<Node id="113"/>r<Node id="114"/>13<Node id="116"/>okINN<Node id="121"/>92<Node id="123"/>u<Node id="124"/>@<Node id="125"/>darkstar<Node id="133"/>.<Node id="134"/>UCSC<Node id="138"/>.<Node id="139"/>EDU<Node id="142"/>&gt;<Node id="143"/>
<Node id="144"/>References<Node id="154"/>:<Node id="155"/> <Node id="156"/>&lt;<Node id="157"/>1993<Node id="161"/>Apr<Node id="164"/>16<Node id="166"/>.<Node id="167"/>164638<Node id="173"/>.<Node id="174"/>27218<Node id="179"/>@<Node id="180"/>galileo<Node id="187"/>.<Node id="188"/>cc<Node id="190"/>.<Node id="191"/>rochester<Node id="200"/>.<Node id="201"/>edu<Node id="204"/>&gt;<Node id="205"/> <Node id="206"/>&lt;<Node id="207"/>1993<Node id="211"/>Apr<Node id="214"/>17<Node id="216"/>.<Node id="217"/>024646<Node id="223"/>.<Node id="224"/>28396<Node id="229"/>@<Node id="230"/>news<Node id="234"/>.<Node id="235"/>cs<Node id="237"/>.<Node id="238"/>brandeis<Node id="246"/>.<Node id="247"/>edu<Node id="250"/>&gt;<Node id="251"/> <Node id="252"/>&lt;<Node id="253"/>15437<Node id="258"/>@<Node id="259"/>optilink<Node id="267"/>.<Node id="268"/>COM<Node id="271"/>&gt;<Node id="272"/>
<Node id="273"/>NNTP-Posting-Host<Node id="290"/>:<Node id="291"/> <Node id="292"/>orchid<Node id="298"/>.<Node id="299"/>ucsc<Node id="303"/>.<Node id="304"/>edu<Node id="307"/>
<Node id="308"/>
<Node id="309"/>In<Node id="311"/> <Node id="312"/>article<Node id="319"/> <Node id="320"/>&lt;<Node id="321"/>15437<Node id="326"/>@<Node id="327"/>optilink<Node id="335"/>.<Node id="336"/>COM<Node id="339"/>&gt;<Node id="340"/> <Node id="341"/>cramer<Node id="347"/>@<Node id="348"/>optilink<Node id="356"/>.<Node id="357"/>COM<Node id="360"/> <Node id="361"/>(<Node id="362"/>Clayton<Node id="369"/> <Node id="370"/>Cramer<Node id="376"/>)<Node id="377"/> <Node id="378"/>writes<Node id="384"/>:<Node id="385"/>
<Node id="386"/>&gt;<Node id="387"/>In<Node id="389"/> <Node id="390"/>article<Node id="397"/> <Node id="398"/>&lt;<Node id="399"/>1993<Node id="403"/>Apr<Node id="406"/>17<Node id="408"/>.<Node id="409"/>024646<Node id="415"/>.<Node id="416"/>28396<Node id="421"/>@<Node id="422"/>news<Node id="426"/>.<Node id="427"/>cs<Node id="429"/>.<Node id="430"/>brandeis<Node id="438"/>.<Node id="439"/>edu<Node id="442"/>&gt;<Node id="443"/>,<Node id="444"/> <Node id="445"/>st<Node id="447"/>923336<Node id="453"/>@<Node id="454"/>pip<Node id="457"/>.<Node id="458"/>cc<Node id="460"/>.<Node id="461"/>brandeis<Node id="469"/>.<Node id="470"/>edu<Node id="473"/> <Node id="474"/>(<Node id="475"/>BLORT<Node id="480"/>!<Node id="481"/> <Node id="482"/>eeeep<Node id="487"/>!<Node id="488"/> <Node id="489"/>Hwaaah<Node id="495"/>.<Node id="496"/>)<Node id="497"/> <Node id="498"/>writes<Node id="504"/>:<Node id="505"/>
<Node id="506"/>&gt;<Node id="507"/>&gt;<Node id="508"/> <Node id="509"/>	<Node id="510"/>Would<Node id="515"/>n't<Node id="518"/> <Node id="519"/>one<Node id="522"/> <Node id="523"/>expect<Node id="529"/> <Node id="530"/>more<Node id="534"/> <Node id="535"/>heterosexual<Node id="547"/> <Node id="548"/>men<Node id="551"/> <Node id="552"/>than<Node id="556"/> <Node id="557"/>gay<Node id="560"/> <Node id="561"/>men<Node id="564"/> <Node id="565"/>to<Node id="567"/> <Node id="568"/>be<Node id="570"/> <Node id="571"/>
<Node id="572"/>&gt;<Node id="573"/>&gt;<Node id="574"/> <Node id="575"/>promiscuous<Node id="586"/> <Node id="587"/>simply<Node id="593"/> <Node id="594"/>due<Node id="597"/> <Node id="598"/>to<Node id="600"/> <Node id="601"/>a<Node id="602"/> <Node id="603"/>larger<Node id="609"/> <Node id="610"/>group<Node id="615"/> <Node id="616"/>of<Node id="618"/> <Node id="619"/>potential<Node id="628"/> <Node id="629"/>partners<Node id="637"/>?<Node id="638"/>
<Node id="639"/>&gt;<Node id="640"/>&gt;<Node id="641"/> <Node id="642"/>
<Node id="643"/>&gt;<Node id="644"/>&gt;<Node id="645"/> <Node id="646"/>	<Node id="647"/>Just<Node id="651"/> <Node id="652"/>a<Node id="653"/> <Node id="654"/>thought<Node id="661"/>.<Node id="662"/>
<Node id="663"/>&gt;<Node id="664"/>&gt;<Node id="665"/> <Node id="666"/>	<Node id="667"/>	<Node id="668"/>	<Node id="669"/>	<Node id="670"/>	<Node id="671"/>	<Node id="672"/>-<Node id="673"/>Matt<Node id="677"/>
<Node id="678"/>&gt;<Node id="679"/>
<Node id="680"/>&gt;<Node id="681"/>You<Node id="684"/> <Node id="685"/>might<Node id="690"/> <Node id="691"/>-<Node id="692"/>-<Node id="693"/> <Node id="694"/>except<Node id="700"/> <Node id="701"/>that<Node id="705"/> <Node id="706"/>gay<Node id="709"/> <Node id="710"/>men<Node id="713"/> <Node id="714"/>are<Node id="717"/> <Node id="718"/>MUCH<Node id="722"/> <Node id="723"/>more<Node id="727"/> <Node id="728"/>promiscuous<Node id="739"/> <Node id="740"/>than<Node id="744"/>
<Node id="745"/>&gt;<Node id="746"/>straight<Node id="754"/> <Node id="755"/>men<Node id="758"/> <Node id="759"/>-<Node id="760"/>-<Node id="761"/> <Node id="762"/>which<Node id="767"/> <Node id="768"/>shows<Node id="773"/> <Node id="774"/>how<Node id="777"/> <Node id="778"/>damaged<Node id="785"/> <Node id="786"/>and<Node id="789"/> <Node id="790"/>screwed<Node id="797"/> <Node id="798"/>up<Node id="800"/> <Node id="801"/>gay<Node id="804"/> <Node id="805"/>men<Node id="808"/> <Node id="809"/>are<Node id="812"/>.<Node id="813"/>
<Node id="814"/>&gt;<Node id="815"/>
<Node id="816"/>
<Node id="817"/>This<Node id="821"/> <Node id="822"/>is<Node id="824"/> <Node id="825"/>getting<Node id="832"/> <Node id="833"/>sad<Node id="836"/>.<Node id="837"/> <Node id="838"/> <Node id="839"/>All<Node id="842"/> <Node id="843"/>you<Node id="846"/> <Node id="847"/>can<Node id="850"/> <Node id="851"/>do<Node id="853"/> <Node id="854"/>is<Node id="856"/> <Node id="857"/>make<Node id="861"/> <Node id="862"/>this<Node id="866"/> <Node id="867"/>ridiculous<Node id="877"/> <Node id="878"/>statements<Node id="888"/>,<Node id="889"/>
<Node id="890"/>based<Node id="895"/> <Node id="896"/>upon<Node id="900"/> <Node id="901"/>some<Node id="905"/> <Node id="906"/>old<Node id="909"/> <Node id="910"/>information<Node id="921"/> <Node id="922"/>and<Node id="925"/> <Node id="926"/>a<Node id="927"/> <Node id="928"/>Press<Node id="933"/> <Node id="934"/>Democrat<Node id="942"/> <Node id="943"/>article<Node id="950"/> <Node id="951"/>that<Node id="955"/> <Node id="956"/>was<Node id="959"/>
<Node id="960"/>poorly<Node id="966"/> <Node id="967"/>written<Node id="974"/>.<Node id="975"/>
<Node id="976"/>
<Node id="977"/>Please<Node id="983"/> <Node id="984"/>show<Node id="988"/> <Node id="989"/>the<Node id="992"/> <Node id="993"/>numbers<Node id="1000"/> <Node id="1001"/>for<Node id="1004"/> <Node id="1005"/>your<Node id="1009"/> <Node id="1010"/>use<Node id="1013"/> <Node id="1014"/>of<Node id="1016"/> <Node id="1017"/>"<Node id="1018"/>MUCH<Node id="1022"/> <Node id="1023"/>more<Node id="1027"/>"<Node id="1028"/>.<Node id="1029"/> <Node id="1030"/> <Node id="1031"/>I<Node id="1032"/> <Node id="1033"/>have<Node id="1037"/> <Node id="1038"/>not<Node id="1041"/> <Node id="1042"/>seen<Node id="1046"/>
<Node id="1047"/>them<Node id="1051"/>.<Node id="1052"/> <Node id="1053"/> <Node id="1054"/>And<Node id="1057"/> <Node id="1058"/>I<Node id="1059"/> <Node id="1060"/>want<Node id="1064"/> <Node id="1065"/>them<Node id="1069"/> <Node id="1070"/>to<Node id="1072"/> <Node id="1073"/>be<Node id="1075"/> <Node id="1076"/>true<Node id="1080"/> <Node id="1081"/>and<Node id="1084"/> <Node id="1085"/>accurate<Node id="1093"/>,<Node id="1094"/> <Node id="1095"/>or<Node id="1097"/> <Node id="1098"/>at<Node id="1100"/> <Node id="1101"/>least<Node id="1106"/> <Node id="1107"/>show<Node id="1111"/> <Node id="1112"/>a<Node id="1113"/> <Node id="1114"/>
<Node id="1115"/>trend<Node id="1120"/> <Node id="1121"/>within<Node id="1127"/> <Node id="1128"/>the<Node id="1131"/> <Node id="1132"/>everyday<Node id="1140"/> <Node id="1141"/>gay<Node id="1144"/> <Node id="1145"/>population<Node id="1155"/>.<Node id="1156"/>
<Node id="1157"/>
<Node id="1158"/>There<Node id="1163"/> <Node id="1164"/>are<Node id="1167"/> <Node id="1168"/>all<Node id="1171"/> <Node id="1172"/>kinds<Node id="1177"/> <Node id="1178"/>of<Node id="1180"/> <Node id="1181"/>'<Node id="1182"/>damaged<Node id="1189"/> <Node id="1190"/>and<Node id="1193"/> <Node id="1194"/>screwed<Node id="1201"/> <Node id="1202"/>up<Node id="1204"/>'<Node id="1205"/> <Node id="1206"/>people<Node id="1212"/>,<Node id="1213"/> <Node id="1214"/>and<Node id="1217"/> <Node id="1218"/>most<Node id="1222"/> <Node id="1223"/>of<Node id="1225"/>
<Node id="1226"/>them<Node id="1230"/> <Node id="1231"/>are<Node id="1234"/> <Node id="1235"/>not<Node id="1238"/> <Node id="1239"/>gay<Node id="1242"/>.<Node id="1243"/>
<Node id="1244"/>
<Node id="1245"/>Keep<Node id="1249"/> <Node id="1250"/>it<Node id="1252"/> <Node id="1253"/>up<Node id="1255"/>,<Node id="1256"/> <Node id="1257"/>you<Node id="1260"/> <Node id="1261"/>just<Node id="1265"/> <Node id="1266"/>shoot<Node id="1271"/> <Node id="1272"/>your<Node id="1276"/> <Node id="1277"/>own<Node id="1280"/> <Node id="1281"/>position<Node id="1289"/> <Node id="1290"/>down<Node id="1294"/> <Node id="1295"/>over<Node id="1299"/> <Node id="1300"/>and<Node id="1303"/> <Node id="1304"/>over<Node id="1308"/>.<Node id="1309"/>
<Node id="1310"/></TextWithNodes>
<!-- The default annotation set -->

<AnnotationSet>
<Annotation EndNode="1310" StartNode="0" Type="Mention" Id="9999999">
<Feature>
<Name classname="java.lang.String">Class</Name>
<Value classname="java.lang.String">0</Value>
</Feature>
</Annotation>

<Annotation Id="3" Type="Token" StartNode="6" EndNode="13">
<Feature>
  <Name className="java.lang.String">string</Name>
  <Value className="java.lang.String">stephen</Value>
</Feature>
</Annotation>
<Annotation Id="5" Type="Token" StartNode="14" EndNode="20">
<Feature>
  <Name className="java.lang.String">string</Name>
  <Value className="java.lang.String">orchid</Value>
</Feature>
</Annotation>
<Annotation Id="31" Type="Token" StartNode="64" EndNode="76">
<Feature>
  <Name className="java.lang.String">string</Name>
  <Value className="java.lang.String">Organization</Value>
</Feature>
</Annotation>
<Annotation Id="43" Type="Token" StartNode="99" EndNode="107">
<Feature>
  <Name className="java.lang.String">string</Name>
  <Value className="java.lang.String">Message-</Value>
</Feature>
</Annotation>
<Annotation Id="55" Type="Token" StartNode="125" EndNode="133">
<Feature>
  <Name className="java.lang.String">string</Name>
  <Value className="java.lang.String">darkstar</Value>
</Feature>
</Annotation>
<Annotation Id="62" Type="Token" StartNode="144" EndNode="154">
<Feature>
  <Name className="java.lang.String">string</Name>
  <Value className="java.lang.String">References</Value>
</Feature>
</Annotation>
<Annotation Id="70" Type="Token" StartNode="167" EndNode="173">
</Annotation>
<Annotation Id="78" Type="Token" StartNode="191" EndNode="200">
<Feature>
  <Name className="java.lang.String">string</Name>
  <Value className="java.lang.String">rochester</Value>
</Feature>
</Annotation>
<Annotation Id="74" Type="Token" StartNode="180" EndNode="187">
<Feature>
  <Name className="java.lang.String">string</Name>
  <Value className="java.lang.String">galileo</Value>
</Feature>
</Annotation>
<Annotation Id="88" Type="Token" StartNode="217" EndNode="223">
</Annotation>
<Annotation Id="96" Type="Token" StartNode="238" EndNode="246">
<Feature>
  <Name className="java.lang.String">string</Name>
  <Value className="java.lang.String">brandeis</Value>
</Feature>
</Annotation>
<Annotation Id="109" Type="Token" StartNode="273" EndNode="290">
<Feature>
  <Name className="java.lang.String">string</Name>
  <Value className="java.lang.String">NNTP-Posting-Host</Value>
</Feature>
</Annotation>
<Annotation Id="104" Type="Token" StartNode="259" EndNode="267">
<Feature>
  <Name className="java.lang.String">string</Name>
  <Value className="java.lang.String">optilink</Value>
</Feature>
</Annotation>
<Annotation Id="112" Type="Token" StartNode="292" EndNode="298">
<Feature>
  <Name className="java.lang.String">string</Name>
  <Value className="java.lang.String">orchid</Value>
</Feature>
</Annotation>
<Annotation Id="126" Type="Token" StartNode="327" EndNode="335">
<Feature>
  <Name className="java.lang.String">string</Name>
  <Value className="java.lang.String">optilink</Value>
</Feature>
</Annotation>
<Annotation Id="121" Type="Token" StartNode="312" EndNode="319">
<Feature>
  <Name className="java.lang.String">string</Name>
  <Value className="java.lang.String">article</Value>
</Feature>
</Annotation>
<Annotation Id="138" Type="Token" StartNode="362" EndNode="369">
<Feature>
  <Name className="java.lang.String">string</Name>
  <Value className="java.lang.String">Clayton</Value>
</Feature>
</Annotation>
<Annotation Id="140" Type="Token" StartNode="370" EndNode="376">
<Feature>
  <Name className="java.lang.String">string</Name>
  <Value className="java.lang.String">Cramer</Value>
</Feature>
</Annotation>
<Annotation Id="143" Type="Token" StartNode="378" EndNode="384">
<Feature>
  <Name className="java.lang.String">string</Name>
  <Value className="java.lang.String">writes</Value>
</Feature>
</Annotation>
<Annotation Id="131" Type="Token" StartNode="341" EndNode="347">
<Feature>
  <Name className="java.lang.String">string</Name>
  <Value className="java.lang.String">cramer</Value>
</Feature>
</Annotation>
<Annotation Id="133" Type="Token" StartNode="348" EndNode="356">
<Feature>
  <Name className="java.lang.String">string</Name>
  <Value className="java.lang.String">optilink</Value>
</Feature>
</Annotation>
<Annotation Id="156" Type="Token" StartNode="409" EndNode="415">
</Annotation>
<Annotation Id="149" Type="Token" StartNode="390" EndNode="397">
<Feature>
  <Name className="java.lang.String">string</Name>
  <Value className="java.lang.String">article</Value>
</Feature>
</Annotation>
<Annotation Id="171" Type="Token" StartNode="447" EndNode="453">
</Annotation>
<Annotation Id="164" Type="Token" StartNode="430" EndNode="438">
<Feature>
  <Name className="java.lang.String">string</Name>
  <Value className="java.lang.String">brandeis</Value>
</Feature>
</Annotation>
<Annotation Id="188" Type="Token" StartNode="489" EndNode="495">
<Feature>
  <Name className="java.lang.String">string</Name>
  <Value className="java.lang.String">Hwaaah</Value>
</Feature>
</Annotation>
<Annotation Id="177" Type="Token" StartNode="461" EndNode="469">
<Feature>
  <Name className="java.lang.String">string</Name>
  <Value className="java.lang.String">brandeis</Value>
</Feature>
</Annotation>
<Annotation Id="205" Type="Token" StartNode="523" EndNode="529">
<Feature>
  <Name className="java.lang.String">string</Name>
  <Value className="java.lang.String">expect</Value>
</Feature>
</Annotation>
<Annotation Id="192" Type="Token" StartNode="498" EndNode="504">
<Feature>
  <Name className="java.lang.String">string</Name>
  <Value className="java.lang.String">writes</Value>
</Feature>
</Annotation>
<Annotation Id="209" Type="Token" StartNode="535" EndNode="547">
<Feature>
  <Name className="java.lang.String">string</Name>
  <Value className="java.lang.String">heterosexual</Value>
</Feature>
</Annotation>
<Annotation Id="237" Type="Token" StartNode="603" EndNode="609">
<Feature>
  <Name className="java.lang.String">string</Name>
  <Value className="java.lang.String">larger</Value>
</Feature>
</Annotation>
<Annotation Id="229" Type="Token" StartNode="587" EndNode="593">
<Feature>
  <Name className="java.lang.String">string</Name>
  <Value className="java.lang.String">simply</Value>
</Feature>
</Annotation>
<Annotation Id="227" Type="Token" StartNode="575" EndNode="586">
<Feature>
  <Name className="java.lang.String">string</Name>
  <Value className="java.lang.String">promiscuous</Value>
</Feature>
</Annotation>
<Annotation Id="245" Type="Token" StartNode="629" EndNode="637">
<Feature>
  <Name className="java.lang.String">string</Name>
  <Value className="java.lang.String">partners</Value>
</Feature>
</Annotation>
<Annotation Id="243" Type="Token" StartNode="619" EndNode="628">
<Feature>
  <Name className="java.lang.String">string</Name>
  <Value className="java.lang.String">potential</Value>
</Feature>
</Annotation>
<Annotation Id="285" Type="Token" StartNode="694" EndNode="700">
<Feature>
  <Name className="java.lang.String">string</Name>
  <Value className="java.lang.String">except</Value>
</Feature>
</Annotation>
<Annotation Id="260" Type="Token" StartNode="654" EndNode="661">
<Feature>
  <Name className="java.lang.String">string</Name>
  <Value className="java.lang.String">thought</Value>
</Feature>
</Annotation>
<Annotation Id="304" Type="Token" StartNode="746" EndNode="754">
<Feature>
  <Name className="java.lang.String">string</Name>
  <Value className="java.lang.String">straight</Value>
</Feature>
</Annotation>
<Annotation Id="317" Type="Token" StartNode="778" EndNode="785">
<Feature>
  <Name className="java.lang.String">string</Name>
  <Value className="java.lang.String">damaged</Value>
</Feature>
</Annotation>
<Annotation Id="299" Type="Token" StartNode="728" EndNode="739">
<Feature>
  <Name className="java.lang.String">string</Name>
  <Value className="java.lang.String">promiscuous</Value>
</Feature>
</Annotation>
<Annotation Id="339" Type="Token" StartNode="825" EndNode="832">
<Feature>
  <Name className="java.lang.String">string</Name>
  <Value className="java.lang.String">getting</Value>
</Feature>
</Annotation>
<Annotation Id="321" Type="Token" StartNode="790" EndNode="797">
<Feature>
  <Name className="java.lang.String">string</Name>
  <Value className="java.lang.String">screwed</Value>
</Feature>
</Annotation>
<Annotation Id="372" Type="Token" StartNode="910" EndNode="921">
<Feature>
  <Name className="java.lang.String">string</Name>
  <Value className="java.lang.String">information</Value>
</Feature>
</Annotation>
<Annotation Id="380" Type="Token" StartNode="934" EndNode="942">
<Feature>
  <Name className="java.lang.String">string</Name>
  <Value className="java.lang.String">Democrat</Value>
</Feature>
</Annotation>
<Annotation Id="382" Type="Token" StartNode="943" EndNode="950">
<Feature>
  <Name className="java.lang.String">string</Name>
  <Value className="java.lang.String">article</Value>
</Feature>
</Annotation>
<Annotation Id="359" Type="Token" StartNode="867" EndNode="877">
<Feature>
  <Name className="java.lang.String">string</Name>
  <Value className="java.lang.String">ridiculous</Value>
</Feature>
</Annotation>
<Annotation Id="361" Type="Token" StartNode="878" EndNode="888">
<Feature>
  <Name className="java.lang.String">string</Name>
  <Value className="java.lang.String">statements</Value>
</Feature>
</Annotation>
<Annotation Id="400" Type="Token" StartNode="993" EndNode="1000">
<Feature>
  <Name className="java.lang.String">string</Name>
  <Value className="java.lang.String">numbers</Value>
</Feature>
</Annotation>
<Annotation Id="394" Type="Token" StartNode="977" EndNode="983">
<Feature>
  <Name className="java.lang.String">string</Name>
  <Value className="java.lang.String">Please</Value>
</Feature>
</Annotation>
<Annotation Id="390" Type="Token" StartNode="967" EndNode="974">
<Feature>
  <Name className="java.lang.String">string</Name>
  <Value className="java.lang.String">written</Value>
</Feature>
</Annotation>
<Annotation Id="388" Type="Token" StartNode="960" EndNode="966">
<Feature>
  <Name className="java.lang.String">string</Name>
  <Value className="java.lang.String">poorly</Value>
</Feature>
</Annotation>
<Annotation Id="446" Type="Token" StartNode="1085" EndNode="1093">
<Feature>
  <Name className="java.lang.String">string</Name>
  <Value className="java.lang.String">accurate</Value>
</Feature>
</Annotation>
<Annotation Id="470" Type="Token" StartNode="1145" EndNode="1155">
<Feature>
  <Name className="java.lang.String">string</Name>
  <Value className="java.lang.String">population</Value>
</Feature>
</Annotation>
<Annotation Id="466" Type="Token" StartNode="1132" EndNode="1140">
<Feature>
  <Name className="java.lang.String">string</Name>
  <Value className="java.lang.String">everyday</Value>
</Feature>
</Annotation>
<Annotation Id="462" Type="Token" StartNode="1121" EndNode="1127">
<Feature>
  <Name className="java.lang.String">string</Name>
  <Value className="java.lang.String">within</Value>
</Feature>
</Annotation>
<Annotation Id="494" Type="Token" StartNode="1206" EndNode="1212">
<Feature>
  <Name className="java.lang.String">string</Name>
  <Value className="java.lang.String">people</Value>
</Feature>
</Annotation>
<Annotation Id="489" Type="Token" StartNode="1194" EndNode="1201">
<Feature>
  <Name className="java.lang.String">string</Name>
  <Value className="java.lang.String">screwed</Value>
</Feature>
</Annotation>
<Annotation Id="485" Type="Token" StartNode="1182" EndNode="1189">
<Feature>
  <Name className="java.lang.String">string</Name>
  <Value className="java.lang.String">damaged</Value>
</Feature>
</Annotation>
<Annotation Id="530" Type="Token" StartNode="1281" EndNode="1289">
<Feature>
  <Name className="java.lang.String">string</Name>
  <Value className="java.lang.String">position</Value>
</Feature>
</Annotation>
</AnnotationSet>
<AnnotationSet Name="Original markups"> </AnnotationSet>
</GateDocument>