<?xml version='1.0' encoding='UTF-8'?>
<GateDocument version="3">
<!-- The document's features-->

<GateDocumentFeatures>
<Feature>
  <Name className="java.lang.String">Original_document_content_on_load</Name>
  <Value className="java.lang.String">From: bobsarv@microsoft.com (Bob Sarver)
Message-ID: &lt;1993Apr16.230314.969@microsoft.com>
Date: 16 Apr 93 23:03:14 GMT
Organization: Microsoft Corp.
References: &lt;1993Apr8.212619.9252@tc.fluke.COM> 
Distribution: usa
Lines: 85


/(emery)
/The one single historic event that has had the biggest impact on the
/world over the centuries is the resurrection of Jesus.  

This is hardly possible, as the majority of people in the world were
born, lived their life, and died, without ever knowing anything about
Christ.  The majority of the rest of the world have decided that he 
is not who Emery thinks he is.



/(emery)
/Why were the writers of the New Testament documents so convinced that
/Jesus really did rise from the dead?
/We have four gospel accounts.  

I am leaving out all "proofs" of Emery's which rely on quoting the
bible as proof.  Circular reasoning, etc.  There have been occasions
already stated many times for later generations of Xtians to change,
edit, or otherwise alter the bible to fit their political gospel.
And if we accept the bible as true just because the bible says it
is true, then (to be fair) we have to do the same to the Bhagavad-Gita
and the Koran, both of which contradict the bible.

Enough said.



/(emery)
/Yet we have no reason to believe these disciples to be immoral and dishonest.
/We have no historic information that would lead us to the conclusion that
/these people were not God-fearing people who sincerely and whole-heartedly
/believed that the resurrection of their Lord Jesus was a real event.
/And for what gain would they lie?  To make a stand at that time meant 
/persecution, imprisonment, and perhaps even death.

Again, this is only the biblical account and there is no independent proof
of any of this happening.  It just isn't there.

Besides, simply being sincere or willing to die for your faith does not
make your faith correct.  There are Muslims dying in Bosnia right now;
does the fact that they are willing to die for Islam mean that Islam is
the correct religion?




(emery)
/History bears out the persecution of Christians.  Roman historian, Cornelius 
/Tacitus, Govenor of Asia, in A.D. 112, writing of Nero's reign, alluded to 
/the torture of Christians in Rome:


All you have proven is that these people were tortured for their faith.  That
does not prove that their faith is true or correct; it just means that they
were sincere in their beliefs. 

Being willing to die for what you believe doesn't make your belief the truth.
It's not that easy.  And minority religions have always suffered torture;
Muslims suffer torture and harassment in India and Bosnia today.  All religions
are harassed in China today.  You haven't proven anything so far.



/(emery)
/With all the suffering and persecution that it meant to be a believer, it
/would be quite probable that at least one of those in the supposed conspiracy
/would come forward and confess that the whole thing was a big hoax.  

Not if they didn't believe that it was a hoax.  


/(emery)
/Yet not one did.  It seems rather reasonable that the disciples did not make
/up the resurrection but sincerely believed that Jesus had actually risen
/from the dead; especially in light of the sufferings that came upon those
/who believed.

The followers of Muhammad firmly believed in the miracles that the Koran
says Muhammad performed.  They were attacked and slaughtered for their
beliefs.  They didn't denounce Muhammad or Islam.  If you are correct,
then that means Islam is the true faith.

You see how stupid your proofs are?  
</Value>
</Feature>
<Feature>
  <Name className="java.lang.String">gate.SourceURL</Name>
  <Value className="java.lang.String">file:/C:/Users/jian/Documents/NetBeansProjects/NoiseReductionTechniques/mideastPoliticsMix/negative142</Value>
</Feature>
</GateDocumentFeatures>
<!-- The document content area with serialized nodes -->

<TextWithNodes><Node id="0"/>From<Node id="4"/>:<Node id="5"/> <Node id="6"/>bobsarv<Node id="13"/>@<Node id="14"/>microsoft<Node id="23"/>.<Node id="24"/>com<Node id="27"/> <Node id="28"/>(<Node id="29"/>Bob<Node id="32"/> <Node id="33"/>Sarver<Node id="39"/>)<Node id="40"/>
<Node id="41"/>Message-<Node id="49"/>ID<Node id="51"/>:<Node id="52"/> <Node id="53"/>&lt;<Node id="54"/>1993<Node id="58"/>Apr<Node id="61"/>16<Node id="63"/>.<Node id="64"/>230314<Node id="70"/>.<Node id="71"/>969<Node id="74"/>@<Node id="75"/>microsoft<Node id="84"/>.<Node id="85"/>com<Node id="88"/>&gt;<Node id="89"/>
<Node id="90"/>Date<Node id="94"/>:<Node id="95"/> <Node id="96"/>16<Node id="98"/> <Node id="99"/>Apr<Node id="102"/> <Node id="103"/>93<Node id="105"/> <Node id="106"/>23<Node id="108"/>:<Node id="109"/>03<Node id="111"/>:<Node id="112"/>14<Node id="114"/> <Node id="115"/>GMT<Node id="118"/>
<Node id="119"/>Organization<Node id="131"/>:<Node id="132"/> <Node id="133"/>Microsoft<Node id="142"/> <Node id="143"/>Corp<Node id="147"/>.<Node id="148"/>
<Node id="149"/>References<Node id="159"/>:<Node id="160"/> <Node id="161"/>&lt;<Node id="162"/>1993<Node id="166"/>Apr<Node id="169"/>8<Node id="170"/>.<Node id="171"/>212619<Node id="177"/>.<Node id="178"/>9252<Node id="182"/>@<Node id="183"/>tc<Node id="185"/>.<Node id="186"/>fluke<Node id="191"/>.<Node id="192"/>COM<Node id="195"/>&gt;<Node id="196"/> <Node id="197"/>
<Node id="198"/>Distribution<Node id="210"/>:<Node id="211"/> <Node id="212"/>usa<Node id="215"/>
<Node id="216"/>Lines<Node id="221"/>:<Node id="222"/> <Node id="223"/>85<Node id="225"/>
<Node id="226"/>
<Node id="227"/>
<Node id="228"/>/<Node id="229"/>(<Node id="230"/>emery<Node id="235"/>)<Node id="236"/>
<Node id="237"/>/<Node id="238"/>The<Node id="241"/> <Node id="242"/>one<Node id="245"/> <Node id="246"/>single<Node id="252"/> <Node id="253"/>historic<Node id="261"/> <Node id="262"/>event<Node id="267"/> <Node id="268"/>that<Node id="272"/> <Node id="273"/>has<Node id="276"/> <Node id="277"/>had<Node id="280"/> <Node id="281"/>the<Node id="284"/> <Node id="285"/>biggest<Node id="292"/> <Node id="293"/>impact<Node id="299"/> <Node id="300"/>on<Node id="302"/> <Node id="303"/>the<Node id="306"/>
<Node id="307"/>/<Node id="308"/>world<Node id="313"/> <Node id="314"/>over<Node id="318"/> <Node id="319"/>the<Node id="322"/> <Node id="323"/>centuries<Node id="332"/> <Node id="333"/>is<Node id="335"/> <Node id="336"/>the<Node id="339"/> <Node id="340"/>resurrection<Node id="352"/> <Node id="353"/>of<Node id="355"/> <Node id="356"/>Jesus<Node id="361"/>.<Node id="362"/> <Node id="363"/> <Node id="364"/>
<Node id="365"/>
<Node id="366"/>This<Node id="370"/> <Node id="371"/>is<Node id="373"/> <Node id="374"/>hardly<Node id="380"/> <Node id="381"/>possible<Node id="389"/>,<Node id="390"/> <Node id="391"/>as<Node id="393"/> <Node id="394"/>the<Node id="397"/> <Node id="398"/>majority<Node id="406"/> <Node id="407"/>of<Node id="409"/> <Node id="410"/>people<Node id="416"/> <Node id="417"/>in<Node id="419"/> <Node id="420"/>the<Node id="423"/> <Node id="424"/>world<Node id="429"/> <Node id="430"/>were<Node id="434"/>
<Node id="435"/>born<Node id="439"/>,<Node id="440"/> <Node id="441"/>lived<Node id="446"/> <Node id="447"/>their<Node id="452"/> <Node id="453"/>life<Node id="457"/>,<Node id="458"/> <Node id="459"/>and<Node id="462"/> <Node id="463"/>died<Node id="467"/>,<Node id="468"/> <Node id="469"/>without<Node id="476"/> <Node id="477"/>ever<Node id="481"/> <Node id="482"/>knowing<Node id="489"/> <Node id="490"/>anything<Node id="498"/> <Node id="499"/>about<Node id="504"/>
<Node id="505"/>Christ<Node id="511"/>.<Node id="512"/> <Node id="513"/> <Node id="514"/>The<Node id="517"/> <Node id="518"/>majority<Node id="526"/> <Node id="527"/>of<Node id="529"/> <Node id="530"/>the<Node id="533"/> <Node id="534"/>rest<Node id="538"/> <Node id="539"/>of<Node id="541"/> <Node id="542"/>the<Node id="545"/> <Node id="546"/>world<Node id="551"/> <Node id="552"/>have<Node id="556"/> <Node id="557"/>decided<Node id="564"/> <Node id="565"/>that<Node id="569"/> <Node id="570"/>he<Node id="572"/> <Node id="573"/>
<Node id="574"/>is<Node id="576"/> <Node id="577"/>not<Node id="580"/> <Node id="581"/>who<Node id="584"/> <Node id="585"/>Emery<Node id="590"/> <Node id="591"/>thinks<Node id="597"/> <Node id="598"/>he<Node id="600"/> <Node id="601"/>is<Node id="603"/>.<Node id="604"/>
<Node id="605"/>
<Node id="606"/>
<Node id="607"/>
<Node id="608"/>/<Node id="609"/>(<Node id="610"/>emery<Node id="615"/>)<Node id="616"/>
<Node id="617"/>/<Node id="618"/>Why<Node id="621"/> <Node id="622"/>were<Node id="626"/> <Node id="627"/>the<Node id="630"/> <Node id="631"/>writers<Node id="638"/> <Node id="639"/>of<Node id="641"/> <Node id="642"/>the<Node id="645"/> <Node id="646"/>New<Node id="649"/> <Node id="650"/>Testament<Node id="659"/> <Node id="660"/>documents<Node id="669"/> <Node id="670"/>so<Node id="672"/> <Node id="673"/>convinced<Node id="682"/> <Node id="683"/>that<Node id="687"/>
<Node id="688"/>/<Node id="689"/>Jesus<Node id="694"/> <Node id="695"/>really<Node id="701"/> <Node id="702"/>did<Node id="705"/> <Node id="706"/>rise<Node id="710"/> <Node id="711"/>from<Node id="715"/> <Node id="716"/>the<Node id="719"/> <Node id="720"/>dead<Node id="724"/>?<Node id="725"/>
<Node id="726"/>/<Node id="727"/>We<Node id="729"/> <Node id="730"/>have<Node id="734"/> <Node id="735"/>four<Node id="739"/> <Node id="740"/>gospel<Node id="746"/> <Node id="747"/>accounts<Node id="755"/>.<Node id="756"/> <Node id="757"/> <Node id="758"/>
<Node id="759"/>
<Node id="760"/>I<Node id="761"/> <Node id="762"/>am<Node id="764"/> <Node id="765"/>leaving<Node id="772"/> <Node id="773"/>out<Node id="776"/> <Node id="777"/>all<Node id="780"/> <Node id="781"/>"<Node id="782"/>proofs<Node id="788"/>"<Node id="789"/> <Node id="790"/>of<Node id="792"/> <Node id="793"/>Emery<Node id="798"/>'s<Node id="800"/> <Node id="801"/>which<Node id="806"/> <Node id="807"/>rely<Node id="811"/> <Node id="812"/>on<Node id="814"/> <Node id="815"/>quoting<Node id="822"/> <Node id="823"/>the<Node id="826"/>
<Node id="827"/>bible<Node id="832"/> <Node id="833"/>as<Node id="835"/> <Node id="836"/>proof<Node id="841"/>.<Node id="842"/> <Node id="843"/> <Node id="844"/>Circular<Node id="852"/> <Node id="853"/>reasoning<Node id="862"/>,<Node id="863"/> <Node id="864"/>etc<Node id="867"/>.<Node id="868"/> <Node id="869"/> <Node id="870"/>There<Node id="875"/> <Node id="876"/>have<Node id="880"/> <Node id="881"/>been<Node id="885"/> <Node id="886"/>occasions<Node id="895"/>
<Node id="896"/>already<Node id="903"/> <Node id="904"/>stated<Node id="910"/> <Node id="911"/>many<Node id="915"/> <Node id="916"/>times<Node id="921"/> <Node id="922"/>for<Node id="925"/> <Node id="926"/>later<Node id="931"/> <Node id="932"/>generations<Node id="943"/> <Node id="944"/>of<Node id="946"/> <Node id="947"/>Xtians<Node id="953"/> <Node id="954"/>to<Node id="956"/> <Node id="957"/>change<Node id="963"/>,<Node id="964"/>
<Node id="965"/>edit<Node id="969"/>,<Node id="970"/> <Node id="971"/>or<Node id="973"/> <Node id="974"/>otherwise<Node id="983"/> <Node id="984"/>alter<Node id="989"/> <Node id="990"/>the<Node id="993"/> <Node id="994"/>bible<Node id="999"/> <Node id="1000"/>to<Node id="1002"/> <Node id="1003"/>fit<Node id="1006"/> <Node id="1007"/>their<Node id="1012"/> <Node id="1013"/>political<Node id="1022"/> <Node id="1023"/>gospel<Node id="1029"/>.<Node id="1030"/>
<Node id="1031"/>And<Node id="1034"/> <Node id="1035"/>if<Node id="1037"/> <Node id="1038"/>we<Node id="1040"/> <Node id="1041"/>accept<Node id="1047"/> <Node id="1048"/>the<Node id="1051"/> <Node id="1052"/>bible<Node id="1057"/> <Node id="1058"/>as<Node id="1060"/> <Node id="1061"/>true<Node id="1065"/> <Node id="1066"/>just<Node id="1070"/> <Node id="1071"/>because<Node id="1078"/> <Node id="1079"/>the<Node id="1082"/> <Node id="1083"/>bible<Node id="1088"/> <Node id="1089"/>says<Node id="1093"/> <Node id="1094"/>it<Node id="1096"/>
<Node id="1097"/>is<Node id="1099"/> <Node id="1100"/>true<Node id="1104"/>,<Node id="1105"/> <Node id="1106"/>then<Node id="1110"/> <Node id="1111"/>(<Node id="1112"/>to<Node id="1114"/> <Node id="1115"/>be<Node id="1117"/> <Node id="1118"/>fair<Node id="1122"/>)<Node id="1123"/> <Node id="1124"/>we<Node id="1126"/> <Node id="1127"/>have<Node id="1131"/> <Node id="1132"/>to<Node id="1134"/> <Node id="1135"/>do<Node id="1137"/> <Node id="1138"/>the<Node id="1141"/> <Node id="1142"/>same<Node id="1146"/> <Node id="1147"/>to<Node id="1149"/> <Node id="1150"/>the<Node id="1153"/> <Node id="1154"/>Bhagavad-<Node id="1163"/>Gita<Node id="1167"/>
<Node id="1168"/>and<Node id="1171"/> <Node id="1172"/>the<Node id="1175"/> <Node id="1176"/>Koran<Node id="1181"/>,<Node id="1182"/> <Node id="1183"/>both<Node id="1187"/> <Node id="1188"/>of<Node id="1190"/> <Node id="1191"/>which<Node id="1196"/> <Node id="1197"/>contradict<Node id="1207"/> <Node id="1208"/>the<Node id="1211"/> <Node id="1212"/>bible<Node id="1217"/>.<Node id="1218"/>
<Node id="1219"/>
<Node id="1220"/>Enough<Node id="1226"/> <Node id="1227"/>said<Node id="1231"/>.<Node id="1232"/>
<Node id="1233"/>
<Node id="1234"/>
<Node id="1235"/>
<Node id="1236"/>/<Node id="1237"/>(<Node id="1238"/>emery<Node id="1243"/>)<Node id="1244"/>
<Node id="1245"/>/<Node id="1246"/>Yet<Node id="1249"/> <Node id="1250"/>we<Node id="1252"/> <Node id="1253"/>have<Node id="1257"/> <Node id="1258"/>no<Node id="1260"/> <Node id="1261"/>reason<Node id="1267"/> <Node id="1268"/>to<Node id="1270"/> <Node id="1271"/>believe<Node id="1278"/> <Node id="1279"/>these<Node id="1284"/> <Node id="1285"/>disciples<Node id="1294"/> <Node id="1295"/>to<Node id="1297"/> <Node id="1298"/>be<Node id="1300"/> <Node id="1301"/>immoral<Node id="1308"/> <Node id="1309"/>and<Node id="1312"/> <Node id="1313"/>dishonest<Node id="1322"/>.<Node id="1323"/>
<Node id="1324"/>/<Node id="1325"/>We<Node id="1327"/> <Node id="1328"/>have<Node id="1332"/> <Node id="1333"/>no<Node id="1335"/> <Node id="1336"/>historic<Node id="1344"/> <Node id="1345"/>information<Node id="1356"/> <Node id="1357"/>that<Node id="1361"/> <Node id="1362"/>would<Node id="1367"/> <Node id="1368"/>lead<Node id="1372"/> <Node id="1373"/>us<Node id="1375"/> <Node id="1376"/>to<Node id="1378"/> <Node id="1379"/>the<Node id="1382"/> <Node id="1383"/>conclusion<Node id="1393"/> <Node id="1394"/>that<Node id="1398"/>
<Node id="1399"/>/<Node id="1400"/>these<Node id="1405"/> <Node id="1406"/>people<Node id="1412"/> <Node id="1413"/>were<Node id="1417"/> <Node id="1418"/>not<Node id="1421"/> <Node id="1422"/>God-fearing<Node id="1433"/> <Node id="1434"/>people<Node id="1440"/> <Node id="1441"/>who<Node id="1444"/> <Node id="1445"/>sincerely<Node id="1454"/> <Node id="1455"/>and<Node id="1458"/> <Node id="1459"/>whole-heartedly<Node id="1474"/>
<Node id="1475"/>/<Node id="1476"/>believed<Node id="1484"/> <Node id="1485"/>that<Node id="1489"/> <Node id="1490"/>the<Node id="1493"/> <Node id="1494"/>resurrection<Node id="1506"/> <Node id="1507"/>of<Node id="1509"/> <Node id="1510"/>their<Node id="1515"/> <Node id="1516"/>Lord<Node id="1520"/> <Node id="1521"/>Jesus<Node id="1526"/> <Node id="1527"/>was<Node id="1530"/> <Node id="1531"/>a<Node id="1532"/> <Node id="1533"/>real<Node id="1537"/> <Node id="1538"/>event<Node id="1543"/>.<Node id="1544"/>
<Node id="1545"/>/<Node id="1546"/>And<Node id="1549"/> <Node id="1550"/>for<Node id="1553"/> <Node id="1554"/>what<Node id="1558"/> <Node id="1559"/>gain<Node id="1563"/> <Node id="1564"/>would<Node id="1569"/> <Node id="1570"/>they<Node id="1574"/> <Node id="1575"/>lie<Node id="1578"/>?<Node id="1579"/> <Node id="1580"/> <Node id="1581"/>To<Node id="1583"/> <Node id="1584"/>make<Node id="1588"/> <Node id="1589"/>a<Node id="1590"/> <Node id="1591"/>stand<Node id="1596"/> <Node id="1597"/>at<Node id="1599"/> <Node id="1600"/>that<Node id="1604"/> <Node id="1605"/>time<Node id="1609"/> <Node id="1610"/>meant<Node id="1615"/> <Node id="1616"/>
<Node id="1617"/>/<Node id="1618"/>persecution<Node id="1629"/>,<Node id="1630"/> <Node id="1631"/>imprisonment<Node id="1643"/>,<Node id="1644"/> <Node id="1645"/>and<Node id="1648"/> <Node id="1649"/>perhaps<Node id="1656"/> <Node id="1657"/>even<Node id="1661"/> <Node id="1662"/>death<Node id="1667"/>.<Node id="1668"/>
<Node id="1669"/>
<Node id="1670"/>Again<Node id="1675"/>,<Node id="1676"/> <Node id="1677"/>this<Node id="1681"/> <Node id="1682"/>is<Node id="1684"/> <Node id="1685"/>only<Node id="1689"/> <Node id="1690"/>the<Node id="1693"/> <Node id="1694"/>biblical<Node id="1702"/> <Node id="1703"/>account<Node id="1710"/> <Node id="1711"/>and<Node id="1714"/> <Node id="1715"/>there<Node id="1720"/> <Node id="1721"/>is<Node id="1723"/> <Node id="1724"/>no<Node id="1726"/> <Node id="1727"/>independent<Node id="1738"/> <Node id="1739"/>proof<Node id="1744"/>
<Node id="1745"/>of<Node id="1747"/> <Node id="1748"/>any<Node id="1751"/> <Node id="1752"/>of<Node id="1754"/> <Node id="1755"/>this<Node id="1759"/> <Node id="1760"/>happening<Node id="1769"/>.<Node id="1770"/> <Node id="1771"/> <Node id="1772"/>It<Node id="1774"/> <Node id="1775"/>just<Node id="1779"/> <Node id="1780"/>is<Node id="1782"/>n't<Node id="1785"/> <Node id="1786"/>there<Node id="1791"/>.<Node id="1792"/>
<Node id="1793"/>
<Node id="1794"/>Besides<Node id="1801"/>,<Node id="1802"/> <Node id="1803"/>simply<Node id="1809"/> <Node id="1810"/>being<Node id="1815"/> <Node id="1816"/>sincere<Node id="1823"/> <Node id="1824"/>or<Node id="1826"/> <Node id="1827"/>willing<Node id="1834"/> <Node id="1835"/>to<Node id="1837"/> <Node id="1838"/>die<Node id="1841"/> <Node id="1842"/>for<Node id="1845"/> <Node id="1846"/>your<Node id="1850"/> <Node id="1851"/>faith<Node id="1856"/> <Node id="1857"/>does<Node id="1861"/> <Node id="1862"/>not<Node id="1865"/>
<Node id="1866"/>make<Node id="1870"/> <Node id="1871"/>your<Node id="1875"/> <Node id="1876"/>faith<Node id="1881"/> <Node id="1882"/>correct<Node id="1889"/>.<Node id="1890"/> <Node id="1891"/> <Node id="1892"/>There<Node id="1897"/> <Node id="1898"/>are<Node id="1901"/> <Node id="1902"/>Muslims<Node id="1909"/> <Node id="1910"/>dying<Node id="1915"/> <Node id="1916"/>in<Node id="1918"/> <Node id="1919"/>Bosnia<Node id="1925"/> <Node id="1926"/>right<Node id="1931"/> <Node id="1932"/>now<Node id="1935"/>;<Node id="1936"/>
<Node id="1937"/>does<Node id="1941"/> <Node id="1942"/>the<Node id="1945"/> <Node id="1946"/>fact<Node id="1950"/> <Node id="1951"/>that<Node id="1955"/> <Node id="1956"/>they<Node id="1960"/> <Node id="1961"/>are<Node id="1964"/> <Node id="1965"/>willing<Node id="1972"/> <Node id="1973"/>to<Node id="1975"/> <Node id="1976"/>die<Node id="1979"/> <Node id="1980"/>for<Node id="1983"/> <Node id="1984"/>Islam<Node id="1989"/> <Node id="1990"/>mean<Node id="1994"/> <Node id="1995"/>that<Node id="1999"/> <Node id="2000"/>Islam<Node id="2005"/> <Node id="2006"/>is<Node id="2008"/>
<Node id="2009"/>the<Node id="2012"/> <Node id="2013"/>correct<Node id="2020"/> <Node id="2021"/>religion<Node id="2029"/>?<Node id="2030"/>
<Node id="2031"/>
<Node id="2032"/>
<Node id="2033"/>
<Node id="2034"/>
<Node id="2035"/>(<Node id="2036"/>emery<Node id="2041"/>)<Node id="2042"/>
<Node id="2043"/>/<Node id="2044"/>History<Node id="2051"/> <Node id="2052"/>bears<Node id="2057"/> <Node id="2058"/>out<Node id="2061"/> <Node id="2062"/>the<Node id="2065"/> <Node id="2066"/>persecution<Node id="2077"/> <Node id="2078"/>of<Node id="2080"/> <Node id="2081"/>Christians<Node id="2091"/>.<Node id="2092"/> <Node id="2093"/> <Node id="2094"/>Roman<Node id="2099"/> <Node id="2100"/>historian<Node id="2109"/>,<Node id="2110"/> <Node id="2111"/>Cornelius<Node id="2120"/> <Node id="2121"/>
<Node id="2122"/>/<Node id="2123"/>Tacitus<Node id="2130"/>,<Node id="2131"/> <Node id="2132"/>Govenor<Node id="2139"/> <Node id="2140"/>of<Node id="2142"/> <Node id="2143"/>Asia<Node id="2147"/>,<Node id="2148"/> <Node id="2149"/>in<Node id="2151"/> <Node id="2152"/>A<Node id="2153"/>.<Node id="2154"/>D<Node id="2155"/>.<Node id="2156"/> <Node id="2157"/>112<Node id="2160"/>,<Node id="2161"/> <Node id="2162"/>writing<Node id="2169"/> <Node id="2170"/>of<Node id="2172"/> <Node id="2173"/>Nero<Node id="2177"/>'s<Node id="2179"/> <Node id="2180"/>reign<Node id="2185"/>,<Node id="2186"/> <Node id="2187"/>alluded<Node id="2194"/> <Node id="2195"/>to<Node id="2197"/> <Node id="2198"/>
<Node id="2199"/>/<Node id="2200"/>the<Node id="2203"/> <Node id="2204"/>torture<Node id="2211"/> <Node id="2212"/>of<Node id="2214"/> <Node id="2215"/>Christians<Node id="2225"/> <Node id="2226"/>in<Node id="2228"/> <Node id="2229"/>Rome<Node id="2233"/>:<Node id="2234"/>
<Node id="2235"/>
<Node id="2236"/>
<Node id="2237"/>All<Node id="2240"/> <Node id="2241"/>you<Node id="2244"/> <Node id="2245"/>have<Node id="2249"/> <Node id="2250"/>proven<Node id="2256"/> <Node id="2257"/>is<Node id="2259"/> <Node id="2260"/>that<Node id="2264"/> <Node id="2265"/>these<Node id="2270"/> <Node id="2271"/>people<Node id="2277"/> <Node id="2278"/>were<Node id="2282"/> <Node id="2283"/>tortured<Node id="2291"/> <Node id="2292"/>for<Node id="2295"/> <Node id="2296"/>their<Node id="2301"/> <Node id="2302"/>faith<Node id="2307"/>.<Node id="2308"/> <Node id="2309"/> <Node id="2310"/>That<Node id="2314"/>
<Node id="2315"/>does<Node id="2319"/> <Node id="2320"/>not<Node id="2323"/> <Node id="2324"/>prove<Node id="2329"/> <Node id="2330"/>that<Node id="2334"/> <Node id="2335"/>their<Node id="2340"/> <Node id="2341"/>faith<Node id="2346"/> <Node id="2347"/>is<Node id="2349"/> <Node id="2350"/>true<Node id="2354"/> <Node id="2355"/>or<Node id="2357"/> <Node id="2358"/>correct<Node id="2365"/>;<Node id="2366"/> <Node id="2367"/>it<Node id="2369"/> <Node id="2370"/>just<Node id="2374"/> <Node id="2375"/>means<Node id="2380"/> <Node id="2381"/>that<Node id="2385"/> <Node id="2386"/>they<Node id="2390"/>
<Node id="2391"/>were<Node id="2395"/> <Node id="2396"/>sincere<Node id="2403"/> <Node id="2404"/>in<Node id="2406"/> <Node id="2407"/>their<Node id="2412"/> <Node id="2413"/>beliefs<Node id="2420"/>.<Node id="2421"/> <Node id="2422"/>
<Node id="2423"/>
<Node id="2424"/>Being<Node id="2429"/> <Node id="2430"/>willing<Node id="2437"/> <Node id="2438"/>to<Node id="2440"/> <Node id="2441"/>die<Node id="2444"/> <Node id="2445"/>for<Node id="2448"/> <Node id="2449"/>what<Node id="2453"/> <Node id="2454"/>you<Node id="2457"/> <Node id="2458"/>believe<Node id="2465"/> <Node id="2466"/>does<Node id="2470"/>n't<Node id="2473"/> <Node id="2474"/>make<Node id="2478"/> <Node id="2479"/>your<Node id="2483"/> <Node id="2484"/>belief<Node id="2490"/> <Node id="2491"/>the<Node id="2494"/> <Node id="2495"/>truth<Node id="2500"/>.<Node id="2501"/>
<Node id="2502"/>It<Node id="2504"/>'s<Node id="2506"/> <Node id="2507"/>not<Node id="2510"/> <Node id="2511"/>that<Node id="2515"/> <Node id="2516"/>easy<Node id="2520"/>.<Node id="2521"/> <Node id="2522"/> <Node id="2523"/>And<Node id="2526"/> <Node id="2527"/>minority<Node id="2535"/> <Node id="2536"/>religions<Node id="2545"/> <Node id="2546"/>have<Node id="2550"/> <Node id="2551"/>always<Node id="2557"/> <Node id="2558"/>suffered<Node id="2566"/> <Node id="2567"/>torture<Node id="2574"/>;<Node id="2575"/>
<Node id="2576"/>Muslims<Node id="2583"/> <Node id="2584"/>suffer<Node id="2590"/> <Node id="2591"/>torture<Node id="2598"/> <Node id="2599"/>and<Node id="2602"/> <Node id="2603"/>harassment<Node id="2613"/> <Node id="2614"/>in<Node id="2616"/> <Node id="2617"/>India<Node id="2622"/> <Node id="2623"/>and<Node id="2626"/> <Node id="2627"/>Bosnia<Node id="2633"/> <Node id="2634"/>today<Node id="2639"/>.<Node id="2640"/> <Node id="2641"/> <Node id="2642"/>All<Node id="2645"/> <Node id="2646"/>religions<Node id="2655"/>
<Node id="2656"/>are<Node id="2659"/> <Node id="2660"/>harassed<Node id="2668"/> <Node id="2669"/>in<Node id="2671"/> <Node id="2672"/>China<Node id="2677"/> <Node id="2678"/>today<Node id="2683"/>.<Node id="2684"/> <Node id="2685"/> <Node id="2686"/>You<Node id="2689"/> <Node id="2690"/>have<Node id="2694"/>n't<Node id="2697"/> <Node id="2698"/>proven<Node id="2704"/> <Node id="2705"/>anything<Node id="2713"/> <Node id="2714"/>so<Node id="2716"/> <Node id="2717"/>far<Node id="2720"/>.<Node id="2721"/>
<Node id="2722"/>
<Node id="2723"/>
<Node id="2724"/>
<Node id="2725"/>/<Node id="2726"/>(<Node id="2727"/>emery<Node id="2732"/>)<Node id="2733"/>
<Node id="2734"/>/<Node id="2735"/>With<Node id="2739"/> <Node id="2740"/>all<Node id="2743"/> <Node id="2744"/>the<Node id="2747"/> <Node id="2748"/>suffering<Node id="2757"/> <Node id="2758"/>and<Node id="2761"/> <Node id="2762"/>persecution<Node id="2773"/> <Node id="2774"/>that<Node id="2778"/> <Node id="2779"/>it<Node id="2781"/> <Node id="2782"/>meant<Node id="2787"/> <Node id="2788"/>to<Node id="2790"/> <Node id="2791"/>be<Node id="2793"/> <Node id="2794"/>a<Node id="2795"/> <Node id="2796"/>believer<Node id="2804"/>,<Node id="2805"/> <Node id="2806"/>it<Node id="2808"/>
<Node id="2809"/>/<Node id="2810"/>would<Node id="2815"/> <Node id="2816"/>be<Node id="2818"/> <Node id="2819"/>quite<Node id="2824"/> <Node id="2825"/>probable<Node id="2833"/> <Node id="2834"/>that<Node id="2838"/> <Node id="2839"/>at<Node id="2841"/> <Node id="2842"/>least<Node id="2847"/> <Node id="2848"/>one<Node id="2851"/> <Node id="2852"/>of<Node id="2854"/> <Node id="2855"/>those<Node id="2860"/> <Node id="2861"/>in<Node id="2863"/> <Node id="2864"/>the<Node id="2867"/> <Node id="2868"/>supposed<Node id="2876"/> <Node id="2877"/>conspiracy<Node id="2887"/>
<Node id="2888"/>/<Node id="2889"/>would<Node id="2894"/> <Node id="2895"/>come<Node id="2899"/> <Node id="2900"/>forward<Node id="2907"/> <Node id="2908"/>and<Node id="2911"/> <Node id="2912"/>confess<Node id="2919"/> <Node id="2920"/>that<Node id="2924"/> <Node id="2925"/>the<Node id="2928"/> <Node id="2929"/>whole<Node id="2934"/> <Node id="2935"/>thing<Node id="2940"/> <Node id="2941"/>was<Node id="2944"/> <Node id="2945"/>a<Node id="2946"/> <Node id="2947"/>big<Node id="2950"/> <Node id="2951"/>hoax<Node id="2955"/>.<Node id="2956"/> <Node id="2957"/> <Node id="2958"/>
<Node id="2959"/>
<Node id="2960"/>Not<Node id="2963"/> <Node id="2964"/>if<Node id="2966"/> <Node id="2967"/>they<Node id="2971"/> <Node id="2972"/>did<Node id="2975"/>n't<Node id="2978"/> <Node id="2979"/>believe<Node id="2986"/> <Node id="2987"/>that<Node id="2991"/> <Node id="2992"/>it<Node id="2994"/> <Node id="2995"/>was<Node id="2998"/> <Node id="2999"/>a<Node id="3000"/> <Node id="3001"/>hoax<Node id="3005"/>.<Node id="3006"/> <Node id="3007"/> <Node id="3008"/>
<Node id="3009"/>
<Node id="3010"/>
<Node id="3011"/>/<Node id="3012"/>(<Node id="3013"/>emery<Node id="3018"/>)<Node id="3019"/>
<Node id="3020"/>/<Node id="3021"/>Yet<Node id="3024"/> <Node id="3025"/>not<Node id="3028"/> <Node id="3029"/>one<Node id="3032"/> <Node id="3033"/>did<Node id="3036"/>.<Node id="3037"/> <Node id="3038"/> <Node id="3039"/>It<Node id="3041"/> <Node id="3042"/>seems<Node id="3047"/> <Node id="3048"/>rather<Node id="3054"/> <Node id="3055"/>reasonable<Node id="3065"/> <Node id="3066"/>that<Node id="3070"/> <Node id="3071"/>the<Node id="3074"/> <Node id="3075"/>disciples<Node id="3084"/> <Node id="3085"/>did<Node id="3088"/> <Node id="3089"/>not<Node id="3092"/> <Node id="3093"/>make<Node id="3097"/>
<Node id="3098"/>/<Node id="3099"/>up<Node id="3101"/> <Node id="3102"/>the<Node id="3105"/> <Node id="3106"/>resurrection<Node id="3118"/> <Node id="3119"/>but<Node id="3122"/> <Node id="3123"/>sincerely<Node id="3132"/> <Node id="3133"/>believed<Node id="3141"/> <Node id="3142"/>that<Node id="3146"/> <Node id="3147"/>Jesus<Node id="3152"/> <Node id="3153"/>had<Node id="3156"/> <Node id="3157"/>actually<Node id="3165"/> <Node id="3166"/>risen<Node id="3171"/>
<Node id="3172"/>/<Node id="3173"/>from<Node id="3177"/> <Node id="3178"/>the<Node id="3181"/> <Node id="3182"/>dead<Node id="3186"/>;<Node id="3187"/> <Node id="3188"/>especially<Node id="3198"/> <Node id="3199"/>in<Node id="3201"/> <Node id="3202"/>light<Node id="3207"/> <Node id="3208"/>of<Node id="3210"/> <Node id="3211"/>the<Node id="3214"/> <Node id="3215"/>sufferings<Node id="3225"/> <Node id="3226"/>that<Node id="3230"/> <Node id="3231"/>came<Node id="3235"/> <Node id="3236"/>upon<Node id="3240"/> <Node id="3241"/>those<Node id="3246"/>
<Node id="3247"/>/<Node id="3248"/>who<Node id="3251"/> <Node id="3252"/>believed<Node id="3260"/>.<Node id="3261"/>
<Node id="3262"/>
<Node id="3263"/>The<Node id="3266"/> <Node id="3267"/>followers<Node id="3276"/> <Node id="3277"/>of<Node id="3279"/> <Node id="3280"/>Muhammad<Node id="3288"/> <Node id="3289"/>firmly<Node id="3295"/> <Node id="3296"/>believed<Node id="3304"/> <Node id="3305"/>in<Node id="3307"/> <Node id="3308"/>the<Node id="3311"/> <Node id="3312"/>miracles<Node id="3320"/> <Node id="3321"/>that<Node id="3325"/> <Node id="3326"/>the<Node id="3329"/> <Node id="3330"/>Koran<Node id="3335"/>
<Node id="3336"/>says<Node id="3340"/> <Node id="3341"/>Muhammad<Node id="3349"/> <Node id="3350"/>performed<Node id="3359"/>.<Node id="3360"/> <Node id="3361"/> <Node id="3362"/>They<Node id="3366"/> <Node id="3367"/>were<Node id="3371"/> <Node id="3372"/>attacked<Node id="3380"/> <Node id="3381"/>and<Node id="3384"/> <Node id="3385"/>slaughtered<Node id="3396"/> <Node id="3397"/>for<Node id="3400"/> <Node id="3401"/>their<Node id="3406"/>
<Node id="3407"/>beliefs<Node id="3414"/>.<Node id="3415"/> <Node id="3416"/> <Node id="3417"/>They<Node id="3421"/> <Node id="3422"/>did<Node id="3425"/>n't<Node id="3428"/> <Node id="3429"/>denounce<Node id="3437"/> <Node id="3438"/>Muhammad<Node id="3446"/> <Node id="3447"/>or<Node id="3449"/> <Node id="3450"/>Islam<Node id="3455"/>.<Node id="3456"/> <Node id="3457"/> <Node id="3458"/>If<Node id="3460"/> <Node id="3461"/>you<Node id="3464"/> <Node id="3465"/>are<Node id="3468"/> <Node id="3469"/>correct<Node id="3476"/>,<Node id="3477"/>
<Node id="3478"/>then<Node id="3482"/> <Node id="3483"/>that<Node id="3487"/> <Node id="3488"/>means<Node id="3493"/> <Node id="3494"/>Islam<Node id="3499"/> <Node id="3500"/>is<Node id="3502"/> <Node id="3503"/>the<Node id="3506"/> <Node id="3507"/>true<Node id="3511"/> <Node id="3512"/>faith<Node id="3517"/>.<Node id="3518"/>
<Node id="3519"/>
<Node id="3520"/>You<Node id="3523"/> <Node id="3524"/>see<Node id="3527"/> <Node id="3528"/>how<Node id="3531"/> <Node id="3532"/>stupid<Node id="3538"/> <Node id="3539"/>your<Node id="3543"/> <Node id="3544"/>proofs<Node id="3550"/> <Node id="3551"/>are<Node id="3554"/>?<Node id="3555"/> <Node id="3556"/> <Node id="3557"/>
<Node id="3558"/></TextWithNodes>
<!-- The default annotation set -->

<AnnotationSet>
<Annotation EndNode="3558" StartNode="0" Type="Mention" Id="9999999">
<Feature>
<Name classname="java.lang.String">Class</Name>
<Value classname="java.lang.String">0</Value>
</Feature>
</Annotation>

<Annotation Id="3" Type="Token" StartNode="6" EndNode="13">
<Feature>
  <Name className="java.lang.String">string</Name>
  <Value className="java.lang.String">bobsarv</Value>
</Feature>
</Annotation>
<Annotation Id="5" Type="Token" StartNode="14" EndNode="23">
<Feature>
  <Name className="java.lang.String">string</Name>
  <Value className="java.lang.String">microsoft</Value>
</Feature>
</Annotation>
<Annotation Id="12" Type="Token" StartNode="33" EndNode="39">
<Feature>
  <Name className="java.lang.String">string</Name>
  <Value className="java.lang.String">Sarver</Value>
</Feature>
</Annotation>
<Annotation Id="15" Type="Token" StartNode="41" EndNode="49">
<Feature>
  <Name className="java.lang.String">string</Name>
  <Value className="java.lang.String">Message-</Value>
</Feature>
</Annotation>
<Annotation Id="24" Type="Token" StartNode="64" EndNode="70">
</Annotation>
<Annotation Id="28" Type="Token" StartNode="75" EndNode="84">
<Feature>
  <Name className="java.lang.String">string</Name>
  <Value className="java.lang.String">microsoft</Value>
</Feature>
</Annotation>
<Annotation Id="50" Type="Token" StartNode="119" EndNode="131">
<Feature>
  <Name className="java.lang.String">string</Name>
  <Value className="java.lang.String">Organization</Value>
</Feature>
</Annotation>
<Annotation Id="53" Type="Token" StartNode="133" EndNode="142">
<Feature>
  <Name className="java.lang.String">string</Name>
  <Value className="java.lang.String">Microsoft</Value>
</Feature>
</Annotation>
<Annotation Id="58" Type="Token" StartNode="149" EndNode="159">
<Feature>
  <Name className="java.lang.String">string</Name>
  <Value className="java.lang.String">References</Value>
</Feature>
</Annotation>
<Annotation Id="66" Type="Token" StartNode="171" EndNode="177">
</Annotation>
<Annotation Id="78" Type="Token" StartNode="198" EndNode="210">
<Feature>
  <Name className="java.lang.String">string</Name>
  <Value className="java.lang.String">Distribution</Value>
</Feature>
</Annotation>
<Annotation Id="102" Type="Token" StartNode="253" EndNode="261">
<Feature>
  <Name className="java.lang.String">string</Name>
  <Value className="java.lang.String">historic</Value>
</Feature>
</Annotation>
<Annotation Id="100" Type="Token" StartNode="246" EndNode="252">
<Feature>
  <Name className="java.lang.String">string</Name>
  <Value className="java.lang.String">single</Value>
</Feature>
</Annotation>
<Annotation Id="116" Type="Token" StartNode="293" EndNode="299">
<Feature>
  <Name className="java.lang.String">string</Name>
  <Value className="java.lang.String">impact</Value>
</Feature>
</Annotation>
<Annotation Id="114" Type="Token" StartNode="285" EndNode="292">
<Feature>
  <Name className="java.lang.String">string</Name>
  <Value className="java.lang.String">biggest</Value>
</Feature>
</Annotation>
<Annotation Id="129" Type="Token" StartNode="323" EndNode="332">
<Feature>
  <Name className="java.lang.String">string</Name>
  <Value className="java.lang.String">centuries</Value>
</Feature>
</Annotation>
<Annotation Id="135" Type="Token" StartNode="340" EndNode="352">
<Feature>
  <Name className="java.lang.String">string</Name>
  <Value className="java.lang.String">resurrection</Value>
</Feature>
</Annotation>
<Annotation Id="158" Type="Token" StartNode="398" EndNode="406">
<Feature>
  <Name className="java.lang.String">string</Name>
  <Value className="java.lang.String">majority</Value>
</Feature>
</Annotation>
<Annotation Id="149" Type="Token" StartNode="374" EndNode="380">
<Feature>
  <Name className="java.lang.String">string</Name>
  <Value className="java.lang.String">hardly</Value>
</Feature>
</Annotation>
<Annotation Id="151" Type="Token" StartNode="381" EndNode="389">
<Feature>
  <Name className="java.lang.String">string</Name>
  <Value className="java.lang.String">possible</Value>
</Feature>
</Annotation>
<Annotation Id="162" Type="Token" StartNode="410" EndNode="416">
<Feature>
  <Name className="java.lang.String">string</Name>
  <Value className="java.lang.String">people</Value>
</Feature>
</Annotation>
<Annotation Id="187" Type="Token" StartNode="469" EndNode="476">
<Feature>
  <Name className="java.lang.String">string</Name>
  <Value className="java.lang.String">without</Value>
</Feature>
</Annotation>
<Annotation Id="191" Type="Token" StartNode="482" EndNode="489">
<Feature>
  <Name className="java.lang.String">string</Name>
  <Value className="java.lang.String">knowing</Value>
</Feature>
</Annotation>
<Annotation Id="203" Type="Token" StartNode="518" EndNode="526">
<Feature>
  <Name className="java.lang.String">string</Name>
  <Value className="java.lang.String">majority</Value>
</Feature>
</Annotation>
<Annotation Id="197" Type="Token" StartNode="505" EndNode="511">
<Feature>
  <Name className="java.lang.String">string</Name>
  <Value className="java.lang.String">Christ</Value>
</Feature>
</Annotation>
<Annotation Id="193" Type="Token" StartNode="490" EndNode="498">
<Feature>
  <Name className="java.lang.String">string</Name>
  <Value className="java.lang.String">anything</Value>
</Feature>
</Annotation>
<Annotation Id="219" Type="Token" StartNode="557" EndNode="564">
<Feature>
  <Name className="java.lang.String">string</Name>
  <Value className="java.lang.String">decided</Value>
</Feature>
</Annotation>
<Annotation Id="234" Type="Token" StartNode="591" EndNode="597">
<Feature>
  <Name className="java.lang.String">string</Name>
  <Value className="java.lang.String">thinks</Value>
</Feature>
</Annotation>
<Annotation Id="277" Type="Token" StartNode="695" EndNode="701">
<Feature>
  <Name className="java.lang.String">string</Name>
  <Value className="java.lang.String">really</Value>
</Feature>
</Annotation>
<Annotation Id="256" Type="Token" StartNode="631" EndNode="638">
<Feature>
  <Name className="java.lang.String">string</Name>
  <Value className="java.lang.String">writers</Value>
</Feature>
</Annotation>
<Annotation Id="266" Type="Token" StartNode="660" EndNode="669">
<Feature>
  <Name className="java.lang.String">string</Name>
  <Value className="java.lang.String">documents</Value>
</Feature>
</Annotation>
<Annotation Id="264" Type="Token" StartNode="650" EndNode="659">
<Feature>
  <Name className="java.lang.String">string</Name>
  <Value className="java.lang.String">Testament</Value>
</Feature>
</Annotation>
<Annotation Id="270" Type="Token" StartNode="673" EndNode="682">
<Feature>
  <Name className="java.lang.String">string</Name>
  <Value className="java.lang.String">convinced</Value>
</Feature>
</Annotation>
<Annotation Id="309" Type="Token" StartNode="765" EndNode="772">
<Feature>
  <Name className="java.lang.String">string</Name>
  <Value className="java.lang.String">leaving</Value>
</Feature>
</Annotation>
<Annotation Id="316" Type="Token" StartNode="782" EndNode="788">
<Feature>
  <Name className="java.lang.String">string</Name>
  <Value className="java.lang.String">proofs</Value>
</Feature>
</Annotation>
<Annotation Id="297" Type="Token" StartNode="740" EndNode="746">
<Feature>
  <Name className="java.lang.String">string</Name>
  <Value className="java.lang.String">gospel</Value>
</Feature>
</Annotation>
<Annotation Id="299" Type="Token" StartNode="747" EndNode="755">
<Feature>
  <Name className="java.lang.String">string</Name>
  <Value className="java.lang.String">accounts</Value>
</Feature>
</Annotation>
<Annotation Id="343" Type="Token" StartNode="844" EndNode="852">
<Feature>
  <Name className="java.lang.String">string</Name>
  <Value className="java.lang.String">Circular</Value>
</Feature>
</Annotation>
<Annotation Id="345" Type="Token" StartNode="853" EndNode="862">
<Feature>
  <Name className="java.lang.String">string</Name>
  <Value className="java.lang.String">reasoning</Value>
</Feature>
</Annotation>
<Annotation Id="331" Type="Token" StartNode="815" EndNode="822">
<Feature>
  <Name className="java.lang.String">string</Name>
  <Value className="java.lang.String">quoting</Value>
</Feature>
</Annotation>
<Annotation Id="372" Type="Token" StartNode="932" EndNode="943">
<Feature>
  <Name className="java.lang.String">string</Name>
  <Value className="java.lang.String">generations</Value>
</Feature>
</Annotation>
<Annotation Id="380" Type="Token" StartNode="957" EndNode="963">
<Feature>
  <Name className="java.lang.String">string</Name>
  <Value className="java.lang.String">change</Value>
</Feature>
</Annotation>
<Annotation Id="376" Type="Token" StartNode="947" EndNode="953">
<Feature>
  <Name className="java.lang.String">string</Name>
  <Value className="java.lang.String">Xtians</Value>
</Feature>
</Annotation>
<Annotation Id="358" Type="Token" StartNode="886" EndNode="895">
<Feature>
  <Name className="java.lang.String">string</Name>
  <Value className="java.lang.String">occasions</Value>
</Feature>
</Annotation>
<Annotation Id="360" Type="Token" StartNode="896" EndNode="903">
<Feature>
  <Name className="java.lang.String">string</Name>
  <Value className="java.lang.String">already</Value>
</Feature>
</Annotation>
<Annotation Id="362" Type="Token" StartNode="904" EndNode="910">
<Feature>
  <Name className="java.lang.String">string</Name>
  <Value className="java.lang.String">stated</Value>
</Feature>
</Annotation>
<Annotation Id="413" Type="Token" StartNode="1041" EndNode="1047">
<Feature>
  <Name className="java.lang.String">string</Name>
  <Value className="java.lang.String">accept</Value>
</Feature>
</Annotation>
<Annotation Id="402" Type="Token" StartNode="1013" EndNode="1022">
<Feature>
  <Name className="java.lang.String">string</Name>
  <Value className="java.lang.String">political</Value>
</Feature>
</Annotation>
<Annotation Id="404" Type="Token" StartNode="1023" EndNode="1029">
<Feature>
  <Name className="java.lang.String">string</Name>
  <Value className="java.lang.String">gospel</Value>
</Feature>
</Annotation>
<Annotation Id="388" Type="Token" StartNode="974" EndNode="983">
<Feature>
  <Name className="java.lang.String">string</Name>
  <Value className="java.lang.String">otherwise</Value>
</Feature>
</Annotation>
<Annotation Id="425" Type="Token" StartNode="1071" EndNode="1078">
<Feature>
  <Name className="java.lang.String">string</Name>
  <Value className="java.lang.String">because</Value>
</Feature>
</Annotation>
<Annotation Id="466" Type="Token" StartNode="1154" EndNode="1163">
<Feature>
  <Name className="java.lang.String">string</Name>
  <Value className="java.lang.String">Bhagavad-</Value>
</Feature>
</Annotation>
<Annotation Id="490" Type="Token" StartNode="1220" EndNode="1226">
<Feature>
  <Name className="java.lang.String">string</Name>
  <Value className="java.lang.String">Enough</Value>
</Feature>
</Annotation>
<Annotation Id="482" Type="Token" StartNode="1197" EndNode="1207">
<Feature>
  <Name className="java.lang.String">string</Name>
  <Value className="java.lang.String">contradict</Value>
</Feature>
</Annotation>
<Annotation Id="556" Type="Token" StartNode="1383" EndNode="1393">
<Feature>
  <Name className="java.lang.String">string</Name>
  <Value className="java.lang.String">conclusion</Value>
</Feature>
</Annotation>
<Annotation Id="563" Type="Token" StartNode="1406" EndNode="1412">
<Feature>
  <Name className="java.lang.String">string</Name>
  <Value className="java.lang.String">people</Value>
</Feature>
</Annotation>
<Annotation Id="575" Type="Token" StartNode="1445" EndNode="1454">
<Feature>
  <Name className="java.lang.String">string</Name>
  <Value className="java.lang.String">sincerely</Value>
</Feature>
</Annotation>
<Annotation Id="571" Type="Token" StartNode="1434" EndNode="1440">
<Feature>
  <Name className="java.lang.String">string</Name>
  <Value className="java.lang.String">people</Value>
</Feature>
</Annotation>
<Annotation Id="569" Type="Token" StartNode="1422" EndNode="1433">
<Feature>
  <Name className="java.lang.String">string</Name>
  <Value className="java.lang.String">God-fearing</Value>
</Feature>
</Annotation>
<Annotation Id="516" Type="Token" StartNode="1271" EndNode="1278">
<Feature>
  <Name className="java.lang.String">string</Name>
  <Value className="java.lang.String">believe</Value>
</Feature>
</Annotation>
<Annotation Id="512" Type="Token" StartNode="1261" EndNode="1267">
<Feature>
  <Name className="java.lang.String">string</Name>
  <Value className="java.lang.String">reason</Value>
</Feature>
</Annotation>
<Annotation Id="526" Type="Token" StartNode="1301" EndNode="1308">
<Feature>
  <Name className="java.lang.String">string</Name>
  <Value className="java.lang.String">immoral</Value>
</Feature>
</Annotation>
<Annotation Id="520" Type="Token" StartNode="1285" EndNode="1294">
<Feature>
  <Name className="java.lang.String">string</Name>
  <Value className="java.lang.String">disciples</Value>
</Feature>
</Annotation>
<Annotation Id="530" Type="Token" StartNode="1313" EndNode="1322">
<Feature>
  <Name className="java.lang.String">string</Name>
  <Value className="java.lang.String">dishonest</Value>
</Feature>
</Annotation>
<Annotation Id="540" Type="Token" StartNode="1336" EndNode="1344">
<Feature>
  <Name className="java.lang.String">string</Name>
  <Value className="java.lang.String">historic</Value>
</Feature>
</Annotation>
<Annotation Id="542" Type="Token" StartNode="1345" EndNode="1356">
<Feature>
  <Name className="java.lang.String">string</Name>
  <Value className="java.lang.String">information</Value>
</Feature>
</Annotation>
<Annotation Id="579" Type="Token" StartNode="1459" EndNode="1474">
<Feature>
  <Name className="java.lang.String">string</Name>
  <Value className="java.lang.String">whole-heartedly</Value>
</Feature>
</Annotation>
<Annotation Id="582" Type="Token" StartNode="1476" EndNode="1484">
<Feature>
  <Name className="java.lang.String">string</Name>
  <Value className="java.lang.String">believed</Value>
</Feature>
</Annotation>
<Annotation Id="588" Type="Token" StartNode="1494" EndNode="1506">
<Feature>
  <Name className="java.lang.String">string</Name>
  <Value className="java.lang.String">resurrection</Value>
</Feature>
</Annotation>
<Annotation Id="681" Type="Token" StartNode="1727" EndNode="1738">
<Feature>
  <Name className="java.lang.String">string</Name>
  <Value className="java.lang.String">independent</Value>
</Feature>
</Annotation>
<Annotation Id="693" Type="Token" StartNode="1760" EndNode="1769">
<Feature>
  <Name className="java.lang.String">string</Name>
  <Value className="java.lang.String">happening</Value>
</Feature>
</Annotation>
<Annotation Id="650" Type="Token" StartNode="1649" EndNode="1656">
<Feature>
  <Name className="java.lang.String">string</Name>
  <Value className="java.lang.String">perhaps</Value>
</Feature>
</Annotation>
<Annotation Id="645" Type="Token" StartNode="1631" EndNode="1643">
<Feature>
  <Name className="java.lang.String">string</Name>
  <Value className="java.lang.String">imprisonment</Value>
</Feature>
</Annotation>
<Annotation Id="642" Type="Token" StartNode="1618" EndNode="1629">
<Feature>
  <Name className="java.lang.String">string</Name>
  <Value className="java.lang.String">persecution</Value>
</Feature>
</Annotation>
<Annotation Id="669" Type="Token" StartNode="1694" EndNode="1702">
<Feature>
  <Name className="java.lang.String">string</Name>
  <Value className="java.lang.String">biblical</Value>
</Feature>
</Annotation>
<Annotation Id="671" Type="Token" StartNode="1703" EndNode="1710">
<Feature>
  <Name className="java.lang.String">string</Name>
  <Value className="java.lang.String">account</Value>
</Feature>
</Annotation>
<Annotation Id="750" Type="Token" StartNode="1902" EndNode="1909">
<Feature>
  <Name className="java.lang.String">string</Name>
  <Value className="java.lang.String">Muslims</Value>
</Feature>
</Annotation>
<Annotation Id="742" Type="Token" StartNode="1882" EndNode="1889">
<Feature>
  <Name className="java.lang.String">string</Name>
  <Value className="java.lang.String">correct</Value>
</Feature>
</Annotation>
<Annotation Id="756" Type="Token" StartNode="1919" EndNode="1925">
<Feature>
  <Name className="java.lang.String">string</Name>
  <Value className="java.lang.String">Bosnia</Value>
</Feature>
</Annotation>
<Annotation Id="712" Type="Token" StartNode="1803" EndNode="1809">
<Feature>
  <Name className="java.lang.String">string</Name>
  <Value className="java.lang.String">simply</Value>
</Feature>
</Annotation>
<Annotation Id="716" Type="Token" StartNode="1816" EndNode="1823">
<Feature>
  <Name className="java.lang.String">string</Name>
  <Value className="java.lang.String">sincere</Value>
</Feature>
</Annotation>
<Annotation Id="709" Type="Token" StartNode="1794" EndNode="1801">
<Feature>
  <Name className="java.lang.String">string</Name>
  <Value className="java.lang.String">Besides</Value>
</Feature>
</Annotation>
<Annotation Id="720" Type="Token" StartNode="1827" EndNode="1834">
<Feature>
  <Name className="java.lang.String">string</Name>
  <Value className="java.lang.String">willing</Value>
</Feature>
</Annotation>
<Annotation Id="821" Type="Token" StartNode="2081" EndNode="2091">
<Feature>
  <Name className="java.lang.String">string</Name>
  <Value className="java.lang.String">Christians</Value>
</Feature>
</Annotation>
<Annotation Id="817" Type="Token" StartNode="2066" EndNode="2077">
<Feature>
  <Name className="java.lang.String">string</Name>
  <Value className="java.lang.String">persecution</Value>
</Feature>
</Annotation>
<Annotation Id="830" Type="Token" StartNode="2111" EndNode="2120">
<Feature>
  <Name className="java.lang.String">string</Name>
  <Value className="java.lang.String">Cornelius</Value>
</Feature>
</Annotation>
<Annotation Id="827" Type="Token" StartNode="2100" EndNode="2109">
<Feature>
  <Name className="java.lang.String">string</Name>
  <Value className="java.lang.String">historian</Value>
</Feature>
</Annotation>
<Annotation Id="809" Type="Token" StartNode="2044" EndNode="2051">
<Feature>
  <Name className="java.lang.String">string</Name>
  <Value className="java.lang.String">History</Value>
</Feature>
</Annotation>
<Annotation Id="797" Type="Token" StartNode="2021" EndNode="2029">
<Feature>
  <Name className="java.lang.String">string</Name>
  <Value className="java.lang.String">religion</Value>
</Feature>
</Annotation>
<Annotation Id="795" Type="Token" StartNode="2013" EndNode="2020">
<Feature>
  <Name className="java.lang.String">string</Name>
  <Value className="java.lang.String">correct</Value>
</Feature>
</Annotation>
<Annotation Id="775" Type="Token" StartNode="1965" EndNode="1972">
<Feature>
  <Name className="java.lang.String">string</Name>
  <Value className="java.lang.String">willing</Value>
</Feature>
</Annotation>
<Annotation Id="892" Type="Token" StartNode="2250" EndNode="2256">
<Feature>
  <Name className="java.lang.String">string</Name>
  <Value className="java.lang.String">proven</Value>
</Feature>
</Annotation>
<Annotation Id="865" Type="Token" StartNode="2187" EndNode="2194">
<Feature>
  <Name className="java.lang.String">string</Name>
  <Value className="java.lang.String">alluded</Value>
</Feature>
</Annotation>
<Annotation Id="873" Type="Token" StartNode="2204" EndNode="2211">
<Feature>
  <Name className="java.lang.String">string</Name>
  <Value className="java.lang.String">torture</Value>
</Feature>
</Annotation>
<Annotation Id="877" Type="Token" StartNode="2215" EndNode="2225">
<Feature>
  <Name className="java.lang.String">string</Name>
  <Value className="java.lang.String">Christians</Value>
</Feature>
</Annotation>
<Annotation Id="854" Type="Token" StartNode="2162" EndNode="2169">
<Feature>
  <Name className="java.lang.String">string</Name>
  <Value className="java.lang.String">writing</Value>
</Feature>
</Annotation>
<Annotation Id="834" Type="Token" StartNode="2123" EndNode="2130">
<Feature>
  <Name className="java.lang.String">string</Name>
  <Value className="java.lang.String">Tacitus</Value>
</Feature>
</Annotation>
<Annotation Id="837" Type="Token" StartNode="2132" EndNode="2139">
<Feature>
  <Name className="java.lang.String">string</Name>
  <Value className="java.lang.String">Govenor</Value>
</Feature>
</Annotation>
<Annotation Id="955" Type="Token" StartNode="2413" EndNode="2420">
<Feature>
  <Name className="java.lang.String">string</Name>
  <Value className="java.lang.String">beliefs</Value>
</Feature>
</Annotation>
<Annotation Id="949" Type="Token" StartNode="2396" EndNode="2403">
<Feature>
  <Name className="java.lang.String">string</Name>
  <Value className="java.lang.String">sincere</Value>
</Feature>
</Annotation>
<Annotation Id="934" Type="Token" StartNode="2358" EndNode="2365">
<Feature>
  <Name className="java.lang.String">string</Name>
  <Value className="java.lang.String">correct</Value>
</Feature>
</Annotation>
<Annotation Id="904" Type="Token" StartNode="2283" EndNode="2291">
<Feature>
  <Name className="java.lang.String">string</Name>
  <Value className="java.lang.String">tortured</Value>
</Feature>
</Annotation>
<Annotation Id="900" Type="Token" StartNode="2271" EndNode="2277">
<Feature>
  <Name className="java.lang.String">string</Name>
  <Value className="java.lang.String">people</Value>
</Feature>
</Annotation>
<Annotation Id="1018" Type="Token" StartNode="2576" EndNode="2583">
<Feature>
  <Name className="java.lang.String">string</Name>
  <Value className="java.lang.String">Muslims</Value>
</Feature>
</Annotation>
<Annotation Id="1020" Type="Token" StartNode="2584" EndNode="2590">
<Feature>
  <Name className="java.lang.String">string</Name>
  <Value className="java.lang.String">suffer</Value>
</Feature>
</Annotation>
<Annotation Id="1022" Type="Token" StartNode="2591" EndNode="2598">
<Feature>
  <Name className="java.lang.String">string</Name>
  <Value className="java.lang.String">torture</Value>
</Feature>
</Annotation>
<Annotation Id="1011" Type="Token" StartNode="2551" EndNode="2557">
<Feature>
  <Name className="java.lang.String">string</Name>
  <Value className="java.lang.String">always</Value>
</Feature>
</Annotation>
<Annotation Id="1013" Type="Token" StartNode="2558" EndNode="2566">
<Feature>
  <Name className="java.lang.String">string</Name>
  <Value className="java.lang.String">suffered</Value>
</Feature>
</Annotation>
<Annotation Id="1015" Type="Token" StartNode="2567" EndNode="2574">
<Feature>
  <Name className="java.lang.String">string</Name>
  <Value className="java.lang.String">torture</Value>
</Feature>
</Annotation>
<Annotation Id="1005" Type="Token" StartNode="2527" EndNode="2535">
<Feature>
  <Name className="java.lang.String">string</Name>
  <Value className="java.lang.String">minority</Value>
</Feature>
</Annotation>
<Annotation Id="1007" Type="Token" StartNode="2536" EndNode="2545">
<Feature>
  <Name className="java.lang.String">string</Name>
  <Value className="java.lang.String">religions</Value>
</Feature>
</Annotation>
<Annotation Id="984" Type="Token" StartNode="2484" EndNode="2490">
<Feature>
  <Name className="java.lang.String">string</Name>
  <Value className="java.lang.String">belief</Value>
</Feature>
</Annotation>
<Annotation Id="974" Type="Token" StartNode="2458" EndNode="2465">
<Feature>
  <Name className="java.lang.String">string</Name>
  <Value className="java.lang.String">believe</Value>
</Feature>
</Annotation>
<Annotation Id="962" Type="Token" StartNode="2430" EndNode="2437">
<Feature>
  <Name className="java.lang.String">string</Name>
  <Value className="java.lang.String">willing</Value>
</Feature>
</Annotation>
<Annotation Id="1090" Type="Token" StartNode="2762" EndNode="2773">
<Feature>
  <Name className="java.lang.String">string</Name>
  <Value className="java.lang.String">persecution</Value>
</Feature>
</Annotation>
<Annotation Id="1116" Type="Token" StartNode="2825" EndNode="2833">
<Feature>
  <Name className="java.lang.String">string</Name>
  <Value className="java.lang.String">probable</Value>
</Feature>
</Annotation>
<Annotation Id="1104" Type="Token" StartNode="2796" EndNode="2804">
<Feature>
  <Name className="java.lang.String">string</Name>
  <Value className="java.lang.String">believer</Value>
</Feature>
</Annotation>
<Annotation Id="1134" Type="Token" StartNode="2868" EndNode="2876">
<Feature>
  <Name className="java.lang.String">string</Name>
  <Value className="java.lang.String">supposed</Value>
</Feature>
</Annotation>
<Annotation Id="1147" Type="Token" StartNode="2912" EndNode="2919">
<Feature>
  <Name className="java.lang.String">string</Name>
  <Value className="java.lang.String">confess</Value>
</Feature>
</Annotation>
<Annotation Id="1143" Type="Token" StartNode="2900" EndNode="2907">
<Feature>
  <Name className="java.lang.String">string</Name>
  <Value className="java.lang.String">forward</Value>
</Feature>
</Annotation>
<Annotation Id="1136" Type="Token" StartNode="2877" EndNode="2887">
<Feature>
  <Name className="java.lang.String">string</Name>
  <Value className="java.lang.String">conspiracy</Value>
</Feature>
</Annotation>
<Annotation Id="1034" Type="Token" StartNode="2627" EndNode="2633">
<Feature>
  <Name className="java.lang.String">string</Name>
  <Value className="java.lang.String">Bosnia</Value>
</Feature>
</Annotation>
<Annotation Id="1026" Type="Token" StartNode="2603" EndNode="2613">
<Feature>
  <Name className="java.lang.String">string</Name>
  <Value className="java.lang.String">harassment</Value>
</Feature>
</Annotation>
<Annotation Id="1042" Type="Token" StartNode="2646" EndNode="2655">
<Feature>
  <Name className="java.lang.String">string</Name>
  <Value className="java.lang.String">religions</Value>
</Feature>
</Annotation>
<Annotation Id="1046" Type="Token" StartNode="2660" EndNode="2668">
<Feature>
  <Name className="java.lang.String">string</Name>
  <Value className="java.lang.String">harassed</Value>
</Feature>
</Annotation>
<Annotation Id="1064" Type="Token" StartNode="2705" EndNode="2713">
<Feature>
  <Name className="java.lang.String">string</Name>
  <Value className="java.lang.String">anything</Value>
</Feature>
</Annotation>
<Annotation Id="1062" Type="Token" StartNode="2698" EndNode="2704">
<Feature>
  <Name className="java.lang.String">string</Name>
  <Value className="java.lang.String">proven</Value>
</Feature>
</Annotation>
<Annotation Id="1086" Type="Token" StartNode="2748" EndNode="2757">
<Feature>
  <Name className="java.lang.String">string</Name>
  <Value className="java.lang.String">suffering</Value>
</Feature>
</Annotation>
<Annotation Id="1216" Type="Token" StartNode="3048" EndNode="3054">
<Feature>
  <Name className="java.lang.String">string</Name>
  <Value className="java.lang.String">rather</Value>
</Feature>
</Annotation>
<Annotation Id="1218" Type="Token" StartNode="3055" EndNode="3065">
<Feature>
  <Name className="java.lang.String">string</Name>
  <Value className="java.lang.String">reasonable</Value>
</Feature>
</Annotation>
<Annotation Id="1224" Type="Token" StartNode="3075" EndNode="3084">
<Feature>
  <Name className="java.lang.String">string</Name>
  <Value className="java.lang.String">disciples</Value>
</Feature>
</Annotation>
<Annotation Id="1237" Type="Token" StartNode="3106" EndNode="3118">
<Feature>
  <Name className="java.lang.String">string</Name>
  <Value className="java.lang.String">resurrection</Value>
</Feature>
</Annotation>
<Annotation Id="1241" Type="Token" StartNode="3123" EndNode="3132">
<Feature>
  <Name className="java.lang.String">string</Name>
  <Value className="java.lang.String">sincerely</Value>
</Feature>
</Annotation>
<Annotation Id="1243" Type="Token" StartNode="3133" EndNode="3141">
<Feature>
  <Name className="java.lang.String">string</Name>
  <Value className="java.lang.String">believed</Value>
</Feature>
</Annotation>
<Annotation Id="1251" Type="Token" StartNode="3157" EndNode="3165">
<Feature>
  <Name className="java.lang.String">string</Name>
  <Value className="java.lang.String">actually</Value>
</Feature>
</Annotation>
<Annotation Id="1263" Type="Token" StartNode="3188" EndNode="3198">
<Feature>
  <Name className="java.lang.String">string</Name>
  <Value className="java.lang.String">especially</Value>
</Feature>
</Annotation>
<Annotation Id="1273" Type="Token" StartNode="3215" EndNode="3225">
<Feature>
  <Name className="java.lang.String">string</Name>
  <Value className="java.lang.String">sufferings</Value>
</Feature>
</Annotation>
<Annotation Id="1179" Type="Token" StartNode="2979" EndNode="2986">
<Feature>
  <Name className="java.lang.String">string</Name>
  <Value className="java.lang.String">believe</Value>
</Feature>
</Annotation>
<Annotation Id="1362" Type="Token" StartNode="3469" EndNode="3476">
<Feature>
  <Name className="java.lang.String">string</Name>
  <Value className="java.lang.String">correct</Value>
</Feature>
</Annotation>
<Annotation Id="1348" Type="Token" StartNode="3438" EndNode="3446">
<Feature>
  <Name className="java.lang.String">string</Name>
  <Value className="java.lang.String">Muhammad</Value>
</Feature>
</Annotation>
<Annotation Id="1346" Type="Token" StartNode="3429" EndNode="3437">
<Feature>
  <Name className="java.lang.String">string</Name>
  <Value className="java.lang.String">denounce</Value>
</Feature>
</Annotation>
<Annotation Id="1393" Type="Token" StartNode="3544" EndNode="3550">
<Feature>
  <Name className="java.lang.String">string</Name>
  <Value className="java.lang.String">proofs</Value>
</Feature>
</Annotation>
<Annotation Id="1389" Type="Token" StartNode="3532" EndNode="3538">
<Feature>
  <Name className="java.lang.String">string</Name>
  <Value className="java.lang.String">stupid</Value>
</Feature>
</Annotation>
<Annotation Id="1306" Type="Token" StartNode="3312" EndNode="3320">
<Feature>
  <Name className="java.lang.String">string</Name>
  <Value className="java.lang.String">miracles</Value>
</Feature>
</Annotation>
<Annotation Id="1298" Type="Token" StartNode="3289" EndNode="3295">
<Feature>
  <Name className="java.lang.String">string</Name>
  <Value className="java.lang.String">firmly</Value>
</Feature>
</Annotation>
<Annotation Id="1296" Type="Token" StartNode="3280" EndNode="3288">
<Feature>
  <Name className="java.lang.String">string</Name>
  <Value className="java.lang.String">Muhammad</Value>
</Feature>
</Annotation>
<Annotation Id="1300" Type="Token" StartNode="3296" EndNode="3304">
<Feature>
  <Name className="java.lang.String">string</Name>
  <Value className="java.lang.String">believed</Value>
</Feature>
</Annotation>
<Annotation Id="1292" Type="Token" StartNode="3267" EndNode="3276">
<Feature>
  <Name className="java.lang.String">string</Name>
  <Value className="java.lang.String">followers</Value>
</Feature>
</Annotation>
<Annotation Id="1286" Type="Token" StartNode="3252" EndNode="3260">
<Feature>
  <Name className="java.lang.String">string</Name>
  <Value className="java.lang.String">believed</Value>
</Feature>
</Annotation>
<Annotation Id="1336" Type="Token" StartNode="3407" EndNode="3414">
<Feature>
  <Name className="java.lang.String">string</Name>
  <Value className="java.lang.String">beliefs</Value>
</Feature>
</Annotation>
<Annotation Id="1330" Type="Token" StartNode="3385" EndNode="3396">
<Feature>
  <Name className="java.lang.String">string</Name>
  <Value className="java.lang.String">slaughtered</Value>
</Feature>
</Annotation>
<Annotation Id="1326" Type="Token" StartNode="3372" EndNode="3380">
<Feature>
  <Name className="java.lang.String">string</Name>
  <Value className="java.lang.String">attacked</Value>
</Feature>
</Annotation>
<Annotation Id="1316" Type="Token" StartNode="3341" EndNode="3349">
<Feature>
  <Name className="java.lang.String">string</Name>
  <Value className="java.lang.String">Muhammad</Value>
</Feature>
</Annotation>
<Annotation Id="1318" Type="Token" StartNode="3350" EndNode="3359">
<Feature>
  <Name className="java.lang.String">string</Name>
  <Value className="java.lang.String">performed</Value>
</Feature>
</Annotation>
</AnnotationSet>
<AnnotationSet Name="Original markups"> </AnnotationSet>
</GateDocument>