<?xml version='1.0' encoding='UTF-8'?>
<GateDocument version="3">
<!-- The document's features-->

<GateDocumentFeatures>
<Feature>
  <Name className="java.lang.String">Original_document_content_on_load</Name>
  <Value className="java.lang.String">From: pes3@cunixf.cc.columbia.edu (Paul Eric Stoufflet)
Message-ID: &lt;1993Apr20.184929.8781@news.columbia.edu>
Sender: usenet@news.columbia.edu (The Network News)
Nntp-Posting-Host: cunixf.cc.columbia.edu
Reply-To: pes3@cunixf.cc.columbia.edu (Paul Eric Stoufflet)
Organization: Columbia University
References: &lt;1993Apr19.204823.12150@ultb.isc.rit.edu> &lt;1r04h8$q5a@umcc.umcc.umich.edu>
Date: Tue, 20 Apr 1993 18:49:29 GMT
Lines: 23

In article &lt;1r04h8$q5a@umcc.umcc.umich.edu> tim@umcc.umcc.umich.edu (Tim Tyler) writes:
>	I was hoping that --however the situation was resolved-- the
>property would remain intact, so the gov't could sell it to help pay for the
>hundreds of thousands of dollars of expenses incurred having to babysit
>Krazy Koresh &amp; his flock of sheep.
>

In some South American countries, after political undesirables disappeared,
the family would get a notice of death and a bill for the disposal
of the body.  You apparently think that would be a good idea.

The Federal Government initiated this action against Koresh and his
followers, surrounded them for 51 days, engaged in psychological
warfare, used heavy military equipment against US citizens on
US soil; and now that the compound caught fire while they were
pumping in CS gas after knocking holes in the building; disavows
all responsibility.  Big Brother is NOT always right.


 ***   Paul Eric Stoufflet
 ***   Columbia Presbyterian Medical Center
 ***   internet: pes3@cunixf.cc.columbia.edu
 ***   All opinions are my own
</Value>
</Feature>
<Feature>
  <Name className="java.lang.String">gate.SourceURL</Name>
  <Value className="java.lang.String">file:/C:/Users/jian/Documents/NetBeansProjects/NoiseReductionTechniques/mideastPoliticsMix/negative269</Value>
</Feature>
</GateDocumentFeatures>
<!-- The document content area with serialized nodes -->

<TextWithNodes><Node id="0"/>From<Node id="4"/>:<Node id="5"/> <Node id="6"/>pes<Node id="9"/>3<Node id="10"/>@<Node id="11"/>cunixf<Node id="17"/>.<Node id="18"/>cc<Node id="20"/>.<Node id="21"/>columbia<Node id="29"/>.<Node id="30"/>edu<Node id="33"/> <Node id="34"/>(<Node id="35"/>Paul<Node id="39"/> <Node id="40"/>Eric<Node id="44"/> <Node id="45"/>Stoufflet<Node id="54"/>)<Node id="55"/>
<Node id="56"/>Message-<Node id="64"/>ID<Node id="66"/>:<Node id="67"/> <Node id="68"/>&lt;<Node id="69"/>1993<Node id="73"/>Apr<Node id="76"/>20<Node id="78"/>.<Node id="79"/>184929<Node id="85"/>.<Node id="86"/>8781<Node id="90"/>@<Node id="91"/>news<Node id="95"/>.<Node id="96"/>columbia<Node id="104"/>.<Node id="105"/>edu<Node id="108"/>&gt;<Node id="109"/>
<Node id="110"/>Sender<Node id="116"/>:<Node id="117"/> <Node id="118"/>usenet<Node id="124"/>@<Node id="125"/>news<Node id="129"/>.<Node id="130"/>columbia<Node id="138"/>.<Node id="139"/>edu<Node id="142"/> <Node id="143"/>(<Node id="144"/>The<Node id="147"/> <Node id="148"/>Network<Node id="155"/> <Node id="156"/>News<Node id="160"/>)<Node id="161"/>
<Node id="162"/>Nntp-<Node id="167"/>Posting-<Node id="175"/>Host<Node id="179"/>:<Node id="180"/> <Node id="181"/>cunixf<Node id="187"/>.<Node id="188"/>cc<Node id="190"/>.<Node id="191"/>columbia<Node id="199"/>.<Node id="200"/>edu<Node id="203"/>
<Node id="204"/>Reply-<Node id="210"/>To<Node id="212"/>:<Node id="213"/> <Node id="214"/>pes<Node id="217"/>3<Node id="218"/>@<Node id="219"/>cunixf<Node id="225"/>.<Node id="226"/>cc<Node id="228"/>.<Node id="229"/>columbia<Node id="237"/>.<Node id="238"/>edu<Node id="241"/> <Node id="242"/>(<Node id="243"/>Paul<Node id="247"/> <Node id="248"/>Eric<Node id="252"/> <Node id="253"/>Stoufflet<Node id="262"/>)<Node id="263"/>
<Node id="264"/>Organization<Node id="276"/>:<Node id="277"/> <Node id="278"/>Columbia<Node id="286"/> <Node id="287"/>University<Node id="297"/>
<Node id="298"/>References<Node id="308"/>:<Node id="309"/> <Node id="310"/>&lt;<Node id="311"/>1993<Node id="315"/>Apr<Node id="318"/>19<Node id="320"/>.<Node id="321"/>204823<Node id="327"/>.<Node id="328"/>12150<Node id="333"/>@<Node id="334"/>ultb<Node id="338"/>.<Node id="339"/>isc<Node id="342"/>.<Node id="343"/>rit<Node id="346"/>.<Node id="347"/>edu<Node id="350"/>&gt;<Node id="351"/> <Node id="352"/>&lt;<Node id="353"/>1<Node id="354"/>r<Node id="355"/>04<Node id="357"/>h<Node id="358"/>8<Node id="359"/>$<Node id="360"/>q<Node id="361"/>5<Node id="362"/>a<Node id="363"/>@<Node id="364"/>umcc<Node id="368"/>.<Node id="369"/>umcc<Node id="373"/>.<Node id="374"/>umich<Node id="379"/>.<Node id="380"/>edu<Node id="383"/>&gt;<Node id="384"/>
<Node id="385"/>Date<Node id="389"/>:<Node id="390"/> <Node id="391"/>Tue<Node id="394"/>,<Node id="395"/> <Node id="396"/>20<Node id="398"/> <Node id="399"/>Apr<Node id="402"/> <Node id="403"/>1993<Node id="407"/> <Node id="408"/>18<Node id="410"/>:<Node id="411"/>49<Node id="413"/>:<Node id="414"/>29<Node id="416"/> <Node id="417"/>GMT<Node id="420"/>
<Node id="421"/>Lines<Node id="426"/>:<Node id="427"/> <Node id="428"/>23<Node id="430"/>
<Node id="431"/>
<Node id="432"/>In<Node id="434"/> <Node id="435"/>article<Node id="442"/> <Node id="443"/>&lt;<Node id="444"/>1<Node id="445"/>r<Node id="446"/>04<Node id="448"/>h<Node id="449"/>8<Node id="450"/>$<Node id="451"/>q<Node id="452"/>5<Node id="453"/>a<Node id="454"/>@<Node id="455"/>umcc<Node id="459"/>.<Node id="460"/>umcc<Node id="464"/>.<Node id="465"/>umich<Node id="470"/>.<Node id="471"/>edu<Node id="474"/>&gt;<Node id="475"/> <Node id="476"/>tim<Node id="479"/>@<Node id="480"/>umcc<Node id="484"/>.<Node id="485"/>umcc<Node id="489"/>.<Node id="490"/>umich<Node id="495"/>.<Node id="496"/>edu<Node id="499"/> <Node id="500"/>(<Node id="501"/>Tim<Node id="504"/> <Node id="505"/>Tyler<Node id="510"/>)<Node id="511"/> <Node id="512"/>writes<Node id="518"/>:<Node id="519"/>
<Node id="520"/>&gt;<Node id="521"/>	<Node id="522"/>I<Node id="523"/> <Node id="524"/>was<Node id="527"/> <Node id="528"/>hoping<Node id="534"/> <Node id="535"/>that<Node id="539"/> <Node id="540"/>-<Node id="541"/>-<Node id="542"/>however<Node id="549"/> <Node id="550"/>the<Node id="553"/> <Node id="554"/>situation<Node id="563"/> <Node id="564"/>was<Node id="567"/> <Node id="568"/>resolved--<Node id="578"/> <Node id="579"/>the<Node id="582"/>
<Node id="583"/>&gt;<Node id="584"/>property<Node id="592"/> <Node id="593"/>would<Node id="598"/> <Node id="599"/>remain<Node id="605"/> <Node id="606"/>intact<Node id="612"/>,<Node id="613"/> <Node id="614"/>so<Node id="616"/> <Node id="617"/>the<Node id="620"/> <Node id="621"/>gov<Node id="624"/>'<Node id="625"/>t<Node id="626"/> <Node id="627"/>could<Node id="632"/> <Node id="633"/>sell<Node id="637"/> <Node id="638"/>it<Node id="640"/> <Node id="641"/>to<Node id="643"/> <Node id="644"/>help<Node id="648"/> <Node id="649"/>pay<Node id="652"/> <Node id="653"/>for<Node id="656"/> <Node id="657"/>the<Node id="660"/>
<Node id="661"/>&gt;<Node id="662"/>hundreds<Node id="670"/> <Node id="671"/>of<Node id="673"/> <Node id="674"/>thousands<Node id="683"/> <Node id="684"/>of<Node id="686"/> <Node id="687"/>dollars<Node id="694"/> <Node id="695"/>of<Node id="697"/> <Node id="698"/>expenses<Node id="706"/> <Node id="707"/>incurred<Node id="715"/> <Node id="716"/>having<Node id="722"/> <Node id="723"/>to<Node id="725"/> <Node id="726"/>babysit<Node id="733"/>
<Node id="734"/>&gt;<Node id="735"/>Krazy<Node id="740"/> <Node id="741"/>Koresh<Node id="747"/> <Node id="748"/>&amp;<Node id="749"/> <Node id="750"/>his<Node id="753"/> <Node id="754"/>flock<Node id="759"/> <Node id="760"/>of<Node id="762"/> <Node id="763"/>sheep<Node id="768"/>.<Node id="769"/>
<Node id="770"/>&gt;<Node id="771"/>
<Node id="772"/>
<Node id="773"/>In<Node id="775"/> <Node id="776"/>some<Node id="780"/> <Node id="781"/>South<Node id="786"/> <Node id="787"/>American<Node id="795"/> <Node id="796"/>countries<Node id="805"/>,<Node id="806"/> <Node id="807"/>after<Node id="812"/> <Node id="813"/>political<Node id="822"/> <Node id="823"/>undesirables<Node id="835"/> <Node id="836"/>disappeared<Node id="847"/>,<Node id="848"/>
<Node id="849"/>the<Node id="852"/> <Node id="853"/>family<Node id="859"/> <Node id="860"/>would<Node id="865"/> <Node id="866"/>get<Node id="869"/> <Node id="870"/>a<Node id="871"/> <Node id="872"/>notice<Node id="878"/> <Node id="879"/>of<Node id="881"/> <Node id="882"/>death<Node id="887"/> <Node id="888"/>and<Node id="891"/> <Node id="892"/>a<Node id="893"/> <Node id="894"/>bill<Node id="898"/> <Node id="899"/>for<Node id="902"/> <Node id="903"/>the<Node id="906"/> <Node id="907"/>disposal<Node id="915"/>
<Node id="916"/>of<Node id="918"/> <Node id="919"/>the<Node id="922"/> <Node id="923"/>body<Node id="927"/>.<Node id="928"/> <Node id="929"/> <Node id="930"/>You<Node id="933"/> <Node id="934"/>apparently<Node id="944"/> <Node id="945"/>think<Node id="950"/> <Node id="951"/>that<Node id="955"/> <Node id="956"/>would<Node id="961"/> <Node id="962"/>be<Node id="964"/> <Node id="965"/>a<Node id="966"/> <Node id="967"/>good<Node id="971"/> <Node id="972"/>idea<Node id="976"/>.<Node id="977"/>
<Node id="978"/>
<Node id="979"/>The<Node id="982"/> <Node id="983"/>Federal<Node id="990"/> <Node id="991"/>Government<Node id="1001"/> <Node id="1002"/>initiated<Node id="1011"/> <Node id="1012"/>this<Node id="1016"/> <Node id="1017"/>action<Node id="1023"/> <Node id="1024"/>against<Node id="1031"/> <Node id="1032"/>Koresh<Node id="1038"/> <Node id="1039"/>and<Node id="1042"/> <Node id="1043"/>his<Node id="1046"/>
<Node id="1047"/>followers<Node id="1056"/>,<Node id="1057"/> <Node id="1058"/>surrounded<Node id="1068"/> <Node id="1069"/>them<Node id="1073"/> <Node id="1074"/>for<Node id="1077"/> <Node id="1078"/>51<Node id="1080"/> <Node id="1081"/>days<Node id="1085"/>,<Node id="1086"/> <Node id="1087"/>engaged<Node id="1094"/> <Node id="1095"/>in<Node id="1097"/> <Node id="1098"/>psychological<Node id="1111"/>
<Node id="1112"/>warfare<Node id="1119"/>,<Node id="1120"/> <Node id="1121"/>used<Node id="1125"/> <Node id="1126"/>heavy<Node id="1131"/> <Node id="1132"/>military<Node id="1140"/> <Node id="1141"/>equipment<Node id="1150"/> <Node id="1151"/>against<Node id="1158"/> <Node id="1159"/>US<Node id="1161"/> <Node id="1162"/>citizens<Node id="1170"/> <Node id="1171"/>on<Node id="1173"/>
<Node id="1174"/>US<Node id="1176"/> <Node id="1177"/>soil<Node id="1181"/>;<Node id="1182"/> <Node id="1183"/>and<Node id="1186"/> <Node id="1187"/>now<Node id="1190"/> <Node id="1191"/>that<Node id="1195"/> <Node id="1196"/>the<Node id="1199"/> <Node id="1200"/>compound<Node id="1208"/> <Node id="1209"/>caught<Node id="1215"/> <Node id="1216"/>fire<Node id="1220"/> <Node id="1221"/>while<Node id="1226"/> <Node id="1227"/>they<Node id="1231"/> <Node id="1232"/>were<Node id="1236"/>
<Node id="1237"/>pumping<Node id="1244"/> <Node id="1245"/>in<Node id="1247"/> <Node id="1248"/>CS<Node id="1250"/> <Node id="1251"/>gas<Node id="1254"/> <Node id="1255"/>after<Node id="1260"/> <Node id="1261"/>knocking<Node id="1269"/> <Node id="1270"/>holes<Node id="1275"/> <Node id="1276"/>in<Node id="1278"/> <Node id="1279"/>the<Node id="1282"/> <Node id="1283"/>building<Node id="1291"/>;<Node id="1292"/> <Node id="1293"/>disavows<Node id="1301"/>
<Node id="1302"/>all<Node id="1305"/> <Node id="1306"/>responsibility<Node id="1320"/>.<Node id="1321"/> <Node id="1322"/> <Node id="1323"/>Big<Node id="1326"/> <Node id="1327"/>Brother<Node id="1334"/> <Node id="1335"/>is<Node id="1337"/> <Node id="1338"/>NOT<Node id="1341"/> <Node id="1342"/>always<Node id="1348"/> <Node id="1349"/>right<Node id="1354"/>.<Node id="1355"/>
<Node id="1356"/>
<Node id="1357"/>
<Node id="1358"/> <Node id="1359"/>*<Node id="1360"/>*<Node id="1361"/>*<Node id="1362"/> <Node id="1363"/> <Node id="1364"/> <Node id="1365"/>Paul<Node id="1369"/> <Node id="1370"/>Eric<Node id="1374"/> <Node id="1375"/>Stoufflet<Node id="1384"/>
<Node id="1385"/> <Node id="1386"/>*<Node id="1387"/>*<Node id="1388"/>*<Node id="1389"/> <Node id="1390"/> <Node id="1391"/> <Node id="1392"/>Columbia<Node id="1400"/> <Node id="1401"/>Presbyterian<Node id="1413"/> <Node id="1414"/>Medical<Node id="1421"/> <Node id="1422"/>Center<Node id="1428"/>
<Node id="1429"/> <Node id="1430"/>*<Node id="1431"/>*<Node id="1432"/>*<Node id="1433"/> <Node id="1434"/> <Node id="1435"/> <Node id="1436"/>internet<Node id="1444"/>:<Node id="1445"/> <Node id="1446"/>pes<Node id="1449"/>3<Node id="1450"/>@<Node id="1451"/>cunixf<Node id="1457"/>.<Node id="1458"/>cc<Node id="1460"/>.<Node id="1461"/>columbia<Node id="1469"/>.<Node id="1470"/>edu<Node id="1473"/>
<Node id="1474"/> <Node id="1475"/>*<Node id="1476"/>*<Node id="1477"/>*<Node id="1478"/> <Node id="1479"/> <Node id="1480"/> <Node id="1481"/>All<Node id="1484"/> <Node id="1485"/>opinions<Node id="1493"/> <Node id="1494"/>are<Node id="1497"/> <Node id="1498"/>my<Node id="1500"/> <Node id="1501"/>own<Node id="1504"/>
<Node id="1505"/></TextWithNodes>
<!-- The default annotation set -->

<AnnotationSet>
<Annotation EndNode="1505" StartNode="0" Type="Mention" Id="9999999">
<Feature>
<Name classname="java.lang.String">Class</Name>
<Value classname="java.lang.String">0</Value>
</Feature>
</Annotation>

<Annotation Id="6" Type="Token" StartNode="11" EndNode="17">
<Feature>
  <Name className="java.lang.String">string</Name>
  <Value className="java.lang.String">cunixf</Value>
</Feature>
</Annotation>
<Annotation Id="10" Type="Token" StartNode="21" EndNode="29">
<Feature>
  <Name className="java.lang.String">string</Name>
  <Value className="java.lang.String">columbia</Value>
</Feature>
</Annotation>
<Annotation Id="19" Type="Token" StartNode="45" EndNode="54">
<Feature>
  <Name className="java.lang.String">string</Name>
  <Value className="java.lang.String">Stoufflet</Value>
</Feature>
</Annotation>
<Annotation Id="22" Type="Token" StartNode="56" EndNode="64">
<Feature>
  <Name className="java.lang.String">string</Name>
  <Value className="java.lang.String">Message-</Value>
</Feature>
</Annotation>
<Annotation Id="31" Type="Token" StartNode="79" EndNode="85">
</Annotation>
<Annotation Id="37" Type="Token" StartNode="96" EndNode="104">
<Feature>
  <Name className="java.lang.String">string</Name>
  <Value className="java.lang.String">columbia</Value>
</Feature>
</Annotation>
<Annotation Id="42" Type="Token" StartNode="110" EndNode="116">
<Feature>
  <Name className="java.lang.String">string</Name>
  <Value className="java.lang.String">Sender</Value>
</Feature>
</Annotation>
<Annotation Id="45" Type="Token" StartNode="118" EndNode="124">
<Feature>
  <Name className="java.lang.String">string</Name>
  <Value className="java.lang.String">usenet</Value>
</Feature>
</Annotation>
<Annotation Id="49" Type="Token" StartNode="130" EndNode="138">
<Feature>
  <Name className="java.lang.String">string</Name>
  <Value className="java.lang.String">columbia</Value>
</Feature>
</Annotation>
<Annotation Id="56" Type="Token" StartNode="148" EndNode="155">
<Feature>
  <Name className="java.lang.String">string</Name>
  <Value className="java.lang.String">Network</Value>
</Feature>
</Annotation>
<Annotation Id="62" Type="Token" StartNode="167" EndNode="175">
<Feature>
  <Name className="java.lang.String">string</Name>
  <Value className="java.lang.String">Posting-</Value>
</Feature>
</Annotation>
<Annotation Id="70" Type="Token" StartNode="191" EndNode="199">
<Feature>
  <Name className="java.lang.String">string</Name>
  <Value className="java.lang.String">columbia</Value>
</Feature>
</Annotation>
<Annotation Id="66" Type="Token" StartNode="181" EndNode="187">
<Feature>
  <Name className="java.lang.String">string</Name>
  <Value className="java.lang.String">cunixf</Value>
</Feature>
</Annotation>
<Annotation Id="74" Type="Token" StartNode="204" EndNode="210">
<Feature>
  <Name className="java.lang.String">string</Name>
  <Value className="java.lang.String">Reply-</Value>
</Feature>
</Annotation>
<Annotation Id="85" Type="Token" StartNode="229" EndNode="237">
<Feature>
  <Name className="java.lang.String">string</Name>
  <Value className="java.lang.String">columbia</Value>
</Feature>
</Annotation>
<Annotation Id="81" Type="Token" StartNode="219" EndNode="225">
<Feature>
  <Name className="java.lang.String">string</Name>
  <Value className="java.lang.String">cunixf</Value>
</Feature>
</Annotation>
<Annotation Id="94" Type="Token" StartNode="253" EndNode="262">
<Feature>
  <Name className="java.lang.String">string</Name>
  <Value className="java.lang.String">Stoufflet</Value>
</Feature>
</Annotation>
<Annotation Id="102" Type="Token" StartNode="287" EndNode="297">
<Feature>
  <Name className="java.lang.String">string</Name>
  <Value className="java.lang.String">University</Value>
</Feature>
</Annotation>
<Annotation Id="100" Type="Token" StartNode="278" EndNode="286">
<Feature>
  <Name className="java.lang.String">string</Name>
  <Value className="java.lang.String">Columbia</Value>
</Feature>
</Annotation>
<Annotation Id="97" Type="Token" StartNode="264" EndNode="276">
<Feature>
  <Name className="java.lang.String">string</Name>
  <Value className="java.lang.String">Organization</Value>
</Feature>
</Annotation>
<Annotation Id="104" Type="Token" StartNode="298" EndNode="308">
<Feature>
  <Name className="java.lang.String">string</Name>
  <Value className="java.lang.String">References</Value>
</Feature>
</Annotation>
<Annotation Id="112" Type="Token" StartNode="321" EndNode="327">
</Annotation>
<Annotation Id="173" Type="Token" StartNode="435" EndNode="442">
<Feature>
  <Name className="java.lang.String">string</Name>
  <Value className="java.lang.String">article</Value>
</Feature>
</Annotation>
<Annotation Id="220" Type="Token" StartNode="528" EndNode="534">
<Feature>
  <Name className="java.lang.String">string</Name>
  <Value className="java.lang.String">hoping</Value>
</Feature>
</Annotation>
<Annotation Id="211" Type="Token" StartNode="512" EndNode="518">
<Feature>
  <Name className="java.lang.String">string</Name>
  <Value className="java.lang.String">writes</Value>
</Feature>
</Annotation>
<Annotation Id="239" Type="Token" StartNode="584" EndNode="592">
<Feature>
  <Name className="java.lang.String">string</Name>
  <Value className="java.lang.String">property</Value>
</Feature>
</Annotation>
<Annotation Id="234" Type="Token" StartNode="568" EndNode="578">
<Feature>
  <Name className="java.lang.String">string</Name>
  <Value className="java.lang.String">resolved--</Value>
</Feature>
</Annotation>
<Annotation Id="230" Type="Token" StartNode="554" EndNode="563">
<Feature>
  <Name className="java.lang.String">string</Name>
  <Value className="java.lang.String">situation</Value>
</Feature>
</Annotation>
<Annotation Id="226" Type="Token" StartNode="542" EndNode="549">
<Feature>
  <Name className="java.lang.String">string</Name>
  <Value className="java.lang.String">however</Value>
</Feature>
</Annotation>
<Annotation Id="245" Type="Token" StartNode="606" EndNode="612">
<Feature>
  <Name className="java.lang.String">string</Name>
  <Value className="java.lang.String">intact</Value>
</Feature>
</Annotation>
<Annotation Id="243" Type="Token" StartNode="599" EndNode="605">
<Feature>
  <Name className="java.lang.String">string</Name>
  <Value className="java.lang.String">remain</Value>
</Feature>
</Annotation>
<Annotation Id="273" Type="Token" StartNode="662" EndNode="670">
<Feature>
  <Name className="java.lang.String">string</Name>
  <Value className="java.lang.String">hundreds</Value>
</Feature>
</Annotation>
<Annotation Id="277" Type="Token" StartNode="674" EndNode="683">
<Feature>
  <Name className="java.lang.String">string</Name>
  <Value className="java.lang.String">thousands</Value>
</Feature>
</Annotation>
<Annotation Id="281" Type="Token" StartNode="687" EndNode="694">
<Feature>
  <Name className="java.lang.String">string</Name>
  <Value className="java.lang.String">dollars</Value>
</Feature>
</Annotation>
<Annotation Id="287" Type="Token" StartNode="707" EndNode="715">
<Feature>
  <Name className="java.lang.String">string</Name>
  <Value className="java.lang.String">incurred</Value>
</Feature>
</Annotation>
<Annotation Id="285" Type="Token" StartNode="698" EndNode="706">
<Feature>
  <Name className="java.lang.String">string</Name>
  <Value className="java.lang.String">expenses</Value>
</Feature>
</Annotation>
<Annotation Id="289" Type="Token" StartNode="716" EndNode="722">
<Feature>
  <Name className="java.lang.String">string</Name>
  <Value className="java.lang.String">having</Value>
</Feature>
</Annotation>
<Annotation Id="293" Type="Token" StartNode="726" EndNode="733">
<Feature>
  <Name className="java.lang.String">string</Name>
  <Value className="java.lang.String">babysit</Value>
</Feature>
</Annotation>
<Annotation Id="298" Type="Token" StartNode="741" EndNode="747">
<Feature>
  <Name className="java.lang.String">string</Name>
  <Value className="java.lang.String">Koresh</Value>
</Feature>
</Annotation>
<Annotation Id="336" Type="Token" StartNode="853" EndNode="859">
<Feature>
  <Name className="java.lang.String">string</Name>
  <Value className="java.lang.String">family</Value>
</Feature>
</Annotation>
<Annotation Id="344" Type="Token" StartNode="872" EndNode="878">
<Feature>
  <Name className="java.lang.String">string</Name>
  <Value className="java.lang.String">notice</Value>
</Feature>
</Annotation>
<Annotation Id="327" Type="Token" StartNode="813" EndNode="822">
<Feature>
  <Name className="java.lang.String">string</Name>
  <Value className="java.lang.String">political</Value>
</Feature>
</Annotation>
<Annotation Id="322" Type="Token" StartNode="796" EndNode="805">
<Feature>
  <Name className="java.lang.String">string</Name>
  <Value className="java.lang.String">countries</Value>
</Feature>
</Annotation>
<Annotation Id="320" Type="Token" StartNode="787" EndNode="795">
<Feature>
  <Name className="java.lang.String">string</Name>
  <Value className="java.lang.String">American</Value>
</Feature>
</Annotation>
<Annotation Id="331" Type="Token" StartNode="836" EndNode="847">
<Feature>
  <Name className="java.lang.String">string</Name>
  <Value className="java.lang.String">disappeared</Value>
</Feature>
</Annotation>
<Annotation Id="329" Type="Token" StartNode="823" EndNode="835">
<Feature>
  <Name className="java.lang.String">string</Name>
  <Value className="java.lang.String">undesirables</Value>
</Feature>
</Annotation>
<Annotation Id="372" Type="Token" StartNode="934" EndNode="944">
<Feature>
  <Name className="java.lang.String">string</Name>
  <Value className="java.lang.String">apparently</Value>
</Feature>
</Annotation>
<Annotation Id="360" Type="Token" StartNode="907" EndNode="915">
<Feature>
  <Name className="java.lang.String">string</Name>
  <Value className="java.lang.String">disposal</Value>
</Feature>
</Annotation>
<Annotation Id="410" Type="Token" StartNode="1047" EndNode="1056">
<Feature>
  <Name className="java.lang.String">string</Name>
  <Value className="java.lang.String">followers</Value>
</Feature>
</Annotation>
<Annotation Id="413" Type="Token" StartNode="1058" EndNode="1068">
<Feature>
  <Name className="java.lang.String">string</Name>
  <Value className="java.lang.String">surrounded</Value>
</Feature>
</Annotation>
<Annotation Id="402" Type="Token" StartNode="1024" EndNode="1031">
<Feature>
  <Name className="java.lang.String">string</Name>
  <Value className="java.lang.String">against</Value>
</Feature>
</Annotation>
<Annotation Id="400" Type="Token" StartNode="1017" EndNode="1023">
<Feature>
  <Name className="java.lang.String">string</Name>
  <Value className="java.lang.String">action</Value>
</Feature>
</Annotation>
<Annotation Id="404" Type="Token" StartNode="1032" EndNode="1038">
<Feature>
  <Name className="java.lang.String">string</Name>
  <Value className="java.lang.String">Koresh</Value>
</Feature>
</Annotation>
<Annotation Id="394" Type="Token" StartNode="991" EndNode="1001">
<Feature>
  <Name className="java.lang.String">string</Name>
  <Value className="java.lang.String">Government</Value>
</Feature>
</Annotation>
<Annotation Id="392" Type="Token" StartNode="983" EndNode="990">
<Feature>
  <Name className="java.lang.String">string</Name>
  <Value className="java.lang.String">Federal</Value>
</Feature>
</Annotation>
<Annotation Id="396" Type="Token" StartNode="1002" EndNode="1011">
<Feature>
  <Name className="java.lang.String">string</Name>
  <Value className="java.lang.String">initiated</Value>
</Feature>
</Annotation>
<Annotation Id="441" Type="Token" StartNode="1151" EndNode="1158">
<Feature>
  <Name className="java.lang.String">string</Name>
  <Value className="java.lang.String">against</Value>
</Feature>
</Annotation>
<Annotation Id="445" Type="Token" StartNode="1162" EndNode="1170">
<Feature>
  <Name className="java.lang.String">string</Name>
  <Value className="java.lang.String">citizens</Value>
</Feature>
</Annotation>
<Annotation Id="437" Type="Token" StartNode="1132" EndNode="1140">
<Feature>
  <Name className="java.lang.String">string</Name>
  <Value className="java.lang.String">military</Value>
</Feature>
</Annotation>
<Annotation Id="439" Type="Token" StartNode="1141" EndNode="1150">
<Feature>
  <Name className="java.lang.String">string</Name>
  <Value className="java.lang.String">equipment</Value>
</Feature>
</Annotation>
<Annotation Id="424" Type="Token" StartNode="1087" EndNode="1094">
<Feature>
  <Name className="java.lang.String">string</Name>
  <Value className="java.lang.String">engaged</Value>
</Feature>
</Annotation>
<Annotation Id="428" Type="Token" StartNode="1098" EndNode="1111">
<Feature>
  <Name className="java.lang.String">string</Name>
  <Value className="java.lang.String">psychological</Value>
</Feature>
</Annotation>
<Annotation Id="430" Type="Token" StartNode="1112" EndNode="1119">
<Feature>
  <Name className="java.lang.String">string</Name>
  <Value className="java.lang.String">warfare</Value>
</Feature>
</Annotation>
<Annotation Id="474" Type="Token" StartNode="1237" EndNode="1244">
<Feature>
  <Name className="java.lang.String">string</Name>
  <Value className="java.lang.String">pumping</Value>
</Feature>
</Annotation>
<Annotation Id="464" Type="Token" StartNode="1209" EndNode="1215">
<Feature>
  <Name className="java.lang.String">string</Name>
  <Value className="java.lang.String">caught</Value>
</Feature>
</Annotation>
<Annotation Id="462" Type="Token" StartNode="1200" EndNode="1208">
<Feature>
  <Name className="java.lang.String">string</Name>
  <Value className="java.lang.String">compound</Value>
</Feature>
</Annotation>
<Annotation Id="511" Type="Token" StartNode="1342" EndNode="1348">
<Feature>
  <Name className="java.lang.String">string</Name>
  <Value className="java.lang.String">always</Value>
</Feature>
</Annotation>
<Annotation Id="505" Type="Token" StartNode="1327" EndNode="1334">
<Feature>
  <Name className="java.lang.String">string</Name>
  <Value className="java.lang.String">Brother</Value>
</Feature>
</Annotation>
<Annotation Id="499" Type="Token" StartNode="1306" EndNode="1320">
<Feature>
  <Name className="java.lang.String">string</Name>
  <Value className="java.lang.String">responsibility</Value>
</Feature>
</Annotation>
<Annotation Id="492" Type="Token" StartNode="1283" EndNode="1291">
<Feature>
  <Name className="java.lang.String">string</Name>
  <Value className="java.lang.String">building</Value>
</Feature>
</Annotation>
<Annotation Id="495" Type="Token" StartNode="1293" EndNode="1301">
<Feature>
  <Name className="java.lang.String">string</Name>
  <Value className="java.lang.String">disavows</Value>
</Feature>
</Annotation>
<Annotation Id="484" Type="Token" StartNode="1261" EndNode="1269">
<Feature>
  <Name className="java.lang.String">string</Name>
  <Value className="java.lang.String">knocking</Value>
</Feature>
</Annotation>
<Annotation Id="544" Type="Token" StartNode="1422" EndNode="1428">
<Feature>
  <Name className="java.lang.String">string</Name>
  <Value className="java.lang.String">Center</Value>
</Feature>
</Annotation>
<Annotation Id="559" Type="Token" StartNode="1451" EndNode="1457">
<Feature>
  <Name className="java.lang.String">string</Name>
  <Value className="java.lang.String">cunixf</Value>
</Feature>
</Annotation>
<Annotation Id="553" Type="Token" StartNode="1436" EndNode="1444">
<Feature>
  <Name className="java.lang.String">string</Name>
  <Value className="java.lang.String">internet</Value>
</Feature>
</Annotation>
<Annotation Id="563" Type="Token" StartNode="1461" EndNode="1469">
<Feature>
  <Name className="java.lang.String">string</Name>
  <Value className="java.lang.String">columbia</Value>
</Feature>
</Annotation>
<Annotation Id="529" Type="Token" StartNode="1375" EndNode="1384">
<Feature>
  <Name className="java.lang.String">string</Name>
  <Value className="java.lang.String">Stoufflet</Value>
</Feature>
</Annotation>
<Annotation Id="540" Type="Token" StartNode="1401" EndNode="1413">
<Feature>
  <Name className="java.lang.String">string</Name>
  <Value className="java.lang.String">Presbyterian</Value>
</Feature>
</Annotation>
<Annotation Id="542" Type="Token" StartNode="1414" EndNode="1421">
<Feature>
  <Name className="java.lang.String">string</Name>
  <Value className="java.lang.String">Medical</Value>
</Feature>
</Annotation>
<Annotation Id="538" Type="Token" StartNode="1392" EndNode="1400">
<Feature>
  <Name className="java.lang.String">string</Name>
  <Value className="java.lang.String">Columbia</Value>
</Feature>
</Annotation>
<Annotation Id="576" Type="Token" StartNode="1485" EndNode="1493">
<Feature>
  <Name className="java.lang.String">string</Name>
  <Value className="java.lang.String">opinions</Value>
</Feature>
</Annotation>
</AnnotationSet>
<AnnotationSet Name="Original markups"> </AnnotationSet>
</GateDocument>