<?xml version='1.0' encoding='UTF-8'?>
<GateDocument version="3">
<!-- The document's features-->

<GateDocumentFeatures>
<Feature>
  <Name className="java.lang.String">Original_document_content_on_load</Name>
  <Value className="java.lang.String"><![CDATA[Message-ID: <93115.035212A54SI@CUNYVM.BITNET>
From: <A54SI@CUNYVM.BITNET>
Date: Sunday, 25 Apr 1993 03:52:12 EDT
References: <78943@cup.portal.com> <yag12B3w165w@anarky.tch.org><93111.195217A54SI@CUNYVM.BITNET> <ss.113@apmaths.uwo.ca>
Organization: City University of New York
Lines: 41

In article <ss.113@apmaths.uwo.ca>, ss@apmaths.uwo.ca (SULTAN SIAL) says:
>
>In article <93111.195217A54SI@CUNYVM.BITNET> <A54SI@CUNYVM.BITNET> writes:
>
>[stuff about Mithras deleted]
>
>>Oh, His B-day was 25 Dec. Ahem.
>
>I thought that Saturnalia was celebrated by the Romans at that time.  Was
>Mithras connected with this?
>

Rome was under attack by barbarians, they sent for advice to some Oracle,
and she said Worship Cybele and you'll be saved. They did, they were.

Cybele was the quintessential wiccan goddess, there was Her and her son &
lover, Attis. Yucky idea if you ask me. OK the book says she was Phrygian,
from the neolithic matriarchal society Catal Huyuk (Turkey). Worshipped 1st
as Black Stone (that Kaaba in Mecca ring a bell maybe????) Carried to Rome
in 205BC to save them from Hannibal.

It gets more interesting. Romans called her Great Mother (Magna Mater),
could be the reason why so many of those Mary statues in Europe are black,
prob. IS connected to that Ka'aba they've got in Mecca, 3rd cent. AD She was
supreme Goddess in Lyons, France . . . Attis was castrated and formed into
a pine tree . . . she should be worshiped on 25 Mar . . . in Rome it was
an ecstatic cult, her priests wore drag, worked themselves up in dance and
castrated themselves in order to initiate to her, lived their lives as women.
They wore make up and jewelry and the whole bit.

Wow.

Only other such primitive transsexualism I know of goes on in India (where
else?) where they do that castration thing under some meditation maybe, I
forget by now...there's a book on that.)

Of course, that excepts that weird Russian / Romanian 18th cent. Xian cult
that did all kinds of self-castration too, I forget their name.
-------
CHARLES HOPE   A54SI@CUNYVM   A54SI@CUNYVM.CUNY.EDU
GOVERNMENT BY REPORTERS...MEDIA-OCRACY.
]]></Value>
</Feature>
<Feature>
  <Name className="java.lang.String">gate.SourceURL</Name>
  <Value className="java.lang.String">file:/C:/Users/jian/Documents/NetBeansProjects/NoiseReductionTechniques/mideastPoliticsMix/negative1116</Value>
</Feature>
</GateDocumentFeatures>
<!-- The document content area with serialized nodes -->

<TextWithNodes><Node id="0"/>Message-<Node id="8"/>ID<Node id="10"/>:<Node id="11"/> <Node id="12"/>&lt;<Node id="13"/>93115<Node id="18"/>.<Node id="19"/>035212<Node id="25"/>A<Node id="26"/>54<Node id="28"/>SI<Node id="30"/>@<Node id="31"/>CUNYVM<Node id="37"/>.<Node id="38"/>BITNET<Node id="44"/>&gt;<Node id="45"/>
<Node id="46"/>From<Node id="50"/>:<Node id="51"/> <Node id="52"/>&lt;<Node id="53"/>A<Node id="54"/>54<Node id="56"/>SI<Node id="58"/>@<Node id="59"/>CUNYVM<Node id="65"/>.<Node id="66"/>BITNET<Node id="72"/>&gt;<Node id="73"/>
<Node id="74"/>Date<Node id="78"/>:<Node id="79"/> <Node id="80"/>Sunday<Node id="86"/>,<Node id="87"/> <Node id="88"/>25<Node id="90"/> <Node id="91"/>Apr<Node id="94"/> <Node id="95"/>1993<Node id="99"/> <Node id="100"/>03<Node id="102"/>:<Node id="103"/>52<Node id="105"/>:<Node id="106"/>12<Node id="108"/> <Node id="109"/>EDT<Node id="112"/>
<Node id="113"/>References<Node id="123"/>:<Node id="124"/> <Node id="125"/>&lt;<Node id="126"/>78943<Node id="131"/>@<Node id="132"/>cup<Node id="135"/>.<Node id="136"/>portal<Node id="142"/>.<Node id="143"/>com<Node id="146"/>&gt;<Node id="147"/> <Node id="148"/>&lt;<Node id="149"/>yag<Node id="152"/>12<Node id="154"/>B<Node id="155"/>3<Node id="156"/>w<Node id="157"/>165<Node id="160"/>w<Node id="161"/>@<Node id="162"/>anarky<Node id="168"/>.<Node id="169"/>tch<Node id="172"/>.<Node id="173"/>org<Node id="176"/>&gt;<Node id="177"/>&lt;<Node id="178"/>93111<Node id="183"/>.<Node id="184"/>195217<Node id="190"/>A<Node id="191"/>54<Node id="193"/>SI<Node id="195"/>@<Node id="196"/>CUNYVM<Node id="202"/>.<Node id="203"/>BITNET<Node id="209"/>&gt;<Node id="210"/> <Node id="211"/>&lt;<Node id="212"/>ss<Node id="214"/>.<Node id="215"/>113<Node id="218"/>@<Node id="219"/>apmaths<Node id="226"/>.<Node id="227"/>uwo<Node id="230"/>.<Node id="231"/>ca<Node id="233"/>&gt;<Node id="234"/>
<Node id="235"/>Organization<Node id="247"/>:<Node id="248"/> <Node id="249"/>City<Node id="253"/> <Node id="254"/>University<Node id="264"/> <Node id="265"/>of<Node id="267"/> <Node id="268"/>New<Node id="271"/> <Node id="272"/>York<Node id="276"/>
<Node id="277"/>Lines<Node id="282"/>:<Node id="283"/> <Node id="284"/>41<Node id="286"/>
<Node id="287"/>
<Node id="288"/>In<Node id="290"/> <Node id="291"/>article<Node id="298"/> <Node id="299"/>&lt;<Node id="300"/>ss<Node id="302"/>.<Node id="303"/>113<Node id="306"/>@<Node id="307"/>apmaths<Node id="314"/>.<Node id="315"/>uwo<Node id="318"/>.<Node id="319"/>ca<Node id="321"/>&gt;<Node id="322"/>,<Node id="323"/> <Node id="324"/>ss<Node id="326"/>@<Node id="327"/>apmaths<Node id="334"/>.<Node id="335"/>uwo<Node id="338"/>.<Node id="339"/>ca<Node id="341"/> <Node id="342"/>(<Node id="343"/>SULTAN<Node id="349"/> <Node id="350"/>SIAL<Node id="354"/>)<Node id="355"/> <Node id="356"/>says<Node id="360"/>:<Node id="361"/>
<Node id="362"/>&gt;<Node id="363"/>
<Node id="364"/>&gt;<Node id="365"/>In<Node id="367"/> <Node id="368"/>article<Node id="375"/> <Node id="376"/>&lt;<Node id="377"/>93111<Node id="382"/>.<Node id="383"/>195217<Node id="389"/>A<Node id="390"/>54<Node id="392"/>SI<Node id="394"/>@<Node id="395"/>CUNYVM<Node id="401"/>.<Node id="402"/>BITNET<Node id="408"/>&gt;<Node id="409"/> <Node id="410"/>&lt;<Node id="411"/>A<Node id="412"/>54<Node id="414"/>SI<Node id="416"/>@<Node id="417"/>CUNYVM<Node id="423"/>.<Node id="424"/>BITNET<Node id="430"/>&gt;<Node id="431"/> <Node id="432"/>writes<Node id="438"/>:<Node id="439"/>
<Node id="440"/>&gt;<Node id="441"/>
<Node id="442"/>&gt;<Node id="443"/>[<Node id="444"/>stuff<Node id="449"/> <Node id="450"/>about<Node id="455"/> <Node id="456"/>Mithras<Node id="463"/> <Node id="464"/>deleted<Node id="471"/>]<Node id="472"/>
<Node id="473"/>&gt;<Node id="474"/>
<Node id="475"/>&gt;<Node id="476"/>&gt;<Node id="477"/>Oh<Node id="479"/>,<Node id="480"/> <Node id="481"/>His<Node id="484"/> <Node id="485"/>B-<Node id="487"/>day<Node id="490"/> <Node id="491"/>was<Node id="494"/> <Node id="495"/>25<Node id="497"/> <Node id="498"/>Dec<Node id="501"/>.<Node id="502"/> <Node id="503"/>Ahem<Node id="507"/>.<Node id="508"/>
<Node id="509"/>&gt;<Node id="510"/>
<Node id="511"/>&gt;<Node id="512"/>I<Node id="513"/> <Node id="514"/>thought<Node id="521"/> <Node id="522"/>that<Node id="526"/> <Node id="527"/>Saturnalia<Node id="537"/> <Node id="538"/>was<Node id="541"/> <Node id="542"/>celebrated<Node id="552"/> <Node id="553"/>by<Node id="555"/> <Node id="556"/>the<Node id="559"/> <Node id="560"/>Romans<Node id="566"/> <Node id="567"/>at<Node id="569"/> <Node id="570"/>that<Node id="574"/> <Node id="575"/>time<Node id="579"/>.<Node id="580"/> <Node id="581"/> <Node id="582"/>Was<Node id="585"/>
<Node id="586"/>&gt;<Node id="587"/>Mithras<Node id="594"/> <Node id="595"/>connected<Node id="604"/> <Node id="605"/>with<Node id="609"/> <Node id="610"/>this<Node id="614"/>?<Node id="615"/>
<Node id="616"/>&gt;<Node id="617"/>
<Node id="618"/>
<Node id="619"/>Rome<Node id="623"/> <Node id="624"/>was<Node id="627"/> <Node id="628"/>under<Node id="633"/> <Node id="634"/>attack<Node id="640"/> <Node id="641"/>by<Node id="643"/> <Node id="644"/>barbarians<Node id="654"/>,<Node id="655"/> <Node id="656"/>they<Node id="660"/> <Node id="661"/>sent<Node id="665"/> <Node id="666"/>for<Node id="669"/> <Node id="670"/>advice<Node id="676"/> <Node id="677"/>to<Node id="679"/> <Node id="680"/>some<Node id="684"/> <Node id="685"/>Oracle<Node id="691"/>,<Node id="692"/>
<Node id="693"/>and<Node id="696"/> <Node id="697"/>she<Node id="700"/> <Node id="701"/>said<Node id="705"/> <Node id="706"/>Worship<Node id="713"/> <Node id="714"/>Cybele<Node id="720"/> <Node id="721"/>and<Node id="724"/> <Node id="725"/>you<Node id="728"/>'ll<Node id="731"/> <Node id="732"/>be<Node id="734"/> <Node id="735"/>saved<Node id="740"/>.<Node id="741"/> <Node id="742"/>They<Node id="746"/> <Node id="747"/>did<Node id="750"/>,<Node id="751"/> <Node id="752"/>they<Node id="756"/> <Node id="757"/>were<Node id="761"/>.<Node id="762"/>
<Node id="763"/>
<Node id="764"/>Cybele<Node id="770"/> <Node id="771"/>was<Node id="774"/> <Node id="775"/>the<Node id="778"/> <Node id="779"/>quintessential<Node id="793"/> <Node id="794"/>wiccan<Node id="800"/> <Node id="801"/>goddess<Node id="808"/>,<Node id="809"/> <Node id="810"/>there<Node id="815"/> <Node id="816"/>was<Node id="819"/> <Node id="820"/>Her<Node id="823"/> <Node id="824"/>and<Node id="827"/> <Node id="828"/>her<Node id="831"/> <Node id="832"/>son<Node id="835"/> <Node id="836"/>&amp;<Node id="837"/>
<Node id="838"/>lover<Node id="843"/>,<Node id="844"/> <Node id="845"/>Attis<Node id="850"/>.<Node id="851"/> <Node id="852"/>Yucky<Node id="857"/> <Node id="858"/>idea<Node id="862"/> <Node id="863"/>if<Node id="865"/> <Node id="866"/>you<Node id="869"/> <Node id="870"/>ask<Node id="873"/> <Node id="874"/>me<Node id="876"/>.<Node id="877"/> <Node id="878"/>OK<Node id="880"/> <Node id="881"/>the<Node id="884"/> <Node id="885"/>book<Node id="889"/> <Node id="890"/>says<Node id="894"/> <Node id="895"/>she<Node id="898"/> <Node id="899"/>was<Node id="902"/> <Node id="903"/>Phrygian<Node id="911"/>,<Node id="912"/>
<Node id="913"/>from<Node id="917"/> <Node id="918"/>the<Node id="921"/> <Node id="922"/>neolithic<Node id="931"/> <Node id="932"/>matriarchal<Node id="943"/> <Node id="944"/>society<Node id="951"/> <Node id="952"/>Catal<Node id="957"/> <Node id="958"/>Huyuk<Node id="963"/> <Node id="964"/>(<Node id="965"/>Turkey<Node id="971"/>)<Node id="972"/>.<Node id="973"/> <Node id="974"/>Worshipped<Node id="984"/> <Node id="985"/>1st<Node id="988"/>
<Node id="989"/>as<Node id="991"/> <Node id="992"/>Black<Node id="997"/> <Node id="998"/>Stone<Node id="1003"/> <Node id="1004"/>(<Node id="1005"/>that<Node id="1009"/> <Node id="1010"/>Kaaba<Node id="1015"/> <Node id="1016"/>in<Node id="1018"/> <Node id="1019"/>Mecca<Node id="1024"/> <Node id="1025"/>ring<Node id="1029"/> <Node id="1030"/>a<Node id="1031"/> <Node id="1032"/>bell<Node id="1036"/> <Node id="1037"/>maybe<Node id="1042"/>?<Node id="1043"/>?<Node id="1044"/>?<Node id="1045"/>?<Node id="1046"/>)<Node id="1047"/> <Node id="1048"/>Carried<Node id="1055"/> <Node id="1056"/>to<Node id="1058"/> <Node id="1059"/>Rome<Node id="1063"/>
<Node id="1064"/>in<Node id="1066"/> <Node id="1067"/>205<Node id="1070"/>BC<Node id="1072"/> <Node id="1073"/>to<Node id="1075"/> <Node id="1076"/>save<Node id="1080"/> <Node id="1081"/>them<Node id="1085"/> <Node id="1086"/>from<Node id="1090"/> <Node id="1091"/>Hannibal<Node id="1099"/>.<Node id="1100"/>
<Node id="1101"/>
<Node id="1102"/>It<Node id="1104"/> <Node id="1105"/>gets<Node id="1109"/> <Node id="1110"/>more<Node id="1114"/> <Node id="1115"/>interesting<Node id="1126"/>.<Node id="1127"/> <Node id="1128"/>Romans<Node id="1134"/> <Node id="1135"/>called<Node id="1141"/> <Node id="1142"/>her<Node id="1145"/> <Node id="1146"/>Great<Node id="1151"/> <Node id="1152"/>Mother<Node id="1158"/> <Node id="1159"/>(<Node id="1160"/>Magna<Node id="1165"/> <Node id="1166"/>Mater<Node id="1171"/>)<Node id="1172"/>,<Node id="1173"/>
<Node id="1174"/>could<Node id="1179"/> <Node id="1180"/>be<Node id="1182"/> <Node id="1183"/>the<Node id="1186"/> <Node id="1187"/>reason<Node id="1193"/> <Node id="1194"/>why<Node id="1197"/> <Node id="1198"/>so<Node id="1200"/> <Node id="1201"/>many<Node id="1205"/> <Node id="1206"/>of<Node id="1208"/> <Node id="1209"/>those<Node id="1214"/> <Node id="1215"/>Mary<Node id="1219"/> <Node id="1220"/>statues<Node id="1227"/> <Node id="1228"/>in<Node id="1230"/> <Node id="1231"/>Europe<Node id="1237"/> <Node id="1238"/>are<Node id="1241"/> <Node id="1242"/>black<Node id="1247"/>,<Node id="1248"/>
<Node id="1249"/>prob<Node id="1253"/>.<Node id="1254"/> <Node id="1255"/>IS<Node id="1257"/> <Node id="1258"/>connected<Node id="1267"/> <Node id="1268"/>to<Node id="1270"/> <Node id="1271"/>that<Node id="1275"/> <Node id="1276"/>Ka<Node id="1278"/>'<Node id="1279"/>aba<Node id="1282"/> <Node id="1283"/>they<Node id="1287"/>'ve<Node id="1290"/> <Node id="1291"/>got<Node id="1294"/> <Node id="1295"/>in<Node id="1297"/> <Node id="1298"/>Mecca<Node id="1303"/>,<Node id="1304"/> <Node id="1305"/>3rd<Node id="1308"/> <Node id="1309"/>cent<Node id="1313"/>.<Node id="1314"/> <Node id="1315"/>AD<Node id="1317"/> <Node id="1318"/>She<Node id="1321"/> <Node id="1322"/>was<Node id="1325"/>
<Node id="1326"/>supreme<Node id="1333"/> <Node id="1334"/>Goddess<Node id="1341"/> <Node id="1342"/>in<Node id="1344"/> <Node id="1345"/>Lyons<Node id="1350"/>,<Node id="1351"/> <Node id="1352"/>France<Node id="1358"/> <Node id="1359"/>.<Node id="1360"/> <Node id="1361"/>.<Node id="1362"/> <Node id="1363"/>.<Node id="1364"/> <Node id="1365"/>Attis<Node id="1370"/> <Node id="1371"/>was<Node id="1374"/> <Node id="1375"/>castrated<Node id="1384"/> <Node id="1385"/>and<Node id="1388"/> <Node id="1389"/>formed<Node id="1395"/> <Node id="1396"/>into<Node id="1400"/>
<Node id="1401"/>a<Node id="1402"/> <Node id="1403"/>pine<Node id="1407"/> <Node id="1408"/>tree<Node id="1412"/> <Node id="1413"/>.<Node id="1414"/> <Node id="1415"/>.<Node id="1416"/> <Node id="1417"/>.<Node id="1418"/> <Node id="1419"/>she<Node id="1422"/> <Node id="1423"/>should<Node id="1429"/> <Node id="1430"/>be<Node id="1432"/> <Node id="1433"/>worshiped<Node id="1442"/> <Node id="1443"/>on<Node id="1445"/> <Node id="1446"/>25<Node id="1448"/> <Node id="1449"/>Mar<Node id="1452"/> <Node id="1453"/>.<Node id="1454"/> <Node id="1455"/>.<Node id="1456"/> <Node id="1457"/>.<Node id="1458"/> <Node id="1459"/>in<Node id="1461"/> <Node id="1462"/>Rome<Node id="1466"/> <Node id="1467"/>it<Node id="1469"/> <Node id="1470"/>was<Node id="1473"/>
<Node id="1474"/>an<Node id="1476"/> <Node id="1477"/>ecstatic<Node id="1485"/> <Node id="1486"/>cult<Node id="1490"/>,<Node id="1491"/> <Node id="1492"/>her<Node id="1495"/> <Node id="1496"/>priests<Node id="1503"/> <Node id="1504"/>wore<Node id="1508"/> <Node id="1509"/>drag<Node id="1513"/>,<Node id="1514"/> <Node id="1515"/>worked<Node id="1521"/> <Node id="1522"/>themselves<Node id="1532"/> <Node id="1533"/>up<Node id="1535"/> <Node id="1536"/>in<Node id="1538"/> <Node id="1539"/>dance<Node id="1544"/> <Node id="1545"/>and<Node id="1548"/>
<Node id="1549"/>castrated<Node id="1558"/> <Node id="1559"/>themselves<Node id="1569"/> <Node id="1570"/>in<Node id="1572"/> <Node id="1573"/>order<Node id="1578"/> <Node id="1579"/>to<Node id="1581"/> <Node id="1582"/>initiate<Node id="1590"/> <Node id="1591"/>to<Node id="1593"/> <Node id="1594"/>her<Node id="1597"/>,<Node id="1598"/> <Node id="1599"/>lived<Node id="1604"/> <Node id="1605"/>their<Node id="1610"/> <Node id="1611"/>lives<Node id="1616"/> <Node id="1617"/>as<Node id="1619"/> <Node id="1620"/>women<Node id="1625"/>.<Node id="1626"/>
<Node id="1627"/>They<Node id="1631"/> <Node id="1632"/>wore<Node id="1636"/> <Node id="1637"/>make<Node id="1641"/> <Node id="1642"/>up<Node id="1644"/> <Node id="1645"/>and<Node id="1648"/> <Node id="1649"/>jewelry<Node id="1656"/> <Node id="1657"/>and<Node id="1660"/> <Node id="1661"/>the<Node id="1664"/> <Node id="1665"/>whole<Node id="1670"/> <Node id="1671"/>bit<Node id="1674"/>.<Node id="1675"/>
<Node id="1676"/>
<Node id="1677"/>Wow<Node id="1680"/>.<Node id="1681"/>
<Node id="1682"/>
<Node id="1683"/>Only<Node id="1687"/> <Node id="1688"/>other<Node id="1693"/> <Node id="1694"/>such<Node id="1698"/> <Node id="1699"/>primitive<Node id="1708"/> <Node id="1709"/>transsexualism<Node id="1723"/> <Node id="1724"/>I<Node id="1725"/> <Node id="1726"/>know<Node id="1730"/> <Node id="1731"/>of<Node id="1733"/> <Node id="1734"/>goes<Node id="1738"/> <Node id="1739"/>on<Node id="1741"/> <Node id="1742"/>in<Node id="1744"/> <Node id="1745"/>India<Node id="1750"/> <Node id="1751"/>(<Node id="1752"/>where<Node id="1757"/>
<Node id="1758"/>else<Node id="1762"/>?<Node id="1763"/>)<Node id="1764"/> <Node id="1765"/>where<Node id="1770"/> <Node id="1771"/>they<Node id="1775"/> <Node id="1776"/>do<Node id="1778"/> <Node id="1779"/>that<Node id="1783"/> <Node id="1784"/>castration<Node id="1794"/> <Node id="1795"/>thing<Node id="1800"/> <Node id="1801"/>under<Node id="1806"/> <Node id="1807"/>some<Node id="1811"/> <Node id="1812"/>meditation<Node id="1822"/> <Node id="1823"/>maybe<Node id="1828"/>,<Node id="1829"/> <Node id="1830"/>I<Node id="1831"/>
<Node id="1832"/>forget<Node id="1838"/> <Node id="1839"/>by<Node id="1841"/> <Node id="1842"/>now<Node id="1845"/>.<Node id="1846"/>.<Node id="1847"/>.<Node id="1848"/>there<Node id="1853"/>'s<Node id="1855"/> <Node id="1856"/>a<Node id="1857"/> <Node id="1858"/>book<Node id="1862"/> <Node id="1863"/>on<Node id="1865"/> <Node id="1866"/>that<Node id="1870"/>.<Node id="1871"/>)<Node id="1872"/>
<Node id="1873"/>
<Node id="1874"/>Of<Node id="1876"/> <Node id="1877"/>course<Node id="1883"/>,<Node id="1884"/> <Node id="1885"/>that<Node id="1889"/> <Node id="1890"/>excepts<Node id="1897"/> <Node id="1898"/>that<Node id="1902"/> <Node id="1903"/>weird<Node id="1908"/> <Node id="1909"/>Russian<Node id="1916"/> <Node id="1917"/>/<Node id="1918"/> <Node id="1919"/>Romanian<Node id="1927"/> <Node id="1928"/>18th<Node id="1932"/> <Node id="1933"/>cent<Node id="1937"/>.<Node id="1938"/> <Node id="1939"/>Xian<Node id="1943"/> <Node id="1944"/>cult<Node id="1948"/>
<Node id="1949"/>that<Node id="1953"/> <Node id="1954"/>did<Node id="1957"/> <Node id="1958"/>all<Node id="1961"/> <Node id="1962"/>kinds<Node id="1967"/> <Node id="1968"/>of<Node id="1970"/> <Node id="1971"/>self-castration<Node id="1986"/> <Node id="1987"/>too<Node id="1990"/>,<Node id="1991"/> <Node id="1992"/>I<Node id="1993"/> <Node id="1994"/>forget<Node id="2000"/> <Node id="2001"/>their<Node id="2006"/> <Node id="2007"/>name<Node id="2011"/>.<Node id="2012"/>
<Node id="2013"/>-<Node id="2014"/>-<Node id="2015"/>-<Node id="2016"/>-<Node id="2017"/>-<Node id="2018"/>-<Node id="2019"/>-<Node id="2020"/>
<Node id="2021"/>CHARLES<Node id="2028"/> <Node id="2029"/>HOPE<Node id="2033"/> <Node id="2034"/> <Node id="2035"/> <Node id="2036"/>A<Node id="2037"/>54<Node id="2039"/>SI<Node id="2041"/>@<Node id="2042"/>CUNYVM<Node id="2048"/> <Node id="2049"/> <Node id="2050"/> <Node id="2051"/>A<Node id="2052"/>54<Node id="2054"/>SI<Node id="2056"/>@<Node id="2057"/>CUNYVM<Node id="2063"/>.<Node id="2064"/>CUNY<Node id="2068"/>.<Node id="2069"/>EDU<Node id="2072"/>
<Node id="2073"/>GOVERNMENT<Node id="2083"/> <Node id="2084"/>BY<Node id="2086"/> <Node id="2087"/>REPORTERS<Node id="2096"/>.<Node id="2097"/>.<Node id="2098"/>.<Node id="2099"/>MEDIA-OCRACY<Node id="2111"/>.<Node id="2112"/>
<Node id="2113"/></TextWithNodes>
<!-- The default annotation set -->

<AnnotationSet>
<Annotation EndNode="2113" StartNode="0" Type="Mention" Id="9999999">
<Feature>
<Name classname="java.lang.String">Class</Name>
<Value classname="java.lang.String">0</Value>
</Feature>
</Annotation>

<Annotation Id="0" Type="Token" StartNode="0" EndNode="8">
<Feature>
  <Name className="java.lang.String">string</Name>
  <Value className="java.lang.String">Message-</Value>
</Feature>
</Annotation>
<Annotation Id="7" Type="Token" StartNode="19" EndNode="25">
</Annotation>
<Annotation Id="12" Type="Token" StartNode="31" EndNode="37">
<Feature>
  <Name className="java.lang.String">string</Name>
  <Value className="java.lang.String">CUNYVM</Value>
</Feature>
</Annotation>
<Annotation Id="14" Type="Token" StartNode="38" EndNode="44">
<Feature>
  <Name className="java.lang.String">string</Name>
  <Value className="java.lang.String">BITNET</Value>
</Feature>
</Annotation>
<Annotation Id="25" Type="Token" StartNode="59" EndNode="65">
<Feature>
  <Name className="java.lang.String">string</Name>
  <Value className="java.lang.String">CUNYVM</Value>
</Feature>
</Annotation>
<Annotation Id="27" Type="Token" StartNode="66" EndNode="72">
<Feature>
  <Name className="java.lang.String">string</Name>
  <Value className="java.lang.String">BITNET</Value>
</Feature>
</Annotation>
<Annotation Id="33" Type="Token" StartNode="80" EndNode="86">
<Feature>
  <Name className="java.lang.String">string</Name>
  <Value className="java.lang.String">Sunday</Value>
</Feature>
</Annotation>
<Annotation Id="50" Type="Token" StartNode="113" EndNode="123">
<Feature>
  <Name className="java.lang.String">string</Name>
  <Value className="java.lang.String">References</Value>
</Feature>
</Annotation>
<Annotation Id="58" Type="Token" StartNode="136" EndNode="142">
<Feature>
  <Name className="java.lang.String">string</Name>
  <Value className="java.lang.String">portal</Value>
</Feature>
</Annotation>
<Annotation Id="72" Type="Token" StartNode="162" EndNode="168">
<Feature>
  <Name className="java.lang.String">string</Name>
  <Value className="java.lang.String">anarky</Value>
</Feature>
</Annotation>
<Annotation Id="86" Type="Token" StartNode="196" EndNode="202">
<Feature>
  <Name className="java.lang.String">string</Name>
  <Value className="java.lang.String">CUNYVM</Value>
</Feature>
</Annotation>
<Annotation Id="81" Type="Token" StartNode="184" EndNode="190">
</Annotation>
<Annotation Id="88" Type="Token" StartNode="203" EndNode="209">
<Feature>
  <Name className="java.lang.String">string</Name>
  <Value className="java.lang.String">BITNET</Value>
</Feature>
</Annotation>
<Annotation Id="103" Type="Token" StartNode="235" EndNode="247">
<Feature>
  <Name className="java.lang.String">string</Name>
  <Value className="java.lang.String">Organization</Value>
</Feature>
</Annotation>
<Annotation Id="96" Type="Token" StartNode="219" EndNode="226">
<Feature>
  <Name className="java.lang.String">string</Name>
  <Value className="java.lang.String">apmaths</Value>
</Feature>
</Annotation>
<Annotation Id="108" Type="Token" StartNode="254" EndNode="264">
<Feature>
  <Name className="java.lang.String">string</Name>
  <Value className="java.lang.String">University</Value>
</Feature>
</Annotation>
<Annotation Id="124" Type="Token" StartNode="291" EndNode="298">
<Feature>
  <Name className="java.lang.String">string</Name>
  <Value className="java.lang.String">article</Value>
</Feature>
</Annotation>
<Annotation Id="141" Type="Token" StartNode="327" EndNode="334">
<Feature>
  <Name className="java.lang.String">string</Name>
  <Value className="java.lang.String">apmaths</Value>
</Feature>
</Annotation>
<Annotation Id="131" Type="Token" StartNode="307" EndNode="314">
<Feature>
  <Name className="java.lang.String">string</Name>
  <Value className="java.lang.String">apmaths</Value>
</Feature>
</Annotation>
<Annotation Id="148" Type="Token" StartNode="343" EndNode="349">
<Feature>
  <Name className="java.lang.String">string</Name>
  <Value className="java.lang.String">SULTAN</Value>
</Feature>
</Annotation>
<Annotation Id="171" Type="Token" StartNode="395" EndNode="401">
<Feature>
  <Name className="java.lang.String">string</Name>
  <Value className="java.lang.String">CUNYVM</Value>
</Feature>
</Annotation>
<Annotation Id="173" Type="Token" StartNode="402" EndNode="408">
<Feature>
  <Name className="java.lang.String">string</Name>
  <Value className="java.lang.String">BITNET</Value>
</Feature>
</Annotation>
<Annotation Id="161" Type="Token" StartNode="368" EndNode="375">
<Feature>
  <Name className="java.lang.String">string</Name>
  <Value className="java.lang.String">article</Value>
</Feature>
</Annotation>
<Annotation Id="166" Type="Token" StartNode="383" EndNode="389">
</Annotation>
<Annotation Id="186" Type="Token" StartNode="432" EndNode="438">
<Feature>
  <Name className="java.lang.String">string</Name>
  <Value className="java.lang.String">writes</Value>
</Feature>
</Annotation>
<Annotation Id="183" Type="Token" StartNode="424" EndNode="430">
<Feature>
  <Name className="java.lang.String">string</Name>
  <Value className="java.lang.String">BITNET</Value>
</Feature>
</Annotation>
<Annotation Id="181" Type="Token" StartNode="417" EndNode="423">
<Feature>
  <Name className="java.lang.String">string</Name>
  <Value className="java.lang.String">CUNYVM</Value>
</Feature>
</Annotation>
<Annotation Id="197" Type="Token" StartNode="456" EndNode="463">
<Feature>
  <Name className="java.lang.String">string</Name>
  <Value className="java.lang.String">Mithras</Value>
</Feature>
</Annotation>
<Annotation Id="199" Type="Token" StartNode="464" EndNode="471">
<Feature>
  <Name className="java.lang.String">string</Name>
  <Value className="java.lang.String">deleted</Value>
</Feature>
</Annotation>
<Annotation Id="237" Type="Token" StartNode="542" EndNode="552">
<Feature>
  <Name className="java.lang.String">string</Name>
  <Value className="java.lang.String">celebrated</Value>
</Feature>
</Annotation>
<Annotation Id="233" Type="Token" StartNode="527" EndNode="537">
<Feature>
  <Name className="java.lang.String">string</Name>
  <Value className="java.lang.String">Saturnalia</Value>
</Feature>
</Annotation>
<Annotation Id="229" Type="Token" StartNode="514" EndNode="521">
<Feature>
  <Name className="java.lang.String">string</Name>
  <Value className="java.lang.String">thought</Value>
</Feature>
</Annotation>
<Annotation Id="243" Type="Token" StartNode="560" EndNode="566">
<Feature>
  <Name className="java.lang.String">string</Name>
  <Value className="java.lang.String">Romans</Value>
</Feature>
</Annotation>
<Annotation Id="274" Type="Token" StartNode="634" EndNode="640">
<Feature>
  <Name className="java.lang.String">string</Name>
  <Value className="java.lang.String">attack</Value>
</Feature>
</Annotation>
<Annotation Id="278" Type="Token" StartNode="644" EndNode="654">
<Feature>
  <Name className="java.lang.String">string</Name>
  <Value className="java.lang.String">barbarians</Value>
</Feature>
</Annotation>
<Annotation Id="287" Type="Token" StartNode="670" EndNode="676">
<Feature>
  <Name className="java.lang.String">string</Name>
  <Value className="java.lang.String">advice</Value>
</Feature>
</Annotation>
<Annotation Id="258" Type="Token" StartNode="595" EndNode="604">
<Feature>
  <Name className="java.lang.String">string</Name>
  <Value className="java.lang.String">connected</Value>
</Feature>
</Annotation>
<Annotation Id="256" Type="Token" StartNode="587" EndNode="594">
<Feature>
  <Name className="java.lang.String">string</Name>
  <Value className="java.lang.String">Mithras</Value>
</Feature>
</Annotation>
<Annotation Id="304" Type="Token" StartNode="714" EndNode="720">
<Feature>
  <Name className="java.lang.String">string</Name>
  <Value className="java.lang.String">Cybele</Value>
</Feature>
</Annotation>
<Annotation Id="293" Type="Token" StartNode="685" EndNode="691">
<Feature>
  <Name className="java.lang.String">string</Name>
  <Value className="java.lang.String">Oracle</Value>
</Feature>
</Annotation>
<Annotation Id="302" Type="Token" StartNode="706" EndNode="713">
<Feature>
  <Name className="java.lang.String">string</Name>
  <Value className="java.lang.String">Worship</Value>
</Feature>
</Annotation>
<Annotation Id="338" Type="Token" StartNode="801" EndNode="808">
<Feature>
  <Name className="java.lang.String">string</Name>
  <Value className="java.lang.String">goddess</Value>
</Feature>
</Annotation>
<Annotation Id="336" Type="Token" StartNode="794" EndNode="800">
<Feature>
  <Name className="java.lang.String">string</Name>
  <Value className="java.lang.String">wiccan</Value>
</Feature>
</Annotation>
<Annotation Id="334" Type="Token" StartNode="779" EndNode="793">
<Feature>
  <Name className="java.lang.String">string</Name>
  <Value className="java.lang.String">quintessential</Value>
</Feature>
</Annotation>
<Annotation Id="328" Type="Token" StartNode="764" EndNode="770">
<Feature>
  <Name className="java.lang.String">string</Name>
  <Value className="java.lang.String">Cybele</Value>
</Feature>
</Annotation>
<Annotation Id="408" Type="Token" StartNode="974" EndNode="984">
<Feature>
  <Name className="java.lang.String">string</Name>
  <Value className="java.lang.String">Worshipped</Value>
</Feature>
</Annotation>
<Annotation Id="404" Type="Token" StartNode="965" EndNode="971">
<Feature>
  <Name className="java.lang.String">string</Name>
  <Value className="java.lang.String">Turkey</Value>
</Feature>
</Annotation>
<Annotation Id="395" Type="Token" StartNode="932" EndNode="943">
<Feature>
  <Name className="java.lang.String">string</Name>
  <Value className="java.lang.String">matriarchal</Value>
</Feature>
</Annotation>
<Annotation Id="393" Type="Token" StartNode="922" EndNode="931">
<Feature>
  <Name className="java.lang.String">string</Name>
  <Value className="java.lang.String">neolithic</Value>
</Feature>
</Annotation>
<Annotation Id="397" Type="Token" StartNode="944" EndNode="951">
<Feature>
  <Name className="java.lang.String">string</Name>
  <Value className="java.lang.String">society</Value>
</Feature>
</Annotation>
<Annotation Id="386" Type="Token" StartNode="903" EndNode="911">
<Feature>
  <Name className="java.lang.String">string</Name>
  <Value className="java.lang.String">Phrygian</Value>
</Feature>
</Annotation>
<Annotation Id="441" Type="Token" StartNode="1048" EndNode="1055">
<Feature>
  <Name className="java.lang.String">string</Name>
  <Value className="java.lang.String">Carried</Value>
</Feature>
</Annotation>
<Annotation Id="475" Type="Token" StartNode="1135" EndNode="1141">
<Feature>
  <Name className="java.lang.String">string</Name>
  <Value className="java.lang.String">called</Value>
</Feature>
</Annotation>
<Annotation Id="473" Type="Token" StartNode="1128" EndNode="1134">
<Feature>
  <Name className="java.lang.String">string</Name>
  <Value className="java.lang.String">Romans</Value>
</Feature>
</Annotation>
<Annotation Id="470" Type="Token" StartNode="1115" EndNode="1126">
<Feature>
  <Name className="java.lang.String">string</Name>
  <Value className="java.lang.String">interesting</Value>
</Feature>
</Annotation>
<Annotation Id="460" Type="Token" StartNode="1091" EndNode="1099">
<Feature>
  <Name className="java.lang.String">string</Name>
  <Value className="java.lang.String">Hannibal</Value>
</Feature>
</Annotation>
<Annotation Id="510" Type="Token" StartNode="1220" EndNode="1227">
<Feature>
  <Name className="java.lang.String">string</Name>
  <Value className="java.lang.String">statues</Value>
</Feature>
</Annotation>
<Annotation Id="496" Type="Token" StartNode="1187" EndNode="1193">
<Feature>
  <Name className="java.lang.String">string</Name>
  <Value className="java.lang.String">reason</Value>
</Feature>
</Annotation>
<Annotation Id="481" Type="Token" StartNode="1152" EndNode="1158">
<Feature>
  <Name className="java.lang.String">string</Name>
  <Value className="java.lang.String">Mother</Value>
</Feature>
</Annotation>
<Annotation Id="559" Type="Token" StartNode="1326" EndNode="1333">
<Feature>
  <Name className="java.lang.String">string</Name>
  <Value className="java.lang.String">supreme</Value>
</Feature>
</Annotation>
<Annotation Id="561" Type="Token" StartNode="1334" EndNode="1341">
<Feature>
  <Name className="java.lang.String">string</Name>
  <Value className="java.lang.String">Goddess</Value>
</Feature>
</Annotation>
<Annotation Id="568" Type="Token" StartNode="1352" EndNode="1358">
<Feature>
  <Name className="java.lang.String">string</Name>
  <Value className="java.lang.String">France</Value>
</Feature>
</Annotation>
<Annotation Id="514" Type="Token" StartNode="1231" EndNode="1237">
<Feature>
  <Name className="java.lang.String">string</Name>
  <Value className="java.lang.String">Europe</Value>
</Feature>
</Annotation>
<Annotation Id="526" Type="Token" StartNode="1258" EndNode="1267">
<Feature>
  <Name className="java.lang.String">string</Name>
  <Value className="java.lang.String">connected</Value>
</Feature>
</Annotation>
<Annotation Id="630" Type="Token" StartNode="1477" EndNode="1485">
<Feature>
  <Name className="java.lang.String">string</Name>
  <Value className="java.lang.String">ecstatic</Value>
</Feature>
</Annotation>
<Annotation Id="637" Type="Token" StartNode="1496" EndNode="1503">
<Feature>
  <Name className="java.lang.String">string</Name>
  <Value className="java.lang.String">priests</Value>
</Feature>
</Annotation>
<Annotation Id="580" Type="Token" StartNode="1375" EndNode="1384">
<Feature>
  <Name className="java.lang.String">string</Name>
  <Value className="java.lang.String">castrated</Value>
</Feature>
</Annotation>
<Annotation Id="584" Type="Token" StartNode="1389" EndNode="1395">
<Feature>
  <Name className="java.lang.String">string</Name>
  <Value className="java.lang.String">formed</Value>
</Feature>
</Annotation>
<Annotation Id="602" Type="Token" StartNode="1423" EndNode="1429">
<Feature>
  <Name className="java.lang.String">string</Name>
  <Value className="java.lang.String">should</Value>
</Feature>
</Annotation>
<Annotation Id="606" Type="Token" StartNode="1433" EndNode="1442">
<Feature>
  <Name className="java.lang.String">string</Name>
  <Value className="java.lang.String">worshiped</Value>
</Feature>
</Annotation>
<Annotation Id="694" Type="Token" StartNode="1649" EndNode="1656">
<Feature>
  <Name className="java.lang.String">string</Name>
  <Value className="java.lang.String">jewelry</Value>
</Feature>
</Annotation>
<Annotation Id="644" Type="Token" StartNode="1515" EndNode="1521">
<Feature>
  <Name className="java.lang.String">string</Name>
  <Value className="java.lang.String">worked</Value>
</Feature>
</Annotation>
<Annotation Id="646" Type="Token" StartNode="1522" EndNode="1532">
<Feature>
  <Name className="java.lang.String">string</Name>
  <Value className="java.lang.String">themselves</Value>
</Feature>
</Annotation>
<Annotation Id="666" Type="Token" StartNode="1582" EndNode="1590">
<Feature>
  <Name className="java.lang.String">string</Name>
  <Value className="java.lang.String">initiate</Value>
</Feature>
</Annotation>
<Annotation Id="656" Type="Token" StartNode="1549" EndNode="1558">
<Feature>
  <Name className="java.lang.String">string</Name>
  <Value className="java.lang.String">castrated</Value>
</Feature>
</Annotation>
<Annotation Id="658" Type="Token" StartNode="1559" EndNode="1569">
<Feature>
  <Name className="java.lang.String">string</Name>
  <Value className="java.lang.String">themselves</Value>
</Feature>
</Annotation>
<Annotation Id="749" Type="Token" StartNode="1784" EndNode="1794">
<Feature>
  <Name className="java.lang.String">string</Name>
  <Value className="java.lang.String">castration</Value>
</Feature>
</Annotation>
<Annotation Id="764" Type="Token" StartNode="1832" EndNode="1838">
<Feature>
  <Name className="java.lang.String">string</Name>
  <Value className="java.lang.String">forget</Value>
</Feature>
</Annotation>
<Annotation Id="757" Type="Token" StartNode="1812" EndNode="1822">
<Feature>
  <Name className="java.lang.String">string</Name>
  <Value className="java.lang.String">meditation</Value>
</Feature>
</Annotation>
<Annotation Id="716" Type="Token" StartNode="1699" EndNode="1708">
<Feature>
  <Name className="java.lang.String">string</Name>
  <Value className="java.lang.String">primitive</Value>
</Feature>
</Annotation>
<Annotation Id="718" Type="Token" StartNode="1709" EndNode="1723">
<Feature>
  <Name className="java.lang.String">string</Name>
  <Value className="java.lang.String">transsexualism</Value>
</Feature>
</Annotation>
<Annotation Id="826" Type="Token" StartNode="1971" EndNode="1986">
<Feature>
  <Name className="java.lang.String">string</Name>
  <Value className="java.lang.String">self-castration</Value>
</Feature>
</Annotation>
<Annotation Id="804" Type="Token" StartNode="1919" EndNode="1927">
<Feature>
  <Name className="java.lang.String">string</Name>
  <Value className="java.lang.String">Romanian</Value>
</Feature>
</Annotation>
<Annotation Id="800" Type="Token" StartNode="1909" EndNode="1916">
<Feature>
  <Name className="java.lang.String">string</Name>
  <Value className="java.lang.String">Russian</Value>
</Feature>
</Annotation>
<Annotation Id="789" Type="Token" StartNode="1877" EndNode="1883">
<Feature>
  <Name className="java.lang.String">string</Name>
  <Value className="java.lang.String">course</Value>
</Feature>
</Annotation>
<Annotation Id="794" Type="Token" StartNode="1890" EndNode="1897">
<Feature>
  <Name className="java.lang.String">string</Name>
  <Value className="java.lang.String">excepts</Value>
</Feature>
</Annotation>
<Annotation Id="880" Type="Token" StartNode="2099" EndNode="2111">
<Feature>
  <Name className="java.lang.String">string</Name>
  <Value className="java.lang.String">MEDIA-OCRACY</Value>
</Feature>
</Annotation>
<Annotation Id="866" Type="Token" StartNode="2057" EndNode="2063">
<Feature>
  <Name className="java.lang.String">string</Name>
  <Value className="java.lang.String">CUNYVM</Value>
</Feature>
</Annotation>
<Annotation Id="872" Type="Token" StartNode="2073" EndNode="2083">
<Feature>
  <Name className="java.lang.String">string</Name>
  <Value className="java.lang.String">GOVERNMENT</Value>
</Feature>
</Annotation>
<Annotation Id="876" Type="Token" StartNode="2087" EndNode="2096">
<Feature>
  <Name className="java.lang.String">string</Name>
  <Value className="java.lang.String">REPORTERS</Value>
</Feature>
</Annotation>
<Annotation Id="848" Type="Token" StartNode="2021" EndNode="2028">
<Feature>
  <Name className="java.lang.String">string</Name>
  <Value className="java.lang.String">CHARLES</Value>
</Feature>
</Annotation>
<Annotation Id="858" Type="Token" StartNode="2042" EndNode="2048">
<Feature>
  <Name className="java.lang.String">string</Name>
  <Value className="java.lang.String">CUNYVM</Value>
</Feature>
</Annotation>
<Annotation Id="833" Type="Token" StartNode="1994" EndNode="2000">
<Feature>
  <Name className="java.lang.String">string</Name>
  <Value className="java.lang.String">forget</Value>
</Feature>
</Annotation>
</AnnotationSet>
<AnnotationSet Name="Original markups"> </AnnotationSet>
</GateDocument>