<?xml version='1.0' encoding='UTF-8'?>
<GateDocument version="3">
<!-- The document's features-->

<GateDocumentFeatures>
<Feature>
  <Name className="java.lang.String">Original_document_content_on_load</Name>
  <Value className="java.lang.String"><![CDATA[From: demon@desire.wright.edu (Not a Boomer)
Message-ID: <1993Apr16.125455.8658@desire.wright.edu>
Date: 16 Apr 93 12:54:55 EST
References: <1qid8s$ik0@agate.berkeley.edu> <sandvik-140493233557@sandvik-kent.apple.com> <1qk73q$3fj@agate.berkeley.edu>
Organization: ACME Products
Lines: 66

In article <1qk73q$3fj@agate.berkeley.edu>, dzkriz@ocf.berkeley.edu (Dennis Kriz) writes:
...
> Well you know that you're getting somewhere, when you start getting
> responses like this.
> 
> Kent, let me explain it to you.
> 
> If you are paying for a phone, and you don't want call-waiting, YOU DON'T
> NEED TO PAY FOR CALl-WAITING.

	Or, if the phone comany charges you as if you did, you could always

	a) start your own company
	b) use a different phone company

	But we're talking about the government.  Some want item 1, others item
2, etc.  There will always be something someone doesn't want to fund.

	You don't like abortion?  Work to recriminalize it.  But as long as it
is legal, you really don't have a chance in getting funding stopped
(permanently).

> This whole Clinton induced abortion debate SHOULD begin to make NARAL
> nervous, because it has exposed a real scam.

	What scam?  I'll never have a hysterctomy (sp?) but it's a legal
procedure and my health insurance company will pay for it.  Shall I now argue
that I should be exempt from those fees?
	Great, exept now I'll pay more since it's primarly men who have
prostate procedures.  Not to mention the extra cost of keeping track of who
wants to pay for what.

	If it bothers you that much, start your own health insurance company
that doesn't pay for abortion.

	This is a free country, you know.

> If one is paying for a PRIVATE health insurance plan and DOES NOT WANT
> "abortion coverage" there is NO reason for that person to be COMPLELLED
> to pay for it.  (Just as one should not be compelled to pay for lipposuction
> coverage if ONE doesn't WANT that kind of coverage).

	So don't get coverage through that company.  Simple.

> A full third of the country flatly considers abortion to be murder
> for reasons of conscience.  

	Source(s)?

> If the first amendment means ANYTHING at all
> anymore, then these people should NOT be COMPELLED to PAY for "abortion
> coverage" if it is so OBVIOUSLY offensive to their beliefs.  Or are we
> going to start forcing Jews to eat pork, Quakers to fight in wars, etc?

	No, but I imagine you'd have them pay to fight wars, wouldn't you?

> No one should be COMPELLED to sign a defacto "loyalty oath" in support of
> abortion in order to gain access to health care, ESPECIALLY if one's
> conscience is so obviously against the practice (of abortion).

	So don't buy health insurance from that company.  Simple.

Brett
________________________________________________________________________________
	"There's nothing so passionate as a vested interest disguised as an
intellectual conviction."  Sean O'Casey in _The White Plague_ by Frank Herbert.
]]></Value>
</Feature>
<Feature>
  <Name className="java.lang.String">gate.SourceURL</Name>
  <Value className="java.lang.String">file:/C:/Users/jian/Documents/NetBeansProjects/NoiseReductionTechniques/mideastPoliticsMix/negative1129</Value>
</Feature>
</GateDocumentFeatures>
<!-- The document content area with serialized nodes -->

<TextWithNodes><Node id="0"/>From<Node id="4"/>:<Node id="5"/> <Node id="6"/>demon<Node id="11"/>@<Node id="12"/>desire<Node id="18"/>.<Node id="19"/>wright<Node id="25"/>.<Node id="26"/>edu<Node id="29"/> <Node id="30"/>(<Node id="31"/>Not<Node id="34"/> <Node id="35"/>a<Node id="36"/> <Node id="37"/>Boomer<Node id="43"/>)<Node id="44"/>
<Node id="45"/>Message-<Node id="53"/>ID<Node id="55"/>:<Node id="56"/> <Node id="57"/>&lt;<Node id="58"/>1993<Node id="62"/>Apr<Node id="65"/>16<Node id="67"/>.<Node id="68"/>125455<Node id="74"/>.<Node id="75"/>8658<Node id="79"/>@<Node id="80"/>desire<Node id="86"/>.<Node id="87"/>wright<Node id="93"/>.<Node id="94"/>edu<Node id="97"/>&gt;<Node id="98"/>
<Node id="99"/>Date<Node id="103"/>:<Node id="104"/> <Node id="105"/>16<Node id="107"/> <Node id="108"/>Apr<Node id="111"/> <Node id="112"/>93<Node id="114"/> <Node id="115"/>12<Node id="117"/>:<Node id="118"/>54<Node id="120"/>:<Node id="121"/>55<Node id="123"/> <Node id="124"/>EST<Node id="127"/>
<Node id="128"/>References<Node id="138"/>:<Node id="139"/> <Node id="140"/>&lt;<Node id="141"/>1<Node id="142"/>qid<Node id="145"/>8<Node id="146"/>s<Node id="147"/>$<Node id="148"/>ik<Node id="150"/>0<Node id="151"/>@<Node id="152"/>agate<Node id="157"/>.<Node id="158"/>berkeley<Node id="166"/>.<Node id="167"/>edu<Node id="170"/>&gt;<Node id="171"/> <Node id="172"/>&lt;<Node id="173"/>sandvik-<Node id="181"/>140493233557<Node id="193"/>@<Node id="194"/>sandvik-kent<Node id="206"/>.<Node id="207"/>apple<Node id="212"/>.<Node id="213"/>com<Node id="216"/>&gt;<Node id="217"/> <Node id="218"/>&lt;<Node id="219"/>1<Node id="220"/>qk<Node id="222"/>73<Node id="224"/>q<Node id="225"/>$<Node id="226"/>3<Node id="227"/>fj<Node id="229"/>@<Node id="230"/>agate<Node id="235"/>.<Node id="236"/>berkeley<Node id="244"/>.<Node id="245"/>edu<Node id="248"/>&gt;<Node id="249"/>
<Node id="250"/>Organization<Node id="262"/>:<Node id="263"/> <Node id="264"/>ACME<Node id="268"/> <Node id="269"/>Products<Node id="277"/>
<Node id="278"/>Lines<Node id="283"/>:<Node id="284"/> <Node id="285"/>66<Node id="287"/>
<Node id="288"/>
<Node id="289"/>In<Node id="291"/> <Node id="292"/>article<Node id="299"/> <Node id="300"/>&lt;<Node id="301"/>1<Node id="302"/>qk<Node id="304"/>73<Node id="306"/>q<Node id="307"/>$<Node id="308"/>3<Node id="309"/>fj<Node id="311"/>@<Node id="312"/>agate<Node id="317"/>.<Node id="318"/>berkeley<Node id="326"/>.<Node id="327"/>edu<Node id="330"/>&gt;<Node id="331"/>,<Node id="332"/> <Node id="333"/>dzkriz<Node id="339"/>@<Node id="340"/>ocf<Node id="343"/>.<Node id="344"/>berkeley<Node id="352"/>.<Node id="353"/>edu<Node id="356"/> <Node id="357"/>(<Node id="358"/>Dennis<Node id="364"/> <Node id="365"/>Kriz<Node id="369"/>)<Node id="370"/> <Node id="371"/>writes<Node id="377"/>:<Node id="378"/>
<Node id="379"/>.<Node id="380"/>.<Node id="381"/>.<Node id="382"/>
<Node id="383"/>&gt;<Node id="384"/> <Node id="385"/>Well<Node id="389"/> <Node id="390"/>you<Node id="393"/> <Node id="394"/>know<Node id="398"/> <Node id="399"/>that<Node id="403"/> <Node id="404"/>you<Node id="407"/>'re<Node id="410"/> <Node id="411"/>getting<Node id="418"/> <Node id="419"/>somewhere<Node id="428"/>,<Node id="429"/> <Node id="430"/>when<Node id="434"/> <Node id="435"/>you<Node id="438"/> <Node id="439"/>start<Node id="444"/> <Node id="445"/>getting<Node id="452"/>
<Node id="453"/>&gt;<Node id="454"/> <Node id="455"/>responses<Node id="464"/> <Node id="465"/>like<Node id="469"/> <Node id="470"/>this<Node id="474"/>.<Node id="475"/>
<Node id="476"/>&gt;<Node id="477"/> <Node id="478"/>
<Node id="479"/>&gt;<Node id="480"/> <Node id="481"/>Kent<Node id="485"/>,<Node id="486"/> <Node id="487"/>let<Node id="490"/> <Node id="491"/>me<Node id="493"/> <Node id="494"/>explain<Node id="501"/> <Node id="502"/>it<Node id="504"/> <Node id="505"/>to<Node id="507"/> <Node id="508"/>you<Node id="511"/>.<Node id="512"/>
<Node id="513"/>&gt;<Node id="514"/> <Node id="515"/>
<Node id="516"/>&gt;<Node id="517"/> <Node id="518"/>If<Node id="520"/> <Node id="521"/>you<Node id="524"/> <Node id="525"/>are<Node id="528"/> <Node id="529"/>paying<Node id="535"/> <Node id="536"/>for<Node id="539"/> <Node id="540"/>a<Node id="541"/> <Node id="542"/>phone<Node id="547"/>,<Node id="548"/> <Node id="549"/>and<Node id="552"/> <Node id="553"/>you<Node id="556"/> <Node id="557"/>do<Node id="559"/>n't<Node id="562"/> <Node id="563"/>want<Node id="567"/> <Node id="568"/>call-waiting<Node id="580"/>,<Node id="581"/> <Node id="582"/>YOU<Node id="585"/> <Node id="586"/>DO<Node id="588"/>N'T<Node id="591"/>
<Node id="592"/>&gt;<Node id="593"/> <Node id="594"/>NEED<Node id="598"/> <Node id="599"/>TO<Node id="601"/> <Node id="602"/>PAY<Node id="605"/> <Node id="606"/>FOR<Node id="609"/> <Node id="610"/>CALl-WAITING<Node id="622"/>.<Node id="623"/>
<Node id="624"/>
<Node id="625"/>	<Node id="626"/>Or<Node id="628"/>,<Node id="629"/> <Node id="630"/>if<Node id="632"/> <Node id="633"/>the<Node id="636"/> <Node id="637"/>phone<Node id="642"/> <Node id="643"/>comany<Node id="649"/> <Node id="650"/>charges<Node id="657"/> <Node id="658"/>you<Node id="661"/> <Node id="662"/>as<Node id="664"/> <Node id="665"/>if<Node id="667"/> <Node id="668"/>you<Node id="671"/> <Node id="672"/>did<Node id="675"/>,<Node id="676"/> <Node id="677"/>you<Node id="680"/> <Node id="681"/>could<Node id="686"/> <Node id="687"/>always<Node id="693"/>
<Node id="694"/>
<Node id="695"/>	<Node id="696"/>a<Node id="697"/>)<Node id="698"/> <Node id="699"/>start<Node id="704"/> <Node id="705"/>your<Node id="709"/> <Node id="710"/>own<Node id="713"/> <Node id="714"/>company<Node id="721"/>
<Node id="722"/>	<Node id="723"/>b<Node id="724"/>)<Node id="725"/> <Node id="726"/>use<Node id="729"/> <Node id="730"/>a<Node id="731"/> <Node id="732"/>different<Node id="741"/> <Node id="742"/>phone<Node id="747"/> <Node id="748"/>company<Node id="755"/>
<Node id="756"/>
<Node id="757"/>	<Node id="758"/>But<Node id="761"/> <Node id="762"/>we<Node id="764"/>'re<Node id="767"/> <Node id="768"/>talking<Node id="775"/> <Node id="776"/>about<Node id="781"/> <Node id="782"/>the<Node id="785"/> <Node id="786"/>government<Node id="796"/>.<Node id="797"/> <Node id="798"/> <Node id="799"/>Some<Node id="803"/> <Node id="804"/>want<Node id="808"/> <Node id="809"/>item<Node id="813"/> <Node id="814"/>1<Node id="815"/>,<Node id="816"/> <Node id="817"/>others<Node id="823"/> <Node id="824"/>item<Node id="828"/>
<Node id="829"/>2<Node id="830"/>,<Node id="831"/> <Node id="832"/>etc<Node id="835"/>.<Node id="836"/> <Node id="837"/> <Node id="838"/>There<Node id="843"/> <Node id="844"/>will<Node id="848"/> <Node id="849"/>always<Node id="855"/> <Node id="856"/>be<Node id="858"/> <Node id="859"/>something<Node id="868"/> <Node id="869"/>someone<Node id="876"/> <Node id="877"/>does<Node id="881"/>n't<Node id="884"/> <Node id="885"/>want<Node id="889"/> <Node id="890"/>to<Node id="892"/> <Node id="893"/>fund<Node id="897"/>.<Node id="898"/>
<Node id="899"/>
<Node id="900"/>	<Node id="901"/>You<Node id="904"/> <Node id="905"/>do<Node id="907"/>n't<Node id="910"/> <Node id="911"/>like<Node id="915"/> <Node id="916"/>abortion<Node id="924"/>?<Node id="925"/> <Node id="926"/> <Node id="927"/>Work<Node id="931"/> <Node id="932"/>to<Node id="934"/> <Node id="935"/>recriminalize<Node id="948"/> <Node id="949"/>it<Node id="951"/>.<Node id="952"/> <Node id="953"/> <Node id="954"/>But<Node id="957"/> <Node id="958"/>as<Node id="960"/> <Node id="961"/>long<Node id="965"/> <Node id="966"/>as<Node id="968"/> <Node id="969"/>it<Node id="971"/>
<Node id="972"/>is<Node id="974"/> <Node id="975"/>legal<Node id="980"/>,<Node id="981"/> <Node id="982"/>you<Node id="985"/> <Node id="986"/>really<Node id="992"/> <Node id="993"/>do<Node id="995"/>n't<Node id="998"/> <Node id="999"/>have<Node id="1003"/> <Node id="1004"/>a<Node id="1005"/> <Node id="1006"/>chance<Node id="1012"/> <Node id="1013"/>in<Node id="1015"/> <Node id="1016"/>getting<Node id="1023"/> <Node id="1024"/>funding<Node id="1031"/> <Node id="1032"/>stopped<Node id="1039"/>
<Node id="1040"/>(<Node id="1041"/>permanently<Node id="1052"/>)<Node id="1053"/>.<Node id="1054"/>
<Node id="1055"/>
<Node id="1056"/>&gt;<Node id="1057"/> <Node id="1058"/>This<Node id="1062"/> <Node id="1063"/>whole<Node id="1068"/> <Node id="1069"/>Clinton<Node id="1076"/> <Node id="1077"/>induced<Node id="1084"/> <Node id="1085"/>abortion<Node id="1093"/> <Node id="1094"/>debate<Node id="1100"/> <Node id="1101"/>SHOULD<Node id="1107"/> <Node id="1108"/>begin<Node id="1113"/> <Node id="1114"/>to<Node id="1116"/> <Node id="1117"/>make<Node id="1121"/> <Node id="1122"/>NARAL<Node id="1127"/>
<Node id="1128"/>&gt;<Node id="1129"/> <Node id="1130"/>nervous<Node id="1137"/>,<Node id="1138"/> <Node id="1139"/>because<Node id="1146"/> <Node id="1147"/>it<Node id="1149"/> <Node id="1150"/>has<Node id="1153"/> <Node id="1154"/>exposed<Node id="1161"/> <Node id="1162"/>a<Node id="1163"/> <Node id="1164"/>real<Node id="1168"/> <Node id="1169"/>scam<Node id="1173"/>.<Node id="1174"/>
<Node id="1175"/>
<Node id="1176"/>	<Node id="1177"/>What<Node id="1181"/> <Node id="1182"/>scam<Node id="1186"/>?<Node id="1187"/> <Node id="1188"/> <Node id="1189"/>I<Node id="1190"/>'ll<Node id="1193"/> <Node id="1194"/>never<Node id="1199"/> <Node id="1200"/>have<Node id="1204"/> <Node id="1205"/>a<Node id="1206"/> <Node id="1207"/>hysterctomy<Node id="1218"/> <Node id="1219"/>(<Node id="1220"/>sp<Node id="1222"/>?<Node id="1223"/>)<Node id="1224"/> <Node id="1225"/>but<Node id="1228"/> <Node id="1229"/>it<Node id="1231"/>'s<Node id="1233"/> <Node id="1234"/>a<Node id="1235"/> <Node id="1236"/>legal<Node id="1241"/>
<Node id="1242"/>procedure<Node id="1251"/> <Node id="1252"/>and<Node id="1255"/> <Node id="1256"/>my<Node id="1258"/> <Node id="1259"/>health<Node id="1265"/> <Node id="1266"/>insurance<Node id="1275"/> <Node id="1276"/>company<Node id="1283"/> <Node id="1284"/>will<Node id="1288"/> <Node id="1289"/>pay<Node id="1292"/> <Node id="1293"/>for<Node id="1296"/> <Node id="1297"/>it<Node id="1299"/>.<Node id="1300"/> <Node id="1301"/> <Node id="1302"/>Shall<Node id="1307"/> <Node id="1308"/>I<Node id="1309"/> <Node id="1310"/>now<Node id="1313"/> <Node id="1314"/>argue<Node id="1319"/>
<Node id="1320"/>that<Node id="1324"/> <Node id="1325"/>I<Node id="1326"/> <Node id="1327"/>should<Node id="1333"/> <Node id="1334"/>be<Node id="1336"/> <Node id="1337"/>exempt<Node id="1343"/> <Node id="1344"/>from<Node id="1348"/> <Node id="1349"/>those<Node id="1354"/> <Node id="1355"/>fees<Node id="1359"/>?<Node id="1360"/>
<Node id="1361"/>	<Node id="1362"/>Great<Node id="1367"/>,<Node id="1368"/> <Node id="1369"/>exept<Node id="1374"/> <Node id="1375"/>now<Node id="1378"/> <Node id="1379"/>I<Node id="1380"/>'ll<Node id="1383"/> <Node id="1384"/>pay<Node id="1387"/> <Node id="1388"/>more<Node id="1392"/> <Node id="1393"/>since<Node id="1398"/> <Node id="1399"/>it<Node id="1401"/>'s<Node id="1403"/> <Node id="1404"/>primarly<Node id="1412"/> <Node id="1413"/>men<Node id="1416"/> <Node id="1417"/>who<Node id="1420"/> <Node id="1421"/>have<Node id="1425"/>
<Node id="1426"/>prostate<Node id="1434"/> <Node id="1435"/>procedures<Node id="1445"/>.<Node id="1446"/> <Node id="1447"/> <Node id="1448"/>Not<Node id="1451"/> <Node id="1452"/>to<Node id="1454"/> <Node id="1455"/>mention<Node id="1462"/> <Node id="1463"/>the<Node id="1466"/> <Node id="1467"/>extra<Node id="1472"/> <Node id="1473"/>cost<Node id="1477"/> <Node id="1478"/>of<Node id="1480"/> <Node id="1481"/>keeping<Node id="1488"/> <Node id="1489"/>track<Node id="1494"/> <Node id="1495"/>of<Node id="1497"/> <Node id="1498"/>who<Node id="1501"/>
<Node id="1502"/>wants<Node id="1507"/> <Node id="1508"/>to<Node id="1510"/> <Node id="1511"/>pay<Node id="1514"/> <Node id="1515"/>for<Node id="1518"/> <Node id="1519"/>what<Node id="1523"/>.<Node id="1524"/>
<Node id="1525"/>
<Node id="1526"/>	<Node id="1527"/>If<Node id="1529"/> <Node id="1530"/>it<Node id="1532"/> <Node id="1533"/>bothers<Node id="1540"/> <Node id="1541"/>you<Node id="1544"/> <Node id="1545"/>that<Node id="1549"/> <Node id="1550"/>much<Node id="1554"/>,<Node id="1555"/> <Node id="1556"/>start<Node id="1561"/> <Node id="1562"/>your<Node id="1566"/> <Node id="1567"/>own<Node id="1570"/> <Node id="1571"/>health<Node id="1577"/> <Node id="1578"/>insurance<Node id="1587"/> <Node id="1588"/>company<Node id="1595"/>
<Node id="1596"/>that<Node id="1600"/> <Node id="1601"/>does<Node id="1605"/>n't<Node id="1608"/> <Node id="1609"/>pay<Node id="1612"/> <Node id="1613"/>for<Node id="1616"/> <Node id="1617"/>abortion<Node id="1625"/>.<Node id="1626"/>
<Node id="1627"/>
<Node id="1628"/>	<Node id="1629"/>This<Node id="1633"/> <Node id="1634"/>is<Node id="1636"/> <Node id="1637"/>a<Node id="1638"/> <Node id="1639"/>free<Node id="1643"/> <Node id="1644"/>country<Node id="1651"/>,<Node id="1652"/> <Node id="1653"/>you<Node id="1656"/> <Node id="1657"/>know<Node id="1661"/>.<Node id="1662"/>
<Node id="1663"/>
<Node id="1664"/>&gt;<Node id="1665"/> <Node id="1666"/>If<Node id="1668"/> <Node id="1669"/>one<Node id="1672"/> <Node id="1673"/>is<Node id="1675"/> <Node id="1676"/>paying<Node id="1682"/> <Node id="1683"/>for<Node id="1686"/> <Node id="1687"/>a<Node id="1688"/> <Node id="1689"/>PRIVATE<Node id="1696"/> <Node id="1697"/>health<Node id="1703"/> <Node id="1704"/>insurance<Node id="1713"/> <Node id="1714"/>plan<Node id="1718"/> <Node id="1719"/>and<Node id="1722"/> <Node id="1723"/>DOES<Node id="1727"/> <Node id="1728"/>NOT<Node id="1731"/> <Node id="1732"/>WANT<Node id="1736"/>
<Node id="1737"/>&gt;<Node id="1738"/> <Node id="1739"/>"<Node id="1740"/>abortion<Node id="1748"/> <Node id="1749"/>coverage<Node id="1757"/>"<Node id="1758"/> <Node id="1759"/>there<Node id="1764"/> <Node id="1765"/>is<Node id="1767"/> <Node id="1768"/>NO<Node id="1770"/> <Node id="1771"/>reason<Node id="1777"/> <Node id="1778"/>for<Node id="1781"/> <Node id="1782"/>that<Node id="1786"/> <Node id="1787"/>person<Node id="1793"/> <Node id="1794"/>to<Node id="1796"/> <Node id="1797"/>be<Node id="1799"/> <Node id="1800"/>COMPLELLED<Node id="1810"/>
<Node id="1811"/>&gt;<Node id="1812"/> <Node id="1813"/>to<Node id="1815"/> <Node id="1816"/>pay<Node id="1819"/> <Node id="1820"/>for<Node id="1823"/> <Node id="1824"/>it<Node id="1826"/>.<Node id="1827"/> <Node id="1828"/> <Node id="1829"/>(<Node id="1830"/>Just<Node id="1834"/> <Node id="1835"/>as<Node id="1837"/> <Node id="1838"/>one<Node id="1841"/> <Node id="1842"/>should<Node id="1848"/> <Node id="1849"/>not<Node id="1852"/> <Node id="1853"/>be<Node id="1855"/> <Node id="1856"/>compelled<Node id="1865"/> <Node id="1866"/>to<Node id="1868"/> <Node id="1869"/>pay<Node id="1872"/> <Node id="1873"/>for<Node id="1876"/> <Node id="1877"/>lipposuction<Node id="1889"/>
<Node id="1890"/>&gt;<Node id="1891"/> <Node id="1892"/>coverage<Node id="1900"/> <Node id="1901"/>if<Node id="1903"/> <Node id="1904"/>ONE<Node id="1907"/> <Node id="1908"/>does<Node id="1912"/>n't<Node id="1915"/> <Node id="1916"/>WANT<Node id="1920"/> <Node id="1921"/>that<Node id="1925"/> <Node id="1926"/>kind<Node id="1930"/> <Node id="1931"/>of<Node id="1933"/> <Node id="1934"/>coverage<Node id="1942"/>)<Node id="1943"/>.<Node id="1944"/>
<Node id="1945"/>
<Node id="1946"/>	<Node id="1947"/>So<Node id="1949"/> <Node id="1950"/>do<Node id="1952"/>n't<Node id="1955"/> <Node id="1956"/>get<Node id="1959"/> <Node id="1960"/>coverage<Node id="1968"/> <Node id="1969"/>through<Node id="1976"/> <Node id="1977"/>that<Node id="1981"/> <Node id="1982"/>company<Node id="1989"/>.<Node id="1990"/> <Node id="1991"/> <Node id="1992"/>Simple<Node id="1998"/>.<Node id="1999"/>
<Node id="2000"/>
<Node id="2001"/>&gt;<Node id="2002"/> <Node id="2003"/>A<Node id="2004"/> <Node id="2005"/>full<Node id="2009"/> <Node id="2010"/>third<Node id="2015"/> <Node id="2016"/>of<Node id="2018"/> <Node id="2019"/>the<Node id="2022"/> <Node id="2023"/>country<Node id="2030"/> <Node id="2031"/>flatly<Node id="2037"/> <Node id="2038"/>considers<Node id="2047"/> <Node id="2048"/>abortion<Node id="2056"/> <Node id="2057"/>to<Node id="2059"/> <Node id="2060"/>be<Node id="2062"/> <Node id="2063"/>murder<Node id="2069"/>
<Node id="2070"/>&gt;<Node id="2071"/> <Node id="2072"/>for<Node id="2075"/> <Node id="2076"/>reasons<Node id="2083"/> <Node id="2084"/>of<Node id="2086"/> <Node id="2087"/>conscience<Node id="2097"/>.<Node id="2098"/> <Node id="2099"/> <Node id="2100"/>
<Node id="2101"/>
<Node id="2102"/>	<Node id="2103"/>Source<Node id="2109"/>(<Node id="2110"/>s<Node id="2111"/>)<Node id="2112"/>?<Node id="2113"/>
<Node id="2114"/>
<Node id="2115"/>&gt;<Node id="2116"/> <Node id="2117"/>If<Node id="2119"/> <Node id="2120"/>the<Node id="2123"/> <Node id="2124"/>first<Node id="2129"/> <Node id="2130"/>amendment<Node id="2139"/> <Node id="2140"/>means<Node id="2145"/> <Node id="2146"/>ANYTHING<Node id="2154"/> <Node id="2155"/>at<Node id="2157"/> <Node id="2158"/>all<Node id="2161"/>
<Node id="2162"/>&gt;<Node id="2163"/> <Node id="2164"/>anymore<Node id="2171"/>,<Node id="2172"/> <Node id="2173"/>then<Node id="2177"/> <Node id="2178"/>these<Node id="2183"/> <Node id="2184"/>people<Node id="2190"/> <Node id="2191"/>should<Node id="2197"/> <Node id="2198"/>NOT<Node id="2201"/> <Node id="2202"/>be<Node id="2204"/> <Node id="2205"/>COMPELLED<Node id="2214"/> <Node id="2215"/>to<Node id="2217"/> <Node id="2218"/>PAY<Node id="2221"/> <Node id="2222"/>for<Node id="2225"/> <Node id="2226"/>"<Node id="2227"/>abortion<Node id="2235"/>
<Node id="2236"/>&gt;<Node id="2237"/> <Node id="2238"/>coverage<Node id="2246"/>"<Node id="2247"/> <Node id="2248"/>if<Node id="2250"/> <Node id="2251"/>it<Node id="2253"/> <Node id="2254"/>is<Node id="2256"/> <Node id="2257"/>so<Node id="2259"/> <Node id="2260"/>OBVIOUSLY<Node id="2269"/> <Node id="2270"/>offensive<Node id="2279"/> <Node id="2280"/>to<Node id="2282"/> <Node id="2283"/>their<Node id="2288"/> <Node id="2289"/>beliefs<Node id="2296"/>.<Node id="2297"/> <Node id="2298"/> <Node id="2299"/>Or<Node id="2301"/> <Node id="2302"/>are<Node id="2305"/> <Node id="2306"/>we<Node id="2308"/>
<Node id="2309"/>&gt;<Node id="2310"/> <Node id="2311"/>going<Node id="2316"/> <Node id="2317"/>to<Node id="2319"/> <Node id="2320"/>start<Node id="2325"/> <Node id="2326"/>forcing<Node id="2333"/> <Node id="2334"/>Jews<Node id="2338"/> <Node id="2339"/>to<Node id="2341"/> <Node id="2342"/>eat<Node id="2345"/> <Node id="2346"/>pork<Node id="2350"/>,<Node id="2351"/> <Node id="2352"/>Quakers<Node id="2359"/> <Node id="2360"/>to<Node id="2362"/> <Node id="2363"/>fight<Node id="2368"/> <Node id="2369"/>in<Node id="2371"/> <Node id="2372"/>wars<Node id="2376"/>,<Node id="2377"/> <Node id="2378"/>etc<Node id="2381"/>?<Node id="2382"/>
<Node id="2383"/>
<Node id="2384"/>	<Node id="2385"/>No<Node id="2387"/>,<Node id="2388"/> <Node id="2389"/>but<Node id="2392"/> <Node id="2393"/>I<Node id="2394"/> <Node id="2395"/>imagine<Node id="2402"/> <Node id="2403"/>you<Node id="2406"/>'d<Node id="2408"/> <Node id="2409"/>have<Node id="2413"/> <Node id="2414"/>them<Node id="2418"/> <Node id="2419"/>pay<Node id="2422"/> <Node id="2423"/>to<Node id="2425"/> <Node id="2426"/>fight<Node id="2431"/> <Node id="2432"/>wars<Node id="2436"/>,<Node id="2437"/> <Node id="2438"/>would<Node id="2443"/>n't<Node id="2446"/> <Node id="2447"/>you<Node id="2450"/>?<Node id="2451"/>
<Node id="2452"/>
<Node id="2453"/>&gt;<Node id="2454"/> <Node id="2455"/>No<Node id="2457"/> <Node id="2458"/>one<Node id="2461"/> <Node id="2462"/>should<Node id="2468"/> <Node id="2469"/>be<Node id="2471"/> <Node id="2472"/>COMPELLED<Node id="2481"/> <Node id="2482"/>to<Node id="2484"/> <Node id="2485"/>sign<Node id="2489"/> <Node id="2490"/>a<Node id="2491"/> <Node id="2492"/>defacto<Node id="2499"/> <Node id="2500"/>"<Node id="2501"/>loyalty<Node id="2508"/> <Node id="2509"/>oath<Node id="2513"/>"<Node id="2514"/> <Node id="2515"/>in<Node id="2517"/> <Node id="2518"/>support<Node id="2525"/> <Node id="2526"/>of<Node id="2528"/>
<Node id="2529"/>&gt;<Node id="2530"/> <Node id="2531"/>abortion<Node id="2539"/> <Node id="2540"/>in<Node id="2542"/> <Node id="2543"/>order<Node id="2548"/> <Node id="2549"/>to<Node id="2551"/> <Node id="2552"/>gain<Node id="2556"/> <Node id="2557"/>access<Node id="2563"/> <Node id="2564"/>to<Node id="2566"/> <Node id="2567"/>health<Node id="2573"/> <Node id="2574"/>care<Node id="2578"/>,<Node id="2579"/> <Node id="2580"/>ESPECIALLY<Node id="2590"/> <Node id="2591"/>if<Node id="2593"/> <Node id="2594"/>one<Node id="2597"/>'s<Node id="2599"/>
<Node id="2600"/>&gt;<Node id="2601"/> <Node id="2602"/>conscience<Node id="2612"/> <Node id="2613"/>is<Node id="2615"/> <Node id="2616"/>so<Node id="2618"/> <Node id="2619"/>obviously<Node id="2628"/> <Node id="2629"/>against<Node id="2636"/> <Node id="2637"/>the<Node id="2640"/> <Node id="2641"/>practice<Node id="2649"/> <Node id="2650"/>(<Node id="2651"/>of<Node id="2653"/> <Node id="2654"/>abortion<Node id="2662"/>)<Node id="2663"/>.<Node id="2664"/>
<Node id="2665"/>
<Node id="2666"/>	<Node id="2667"/>So<Node id="2669"/> <Node id="2670"/>do<Node id="2672"/>n't<Node id="2675"/> <Node id="2676"/>buy<Node id="2679"/> <Node id="2680"/>health<Node id="2686"/> <Node id="2687"/>insurance<Node id="2696"/> <Node id="2697"/>from<Node id="2701"/> <Node id="2702"/>that<Node id="2706"/> <Node id="2707"/>company<Node id="2714"/>.<Node id="2715"/> <Node id="2716"/> <Node id="2717"/>Simple<Node id="2723"/>.<Node id="2724"/>
<Node id="2725"/>
<Node id="2726"/>Brett<Node id="2731"/>
<Node id="2732"/>_<Node id="2733"/>_<Node id="2734"/>_<Node id="2735"/>_<Node id="2736"/>_<Node id="2737"/>_<Node id="2738"/>_<Node id="2739"/>_<Node id="2740"/>_<Node id="2741"/>_<Node id="2742"/>_<Node id="2743"/>_<Node id="2744"/>_<Node id="2745"/>_<Node id="2746"/>_<Node id="2747"/>_<Node id="2748"/>_<Node id="2749"/>_<Node id="2750"/>_<Node id="2751"/>_<Node id="2752"/>_<Node id="2753"/>_<Node id="2754"/>_<Node id="2755"/>_<Node id="2756"/>_<Node id="2757"/>_<Node id="2758"/>_<Node id="2759"/>_<Node id="2760"/>_<Node id="2761"/>_<Node id="2762"/>_<Node id="2763"/>_<Node id="2764"/>_<Node id="2765"/>_<Node id="2766"/>_<Node id="2767"/>_<Node id="2768"/>_<Node id="2769"/>_<Node id="2770"/>_<Node id="2771"/>_<Node id="2772"/>_<Node id="2773"/>_<Node id="2774"/>_<Node id="2775"/>_<Node id="2776"/>_<Node id="2777"/>_<Node id="2778"/>_<Node id="2779"/>_<Node id="2780"/>_<Node id="2781"/>_<Node id="2782"/>_<Node id="2783"/>_<Node id="2784"/>_<Node id="2785"/>_<Node id="2786"/>_<Node id="2787"/>_<Node id="2788"/>_<Node id="2789"/>_<Node id="2790"/>_<Node id="2791"/>_<Node id="2792"/>_<Node id="2793"/>_<Node id="2794"/>_<Node id="2795"/>_<Node id="2796"/>_<Node id="2797"/>_<Node id="2798"/>_<Node id="2799"/>_<Node id="2800"/>_<Node id="2801"/>_<Node id="2802"/>_<Node id="2803"/>_<Node id="2804"/>_<Node id="2805"/>_<Node id="2806"/>_<Node id="2807"/>_<Node id="2808"/>_<Node id="2809"/>_<Node id="2810"/>_<Node id="2811"/>_<Node id="2812"/>
<Node id="2813"/>	<Node id="2814"/>"<Node id="2815"/>There<Node id="2820"/>'s<Node id="2822"/> <Node id="2823"/>nothing<Node id="2830"/> <Node id="2831"/>so<Node id="2833"/> <Node id="2834"/>passionate<Node id="2844"/> <Node id="2845"/>as<Node id="2847"/> <Node id="2848"/>a<Node id="2849"/> <Node id="2850"/>vested<Node id="2856"/> <Node id="2857"/>interest<Node id="2865"/> <Node id="2866"/>disguised<Node id="2875"/> <Node id="2876"/>as<Node id="2878"/> <Node id="2879"/>an<Node id="2881"/>
<Node id="2882"/>intellectual<Node id="2894"/> <Node id="2895"/>conviction<Node id="2905"/>.<Node id="2906"/>"<Node id="2907"/> <Node id="2908"/> <Node id="2909"/>Sean<Node id="2913"/> <Node id="2914"/>O<Node id="2915"/>'<Node id="2916"/>Casey<Node id="2921"/> <Node id="2922"/>in<Node id="2924"/> <Node id="2925"/>_<Node id="2926"/>The<Node id="2929"/> <Node id="2930"/>White<Node id="2935"/> <Node id="2936"/>Plague<Node id="2942"/>_<Node id="2943"/> <Node id="2944"/>by<Node id="2946"/> <Node id="2947"/>Frank<Node id="2952"/> <Node id="2953"/>Herbert<Node id="2960"/>.<Node id="2961"/>
<Node id="2962"/></TextWithNodes>
<!-- The default annotation set -->

<AnnotationSet>
<Annotation EndNode="2962" StartNode="0" Type="Mention" Id="9999999">
<Feature>
<Name classname="java.lang.String">Class</Name>
<Value classname="java.lang.String">0</Value>
</Feature>
</Annotation>

<Annotation Id="5" Type="Token" StartNode="12" EndNode="18">
<Feature>
  <Name className="java.lang.String">string</Name>
  <Value className="java.lang.String">desire</Value>
</Feature>
</Annotation>
<Annotation Id="7" Type="Token" StartNode="19" EndNode="25">
<Feature>
  <Name className="java.lang.String">string</Name>
  <Value className="java.lang.String">wright</Value>
</Feature>
</Annotation>
<Annotation Id="16" Type="Token" StartNode="37" EndNode="43">
<Feature>
  <Name className="java.lang.String">string</Name>
  <Value className="java.lang.String">Boomer</Value>
</Feature>
</Annotation>
<Annotation Id="19" Type="Token" StartNode="45" EndNode="53">
<Feature>
  <Name className="java.lang.String">string</Name>
  <Value className="java.lang.String">Message-</Value>
</Feature>
</Annotation>
<Annotation Id="28" Type="Token" StartNode="68" EndNode="74">
</Annotation>
<Annotation Id="34" Type="Token" StartNode="87" EndNode="93">
<Feature>
  <Name className="java.lang.String">string</Name>
  <Value className="java.lang.String">wright</Value>
</Feature>
</Annotation>
<Annotation Id="32" Type="Token" StartNode="80" EndNode="86">
<Feature>
  <Name className="java.lang.String">string</Name>
  <Value className="java.lang.String">desire</Value>
</Feature>
</Annotation>
<Annotation Id="56" Type="Token" StartNode="128" EndNode="138">
<Feature>
  <Name className="java.lang.String">string</Name>
  <Value className="java.lang.String">References</Value>
</Feature>
</Annotation>
<Annotation Id="70" Type="Token" StartNode="158" EndNode="166">
<Feature>
  <Name className="java.lang.String">string</Name>
  <Value className="java.lang.String">berkeley</Value>
</Feature>
</Annotation>
<Annotation Id="76" Type="Token" StartNode="173" EndNode="181">
<Feature>
  <Name className="java.lang.String">string</Name>
  <Value className="java.lang.String">sandvik-</Value>
</Feature>
</Annotation>
<Annotation Id="77" Type="Token" StartNode="181" EndNode="193">
</Annotation>
<Annotation Id="79" Type="Token" StartNode="194" EndNode="206">
<Feature>
  <Name className="java.lang.String">string</Name>
  <Value className="java.lang.String">sandvik-kent</Value>
</Feature>
</Annotation>
<Annotation Id="102" Type="Token" StartNode="250" EndNode="262">
<Feature>
  <Name className="java.lang.String">string</Name>
  <Value className="java.lang.String">Organization</Value>
</Feature>
</Annotation>
<Annotation Id="97" Type="Token" StartNode="236" EndNode="244">
<Feature>
  <Name className="java.lang.String">string</Name>
  <Value className="java.lang.String">berkeley</Value>
</Feature>
</Annotation>
<Annotation Id="107" Type="Token" StartNode="269" EndNode="277">
<Feature>
  <Name className="java.lang.String">string</Name>
  <Value className="java.lang.String">Products</Value>
</Feature>
</Annotation>
<Annotation Id="117" Type="Token" StartNode="292" EndNode="299">
<Feature>
  <Name className="java.lang.String">string</Name>
  <Value className="java.lang.String">article</Value>
</Feature>
</Annotation>
<Annotation Id="136" Type="Token" StartNode="333" EndNode="339">
<Feature>
  <Name className="java.lang.String">string</Name>
  <Value className="java.lang.String">dzkriz</Value>
</Feature>
</Annotation>
<Annotation Id="140" Type="Token" StartNode="344" EndNode="352">
<Feature>
  <Name className="java.lang.String">string</Name>
  <Value className="java.lang.String">berkeley</Value>
</Feature>
</Annotation>
<Annotation Id="130" Type="Token" StartNode="318" EndNode="326">
<Feature>
  <Name className="java.lang.String">string</Name>
  <Value className="java.lang.String">berkeley</Value>
</Feature>
</Annotation>
<Annotation Id="145" Type="Token" StartNode="358" EndNode="364">
<Feature>
  <Name className="java.lang.String">string</Name>
  <Value className="java.lang.String">Dennis</Value>
</Feature>
</Annotation>
<Annotation Id="150" Type="Token" StartNode="371" EndNode="377">
<Feature>
  <Name className="java.lang.String">string</Name>
  <Value className="java.lang.String">writes</Value>
</Feature>
</Annotation>
<Annotation Id="171" Type="Token" StartNode="411" EndNode="418">
<Feature>
  <Name className="java.lang.String">string</Name>
  <Value className="java.lang.String">getting</Value>
</Feature>
</Annotation>
<Annotation Id="173" Type="Token" StartNode="419" EndNode="428">
<Feature>
  <Name className="java.lang.String">string</Name>
  <Value className="java.lang.String">somewhere</Value>
</Feature>
</Annotation>
<Annotation Id="186" Type="Token" StartNode="455" EndNode="464">
<Feature>
  <Name className="java.lang.String">string</Name>
  <Value className="java.lang.String">responses</Value>
</Feature>
</Annotation>
<Annotation Id="182" Type="Token" StartNode="445" EndNode="452">
<Feature>
  <Name className="java.lang.String">string</Name>
  <Value className="java.lang.String">getting</Value>
</Feature>
</Annotation>
<Annotation Id="205" Type="Token" StartNode="494" EndNode="501">
<Feature>
  <Name className="java.lang.String">string</Name>
  <Value className="java.lang.String">explain</Value>
</Feature>
</Annotation>
<Annotation Id="225" Type="Token" StartNode="529" EndNode="535">
<Feature>
  <Name className="java.lang.String">string</Name>
  <Value className="java.lang.String">paying</Value>
</Feature>
</Annotation>
<Annotation Id="244" Type="Token" StartNode="568" EndNode="580">
<Feature>
  <Name className="java.lang.String">string</Name>
  <Value className="java.lang.String">call-waiting</Value>
</Feature>
</Annotation>
<Annotation Id="279" Type="Token" StartNode="650" EndNode="657">
<Feature>
  <Name className="java.lang.String">string</Name>
  <Value className="java.lang.String">charges</Value>
</Feature>
</Annotation>
<Annotation Id="277" Type="Token" StartNode="643" EndNode="649">
<Feature>
  <Name className="java.lang.String">string</Name>
  <Value className="java.lang.String">comany</Value>
</Feature>
</Annotation>
<Annotation Id="263" Type="Token" StartNode="610" EndNode="622">
<Feature>
  <Name className="java.lang.String">string</Name>
  <Value className="java.lang.String">CALl-WAITING</Value>
</Feature>
</Annotation>
<Annotation Id="309" Type="Token" StartNode="714" EndNode="721">
<Feature>
  <Name className="java.lang.String">string</Name>
  <Value className="java.lang.String">company</Value>
</Feature>
</Annotation>
<Annotation Id="319" Type="Token" StartNode="732" EndNode="741">
<Feature>
  <Name className="java.lang.String">string</Name>
  <Value className="java.lang.String">different</Value>
</Feature>
</Annotation>
<Annotation Id="296" Type="Token" StartNode="687" EndNode="693">
<Feature>
  <Name className="java.lang.String">string</Name>
  <Value className="java.lang.String">always</Value>
</Feature>
</Annotation>
<Annotation Id="339" Type="Token" StartNode="786" EndNode="796">
<Feature>
  <Name className="java.lang.String">string</Name>
  <Value className="java.lang.String">government</Value>
</Feature>
</Annotation>
<Annotation Id="323" Type="Token" StartNode="748" EndNode="755">
<Feature>
  <Name className="java.lang.String">string</Name>
  <Value className="java.lang.String">company</Value>
</Feature>
</Annotation>
<Annotation Id="333" Type="Token" StartNode="768" EndNode="775">
<Feature>
  <Name className="java.lang.String">string</Name>
  <Value className="java.lang.String">talking</Value>
</Feature>
</Annotation>
<Annotation Id="373" Type="Token" StartNode="869" EndNode="876">
<Feature>
  <Name className="java.lang.String">string</Name>
  <Value className="java.lang.String">someone</Value>
</Feature>
</Annotation>
<Annotation Id="371" Type="Token" StartNode="859" EndNode="868">
<Feature>
  <Name className="java.lang.String">string</Name>
  <Value className="java.lang.String">something</Value>
</Feature>
</Annotation>
<Annotation Id="352" Type="Token" StartNode="817" EndNode="823">
<Feature>
  <Name className="java.lang.String">string</Name>
  <Value className="java.lang.String">others</Value>
</Feature>
</Annotation>
<Annotation Id="367" Type="Token" StartNode="849" EndNode="855">
<Feature>
  <Name className="java.lang.String">string</Name>
  <Value className="java.lang.String">always</Value>
</Feature>
</Annotation>
<Annotation Id="404" Type="Token" StartNode="935" EndNode="948">
<Feature>
  <Name className="java.lang.String">string</Name>
  <Value className="java.lang.String">recriminalize</Value>
</Feature>
</Annotation>
<Annotation Id="396" Type="Token" StartNode="916" EndNode="924">
<Feature>
  <Name className="java.lang.String">string</Name>
  <Value className="java.lang.String">abortion</Value>
</Feature>
</Annotation>
<Annotation Id="441" Type="Token" StartNode="1016" EndNode="1023">
<Feature>
  <Name className="java.lang.String">string</Name>
  <Value className="java.lang.String">getting</Value>
</Feature>
</Annotation>
<Annotation Id="443" Type="Token" StartNode="1024" EndNode="1031">
<Feature>
  <Name className="java.lang.String">string</Name>
  <Value className="java.lang.String">funding</Value>
</Feature>
</Annotation>
<Annotation Id="445" Type="Token" StartNode="1032" EndNode="1039">
<Feature>
  <Name className="java.lang.String">string</Name>
  <Value className="java.lang.String">stopped</Value>
</Feature>
</Annotation>
<Annotation Id="437" Type="Token" StartNode="1006" EndNode="1012">
<Feature>
  <Name className="java.lang.String">string</Name>
  <Value className="java.lang.String">chance</Value>
</Feature>
</Annotation>
<Annotation Id="427" Type="Token" StartNode="986" EndNode="992">
<Feature>
  <Name className="java.lang.String">string</Name>
  <Value className="java.lang.String">really</Value>
</Feature>
</Annotation>
<Annotation Id="479" Type="Token" StartNode="1130" EndNode="1137">
<Feature>
  <Name className="java.lang.String">string</Name>
  <Value className="java.lang.String">nervous</Value>
</Feature>
</Annotation>
<Annotation Id="467" Type="Token" StartNode="1101" EndNode="1107">
<Feature>
  <Name className="java.lang.String">string</Name>
  <Value className="java.lang.String">SHOULD</Value>
</Feature>
</Annotation>
<Annotation Id="465" Type="Token" StartNode="1094" EndNode="1100">
<Feature>
  <Name className="java.lang.String">string</Name>
  <Value className="java.lang.String">debate</Value>
</Feature>
</Annotation>
<Annotation Id="463" Type="Token" StartNode="1085" EndNode="1093">
<Feature>
  <Name className="java.lang.String">string</Name>
  <Value className="java.lang.String">abortion</Value>
</Feature>
</Annotation>
<Annotation Id="461" Type="Token" StartNode="1077" EndNode="1084">
<Feature>
  <Name className="java.lang.String">string</Name>
  <Value className="java.lang.String">induced</Value>
</Feature>
</Annotation>
<Annotation Id="459" Type="Token" StartNode="1069" EndNode="1076">
<Feature>
  <Name className="java.lang.String">string</Name>
  <Value className="java.lang.String">Clinton</Value>
</Feature>
</Annotation>
<Annotation Id="448" Type="Token" StartNode="1041" EndNode="1052">
<Feature>
  <Name className="java.lang.String">string</Name>
  <Value className="java.lang.String">permanently</Value>
</Feature>
</Annotation>
<Annotation Id="488" Type="Token" StartNode="1154" EndNode="1161">
<Feature>
  <Name className="java.lang.String">string</Name>
  <Value className="java.lang.String">exposed</Value>
</Feature>
</Annotation>
<Annotation Id="482" Type="Token" StartNode="1139" EndNode="1146">
<Feature>
  <Name className="java.lang.String">string</Name>
  <Value className="java.lang.String">because</Value>
</Feature>
</Annotation>
<Annotation Id="566" Type="Token" StartNode="1327" EndNode="1333">
<Feature>
  <Name className="java.lang.String">string</Name>
  <Value className="java.lang.String">should</Value>
</Feature>
</Annotation>
<Annotation Id="570" Type="Token" StartNode="1337" EndNode="1343">
<Feature>
  <Name className="java.lang.String">string</Name>
  <Value className="java.lang.String">exempt</Value>
</Feature>
</Annotation>
<Annotation Id="515" Type="Token" StartNode="1207" EndNode="1218">
<Feature>
  <Name className="java.lang.String">string</Name>
  <Value className="java.lang.String">hysterctomy</Value>
</Feature>
</Annotation>
<Annotation Id="532" Type="Token" StartNode="1242" EndNode="1251">
<Feature>
  <Name className="java.lang.String">string</Name>
  <Value className="java.lang.String">procedure</Value>
</Feature>
</Annotation>
<Annotation Id="540" Type="Token" StartNode="1266" EndNode="1275">
<Feature>
  <Name className="java.lang.String">string</Name>
  <Value className="java.lang.String">insurance</Value>
</Feature>
</Annotation>
<Annotation Id="542" Type="Token" StartNode="1276" EndNode="1283">
<Feature>
  <Name className="java.lang.String">string</Name>
  <Value className="java.lang.String">company</Value>
</Feature>
</Annotation>
<Annotation Id="538" Type="Token" StartNode="1259" EndNode="1265">
<Feature>
  <Name className="java.lang.String">string</Name>
  <Value className="java.lang.String">health</Value>
</Feature>
</Annotation>
<Annotation Id="611" Type="Token" StartNode="1435" EndNode="1445">
<Feature>
  <Name className="java.lang.String">string</Name>
  <Value className="java.lang.String">procedures</Value>
</Feature>
</Annotation>
<Annotation Id="609" Type="Token" StartNode="1426" EndNode="1434">
<Feature>
  <Name className="java.lang.String">string</Name>
  <Value className="java.lang.String">prostate</Value>
</Feature>
</Annotation>
<Annotation Id="619" Type="Token" StartNode="1455" EndNode="1462">
<Feature>
  <Name className="java.lang.String">string</Name>
  <Value className="java.lang.String">mention</Value>
</Feature>
</Annotation>
<Annotation Id="629" Type="Token" StartNode="1481" EndNode="1488">
<Feature>
  <Name className="java.lang.String">string</Name>
  <Value className="java.lang.String">keeping</Value>
</Feature>
</Annotation>
<Annotation Id="601" Type="Token" StartNode="1404" EndNode="1412">
<Feature>
  <Name className="java.lang.String">string</Name>
  <Value className="java.lang.String">primarly</Value>
</Feature>
</Annotation>
<Annotation Id="685" Type="Token" StartNode="1617" EndNode="1625">
<Feature>
  <Name className="java.lang.String">string</Name>
  <Value className="java.lang.String">abortion</Value>
</Feature>
</Annotation>
<Annotation Id="673" Type="Token" StartNode="1588" EndNode="1595">
<Feature>
  <Name className="java.lang.String">string</Name>
  <Value className="java.lang.String">company</Value>
</Feature>
</Annotation>
<Annotation Id="698" Type="Token" StartNode="1644" EndNode="1651">
<Feature>
  <Name className="java.lang.String">string</Name>
  <Value className="java.lang.String">country</Value>
</Feature>
</Annotation>
<Annotation Id="654" Type="Token" StartNode="1533" EndNode="1540">
<Feature>
  <Name className="java.lang.String">string</Name>
  <Value className="java.lang.String">bothers</Value>
</Feature>
</Annotation>
<Annotation Id="669" Type="Token" StartNode="1571" EndNode="1577">
<Feature>
  <Name className="java.lang.String">string</Name>
  <Value className="java.lang.String">health</Value>
</Feature>
</Annotation>
<Annotation Id="671" Type="Token" StartNode="1578" EndNode="1587">
<Feature>
  <Name className="java.lang.String">string</Name>
  <Value className="java.lang.String">insurance</Value>
</Feature>
</Annotation>
<Annotation Id="751" Type="Token" StartNode="1771" EndNode="1777">
<Feature>
  <Name className="java.lang.String">string</Name>
  <Value className="java.lang.String">reason</Value>
</Feature>
</Annotation>
<Annotation Id="742" Type="Token" StartNode="1749" EndNode="1757">
<Feature>
  <Name className="java.lang.String">string</Name>
  <Value className="java.lang.String">coverage</Value>
</Feature>
</Annotation>
<Annotation Id="740" Type="Token" StartNode="1740" EndNode="1748">
<Feature>
  <Name className="java.lang.String">string</Name>
  <Value className="java.lang.String">abortion</Value>
</Feature>
</Annotation>
<Annotation Id="763" Type="Token" StartNode="1800" EndNode="1810">
<Feature>
  <Name className="java.lang.String">string</Name>
  <Value className="java.lang.String">COMPLELLED</Value>
</Feature>
</Annotation>
<Annotation Id="757" Type="Token" StartNode="1787" EndNode="1793">
<Feature>
  <Name className="java.lang.String">string</Name>
  <Value className="java.lang.String">person</Value>
</Feature>
</Annotation>
<Annotation Id="715" Type="Token" StartNode="1676" EndNode="1682">
<Feature>
  <Name className="java.lang.String">string</Name>
  <Value className="java.lang.String">paying</Value>
</Feature>
</Annotation>
<Annotation Id="721" Type="Token" StartNode="1689" EndNode="1696">
<Feature>
  <Name className="java.lang.String">string</Name>
  <Value className="java.lang.String">PRIVATE</Value>
</Feature>
</Annotation>
<Annotation Id="723" Type="Token" StartNode="1697" EndNode="1703">
<Feature>
  <Name className="java.lang.String">string</Name>
  <Value className="java.lang.String">health</Value>
</Feature>
</Annotation>
<Annotation Id="725" Type="Token" StartNode="1704" EndNode="1713">
<Feature>
  <Name className="java.lang.String">string</Name>
  <Value className="java.lang.String">insurance</Value>
</Feature>
</Annotation>
<Annotation Id="820" Type="Token" StartNode="1934" EndNode="1942">
<Feature>
  <Name className="java.lang.String">string</Name>
  <Value className="java.lang.String">coverage</Value>
</Feature>
</Annotation>
<Annotation Id="802" Type="Token" StartNode="1892" EndNode="1900">
<Feature>
  <Name className="java.lang.String">string</Name>
  <Value className="java.lang.String">coverage</Value>
</Feature>
</Annotation>
<Annotation Id="790" Type="Token" StartNode="1856" EndNode="1865">
<Feature>
  <Name className="java.lang.String">string</Name>
  <Value className="java.lang.String">compelled</Value>
</Feature>
</Annotation>
<Annotation Id="784" Type="Token" StartNode="1842" EndNode="1848">
<Feature>
  <Name className="java.lang.String">string</Name>
  <Value className="java.lang.String">should</Value>
</Feature>
</Annotation>
<Annotation Id="798" Type="Token" StartNode="1877" EndNode="1889">
<Feature>
  <Name className="java.lang.String">string</Name>
  <Value className="java.lang.String">lipposuction</Value>
</Feature>
</Annotation>
<Annotation Id="882" Type="Token" StartNode="2087" EndNode="2097">
<Feature>
  <Name className="java.lang.String">string</Name>
  <Value className="java.lang.String">conscience</Value>
</Feature>
</Annotation>
<Annotation Id="889" Type="Token" StartNode="2103" EndNode="2109">
<Feature>
  <Name className="java.lang.String">string</Name>
  <Value className="java.lang.String">Source</Value>
</Feature>
</Annotation>
<Annotation Id="864" Type="Token" StartNode="2038" EndNode="2047">
<Feature>
  <Name className="java.lang.String">string</Name>
  <Value className="java.lang.String">considers</Value>
</Feature>
</Annotation>
<Annotation Id="866" Type="Token" StartNode="2048" EndNode="2056">
<Feature>
  <Name className="java.lang.String">string</Name>
  <Value className="java.lang.String">abortion</Value>
</Feature>
</Annotation>
<Annotation Id="872" Type="Token" StartNode="2063" EndNode="2069">
<Feature>
  <Name className="java.lang.String">string</Name>
  <Value className="java.lang.String">murder</Value>
</Feature>
</Annotation>
<Annotation Id="878" Type="Token" StartNode="2076" EndNode="2083">
<Feature>
  <Name className="java.lang.String">string</Name>
  <Value className="java.lang.String">reasons</Value>
</Feature>
</Annotation>
<Annotation Id="862" Type="Token" StartNode="2031" EndNode="2037">
<Feature>
  <Name className="java.lang.String">string</Name>
  <Value className="java.lang.String">flatly</Value>
</Feature>
</Annotation>
<Annotation Id="860" Type="Token" StartNode="2023" EndNode="2030">
<Feature>
  <Name className="java.lang.String">string</Name>
  <Value className="java.lang.String">country</Value>
</Feature>
</Annotation>
<Annotation Id="834" Type="Token" StartNode="1960" EndNode="1968">
<Feature>
  <Name className="java.lang.String">string</Name>
  <Value className="java.lang.String">coverage</Value>
</Feature>
</Annotation>
<Annotation Id="836" Type="Token" StartNode="1969" EndNode="1976">
<Feature>
  <Name className="java.lang.String">string</Name>
  <Value className="java.lang.String">through</Value>
</Feature>
</Annotation>
<Annotation Id="840" Type="Token" StartNode="1982" EndNode="1989">
<Feature>
  <Name className="java.lang.String">string</Name>
  <Value className="java.lang.String">company</Value>
</Feature>
</Annotation>
<Annotation Id="844" Type="Token" StartNode="1992" EndNode="1998">
<Feature>
  <Name className="java.lang.String">string</Name>
  <Value className="java.lang.String">Simple</Value>
</Feature>
</Annotation>
<Annotation Id="957" Type="Token" StartNode="2270" EndNode="2279">
<Feature>
  <Name className="java.lang.String">string</Name>
  <Value className="java.lang.String">offensive</Value>
</Feature>
</Annotation>
<Annotation Id="955" Type="Token" StartNode="2260" EndNode="2269">
<Feature>
  <Name className="java.lang.String">string</Name>
  <Value className="java.lang.String">OBVIOUSLY</Value>
</Feature>
</Annotation>
<Annotation Id="944" Type="Token" StartNode="2238" EndNode="2246">
<Feature>
  <Name className="java.lang.String">string</Name>
  <Value className="java.lang.String">coverage</Value>
</Feature>
</Annotation>
<Annotation Id="940" Type="Token" StartNode="2227" EndNode="2235">
<Feature>
  <Name className="java.lang.String">string</Name>
  <Value className="java.lang.String">abortion</Value>
</Feature>
</Annotation>
<Annotation Id="931" Type="Token" StartNode="2205" EndNode="2214">
<Feature>
  <Name className="java.lang.String">string</Name>
  <Value className="java.lang.String">COMPELLED</Value>
</Feature>
</Annotation>
<Annotation Id="925" Type="Token" StartNode="2191" EndNode="2197">
<Feature>
  <Name className="java.lang.String">string</Name>
  <Value className="java.lang.String">should</Value>
</Feature>
</Annotation>
<Annotation Id="923" Type="Token" StartNode="2184" EndNode="2190">
<Feature>
  <Name className="java.lang.String">string</Name>
  <Value className="java.lang.String">people</Value>
</Feature>
</Annotation>
<Annotation Id="916" Type="Token" StartNode="2164" EndNode="2171">
<Feature>
  <Name className="java.lang.String">string</Name>
  <Value className="java.lang.String">anymore</Value>
</Feature>
</Annotation>
<Annotation Id="908" Type="Token" StartNode="2146" EndNode="2154">
<Feature>
  <Name className="java.lang.String">string</Name>
  <Value className="java.lang.String">ANYTHING</Value>
</Feature>
</Annotation>
<Annotation Id="904" Type="Token" StartNode="2130" EndNode="2139">
<Feature>
  <Name className="java.lang.String">string</Name>
  <Value className="java.lang.String">amendment</Value>
</Feature>
</Annotation>
<Annotation Id="1015" Type="Token" StartNode="2395" EndNode="2402">
<Feature>
  <Name className="java.lang.String">string</Name>
  <Value className="java.lang.String">imagine</Value>
</Feature>
</Annotation>
<Annotation Id="992" Type="Token" StartNode="2352" EndNode="2359">
<Feature>
  <Name className="java.lang.String">string</Name>
  <Value className="java.lang.String">Quakers</Value>
</Feature>
</Annotation>
<Annotation Id="981" Type="Token" StartNode="2326" EndNode="2333">
<Feature>
  <Name className="java.lang.String">string</Name>
  <Value className="java.lang.String">forcing</Value>
</Feature>
</Annotation>
<Annotation Id="963" Type="Token" StartNode="2289" EndNode="2296">
<Feature>
  <Name className="java.lang.String">string</Name>
  <Value className="java.lang.String">beliefs</Value>
</Feature>
</Annotation>
<Annotation Id="1095" Type="Token" StartNode="2580" EndNode="2590">
<Feature>
  <Name className="java.lang.String">string</Name>
  <Value className="java.lang.String">ESPECIALLY</Value>
</Feature>
</Annotation>
<Annotation Id="1090" Type="Token" StartNode="2567" EndNode="2573">
<Feature>
  <Name className="java.lang.String">string</Name>
  <Value className="java.lang.String">health</Value>
</Feature>
</Annotation>
<Annotation Id="1117" Type="Token" StartNode="2641" EndNode="2649">
<Feature>
  <Name className="java.lang.String">string</Name>
  <Value className="java.lang.String">practice</Value>
</Feature>
</Annotation>
<Annotation Id="1113" Type="Token" StartNode="2629" EndNode="2636">
<Feature>
  <Name className="java.lang.String">string</Name>
  <Value className="java.lang.String">against</Value>
</Feature>
</Annotation>
<Annotation Id="1111" Type="Token" StartNode="2619" EndNode="2628">
<Feature>
  <Name className="java.lang.String">string</Name>
  <Value className="java.lang.String">obviously</Value>
</Feature>
</Annotation>
<Annotation Id="1105" Type="Token" StartNode="2602" EndNode="2612">
<Feature>
  <Name className="java.lang.String">string</Name>
  <Value className="java.lang.String">conscience</Value>
</Feature>
</Annotation>
<Annotation Id="1122" Type="Token" StartNode="2654" EndNode="2662">
<Feature>
  <Name className="java.lang.String">string</Name>
  <Value className="java.lang.String">abortion</Value>
</Feature>
</Annotation>
<Annotation Id="1148" Type="Token" StartNode="2717" EndNode="2723">
<Feature>
  <Name className="java.lang.String">string</Name>
  <Value className="java.lang.String">Simple</Value>
</Feature>
</Annotation>
<Annotation Id="1144" Type="Token" StartNode="2707" EndNode="2714">
<Feature>
  <Name className="java.lang.String">string</Name>
  <Value className="java.lang.String">company</Value>
</Feature>
</Annotation>
<Annotation Id="1138" Type="Token" StartNode="2687" EndNode="2696">
<Feature>
  <Name className="java.lang.String">string</Name>
  <Value className="java.lang.String">insurance</Value>
</Feature>
</Annotation>
<Annotation Id="1136" Type="Token" StartNode="2680" EndNode="2686">
<Feature>
  <Name className="java.lang.String">string</Name>
  <Value className="java.lang.String">health</Value>
</Feature>
</Annotation>
<Annotation Id="1048" Type="Token" StartNode="2462" EndNode="2468">
<Feature>
  <Name className="java.lang.String">string</Name>
  <Value className="java.lang.String">should</Value>
</Feature>
</Annotation>
<Annotation Id="1052" Type="Token" StartNode="2472" EndNode="2481">
<Feature>
  <Name className="java.lang.String">string</Name>
  <Value className="java.lang.String">COMPELLED</Value>
</Feature>
</Annotation>
<Annotation Id="1070" Type="Token" StartNode="2518" EndNode="2525">
<Feature>
  <Name className="java.lang.String">string</Name>
  <Value className="java.lang.String">support</Value>
</Feature>
</Annotation>
<Annotation Id="1063" Type="Token" StartNode="2501" EndNode="2508">
<Feature>
  <Name className="java.lang.String">string</Name>
  <Value className="java.lang.String">loyalty</Value>
</Feature>
</Annotation>
<Annotation Id="1060" Type="Token" StartNode="2492" EndNode="2499">
<Feature>
  <Name className="java.lang.String">string</Name>
  <Value className="java.lang.String">defacto</Value>
</Feature>
</Annotation>
<Annotation Id="1086" Type="Token" StartNode="2557" EndNode="2563">
<Feature>
  <Name className="java.lang.String">string</Name>
  <Value className="java.lang.String">access</Value>
</Feature>
</Annotation>
<Annotation Id="1076" Type="Token" StartNode="2531" EndNode="2539">
<Feature>
  <Name className="java.lang.String">string</Name>
  <Value className="java.lang.String">abortion</Value>
</Feature>
</Annotation>
<Annotation Id="1245" Type="Token" StartNode="2834" EndNode="2844">
<Feature>
  <Name className="java.lang.String">string</Name>
  <Value className="java.lang.String">passionate</Value>
</Feature>
</Annotation>
<Annotation Id="1241" Type="Token" StartNode="2823" EndNode="2830">
<Feature>
  <Name className="java.lang.String">string</Name>
  <Value className="java.lang.String">nothing</Value>
</Feature>
</Annotation>
<Annotation Id="1255" Type="Token" StartNode="2866" EndNode="2875">
<Feature>
  <Name className="java.lang.String">string</Name>
  <Value className="java.lang.String">disguised</Value>
</Feature>
</Annotation>
<Annotation Id="1253" Type="Token" StartNode="2857" EndNode="2865">
<Feature>
  <Name className="java.lang.String">string</Name>
  <Value className="java.lang.String">interest</Value>
</Feature>
</Annotation>
<Annotation Id="1251" Type="Token" StartNode="2850" EndNode="2856">
<Feature>
  <Name className="java.lang.String">string</Name>
  <Value className="java.lang.String">vested</Value>
</Feature>
</Annotation>
<Annotation Id="1263" Type="Token" StartNode="2895" EndNode="2905">
<Feature>
  <Name className="java.lang.String">string</Name>
  <Value className="java.lang.String">conviction</Value>
</Feature>
</Annotation>
<Annotation Id="1261" Type="Token" StartNode="2882" EndNode="2894">
<Feature>
  <Name className="java.lang.String">string</Name>
  <Value className="java.lang.String">intellectual</Value>
</Feature>
</Annotation>
<Annotation Id="1288" Type="Token" StartNode="2953" EndNode="2960">
<Feature>
  <Name className="java.lang.String">string</Name>
  <Value className="java.lang.String">Herbert</Value>
</Feature>
</Annotation>
<Annotation Id="1281" Type="Token" StartNode="2936" EndNode="2942">
<Feature>
  <Name className="java.lang.String">string</Name>
  <Value className="java.lang.String">Plague</Value>
</Feature>
</Annotation>
</AnnotationSet>
<AnnotationSet Name="Original markups"> </AnnotationSet>
</GateDocument>