<?xml version='1.0' encoding='UTF-8'?>
<GateDocument version="3">
<!-- The document's features-->

<GateDocumentFeatures>
<Feature>
  <Name className="java.lang.String">Original_document_content_on_load</Name>
  <Value className="java.lang.String">From: lazlo@carina.unm.edu (Lazlo Nibble)
Date: 23 Apr 1993 20:39:04 GMT
Organization: Vroom Socko International Fear Club
Lines: 11
Distribution: world
Message-ID: &lt;1r9k58INN5o4@lynx.unm.edu>
References: &lt;1r51iiINN8p9@mojo.eng.umd.edu> &lt;22APR199312150500@zeus.tamu.edu> &lt;1r7i53INNcp@mojo.eng.umd.edu>
NNTP-Posting-Host: carina.unm.edu

russotto@eng.umd.edu (Matthew T. Russotto) writes:

> The idea that kerosene lamps would be all over the place (with
> electricity cut off) makes sense.  The idea that ramming tanks into the
> building would spill them and cause a fire makes sense.

As does the idea that a CS gas canister can get hot enough to ignite dry
baled hay.

--
Lazlo (lazlo@triton.unm.edu)
</Value>
</Feature>
<Feature>
  <Name className="java.lang.String">gate.SourceURL</Name>
  <Value className="java.lang.String">file:/C:/Users/jian/Documents/NetBeansProjects/NoiseReductionTechniques/mideastPoliticsMix/negative1139</Value>
</Feature>
</GateDocumentFeatures>
<!-- The document content area with serialized nodes -->

<TextWithNodes><Node id="0"/>From<Node id="4"/>:<Node id="5"/> <Node id="6"/>lazlo<Node id="11"/>@<Node id="12"/>carina<Node id="18"/>.<Node id="19"/>unm<Node id="22"/>.<Node id="23"/>edu<Node id="26"/> <Node id="27"/>(<Node id="28"/>Lazlo<Node id="33"/> <Node id="34"/>Nibble<Node id="40"/>)<Node id="41"/>
<Node id="42"/>Date<Node id="46"/>:<Node id="47"/> <Node id="48"/>23<Node id="50"/> <Node id="51"/>Apr<Node id="54"/> <Node id="55"/>1993<Node id="59"/> <Node id="60"/>20<Node id="62"/>:<Node id="63"/>39<Node id="65"/>:<Node id="66"/>04<Node id="68"/> <Node id="69"/>GMT<Node id="72"/>
<Node id="73"/>Organization<Node id="85"/>:<Node id="86"/> <Node id="87"/>Vroom<Node id="92"/> <Node id="93"/>Socko<Node id="98"/> <Node id="99"/>International<Node id="112"/> <Node id="113"/>Fear<Node id="117"/> <Node id="118"/>Club<Node id="122"/>
<Node id="123"/>Lines<Node id="128"/>:<Node id="129"/> <Node id="130"/>11<Node id="132"/>
<Node id="133"/>Distribution<Node id="145"/>:<Node id="146"/> <Node id="147"/>world<Node id="152"/>
<Node id="153"/>Message-<Node id="161"/>ID<Node id="163"/>:<Node id="164"/> <Node id="165"/>&lt;<Node id="166"/>1<Node id="167"/>r<Node id="168"/>9<Node id="169"/>k<Node id="170"/>58<Node id="172"/>INN<Node id="175"/>5<Node id="176"/>o<Node id="177"/>4<Node id="178"/>@<Node id="179"/>lynx<Node id="183"/>.<Node id="184"/>unm<Node id="187"/>.<Node id="188"/>edu<Node id="191"/>&gt;<Node id="192"/>
<Node id="193"/>References<Node id="203"/>:<Node id="204"/> <Node id="205"/>&lt;<Node id="206"/>1<Node id="207"/>r<Node id="208"/>51<Node id="210"/>iiINN<Node id="215"/>8<Node id="216"/>p<Node id="217"/>9<Node id="218"/>@<Node id="219"/>mojo<Node id="223"/>.<Node id="224"/>eng<Node id="227"/>.<Node id="228"/>umd<Node id="231"/>.<Node id="232"/>edu<Node id="235"/>&gt;<Node id="236"/> <Node id="237"/>&lt;<Node id="238"/>22<Node id="240"/>APR<Node id="243"/>199312150500<Node id="255"/>@<Node id="256"/>zeus<Node id="260"/>.<Node id="261"/>tamu<Node id="265"/>.<Node id="266"/>edu<Node id="269"/>&gt;<Node id="270"/> <Node id="271"/>&lt;<Node id="272"/>1<Node id="273"/>r<Node id="274"/>7<Node id="275"/>i<Node id="276"/>53<Node id="278"/>INNcp<Node id="283"/>@<Node id="284"/>mojo<Node id="288"/>.<Node id="289"/>eng<Node id="292"/>.<Node id="293"/>umd<Node id="296"/>.<Node id="297"/>edu<Node id="300"/>&gt;<Node id="301"/>
<Node id="302"/>NNTP-Posting-Host<Node id="319"/>:<Node id="320"/> <Node id="321"/>carina<Node id="327"/>.<Node id="328"/>unm<Node id="331"/>.<Node id="332"/>edu<Node id="335"/>
<Node id="336"/>
<Node id="337"/>russotto<Node id="345"/>@<Node id="346"/>eng<Node id="349"/>.<Node id="350"/>umd<Node id="353"/>.<Node id="354"/>edu<Node id="357"/> <Node id="358"/>(<Node id="359"/>Matthew<Node id="366"/> <Node id="367"/>T<Node id="368"/>.<Node id="369"/> <Node id="370"/>Russotto<Node id="378"/>)<Node id="379"/> <Node id="380"/>writes<Node id="386"/>:<Node id="387"/>
<Node id="388"/>
<Node id="389"/>&gt;<Node id="390"/> <Node id="391"/>The<Node id="394"/> <Node id="395"/>idea<Node id="399"/> <Node id="400"/>that<Node id="404"/> <Node id="405"/>kerosene<Node id="413"/> <Node id="414"/>lamps<Node id="419"/> <Node id="420"/>would<Node id="425"/> <Node id="426"/>be<Node id="428"/> <Node id="429"/>all<Node id="432"/> <Node id="433"/>over<Node id="437"/> <Node id="438"/>the<Node id="441"/> <Node id="442"/>place<Node id="447"/> <Node id="448"/>(<Node id="449"/>with<Node id="453"/>
<Node id="454"/>&gt;<Node id="455"/> <Node id="456"/>electricity<Node id="467"/> <Node id="468"/>cut<Node id="471"/> <Node id="472"/>off<Node id="475"/>)<Node id="476"/> <Node id="477"/>makes<Node id="482"/> <Node id="483"/>sense<Node id="488"/>.<Node id="489"/> <Node id="490"/> <Node id="491"/>The<Node id="494"/> <Node id="495"/>idea<Node id="499"/> <Node id="500"/>that<Node id="504"/> <Node id="505"/>ramming<Node id="512"/> <Node id="513"/>tanks<Node id="518"/> <Node id="519"/>into<Node id="523"/> <Node id="524"/>the<Node id="527"/>
<Node id="528"/>&gt;<Node id="529"/> <Node id="530"/>building<Node id="538"/> <Node id="539"/>would<Node id="544"/> <Node id="545"/>spill<Node id="550"/> <Node id="551"/>them<Node id="555"/> <Node id="556"/>and<Node id="559"/> <Node id="560"/>cause<Node id="565"/> <Node id="566"/>a<Node id="567"/> <Node id="568"/>fire<Node id="572"/> <Node id="573"/>makes<Node id="578"/> <Node id="579"/>sense<Node id="584"/>.<Node id="585"/>
<Node id="586"/>
<Node id="587"/>As<Node id="589"/> <Node id="590"/>does<Node id="594"/> <Node id="595"/>the<Node id="598"/> <Node id="599"/>idea<Node id="603"/> <Node id="604"/>that<Node id="608"/> <Node id="609"/>a<Node id="610"/> <Node id="611"/>CS<Node id="613"/> <Node id="614"/>gas<Node id="617"/> <Node id="618"/>canister<Node id="626"/> <Node id="627"/>can<Node id="630"/> <Node id="631"/>get<Node id="634"/> <Node id="635"/>hot<Node id="638"/> <Node id="639"/>enough<Node id="645"/> <Node id="646"/>to<Node id="648"/> <Node id="649"/>ignite<Node id="655"/> <Node id="656"/>dry<Node id="659"/>
<Node id="660"/>baled<Node id="665"/> <Node id="666"/>hay<Node id="669"/>.<Node id="670"/>
<Node id="671"/>
<Node id="672"/>-<Node id="673"/>-<Node id="674"/>
<Node id="675"/>Lazlo<Node id="680"/> <Node id="681"/>(<Node id="682"/>lazlo<Node id="687"/>@<Node id="688"/>triton<Node id="694"/>.<Node id="695"/>unm<Node id="698"/>.<Node id="699"/>edu<Node id="702"/>)<Node id="703"/>
<Node id="704"/></TextWithNodes>
<!-- The default annotation set -->

<AnnotationSet>
<Annotation EndNode="704" StartNode="0" Type="Mention" Id="9999999">
<Feature>
<Name classname="java.lang.String">Class</Name>
<Value classname="java.lang.String">0</Value>
</Feature>
</Annotation>

<Annotation Id="5" Type="Token" StartNode="12" EndNode="18">
<Feature>
  <Name className="java.lang.String">string</Name>
  <Value className="java.lang.String">carina</Value>
</Feature>
</Annotation>
<Annotation Id="14" Type="Token" StartNode="34" EndNode="40">
<Feature>
  <Name className="java.lang.String">string</Name>
  <Value className="java.lang.String">Nibble</Value>
</Feature>
</Annotation>
<Annotation Id="34" Type="Token" StartNode="73" EndNode="85">
<Feature>
  <Name className="java.lang.String">string</Name>
  <Value className="java.lang.String">Organization</Value>
</Feature>
</Annotation>
<Annotation Id="41" Type="Token" StartNode="99" EndNode="112">
<Feature>
  <Name className="java.lang.String">string</Name>
  <Value className="java.lang.String">International</Value>
</Feature>
</Annotation>
<Annotation Id="52" Type="Token" StartNode="133" EndNode="145">
<Feature>
  <Name className="java.lang.String">string</Name>
  <Value className="java.lang.String">Distribution</Value>
</Feature>
</Annotation>
<Annotation Id="57" Type="Token" StartNode="153" EndNode="161">
<Feature>
  <Name className="java.lang.String">string</Name>
  <Value className="java.lang.String">Message-</Value>
</Feature>
</Annotation>
<Annotation Id="79" Type="Token" StartNode="193" EndNode="203">
<Feature>
  <Name className="java.lang.String">string</Name>
  <Value className="java.lang.String">References</Value>
</Feature>
</Annotation>
<Annotation Id="103" Type="Token" StartNode="243" EndNode="255">
</Annotation>
<Annotation Id="139" Type="Token" StartNode="337" EndNode="345">
<Feature>
  <Name className="java.lang.String">string</Name>
  <Value className="java.lang.String">russotto</Value>
</Feature>
</Annotation>
<Annotation Id="129" Type="Token" StartNode="302" EndNode="319">
<Feature>
  <Name className="java.lang.String">string</Name>
  <Value className="java.lang.String">NNTP-Posting-Host</Value>
</Feature>
</Annotation>
<Annotation Id="132" Type="Token" StartNode="321" EndNode="327">
<Feature>
  <Name className="java.lang.String">string</Name>
  <Value className="java.lang.String">carina</Value>
</Feature>
</Annotation>
<Annotation Id="153" Type="Token" StartNode="370" EndNode="378">
<Feature>
  <Name className="java.lang.String">string</Name>
  <Value className="java.lang.String">Russotto</Value>
</Feature>
</Annotation>
<Annotation Id="156" Type="Token" StartNode="380" EndNode="386">
<Feature>
  <Name className="java.lang.String">string</Name>
  <Value className="java.lang.String">writes</Value>
</Feature>
</Annotation>
<Annotation Id="148" Type="Token" StartNode="359" EndNode="366">
<Feature>
  <Name className="java.lang.String">string</Name>
  <Value className="java.lang.String">Matthew</Value>
</Feature>
</Annotation>
<Annotation Id="168" Type="Token" StartNode="405" EndNode="413">
<Feature>
  <Name className="java.lang.String">string</Name>
  <Value className="java.lang.String">kerosene</Value>
</Feature>
</Annotation>
<Annotation Id="189" Type="Token" StartNode="456" EndNode="467">
<Feature>
  <Name className="java.lang.String">string</Name>
  <Value className="java.lang.String">electricity</Value>
</Feature>
</Annotation>
<Annotation Id="218" Type="Token" StartNode="530" EndNode="538">
<Feature>
  <Name className="java.lang.String">string</Name>
  <Value className="java.lang.String">building</Value>
</Feature>
</Annotation>
<Annotation Id="208" Type="Token" StartNode="505" EndNode="512">
<Feature>
  <Name className="java.lang.String">string</Name>
  <Value className="java.lang.String">ramming</Value>
</Feature>
</Annotation>
<Annotation Id="286" Type="Token" StartNode="688" EndNode="694">
<Feature>
  <Name className="java.lang.String">string</Name>
  <Value className="java.lang.String">triton</Value>
</Feature>
</Annotation>
<Annotation Id="256" Type="Token" StartNode="618" EndNode="626">
<Feature>
  <Name className="java.lang.String">string</Name>
  <Value className="java.lang.String">canister</Value>
</Feature>
</Annotation>
<Annotation Id="264" Type="Token" StartNode="639" EndNode="645">
<Feature>
  <Name className="java.lang.String">string</Name>
  <Value className="java.lang.String">enough</Value>
</Feature>
</Annotation>
<Annotation Id="268" Type="Token" StartNode="649" EndNode="655">
<Feature>
  <Name className="java.lang.String">string</Name>
  <Value className="java.lang.String">ignite</Value>
</Feature>
</Annotation>
</AnnotationSet>
<AnnotationSet Name="Original markups"> </AnnotationSet>
</GateDocument>