<?xml version='1.0' encoding='UTF-8'?>
<GateDocument version="3">
<!-- The document's features-->

<GateDocumentFeatures>
<Feature>
  <Name className="java.lang.String">Original_document_content_on_load</Name>
  <Value className="java.lang.String">From: lvc@cbnews.cb.att.com (Larry Cipriani)
Organization: Ideology Busters, Inc.
Distribution: usa
Date: Fri, 16 Apr 1993 03:54:57 GMT
Message-ID: &lt;C5K5JM.42C@cbnews.cb.att.com>
Lines: 14

OHIO HOUSE OF REPRESENTATIVE   THURSDAY, APRIL 8, 1993
 
H.B. NO. 287- REPRESENTATIVES SEESE, DAVIS, BATCHELDER, AMSTUTZ, T. 
JOHNSON, VAN VYVEN, WACHTMANN, WHITE, DI DONATO, BOGGS, LOGAN
 
        TO AMEND SECTION 1531.01 OF THE REVISED CODE TO ADD MOURNING DOVE 
TO THE GAME BIRD LIST AND PERMIT THE CHIEF OF THE DIVISION OF WILDLIFE IN 
THE DEPARTMENT OF NATURAL RESOURCES TO REGULATE THE HUNTING OF MOURNING 
DOVES, AND TO MAKE AN APPROPRIATION.
 
This would allow the hunting of mourning doves in Ohio and give the 
sportsman something they have been pushing for.
-- 
Larry Cipriani -- l.v.cipriani@att.com
</Value>
</Feature>
<Feature>
  <Name className="java.lang.String">gate.SourceURL</Name>
  <Value className="java.lang.String">file:/C:/Users/jian/Documents/NetBeansProjects/NoiseReductionTechniques/mideastPoliticsMix/negative306</Value>
</Feature>
</GateDocumentFeatures>
<!-- The document content area with serialized nodes -->

<TextWithNodes><Node id="0"/>From<Node id="4"/>:<Node id="5"/> <Node id="6"/>lvc<Node id="9"/>@<Node id="10"/>cbnews<Node id="16"/>.<Node id="17"/>cb<Node id="19"/>.<Node id="20"/>att<Node id="23"/>.<Node id="24"/>com<Node id="27"/> <Node id="28"/>(<Node id="29"/>Larry<Node id="34"/> <Node id="35"/>Cipriani<Node id="43"/>)<Node id="44"/>
<Node id="45"/>Organization<Node id="57"/>:<Node id="58"/> <Node id="59"/>Ideology<Node id="67"/> <Node id="68"/>Busters<Node id="75"/>,<Node id="76"/> <Node id="77"/>Inc<Node id="80"/>.<Node id="81"/>
<Node id="82"/>Distribution<Node id="94"/>:<Node id="95"/> <Node id="96"/>usa<Node id="99"/>
<Node id="100"/>Date<Node id="104"/>:<Node id="105"/> <Node id="106"/>Fri<Node id="109"/>,<Node id="110"/> <Node id="111"/>16<Node id="113"/> <Node id="114"/>Apr<Node id="117"/> <Node id="118"/>1993<Node id="122"/> <Node id="123"/>03<Node id="125"/>:<Node id="126"/>54<Node id="128"/>:<Node id="129"/>57<Node id="131"/> <Node id="132"/>GMT<Node id="135"/>
<Node id="136"/>Message-<Node id="144"/>ID<Node id="146"/>:<Node id="147"/> <Node id="148"/>&lt;<Node id="149"/>C<Node id="150"/>5<Node id="151"/>K<Node id="152"/>5<Node id="153"/>JM<Node id="155"/>.<Node id="156"/>42<Node id="158"/>C<Node id="159"/>@<Node id="160"/>cbnews<Node id="166"/>.<Node id="167"/>cb<Node id="169"/>.<Node id="170"/>att<Node id="173"/>.<Node id="174"/>com<Node id="177"/>&gt;<Node id="178"/>
<Node id="179"/>Lines<Node id="184"/>:<Node id="185"/> <Node id="186"/>14<Node id="188"/>
<Node id="189"/>
<Node id="190"/>OHIO<Node id="194"/> <Node id="195"/>HOUSE<Node id="200"/> <Node id="201"/>OF<Node id="203"/> <Node id="204"/>REPRESENTATIVE<Node id="218"/> <Node id="219"/> <Node id="220"/> <Node id="221"/>THURSDAY<Node id="229"/>,<Node id="230"/> <Node id="231"/>APRIL<Node id="236"/> <Node id="237"/>8<Node id="238"/>,<Node id="239"/> <Node id="240"/>1993<Node id="244"/>
<Node id="245"/> <Node id="246"/>
<Node id="247"/>H<Node id="248"/>.<Node id="249"/>B<Node id="250"/>.<Node id="251"/> <Node id="252"/>NO<Node id="254"/>.<Node id="255"/> <Node id="256"/>287<Node id="259"/>-<Node id="260"/> <Node id="261"/>REPRESENTATIVES<Node id="276"/> <Node id="277"/>SEESE<Node id="282"/>,<Node id="283"/> <Node id="284"/>DAVIS<Node id="289"/>,<Node id="290"/> <Node id="291"/>BATCHELDER<Node id="301"/>,<Node id="302"/> <Node id="303"/>AMSTUTZ<Node id="310"/>,<Node id="311"/> <Node id="312"/>T<Node id="313"/>.<Node id="314"/> <Node id="315"/>
<Node id="316"/>JOHNSON<Node id="323"/>,<Node id="324"/> <Node id="325"/>VAN<Node id="328"/> <Node id="329"/>VYVEN<Node id="334"/>,<Node id="335"/> <Node id="336"/>WACHTMANN<Node id="345"/>,<Node id="346"/> <Node id="347"/>WHITE<Node id="352"/>,<Node id="353"/> <Node id="354"/>DI<Node id="356"/> <Node id="357"/>DONATO<Node id="363"/>,<Node id="364"/> <Node id="365"/>BOGGS<Node id="370"/>,<Node id="371"/> <Node id="372"/>LOGAN<Node id="377"/>
<Node id="378"/> <Node id="379"/>
<Node id="380"/> <Node id="381"/> <Node id="382"/> <Node id="383"/> <Node id="384"/> <Node id="385"/> <Node id="386"/> <Node id="387"/> <Node id="388"/>TO<Node id="390"/> <Node id="391"/>AMEND<Node id="396"/> <Node id="397"/>SECTION<Node id="404"/> <Node id="405"/>1531<Node id="409"/>.<Node id="410"/>01<Node id="412"/> <Node id="413"/>OF<Node id="415"/> <Node id="416"/>THE<Node id="419"/> <Node id="420"/>REVISED<Node id="427"/> <Node id="428"/>CODE<Node id="432"/> <Node id="433"/>TO<Node id="435"/> <Node id="436"/>ADD<Node id="439"/> <Node id="440"/>MOURNING<Node id="448"/> <Node id="449"/>DOVE<Node id="453"/> <Node id="454"/>
<Node id="455"/>TO<Node id="457"/> <Node id="458"/>THE<Node id="461"/> <Node id="462"/>GAME<Node id="466"/> <Node id="467"/>BIRD<Node id="471"/> <Node id="472"/>LIST<Node id="476"/> <Node id="477"/>AND<Node id="480"/> <Node id="481"/>PERMIT<Node id="487"/> <Node id="488"/>THE<Node id="491"/> <Node id="492"/>CHIEF<Node id="497"/> <Node id="498"/>OF<Node id="500"/> <Node id="501"/>THE<Node id="504"/> <Node id="505"/>DIVISION<Node id="513"/> <Node id="514"/>OF<Node id="516"/> <Node id="517"/>WILDLIFE<Node id="525"/> <Node id="526"/>IN<Node id="528"/> <Node id="529"/>
<Node id="530"/>THE<Node id="533"/> <Node id="534"/>DEPARTMENT<Node id="544"/> <Node id="545"/>OF<Node id="547"/> <Node id="548"/>NATURAL<Node id="555"/> <Node id="556"/>RESOURCES<Node id="565"/> <Node id="566"/>TO<Node id="568"/> <Node id="569"/>REGULATE<Node id="577"/> <Node id="578"/>THE<Node id="581"/> <Node id="582"/>HUNTING<Node id="589"/> <Node id="590"/>OF<Node id="592"/> <Node id="593"/>MOURNING<Node id="601"/> <Node id="602"/>
<Node id="603"/>DOVES<Node id="608"/>,<Node id="609"/> <Node id="610"/>AND<Node id="613"/> <Node id="614"/>TO<Node id="616"/> <Node id="617"/>MAKE<Node id="621"/> <Node id="622"/>AN<Node id="624"/> <Node id="625"/>APPROPRIATION<Node id="638"/>.<Node id="639"/>
<Node id="640"/> <Node id="641"/>
<Node id="642"/>This<Node id="646"/> <Node id="647"/>would<Node id="652"/> <Node id="653"/>allow<Node id="658"/> <Node id="659"/>the<Node id="662"/> <Node id="663"/>hunting<Node id="670"/> <Node id="671"/>of<Node id="673"/> <Node id="674"/>mourning<Node id="682"/> <Node id="683"/>doves<Node id="688"/> <Node id="689"/>in<Node id="691"/> <Node id="692"/>Ohio<Node id="696"/> <Node id="697"/>and<Node id="700"/> <Node id="701"/>give<Node id="705"/> <Node id="706"/>the<Node id="709"/> <Node id="710"/>
<Node id="711"/>sportsman<Node id="720"/> <Node id="721"/>something<Node id="730"/> <Node id="731"/>they<Node id="735"/> <Node id="736"/>have<Node id="740"/> <Node id="741"/>been<Node id="745"/> <Node id="746"/>pushing<Node id="753"/> <Node id="754"/>for<Node id="757"/>.<Node id="758"/>
<Node id="759"/>-<Node id="760"/>-<Node id="761"/> <Node id="762"/>
<Node id="763"/>Larry<Node id="768"/> <Node id="769"/>Cipriani<Node id="777"/> <Node id="778"/>-<Node id="779"/>-<Node id="780"/> <Node id="781"/>l<Node id="782"/>.<Node id="783"/>v<Node id="784"/>.<Node id="785"/>cipriani<Node id="793"/>@<Node id="794"/>att<Node id="797"/>.<Node id="798"/>com<Node id="801"/>
<Node id="802"/></TextWithNodes>
<!-- The default annotation set -->

<AnnotationSet>
<Annotation EndNode="802" StartNode="0" Type="Mention" Id="9999999">
<Feature>
<Name classname="java.lang.String">Class</Name>
<Value classname="java.lang.String">0</Value>
</Feature>
</Annotation>

<Annotation Id="5" Type="Token" StartNode="10" EndNode="16">
<Feature>
  <Name className="java.lang.String">string</Name>
  <Value className="java.lang.String">cbnews</Value>
</Feature>
</Annotation>
<Annotation Id="16" Type="Token" StartNode="35" EndNode="43">
<Feature>
  <Name className="java.lang.String">string</Name>
  <Value className="java.lang.String">Cipriani</Value>
</Feature>
</Annotation>
<Annotation Id="19" Type="Token" StartNode="45" EndNode="57">
<Feature>
  <Name className="java.lang.String">string</Name>
  <Value className="java.lang.String">Organization</Value>
</Feature>
</Annotation>
<Annotation Id="22" Type="Token" StartNode="59" EndNode="67">
<Feature>
  <Name className="java.lang.String">string</Name>
  <Value className="java.lang.String">Ideology</Value>
</Feature>
</Annotation>
<Annotation Id="24" Type="Token" StartNode="68" EndNode="75">
<Feature>
  <Name className="java.lang.String">string</Name>
  <Value className="java.lang.String">Busters</Value>
</Feature>
</Annotation>
<Annotation Id="30" Type="Token" StartNode="82" EndNode="94">
<Feature>
  <Name className="java.lang.String">string</Name>
  <Value className="java.lang.String">Distribution</Value>
</Feature>
</Annotation>
<Annotation Id="55" Type="Token" StartNode="136" EndNode="144">
<Feature>
  <Name className="java.lang.String">string</Name>
  <Value className="java.lang.String">Message-</Value>
</Feature>
</Annotation>
<Annotation Id="69" Type="Token" StartNode="160" EndNode="166">
<Feature>
  <Name className="java.lang.String">string</Name>
  <Value className="java.lang.String">cbnews</Value>
</Feature>
</Annotation>
<Annotation Id="94" Type="Token" StartNode="221" EndNode="229">
<Feature>
  <Name className="java.lang.String">string</Name>
  <Value className="java.lang.String">THURSDAY</Value>
</Feature>
</Annotation>
<Annotation Id="90" Type="Token" StartNode="204" EndNode="218">
<Feature>
  <Name className="java.lang.String">string</Name>
  <Value className="java.lang.String">REPRESENTATIVE</Value>
</Feature>
</Annotation>
<Annotation Id="117" Type="Token" StartNode="261" EndNode="276">
<Feature>
  <Name className="java.lang.String">string</Name>
  <Value className="java.lang.String">REPRESENTATIVES</Value>
</Feature>
</Annotation>
<Annotation Id="125" Type="Token" StartNode="291" EndNode="301">
<Feature>
  <Name className="java.lang.String">string</Name>
  <Value className="java.lang.String">BATCHELDER</Value>
</Feature>
</Annotation>
<Annotation Id="143" Type="Token" StartNode="336" EndNode="345">
<Feature>
  <Name className="java.lang.String">string</Name>
  <Value className="java.lang.String">WACHTMANN</Value>
</Feature>
</Annotation>
<Annotation Id="128" Type="Token" StartNode="303" EndNode="310">
<Feature>
  <Name className="java.lang.String">string</Name>
  <Value className="java.lang.String">AMSTUTZ</Value>
</Feature>
</Annotation>
<Annotation Id="135" Type="Token" StartNode="316" EndNode="323">
<Feature>
  <Name className="java.lang.String">string</Name>
  <Value className="java.lang.String">JOHNSON</Value>
</Feature>
</Annotation>
<Annotation Id="151" Type="Token" StartNode="357" EndNode="363">
<Feature>
  <Name className="java.lang.String">string</Name>
  <Value className="java.lang.String">DONATO</Value>
</Feature>
</Annotation>
<Annotation Id="173" Type="Token" StartNode="397" EndNode="404">
<Feature>
  <Name className="java.lang.String">string</Name>
  <Value className="java.lang.String">SECTION</Value>
</Feature>
</Annotation>
<Annotation Id="191" Type="Token" StartNode="440" EndNode="448">
<Feature>
  <Name className="java.lang.String">string</Name>
  <Value className="java.lang.String">MOURNING</Value>
</Feature>
</Annotation>
<Annotation Id="183" Type="Token" StartNode="420" EndNode="427">
<Feature>
  <Name className="java.lang.String">string</Name>
  <Value className="java.lang.String">REVISED</Value>
</Feature>
</Annotation>
<Annotation Id="222" Type="Token" StartNode="517" EndNode="525">
<Feature>
  <Name className="java.lang.String">string</Name>
  <Value className="java.lang.String">WILDLIFE</Value>
</Feature>
</Annotation>
<Annotation Id="218" Type="Token" StartNode="505" EndNode="513">
<Feature>
  <Name className="java.lang.String">string</Name>
  <Value className="java.lang.String">DIVISION</Value>
</Feature>
</Annotation>
<Annotation Id="208" Type="Token" StartNode="481" EndNode="487">
<Feature>
  <Name className="java.lang.String">string</Name>
  <Value className="java.lang.String">PERMIT</Value>
</Feature>
</Annotation>
<Annotation Id="239" Type="Token" StartNode="569" EndNode="577">
<Feature>
  <Name className="java.lang.String">string</Name>
  <Value className="java.lang.String">REGULATE</Value>
</Feature>
</Annotation>
<Annotation Id="235" Type="Token" StartNode="556" EndNode="565">
<Feature>
  <Name className="java.lang.String">string</Name>
  <Value className="java.lang.String">RESOURCES</Value>
</Feature>
</Annotation>
<Annotation Id="233" Type="Token" StartNode="548" EndNode="555">
<Feature>
  <Name className="java.lang.String">string</Name>
  <Value className="java.lang.String">NATURAL</Value>
</Feature>
</Annotation>
<Annotation Id="229" Type="Token" StartNode="534" EndNode="544">
<Feature>
  <Name className="java.lang.String">string</Name>
  <Value className="java.lang.String">DEPARTMENT</Value>
</Feature>
</Annotation>
<Annotation Id="247" Type="Token" StartNode="593" EndNode="601">
<Feature>
  <Name className="java.lang.String">string</Name>
  <Value className="java.lang.String">MOURNING</Value>
</Feature>
</Annotation>
<Annotation Id="243" Type="Token" StartNode="582" EndNode="589">
<Feature>
  <Name className="java.lang.String">string</Name>
  <Value className="java.lang.String">HUNTING</Value>
</Feature>
</Annotation>
<Annotation Id="274" Type="Token" StartNode="663" EndNode="670">
<Feature>
  <Name className="java.lang.String">string</Name>
  <Value className="java.lang.String">hunting</Value>
</Feature>
</Annotation>
<Annotation Id="278" Type="Token" StartNode="674" EndNode="682">
<Feature>
  <Name className="java.lang.String">string</Name>
  <Value className="java.lang.String">mourning</Value>
</Feature>
</Annotation>
<Annotation Id="261" Type="Token" StartNode="625" EndNode="638">
<Feature>
  <Name className="java.lang.String">string</Name>
  <Value className="java.lang.String">APPROPRIATION</Value>
</Feature>
</Annotation>
<Annotation Id="314" Type="Token" StartNode="769" EndNode="777">
<Feature>
  <Name className="java.lang.String">string</Name>
  <Value className="java.lang.String">Cipriani</Value>
</Feature>
</Annotation>
<Annotation Id="293" Type="Token" StartNode="711" EndNode="720">
<Feature>
  <Name className="java.lang.String">string</Name>
  <Value className="java.lang.String">sportsman</Value>
</Feature>
</Annotation>
<Annotation Id="295" Type="Token" StartNode="721" EndNode="730">
<Feature>
  <Name className="java.lang.String">string</Name>
  <Value className="java.lang.String">something</Value>
</Feature>
</Annotation>
<Annotation Id="303" Type="Token" StartNode="746" EndNode="753">
<Feature>
  <Name className="java.lang.String">string</Name>
  <Value className="java.lang.String">pushing</Value>
</Feature>
</Annotation>
<Annotation Id="323" Type="Token" StartNode="785" EndNode="793">
<Feature>
  <Name className="java.lang.String">string</Name>
  <Value className="java.lang.String">cipriani</Value>
</Feature>
</Annotation>
</AnnotationSet>
<AnnotationSet Name="Original markups"> </AnnotationSet>
</GateDocument>