<?xml version='1.0' encoding='UTF-8'?>
<GateDocument version="3">
<!-- The document's features-->

<GateDocumentFeatures>
<Feature>
  <Name className="java.lang.String">Original_document_content_on_load</Name>
  <Value className="java.lang.String">From: nelson_p@apollo.hp.com (Peter Nelson)
Sender: usenet@apollo.hp.com (Usenet News)
Message-ID: &lt;C5u51G.43@apollo.hp.com>
Date: Wed, 21 Apr 1993 13:20:03 GMT
References: &lt;C5sBJ5.3Kp@apollo.hp.com> &lt;1993Apr20.224730.2098@hpcvaac.cv.hp.com>
Nntp-Posting-Host: c.ch.apollo.hp.com
Organization: Hewlett-Packard Corporation, Chelmsford, MA
Lines: 24

In article &lt;1993Apr20.224730.2098@hpcvaac.cv.hp.com> billn@hpcvaac.cv.hp.com (bill nelson) writes:

>:   My comments were directed against those who see these sorts
>:   of incidents as proof that rights as we know them are about to 
>:   vanish.
>
>Many rights have disappeared. For example, the right to destroy your
>own body in any way you desire (as long as you do not injure others
>or their property in the process) is just about gone.

  And what's your evidence that you had more such rights in 1932?

  In those days people were ROUTINELY sent off to the county home
  for the feeble-minded/confused if they showed the slightest weirdness.
  Remember all the jokes people used to make about "the guys in the
  white coats and the big butterfly net" coming to "take you away"?

  That sort of thing used to really happen.  Nowadays you can be a
  total loon and end up living, and dying, on the street.   


---peter


</Value>
</Feature>
<Feature>
  <Name className="java.lang.String">gate.SourceURL</Name>
  <Value className="java.lang.String">file:/C:/Users/jian/Documents/NetBeansProjects/NoiseReductionTechniques/mideastPoliticsMix/negative361</Value>
</Feature>
</GateDocumentFeatures>
<!-- The document content area with serialized nodes -->

<TextWithNodes><Node id="0"/>From<Node id="4"/>:<Node id="5"/> <Node id="6"/>nelson<Node id="12"/>_<Node id="13"/>p<Node id="14"/>@<Node id="15"/>apollo<Node id="21"/>.<Node id="22"/>hp<Node id="24"/>.<Node id="25"/>com<Node id="28"/> <Node id="29"/>(<Node id="30"/>Peter<Node id="35"/> <Node id="36"/>Nelson<Node id="42"/>)<Node id="43"/>
<Node id="44"/>Sender<Node id="50"/>:<Node id="51"/> <Node id="52"/>usenet<Node id="58"/>@<Node id="59"/>apollo<Node id="65"/>.<Node id="66"/>hp<Node id="68"/>.<Node id="69"/>com<Node id="72"/> <Node id="73"/>(<Node id="74"/>Usenet<Node id="80"/> <Node id="81"/>News<Node id="85"/>)<Node id="86"/>
<Node id="87"/>Message-<Node id="95"/>ID<Node id="97"/>:<Node id="98"/> <Node id="99"/>&lt;<Node id="100"/>C<Node id="101"/>5<Node id="102"/>u<Node id="103"/>51<Node id="105"/>G<Node id="106"/>.<Node id="107"/>43<Node id="109"/>@<Node id="110"/>apollo<Node id="116"/>.<Node id="117"/>hp<Node id="119"/>.<Node id="120"/>com<Node id="123"/>&gt;<Node id="124"/>
<Node id="125"/>Date<Node id="129"/>:<Node id="130"/> <Node id="131"/>Wed<Node id="134"/>,<Node id="135"/> <Node id="136"/>21<Node id="138"/> <Node id="139"/>Apr<Node id="142"/> <Node id="143"/>1993<Node id="147"/> <Node id="148"/>13<Node id="150"/>:<Node id="151"/>20<Node id="153"/>:<Node id="154"/>03<Node id="156"/> <Node id="157"/>GMT<Node id="160"/>
<Node id="161"/>References<Node id="171"/>:<Node id="172"/> <Node id="173"/>&lt;<Node id="174"/>C<Node id="175"/>5<Node id="176"/>sBJ<Node id="179"/>5<Node id="180"/>.<Node id="181"/>3<Node id="182"/>Kp<Node id="184"/>@<Node id="185"/>apollo<Node id="191"/>.<Node id="192"/>hp<Node id="194"/>.<Node id="195"/>com<Node id="198"/>&gt;<Node id="199"/> <Node id="200"/>&lt;<Node id="201"/>1993<Node id="205"/>Apr<Node id="208"/>20<Node id="210"/>.<Node id="211"/>224730<Node id="217"/>.<Node id="218"/>2098<Node id="222"/>@<Node id="223"/>hpcvaac<Node id="230"/>.<Node id="231"/>cv<Node id="233"/>.<Node id="234"/>hp<Node id="236"/>.<Node id="237"/>com<Node id="240"/>&gt;<Node id="241"/>
<Node id="242"/>Nntp-<Node id="247"/>Posting-<Node id="255"/>Host<Node id="259"/>:<Node id="260"/> <Node id="261"/>c<Node id="262"/>.<Node id="263"/>ch<Node id="265"/>.<Node id="266"/>apollo<Node id="272"/>.<Node id="273"/>hp<Node id="275"/>.<Node id="276"/>com<Node id="279"/>
<Node id="280"/>Organization<Node id="292"/>:<Node id="293"/> <Node id="294"/>Hewlett-<Node id="302"/>Packard<Node id="309"/> <Node id="310"/>Corporation<Node id="321"/>,<Node id="322"/> <Node id="323"/>Chelmsford<Node id="333"/>,<Node id="334"/> <Node id="335"/>MA<Node id="337"/>
<Node id="338"/>Lines<Node id="343"/>:<Node id="344"/> <Node id="345"/>24<Node id="347"/>
<Node id="348"/>
<Node id="349"/>In<Node id="351"/> <Node id="352"/>article<Node id="359"/> <Node id="360"/>&lt;<Node id="361"/>1993<Node id="365"/>Apr<Node id="368"/>20<Node id="370"/>.<Node id="371"/>224730<Node id="377"/>.<Node id="378"/>2098<Node id="382"/>@<Node id="383"/>hpcvaac<Node id="390"/>.<Node id="391"/>cv<Node id="393"/>.<Node id="394"/>hp<Node id="396"/>.<Node id="397"/>com<Node id="400"/>&gt;<Node id="401"/> <Node id="402"/>billn<Node id="407"/>@<Node id="408"/>hpcvaac<Node id="415"/>.<Node id="416"/>cv<Node id="418"/>.<Node id="419"/>hp<Node id="421"/>.<Node id="422"/>com<Node id="425"/> <Node id="426"/>(<Node id="427"/>bill<Node id="431"/> <Node id="432"/>nelson<Node id="438"/>)<Node id="439"/> <Node id="440"/>writes<Node id="446"/>:<Node id="447"/>
<Node id="448"/>
<Node id="449"/>&gt;<Node id="450"/>:<Node id="451"/> <Node id="452"/> <Node id="453"/> <Node id="454"/>My<Node id="456"/> <Node id="457"/>comments<Node id="465"/> <Node id="466"/>were<Node id="470"/> <Node id="471"/>directed<Node id="479"/> <Node id="480"/>against<Node id="487"/> <Node id="488"/>those<Node id="493"/> <Node id="494"/>who<Node id="497"/> <Node id="498"/>see<Node id="501"/> <Node id="502"/>these<Node id="507"/> <Node id="508"/>sorts<Node id="513"/>
<Node id="514"/>&gt;<Node id="515"/>:<Node id="516"/> <Node id="517"/> <Node id="518"/> <Node id="519"/>of<Node id="521"/> <Node id="522"/>incidents<Node id="531"/> <Node id="532"/>as<Node id="534"/> <Node id="535"/>proof<Node id="540"/> <Node id="541"/>that<Node id="545"/> <Node id="546"/>rights<Node id="552"/> <Node id="553"/>as<Node id="555"/> <Node id="556"/>we<Node id="558"/> <Node id="559"/>know<Node id="563"/> <Node id="564"/>them<Node id="568"/> <Node id="569"/>are<Node id="572"/> <Node id="573"/>about<Node id="578"/> <Node id="579"/>to<Node id="581"/> <Node id="582"/>
<Node id="583"/>&gt;<Node id="584"/>:<Node id="585"/> <Node id="586"/> <Node id="587"/> <Node id="588"/>vanish<Node id="594"/>.<Node id="595"/>
<Node id="596"/>&gt;<Node id="597"/>
<Node id="598"/>&gt;<Node id="599"/>Many<Node id="603"/> <Node id="604"/>rights<Node id="610"/> <Node id="611"/>have<Node id="615"/> <Node id="616"/>disappeared<Node id="627"/>.<Node id="628"/> <Node id="629"/>For<Node id="632"/> <Node id="633"/>example<Node id="640"/>,<Node id="641"/> <Node id="642"/>the<Node id="645"/> <Node id="646"/>right<Node id="651"/> <Node id="652"/>to<Node id="654"/> <Node id="655"/>destroy<Node id="662"/> <Node id="663"/>your<Node id="667"/>
<Node id="668"/>&gt;<Node id="669"/>own<Node id="672"/> <Node id="673"/>body<Node id="677"/> <Node id="678"/>in<Node id="680"/> <Node id="681"/>any<Node id="684"/> <Node id="685"/>way<Node id="688"/> <Node id="689"/>you<Node id="692"/> <Node id="693"/>desire<Node id="699"/> <Node id="700"/>(<Node id="701"/>as<Node id="703"/> <Node id="704"/>long<Node id="708"/> <Node id="709"/>as<Node id="711"/> <Node id="712"/>you<Node id="715"/> <Node id="716"/>do<Node id="718"/> <Node id="719"/>not<Node id="722"/> <Node id="723"/>injure<Node id="729"/> <Node id="730"/>others<Node id="736"/>
<Node id="737"/>&gt;<Node id="738"/>or<Node id="740"/> <Node id="741"/>their<Node id="746"/> <Node id="747"/>property<Node id="755"/> <Node id="756"/>in<Node id="758"/> <Node id="759"/>the<Node id="762"/> <Node id="763"/>process<Node id="770"/>)<Node id="771"/> <Node id="772"/>is<Node id="774"/> <Node id="775"/>just<Node id="779"/> <Node id="780"/>about<Node id="785"/> <Node id="786"/>gone<Node id="790"/>.<Node id="791"/>
<Node id="792"/>
<Node id="793"/> <Node id="794"/> <Node id="795"/>And<Node id="798"/> <Node id="799"/>what<Node id="803"/>'s<Node id="805"/> <Node id="806"/>your<Node id="810"/> <Node id="811"/>evidence<Node id="819"/> <Node id="820"/>that<Node id="824"/> <Node id="825"/>you<Node id="828"/> <Node id="829"/>had<Node id="832"/> <Node id="833"/>more<Node id="837"/> <Node id="838"/>such<Node id="842"/> <Node id="843"/>rights<Node id="849"/> <Node id="850"/>in<Node id="852"/> <Node id="853"/>1932<Node id="857"/>?<Node id="858"/>
<Node id="859"/>
<Node id="860"/> <Node id="861"/> <Node id="862"/>In<Node id="864"/> <Node id="865"/>those<Node id="870"/> <Node id="871"/>days<Node id="875"/> <Node id="876"/>people<Node id="882"/> <Node id="883"/>were<Node id="887"/> <Node id="888"/>ROUTINELY<Node id="897"/> <Node id="898"/>sent<Node id="902"/> <Node id="903"/>off<Node id="906"/> <Node id="907"/>to<Node id="909"/> <Node id="910"/>the<Node id="913"/> <Node id="914"/>county<Node id="920"/> <Node id="921"/>home<Node id="925"/>
<Node id="926"/> <Node id="927"/> <Node id="928"/>for<Node id="931"/> <Node id="932"/>the<Node id="935"/> <Node id="936"/>feeble-minded<Node id="949"/>/<Node id="950"/>confused<Node id="958"/> <Node id="959"/>if<Node id="961"/> <Node id="962"/>they<Node id="966"/> <Node id="967"/>showed<Node id="973"/> <Node id="974"/>the<Node id="977"/> <Node id="978"/>slightest<Node id="987"/> <Node id="988"/>weirdness<Node id="997"/>.<Node id="998"/>
<Node id="999"/> <Node id="1000"/> <Node id="1001"/>Remember<Node id="1009"/> <Node id="1010"/>all<Node id="1013"/> <Node id="1014"/>the<Node id="1017"/> <Node id="1018"/>jokes<Node id="1023"/> <Node id="1024"/>people<Node id="1030"/> <Node id="1031"/>used<Node id="1035"/> <Node id="1036"/>to<Node id="1038"/> <Node id="1039"/>make<Node id="1043"/> <Node id="1044"/>about<Node id="1049"/> <Node id="1050"/>"<Node id="1051"/>the<Node id="1054"/> <Node id="1055"/>guys<Node id="1059"/> <Node id="1060"/>in<Node id="1062"/> <Node id="1063"/>the<Node id="1066"/>
<Node id="1067"/> <Node id="1068"/> <Node id="1069"/>white<Node id="1074"/> <Node id="1075"/>coats<Node id="1080"/> <Node id="1081"/>and<Node id="1084"/> <Node id="1085"/>the<Node id="1088"/> <Node id="1089"/>big<Node id="1092"/> <Node id="1093"/>butterfly<Node id="1102"/> <Node id="1103"/>net<Node id="1106"/>"<Node id="1107"/> <Node id="1108"/>coming<Node id="1114"/> <Node id="1115"/>to<Node id="1117"/> <Node id="1118"/>"<Node id="1119"/>take<Node id="1123"/> <Node id="1124"/>you<Node id="1127"/> <Node id="1128"/>away<Node id="1132"/>"<Node id="1133"/>?<Node id="1134"/>
<Node id="1135"/>
<Node id="1136"/> <Node id="1137"/> <Node id="1138"/>That<Node id="1142"/> <Node id="1143"/>sort<Node id="1147"/> <Node id="1148"/>of<Node id="1150"/> <Node id="1151"/>thing<Node id="1156"/> <Node id="1157"/>used<Node id="1161"/> <Node id="1162"/>to<Node id="1164"/> <Node id="1165"/>really<Node id="1171"/> <Node id="1172"/>happen<Node id="1178"/>.<Node id="1179"/> <Node id="1180"/> <Node id="1181"/>Nowadays<Node id="1189"/> <Node id="1190"/>you<Node id="1193"/> <Node id="1194"/>can<Node id="1197"/> <Node id="1198"/>be<Node id="1200"/> <Node id="1201"/>a<Node id="1202"/>
<Node id="1203"/> <Node id="1204"/> <Node id="1205"/>total<Node id="1210"/> <Node id="1211"/>loon<Node id="1215"/> <Node id="1216"/>and<Node id="1219"/> <Node id="1220"/>end<Node id="1223"/> <Node id="1224"/>up<Node id="1226"/> <Node id="1227"/>living<Node id="1233"/>,<Node id="1234"/> <Node id="1235"/>and<Node id="1238"/> <Node id="1239"/>dying<Node id="1244"/>,<Node id="1245"/> <Node id="1246"/>on<Node id="1248"/> <Node id="1249"/>the<Node id="1252"/> <Node id="1253"/>street<Node id="1259"/>.<Node id="1260"/> <Node id="1261"/> <Node id="1262"/> <Node id="1263"/>
<Node id="1264"/>
<Node id="1265"/>
<Node id="1266"/>-<Node id="1267"/>-<Node id="1268"/>-<Node id="1269"/>peter<Node id="1274"/>
<Node id="1275"/>
<Node id="1276"/>
<Node id="1277"/></TextWithNodes>
<!-- The default annotation set -->

<AnnotationSet>
<Annotation EndNode="1277" StartNode="0" Type="Mention" Id="9999999">
<Feature>
<Name classname="java.lang.String">Class</Name>
<Value classname="java.lang.String">0</Value>
</Feature>
</Annotation>

<Annotation Id="3" Type="Token" StartNode="6" EndNode="12">
<Feature>
  <Name className="java.lang.String">string</Name>
  <Value className="java.lang.String">nelson</Value>
</Feature>
</Annotation>
<Annotation Id="7" Type="Token" StartNode="15" EndNode="21">
<Feature>
  <Name className="java.lang.String">string</Name>
  <Value className="java.lang.String">apollo</Value>
</Feature>
</Annotation>
<Annotation Id="16" Type="Token" StartNode="36" EndNode="42">
<Feature>
  <Name className="java.lang.String">string</Name>
  <Value className="java.lang.String">Nelson</Value>
</Feature>
</Annotation>
<Annotation Id="19" Type="Token" StartNode="44" EndNode="50">
<Feature>
  <Name className="java.lang.String">string</Name>
  <Value className="java.lang.String">Sender</Value>
</Feature>
</Annotation>
<Annotation Id="22" Type="Token" StartNode="52" EndNode="58">
<Feature>
  <Name className="java.lang.String">string</Name>
  <Value className="java.lang.String">usenet</Value>
</Feature>
</Annotation>
<Annotation Id="24" Type="Token" StartNode="59" EndNode="65">
<Feature>
  <Name className="java.lang.String">string</Name>
  <Value className="java.lang.String">apollo</Value>
</Feature>
</Annotation>
<Annotation Id="31" Type="Token" StartNode="74" EndNode="80">
<Feature>
  <Name className="java.lang.String">string</Name>
  <Value className="java.lang.String">Usenet</Value>
</Feature>
</Annotation>
<Annotation Id="36" Type="Token" StartNode="87" EndNode="95">
<Feature>
  <Name className="java.lang.String">string</Name>
  <Value className="java.lang.String">Message-</Value>
</Feature>
</Annotation>
<Annotation Id="49" Type="Token" StartNode="110" EndNode="116">
<Feature>
  <Name className="java.lang.String">string</Name>
  <Value className="java.lang.String">apollo</Value>
</Feature>
</Annotation>
<Annotation Id="76" Type="Token" StartNode="161" EndNode="171">
<Feature>
  <Name className="java.lang.String">string</Name>
  <Value className="java.lang.String">References</Value>
</Feature>
</Annotation>
<Annotation Id="88" Type="Token" StartNode="185" EndNode="191">
<Feature>
  <Name className="java.lang.String">string</Name>
  <Value className="java.lang.String">apollo</Value>
</Feature>
</Annotation>
<Annotation Id="100" Type="Token" StartNode="211" EndNode="217">
</Annotation>
<Annotation Id="104" Type="Token" StartNode="223" EndNode="230">
<Feature>
  <Name className="java.lang.String">string</Name>
  <Value className="java.lang.String">hpcvaac</Value>
</Feature>
</Annotation>
<Annotation Id="114" Type="Token" StartNode="247" EndNode="255">
<Feature>
  <Name className="java.lang.String">string</Name>
  <Value className="java.lang.String">Posting-</Value>
</Feature>
</Annotation>
<Annotation Id="122" Type="Token" StartNode="266" EndNode="272">
<Feature>
  <Name className="java.lang.String">string</Name>
  <Value className="java.lang.String">apollo</Value>
</Feature>
</Annotation>
<Annotation Id="137" Type="Token" StartNode="323" EndNode="333">
<Feature>
  <Name className="java.lang.String">string</Name>
  <Value className="java.lang.String">Chelmsford</Value>
</Feature>
</Annotation>
<Annotation Id="128" Type="Token" StartNode="280" EndNode="292">
<Feature>
  <Name className="java.lang.String">string</Name>
  <Value className="java.lang.String">Organization</Value>
</Feature>
</Annotation>
<Annotation Id="131" Type="Token" StartNode="294" EndNode="302">
<Feature>
  <Name className="java.lang.String">string</Name>
  <Value className="java.lang.String">Hewlett-</Value>
</Feature>
</Annotation>
<Annotation Id="132" Type="Token" StartNode="302" EndNode="309">
<Feature>
  <Name className="java.lang.String">string</Name>
  <Value className="java.lang.String">Packard</Value>
</Feature>
</Annotation>
<Annotation Id="134" Type="Token" StartNode="310" EndNode="321">
<Feature>
  <Name className="java.lang.String">string</Name>
  <Value className="java.lang.String">Corporation</Value>
</Feature>
</Annotation>
<Annotation Id="157" Type="Token" StartNode="371" EndNode="377">
</Annotation>
<Annotation Id="150" Type="Token" StartNode="352" EndNode="359">
<Feature>
  <Name className="java.lang.String">string</Name>
  <Value className="java.lang.String">article</Value>
</Feature>
</Annotation>
<Annotation Id="172" Type="Token" StartNode="408" EndNode="415">
<Feature>
  <Name className="java.lang.String">string</Name>
  <Value className="java.lang.String">hpcvaac</Value>
</Feature>
</Annotation>
<Annotation Id="161" Type="Token" StartNode="383" EndNode="390">
<Feature>
  <Name className="java.lang.String">string</Name>
  <Value className="java.lang.String">hpcvaac</Value>
</Feature>
</Annotation>
<Annotation Id="186" Type="Token" StartNode="440" EndNode="446">
<Feature>
  <Name className="java.lang.String">string</Name>
  <Value className="java.lang.String">writes</Value>
</Feature>
</Annotation>
<Annotation Id="183" Type="Token" StartNode="432" EndNode="438">
<Feature>
  <Name className="java.lang.String">string</Name>
  <Value className="java.lang.String">nelson</Value>
</Feature>
</Annotation>
<Annotation Id="201" Type="Token" StartNode="471" EndNode="479">
<Feature>
  <Name className="java.lang.String">string</Name>
  <Value className="java.lang.String">directed</Value>
</Feature>
</Annotation>
<Annotation Id="203" Type="Token" StartNode="480" EndNode="487">
<Feature>
  <Name className="java.lang.String">string</Name>
  <Value className="java.lang.String">against</Value>
</Feature>
</Annotation>
<Annotation Id="197" Type="Token" StartNode="457" EndNode="465">
<Feature>
  <Name className="java.lang.String">string</Name>
  <Value className="java.lang.String">comments</Value>
</Feature>
</Annotation>
<Annotation Id="222" Type="Token" StartNode="522" EndNode="531">
<Feature>
  <Name className="java.lang.String">string</Name>
  <Value className="java.lang.String">incidents</Value>
</Feature>
</Annotation>
<Annotation Id="230" Type="Token" StartNode="546" EndNode="552">
<Feature>
  <Name className="java.lang.String">string</Name>
  <Value className="java.lang.String">rights</Value>
</Feature>
</Annotation>
<Annotation Id="252" Type="Token" StartNode="588" EndNode="594">
<Feature>
  <Name className="java.lang.String">string</Name>
  <Value className="java.lang.String">vanish</Value>
</Feature>
</Annotation>
<Annotation Id="278" Type="Token" StartNode="655" EndNode="662">
<Feature>
  <Name className="java.lang.String">string</Name>
  <Value className="java.lang.String">destroy</Value>
</Feature>
</Annotation>
<Annotation Id="260" Type="Token" StartNode="604" EndNode="610">
<Feature>
  <Name className="java.lang.String">string</Name>
  <Value className="java.lang.String">rights</Value>
</Feature>
</Annotation>
<Annotation Id="264" Type="Token" StartNode="616" EndNode="627">
<Feature>
  <Name className="java.lang.String">string</Name>
  <Value className="java.lang.String">disappeared</Value>
</Feature>
</Annotation>
<Annotation Id="269" Type="Token" StartNode="633" EndNode="640">
<Feature>
  <Name className="java.lang.String">string</Name>
  <Value className="java.lang.String">example</Value>
</Feature>
</Annotation>
<Annotation Id="310" Type="Token" StartNode="723" EndNode="729">
<Feature>
  <Name className="java.lang.String">string</Name>
  <Value className="java.lang.String">injure</Value>
</Feature>
</Annotation>
<Annotation Id="312" Type="Token" StartNode="730" EndNode="736">
<Feature>
  <Name className="java.lang.String">string</Name>
  <Value className="java.lang.String">others</Value>
</Feature>
</Annotation>
<Annotation Id="319" Type="Token" StartNode="747" EndNode="755">
<Feature>
  <Name className="java.lang.String">string</Name>
  <Value className="java.lang.String">property</Value>
</Feature>
</Annotation>
<Annotation Id="295" Type="Token" StartNode="693" EndNode="699">
<Feature>
  <Name className="java.lang.String">string</Name>
  <Value className="java.lang.String">desire</Value>
</Feature>
</Annotation>
<Annotation Id="348" Type="Token" StartNode="811" EndNode="819">
<Feature>
  <Name className="java.lang.String">string</Name>
  <Value className="java.lang.String">evidence</Value>
</Feature>
</Annotation>
<Annotation Id="325" Type="Token" StartNode="763" EndNode="770">
<Feature>
  <Name className="java.lang.String">string</Name>
  <Value className="java.lang.String">process</Value>
</Feature>
</Annotation>
<Annotation Id="380" Type="Token" StartNode="888" EndNode="897">
<Feature>
  <Name className="java.lang.String">string</Name>
  <Value className="java.lang.String">ROUTINELY</Value>
</Feature>
</Annotation>
<Annotation Id="376" Type="Token" StartNode="876" EndNode="882">
<Feature>
  <Name className="java.lang.String">string</Name>
  <Value className="java.lang.String">people</Value>
</Feature>
</Annotation>
<Annotation Id="360" Type="Token" StartNode="843" EndNode="849">
<Feature>
  <Name className="java.lang.String">string</Name>
  <Value className="java.lang.String">rights</Value>
</Feature>
</Annotation>
<Annotation Id="408" Type="Token" StartNode="967" EndNode="973">
<Feature>
  <Name className="java.lang.String">string</Name>
  <Value className="java.lang.String">showed</Value>
</Feature>
</Annotation>
<Annotation Id="414" Type="Token" StartNode="988" EndNode="997">
<Feature>
  <Name className="java.lang.String">string</Name>
  <Value className="java.lang.String">weirdness</Value>
</Feature>
</Annotation>
<Annotation Id="412" Type="Token" StartNode="978" EndNode="987">
<Feature>
  <Name className="java.lang.String">string</Name>
  <Value className="java.lang.String">slightest</Value>
</Feature>
</Annotation>
<Annotation Id="402" Type="Token" StartNode="950" EndNode="958">
<Feature>
  <Name className="java.lang.String">string</Name>
  <Value className="java.lang.String">confused</Value>
</Feature>
</Annotation>
<Annotation Id="400" Type="Token" StartNode="936" EndNode="949">
<Feature>
  <Name className="java.lang.String">string</Name>
  <Value className="java.lang.String">feeble-minded</Value>
</Feature>
</Annotation>
<Annotation Id="390" Type="Token" StartNode="914" EndNode="920">
<Feature>
  <Name className="java.lang.String">string</Name>
  <Value className="java.lang.String">county</Value>
</Feature>
</Annotation>
<Annotation Id="427" Type="Token" StartNode="1024" EndNode="1030">
<Feature>
  <Name className="java.lang.String">string</Name>
  <Value className="java.lang.String">people</Value>
</Feature>
</Annotation>
<Annotation Id="419" Type="Token" StartNode="1001" EndNode="1009">
<Feature>
  <Name className="java.lang.String">string</Name>
  <Value className="java.lang.String">Remember</Value>
</Feature>
</Annotation>
<Annotation Id="463" Type="Token" StartNode="1108" EndNode="1114">
<Feature>
  <Name className="java.lang.String">string</Name>
  <Value className="java.lang.String">coming</Value>
</Feature>
</Annotation>
<Annotation Id="458" Type="Token" StartNode="1093" EndNode="1102">
<Feature>
  <Name className="java.lang.String">string</Name>
  <Value className="java.lang.String">butterfly</Value>
</Feature>
</Annotation>
<Annotation Id="497" Type="Token" StartNode="1181" EndNode="1189">
<Feature>
  <Name className="java.lang.String">string</Name>
  <Value className="java.lang.String">Nowadays</Value>
</Feature>
</Annotation>
<Annotation Id="493" Type="Token" StartNode="1172" EndNode="1178">
<Feature>
  <Name className="java.lang.String">string</Name>
  <Value className="java.lang.String">happen</Value>
</Feature>
</Annotation>
<Annotation Id="491" Type="Token" StartNode="1165" EndNode="1171">
<Feature>
  <Name className="java.lang.String">string</Name>
  <Value className="java.lang.String">really</Value>
</Feature>
</Annotation>
<Annotation Id="519" Type="Token" StartNode="1227" EndNode="1233">
<Feature>
  <Name className="java.lang.String">string</Name>
  <Value className="java.lang.String">living</Value>
</Feature>
</Annotation>
<Annotation Id="531" Type="Token" StartNode="1253" EndNode="1259">
<Feature>
  <Name className="java.lang.String">string</Name>
  <Value className="java.lang.String">street</Value>
</Feature>
</Annotation>
</AnnotationSet>
<AnnotationSet Name="Original markups"> </AnnotationSet>
</GateDocument>