<?xml version='1.0' encoding='UTF-8'?>
<GateDocument version="3">
<!-- The document's features-->

<GateDocumentFeatures>
<Feature>
  <Name className="java.lang.String">Original_document_content_on_load</Name>
  <Value className="java.lang.String">From: diederic@spot.Colorado.EDU (Andrew Diederich)
Message-ID: &lt;1993Apr21.050536.508@ucsu.Colorado.EDU>
Sender: news@ucsu.Colorado.EDU (USENET News System)
Nntp-Posting-Host: spot.colorado.edu
Organization: University of Colorado, Boulder
Distribution: usa
Date: Wed, 21 Apr 1993 05:05:36 GMT
Lines: 13

  Haven't seen this one on here yet, so here it goes:

B. arely
A. dequate,
T. otally
F. ***ed!

  I don't know about adequate, but it fits the acronym.  =)

-- 
Andrew Diederich                    diederic@spot.colorado.edu

These opinions are only mine on alternate Tuesdays.
</Value>
</Feature>
<Feature>
  <Name className="java.lang.String">gate.SourceURL</Name>
  <Value className="java.lang.String">file:/C:/Users/jian/Documents/NetBeansProjects/NoiseReductionTechniques/mideastPoliticsMix/negative224</Value>
</Feature>
</GateDocumentFeatures>
<!-- The document content area with serialized nodes -->

<TextWithNodes><Node id="0"/>From<Node id="4"/>:<Node id="5"/> <Node id="6"/>diederic<Node id="14"/>@<Node id="15"/>spot<Node id="19"/>.<Node id="20"/>Colorado<Node id="28"/>.<Node id="29"/>EDU<Node id="32"/> <Node id="33"/>(<Node id="34"/>Andrew<Node id="40"/> <Node id="41"/>Diederich<Node id="50"/>)<Node id="51"/>
<Node id="52"/>Message-<Node id="60"/>ID<Node id="62"/>:<Node id="63"/> <Node id="64"/>&lt;<Node id="65"/>1993<Node id="69"/>Apr<Node id="72"/>21<Node id="74"/>.<Node id="75"/>050536<Node id="81"/>.<Node id="82"/>508<Node id="85"/>@<Node id="86"/>ucsu<Node id="90"/>.<Node id="91"/>Colorado<Node id="99"/>.<Node id="100"/>EDU<Node id="103"/>&gt;<Node id="104"/>
<Node id="105"/>Sender<Node id="111"/>:<Node id="112"/> <Node id="113"/>news<Node id="117"/>@<Node id="118"/>ucsu<Node id="122"/>.<Node id="123"/>Colorado<Node id="131"/>.<Node id="132"/>EDU<Node id="135"/> <Node id="136"/>(<Node id="137"/>USENET<Node id="143"/> <Node id="144"/>News<Node id="148"/> <Node id="149"/>System<Node id="155"/>)<Node id="156"/>
<Node id="157"/>Nntp-<Node id="162"/>Posting-<Node id="170"/>Host<Node id="174"/>:<Node id="175"/> <Node id="176"/>spot<Node id="180"/>.<Node id="181"/>colorado<Node id="189"/>.<Node id="190"/>edu<Node id="193"/>
<Node id="194"/>Organization<Node id="206"/>:<Node id="207"/> <Node id="208"/>University<Node id="218"/> <Node id="219"/>of<Node id="221"/> <Node id="222"/>Colorado<Node id="230"/>,<Node id="231"/> <Node id="232"/>Boulder<Node id="239"/>
<Node id="240"/>Distribution<Node id="252"/>:<Node id="253"/> <Node id="254"/>usa<Node id="257"/>
<Node id="258"/>Date<Node id="262"/>:<Node id="263"/> <Node id="264"/>Wed<Node id="267"/>,<Node id="268"/> <Node id="269"/>21<Node id="271"/> <Node id="272"/>Apr<Node id="275"/> <Node id="276"/>1993<Node id="280"/> <Node id="281"/>05<Node id="283"/>:<Node id="284"/>05<Node id="286"/>:<Node id="287"/>36<Node id="289"/> <Node id="290"/>GMT<Node id="293"/>
<Node id="294"/>Lines<Node id="299"/>:<Node id="300"/> <Node id="301"/>13<Node id="303"/>
<Node id="304"/>
<Node id="305"/> <Node id="306"/> <Node id="307"/>Have<Node id="311"/>n't<Node id="314"/> <Node id="315"/>seen<Node id="319"/> <Node id="320"/>this<Node id="324"/> <Node id="325"/>one<Node id="328"/> <Node id="329"/>on<Node id="331"/> <Node id="332"/>here<Node id="336"/> <Node id="337"/>yet<Node id="340"/>,<Node id="341"/> <Node id="342"/>so<Node id="344"/> <Node id="345"/>here<Node id="349"/> <Node id="350"/>it<Node id="352"/> <Node id="353"/>goes<Node id="357"/>:<Node id="358"/>
<Node id="359"/>
<Node id="360"/>B<Node id="361"/>.<Node id="362"/> <Node id="363"/>arely<Node id="368"/>
<Node id="369"/>A<Node id="370"/>.<Node id="371"/> <Node id="372"/>dequate<Node id="379"/>,<Node id="380"/>
<Node id="381"/>T<Node id="382"/>.<Node id="383"/> <Node id="384"/>otally<Node id="390"/>
<Node id="391"/>F<Node id="392"/>.<Node id="393"/> <Node id="394"/>*<Node id="395"/>*<Node id="396"/>*<Node id="397"/>ed<Node id="399"/>!<Node id="400"/>
<Node id="401"/>
<Node id="402"/> <Node id="403"/> <Node id="404"/>I<Node id="405"/> <Node id="406"/>do<Node id="408"/>n't<Node id="411"/> <Node id="412"/>know<Node id="416"/> <Node id="417"/>about<Node id="422"/> <Node id="423"/>adequate<Node id="431"/>,<Node id="432"/> <Node id="433"/>but<Node id="436"/> <Node id="437"/>it<Node id="439"/> <Node id="440"/>fits<Node id="444"/> <Node id="445"/>the<Node id="448"/> <Node id="449"/>acronym<Node id="456"/>.<Node id="457"/> <Node id="458"/> <Node id="459"/>=<Node id="460"/>)<Node id="461"/>
<Node id="462"/>
<Node id="463"/>-<Node id="464"/>-<Node id="465"/> <Node id="466"/>
<Node id="467"/>Andrew<Node id="473"/> <Node id="474"/>Diederich<Node id="483"/> <Node id="484"/> <Node id="485"/> <Node id="486"/> <Node id="487"/> <Node id="488"/> <Node id="489"/> <Node id="490"/> <Node id="491"/> <Node id="492"/> <Node id="493"/> <Node id="494"/> <Node id="495"/> <Node id="496"/> <Node id="497"/> <Node id="498"/> <Node id="499"/> <Node id="500"/> <Node id="501"/> <Node id="502"/> <Node id="503"/>diederic<Node id="511"/>@<Node id="512"/>spot<Node id="516"/>.<Node id="517"/>colorado<Node id="525"/>.<Node id="526"/>edu<Node id="529"/>
<Node id="530"/>
<Node id="531"/>These<Node id="536"/> <Node id="537"/>opinions<Node id="545"/> <Node id="546"/>are<Node id="549"/> <Node id="550"/>only<Node id="554"/> <Node id="555"/>mine<Node id="559"/> <Node id="560"/>on<Node id="562"/> <Node id="563"/>alternate<Node id="572"/> <Node id="573"/>Tuesdays<Node id="581"/>.<Node id="582"/>
<Node id="583"/></TextWithNodes>
<!-- The default annotation set -->

<AnnotationSet>
<Annotation EndNode="583" StartNode="0" Type="Mention" Id="9999999">
<Feature>
<Name classname="java.lang.String">Class</Name>
<Value classname="java.lang.String">0</Value>
</Feature>
</Annotation>

<Annotation Id="3" Type="Token" StartNode="6" EndNode="14">
<Feature>
  <Name className="java.lang.String">string</Name>
  <Value className="java.lang.String">diederic</Value>
</Feature>
</Annotation>
<Annotation Id="7" Type="Token" StartNode="20" EndNode="28">
<Feature>
  <Name className="java.lang.String">string</Name>
  <Value className="java.lang.String">Colorado</Value>
</Feature>
</Annotation>
<Annotation Id="12" Type="Token" StartNode="34" EndNode="40">
<Feature>
  <Name className="java.lang.String">string</Name>
  <Value className="java.lang.String">Andrew</Value>
</Feature>
</Annotation>
<Annotation Id="14" Type="Token" StartNode="41" EndNode="50">
<Feature>
  <Name className="java.lang.String">string</Name>
  <Value className="java.lang.String">Diederich</Value>
</Feature>
</Annotation>
<Annotation Id="17" Type="Token" StartNode="52" EndNode="60">
<Feature>
  <Name className="java.lang.String">string</Name>
  <Value className="java.lang.String">Message-</Value>
</Feature>
</Annotation>
<Annotation Id="26" Type="Token" StartNode="75" EndNode="81">
</Annotation>
<Annotation Id="32" Type="Token" StartNode="91" EndNode="99">
<Feature>
  <Name className="java.lang.String">string</Name>
  <Value className="java.lang.String">Colorado</Value>
</Feature>
</Annotation>
<Annotation Id="37" Type="Token" StartNode="105" EndNode="111">
<Feature>
  <Name className="java.lang.String">string</Name>
  <Value className="java.lang.String">Sender</Value>
</Feature>
</Annotation>
<Annotation Id="44" Type="Token" StartNode="123" EndNode="131">
<Feature>
  <Name className="java.lang.String">string</Name>
  <Value className="java.lang.String">Colorado</Value>
</Feature>
</Annotation>
<Annotation Id="49" Type="Token" StartNode="137" EndNode="143">
<Feature>
  <Name className="java.lang.String">string</Name>
  <Value className="java.lang.String">USENET</Value>
</Feature>
</Annotation>
<Annotation Id="53" Type="Token" StartNode="149" EndNode="155">
<Feature>
  <Name className="java.lang.String">string</Name>
  <Value className="java.lang.String">System</Value>
</Feature>
</Annotation>
<Annotation Id="57" Type="Token" StartNode="162" EndNode="170">
<Feature>
  <Name className="java.lang.String">string</Name>
  <Value className="java.lang.String">Posting-</Value>
</Feature>
</Annotation>
<Annotation Id="63" Type="Token" StartNode="181" EndNode="189">
<Feature>
  <Name className="java.lang.String">string</Name>
  <Value className="java.lang.String">colorado</Value>
</Feature>
</Annotation>
<Annotation Id="70" Type="Token" StartNode="208" EndNode="218">
<Feature>
  <Name className="java.lang.String">string</Name>
  <Value className="java.lang.String">University</Value>
</Feature>
</Annotation>
<Annotation Id="67" Type="Token" StartNode="194" EndNode="206">
<Feature>
  <Name className="java.lang.String">string</Name>
  <Value className="java.lang.String">Organization</Value>
</Feature>
</Annotation>
<Annotation Id="77" Type="Token" StartNode="232" EndNode="239">
<Feature>
  <Name className="java.lang.String">string</Name>
  <Value className="java.lang.String">Boulder</Value>
</Feature>
</Annotation>
<Annotation Id="79" Type="Token" StartNode="240" EndNode="252">
<Feature>
  <Name className="java.lang.String">string</Name>
  <Value className="java.lang.String">Distribution</Value>
</Feature>
</Annotation>
<Annotation Id="74" Type="Token" StartNode="222" EndNode="230">
<Feature>
  <Name className="java.lang.String">string</Name>
  <Value className="java.lang.String">Colorado</Value>
</Feature>
</Annotation>
<Annotation Id="153" Type="Token" StartNode="384" EndNode="390">
<Feature>
  <Name className="java.lang.String">string</Name>
  <Value className="java.lang.String">otally</Value>
</Feature>
</Annotation>
<Annotation Id="147" Type="Token" StartNode="372" EndNode="379">
<Feature>
  <Name className="java.lang.String">string</Name>
  <Value className="java.lang.String">dequate</Value>
</Feature>
</Annotation>
<Annotation Id="188" Type="Token" StartNode="449" EndNode="456">
<Feature>
  <Name className="java.lang.String">string</Name>
  <Value className="java.lang.String">acronym</Value>
</Feature>
</Annotation>
<Annotation Id="177" Type="Token" StartNode="423" EndNode="431">
<Feature>
  <Name className="java.lang.String">string</Name>
  <Value className="java.lang.String">adequate</Value>
</Feature>
</Annotation>
<Annotation Id="200" Type="Token" StartNode="467" EndNode="473">
<Feature>
  <Name className="java.lang.String">string</Name>
  <Value className="java.lang.String">Andrew</Value>
</Feature>
</Annotation>
<Annotation Id="202" Type="Token" StartNode="474" EndNode="483">
<Feature>
  <Name className="java.lang.String">string</Name>
  <Value className="java.lang.String">Diederich</Value>
</Feature>
</Annotation>
<Annotation Id="223" Type="Token" StartNode="503" EndNode="511">
<Feature>
  <Name className="java.lang.String">string</Name>
  <Value className="java.lang.String">diederic</Value>
</Feature>
</Annotation>
<Annotation Id="234" Type="Token" StartNode="537" EndNode="545">
<Feature>
  <Name className="java.lang.String">string</Name>
  <Value className="java.lang.String">opinions</Value>
</Feature>
</Annotation>
<Annotation Id="227" Type="Token" StartNode="517" EndNode="525">
<Feature>
  <Name className="java.lang.String">string</Name>
  <Value className="java.lang.String">colorado</Value>
</Feature>
</Annotation>
<Annotation Id="246" Type="Token" StartNode="573" EndNode="581">
<Feature>
  <Name className="java.lang.String">string</Name>
  <Value className="java.lang.String">Tuesdays</Value>
</Feature>
</Annotation>
<Annotation Id="244" Type="Token" StartNode="563" EndNode="572">
<Feature>
  <Name className="java.lang.String">string</Name>
  <Value className="java.lang.String">alternate</Value>
</Feature>
</Annotation>
</AnnotationSet>
<AnnotationSet Name="Original markups"> </AnnotationSet>
</GateDocument>