<?xml version='1.0' encoding='UTF-8'?>
<GateDocument version="3">
<!-- The document's features-->

<GateDocumentFeatures>
<Feature>
  <Name className="java.lang.String">Original_document_content_on_load</Name>
  <Value className="java.lang.String">From: gsh7w@fermi.clas.Virginia.EDU (Greg Hennessy)
Message-ID: &lt;C5sFxu.Bv@murdoch.acc.Virginia.EDU>
Sender: usenet@murdoch.acc.Virginia.EDU
Organization: University of Virginia
References: &lt;1993Apr17.022222.28105@news.cs.brandeis.edu> &lt;C5nAvn.F3p@murdoch.acc.Virginia.EDU> &lt;15440@optilink.COM>
Date: Tue, 20 Apr 1993 15:20:17 GMT
Lines: 17

#> Ah, ending discrimination is now fascism. 

Clayton Cramer writes:
#When you force people to associate with others against their will,
#yes.

Earth to Clayton, the topic under discussion was the US military, an
all volunteer force.

I realize you can't stop your knee jerking, but at least use half a
clue. 

--
-Greg Hennessy, University of Virginia
 USPS Mail:     Astronomy Department, Charlottesville, VA 22903-2475 USA
 Internet:      gsh7w@virginia.edu  
 UUCP:		...!uunet!virginia!gsh7w
</Value>
</Feature>
<Feature>
  <Name className="java.lang.String">gate.SourceURL</Name>
  <Value className="java.lang.String">file:/C:/Users/jian/Documents/NetBeansProjects/NoiseReductionTechniques/mideastPoliticsMix/negative126</Value>
</Feature>
</GateDocumentFeatures>
<!-- The document content area with serialized nodes -->

<TextWithNodes><Node id="0"/>From<Node id="4"/>:<Node id="5"/> <Node id="6"/>gsh<Node id="9"/>7<Node id="10"/>w<Node id="11"/>@<Node id="12"/>fermi<Node id="17"/>.<Node id="18"/>clas<Node id="22"/>.<Node id="23"/>Virginia<Node id="31"/>.<Node id="32"/>EDU<Node id="35"/> <Node id="36"/>(<Node id="37"/>Greg<Node id="41"/> <Node id="42"/>Hennessy<Node id="50"/>)<Node id="51"/>
<Node id="52"/>Message-<Node id="60"/>ID<Node id="62"/>:<Node id="63"/> <Node id="64"/>&lt;<Node id="65"/>C<Node id="66"/>5<Node id="67"/>sFxu<Node id="71"/>.<Node id="72"/>Bv<Node id="74"/>@<Node id="75"/>murdoch<Node id="82"/>.<Node id="83"/>acc<Node id="86"/>.<Node id="87"/>Virginia<Node id="95"/>.<Node id="96"/>EDU<Node id="99"/>&gt;<Node id="100"/>
<Node id="101"/>Sender<Node id="107"/>:<Node id="108"/> <Node id="109"/>usenet<Node id="115"/>@<Node id="116"/>murdoch<Node id="123"/>.<Node id="124"/>acc<Node id="127"/>.<Node id="128"/>Virginia<Node id="136"/>.<Node id="137"/>EDU<Node id="140"/>
<Node id="141"/>Organization<Node id="153"/>:<Node id="154"/> <Node id="155"/>University<Node id="165"/> <Node id="166"/>of<Node id="168"/> <Node id="169"/>Virginia<Node id="177"/>
<Node id="178"/>References<Node id="188"/>:<Node id="189"/> <Node id="190"/>&lt;<Node id="191"/>1993<Node id="195"/>Apr<Node id="198"/>17<Node id="200"/>.<Node id="201"/>022222<Node id="207"/>.<Node id="208"/>28105<Node id="213"/>@<Node id="214"/>news<Node id="218"/>.<Node id="219"/>cs<Node id="221"/>.<Node id="222"/>brandeis<Node id="230"/>.<Node id="231"/>edu<Node id="234"/>&gt;<Node id="235"/> <Node id="236"/>&lt;<Node id="237"/>C<Node id="238"/>5<Node id="239"/>nAvn<Node id="243"/>.<Node id="244"/>F<Node id="245"/>3<Node id="246"/>p<Node id="247"/>@<Node id="248"/>murdoch<Node id="255"/>.<Node id="256"/>acc<Node id="259"/>.<Node id="260"/>Virginia<Node id="268"/>.<Node id="269"/>EDU<Node id="272"/>&gt;<Node id="273"/> <Node id="274"/>&lt;<Node id="275"/>15440<Node id="280"/>@<Node id="281"/>optilink<Node id="289"/>.<Node id="290"/>COM<Node id="293"/>&gt;<Node id="294"/>
<Node id="295"/>Date<Node id="299"/>:<Node id="300"/> <Node id="301"/>Tue<Node id="304"/>,<Node id="305"/> <Node id="306"/>20<Node id="308"/> <Node id="309"/>Apr<Node id="312"/> <Node id="313"/>1993<Node id="317"/> <Node id="318"/>15<Node id="320"/>:<Node id="321"/>20<Node id="323"/>:<Node id="324"/>17<Node id="326"/> <Node id="327"/>GMT<Node id="330"/>
<Node id="331"/>Lines<Node id="336"/>:<Node id="337"/> <Node id="338"/>17<Node id="340"/>
<Node id="341"/>
<Node id="342"/>#<Node id="343"/>&gt;<Node id="344"/> <Node id="345"/>Ah<Node id="347"/>,<Node id="348"/> <Node id="349"/>ending<Node id="355"/> <Node id="356"/>discrimination<Node id="370"/> <Node id="371"/>is<Node id="373"/> <Node id="374"/>now<Node id="377"/> <Node id="378"/>fascism<Node id="385"/>.<Node id="386"/> <Node id="387"/>
<Node id="388"/>
<Node id="389"/>Clayton<Node id="396"/> <Node id="397"/>Cramer<Node id="403"/> <Node id="404"/>writes<Node id="410"/>:<Node id="411"/>
<Node id="412"/>#<Node id="413"/>When<Node id="417"/> <Node id="418"/>you<Node id="421"/> <Node id="422"/>force<Node id="427"/> <Node id="428"/>people<Node id="434"/> <Node id="435"/>to<Node id="437"/> <Node id="438"/>associate<Node id="447"/> <Node id="448"/>with<Node id="452"/> <Node id="453"/>others<Node id="459"/> <Node id="460"/>against<Node id="467"/> <Node id="468"/>their<Node id="473"/> <Node id="474"/>will<Node id="478"/>,<Node id="479"/>
<Node id="480"/>#<Node id="481"/>yes<Node id="484"/>.<Node id="485"/>
<Node id="486"/>
<Node id="487"/>Earth<Node id="492"/> <Node id="493"/>to<Node id="495"/> <Node id="496"/>Clayton<Node id="503"/>,<Node id="504"/> <Node id="505"/>the<Node id="508"/> <Node id="509"/>topic<Node id="514"/> <Node id="515"/>under<Node id="520"/> <Node id="521"/>discussion<Node id="531"/> <Node id="532"/>was<Node id="535"/> <Node id="536"/>the<Node id="539"/> <Node id="540"/>US<Node id="542"/> <Node id="543"/>military<Node id="551"/>,<Node id="552"/> <Node id="553"/>an<Node id="555"/>
<Node id="556"/>all<Node id="559"/> <Node id="560"/>volunteer<Node id="569"/> <Node id="570"/>force<Node id="575"/>.<Node id="576"/>
<Node id="577"/>
<Node id="578"/>I<Node id="579"/> <Node id="580"/>realize<Node id="587"/> <Node id="588"/>you<Node id="591"/> <Node id="592"/>ca<Node id="594"/>n't<Node id="597"/> <Node id="598"/>stop<Node id="602"/> <Node id="603"/>your<Node id="607"/> <Node id="608"/>knee<Node id="612"/> <Node id="613"/>jerking<Node id="620"/>,<Node id="621"/> <Node id="622"/>but<Node id="625"/> <Node id="626"/>at<Node id="628"/> <Node id="629"/>least<Node id="634"/> <Node id="635"/>use<Node id="638"/> <Node id="639"/>half<Node id="643"/> <Node id="644"/>a<Node id="645"/>
<Node id="646"/>clue<Node id="650"/>.<Node id="651"/> <Node id="652"/>
<Node id="653"/>
<Node id="654"/>-<Node id="655"/>-<Node id="656"/>
<Node id="657"/>-<Node id="658"/>Greg<Node id="662"/> <Node id="663"/>Hennessy<Node id="671"/>,<Node id="672"/> <Node id="673"/>University<Node id="683"/> <Node id="684"/>of<Node id="686"/> <Node id="687"/>Virginia<Node id="695"/>
<Node id="696"/> <Node id="697"/>USPS<Node id="701"/> <Node id="702"/>Mail<Node id="706"/>:<Node id="707"/> <Node id="708"/> <Node id="709"/> <Node id="710"/> <Node id="711"/> <Node id="712"/>Astronomy<Node id="721"/> <Node id="722"/>Department<Node id="732"/>,<Node id="733"/> <Node id="734"/>Charlottesville<Node id="749"/>,<Node id="750"/> <Node id="751"/>VA<Node id="753"/> <Node id="754"/>22903<Node id="759"/>-<Node id="760"/>2475<Node id="764"/> <Node id="765"/>USA<Node id="768"/>
<Node id="769"/> <Node id="770"/>Internet<Node id="778"/>:<Node id="779"/> <Node id="780"/> <Node id="781"/> <Node id="782"/> <Node id="783"/> <Node id="784"/> <Node id="785"/>gsh<Node id="788"/>7<Node id="789"/>w<Node id="790"/>@<Node id="791"/>virginia<Node id="799"/>.<Node id="800"/>edu<Node id="803"/> <Node id="804"/> <Node id="805"/>
<Node id="806"/> <Node id="807"/>UUCP<Node id="811"/>:<Node id="812"/>	<Node id="813"/>	<Node id="814"/>.<Node id="815"/>.<Node id="816"/>.<Node id="817"/>!<Node id="818"/>uunet<Node id="823"/>!<Node id="824"/>virginia<Node id="832"/>!<Node id="833"/>gsh<Node id="836"/>7<Node id="837"/>w<Node id="838"/>
<Node id="839"/></TextWithNodes>
<!-- The default annotation set -->

<AnnotationSet>
<Annotation EndNode="839" StartNode="0" Type="Mention" Id="9999999">
<Feature>
<Name classname="java.lang.String">Class</Name>
<Value classname="java.lang.String">0</Value>
</Feature>
</Annotation>

<Annotation Id="11" Type="Token" StartNode="23" EndNode="31">
<Feature>
  <Name className="java.lang.String">string</Name>
  <Value className="java.lang.String">Virginia</Value>
</Feature>
</Annotation>
<Annotation Id="18" Type="Token" StartNode="42" EndNode="50">
<Feature>
  <Name className="java.lang.String">string</Name>
  <Value className="java.lang.String">Hennessy</Value>
</Feature>
</Annotation>
<Annotation Id="21" Type="Token" StartNode="52" EndNode="60">
<Feature>
  <Name className="java.lang.String">string</Name>
  <Value className="java.lang.String">Message-</Value>
</Feature>
</Annotation>
<Annotation Id="32" Type="Token" StartNode="75" EndNode="82">
<Feature>
  <Name className="java.lang.String">string</Name>
  <Value className="java.lang.String">murdoch</Value>
</Feature>
</Annotation>
<Annotation Id="36" Type="Token" StartNode="87" EndNode="95">
<Feature>
  <Name className="java.lang.String">string</Name>
  <Value className="java.lang.String">Virginia</Value>
</Feature>
</Annotation>
<Annotation Id="41" Type="Token" StartNode="101" EndNode="107">
<Feature>
  <Name className="java.lang.String">string</Name>
  <Value className="java.lang.String">Sender</Value>
</Feature>
</Annotation>
<Annotation Id="46" Type="Token" StartNode="116" EndNode="123">
<Feature>
  <Name className="java.lang.String">string</Name>
  <Value className="java.lang.String">murdoch</Value>
</Feature>
</Annotation>
<Annotation Id="44" Type="Token" StartNode="109" EndNode="115">
<Feature>
  <Name className="java.lang.String">string</Name>
  <Value className="java.lang.String">usenet</Value>
</Feature>
</Annotation>
<Annotation Id="50" Type="Token" StartNode="128" EndNode="136">
<Feature>
  <Name className="java.lang.String">string</Name>
  <Value className="java.lang.String">Virginia</Value>
</Feature>
</Annotation>
<Annotation Id="54" Type="Token" StartNode="141" EndNode="153">
<Feature>
  <Name className="java.lang.String">string</Name>
  <Value className="java.lang.String">Organization</Value>
</Feature>
</Annotation>
<Annotation Id="57" Type="Token" StartNode="155" EndNode="165">
<Feature>
  <Name className="java.lang.String">string</Name>
  <Value className="java.lang.String">University</Value>
</Feature>
</Annotation>
<Annotation Id="63" Type="Token" StartNode="178" EndNode="188">
<Feature>
  <Name className="java.lang.String">string</Name>
  <Value className="java.lang.String">References</Value>
</Feature>
</Annotation>
<Annotation Id="61" Type="Token" StartNode="169" EndNode="177">
<Feature>
  <Name className="java.lang.String">string</Name>
  <Value className="java.lang.String">Virginia</Value>
</Feature>
</Annotation>
<Annotation Id="71" Type="Token" StartNode="201" EndNode="207">
</Annotation>
<Annotation Id="79" Type="Token" StartNode="222" EndNode="230">
<Feature>
  <Name className="java.lang.String">string</Name>
  <Value className="java.lang.String">brandeis</Value>
</Feature>
</Annotation>
<Annotation Id="93" Type="Token" StartNode="248" EndNode="255">
<Feature>
  <Name className="java.lang.String">string</Name>
  <Value className="java.lang.String">murdoch</Value>
</Feature>
</Annotation>
<Annotation Id="97" Type="Token" StartNode="260" EndNode="268">
<Feature>
  <Name className="java.lang.String">string</Name>
  <Value className="java.lang.String">Virginia</Value>
</Feature>
</Annotation>
<Annotation Id="105" Type="Token" StartNode="281" EndNode="289">
<Feature>
  <Name className="java.lang.String">string</Name>
  <Value className="java.lang.String">optilink</Value>
</Feature>
</Annotation>
<Annotation Id="142" Type="Token" StartNode="349" EndNode="355">
<Feature>
  <Name className="java.lang.String">string</Name>
  <Value className="java.lang.String">ending</Value>
</Feature>
</Annotation>
<Annotation Id="155" Type="Token" StartNode="389" EndNode="396">
<Feature>
  <Name className="java.lang.String">string</Name>
  <Value className="java.lang.String">Clayton</Value>
</Feature>
</Annotation>
<Annotation Id="157" Type="Token" StartNode="397" EndNode="403">
<Feature>
  <Name className="java.lang.String">string</Name>
  <Value className="java.lang.String">Cramer</Value>
</Feature>
</Annotation>
<Annotation Id="159" Type="Token" StartNode="404" EndNode="410">
<Feature>
  <Name className="java.lang.String">string</Name>
  <Value className="java.lang.String">writes</Value>
</Feature>
</Annotation>
<Annotation Id="144" Type="Token" StartNode="356" EndNode="370">
<Feature>
  <Name className="java.lang.String">string</Name>
  <Value className="java.lang.String">discrimination</Value>
</Feature>
</Annotation>
<Annotation Id="150" Type="Token" StartNode="378" EndNode="385">
<Feature>
  <Name className="java.lang.String">string</Name>
  <Value className="java.lang.String">fascism</Value>
</Feature>
</Annotation>
<Annotation Id="169" Type="Token" StartNode="428" EndNode="434">
<Feature>
  <Name className="java.lang.String">string</Name>
  <Value className="java.lang.String">people</Value>
</Feature>
</Annotation>
<Annotation Id="173" Type="Token" StartNode="438" EndNode="447">
<Feature>
  <Name className="java.lang.String">string</Name>
  <Value className="java.lang.String">associate</Value>
</Feature>
</Annotation>
<Annotation Id="179" Type="Token" StartNode="460" EndNode="467">
<Feature>
  <Name className="java.lang.String">string</Name>
  <Value className="java.lang.String">against</Value>
</Feature>
</Annotation>
<Annotation Id="177" Type="Token" StartNode="453" EndNode="459">
<Feature>
  <Name className="java.lang.String">string</Name>
  <Value className="java.lang.String">others</Value>
</Feature>
</Annotation>
<Annotation Id="204" Type="Token" StartNode="521" EndNode="531">
<Feature>
  <Name className="java.lang.String">string</Name>
  <Value className="java.lang.String">discussion</Value>
</Feature>
</Annotation>
<Annotation Id="195" Type="Token" StartNode="496" EndNode="503">
<Feature>
  <Name className="java.lang.String">string</Name>
  <Value className="java.lang.String">Clayton</Value>
</Feature>
</Annotation>
<Annotation Id="219" Type="Token" StartNode="560" EndNode="569">
<Feature>
  <Name className="java.lang.String">string</Name>
  <Value className="java.lang.String">volunteer</Value>
</Feature>
</Annotation>
<Annotation Id="212" Type="Token" StartNode="543" EndNode="551">
<Feature>
  <Name className="java.lang.String">string</Name>
  <Value className="java.lang.String">military</Value>
</Feature>
</Annotation>
<Annotation Id="227" Type="Token" StartNode="580" EndNode="587">
<Feature>
  <Name className="java.lang.String">string</Name>
  <Value className="java.lang.String">realize</Value>
</Feature>
</Annotation>
<Annotation Id="241" Type="Token" StartNode="613" EndNode="620">
<Feature>
  <Name className="java.lang.String">string</Name>
  <Value className="java.lang.String">jerking</Value>
</Feature>
</Annotation>
<Annotation Id="274" Type="Token" StartNode="687" EndNode="695">
<Feature>
  <Name className="java.lang.String">string</Name>
  <Value className="java.lang.String">Virginia</Value>
</Feature>
</Annotation>
<Annotation Id="286" Type="Token" StartNode="712" EndNode="721">
<Feature>
  <Name className="java.lang.String">string</Name>
  <Value className="java.lang.String">Astronomy</Value>
</Feature>
</Annotation>
<Annotation Id="267" Type="Token" StartNode="663" EndNode="671">
<Feature>
  <Name className="java.lang.String">string</Name>
  <Value className="java.lang.String">Hennessy</Value>
</Feature>
</Annotation>
<Annotation Id="270" Type="Token" StartNode="673" EndNode="683">
<Feature>
  <Name className="java.lang.String">string</Name>
  <Value className="java.lang.String">University</Value>
</Feature>
</Annotation>
<Annotation Id="315" Type="Token" StartNode="791" EndNode="799">
<Feature>
  <Name className="java.lang.String">string</Name>
  <Value className="java.lang.String">virginia</Value>
</Feature>
</Annotation>
<Annotation Id="288" Type="Token" StartNode="722" EndNode="732">
<Feature>
  <Name className="java.lang.String">string</Name>
  <Value className="java.lang.String">Department</Value>
</Feature>
</Annotation>
<Annotation Id="291" Type="Token" StartNode="734" EndNode="749">
<Feature>
  <Name className="java.lang.String">string</Name>
  <Value className="java.lang.String">Charlottesville</Value>
</Feature>
</Annotation>
<Annotation Id="303" Type="Token" StartNode="770" EndNode="778">
<Feature>
  <Name className="java.lang.String">string</Name>
  <Value className="java.lang.String">Internet</Value>
</Feature>
</Annotation>
<Annotation Id="332" Type="Token" StartNode="824" EndNode="832">
<Feature>
  <Name className="java.lang.String">string</Name>
  <Value className="java.lang.String">virginia</Value>
</Feature>
</Annotation>
</AnnotationSet>
<AnnotationSet Name="Original markups"> </AnnotationSet>
</GateDocument>