<?xml version='1.0' encoding='UTF-8'?>
<GateDocument version="3">
<!-- The document's features-->

<GateDocumentFeatures>
<Feature>
  <Name className="java.lang.String">Original_document_content_on_load</Name>
  <Value className="java.lang.String">From: arc@cco.caltech.edu (Aaron Ray Clements)
Date: 16 Apr 1993 01:49:06 GMT
Organization: California Institute of Technology, Pasadena
Lines: 27
Distribution: usa
Message-ID: &lt;1ql3aiINN41c@gap.caltech.edu>
References: &lt;1993Apr15.171601.25930@dg-rtp.dg.com> &lt;1qkshq$l39@transfer.stratus.com>
NNTP-Posting-Host: sandman.caltech.edu

cdt@sw.stratus.com (C. D. Tavares) writes:

>In article &lt;1993Apr15.171601.25930@dg-rtp.dg.com>, meyers@leonardo.rtp.dg.com (Bill Meyers) writes:

>>                                     A BILL 
>>   
>> To establish the right to obtain firearms for security, and
>>     to use firearms in defense of self, family, or home, and
>>     to provide for the enforcement of such right.

>Maybe I'm too "religious," but when I see a bill to "establish a right,"
>I wince.  Keep in mind, what the law giveth, the law can taketh away.
>-- 

>cdt@rocket.sw.stratus.com   --If you believe that I speak for my company,
>OR cdt@vos.stratus.com        write today for my special Investors' Packet...

I don't think your objection is beyond the bounds of rationality.  The
right mentioned in the bill is already established under the Second
Amendment; the bill should be reworded to reaffirm the Second Amendment
RKBA, and then establish the procedures for redress through the federal
court system.

The right already exists and is already embodied in our Constitution.

aaron
arc@cco.caltech.edu
</Value>
</Feature>
<Feature>
  <Name className="java.lang.String">gate.SourceURL</Name>
  <Value className="java.lang.String">file:/C:/Users/jian/Documents/NetBeansProjects/NoiseReductionTechniques/mideastPoliticsMix/negative165</Value>
</Feature>
</GateDocumentFeatures>
<!-- The document content area with serialized nodes -->

<TextWithNodes><Node id="0"/>From<Node id="4"/>:<Node id="5"/> <Node id="6"/>arc<Node id="9"/>@<Node id="10"/>cco<Node id="13"/>.<Node id="14"/>caltech<Node id="21"/>.<Node id="22"/>edu<Node id="25"/> <Node id="26"/>(<Node id="27"/>Aaron<Node id="32"/> <Node id="33"/>Ray<Node id="36"/> <Node id="37"/>Clements<Node id="45"/>)<Node id="46"/>
<Node id="47"/>Date<Node id="51"/>:<Node id="52"/> <Node id="53"/>16<Node id="55"/> <Node id="56"/>Apr<Node id="59"/> <Node id="60"/>1993<Node id="64"/> <Node id="65"/>01<Node id="67"/>:<Node id="68"/>49<Node id="70"/>:<Node id="71"/>06<Node id="73"/> <Node id="74"/>GMT<Node id="77"/>
<Node id="78"/>Organization<Node id="90"/>:<Node id="91"/> <Node id="92"/>California<Node id="102"/> <Node id="103"/>Institute<Node id="112"/> <Node id="113"/>of<Node id="115"/> <Node id="116"/>Technology<Node id="126"/>,<Node id="127"/> <Node id="128"/>Pasadena<Node id="136"/>
<Node id="137"/>Lines<Node id="142"/>:<Node id="143"/> <Node id="144"/>27<Node id="146"/>
<Node id="147"/>Distribution<Node id="159"/>:<Node id="160"/> <Node id="161"/>usa<Node id="164"/>
<Node id="165"/>Message-<Node id="173"/>ID<Node id="175"/>:<Node id="176"/> <Node id="177"/>&lt;<Node id="178"/>1<Node id="179"/>ql<Node id="181"/>3<Node id="182"/>aiINN<Node id="187"/>41<Node id="189"/>c<Node id="190"/>@<Node id="191"/>gap<Node id="194"/>.<Node id="195"/>caltech<Node id="202"/>.<Node id="203"/>edu<Node id="206"/>&gt;<Node id="207"/>
<Node id="208"/>References<Node id="218"/>:<Node id="219"/> <Node id="220"/>&lt;<Node id="221"/>1993<Node id="225"/>Apr<Node id="228"/>15<Node id="230"/>.<Node id="231"/>171601<Node id="237"/>.<Node id="238"/>25930<Node id="243"/>@<Node id="244"/>dg-rtp<Node id="250"/>.<Node id="251"/>dg<Node id="253"/>.<Node id="254"/>com<Node id="257"/>&gt;<Node id="258"/> <Node id="259"/>&lt;<Node id="260"/>1<Node id="261"/>qkshq<Node id="266"/>$<Node id="267"/>l<Node id="268"/>39<Node id="270"/>@<Node id="271"/>transfer<Node id="279"/>.<Node id="280"/>stratus<Node id="287"/>.<Node id="288"/>com<Node id="291"/>&gt;<Node id="292"/>
<Node id="293"/>NNTP-Posting-Host<Node id="310"/>:<Node id="311"/> <Node id="312"/>sandman<Node id="319"/>.<Node id="320"/>caltech<Node id="327"/>.<Node id="328"/>edu<Node id="331"/>
<Node id="332"/>
<Node id="333"/>cdt<Node id="336"/>@<Node id="337"/>sw<Node id="339"/>.<Node id="340"/>stratus<Node id="347"/>.<Node id="348"/>com<Node id="351"/> <Node id="352"/>(<Node id="353"/>C<Node id="354"/>.<Node id="355"/> <Node id="356"/>D<Node id="357"/>.<Node id="358"/> <Node id="359"/>Tavares<Node id="366"/>)<Node id="367"/> <Node id="368"/>writes<Node id="374"/>:<Node id="375"/>
<Node id="376"/>
<Node id="377"/>&gt;<Node id="378"/>In<Node id="380"/> <Node id="381"/>article<Node id="388"/> <Node id="389"/>&lt;<Node id="390"/>1993<Node id="394"/>Apr<Node id="397"/>15<Node id="399"/>.<Node id="400"/>171601<Node id="406"/>.<Node id="407"/>25930<Node id="412"/>@<Node id="413"/>dg-rtp<Node id="419"/>.<Node id="420"/>dg<Node id="422"/>.<Node id="423"/>com<Node id="426"/>&gt;<Node id="427"/>,<Node id="428"/> <Node id="429"/>meyers<Node id="435"/>@<Node id="436"/>leonardo<Node id="444"/>.<Node id="445"/>rtp<Node id="448"/>.<Node id="449"/>dg<Node id="451"/>.<Node id="452"/>com<Node id="455"/> <Node id="456"/>(<Node id="457"/>Bill<Node id="461"/> <Node id="462"/>Meyers<Node id="468"/>)<Node id="469"/> <Node id="470"/>writes<Node id="476"/>:<Node id="477"/>
<Node id="478"/>
<Node id="479"/>&gt;<Node id="480"/>&gt;<Node id="481"/> <Node id="482"/> <Node id="483"/> <Node id="484"/> <Node id="485"/> <Node id="486"/> <Node id="487"/> <Node id="488"/> <Node id="489"/> <Node id="490"/> <Node id="491"/> <Node id="492"/> <Node id="493"/> <Node id="494"/> <Node id="495"/> <Node id="496"/> <Node id="497"/> <Node id="498"/> <Node id="499"/> <Node id="500"/> <Node id="501"/> <Node id="502"/> <Node id="503"/> <Node id="504"/> <Node id="505"/> <Node id="506"/> <Node id="507"/> <Node id="508"/> <Node id="509"/> <Node id="510"/> <Node id="511"/> <Node id="512"/> <Node id="513"/> <Node id="514"/> <Node id="515"/> <Node id="516"/> <Node id="517"/> <Node id="518"/>A<Node id="519"/> <Node id="520"/>BILL<Node id="524"/> <Node id="525"/>
<Node id="526"/>&gt;<Node id="527"/>&gt;<Node id="528"/> <Node id="529"/> <Node id="530"/> <Node id="531"/>
<Node id="532"/>&gt;<Node id="533"/>&gt;<Node id="534"/> <Node id="535"/>To<Node id="537"/> <Node id="538"/>establish<Node id="547"/> <Node id="548"/>the<Node id="551"/> <Node id="552"/>right<Node id="557"/> <Node id="558"/>to<Node id="560"/> <Node id="561"/>obtain<Node id="567"/> <Node id="568"/>firearms<Node id="576"/> <Node id="577"/>for<Node id="580"/> <Node id="581"/>security<Node id="589"/>,<Node id="590"/> <Node id="591"/>and<Node id="594"/>
<Node id="595"/>&gt;<Node id="596"/>&gt;<Node id="597"/> <Node id="598"/> <Node id="599"/> <Node id="600"/> <Node id="601"/> <Node id="602"/>to<Node id="604"/> <Node id="605"/>use<Node id="608"/> <Node id="609"/>firearms<Node id="617"/> <Node id="618"/>in<Node id="620"/> <Node id="621"/>defense<Node id="628"/> <Node id="629"/>of<Node id="631"/> <Node id="632"/>self<Node id="636"/>,<Node id="637"/> <Node id="638"/>family<Node id="644"/>,<Node id="645"/> <Node id="646"/>or<Node id="648"/> <Node id="649"/>home<Node id="653"/>,<Node id="654"/> <Node id="655"/>and<Node id="658"/>
<Node id="659"/>&gt;<Node id="660"/>&gt;<Node id="661"/> <Node id="662"/> <Node id="663"/> <Node id="664"/> <Node id="665"/> <Node id="666"/>to<Node id="668"/> <Node id="669"/>provide<Node id="676"/> <Node id="677"/>for<Node id="680"/> <Node id="681"/>the<Node id="684"/> <Node id="685"/>enforcement<Node id="696"/> <Node id="697"/>of<Node id="699"/> <Node id="700"/>such<Node id="704"/> <Node id="705"/>right<Node id="710"/>.<Node id="711"/>
<Node id="712"/>
<Node id="713"/>&gt;<Node id="714"/>Maybe<Node id="719"/> <Node id="720"/>I<Node id="721"/>'m<Node id="723"/> <Node id="724"/>too<Node id="727"/> <Node id="728"/>"<Node id="729"/>religious<Node id="738"/>,<Node id="739"/>"<Node id="740"/> <Node id="741"/>but<Node id="744"/> <Node id="745"/>when<Node id="749"/> <Node id="750"/>I<Node id="751"/> <Node id="752"/>see<Node id="755"/> <Node id="756"/>a<Node id="757"/> <Node id="758"/>bill<Node id="762"/> <Node id="763"/>to<Node id="765"/> <Node id="766"/>"<Node id="767"/>establish<Node id="776"/> <Node id="777"/>a<Node id="778"/> <Node id="779"/>right<Node id="784"/>,<Node id="785"/>"<Node id="786"/>
<Node id="787"/>&gt;<Node id="788"/>I<Node id="789"/> <Node id="790"/>wince<Node id="795"/>.<Node id="796"/> <Node id="797"/> <Node id="798"/>Keep<Node id="802"/> <Node id="803"/>in<Node id="805"/> <Node id="806"/>mind<Node id="810"/>,<Node id="811"/> <Node id="812"/>what<Node id="816"/> <Node id="817"/>the<Node id="820"/> <Node id="821"/>law<Node id="824"/> <Node id="825"/>giveth<Node id="831"/>,<Node id="832"/> <Node id="833"/>the<Node id="836"/> <Node id="837"/>law<Node id="840"/> <Node id="841"/>can<Node id="844"/> <Node id="845"/>taketh<Node id="851"/> <Node id="852"/>away<Node id="856"/>.<Node id="857"/>
<Node id="858"/>&gt;<Node id="859"/>-<Node id="860"/>-<Node id="861"/> <Node id="862"/>
<Node id="863"/>
<Node id="864"/>&gt;<Node id="865"/>cdt<Node id="868"/>@<Node id="869"/>rocket<Node id="875"/>.<Node id="876"/>sw<Node id="878"/>.<Node id="879"/>stratus<Node id="886"/>.<Node id="887"/>com<Node id="890"/> <Node id="891"/> <Node id="892"/> <Node id="893"/>-<Node id="894"/>-<Node id="895"/>If<Node id="897"/> <Node id="898"/>you<Node id="901"/> <Node id="902"/>believe<Node id="909"/> <Node id="910"/>that<Node id="914"/> <Node id="915"/>I<Node id="916"/> <Node id="917"/>speak<Node id="922"/> <Node id="923"/>for<Node id="926"/> <Node id="927"/>my<Node id="929"/> <Node id="930"/>company<Node id="937"/>,<Node id="938"/>
<Node id="939"/>&gt;<Node id="940"/>OR<Node id="942"/> <Node id="943"/>cdt<Node id="946"/>@<Node id="947"/>vos<Node id="950"/>.<Node id="951"/>stratus<Node id="958"/>.<Node id="959"/>com<Node id="962"/> <Node id="963"/> <Node id="964"/> <Node id="965"/> <Node id="966"/> <Node id="967"/> <Node id="968"/> <Node id="969"/> <Node id="970"/>write<Node id="975"/> <Node id="976"/>today<Node id="981"/> <Node id="982"/>for<Node id="985"/> <Node id="986"/>my<Node id="988"/> <Node id="989"/>special<Node id="996"/> <Node id="997"/>Investors<Node id="1006"/>'<Node id="1007"/> <Node id="1008"/>Packet<Node id="1014"/>.<Node id="1015"/>.<Node id="1016"/>.<Node id="1017"/>
<Node id="1018"/>
<Node id="1019"/>I<Node id="1020"/> <Node id="1021"/>do<Node id="1023"/>n't<Node id="1026"/> <Node id="1027"/>think<Node id="1032"/> <Node id="1033"/>your<Node id="1037"/> <Node id="1038"/>objection<Node id="1047"/> <Node id="1048"/>is<Node id="1050"/> <Node id="1051"/>beyond<Node id="1057"/> <Node id="1058"/>the<Node id="1061"/> <Node id="1062"/>bounds<Node id="1068"/> <Node id="1069"/>of<Node id="1071"/> <Node id="1072"/>rationality<Node id="1083"/>.<Node id="1084"/> <Node id="1085"/> <Node id="1086"/>The<Node id="1089"/>
<Node id="1090"/>right<Node id="1095"/> <Node id="1096"/>mentioned<Node id="1105"/> <Node id="1106"/>in<Node id="1108"/> <Node id="1109"/>the<Node id="1112"/> <Node id="1113"/>bill<Node id="1117"/> <Node id="1118"/>is<Node id="1120"/> <Node id="1121"/>already<Node id="1128"/> <Node id="1129"/>established<Node id="1140"/> <Node id="1141"/>under<Node id="1146"/> <Node id="1147"/>the<Node id="1150"/> <Node id="1151"/>Second<Node id="1157"/>
<Node id="1158"/>Amendment<Node id="1167"/>;<Node id="1168"/> <Node id="1169"/>the<Node id="1172"/> <Node id="1173"/>bill<Node id="1177"/> <Node id="1178"/>should<Node id="1184"/> <Node id="1185"/>be<Node id="1187"/> <Node id="1188"/>reworded<Node id="1196"/> <Node id="1197"/>to<Node id="1199"/> <Node id="1200"/>reaffirm<Node id="1208"/> <Node id="1209"/>the<Node id="1212"/> <Node id="1213"/>Second<Node id="1219"/> <Node id="1220"/>Amendment<Node id="1229"/>
<Node id="1230"/>RKBA<Node id="1234"/>,<Node id="1235"/> <Node id="1236"/>and<Node id="1239"/> <Node id="1240"/>then<Node id="1244"/> <Node id="1245"/>establish<Node id="1254"/> <Node id="1255"/>the<Node id="1258"/> <Node id="1259"/>procedures<Node id="1269"/> <Node id="1270"/>for<Node id="1273"/> <Node id="1274"/>redress<Node id="1281"/> <Node id="1282"/>through<Node id="1289"/> <Node id="1290"/>the<Node id="1293"/> <Node id="1294"/>federal<Node id="1301"/>
<Node id="1302"/>court<Node id="1307"/> <Node id="1308"/>system<Node id="1314"/>.<Node id="1315"/>
<Node id="1316"/>
<Node id="1317"/>The<Node id="1320"/> <Node id="1321"/>right<Node id="1326"/> <Node id="1327"/>already<Node id="1334"/> <Node id="1335"/>exists<Node id="1341"/> <Node id="1342"/>and<Node id="1345"/> <Node id="1346"/>is<Node id="1348"/> <Node id="1349"/>already<Node id="1356"/> <Node id="1357"/>embodied<Node id="1365"/> <Node id="1366"/>in<Node id="1368"/> <Node id="1369"/>our<Node id="1372"/> <Node id="1373"/>Constitution<Node id="1385"/>.<Node id="1386"/>
<Node id="1387"/>
<Node id="1388"/>aaron<Node id="1393"/>
<Node id="1394"/>arc<Node id="1397"/>@<Node id="1398"/>cco<Node id="1401"/>.<Node id="1402"/>caltech<Node id="1409"/>.<Node id="1410"/>edu<Node id="1413"/>
<Node id="1414"/></TextWithNodes>
<!-- The default annotation set -->

<AnnotationSet>
<Annotation EndNode="1414" StartNode="0" Type="Mention" Id="9999999">
<Feature>
<Name classname="java.lang.String">Class</Name>
<Value classname="java.lang.String">0</Value>
</Feature>
</Annotation>

<Annotation Id="7" Type="Token" StartNode="14" EndNode="21">
<Feature>
  <Name className="java.lang.String">string</Name>
  <Value className="java.lang.String">caltech</Value>
</Feature>
</Annotation>
<Annotation Id="16" Type="Token" StartNode="37" EndNode="45">
<Feature>
  <Name className="java.lang.String">string</Name>
  <Value className="java.lang.String">Clements</Value>
</Feature>
</Annotation>
<Annotation Id="39" Type="Token" StartNode="92" EndNode="102">
<Feature>
  <Name className="java.lang.String">string</Name>
  <Value className="java.lang.String">California</Value>
</Feature>
</Annotation>
<Annotation Id="36" Type="Token" StartNode="78" EndNode="90">
<Feature>
  <Name className="java.lang.String">string</Name>
  <Value className="java.lang.String">Organization</Value>
</Feature>
</Annotation>
<Annotation Id="41" Type="Token" StartNode="103" EndNode="112">
<Feature>
  <Name className="java.lang.String">string</Name>
  <Value className="java.lang.String">Institute</Value>
</Feature>
</Annotation>
<Annotation Id="45" Type="Token" StartNode="116" EndNode="126">
<Feature>
  <Name className="java.lang.String">string</Name>
  <Value className="java.lang.String">Technology</Value>
</Feature>
</Annotation>
<Annotation Id="48" Type="Token" StartNode="128" EndNode="136">
<Feature>
  <Name className="java.lang.String">string</Name>
  <Value className="java.lang.String">Pasadena</Value>
</Feature>
</Annotation>
<Annotation Id="55" Type="Token" StartNode="147" EndNode="159">
<Feature>
  <Name className="java.lang.String">string</Name>
  <Value className="java.lang.String">Distribution</Value>
</Feature>
</Annotation>
<Annotation Id="60" Type="Token" StartNode="165" EndNode="173">
<Feature>
  <Name className="java.lang.String">string</Name>
  <Value className="java.lang.String">Message-</Value>
</Feature>
</Annotation>
<Annotation Id="79" Type="Token" StartNode="208" EndNode="218">
<Feature>
  <Name className="java.lang.String">string</Name>
  <Value className="java.lang.String">References</Value>
</Feature>
</Annotation>
<Annotation Id="74" Type="Token" StartNode="195" EndNode="202">
<Feature>
  <Name className="java.lang.String">string</Name>
  <Value className="java.lang.String">caltech</Value>
</Feature>
</Annotation>
<Annotation Id="87" Type="Token" StartNode="231" EndNode="237">
</Annotation>
<Annotation Id="91" Type="Token" StartNode="244" EndNode="250">
<Feature>
  <Name className="java.lang.String">string</Name>
  <Value className="java.lang.String">dg-rtp</Value>
</Feature>
</Annotation>
<Annotation Id="107" Type="Token" StartNode="280" EndNode="287">
<Feature>
  <Name className="java.lang.String">string</Name>
  <Value className="java.lang.String">stratus</Value>
</Feature>
</Annotation>
<Annotation Id="105" Type="Token" StartNode="271" EndNode="279">
<Feature>
  <Name className="java.lang.String">string</Name>
  <Value className="java.lang.String">transfer</Value>
</Feature>
</Annotation>
<Annotation Id="117" Type="Token" StartNode="320" EndNode="327">
<Feature>
  <Name className="java.lang.String">string</Name>
  <Value className="java.lang.String">caltech</Value>
</Feature>
</Annotation>
<Annotation Id="115" Type="Token" StartNode="312" EndNode="319">
<Feature>
  <Name className="java.lang.String">string</Name>
  <Value className="java.lang.String">sandman</Value>
</Feature>
</Annotation>
<Annotation Id="112" Type="Token" StartNode="293" EndNode="310">
<Feature>
  <Name className="java.lang.String">string</Name>
  <Value className="java.lang.String">NNTP-Posting-Host</Value>
</Feature>
</Annotation>
<Annotation Id="126" Type="Token" StartNode="340" EndNode="347">
<Feature>
  <Name className="java.lang.String">string</Name>
  <Value className="java.lang.String">stratus</Value>
</Feature>
</Annotation>
<Annotation Id="137" Type="Token" StartNode="359" EndNode="366">
<Feature>
  <Name className="java.lang.String">string</Name>
  <Value className="java.lang.String">Tavares</Value>
</Feature>
</Annotation>
<Annotation Id="140" Type="Token" StartNode="368" EndNode="374">
<Feature>
  <Name className="java.lang.String">string</Name>
  <Value className="java.lang.String">writes</Value>
</Feature>
</Annotation>
<Annotation Id="154" Type="Token" StartNode="400" EndNode="406">
</Annotation>
<Annotation Id="158" Type="Token" StartNode="413" EndNode="419">
<Feature>
  <Name className="java.lang.String">string</Name>
  <Value className="java.lang.String">dg-rtp</Value>
</Feature>
</Annotation>
<Annotation Id="147" Type="Token" StartNode="381" EndNode="388">
<Feature>
  <Name className="java.lang.String">string</Name>
  <Value className="java.lang.String">article</Value>
</Feature>
</Annotation>
<Annotation Id="168" Type="Token" StartNode="436" EndNode="444">
<Feature>
  <Name className="java.lang.String">string</Name>
  <Value className="java.lang.String">leonardo</Value>
</Feature>
</Annotation>
<Annotation Id="166" Type="Token" StartNode="429" EndNode="435">
<Feature>
  <Name className="java.lang.String">string</Name>
  <Value className="java.lang.String">meyers</Value>
</Feature>
</Annotation>
<Annotation Id="179" Type="Token" StartNode="462" EndNode="468">
<Feature>
  <Name className="java.lang.String">string</Name>
  <Value className="java.lang.String">Meyers</Value>
</Feature>
</Annotation>
<Annotation Id="182" Type="Token" StartNode="470" EndNode="476">
<Feature>
  <Name className="java.lang.String">string</Name>
  <Value className="java.lang.String">writes</Value>
</Feature>
</Annotation>
<Annotation Id="255" Type="Token" StartNode="581" EndNode="589">
<Feature>
  <Name className="java.lang.String">string</Name>
  <Value className="java.lang.String">security</Value>
</Feature>
</Annotation>
<Annotation Id="251" Type="Token" StartNode="568" EndNode="576">
<Feature>
  <Name className="java.lang.String">string</Name>
  <Value className="java.lang.String">firearms</Value>
</Feature>
</Annotation>
<Annotation Id="249" Type="Token" StartNode="561" EndNode="567">
<Feature>
  <Name className="java.lang.String">string</Name>
  <Value className="java.lang.String">obtain</Value>
</Feature>
</Annotation>
<Annotation Id="241" Type="Token" StartNode="538" EndNode="547">
<Feature>
  <Name className="java.lang.String">string</Name>
  <Value className="java.lang.String">establish</Value>
</Feature>
</Annotation>
<Annotation Id="275" Type="Token" StartNode="621" EndNode="628">
<Feature>
  <Name className="java.lang.String">string</Name>
  <Value className="java.lang.String">defense</Value>
</Feature>
</Annotation>
<Annotation Id="282" Type="Token" StartNode="638" EndNode="644">
<Feature>
  <Name className="java.lang.String">string</Name>
  <Value className="java.lang.String">family</Value>
</Feature>
</Annotation>
<Annotation Id="271" Type="Token" StartNode="609" EndNode="617">
<Feature>
  <Name className="java.lang.String">string</Name>
  <Value className="java.lang.String">firearms</Value>
</Feature>
</Annotation>
<Annotation Id="307" Type="Token" StartNode="685" EndNode="696">
<Feature>
  <Name className="java.lang.String">string</Name>
  <Value className="java.lang.String">enforcement</Value>
</Feature>
</Annotation>
<Annotation Id="301" Type="Token" StartNode="669" EndNode="676">
<Feature>
  <Name className="java.lang.String">string</Name>
  <Value className="java.lang.String">provide</Value>
</Feature>
</Annotation>
<Annotation Id="346" Type="Token" StartNode="767" EndNode="776">
<Feature>
  <Name className="java.lang.String">string</Name>
  <Value className="java.lang.String">establish</Value>
</Feature>
</Annotation>
<Annotation Id="327" Type="Token" StartNode="729" EndNode="738">
<Feature>
  <Name className="java.lang.String">string</Name>
  <Value className="java.lang.String">religious</Value>
</Feature>
</Annotation>
<Annotation Id="374" Type="Token" StartNode="825" EndNode="831">
<Feature>
  <Name className="java.lang.String">string</Name>
  <Value className="java.lang.String">giveth</Value>
</Feature>
</Annotation>
<Annotation Id="383" Type="Token" StartNode="845" EndNode="851">
<Feature>
  <Name className="java.lang.String">string</Name>
  <Value className="java.lang.String">taketh</Value>
</Feature>
</Annotation>
<Annotation Id="413" Type="Token" StartNode="902" EndNode="909">
<Feature>
  <Name className="java.lang.String">string</Name>
  <Value className="java.lang.String">believe</Value>
</Feature>
</Annotation>
<Annotation Id="401" Type="Token" StartNode="879" EndNode="886">
<Feature>
  <Name className="java.lang.String">string</Name>
  <Value className="java.lang.String">stratus</Value>
</Feature>
</Annotation>
<Annotation Id="397" Type="Token" StartNode="869" EndNode="875">
<Feature>
  <Name className="java.lang.String">string</Name>
  <Value className="java.lang.String">rocket</Value>
</Feature>
</Annotation>
<Annotation Id="435" Type="Token" StartNode="951" EndNode="958">
<Feature>
  <Name className="java.lang.String">string</Name>
  <Value className="java.lang.String">stratus</Value>
</Feature>
</Annotation>
<Annotation Id="425" Type="Token" StartNode="930" EndNode="937">
<Feature>
  <Name className="java.lang.String">string</Name>
  <Value className="java.lang.String">company</Value>
</Feature>
</Annotation>
<Annotation Id="479" Type="Token" StartNode="1051" EndNode="1057">
<Feature>
  <Name className="java.lang.String">string</Name>
  <Value className="java.lang.String">beyond</Value>
</Feature>
</Annotation>
<Annotation Id="475" Type="Token" StartNode="1038" EndNode="1047">
<Feature>
  <Name className="java.lang.String">string</Name>
  <Value className="java.lang.String">objection</Value>
</Feature>
</Annotation>
<Annotation Id="459" Type="Token" StartNode="1008" EndNode="1014">
<Feature>
  <Name className="java.lang.String">string</Name>
  <Value className="java.lang.String">Packet</Value>
</Feature>
</Annotation>
<Annotation Id="456" Type="Token" StartNode="997" EndNode="1006">
<Feature>
  <Name className="java.lang.String">string</Name>
  <Value className="java.lang.String">Investors</Value>
</Feature>
</Annotation>
<Annotation Id="454" Type="Token" StartNode="989" EndNode="996">
<Feature>
  <Name className="java.lang.String">string</Name>
  <Value className="java.lang.String">special</Value>
</Feature>
</Annotation>
<Annotation Id="505" Type="Token" StartNode="1121" EndNode="1128">
<Feature>
  <Name className="java.lang.String">string</Name>
  <Value className="java.lang.String">already</Value>
</Feature>
</Annotation>
<Annotation Id="507" Type="Token" StartNode="1129" EndNode="1140">
<Feature>
  <Name className="java.lang.String">string</Name>
  <Value className="java.lang.String">established</Value>
</Feature>
</Annotation>
<Annotation Id="495" Type="Token" StartNode="1096" EndNode="1105">
<Feature>
  <Name className="java.lang.String">string</Name>
  <Value className="java.lang.String">mentioned</Value>
</Feature>
</Annotation>
<Annotation Id="487" Type="Token" StartNode="1072" EndNode="1083">
<Feature>
  <Name className="java.lang.String">string</Name>
  <Value className="java.lang.String">rationality</Value>
</Feature>
</Annotation>
<Annotation Id="483" Type="Token" StartNode="1062" EndNode="1068">
<Feature>
  <Name className="java.lang.String">string</Name>
  <Value className="java.lang.String">bounds</Value>
</Feature>
</Annotation>
<Annotation Id="549" Type="Token" StartNode="1259" EndNode="1269">
<Feature>
  <Name className="java.lang.String">string</Name>
  <Value className="java.lang.String">procedures</Value>
</Feature>
</Annotation>
<Annotation Id="545" Type="Token" StartNode="1245" EndNode="1254">
<Feature>
  <Name className="java.lang.String">string</Name>
  <Value className="java.lang.String">establish</Value>
</Feature>
</Annotation>
<Annotation Id="559" Type="Token" StartNode="1294" EndNode="1301">
<Feature>
  <Name className="java.lang.String">string</Name>
  <Value className="java.lang.String">federal</Value>
</Feature>
</Annotation>
<Annotation Id="555" Type="Token" StartNode="1282" EndNode="1289">
<Feature>
  <Name className="java.lang.String">string</Name>
  <Value className="java.lang.String">through</Value>
</Feature>
</Annotation>
<Annotation Id="553" Type="Token" StartNode="1274" EndNode="1281">
<Feature>
  <Name className="java.lang.String">string</Name>
  <Value className="java.lang.String">redress</Value>
</Feature>
</Annotation>
<Annotation Id="563" Type="Token" StartNode="1308" EndNode="1314">
<Feature>
  <Name className="java.lang.String">string</Name>
  <Value className="java.lang.String">system</Value>
</Feature>
</Annotation>
<Annotation Id="573" Type="Token" StartNode="1335" EndNode="1341">
<Feature>
  <Name className="java.lang.String">string</Name>
  <Value className="java.lang.String">exists</Value>
</Feature>
</Annotation>
<Annotation Id="571" Type="Token" StartNode="1327" EndNode="1334">
<Feature>
  <Name className="java.lang.String">string</Name>
  <Value className="java.lang.String">already</Value>
</Feature>
</Annotation>
<Annotation Id="513" Type="Token" StartNode="1151" EndNode="1157">
<Feature>
  <Name className="java.lang.String">string</Name>
  <Value className="java.lang.String">Second</Value>
</Feature>
</Annotation>
<Annotation Id="515" Type="Token" StartNode="1158" EndNode="1167">
<Feature>
  <Name className="java.lang.String">string</Name>
  <Value className="java.lang.String">Amendment</Value>
</Feature>
</Annotation>
<Annotation Id="526" Type="Token" StartNode="1188" EndNode="1196">
<Feature>
  <Name className="java.lang.String">string</Name>
  <Value className="java.lang.String">reworded</Value>
</Feature>
</Annotation>
<Annotation Id="522" Type="Token" StartNode="1178" EndNode="1184">
<Feature>
  <Name className="java.lang.String">string</Name>
  <Value className="java.lang.String">should</Value>
</Feature>
</Annotation>
<Annotation Id="534" Type="Token" StartNode="1213" EndNode="1219">
<Feature>
  <Name className="java.lang.String">string</Name>
  <Value className="java.lang.String">Second</Value>
</Feature>
</Annotation>
<Annotation Id="530" Type="Token" StartNode="1200" EndNode="1208">
<Feature>
  <Name className="java.lang.String">string</Name>
  <Value className="java.lang.String">reaffirm</Value>
</Feature>
</Annotation>
<Annotation Id="536" Type="Token" StartNode="1220" EndNode="1229">
<Feature>
  <Name className="java.lang.String">string</Name>
  <Value className="java.lang.String">Amendment</Value>
</Feature>
</Annotation>
<Annotation Id="579" Type="Token" StartNode="1349" EndNode="1356">
<Feature>
  <Name className="java.lang.String">string</Name>
  <Value className="java.lang.String">already</Value>
</Feature>
</Annotation>
<Annotation Id="581" Type="Token" StartNode="1357" EndNode="1365">
<Feature>
  <Name className="java.lang.String">string</Name>
  <Value className="java.lang.String">embodied</Value>
</Feature>
</Annotation>
<Annotation Id="587" Type="Token" StartNode="1373" EndNode="1385">
<Feature>
  <Name className="java.lang.String">string</Name>
  <Value className="java.lang.String">Constitution</Value>
</Feature>
</Annotation>
<Annotation Id="597" Type="Token" StartNode="1402" EndNode="1409">
<Feature>
  <Name className="java.lang.String">string</Name>
  <Value className="java.lang.String">caltech</Value>
</Feature>
</Annotation>
</AnnotationSet>
<AnnotationSet Name="Original markups"> </AnnotationSet>
</GateDocument>