<?xml version='1.0' encoding='UTF-8'?>
<GateDocument version="3">
<!-- The document's features-->

<GateDocumentFeatures>
<Feature>
  <Name className="java.lang.String">Original_document_content_on_load</Name>
  <Value className="java.lang.String">From: blh@uiboise.idbsu.edu (Broward L. Horne)
Message-ID: &lt;9304151442.AA05233@inet-gw-2.pa.dec.com>
Date: Wed, 14 Apr 93 10:02:09 MDT
X-Received: by usenet.pa.dec.com; id AA08871; Thu, 15 Apr 93 07:42:23 -0700
X-Received: by inet-gw-2.pa.dec.com; id AA05233; Thu, 15 Apr 93 07:42:12 -0700
X-Received: by uiboise.idbsu.edu
	(16.6/16.2) id AA27601; Wed, 14 Apr 93 10:02:10 -0600
X-To: talk.politics.misc.usenet
X-Cc: alt.politics.clinton.usenet
X-Mailer: Elm [revision: 66.25]
Lines: 54



      Well, it seems the "National Sales Tax" has gotten its very
      own CNN news LOGO!

      Cool.  That means we'll be seeing it often.

      Man, I sure am GLAD that I quit working ( or taking this 
      seriously ) in 1990.  If I kept busting my ass, watching 
      time go by, being frustrated, I'd be pretty DAMN MAD by 
      now.
      
      YEAH!  Free HEALTH CARE!   Oh, yeeaaaahhhh!

      heh heh

      " Bill makes me feel like DANCING! "

      MORE AMAZING PREDICTIONS FROM THE INCREDIBLE BROMEISTER!
      --------------------------------------------------------

      We take you back to Feburary 20th, when the INCREDIBLE 
      BROMEISTER PREDICTED:

	  " $1,000 per middle class taxpayer in NEW TAXES "

          " A NATIONAL SALES TAX "

      Now, for more AAMMMAAAAZZZZZZIINNNNGGGGG Predictions!

      i)   The NST will be raised from 3% to 5% by 1996.
	   Ooops.  They ALREADY DID it.
          
	   Okay, then.  The NST will be raised from 5% to 7% by 1996.

      ii)  Unemployment will rise!

      iii)  Tax revenues will decline.  Deficit will increase!
	    We'll get another DEFICIT REDUCTION PACKAGE by 1997!
	    Everyone will DANCE AND SING!

      Yup.  I'm gonna &lt;glancing at watch> bail out of here
      at 1 PM, amble on down to the lake.  Hang out.  Sit
      in the sun and take it EASY!   :)   Yeah!  

      I just wish I had the e-mail address of total gumby who
      was saying that " Clinton didn't propose a NST ".

      To paraphrase Hilary Clinton - " I will not raise taxes on
      the middle class to pay for my programs "

      To paraphrase Bill Clinton - " I will not raise taxes on
      the middle class to pay for my programs "

</Value>
</Feature>
<Feature>
  <Name className="java.lang.String">gate.SourceURL</Name>
  <Value className="java.lang.String">file:/C:/Users/jian/Documents/NetBeansProjects/NoiseReductionTechniques/mideastPoliticsMix/negative150</Value>
</Feature>
</GateDocumentFeatures>
<!-- The document content area with serialized nodes -->

<TextWithNodes><Node id="0"/>From<Node id="4"/>:<Node id="5"/> <Node id="6"/>blh<Node id="9"/>@<Node id="10"/>uiboise<Node id="17"/>.<Node id="18"/>idbsu<Node id="23"/>.<Node id="24"/>edu<Node id="27"/> <Node id="28"/>(<Node id="29"/>Broward<Node id="36"/> <Node id="37"/>L<Node id="38"/>.<Node id="39"/> <Node id="40"/>Horne<Node id="45"/>)<Node id="46"/>
<Node id="47"/>Message-<Node id="55"/>ID<Node id="57"/>:<Node id="58"/> <Node id="59"/>&lt;<Node id="60"/>9304151442<Node id="70"/>.<Node id="71"/>AA<Node id="73"/>05233<Node id="78"/>@<Node id="79"/>inet-gw-<Node id="87"/>2<Node id="88"/>.<Node id="89"/>pa<Node id="91"/>.<Node id="92"/>dec<Node id="95"/>.<Node id="96"/>com<Node id="99"/>&gt;<Node id="100"/>
<Node id="101"/>Date<Node id="105"/>:<Node id="106"/> <Node id="107"/>Wed<Node id="110"/>,<Node id="111"/> <Node id="112"/>14<Node id="114"/> <Node id="115"/>Apr<Node id="118"/> <Node id="119"/>93<Node id="121"/> <Node id="122"/>10<Node id="124"/>:<Node id="125"/>02<Node id="127"/>:<Node id="128"/>09<Node id="130"/> <Node id="131"/>MDT<Node id="134"/>
<Node id="135"/>X-Received<Node id="145"/>:<Node id="146"/> <Node id="147"/>by<Node id="149"/> <Node id="150"/>usenet<Node id="156"/>.<Node id="157"/>pa<Node id="159"/>.<Node id="160"/>dec<Node id="163"/>.<Node id="164"/>com<Node id="167"/>;<Node id="168"/> <Node id="169"/>id<Node id="171"/> <Node id="172"/>AA<Node id="174"/>08871<Node id="179"/>;<Node id="180"/> <Node id="181"/>Thu<Node id="184"/>,<Node id="185"/> <Node id="186"/>15<Node id="188"/> <Node id="189"/>Apr<Node id="192"/> <Node id="193"/>93<Node id="195"/> <Node id="196"/>07<Node id="198"/>:<Node id="199"/>42<Node id="201"/>:<Node id="202"/>23<Node id="204"/> <Node id="205"/>-<Node id="206"/>0700<Node id="210"/>
<Node id="211"/>X-Received<Node id="221"/>:<Node id="222"/> <Node id="223"/>by<Node id="225"/> <Node id="226"/>inet-gw-<Node id="234"/>2<Node id="235"/>.<Node id="236"/>pa<Node id="238"/>.<Node id="239"/>dec<Node id="242"/>.<Node id="243"/>com<Node id="246"/>;<Node id="247"/> <Node id="248"/>id<Node id="250"/> <Node id="251"/>AA<Node id="253"/>05233<Node id="258"/>;<Node id="259"/> <Node id="260"/>Thu<Node id="263"/>,<Node id="264"/> <Node id="265"/>15<Node id="267"/> <Node id="268"/>Apr<Node id="271"/> <Node id="272"/>93<Node id="274"/> <Node id="275"/>07<Node id="277"/>:<Node id="278"/>42<Node id="280"/>:<Node id="281"/>12<Node id="283"/> <Node id="284"/>-<Node id="285"/>0700<Node id="289"/>
<Node id="290"/>X-Received<Node id="300"/>:<Node id="301"/> <Node id="302"/>by<Node id="304"/> <Node id="305"/>uiboise<Node id="312"/>.<Node id="313"/>idbsu<Node id="318"/>.<Node id="319"/>edu<Node id="322"/>
<Node id="323"/>	<Node id="324"/>(<Node id="325"/>16<Node id="327"/>.<Node id="328"/>6<Node id="329"/>/<Node id="330"/>16<Node id="332"/>.<Node id="333"/>2<Node id="334"/>)<Node id="335"/> <Node id="336"/>id<Node id="338"/> <Node id="339"/>AA<Node id="341"/>27601<Node id="346"/>;<Node id="347"/> <Node id="348"/>Wed<Node id="351"/>,<Node id="352"/> <Node id="353"/>14<Node id="355"/> <Node id="356"/>Apr<Node id="359"/> <Node id="360"/>93<Node id="362"/> <Node id="363"/>10<Node id="365"/>:<Node id="366"/>02<Node id="368"/>:<Node id="369"/>10<Node id="371"/> <Node id="372"/>-<Node id="373"/>0600<Node id="377"/>
<Node id="378"/>X-To<Node id="382"/>:<Node id="383"/> <Node id="384"/>talk<Node id="388"/>.<Node id="389"/>politics<Node id="397"/>.<Node id="398"/>misc<Node id="402"/>.<Node id="403"/>usenet<Node id="409"/>
<Node id="410"/>X-Cc<Node id="414"/>:<Node id="415"/> <Node id="416"/>alt<Node id="419"/>.<Node id="420"/>politics<Node id="428"/>.<Node id="429"/>clinton<Node id="436"/>.<Node id="437"/>usenet<Node id="443"/>
<Node id="444"/>X-Mailer<Node id="452"/>:<Node id="453"/> <Node id="454"/>Elm<Node id="457"/> <Node id="458"/>[<Node id="459"/>revision<Node id="467"/>:<Node id="468"/> <Node id="469"/>66<Node id="471"/>.<Node id="472"/>25<Node id="474"/>]<Node id="475"/>
<Node id="476"/>Lines<Node id="481"/>:<Node id="482"/> <Node id="483"/>54<Node id="485"/>
<Node id="486"/>
<Node id="487"/>
<Node id="488"/>
<Node id="489"/> <Node id="490"/> <Node id="491"/> <Node id="492"/> <Node id="493"/> <Node id="494"/> <Node id="495"/>Well<Node id="499"/>,<Node id="500"/> <Node id="501"/>it<Node id="503"/> <Node id="504"/>seems<Node id="509"/> <Node id="510"/>the<Node id="513"/> <Node id="514"/>"<Node id="515"/>National<Node id="523"/> <Node id="524"/>Sales<Node id="529"/> <Node id="530"/>Tax<Node id="533"/>"<Node id="534"/> <Node id="535"/>has<Node id="538"/> <Node id="539"/>gotten<Node id="545"/> <Node id="546"/>its<Node id="549"/> <Node id="550"/>very<Node id="554"/>
<Node id="555"/> <Node id="556"/> <Node id="557"/> <Node id="558"/> <Node id="559"/> <Node id="560"/> <Node id="561"/>own<Node id="564"/> <Node id="565"/>CNN<Node id="568"/> <Node id="569"/>news<Node id="573"/> <Node id="574"/>LOGO<Node id="578"/>!<Node id="579"/>
<Node id="580"/>
<Node id="581"/> <Node id="582"/> <Node id="583"/> <Node id="584"/> <Node id="585"/> <Node id="586"/> <Node id="587"/>Cool<Node id="591"/>.<Node id="592"/> <Node id="593"/> <Node id="594"/>That<Node id="598"/> <Node id="599"/>means<Node id="604"/> <Node id="605"/>we<Node id="607"/>'ll<Node id="610"/> <Node id="611"/>be<Node id="613"/> <Node id="614"/>seeing<Node id="620"/> <Node id="621"/>it<Node id="623"/> <Node id="624"/>often<Node id="629"/>.<Node id="630"/>
<Node id="631"/>
<Node id="632"/> <Node id="633"/> <Node id="634"/> <Node id="635"/> <Node id="636"/> <Node id="637"/> <Node id="638"/>Man<Node id="641"/>,<Node id="642"/> <Node id="643"/>I<Node id="644"/> <Node id="645"/>sure<Node id="649"/> <Node id="650"/>am<Node id="652"/> <Node id="653"/>GLAD<Node id="657"/> <Node id="658"/>that<Node id="662"/> <Node id="663"/>I<Node id="664"/> <Node id="665"/>quit<Node id="669"/> <Node id="670"/>working<Node id="677"/> <Node id="678"/>(<Node id="679"/> <Node id="680"/>or<Node id="682"/> <Node id="683"/>taking<Node id="689"/> <Node id="690"/>this<Node id="694"/> <Node id="695"/>
<Node id="696"/> <Node id="697"/> <Node id="698"/> <Node id="699"/> <Node id="700"/> <Node id="701"/> <Node id="702"/>seriously<Node id="711"/> <Node id="712"/>)<Node id="713"/> <Node id="714"/>in<Node id="716"/> <Node id="717"/>1990<Node id="721"/>.<Node id="722"/> <Node id="723"/> <Node id="724"/>If<Node id="726"/> <Node id="727"/>I<Node id="728"/> <Node id="729"/>kept<Node id="733"/> <Node id="734"/>busting<Node id="741"/> <Node id="742"/>my<Node id="744"/> <Node id="745"/>ass<Node id="748"/>,<Node id="749"/> <Node id="750"/>watching<Node id="758"/> <Node id="759"/>
<Node id="760"/> <Node id="761"/> <Node id="762"/> <Node id="763"/> <Node id="764"/> <Node id="765"/> <Node id="766"/>time<Node id="770"/> <Node id="771"/>go<Node id="773"/> <Node id="774"/>by<Node id="776"/>,<Node id="777"/> <Node id="778"/>being<Node id="783"/> <Node id="784"/>frustrated<Node id="794"/>,<Node id="795"/> <Node id="796"/>I<Node id="797"/>'d<Node id="799"/> <Node id="800"/>be<Node id="802"/> <Node id="803"/>pretty<Node id="809"/> <Node id="810"/>DAMN<Node id="814"/> <Node id="815"/>MAD<Node id="818"/> <Node id="819"/>by<Node id="821"/> <Node id="822"/>
<Node id="823"/> <Node id="824"/> <Node id="825"/> <Node id="826"/> <Node id="827"/> <Node id="828"/> <Node id="829"/>now<Node id="832"/>.<Node id="833"/>
<Node id="834"/> <Node id="835"/> <Node id="836"/> <Node id="837"/> <Node id="838"/> <Node id="839"/> <Node id="840"/>
<Node id="841"/> <Node id="842"/> <Node id="843"/> <Node id="844"/> <Node id="845"/> <Node id="846"/> <Node id="847"/>YEAH<Node id="851"/>!<Node id="852"/> <Node id="853"/> <Node id="854"/>Free<Node id="858"/> <Node id="859"/>HEALTH<Node id="865"/> <Node id="866"/>CARE<Node id="870"/>!<Node id="871"/> <Node id="872"/> <Node id="873"/> <Node id="874"/>Oh<Node id="876"/>,<Node id="877"/> <Node id="878"/>yeeaaaahhhh<Node id="889"/>!<Node id="890"/>
<Node id="891"/>
<Node id="892"/> <Node id="893"/> <Node id="894"/> <Node id="895"/> <Node id="896"/> <Node id="897"/> <Node id="898"/>heh<Node id="901"/> <Node id="902"/>heh<Node id="905"/>
<Node id="906"/>
<Node id="907"/> <Node id="908"/> <Node id="909"/> <Node id="910"/> <Node id="911"/> <Node id="912"/> <Node id="913"/>"<Node id="914"/> <Node id="915"/>Bill<Node id="919"/> <Node id="920"/>makes<Node id="925"/> <Node id="926"/>me<Node id="928"/> <Node id="929"/>feel<Node id="933"/> <Node id="934"/>like<Node id="938"/> <Node id="939"/>DANCING<Node id="946"/>!<Node id="947"/> <Node id="948"/>"<Node id="949"/>
<Node id="950"/>
<Node id="951"/> <Node id="952"/> <Node id="953"/> <Node id="954"/> <Node id="955"/> <Node id="956"/> <Node id="957"/>MORE<Node id="961"/> <Node id="962"/>AMAZING<Node id="969"/> <Node id="970"/>PREDICTIONS<Node id="981"/> <Node id="982"/>FROM<Node id="986"/> <Node id="987"/>THE<Node id="990"/> <Node id="991"/>INCREDIBLE<Node id="1001"/> <Node id="1002"/>BROMEISTER<Node id="1012"/>!<Node id="1013"/>
<Node id="1014"/> <Node id="1015"/> <Node id="1016"/> <Node id="1017"/> <Node id="1018"/> <Node id="1019"/> <Node id="1020"/>-<Node id="1021"/>-<Node id="1022"/>-<Node id="1023"/>-<Node id="1024"/>-<Node id="1025"/>-<Node id="1026"/>-<Node id="1027"/>-<Node id="1028"/>-<Node id="1029"/>-<Node id="1030"/>-<Node id="1031"/>-<Node id="1032"/>-<Node id="1033"/>-<Node id="1034"/>-<Node id="1035"/>-<Node id="1036"/>-<Node id="1037"/>-<Node id="1038"/>-<Node id="1039"/>-<Node id="1040"/>-<Node id="1041"/>-<Node id="1042"/>-<Node id="1043"/>-<Node id="1044"/>-<Node id="1045"/>-<Node id="1046"/>-<Node id="1047"/>-<Node id="1048"/>-<Node id="1049"/>-<Node id="1050"/>-<Node id="1051"/>-<Node id="1052"/>-<Node id="1053"/>-<Node id="1054"/>-<Node id="1055"/>-<Node id="1056"/>-<Node id="1057"/>-<Node id="1058"/>-<Node id="1059"/>-<Node id="1060"/>-<Node id="1061"/>-<Node id="1062"/>-<Node id="1063"/>-<Node id="1064"/>-<Node id="1065"/>-<Node id="1066"/>-<Node id="1067"/>-<Node id="1068"/>-<Node id="1069"/>-<Node id="1070"/>-<Node id="1071"/>-<Node id="1072"/>-<Node id="1073"/>-<Node id="1074"/>-<Node id="1075"/>-<Node id="1076"/>
<Node id="1077"/>
<Node id="1078"/> <Node id="1079"/> <Node id="1080"/> <Node id="1081"/> <Node id="1082"/> <Node id="1083"/> <Node id="1084"/>We<Node id="1086"/> <Node id="1087"/>take<Node id="1091"/> <Node id="1092"/>you<Node id="1095"/> <Node id="1096"/>back<Node id="1100"/> <Node id="1101"/>to<Node id="1103"/> <Node id="1104"/>Feburary<Node id="1112"/> <Node id="1113"/>20th<Node id="1117"/>,<Node id="1118"/> <Node id="1119"/>when<Node id="1123"/> <Node id="1124"/>the<Node id="1127"/> <Node id="1128"/>INCREDIBLE<Node id="1138"/> <Node id="1139"/>
<Node id="1140"/> <Node id="1141"/> <Node id="1142"/> <Node id="1143"/> <Node id="1144"/> <Node id="1145"/> <Node id="1146"/>BROMEISTER<Node id="1156"/> <Node id="1157"/>PREDICTED<Node id="1166"/>:<Node id="1167"/>
<Node id="1168"/>
<Node id="1169"/>	<Node id="1170"/> <Node id="1171"/> <Node id="1172"/>"<Node id="1173"/> <Node id="1174"/>$<Node id="1175"/>1<Node id="1176"/>,<Node id="1177"/>000<Node id="1180"/> <Node id="1181"/>per<Node id="1184"/> <Node id="1185"/>middle<Node id="1191"/> <Node id="1192"/>class<Node id="1197"/> <Node id="1198"/>taxpayer<Node id="1206"/> <Node id="1207"/>in<Node id="1209"/> <Node id="1210"/>NEW<Node id="1213"/> <Node id="1214"/>TAXES<Node id="1219"/> <Node id="1220"/>"<Node id="1221"/>
<Node id="1222"/>
<Node id="1223"/> <Node id="1224"/> <Node id="1225"/> <Node id="1226"/> <Node id="1227"/> <Node id="1228"/> <Node id="1229"/> <Node id="1230"/> <Node id="1231"/> <Node id="1232"/> <Node id="1233"/>"<Node id="1234"/> <Node id="1235"/>A<Node id="1236"/> <Node id="1237"/>NATIONAL<Node id="1245"/> <Node id="1246"/>SALES<Node id="1251"/> <Node id="1252"/>TAX<Node id="1255"/> <Node id="1256"/>"<Node id="1257"/>
<Node id="1258"/>
<Node id="1259"/> <Node id="1260"/> <Node id="1261"/> <Node id="1262"/> <Node id="1263"/> <Node id="1264"/> <Node id="1265"/>Now<Node id="1268"/>,<Node id="1269"/> <Node id="1270"/>for<Node id="1273"/> <Node id="1274"/>more<Node id="1278"/> <Node id="1279"/>AAMMMAAAAZZZZZZIINNNNGGGGG<Node id="1305"/> <Node id="1306"/>Predictions<Node id="1317"/>!<Node id="1318"/>
<Node id="1319"/>
<Node id="1320"/> <Node id="1321"/> <Node id="1322"/> <Node id="1323"/> <Node id="1324"/> <Node id="1325"/> <Node id="1326"/>i<Node id="1327"/>)<Node id="1328"/> <Node id="1329"/> <Node id="1330"/> <Node id="1331"/>The<Node id="1334"/> <Node id="1335"/>NST<Node id="1338"/> <Node id="1339"/>will<Node id="1343"/> <Node id="1344"/>be<Node id="1346"/> <Node id="1347"/>raised<Node id="1353"/> <Node id="1354"/>from<Node id="1358"/> <Node id="1359"/>3<Node id="1360"/>%<Node id="1361"/> <Node id="1362"/>to<Node id="1364"/> <Node id="1365"/>5<Node id="1366"/>%<Node id="1367"/> <Node id="1368"/>by<Node id="1370"/> <Node id="1371"/>1996<Node id="1375"/>.<Node id="1376"/>
<Node id="1377"/>	<Node id="1378"/> <Node id="1379"/> <Node id="1380"/> <Node id="1381"/>Ooops<Node id="1386"/>.<Node id="1387"/> <Node id="1388"/> <Node id="1389"/>They<Node id="1393"/> <Node id="1394"/>ALREADY<Node id="1401"/> <Node id="1402"/>DID<Node id="1405"/> <Node id="1406"/>it<Node id="1408"/>.<Node id="1409"/>
<Node id="1410"/> <Node id="1411"/> <Node id="1412"/> <Node id="1413"/> <Node id="1414"/> <Node id="1415"/> <Node id="1416"/> <Node id="1417"/> <Node id="1418"/> <Node id="1419"/> <Node id="1420"/>
<Node id="1421"/>	<Node id="1422"/> <Node id="1423"/> <Node id="1424"/> <Node id="1425"/>Okay<Node id="1429"/>,<Node id="1430"/> <Node id="1431"/>then<Node id="1435"/>.<Node id="1436"/> <Node id="1437"/> <Node id="1438"/>The<Node id="1441"/> <Node id="1442"/>NST<Node id="1445"/> <Node id="1446"/>will<Node id="1450"/> <Node id="1451"/>be<Node id="1453"/> <Node id="1454"/>raised<Node id="1460"/> <Node id="1461"/>from<Node id="1465"/> <Node id="1466"/>5<Node id="1467"/>%<Node id="1468"/> <Node id="1469"/>to<Node id="1471"/> <Node id="1472"/>7<Node id="1473"/>%<Node id="1474"/> <Node id="1475"/>by<Node id="1477"/> <Node id="1478"/>1996<Node id="1482"/>.<Node id="1483"/>
<Node id="1484"/>
<Node id="1485"/> <Node id="1486"/> <Node id="1487"/> <Node id="1488"/> <Node id="1489"/> <Node id="1490"/> <Node id="1491"/>ii<Node id="1493"/>)<Node id="1494"/> <Node id="1495"/> <Node id="1496"/>Unemployment<Node id="1508"/> <Node id="1509"/>will<Node id="1513"/> <Node id="1514"/>rise<Node id="1518"/>!<Node id="1519"/>
<Node id="1520"/>
<Node id="1521"/> <Node id="1522"/> <Node id="1523"/> <Node id="1524"/> <Node id="1525"/> <Node id="1526"/> <Node id="1527"/>iii<Node id="1530"/>)<Node id="1531"/> <Node id="1532"/> <Node id="1533"/>Tax<Node id="1536"/> <Node id="1537"/>revenues<Node id="1545"/> <Node id="1546"/>will<Node id="1550"/> <Node id="1551"/>decline<Node id="1558"/>.<Node id="1559"/> <Node id="1560"/> <Node id="1561"/>Deficit<Node id="1568"/> <Node id="1569"/>will<Node id="1573"/> <Node id="1574"/>increase<Node id="1582"/>!<Node id="1583"/>
<Node id="1584"/>	<Node id="1585"/> <Node id="1586"/> <Node id="1587"/> <Node id="1588"/> <Node id="1589"/>We<Node id="1591"/>'ll<Node id="1594"/> <Node id="1595"/>get<Node id="1598"/> <Node id="1599"/>another<Node id="1606"/> <Node id="1607"/>DEFICIT<Node id="1614"/> <Node id="1615"/>REDUCTION<Node id="1624"/> <Node id="1625"/>PACKAGE<Node id="1632"/> <Node id="1633"/>by<Node id="1635"/> <Node id="1636"/>1997<Node id="1640"/>!<Node id="1641"/>
<Node id="1642"/>	<Node id="1643"/> <Node id="1644"/> <Node id="1645"/> <Node id="1646"/> <Node id="1647"/>Everyone<Node id="1655"/> <Node id="1656"/>will<Node id="1660"/> <Node id="1661"/>DANCE<Node id="1666"/> <Node id="1667"/>AND<Node id="1670"/> <Node id="1671"/>SING<Node id="1675"/>!<Node id="1676"/>
<Node id="1677"/>
<Node id="1678"/> <Node id="1679"/> <Node id="1680"/> <Node id="1681"/> <Node id="1682"/> <Node id="1683"/> <Node id="1684"/>Yup<Node id="1687"/>.<Node id="1688"/> <Node id="1689"/> <Node id="1690"/>I<Node id="1691"/>'m<Node id="1693"/> <Node id="1694"/>gonna<Node id="1699"/> <Node id="1700"/>&lt;<Node id="1701"/>glancing<Node id="1709"/> <Node id="1710"/>at<Node id="1712"/> <Node id="1713"/>watch<Node id="1718"/>&gt;<Node id="1719"/> <Node id="1720"/>bail<Node id="1724"/> <Node id="1725"/>out<Node id="1728"/> <Node id="1729"/>of<Node id="1731"/> <Node id="1732"/>here<Node id="1736"/>
<Node id="1737"/> <Node id="1738"/> <Node id="1739"/> <Node id="1740"/> <Node id="1741"/> <Node id="1742"/> <Node id="1743"/>at<Node id="1745"/> <Node id="1746"/>1<Node id="1747"/> <Node id="1748"/>PM<Node id="1750"/>,<Node id="1751"/> <Node id="1752"/>amble<Node id="1757"/> <Node id="1758"/>on<Node id="1760"/> <Node id="1761"/>down<Node id="1765"/> <Node id="1766"/>to<Node id="1768"/> <Node id="1769"/>the<Node id="1772"/> <Node id="1773"/>lake<Node id="1777"/>.<Node id="1778"/> <Node id="1779"/> <Node id="1780"/>Hang<Node id="1784"/> <Node id="1785"/>out<Node id="1788"/>.<Node id="1789"/> <Node id="1790"/> <Node id="1791"/>Sit<Node id="1794"/>
<Node id="1795"/> <Node id="1796"/> <Node id="1797"/> <Node id="1798"/> <Node id="1799"/> <Node id="1800"/> <Node id="1801"/>in<Node id="1803"/> <Node id="1804"/>the<Node id="1807"/> <Node id="1808"/>sun<Node id="1811"/> <Node id="1812"/>and<Node id="1815"/> <Node id="1816"/>take<Node id="1820"/> <Node id="1821"/>it<Node id="1823"/> <Node id="1824"/>EASY<Node id="1828"/>!<Node id="1829"/> <Node id="1830"/> <Node id="1831"/> <Node id="1832"/>:<Node id="1833"/>)<Node id="1834"/> <Node id="1835"/> <Node id="1836"/> <Node id="1837"/>Yeah<Node id="1841"/>!<Node id="1842"/> <Node id="1843"/> <Node id="1844"/>
<Node id="1845"/>
<Node id="1846"/> <Node id="1847"/> <Node id="1848"/> <Node id="1849"/> <Node id="1850"/> <Node id="1851"/> <Node id="1852"/>I<Node id="1853"/> <Node id="1854"/>just<Node id="1858"/> <Node id="1859"/>wish<Node id="1863"/> <Node id="1864"/>I<Node id="1865"/> <Node id="1866"/>had<Node id="1869"/> <Node id="1870"/>the<Node id="1873"/> <Node id="1874"/>e-mail<Node id="1880"/> <Node id="1881"/>address<Node id="1888"/> <Node id="1889"/>of<Node id="1891"/> <Node id="1892"/>total<Node id="1897"/> <Node id="1898"/>gumby<Node id="1903"/> <Node id="1904"/>who<Node id="1907"/>
<Node id="1908"/> <Node id="1909"/> <Node id="1910"/> <Node id="1911"/> <Node id="1912"/> <Node id="1913"/> <Node id="1914"/>was<Node id="1917"/> <Node id="1918"/>saying<Node id="1924"/> <Node id="1925"/>that<Node id="1929"/> <Node id="1930"/>"<Node id="1931"/> <Node id="1932"/>Clinton<Node id="1939"/> <Node id="1940"/>did<Node id="1943"/>n't<Node id="1946"/> <Node id="1947"/>propose<Node id="1954"/> <Node id="1955"/>a<Node id="1956"/> <Node id="1957"/>NST<Node id="1960"/> <Node id="1961"/>"<Node id="1962"/>.<Node id="1963"/>
<Node id="1964"/>
<Node id="1965"/> <Node id="1966"/> <Node id="1967"/> <Node id="1968"/> <Node id="1969"/> <Node id="1970"/> <Node id="1971"/>To<Node id="1973"/> <Node id="1974"/>paraphrase<Node id="1984"/> <Node id="1985"/>Hilary<Node id="1991"/> <Node id="1992"/>Clinton<Node id="1999"/> <Node id="2000"/>-<Node id="2001"/> <Node id="2002"/>"<Node id="2003"/> <Node id="2004"/>I<Node id="2005"/> <Node id="2006"/>will<Node id="2010"/> <Node id="2011"/>not<Node id="2014"/> <Node id="2015"/>raise<Node id="2020"/> <Node id="2021"/>taxes<Node id="2026"/> <Node id="2027"/>on<Node id="2029"/>
<Node id="2030"/> <Node id="2031"/> <Node id="2032"/> <Node id="2033"/> <Node id="2034"/> <Node id="2035"/> <Node id="2036"/>the<Node id="2039"/> <Node id="2040"/>middle<Node id="2046"/> <Node id="2047"/>class<Node id="2052"/> <Node id="2053"/>to<Node id="2055"/> <Node id="2056"/>pay<Node id="2059"/> <Node id="2060"/>for<Node id="2063"/> <Node id="2064"/>my<Node id="2066"/> <Node id="2067"/>programs<Node id="2075"/> <Node id="2076"/>"<Node id="2077"/>
<Node id="2078"/>
<Node id="2079"/> <Node id="2080"/> <Node id="2081"/> <Node id="2082"/> <Node id="2083"/> <Node id="2084"/> <Node id="2085"/>To<Node id="2087"/> <Node id="2088"/>paraphrase<Node id="2098"/> <Node id="2099"/>Bill<Node id="2103"/> <Node id="2104"/>Clinton<Node id="2111"/> <Node id="2112"/>-<Node id="2113"/> <Node id="2114"/>"<Node id="2115"/> <Node id="2116"/>I<Node id="2117"/> <Node id="2118"/>will<Node id="2122"/> <Node id="2123"/>not<Node id="2126"/> <Node id="2127"/>raise<Node id="2132"/> <Node id="2133"/>taxes<Node id="2138"/> <Node id="2139"/>on<Node id="2141"/>
<Node id="2142"/> <Node id="2143"/> <Node id="2144"/> <Node id="2145"/> <Node id="2146"/> <Node id="2147"/> <Node id="2148"/>the<Node id="2151"/> <Node id="2152"/>middle<Node id="2158"/> <Node id="2159"/>class<Node id="2164"/> <Node id="2165"/>to<Node id="2167"/> <Node id="2168"/>pay<Node id="2171"/> <Node id="2172"/>for<Node id="2175"/> <Node id="2176"/>my<Node id="2178"/> <Node id="2179"/>programs<Node id="2187"/> <Node id="2188"/>"<Node id="2189"/>
<Node id="2190"/>
<Node id="2191"/></TextWithNodes>
<!-- The default annotation set -->

<AnnotationSet>
<Annotation EndNode="2191" StartNode="0" Type="Mention" Id="9999999">
<Feature>
<Name classname="java.lang.String">Class</Name>
<Value classname="java.lang.String">0</Value>
</Feature>
</Annotation>

<Annotation Id="5" Type="Token" StartNode="10" EndNode="17">
<Feature>
  <Name className="java.lang.String">string</Name>
  <Value className="java.lang.String">uiboise</Value>
</Feature>
</Annotation>
<Annotation Id="12" Type="Token" StartNode="29" EndNode="36">
<Feature>
  <Name className="java.lang.String">string</Name>
  <Value className="java.lang.String">Broward</Value>
</Feature>
</Annotation>
<Annotation Id="20" Type="Token" StartNode="47" EndNode="55">
<Feature>
  <Name className="java.lang.String">string</Name>
  <Value className="java.lang.String">Message-</Value>
</Feature>
</Annotation>
<Annotation Id="25" Type="Token" StartNode="60" EndNode="70">
</Annotation>
<Annotation Id="30" Type="Token" StartNode="79" EndNode="87">
<Feature>
  <Name className="java.lang.String">string</Name>
  <Value className="java.lang.String">inet-gw-</Value>
</Feature>
</Annotation>
<Annotation Id="60" Type="Token" StartNode="135" EndNode="145">
<Feature>
  <Name className="java.lang.String">string</Name>
  <Value className="java.lang.String">X-Received</Value>
</Feature>
</Annotation>
<Annotation Id="65" Type="Token" StartNode="150" EndNode="156">
<Feature>
  <Name className="java.lang.String">string</Name>
  <Value className="java.lang.String">usenet</Value>
</Feature>
</Annotation>
<Annotation Id="103" Type="Token" StartNode="226" EndNode="234">
<Feature>
  <Name className="java.lang.String">string</Name>
  <Value className="java.lang.String">inet-gw-</Value>
</Feature>
</Annotation>
<Annotation Id="98" Type="Token" StartNode="211" EndNode="221">
<Feature>
  <Name className="java.lang.String">string</Name>
  <Value className="java.lang.String">X-Received</Value>
</Feature>
</Annotation>
<Annotation Id="137" Type="Token" StartNode="290" EndNode="300">
<Feature>
  <Name className="java.lang.String">string</Name>
  <Value className="java.lang.String">X-Received</Value>
</Feature>
</Annotation>
<Annotation Id="142" Type="Token" StartNode="305" EndNode="312">
<Feature>
  <Name className="java.lang.String">string</Name>
  <Value className="java.lang.String">uiboise</Value>
</Feature>
</Annotation>
<Annotation Id="188" Type="Token" StartNode="389" EndNode="397">
<Feature>
  <Name className="java.lang.String">string</Name>
  <Value className="java.lang.String">politics</Value>
</Feature>
</Annotation>
<Annotation Id="205" Type="Token" StartNode="444" EndNode="452">
<Feature>
  <Name className="java.lang.String">string</Name>
  <Value className="java.lang.String">X-Mailer</Value>
</Feature>
</Annotation>
<Annotation Id="201" Type="Token" StartNode="429" EndNode="436">
<Feature>
  <Name className="java.lang.String">string</Name>
  <Value className="java.lang.String">clinton</Value>
</Feature>
</Annotation>
<Annotation Id="203" Type="Token" StartNode="437" EndNode="443">
<Feature>
  <Name className="java.lang.String">string</Name>
  <Value className="java.lang.String">usenet</Value>
</Feature>
</Annotation>
<Annotation Id="199" Type="Token" StartNode="420" EndNode="428">
<Feature>
  <Name className="java.lang.String">string</Name>
  <Value className="java.lang.String">politics</Value>
</Feature>
</Annotation>
<Annotation Id="192" Type="Token" StartNode="403" EndNode="409">
<Feature>
  <Name className="java.lang.String">string</Name>
  <Value className="java.lang.String">usenet</Value>
</Feature>
</Annotation>
<Annotation Id="211" Type="Token" StartNode="459" EndNode="467">
<Feature>
  <Name className="java.lang.String">string</Name>
  <Value className="java.lang.String">revision</Value>
</Feature>
</Annotation>
<Annotation Id="252" Type="Token" StartNode="539" EndNode="545">
<Feature>
  <Name className="java.lang.String">string</Name>
  <Value className="java.lang.String">gotten</Value>
</Feature>
</Annotation>
<Annotation Id="243" Type="Token" StartNode="515" EndNode="523">
<Feature>
  <Name className="java.lang.String">string</Name>
  <Value className="java.lang.String">National</Value>
</Feature>
</Annotation>
<Annotation Id="294" Type="Token" StartNode="614" EndNode="620">
<Feature>
  <Name className="java.lang.String">string</Name>
  <Value className="java.lang.String">seeing</Value>
</Feature>
</Annotation>
<Annotation Id="342" Type="Token" StartNode="702" EndNode="711">
<Feature>
  <Name className="java.lang.String">string</Name>
  <Value className="java.lang.String">seriously</Value>
</Feature>
</Annotation>
<Annotation Id="325" Type="Token" StartNode="670" EndNode="677">
<Feature>
  <Name className="java.lang.String">string</Name>
  <Value className="java.lang.String">working</Value>
</Feature>
</Annotation>
<Annotation Id="331" Type="Token" StartNode="683" EndNode="689">
<Feature>
  <Name className="java.lang.String">string</Name>
  <Value className="java.lang.String">taking</Value>
</Feature>
</Annotation>
<Annotation Id="383" Type="Token" StartNode="784" EndNode="794">
<Feature>
  <Name className="java.lang.String">string</Name>
  <Value className="java.lang.String">frustrated</Value>
</Feature>
</Annotation>
<Annotation Id="358" Type="Token" StartNode="734" EndNode="741">
<Feature>
  <Name className="java.lang.String">string</Name>
  <Value className="java.lang.String">busting</Value>
</Feature>
</Annotation>
<Annotation Id="365" Type="Token" StartNode="750" EndNode="758">
<Feature>
  <Name className="java.lang.String">string</Name>
  <Value className="java.lang.String">watching</Value>
</Feature>
</Annotation>
<Annotation Id="392" Type="Token" StartNode="803" EndNode="809">
<Feature>
  <Name className="java.lang.String">string</Name>
  <Value className="java.lang.String">pretty</Value>
</Feature>
</Annotation>
<Annotation Id="439" Type="Token" StartNode="878" EndNode="889">
<Feature>
  <Name className="java.lang.String">string</Name>
  <Value className="java.lang.String">yeeaaaahhhh</Value>
</Feature>
</Annotation>
<Annotation Id="429" Type="Token" StartNode="859" EndNode="865">
<Feature>
  <Name className="java.lang.String">string</Name>
  <Value className="java.lang.String">HEALTH</Value>
</Feature>
</Annotation>
<Annotation Id="472" Type="Token" StartNode="939" EndNode="946">
<Feature>
  <Name className="java.lang.String">string</Name>
  <Value className="java.lang.String">DANCING</Value>
</Feature>
</Annotation>
<Annotation Id="496" Type="Token" StartNode="1002" EndNode="1012">
<Feature>
  <Name className="java.lang.String">string</Name>
  <Value className="java.lang.String">BROMEISTER</Value>
</Feature>
</Annotation>
<Annotation Id="494" Type="Token" StartNode="991" EndNode="1001">
<Feature>
  <Name className="java.lang.String">string</Name>
  <Value className="java.lang.String">INCREDIBLE</Value>
</Feature>
</Annotation>
<Annotation Id="488" Type="Token" StartNode="970" EndNode="981">
<Feature>
  <Name className="java.lang.String">string</Name>
  <Value className="java.lang.String">PREDICTIONS</Value>
</Feature>
</Annotation>
<Annotation Id="486" Type="Token" StartNode="962" EndNode="969">
<Feature>
  <Name className="java.lang.String">string</Name>
  <Value className="java.lang.String">AMAZING</Value>
</Feature>
</Annotation>
<Annotation Id="616" Type="Token" StartNode="1185" EndNode="1191">
<Feature>
  <Name className="java.lang.String">string</Name>
  <Value className="java.lang.String">middle</Value>
</Feature>
</Annotation>
<Annotation Id="620" Type="Token" StartNode="1198" EndNode="1206">
<Feature>
  <Name className="java.lang.String">string</Name>
  <Value className="java.lang.String">taxpayer</Value>
</Feature>
</Annotation>
<Annotation Id="579" Type="Token" StartNode="1104" EndNode="1112">
<Feature>
  <Name className="java.lang.String">string</Name>
  <Value className="java.lang.String">Feburary</Value>
</Feature>
</Annotation>
<Annotation Id="589" Type="Token" StartNode="1128" EndNode="1138">
<Feature>
  <Name className="java.lang.String">string</Name>
  <Value className="java.lang.String">INCREDIBLE</Value>
</Feature>
</Annotation>
<Annotation Id="598" Type="Token" StartNode="1146" EndNode="1156">
<Feature>
  <Name className="java.lang.String">string</Name>
  <Value className="java.lang.String">BROMEISTER</Value>
</Feature>
</Annotation>
<Annotation Id="600" Type="Token" StartNode="1157" EndNode="1166">
<Feature>
  <Name className="java.lang.String">string</Name>
  <Value className="java.lang.String">PREDICTED</Value>
</Feature>
</Annotation>
<Annotation Id="692" Type="Token" StartNode="1347" EndNode="1353">
<Feature>
  <Name className="java.lang.String">string</Name>
  <Value className="java.lang.String">raised</Value>
</Feature>
</Annotation>
<Annotation Id="645" Type="Token" StartNode="1237" EndNode="1245">
<Feature>
  <Name className="java.lang.String">string</Name>
  <Value className="java.lang.String">NATIONAL</Value>
</Feature>
</Annotation>
<Annotation Id="669" Type="Token" StartNode="1306" EndNode="1317">
<Feature>
  <Name className="java.lang.String">string</Name>
  <Value className="java.lang.String">Predictions</Value>
</Feature>
</Annotation>
<Annotation Id="667" Type="Token" StartNode="1279" EndNode="1305">
<Feature>
  <Name className="java.lang.String">string</Name>
  <Value className="java.lang.String">AAMMMAAAAZZZZZZIINNNNGGGGG</Value>
</Feature>
</Annotation>
<Annotation Id="756" Type="Token" StartNode="1454" EndNode="1460">
<Feature>
  <Name className="java.lang.String">string</Name>
  <Value className="java.lang.String">raised</Value>
</Feature>
</Annotation>
<Annotation Id="719" Type="Token" StartNode="1394" EndNode="1401">
<Feature>
  <Name className="java.lang.String">string</Name>
  <Value className="java.lang.String">ALREADY</Value>
</Feature>
</Annotation>
<Annotation Id="816" Type="Token" StartNode="1574" EndNode="1582">
<Feature>
  <Name className="java.lang.String">string</Name>
  <Value className="java.lang.String">increase</Value>
</Feature>
</Annotation>
<Annotation Id="830" Type="Token" StartNode="1599" EndNode="1606">
<Feature>
  <Name className="java.lang.String">string</Name>
  <Value className="java.lang.String">another</Value>
</Feature>
</Annotation>
<Annotation Id="804" Type="Token" StartNode="1537" EndNode="1545">
<Feature>
  <Name className="java.lang.String">string</Name>
  <Value className="java.lang.String">revenues</Value>
</Feature>
</Annotation>
<Annotation Id="812" Type="Token" StartNode="1561" EndNode="1568">
<Feature>
  <Name className="java.lang.String">string</Name>
  <Value className="java.lang.String">Deficit</Value>
</Feature>
</Annotation>
<Annotation Id="808" Type="Token" StartNode="1551" EndNode="1558">
<Feature>
  <Name className="java.lang.String">string</Name>
  <Value className="java.lang.String">decline</Value>
</Feature>
</Annotation>
<Annotation Id="784" Type="Token" StartNode="1496" EndNode="1508">
<Feature>
  <Name className="java.lang.String">string</Name>
  <Value className="java.lang.String">Unemployment</Value>
</Feature>
</Annotation>
<Annotation Id="877" Type="Token" StartNode="1701" EndNode="1709">
<Feature>
  <Name className="java.lang.String">string</Name>
  <Value className="java.lang.String">glancing</Value>
</Feature>
</Annotation>
<Annotation Id="848" Type="Token" StartNode="1647" EndNode="1655">
<Feature>
  <Name className="java.lang.String">string</Name>
  <Value className="java.lang.String">Everyone</Value>
</Feature>
</Annotation>
<Annotation Id="834" Type="Token" StartNode="1615" EndNode="1624">
<Feature>
  <Name className="java.lang.String">string</Name>
  <Value className="java.lang.String">REDUCTION</Value>
</Feature>
</Annotation>
<Annotation Id="832" Type="Token" StartNode="1607" EndNode="1614">
<Feature>
  <Name className="java.lang.String">string</Name>
  <Value className="java.lang.String">DEFICIT</Value>
</Feature>
</Annotation>
<Annotation Id="836" Type="Token" StartNode="1625" EndNode="1632">
<Feature>
  <Name className="java.lang.String">string</Name>
  <Value className="java.lang.String">PACKAGE</Value>
</Feature>
</Annotation>
<Annotation Id="1011" Type="Token" StartNode="1947" EndNode="1954">
<Feature>
  <Name className="java.lang.String">string</Name>
  <Value className="java.lang.String">propose</Value>
</Feature>
</Annotation>
<Annotation Id="1005" Type="Token" StartNode="1932" EndNode="1939">
<Feature>
  <Name className="java.lang.String">string</Name>
  <Value className="java.lang.String">Clinton</Value>
</Feature>
</Annotation>
<Annotation Id="999" Type="Token" StartNode="1918" EndNode="1924">
<Feature>
  <Name className="java.lang.String">string</Name>
  <Value className="java.lang.String">saying</Value>
</Feature>
</Annotation>
<Annotation Id="979" Type="Token" StartNode="1874" EndNode="1880">
<Feature>
  <Name className="java.lang.String">string</Name>
  <Value className="java.lang.String">e-mail</Value>
</Feature>
</Annotation>
<Annotation Id="981" Type="Token" StartNode="1881" EndNode="1888">
<Feature>
  <Name className="java.lang.String">string</Name>
  <Value className="java.lang.String">address</Value>
</Feature>
</Annotation>
<Annotation Id="1088" Type="Token" StartNode="2104" EndNode="2111">
<Feature>
  <Name className="java.lang.String">string</Name>
  <Value className="java.lang.String">Clinton</Value>
</Feature>
</Annotation>
<Annotation Id="1114" Type="Token" StartNode="2152" EndNode="2158">
<Feature>
  <Name className="java.lang.String">string</Name>
  <Value className="java.lang.String">middle</Value>
</Feature>
</Annotation>
<Annotation Id="1126" Type="Token" StartNode="2179" EndNode="2187">
<Feature>
  <Name className="java.lang.String">string</Name>
  <Value className="java.lang.String">programs</Value>
</Feature>
</Annotation>
<Annotation Id="1033" Type="Token" StartNode="1992" EndNode="1999">
<Feature>
  <Name className="java.lang.String">string</Name>
  <Value className="java.lang.String">Clinton</Value>
</Feature>
</Annotation>
<Annotation Id="1029" Type="Token" StartNode="1974" EndNode="1984">
<Feature>
  <Name className="java.lang.String">string</Name>
  <Value className="java.lang.String">paraphrase</Value>
</Feature>
</Annotation>
<Annotation Id="1031" Type="Token" StartNode="1985" EndNode="1991">
<Feature>
  <Name className="java.lang.String">string</Name>
  <Value className="java.lang.String">Hilary</Value>
</Feature>
</Annotation>
<Annotation Id="1071" Type="Token" StartNode="2067" EndNode="2075">
<Feature>
  <Name className="java.lang.String">string</Name>
  <Value className="java.lang.String">programs</Value>
</Feature>
</Annotation>
<Annotation Id="1059" Type="Token" StartNode="2040" EndNode="2046">
<Feature>
  <Name className="java.lang.String">string</Name>
  <Value className="java.lang.String">middle</Value>
</Feature>
</Annotation>
<Annotation Id="1084" Type="Token" StartNode="2088" EndNode="2098">
<Feature>
  <Name className="java.lang.String">string</Name>
  <Value className="java.lang.String">paraphrase</Value>
</Feature>
</Annotation>
</AnnotationSet>
<AnnotationSet Name="Original markups"> </AnnotationSet>
</GateDocument>