<?xml version='1.0' encoding='UTF-8'?>
<GateDocument version="3">
<!-- The document's features-->

<GateDocumentFeatures>
<Feature>
  <Name className="java.lang.String">Original_document_content_on_load</Name>
  <Value className="java.lang.String">From: loki@acca.nmsu.edu (Entropic Destroyer)
Date: 25 Apr 1993 01:04:26 GMT
Organization: New Mexico State University
Lines: 33
Message-ID: &lt;1rco2qINN91q@dns1.NMSU.Edu>
NNTP-Posting-Host: kazak.nmsu.edu
X-Newsreader: TIN [version 1.1 PL9]


The Denver Post (supposed voice of the supposed Rocky Mountain Empire)
ran the following in the 'Firearms, Supplies' classified heading on 
Friday, 23 April 1993.  If you have an opinion about their new found
wisdom, I am told that the person to speak with is one Mr. Walters,
(303)820-1267.

	Notice

	The Denver Post will no longer 
	knowingly accept any advertise-
	ment to buy or sell assault weap-
	ons.  The Denver Post finds that 
	the use of assault weapons poses
	a threat to the health, safety, and
	security of its readers.

Let 'em know what you think...

--Dan
--
Spooksmoke: Revolution, Assasination, Thorium, Cobalt-60, Clintin, CIA, NSA, SHC
  DoD #202 / loki@acca.nmsu.edu / liberty or death / taylordf@ucsu.colorado.edu 
                 Send me something even YOU can't read...
-----BEGIN PGP PUBLIC KEY BLOCK-----
Version: 2.2

mQCNAitfksQAAAEEAKceEjWI9f5KMJyKP0LOgC5dGHRpbMY2xhOo8kpEHMDyuf8a
1BfDQSj53kosTz6HRoshSDzLVuL1/40vPjmMNtFR+vyZ4jvd3rL4iuq2umMmex3M
itf3uLt8Xn/v/QAbsvhcFSHVJVK4Lf6wosuCMO03m2TiX31AI7VB0Uzo4yXjAAUX
tCREYW5pZWwgRiBUYXlsb3IgPExva2lAYWNjYS5ubXN1LmVkdT4=
=S5ib
-----END PGP PUBLIC KEY BLOCK-----
</Value>
</Feature>
<Feature>
  <Name className="java.lang.String">gate.SourceURL</Name>
  <Value className="java.lang.String">file:/C:/Users/jian/Documents/NetBeansProjects/NoiseReductionTechniques/mideastPoliticsMix/negative1215</Value>
</Feature>
</GateDocumentFeatures>
<!-- The document content area with serialized nodes -->

<TextWithNodes><Node id="0"/>From<Node id="4"/>:<Node id="5"/> <Node id="6"/>loki<Node id="10"/>@<Node id="11"/>acca<Node id="15"/>.<Node id="16"/>nmsu<Node id="20"/>.<Node id="21"/>edu<Node id="24"/> <Node id="25"/>(<Node id="26"/>Entropic<Node id="34"/> <Node id="35"/>Destroyer<Node id="44"/>)<Node id="45"/>
<Node id="46"/>Date<Node id="50"/>:<Node id="51"/> <Node id="52"/>25<Node id="54"/> <Node id="55"/>Apr<Node id="58"/> <Node id="59"/>1993<Node id="63"/> <Node id="64"/>01<Node id="66"/>:<Node id="67"/>04<Node id="69"/>:<Node id="70"/>26<Node id="72"/> <Node id="73"/>GMT<Node id="76"/>
<Node id="77"/>Organization<Node id="89"/>:<Node id="90"/> <Node id="91"/>New<Node id="94"/> <Node id="95"/>Mexico<Node id="101"/> <Node id="102"/>State<Node id="107"/> <Node id="108"/>University<Node id="118"/>
<Node id="119"/>Lines<Node id="124"/>:<Node id="125"/> <Node id="126"/>33<Node id="128"/>
<Node id="129"/>Message-<Node id="137"/>ID<Node id="139"/>:<Node id="140"/> <Node id="141"/>&lt;<Node id="142"/>1<Node id="143"/>rco<Node id="146"/>2<Node id="147"/>qINN<Node id="151"/>91<Node id="153"/>q<Node id="154"/>@<Node id="155"/>dns<Node id="158"/>1<Node id="159"/>.<Node id="160"/>NMSU<Node id="164"/>.<Node id="165"/>Edu<Node id="168"/>&gt;<Node id="169"/>
<Node id="170"/>NNTP-Posting-Host<Node id="187"/>:<Node id="188"/> <Node id="189"/>kazak<Node id="194"/>.<Node id="195"/>nmsu<Node id="199"/>.<Node id="200"/>edu<Node id="203"/>
<Node id="204"/>X-Newsreader<Node id="216"/>:<Node id="217"/> <Node id="218"/>TIN<Node id="221"/> <Node id="222"/>[<Node id="223"/>version<Node id="230"/> <Node id="231"/>1<Node id="232"/>.<Node id="233"/>1<Node id="234"/> <Node id="235"/>PL<Node id="237"/>9<Node id="238"/>]<Node id="239"/>
<Node id="240"/>
<Node id="241"/>
<Node id="242"/>The<Node id="245"/> <Node id="246"/>Denver<Node id="252"/> <Node id="253"/>Post<Node id="257"/> <Node id="258"/>(<Node id="259"/>supposed<Node id="267"/> <Node id="268"/>voice<Node id="273"/> <Node id="274"/>of<Node id="276"/> <Node id="277"/>the<Node id="280"/> <Node id="281"/>supposed<Node id="289"/> <Node id="290"/>Rocky<Node id="295"/> <Node id="296"/>Mountain<Node id="304"/> <Node id="305"/>Empire<Node id="311"/>)<Node id="312"/>
<Node id="313"/>ran<Node id="316"/> <Node id="317"/>the<Node id="320"/> <Node id="321"/>following<Node id="330"/> <Node id="331"/>in<Node id="333"/> <Node id="334"/>the<Node id="337"/> <Node id="338"/>'<Node id="339"/>Firearms<Node id="347"/>,<Node id="348"/> <Node id="349"/>Supplies<Node id="357"/>'<Node id="358"/> <Node id="359"/>classified<Node id="369"/> <Node id="370"/>heading<Node id="377"/> <Node id="378"/>on<Node id="380"/> <Node id="381"/>
<Node id="382"/>Friday<Node id="388"/>,<Node id="389"/> <Node id="390"/>23<Node id="392"/> <Node id="393"/>April<Node id="398"/> <Node id="399"/>1993<Node id="403"/>.<Node id="404"/> <Node id="405"/> <Node id="406"/>If<Node id="408"/> <Node id="409"/>you<Node id="412"/> <Node id="413"/>have<Node id="417"/> <Node id="418"/>an<Node id="420"/> <Node id="421"/>opinion<Node id="428"/> <Node id="429"/>about<Node id="434"/> <Node id="435"/>their<Node id="440"/> <Node id="441"/>new<Node id="444"/> <Node id="445"/>found<Node id="450"/>
<Node id="451"/>wisdom<Node id="457"/>,<Node id="458"/> <Node id="459"/>I<Node id="460"/> <Node id="461"/>am<Node id="463"/> <Node id="464"/>told<Node id="468"/> <Node id="469"/>that<Node id="473"/> <Node id="474"/>the<Node id="477"/> <Node id="478"/>person<Node id="484"/> <Node id="485"/>to<Node id="487"/> <Node id="488"/>speak<Node id="493"/> <Node id="494"/>with<Node id="498"/> <Node id="499"/>is<Node id="501"/> <Node id="502"/>one<Node id="505"/> <Node id="506"/>Mr<Node id="508"/>.<Node id="509"/> <Node id="510"/>Walters<Node id="517"/>,<Node id="518"/>
<Node id="519"/>(<Node id="520"/>303<Node id="523"/>)<Node id="524"/>820<Node id="527"/>-<Node id="528"/>1267<Node id="532"/>.<Node id="533"/>
<Node id="534"/>
<Node id="535"/>	<Node id="536"/>Notice<Node id="542"/>
<Node id="543"/>
<Node id="544"/>	<Node id="545"/>The<Node id="548"/> <Node id="549"/>Denver<Node id="555"/> <Node id="556"/>Post<Node id="560"/> <Node id="561"/>will<Node id="565"/> <Node id="566"/>no<Node id="568"/> <Node id="569"/>longer<Node id="575"/> <Node id="576"/>
<Node id="577"/>	<Node id="578"/>knowingly<Node id="587"/> <Node id="588"/>accept<Node id="594"/> <Node id="595"/>any<Node id="598"/> <Node id="599"/>advertise-<Node id="609"/>
<Node id="610"/>	<Node id="611"/>ment<Node id="615"/> <Node id="616"/>to<Node id="618"/> <Node id="619"/>buy<Node id="622"/> <Node id="623"/>or<Node id="625"/> <Node id="626"/>sell<Node id="630"/> <Node id="631"/>assault<Node id="638"/> <Node id="639"/>weap-<Node id="644"/>
<Node id="645"/>	<Node id="646"/>ons<Node id="649"/>.<Node id="650"/> <Node id="651"/> <Node id="652"/>The<Node id="655"/> <Node id="656"/>Denver<Node id="662"/> <Node id="663"/>Post<Node id="667"/> <Node id="668"/>finds<Node id="673"/> <Node id="674"/>that<Node id="678"/> <Node id="679"/>
<Node id="680"/>	<Node id="681"/>the<Node id="684"/> <Node id="685"/>use<Node id="688"/> <Node id="689"/>of<Node id="691"/> <Node id="692"/>assault<Node id="699"/> <Node id="700"/>weapons<Node id="707"/> <Node id="708"/>poses<Node id="713"/>
<Node id="714"/>	<Node id="715"/>a<Node id="716"/> <Node id="717"/>threat<Node id="723"/> <Node id="724"/>to<Node id="726"/> <Node id="727"/>the<Node id="730"/> <Node id="731"/>health<Node id="737"/>,<Node id="738"/> <Node id="739"/>safety<Node id="745"/>,<Node id="746"/> <Node id="747"/>and<Node id="750"/>
<Node id="751"/>	<Node id="752"/>security<Node id="760"/> <Node id="761"/>of<Node id="763"/> <Node id="764"/>its<Node id="767"/> <Node id="768"/>readers<Node id="775"/>.<Node id="776"/>
<Node id="777"/>
<Node id="778"/>Let<Node id="781"/> <Node id="782"/>'em<Node id="785"/> <Node id="786"/>know<Node id="790"/> <Node id="791"/>what<Node id="795"/> <Node id="796"/>you<Node id="799"/> <Node id="800"/>think<Node id="805"/>.<Node id="806"/>.<Node id="807"/>.<Node id="808"/>
<Node id="809"/>
<Node id="810"/>-<Node id="811"/>-<Node id="812"/>Dan<Node id="815"/>
<Node id="816"/>-<Node id="817"/>-<Node id="818"/>
<Node id="819"/>Spooksmoke<Node id="829"/>:<Node id="830"/> <Node id="831"/>Revolution<Node id="841"/>,<Node id="842"/> <Node id="843"/>Assasination<Node id="855"/>,<Node id="856"/> <Node id="857"/>Thorium<Node id="864"/>,<Node id="865"/> <Node id="866"/>Cobalt-<Node id="873"/>60<Node id="875"/>,<Node id="876"/> <Node id="877"/>Clintin<Node id="884"/>,<Node id="885"/> <Node id="886"/>CIA<Node id="889"/>,<Node id="890"/> <Node id="891"/>NSA<Node id="894"/>,<Node id="895"/> <Node id="896"/>SHC<Node id="899"/>
<Node id="900"/> <Node id="901"/> <Node id="902"/>DoD<Node id="905"/> <Node id="906"/>#<Node id="907"/>202<Node id="910"/> <Node id="911"/>/<Node id="912"/> <Node id="913"/>loki<Node id="917"/>@<Node id="918"/>acca<Node id="922"/>.<Node id="923"/>nmsu<Node id="927"/>.<Node id="928"/>edu<Node id="931"/> <Node id="932"/>/<Node id="933"/> <Node id="934"/>liberty<Node id="941"/> <Node id="942"/>or<Node id="944"/> <Node id="945"/>death<Node id="950"/> <Node id="951"/>/<Node id="952"/> <Node id="953"/>taylordf<Node id="961"/>@<Node id="962"/>ucsu<Node id="966"/>.<Node id="967"/>colorado<Node id="975"/>.<Node id="976"/>edu<Node id="979"/> <Node id="980"/>
<Node id="981"/> <Node id="982"/> <Node id="983"/> <Node id="984"/> <Node id="985"/> <Node id="986"/> <Node id="987"/> <Node id="988"/> <Node id="989"/> <Node id="990"/> <Node id="991"/> <Node id="992"/> <Node id="993"/> <Node id="994"/> <Node id="995"/> <Node id="996"/> <Node id="997"/> <Node id="998"/>Send<Node id="1002"/> <Node id="1003"/>me<Node id="1005"/> <Node id="1006"/>something<Node id="1015"/> <Node id="1016"/>even<Node id="1020"/> <Node id="1021"/>YOU<Node id="1024"/> <Node id="1025"/>ca<Node id="1027"/>n't<Node id="1030"/> <Node id="1031"/>read<Node id="1035"/>.<Node id="1036"/>.<Node id="1037"/>.<Node id="1038"/>
<Node id="1039"/>-<Node id="1040"/>-<Node id="1041"/>-<Node id="1042"/>-<Node id="1043"/>-<Node id="1044"/>BEGIN<Node id="1049"/> <Node id="1050"/>PGP<Node id="1053"/> <Node id="1054"/>PUBLIC<Node id="1060"/> <Node id="1061"/>KEY<Node id="1064"/> <Node id="1065"/>BLOCK-----<Node id="1075"/>
<Node id="1076"/>Version<Node id="1083"/>:<Node id="1084"/> <Node id="1085"/>2<Node id="1086"/>.<Node id="1087"/>2<Node id="1088"/>
<Node id="1089"/>
<Node id="1090"/>mQCNAitfksQAAAEEAKceEjWI<Node id="1114"/>9<Node id="1115"/>f<Node id="1116"/>5<Node id="1117"/>KMJyKP<Node id="1123"/>0<Node id="1124"/>LOgC<Node id="1128"/>5<Node id="1129"/>dGHRpbMY<Node id="1137"/>2<Node id="1138"/>xhOo<Node id="1142"/>8<Node id="1143"/>kpEHMDyuf<Node id="1152"/>8<Node id="1153"/>a<Node id="1154"/>
<Node id="1155"/>1<Node id="1156"/>BfDQSj<Node id="1162"/>53<Node id="1164"/>kosTz<Node id="1169"/>6<Node id="1170"/>HRoshSDzLVuL<Node id="1182"/>1<Node id="1183"/>/<Node id="1184"/>40<Node id="1186"/>vPjmMNtFR<Node id="1195"/>+<Node id="1196"/>vyZ<Node id="1199"/>4<Node id="1200"/>jvd<Node id="1203"/>3<Node id="1204"/>rL<Node id="1206"/>4<Node id="1207"/>iuq<Node id="1210"/>2<Node id="1211"/>umMmex<Node id="1217"/>3<Node id="1218"/>M<Node id="1219"/>
<Node id="1220"/>itf<Node id="1223"/>3<Node id="1224"/>uLt<Node id="1227"/>8<Node id="1228"/>Xn<Node id="1230"/>/<Node id="1231"/>v<Node id="1232"/>/<Node id="1233"/>QAbsvhcFSHVJVK<Node id="1247"/>4<Node id="1248"/>Lf<Node id="1250"/>6<Node id="1251"/>wosuCMO<Node id="1258"/>03<Node id="1260"/>m<Node id="1261"/>2<Node id="1262"/>TiX<Node id="1265"/>31<Node id="1267"/>AI<Node id="1269"/>7<Node id="1270"/>VB<Node id="1272"/>0<Node id="1273"/>Uzo<Node id="1276"/>4<Node id="1277"/>yXjAAUX<Node id="1284"/>
<Node id="1285"/>tCREYW<Node id="1291"/>5<Node id="1292"/>pZWwgRiBUYXlsb<Node id="1306"/>3<Node id="1307"/>IgPExva<Node id="1314"/>2<Node id="1315"/>lAYWNjYS<Node id="1323"/>5<Node id="1324"/>ubXN<Node id="1328"/>1<Node id="1329"/>LmVkdT<Node id="1335"/>4<Node id="1336"/>=<Node id="1337"/>
<Node id="1338"/>=<Node id="1339"/>S<Node id="1340"/>5<Node id="1341"/>ib<Node id="1343"/>
<Node id="1344"/>-<Node id="1345"/>-<Node id="1346"/>-<Node id="1347"/>-<Node id="1348"/>-<Node id="1349"/>END<Node id="1352"/> <Node id="1353"/>PGP<Node id="1356"/> <Node id="1357"/>PUBLIC<Node id="1363"/> <Node id="1364"/>KEY<Node id="1367"/> <Node id="1368"/>BLOCK-----<Node id="1378"/>
<Node id="1379"/></TextWithNodes>
<!-- The default annotation set -->

<AnnotationSet>
<Annotation EndNode="1379" StartNode="0" Type="Mention" Id="9999999">
<Feature>
<Name classname="java.lang.String">Class</Name>
<Value classname="java.lang.String">0</Value>
</Feature>
</Annotation>

<Annotation Id="12" Type="Token" StartNode="26" EndNode="34">
<Feature>
  <Name className="java.lang.String">string</Name>
  <Value className="java.lang.String">Entropic</Value>
</Feature>
</Annotation>
<Annotation Id="14" Type="Token" StartNode="35" EndNode="44">
<Feature>
  <Name className="java.lang.String">string</Name>
  <Value className="java.lang.String">Destroyer</Value>
</Feature>
</Annotation>
<Annotation Id="34" Type="Token" StartNode="77" EndNode="89">
<Feature>
  <Name className="java.lang.String">string</Name>
  <Value className="java.lang.String">Organization</Value>
</Feature>
</Annotation>
<Annotation Id="39" Type="Token" StartNode="95" EndNode="101">
<Feature>
  <Name className="java.lang.String">string</Name>
  <Value className="java.lang.String">Mexico</Value>
</Feature>
</Annotation>
<Annotation Id="43" Type="Token" StartNode="108" EndNode="118">
<Feature>
  <Name className="java.lang.String">string</Name>
  <Value className="java.lang.String">University</Value>
</Feature>
</Annotation>
<Annotation Id="50" Type="Token" StartNode="129" EndNode="137">
<Feature>
  <Name className="java.lang.String">string</Name>
  <Value className="java.lang.String">Message-</Value>
</Feature>
</Annotation>
<Annotation Id="70" Type="Token" StartNode="170" EndNode="187">
<Feature>
  <Name className="java.lang.String">string</Name>
  <Value className="java.lang.String">NNTP-Posting-Host</Value>
</Feature>
</Annotation>
<Annotation Id="79" Type="Token" StartNode="204" EndNode="216">
<Feature>
  <Name className="java.lang.String">string</Name>
  <Value className="java.lang.String">X-Newsreader</Value>
</Feature>
</Annotation>
<Annotation Id="85" Type="Token" StartNode="223" EndNode="230">
<Feature>
  <Name className="java.lang.String">string</Name>
  <Value className="java.lang.String">version</Value>
</Feature>
</Annotation>
<Annotation Id="99" Type="Token" StartNode="246" EndNode="252">
<Feature>
  <Name className="java.lang.String">string</Name>
  <Value className="java.lang.String">Denver</Value>
</Feature>
</Annotation>
<Annotation Id="104" Type="Token" StartNode="259" EndNode="267">
<Feature>
  <Name className="java.lang.String">string</Name>
  <Value className="java.lang.String">supposed</Value>
</Feature>
</Annotation>
<Annotation Id="118" Type="Token" StartNode="305" EndNode="311">
<Feature>
  <Name className="java.lang.String">string</Name>
  <Value className="java.lang.String">Empire</Value>
</Feature>
</Annotation>
<Annotation Id="116" Type="Token" StartNode="296" EndNode="304">
<Feature>
  <Name className="java.lang.String">string</Name>
  <Value className="java.lang.String">Mountain</Value>
</Feature>
</Annotation>
<Annotation Id="112" Type="Token" StartNode="281" EndNode="289">
<Feature>
  <Name className="java.lang.String">string</Name>
  <Value className="java.lang.String">supposed</Value>
</Feature>
</Annotation>
<Annotation Id="125" Type="Token" StartNode="321" EndNode="330">
<Feature>
  <Name className="java.lang.String">string</Name>
  <Value className="java.lang.String">following</Value>
</Feature>
</Annotation>
<Annotation Id="138" Type="Token" StartNode="359" EndNode="369">
<Feature>
  <Name className="java.lang.String">string</Name>
  <Value className="java.lang.String">classified</Value>
</Feature>
</Annotation>
<Annotation Id="140" Type="Token" StartNode="370" EndNode="377">
<Feature>
  <Name className="java.lang.String">string</Name>
  <Value className="java.lang.String">heading</Value>
</Feature>
</Annotation>
<Annotation Id="132" Type="Token" StartNode="339" EndNode="347">
<Feature>
  <Name className="java.lang.String">string</Name>
  <Value className="java.lang.String">Firearms</Value>
</Feature>
</Annotation>
<Annotation Id="135" Type="Token" StartNode="349" EndNode="357">
<Feature>
  <Name className="java.lang.String">string</Name>
  <Value className="java.lang.String">Supplies</Value>
</Feature>
</Annotation>
<Annotation Id="145" Type="Token" StartNode="382" EndNode="388">
<Feature>
  <Name className="java.lang.String">string</Name>
  <Value className="java.lang.String">Friday</Value>
</Feature>
</Annotation>
<Annotation Id="174" Type="Token" StartNode="451" EndNode="457">
<Feature>
  <Name className="java.lang.String">string</Name>
  <Value className="java.lang.String">wisdom</Value>
</Feature>
</Annotation>
<Annotation Id="164" Type="Token" StartNode="421" EndNode="428">
<Feature>
  <Name className="java.lang.String">string</Name>
  <Value className="java.lang.String">opinion</Value>
</Feature>
</Annotation>
<Annotation Id="187" Type="Token" StartNode="478" EndNode="484">
<Feature>
  <Name className="java.lang.String">string</Name>
  <Value className="java.lang.String">person</Value>
</Feature>
</Annotation>
<Annotation Id="202" Type="Token" StartNode="510" EndNode="517">
<Feature>
  <Name className="java.lang.String">string</Name>
  <Value className="java.lang.String">Walters</Value>
</Feature>
</Annotation>
<Annotation Id="221" Type="Token" StartNode="549" EndNode="555">
<Feature>
  <Name className="java.lang.String">string</Name>
  <Value className="java.lang.String">Denver</Value>
</Feature>
</Annotation>
<Annotation Id="215" Type="Token" StartNode="536" EndNode="542">
<Feature>
  <Name className="java.lang.String">string</Name>
  <Value className="java.lang.String">Notice</Value>
</Feature>
</Annotation>
<Annotation Id="239" Type="Token" StartNode="599" EndNode="609">
<Feature>
  <Name className="java.lang.String">string</Name>
  <Value className="java.lang.String">advertise-</Value>
</Feature>
</Annotation>
<Annotation Id="235" Type="Token" StartNode="588" EndNode="594">
<Feature>
  <Name className="java.lang.String">string</Name>
  <Value className="java.lang.String">accept</Value>
</Feature>
</Annotation>
<Annotation Id="233" Type="Token" StartNode="578" EndNode="587">
<Feature>
  <Name className="java.lang.String">string</Name>
  <Value className="java.lang.String">knowingly</Value>
</Feature>
</Annotation>
<Annotation Id="229" Type="Token" StartNode="569" EndNode="575">
<Feature>
  <Name className="java.lang.String">string</Name>
  <Value className="java.lang.String">longer</Value>
</Feature>
</Annotation>
<Annotation Id="252" Type="Token" StartNode="631" EndNode="638">
<Feature>
  <Name className="java.lang.String">string</Name>
  <Value className="java.lang.String">assault</Value>
</Feature>
</Annotation>
<Annotation Id="279" Type="Token" StartNode="692" EndNode="699">
<Feature>
  <Name className="java.lang.String">string</Name>
  <Value className="java.lang.String">assault</Value>
</Feature>
</Annotation>
<Annotation Id="281" Type="Token" StartNode="700" EndNode="707">
<Feature>
  <Name className="java.lang.String">string</Name>
  <Value className="java.lang.String">weapons</Value>
</Feature>
</Annotation>
<Annotation Id="263" Type="Token" StartNode="656" EndNode="662">
<Feature>
  <Name className="java.lang.String">string</Name>
  <Value className="java.lang.String">Denver</Value>
</Feature>
</Annotation>
<Annotation Id="309" Type="Token" StartNode="768" EndNode="775">
<Feature>
  <Name className="java.lang.String">string</Name>
  <Value className="java.lang.String">readers</Value>
</Feature>
</Annotation>
<Annotation Id="288" Type="Token" StartNode="717" EndNode="723">
<Feature>
  <Name className="java.lang.String">string</Name>
  <Value className="java.lang.String">threat</Value>
</Feature>
</Annotation>
<Annotation Id="294" Type="Token" StartNode="731" EndNode="737">
<Feature>
  <Name className="java.lang.String">string</Name>
  <Value className="java.lang.String">health</Value>
</Feature>
</Annotation>
<Annotation Id="297" Type="Token" StartNode="739" EndNode="745">
<Feature>
  <Name className="java.lang.String">string</Name>
  <Value className="java.lang.String">safety</Value>
</Feature>
</Annotation>
<Annotation Id="303" Type="Token" StartNode="752" EndNode="760">
<Feature>
  <Name className="java.lang.String">string</Name>
  <Value className="java.lang.String">security</Value>
</Feature>
</Annotation>
<Annotation Id="343" Type="Token" StartNode="843" EndNode="855">
<Feature>
  <Name className="java.lang.String">string</Name>
  <Value className="java.lang.String">Assasination</Value>
</Feature>
</Annotation>
<Annotation Id="340" Type="Token" StartNode="831" EndNode="841">
<Feature>
  <Name className="java.lang.String">string</Name>
  <Value className="java.lang.String">Revolution</Value>
</Feature>
</Annotation>
<Annotation Id="337" Type="Token" StartNode="819" EndNode="829">
<Feature>
  <Name className="java.lang.String">string</Name>
  <Value className="java.lang.String">Spooksmoke</Value>
</Feature>
</Annotation>
<Annotation Id="349" Type="Token" StartNode="866" EndNode="873">
<Feature>
  <Name className="java.lang.String">string</Name>
  <Value className="java.lang.String">Cobalt-</Value>
</Feature>
</Annotation>
<Annotation Id="346" Type="Token" StartNode="857" EndNode="864">
<Feature>
  <Name className="java.lang.String">string</Name>
  <Value className="java.lang.String">Thorium</Value>
</Feature>
</Annotation>
<Annotation Id="383" Type="Token" StartNode="934" EndNode="941">
<Feature>
  <Name className="java.lang.String">string</Name>
  <Value className="java.lang.String">liberty</Value>
</Feature>
</Annotation>
<Annotation Id="353" Type="Token" StartNode="877" EndNode="884">
<Feature>
  <Name className="java.lang.String">string</Name>
  <Value className="java.lang.String">Clintin</Value>
</Feature>
</Annotation>
<Annotation Id="395" Type="Token" StartNode="967" EndNode="975">
<Feature>
  <Name className="java.lang.String">string</Name>
  <Value className="java.lang.String">colorado</Value>
</Feature>
</Annotation>
<Annotation Id="391" Type="Token" StartNode="953" EndNode="961">
<Feature>
  <Name className="java.lang.String">string</Name>
  <Value className="java.lang.String">taylordf</Value>
</Feature>
</Annotation>
<Annotation Id="445" Type="Token" StartNode="1054" EndNode="1060">
<Feature>
  <Name className="java.lang.String">string</Name>
  <Value className="java.lang.String">PUBLIC</Value>
</Feature>
</Annotation>
<Annotation Id="421" Type="Token" StartNode="1006" EndNode="1015">
<Feature>
  <Name className="java.lang.String">string</Name>
  <Value className="java.lang.String">something</Value>
</Feature>
</Annotation>
<Annotation Id="476" Type="Token" StartNode="1156" EndNode="1162">
<Feature>
  <Name className="java.lang.String">string</Name>
  <Value className="java.lang.String">BfDQSj</Value>
</Feature>
</Annotation>
<Annotation Id="471" Type="Token" StartNode="1143" EndNode="1152">
<Feature>
  <Name className="java.lang.String">string</Name>
  <Value className="java.lang.String">kpEHMDyuf</Value>
</Feature>
</Annotation>
<Annotation Id="467" Type="Token" StartNode="1129" EndNode="1137">
<Feature>
  <Name className="java.lang.String">string</Name>
  <Value className="java.lang.String">dGHRpbMY</Value>
</Feature>
</Annotation>
<Annotation Id="463" Type="Token" StartNode="1117" EndNode="1123">
<Feature>
  <Name className="java.lang.String">string</Name>
  <Value className="java.lang.String">KMJyKP</Value>
</Feature>
</Annotation>
<Annotation Id="459" Type="Token" StartNode="1090" EndNode="1114">
<Feature>
  <Name className="java.lang.String">string</Name>
  <Value className="java.lang.String">mQCNAitfksQAAAEEAKceEjWI</Value>
</Feature>
</Annotation>
<Annotation Id="451" Type="Token" StartNode="1076" EndNode="1083">
<Feature>
  <Name className="java.lang.String">string</Name>
  <Value className="java.lang.String">Version</Value>
</Feature>
</Annotation>
<Annotation Id="449" Type="Token" StartNode="1065" EndNode="1075">
<Feature>
  <Name className="java.lang.String">string</Name>
  <Value className="java.lang.String">BLOCK-----</Value>
</Feature>
</Annotation>
<Annotation Id="510" Type="Token" StartNode="1251" EndNode="1258">
<Feature>
  <Name className="java.lang.String">string</Name>
  <Value className="java.lang.String">wosuCMO</Value>
</Feature>
</Annotation>
<Annotation Id="506" Type="Token" StartNode="1233" EndNode="1247">
<Feature>
  <Name className="java.lang.String">string</Name>
  <Value className="java.lang.String">QAbsvhcFSHVJVK</Value>
</Feature>
</Annotation>
<Annotation Id="494" Type="Token" StartNode="1211" EndNode="1217">
<Feature>
  <Name className="java.lang.String">string</Name>
  <Value className="java.lang.String">umMmex</Value>
</Feature>
</Annotation>
<Annotation Id="484" Type="Token" StartNode="1186" EndNode="1195">
<Feature>
  <Name className="java.lang.String">string</Name>
  <Value className="java.lang.String">vPjmMNtFR</Value>
</Feature>
</Annotation>
<Annotation Id="480" Type="Token" StartNode="1170" EndNode="1182">
<Feature>
  <Name className="java.lang.String">string</Name>
  <Value className="java.lang.String">HRoshSDzLVuL</Value>
</Feature>
</Annotation>
<Annotation Id="556" Type="Token" StartNode="1368" EndNode="1378">
<Feature>
  <Name className="java.lang.String">string</Name>
  <Value className="java.lang.String">BLOCK-----</Value>
</Feature>
</Annotation>
<Annotation Id="552" Type="Token" StartNode="1357" EndNode="1363">
<Feature>
  <Name className="java.lang.String">string</Name>
  <Value className="java.lang.String">PUBLIC</Value>
</Feature>
</Annotation>
<Annotation Id="524" Type="Token" StartNode="1285" EndNode="1291">
<Feature>
  <Name className="java.lang.String">string</Name>
  <Value className="java.lang.String">tCREYW</Value>
</Feature>
</Annotation>
<Annotation Id="526" Type="Token" StartNode="1292" EndNode="1306">
<Feature>
  <Name className="java.lang.String">string</Name>
  <Value className="java.lang.String">pZWwgRiBUYXlsb</Value>
</Feature>
</Annotation>
<Annotation Id="522" Type="Token" StartNode="1277" EndNode="1284">
<Feature>
  <Name className="java.lang.String">string</Name>
  <Value className="java.lang.String">yXjAAUX</Value>
</Feature>
</Annotation>
<Annotation Id="534" Type="Token" StartNode="1329" EndNode="1335">
<Feature>
  <Name className="java.lang.String">string</Name>
  <Value className="java.lang.String">LmVkdT</Value>
</Feature>
</Annotation>
<Annotation Id="528" Type="Token" StartNode="1307" EndNode="1314">
<Feature>
  <Name className="java.lang.String">string</Name>
  <Value className="java.lang.String">IgPExva</Value>
</Feature>
</Annotation>
<Annotation Id="530" Type="Token" StartNode="1315" EndNode="1323">
<Feature>
  <Name className="java.lang.String">string</Name>
  <Value className="java.lang.String">lAYWNjYS</Value>
</Feature>
</Annotation>
</AnnotationSet>
<AnnotationSet Name="Original markups"> </AnnotationSet>
</GateDocument>