<?xml version='1.0' encoding='UTF-8'?>
<GateDocument version="3">
<!-- The document's features-->

<GateDocumentFeatures>
<Feature>
  <Name className="java.lang.String">Original_document_content_on_load</Name>
  <Value className="java.lang.String">Message-ID: &lt;1993Apr5.231447.1@hirama.hiram.edu>
From: medkeffjs@hirama.hiram.edu (Jeff Medkeff)
Date: 5 Apr 93 23:14:47 -0500
References: &lt;1993Apr2.161500.6764@digi.lonestar.org> &lt;C4zI26.34D@wetware.com>
Organization: Hiram College
Nntp-Posting-Host: hirama.hiram.edu
Lines: 20

In article &lt;C4zI26.34D@wetware.com>, drieux@wetware.com 
  (drieux, just drieux) writes (about the armed services):
> 
> ps: Maybe even privatize the organization, or consider
> 'out sourcing' various aspects of the DOD as a part of
> the current 'Down Sizing' - Who Knows, Maybe if we 
> Finally Allowed to "Free Market" to take control, we will
> no longer have a military run by the same folks who are
> running the post office.....
> 
> pps: slow down, and think before you flame, Rhetoric is an ArtForm.

Well, uh, actually I agree.


-- 
Jeffrey S. Medkeff      Bitnet-    medkeffjs@hiramb
PO Box 1098             Internet-  medkeffjs@hiramb.hiram.edu
Hiram, OH 44234         Pale Ebenezer thought it wrong to fight. But
U.S.A.                  Roaring Bill (who killed him) thought it right.
</Value>
</Feature>
<Feature>
  <Name className="java.lang.String">gate.SourceURL</Name>
  <Value className="java.lang.String">file:/C:/Users/jian/Documents/NetBeansProjects/NoiseReductionTechniques/mideastPoliticsMix/negative163</Value>
</Feature>
</GateDocumentFeatures>
<!-- The document content area with serialized nodes -->

<TextWithNodes><Node id="0"/>Message-<Node id="8"/>ID<Node id="10"/>:<Node id="11"/> <Node id="12"/>&lt;<Node id="13"/>1993<Node id="17"/>Apr<Node id="20"/>5<Node id="21"/>.<Node id="22"/>231447<Node id="28"/>.<Node id="29"/>1<Node id="30"/>@<Node id="31"/>hirama<Node id="37"/>.<Node id="38"/>hiram<Node id="43"/>.<Node id="44"/>edu<Node id="47"/>&gt;<Node id="48"/>
<Node id="49"/>From<Node id="53"/>:<Node id="54"/> <Node id="55"/>medkeffjs<Node id="64"/>@<Node id="65"/>hirama<Node id="71"/>.<Node id="72"/>hiram<Node id="77"/>.<Node id="78"/>edu<Node id="81"/> <Node id="82"/>(<Node id="83"/>Jeff<Node id="87"/> <Node id="88"/>Medkeff<Node id="95"/>)<Node id="96"/>
<Node id="97"/>Date<Node id="101"/>:<Node id="102"/> <Node id="103"/>5<Node id="104"/> <Node id="105"/>Apr<Node id="108"/> <Node id="109"/>93<Node id="111"/> <Node id="112"/>23<Node id="114"/>:<Node id="115"/>14<Node id="117"/>:<Node id="118"/>47<Node id="120"/> <Node id="121"/>-<Node id="122"/>0500<Node id="126"/>
<Node id="127"/>References<Node id="137"/>:<Node id="138"/> <Node id="139"/>&lt;<Node id="140"/>1993<Node id="144"/>Apr<Node id="147"/>2<Node id="148"/>.<Node id="149"/>161500<Node id="155"/>.<Node id="156"/>6764<Node id="160"/>@<Node id="161"/>digi<Node id="165"/>.<Node id="166"/>lonestar<Node id="174"/>.<Node id="175"/>org<Node id="178"/>&gt;<Node id="179"/> <Node id="180"/>&lt;<Node id="181"/>C<Node id="182"/>4<Node id="183"/>zI<Node id="185"/>26<Node id="187"/>.<Node id="188"/>34<Node id="190"/>D<Node id="191"/>@<Node id="192"/>wetware<Node id="199"/>.<Node id="200"/>com<Node id="203"/>&gt;<Node id="204"/>
<Node id="205"/>Organization<Node id="217"/>:<Node id="218"/> <Node id="219"/>Hiram<Node id="224"/> <Node id="225"/>College<Node id="232"/>
<Node id="233"/>Nntp-<Node id="238"/>Posting-<Node id="246"/>Host<Node id="250"/>:<Node id="251"/> <Node id="252"/>hirama<Node id="258"/>.<Node id="259"/>hiram<Node id="264"/>.<Node id="265"/>edu<Node id="268"/>
<Node id="269"/>Lines<Node id="274"/>:<Node id="275"/> <Node id="276"/>20<Node id="278"/>
<Node id="279"/>
<Node id="280"/>In<Node id="282"/> <Node id="283"/>article<Node id="290"/> <Node id="291"/>&lt;<Node id="292"/>C<Node id="293"/>4<Node id="294"/>zI<Node id="296"/>26<Node id="298"/>.<Node id="299"/>34<Node id="301"/>D<Node id="302"/>@<Node id="303"/>wetware<Node id="310"/>.<Node id="311"/>com<Node id="314"/>&gt;<Node id="315"/>,<Node id="316"/> <Node id="317"/>drieux<Node id="323"/>@<Node id="324"/>wetware<Node id="331"/>.<Node id="332"/>com<Node id="335"/> <Node id="336"/>
<Node id="337"/> <Node id="338"/> <Node id="339"/>(<Node id="340"/>drieux<Node id="346"/>,<Node id="347"/> <Node id="348"/>just<Node id="352"/> <Node id="353"/>drieux<Node id="359"/>)<Node id="360"/> <Node id="361"/>writes<Node id="367"/> <Node id="368"/>(<Node id="369"/>about<Node id="374"/> <Node id="375"/>the<Node id="378"/> <Node id="379"/>armed<Node id="384"/> <Node id="385"/>services<Node id="393"/>)<Node id="394"/>:<Node id="395"/>
<Node id="396"/>&gt;<Node id="397"/> <Node id="398"/>
<Node id="399"/>&gt;<Node id="400"/> <Node id="401"/>ps<Node id="403"/>:<Node id="404"/> <Node id="405"/>Maybe<Node id="410"/> <Node id="411"/>even<Node id="415"/> <Node id="416"/>privatize<Node id="425"/> <Node id="426"/>the<Node id="429"/> <Node id="430"/>organization<Node id="442"/>,<Node id="443"/> <Node id="444"/>or<Node id="446"/> <Node id="447"/>consider<Node id="455"/>
<Node id="456"/>&gt;<Node id="457"/> <Node id="458"/>'<Node id="459"/>out<Node id="462"/> <Node id="463"/>sourcing<Node id="471"/>'<Node id="472"/> <Node id="473"/>various<Node id="480"/> <Node id="481"/>aspects<Node id="488"/> <Node id="489"/>of<Node id="491"/> <Node id="492"/>the<Node id="495"/> <Node id="496"/>DOD<Node id="499"/> <Node id="500"/>as<Node id="502"/> <Node id="503"/>a<Node id="504"/> <Node id="505"/>part<Node id="509"/> <Node id="510"/>of<Node id="512"/>
<Node id="513"/>&gt;<Node id="514"/> <Node id="515"/>the<Node id="518"/> <Node id="519"/>current<Node id="526"/> <Node id="527"/>'<Node id="528"/>Down<Node id="532"/> <Node id="533"/>Sizing<Node id="539"/>'<Node id="540"/> <Node id="541"/>-<Node id="542"/> <Node id="543"/>Who<Node id="546"/> <Node id="547"/>Knows<Node id="552"/>,<Node id="553"/> <Node id="554"/>Maybe<Node id="559"/> <Node id="560"/>if<Node id="562"/> <Node id="563"/>we<Node id="565"/> <Node id="566"/>
<Node id="567"/>&gt;<Node id="568"/> <Node id="569"/>Finally<Node id="576"/> <Node id="577"/>Allowed<Node id="584"/> <Node id="585"/>to<Node id="587"/> <Node id="588"/>"<Node id="589"/>Free<Node id="593"/> <Node id="594"/>Market<Node id="600"/>"<Node id="601"/> <Node id="602"/>to<Node id="604"/> <Node id="605"/>take<Node id="609"/> <Node id="610"/>control<Node id="617"/>,<Node id="618"/> <Node id="619"/>we<Node id="621"/> <Node id="622"/>will<Node id="626"/>
<Node id="627"/>&gt;<Node id="628"/> <Node id="629"/>no<Node id="631"/> <Node id="632"/>longer<Node id="638"/> <Node id="639"/>have<Node id="643"/> <Node id="644"/>a<Node id="645"/> <Node id="646"/>military<Node id="654"/> <Node id="655"/>run<Node id="658"/> <Node id="659"/>by<Node id="661"/> <Node id="662"/>the<Node id="665"/> <Node id="666"/>same<Node id="670"/> <Node id="671"/>folks<Node id="676"/> <Node id="677"/>who<Node id="680"/> <Node id="681"/>are<Node id="684"/>
<Node id="685"/>&gt;<Node id="686"/> <Node id="687"/>running<Node id="694"/> <Node id="695"/>the<Node id="698"/> <Node id="699"/>post<Node id="703"/> <Node id="704"/>office<Node id="710"/>.<Node id="711"/>.<Node id="712"/>.<Node id="713"/>.<Node id="714"/>.<Node id="715"/>
<Node id="716"/>&gt;<Node id="717"/> <Node id="718"/>
<Node id="719"/>&gt;<Node id="720"/> <Node id="721"/>pps<Node id="724"/>:<Node id="725"/> <Node id="726"/>slow<Node id="730"/> <Node id="731"/>down<Node id="735"/>,<Node id="736"/> <Node id="737"/>and<Node id="740"/> <Node id="741"/>think<Node id="746"/> <Node id="747"/>before<Node id="753"/> <Node id="754"/>you<Node id="757"/> <Node id="758"/>flame<Node id="763"/>,<Node id="764"/> <Node id="765"/>Rhetoric<Node id="773"/> <Node id="774"/>is<Node id="776"/> <Node id="777"/>an<Node id="779"/> <Node id="780"/>ArtForm<Node id="787"/>.<Node id="788"/>
<Node id="789"/>
<Node id="790"/>Well<Node id="794"/>,<Node id="795"/> <Node id="796"/>uh<Node id="798"/>,<Node id="799"/> <Node id="800"/>actually<Node id="808"/> <Node id="809"/>I<Node id="810"/> <Node id="811"/>agree<Node id="816"/>.<Node id="817"/>
<Node id="818"/>
<Node id="819"/>
<Node id="820"/>-<Node id="821"/>-<Node id="822"/> <Node id="823"/>
<Node id="824"/>Jeffrey<Node id="831"/> <Node id="832"/>S<Node id="833"/>.<Node id="834"/> <Node id="835"/>Medkeff<Node id="842"/> <Node id="843"/> <Node id="844"/> <Node id="845"/> <Node id="846"/> <Node id="847"/> <Node id="848"/>Bitnet-<Node id="855"/> <Node id="856"/> <Node id="857"/> <Node id="858"/> <Node id="859"/>medkeffjs<Node id="868"/>@<Node id="869"/>hiramb<Node id="875"/>
<Node id="876"/>PO<Node id="878"/> <Node id="879"/>Box<Node id="882"/> <Node id="883"/>1098<Node id="887"/> <Node id="888"/> <Node id="889"/> <Node id="890"/> <Node id="891"/> <Node id="892"/> <Node id="893"/> <Node id="894"/> <Node id="895"/> <Node id="896"/> <Node id="897"/> <Node id="898"/> <Node id="899"/> <Node id="900"/>Internet-<Node id="909"/> <Node id="910"/> <Node id="911"/>medkeffjs<Node id="920"/>@<Node id="921"/>hiramb<Node id="927"/>.<Node id="928"/>hiram<Node id="933"/>.<Node id="934"/>edu<Node id="937"/>
<Node id="938"/>Hiram<Node id="943"/>,<Node id="944"/> <Node id="945"/>OH<Node id="947"/> <Node id="948"/>44234<Node id="953"/> <Node id="954"/> <Node id="955"/> <Node id="956"/> <Node id="957"/> <Node id="958"/> <Node id="959"/> <Node id="960"/> <Node id="961"/> <Node id="962"/>Pale<Node id="966"/> <Node id="967"/>Ebenezer<Node id="975"/> <Node id="976"/>thought<Node id="983"/> <Node id="984"/>it<Node id="986"/> <Node id="987"/>wrong<Node id="992"/> <Node id="993"/>to<Node id="995"/> <Node id="996"/>fight<Node id="1001"/>.<Node id="1002"/> <Node id="1003"/>But<Node id="1006"/>
<Node id="1007"/>U<Node id="1008"/>.<Node id="1009"/>S<Node id="1010"/>.<Node id="1011"/>A<Node id="1012"/>.<Node id="1013"/> <Node id="1014"/> <Node id="1015"/> <Node id="1016"/> <Node id="1017"/> <Node id="1018"/> <Node id="1019"/> <Node id="1020"/> <Node id="1021"/> <Node id="1022"/> <Node id="1023"/> <Node id="1024"/> <Node id="1025"/> <Node id="1026"/> <Node id="1027"/> <Node id="1028"/> <Node id="1029"/> <Node id="1030"/> <Node id="1031"/>Roaring<Node id="1038"/> <Node id="1039"/>Bill<Node id="1043"/> <Node id="1044"/>(<Node id="1045"/>who<Node id="1048"/> <Node id="1049"/>killed<Node id="1055"/> <Node id="1056"/>him<Node id="1059"/>)<Node id="1060"/> <Node id="1061"/>thought<Node id="1068"/> <Node id="1069"/>it<Node id="1071"/> <Node id="1072"/>right<Node id="1077"/>.<Node id="1078"/>
<Node id="1079"/></TextWithNodes>
<!-- The default annotation set -->

<AnnotationSet>
<Annotation EndNode="1079" StartNode="0" Type="Mention" Id="9999999">
<Feature>
<Name classname="java.lang.String">Class</Name>
<Value classname="java.lang.String">0</Value>
</Feature>
</Annotation>

<Annotation Id="0" Type="Token" StartNode="0" EndNode="8">
<Feature>
  <Name className="java.lang.String">string</Name>
  <Value className="java.lang.String">Message-</Value>
</Feature>
</Annotation>
<Annotation Id="9" Type="Token" StartNode="22" EndNode="28">
</Annotation>
<Annotation Id="13" Type="Token" StartNode="31" EndNode="37">
<Feature>
  <Name className="java.lang.String">string</Name>
  <Value className="java.lang.String">hirama</Value>
</Feature>
</Annotation>
<Annotation Id="23" Type="Token" StartNode="55" EndNode="64">
<Feature>
  <Name className="java.lang.String">string</Name>
  <Value className="java.lang.String">medkeffjs</Value>
</Feature>
</Annotation>
<Annotation Id="25" Type="Token" StartNode="65" EndNode="71">
<Feature>
  <Name className="java.lang.String">string</Name>
  <Value className="java.lang.String">hirama</Value>
</Feature>
</Annotation>
<Annotation Id="34" Type="Token" StartNode="88" EndNode="95">
<Feature>
  <Name className="java.lang.String">string</Name>
  <Value className="java.lang.String">Medkeff</Value>
</Feature>
</Annotation>
<Annotation Id="55" Type="Token" StartNode="127" EndNode="137">
<Feature>
  <Name className="java.lang.String">string</Name>
  <Value className="java.lang.String">References</Value>
</Feature>
</Annotation>
<Annotation Id="63" Type="Token" StartNode="149" EndNode="155">
</Annotation>
<Annotation Id="69" Type="Token" StartNode="166" EndNode="174">
<Feature>
  <Name className="java.lang.String">string</Name>
  <Value className="java.lang.String">lonestar</Value>
</Feature>
</Annotation>
<Annotation Id="83" Type="Token" StartNode="192" EndNode="199">
<Feature>
  <Name className="java.lang.String">string</Name>
  <Value className="java.lang.String">wetware</Value>
</Feature>
</Annotation>
<Annotation Id="93" Type="Token" StartNode="225" EndNode="232">
<Feature>
  <Name className="java.lang.String">string</Name>
  <Value className="java.lang.String">College</Value>
</Feature>
</Annotation>
<Annotation Id="88" Type="Token" StartNode="205" EndNode="217">
<Feature>
  <Name className="java.lang.String">string</Name>
  <Value className="java.lang.String">Organization</Value>
</Feature>
</Annotation>
<Annotation Id="100" Type="Token" StartNode="252" EndNode="258">
<Feature>
  <Name className="java.lang.String">string</Name>
  <Value className="java.lang.String">hirama</Value>
</Feature>
</Annotation>
<Annotation Id="96" Type="Token" StartNode="238" EndNode="246">
<Feature>
  <Name className="java.lang.String">string</Name>
  <Value className="java.lang.String">Posting-</Value>
</Feature>
</Annotation>
<Annotation Id="114" Type="Token" StartNode="283" EndNode="290">
<Feature>
  <Name className="java.lang.String">string</Name>
  <Value className="java.lang.String">article</Value>
</Feature>
</Annotation>
<Annotation Id="125" Type="Token" StartNode="303" EndNode="310">
<Feature>
  <Name className="java.lang.String">string</Name>
  <Value className="java.lang.String">wetware</Value>
</Feature>
</Annotation>
<Annotation Id="141" Type="Token" StartNode="340" EndNode="346">
<Feature>
  <Name className="java.lang.String">string</Name>
  <Value className="java.lang.String">drieux</Value>
</Feature>
</Annotation>
<Annotation Id="131" Type="Token" StartNode="317" EndNode="323">
<Feature>
  <Name className="java.lang.String">string</Name>
  <Value className="java.lang.String">drieux</Value>
</Feature>
</Annotation>
<Annotation Id="133" Type="Token" StartNode="324" EndNode="331">
<Feature>
  <Name className="java.lang.String">string</Name>
  <Value className="java.lang.String">wetware</Value>
</Feature>
</Annotation>
<Annotation Id="158" Type="Token" StartNode="385" EndNode="393">
<Feature>
  <Name className="java.lang.String">string</Name>
  <Value className="java.lang.String">services</Value>
</Feature>
</Annotation>
<Annotation Id="146" Type="Token" StartNode="353" EndNode="359">
<Feature>
  <Name className="java.lang.String">string</Name>
  <Value className="java.lang.String">drieux</Value>
</Feature>
</Annotation>
<Annotation Id="149" Type="Token" StartNode="361" EndNode="367">
<Feature>
  <Name className="java.lang.String">string</Name>
  <Value className="java.lang.String">writes</Value>
</Feature>
</Annotation>
<Annotation Id="174" Type="Token" StartNode="416" EndNode="425">
<Feature>
  <Name className="java.lang.String">string</Name>
  <Value className="java.lang.String">privatize</Value>
</Feature>
</Annotation>
<Annotation Id="190" Type="Token" StartNode="463" EndNode="471">
<Feature>
  <Name className="java.lang.String">string</Name>
  <Value className="java.lang.String">sourcing</Value>
</Feature>
</Annotation>
<Annotation Id="178" Type="Token" StartNode="430" EndNode="442">
<Feature>
  <Name className="java.lang.String">string</Name>
  <Value className="java.lang.String">organization</Value>
</Feature>
</Annotation>
<Annotation Id="183" Type="Token" StartNode="447" EndNode="455">
<Feature>
  <Name className="java.lang.String">string</Name>
  <Value className="java.lang.String">consider</Value>
</Feature>
</Annotation>
<Annotation Id="193" Type="Token" StartNode="473" EndNode="480">
<Feature>
  <Name className="java.lang.String">string</Name>
  <Value className="java.lang.String">various</Value>
</Feature>
</Annotation>
<Annotation Id="195" Type="Token" StartNode="481" EndNode="488">
<Feature>
  <Name className="java.lang.String">string</Name>
  <Value className="java.lang.String">aspects</Value>
</Feature>
</Annotation>
<Annotation Id="220" Type="Token" StartNode="533" EndNode="539">
<Feature>
  <Name className="java.lang.String">string</Name>
  <Value className="java.lang.String">Sizing</Value>
</Feature>
</Annotation>
<Annotation Id="215" Type="Token" StartNode="519" EndNode="526">
<Feature>
  <Name className="java.lang.String">string</Name>
  <Value className="java.lang.String">current</Value>
</Feature>
</Annotation>
<Annotation Id="239" Type="Token" StartNode="569" EndNode="576">
<Feature>
  <Name className="java.lang.String">string</Name>
  <Value className="java.lang.String">Finally</Value>
</Feature>
</Annotation>
<Annotation Id="255" Type="Token" StartNode="610" EndNode="617">
<Feature>
  <Name className="java.lang.String">string</Name>
  <Value className="java.lang.String">control</Value>
</Feature>
</Annotation>
<Annotation Id="248" Type="Token" StartNode="594" EndNode="600">
<Feature>
  <Name className="java.lang.String">string</Name>
  <Value className="java.lang.String">Market</Value>
</Feature>
</Annotation>
<Annotation Id="241" Type="Token" StartNode="577" EndNode="584">
<Feature>
  <Name className="java.lang.String">string</Name>
  <Value className="java.lang.String">Allowed</Value>
</Feature>
</Annotation>
<Annotation Id="272" Type="Token" StartNode="646" EndNode="654">
<Feature>
  <Name className="java.lang.String">string</Name>
  <Value className="java.lang.String">military</Value>
</Feature>
</Annotation>
<Annotation Id="266" Type="Token" StartNode="632" EndNode="638">
<Feature>
  <Name className="java.lang.String">string</Name>
  <Value className="java.lang.String">longer</Value>
</Feature>
</Annotation>
<Annotation Id="290" Type="Token" StartNode="687" EndNode="694">
<Feature>
  <Name className="java.lang.String">string</Name>
  <Value className="java.lang.String">running</Value>
</Feature>
</Annotation>
<Annotation Id="296" Type="Token" StartNode="704" EndNode="710">
<Feature>
  <Name className="java.lang.String">string</Name>
  <Value className="java.lang.String">office</Value>
</Feature>
</Annotation>
<Annotation Id="343" Type="Token" StartNode="800" EndNode="808">
<Feature>
  <Name className="java.lang.String">string</Name>
  <Value className="java.lang.String">actually</Value>
</Feature>
</Annotation>
<Annotation Id="327" Type="Token" StartNode="765" EndNode="773">
<Feature>
  <Name className="java.lang.String">string</Name>
  <Value className="java.lang.String">Rhetoric</Value>
</Feature>
</Annotation>
<Annotation Id="320" Type="Token" StartNode="747" EndNode="753">
<Feature>
  <Name className="java.lang.String">string</Name>
  <Value className="java.lang.String">before</Value>
</Feature>
</Annotation>
<Annotation Id="333" Type="Token" StartNode="780" EndNode="787">
<Feature>
  <Name className="java.lang.String">string</Name>
  <Value className="java.lang.String">ArtForm</Value>
</Feature>
</Annotation>
<Annotation Id="373" Type="Token" StartNode="859" EndNode="868">
<Feature>
  <Name className="java.lang.String">string</Name>
  <Value className="java.lang.String">medkeffjs</Value>
</Feature>
</Annotation>
<Annotation Id="375" Type="Token" StartNode="869" EndNode="875">
<Feature>
  <Name className="java.lang.String">string</Name>
  <Value className="java.lang.String">hiramb</Value>
</Feature>
</Annotation>
<Annotation Id="368" Type="Token" StartNode="848" EndNode="855">
<Feature>
  <Name className="java.lang.String">string</Name>
  <Value className="java.lang.String">Bitnet-</Value>
</Feature>
</Annotation>
<Annotation Id="356" Type="Token" StartNode="824" EndNode="831">
<Feature>
  <Name className="java.lang.String">string</Name>
  <Value className="java.lang.String">Jeffrey</Value>
</Feature>
</Annotation>
<Annotation Id="361" Type="Token" StartNode="835" EndNode="842">
<Feature>
  <Name className="java.lang.String">string</Name>
  <Value className="java.lang.String">Medkeff</Value>
</Feature>
</Annotation>
<Annotation Id="400" Type="Token" StartNode="921" EndNode="927">
<Feature>
  <Name className="java.lang.String">string</Name>
  <Value className="java.lang.String">hiramb</Value>
</Feature>
</Annotation>
<Annotation Id="395" Type="Token" StartNode="900" EndNode="909">
<Feature>
  <Name className="java.lang.String">string</Name>
  <Value className="java.lang.String">Internet-</Value>
</Feature>
</Annotation>
<Annotation Id="398" Type="Token" StartNode="911" EndNode="920">
<Feature>
  <Name className="java.lang.String">string</Name>
  <Value className="java.lang.String">medkeffjs</Value>
</Feature>
</Annotation>
<Annotation Id="425" Type="Token" StartNode="976" EndNode="983">
<Feature>
  <Name className="java.lang.String">string</Name>
  <Value className="java.lang.String">thought</Value>
</Feature>
</Annotation>
<Annotation Id="423" Type="Token" StartNode="967" EndNode="975">
<Feature>
  <Name className="java.lang.String">string</Name>
  <Value className="java.lang.String">Ebenezer</Value>
</Feature>
</Annotation>
<Annotation Id="474" Type="Token" StartNode="1061" EndNode="1068">
<Feature>
  <Name className="java.lang.String">string</Name>
  <Value className="java.lang.String">thought</Value>
</Feature>
</Annotation>
<Annotation Id="469" Type="Token" StartNode="1049" EndNode="1055">
<Feature>
  <Name className="java.lang.String">string</Name>
  <Value className="java.lang.String">killed</Value>
</Feature>
</Annotation>
<Annotation Id="462" Type="Token" StartNode="1031" EndNode="1038">
<Feature>
  <Name className="java.lang.String">string</Name>
  <Value className="java.lang.String">Roaring</Value>
</Feature>
</Annotation>
</AnnotationSet>
<AnnotationSet Name="Original markups"> </AnnotationSet>
</GateDocument>