<?xml version='1.0' encoding='UTF-8'?>
<GateDocument version="3">
<!-- The document's features-->

<GateDocumentFeatures>
<Feature>
  <Name className="java.lang.String">Original_document_content_on_load</Name>
  <Value className="java.lang.String"><![CDATA[From: parker@ehsn17.cen.uiuc.edu (Robert S. Parker)
Date: Fri, 16 Apr 1993 08:43:12 GMT
Message-ID: <C5KIw0.CMn@news.cso.uiuc.edu>
References: <madhausC56w1M.G4I@netcom.com> <1993Apr9.154530.15187@colorado.edu> <1qcer4INNqh9@hpsdde.sdd.hp.com> <1993Apr12.225810.26655@organpipe.uug.arizona.edu>
Sender: usenet@news.cso.uiuc.edu (Net Noise owner)
Organization: University of Illinois at Urbana
Lines: 63

ece_0028@bigdog.engr.arizona.edu (David Anderson) writes:

>In article <1qcer4INNqh9@hpsdde.sdd.hp.com> regard@hpsdde.sdd.hp.com (Adrienne Regard) writes:
>>In article <1993Apr9.154530.15187@colorado.edu> wws@roberts.colorado.edu (Wendy Sullivan) writes:
>>
>>>   Abortion (in many cases) is a choice, birth is a necessary function to keep
>>>   our population alive.  To those who disagree with abortion, I am sure cost
>>>   is not a major factor.
>>
>>Make you the same deal I offered Doug.  You and the rest of the pro-lifers
>>on this net can pay all prenatal and child bearing costs for those poor 
>>who want to have children, and the pro-choicers on the net will pay for the
>>abortions of the poor who don't want to have children.  Deal?
>>
>>Adrienne Regard


>So is that all this is about, money?   What price do you put
>on human life?

>Make *you* a deal, Adrienne.  Suppose we choose the following
>figures:

>value of fetus           $1
>value of abortionist     $10,000,000

>If you'll pay me $1 for every fetus terminated since
>Roe v Wade  (approx 30,000,000), I'll pay you $10,000,000
>for your martyr, Dr. Gunn.
>Deal?

I think you are leaving out a great deal of other "value".  There is no
rational reason to give an "abortionist" a "value" 10 million times that
of a fetus.  (Why not 10 billion, for instance...oh, but then you would
loose on the deal.)

Instead we should look at what is *really* involved in each abortion.
There is the loss of a human life, a life that would otherwise have
eventually become a member of society.  That is certainly a non-zero
value.  There is the physical and emotional suffering of a woman who
finds herself with an unwanted pregnancy, and the greater suffering
caused by the refusal of society to allow her to deal with it.  That
woman is *already* a member of society.

I argue that the cost of suffering of a *real* member of society is
far greater than the loss of a *potential* future member of society.

Now, as for your "deal".  Suppose you "pay" the value of all the suffering
of every woman who *was* denied an abortion, or *would have been* denied
an abortion, under your desired position.  And "we" will "pay" the value
of all the potential future members of society that never became a part of
it (or *would* not have been a part of it, under *our* desired position).

Think about it.

Of course, I expect you will object to my argument that suffering of
on-going life is worse than loss of just-starting life.  If so, please
put forth some rational argument for how the life of a (currently)
non-sentient creature is somehow worth the suffering of a sentient being.
(I figure if I ask enough places, and such an arguement exists, I should
eventually see it.)

-Rob
]]></Value>
</Feature>
<Feature>
  <Name className="java.lang.String">gate.SourceURL</Name>
  <Value className="java.lang.String">file:/C:/Users/jian/Documents/NetBeansProjects/NoiseReductionTechniques/mideastPoliticsMix/negative1229</Value>
</Feature>
</GateDocumentFeatures>
<!-- The document content area with serialized nodes -->

<TextWithNodes><Node id="0"/>From<Node id="4"/>:<Node id="5"/> <Node id="6"/>parker<Node id="12"/>@<Node id="13"/>ehsn<Node id="17"/>17<Node id="19"/>.<Node id="20"/>cen<Node id="23"/>.<Node id="24"/>uiuc<Node id="28"/>.<Node id="29"/>edu<Node id="32"/> <Node id="33"/>(<Node id="34"/>Robert<Node id="40"/> <Node id="41"/>S<Node id="42"/>.<Node id="43"/> <Node id="44"/>Parker<Node id="50"/>)<Node id="51"/>
<Node id="52"/>Date<Node id="56"/>:<Node id="57"/> <Node id="58"/>Fri<Node id="61"/>,<Node id="62"/> <Node id="63"/>16<Node id="65"/> <Node id="66"/>Apr<Node id="69"/> <Node id="70"/>1993<Node id="74"/> <Node id="75"/>08<Node id="77"/>:<Node id="78"/>43<Node id="80"/>:<Node id="81"/>12<Node id="83"/> <Node id="84"/>GMT<Node id="87"/>
<Node id="88"/>Message-<Node id="96"/>ID<Node id="98"/>:<Node id="99"/> <Node id="100"/>&lt;<Node id="101"/>C<Node id="102"/>5<Node id="103"/>KIw<Node id="106"/>0<Node id="107"/>.<Node id="108"/>CMn<Node id="111"/>@<Node id="112"/>news<Node id="116"/>.<Node id="117"/>cso<Node id="120"/>.<Node id="121"/>uiuc<Node id="125"/>.<Node id="126"/>edu<Node id="129"/>&gt;<Node id="130"/>
<Node id="131"/>References<Node id="141"/>:<Node id="142"/> <Node id="143"/>&lt;<Node id="144"/>madhausC<Node id="152"/>56<Node id="154"/>w<Node id="155"/>1<Node id="156"/>M<Node id="157"/>.<Node id="158"/>G<Node id="159"/>4<Node id="160"/>I<Node id="161"/>@<Node id="162"/>netcom<Node id="168"/>.<Node id="169"/>com<Node id="172"/>&gt;<Node id="173"/> <Node id="174"/>&lt;<Node id="175"/>1993<Node id="179"/>Apr<Node id="182"/>9<Node id="183"/>.<Node id="184"/>154530<Node id="190"/>.<Node id="191"/>15187<Node id="196"/>@<Node id="197"/>colorado<Node id="205"/>.<Node id="206"/>edu<Node id="209"/>&gt;<Node id="210"/> <Node id="211"/>&lt;<Node id="212"/>1<Node id="213"/>qcer<Node id="217"/>4<Node id="218"/>INNqh<Node id="223"/>9<Node id="224"/>@<Node id="225"/>hpsdde<Node id="231"/>.<Node id="232"/>sdd<Node id="235"/>.<Node id="236"/>hp<Node id="238"/>.<Node id="239"/>com<Node id="242"/>&gt;<Node id="243"/> <Node id="244"/>&lt;<Node id="245"/>1993<Node id="249"/>Apr<Node id="252"/>12<Node id="254"/>.<Node id="255"/>225810<Node id="261"/>.<Node id="262"/>26655<Node id="267"/>@<Node id="268"/>organpipe<Node id="277"/>.<Node id="278"/>uug<Node id="281"/>.<Node id="282"/>arizona<Node id="289"/>.<Node id="290"/>edu<Node id="293"/>&gt;<Node id="294"/>
<Node id="295"/>Sender<Node id="301"/>:<Node id="302"/> <Node id="303"/>usenet<Node id="309"/>@<Node id="310"/>news<Node id="314"/>.<Node id="315"/>cso<Node id="318"/>.<Node id="319"/>uiuc<Node id="323"/>.<Node id="324"/>edu<Node id="327"/> <Node id="328"/>(<Node id="329"/>Net<Node id="332"/> <Node id="333"/>Noise<Node id="338"/> <Node id="339"/>owner<Node id="344"/>)<Node id="345"/>
<Node id="346"/>Organization<Node id="358"/>:<Node id="359"/> <Node id="360"/>University<Node id="370"/> <Node id="371"/>of<Node id="373"/> <Node id="374"/>Illinois<Node id="382"/> <Node id="383"/>at<Node id="385"/> <Node id="386"/>Urbana<Node id="392"/>
<Node id="393"/>Lines<Node id="398"/>:<Node id="399"/> <Node id="400"/>63<Node id="402"/>
<Node id="403"/>
<Node id="404"/>ece<Node id="407"/>_<Node id="408"/>0028<Node id="412"/>@<Node id="413"/>bigdog<Node id="419"/>.<Node id="420"/>engr<Node id="424"/>.<Node id="425"/>arizona<Node id="432"/>.<Node id="433"/>edu<Node id="436"/> <Node id="437"/>(<Node id="438"/>David<Node id="443"/> <Node id="444"/>Anderson<Node id="452"/>)<Node id="453"/> <Node id="454"/>writes<Node id="460"/>:<Node id="461"/>
<Node id="462"/>
<Node id="463"/>&gt;<Node id="464"/>In<Node id="466"/> <Node id="467"/>article<Node id="474"/> <Node id="475"/>&lt;<Node id="476"/>1<Node id="477"/>qcer<Node id="481"/>4<Node id="482"/>INNqh<Node id="487"/>9<Node id="488"/>@<Node id="489"/>hpsdde<Node id="495"/>.<Node id="496"/>sdd<Node id="499"/>.<Node id="500"/>hp<Node id="502"/>.<Node id="503"/>com<Node id="506"/>&gt;<Node id="507"/> <Node id="508"/>regard<Node id="514"/>@<Node id="515"/>hpsdde<Node id="521"/>.<Node id="522"/>sdd<Node id="525"/>.<Node id="526"/>hp<Node id="528"/>.<Node id="529"/>com<Node id="532"/> <Node id="533"/>(<Node id="534"/>Adrienne<Node id="542"/> <Node id="543"/>Regard<Node id="549"/>)<Node id="550"/> <Node id="551"/>writes<Node id="557"/>:<Node id="558"/>
<Node id="559"/>&gt;<Node id="560"/>&gt;<Node id="561"/>In<Node id="563"/> <Node id="564"/>article<Node id="571"/> <Node id="572"/>&lt;<Node id="573"/>1993<Node id="577"/>Apr<Node id="580"/>9<Node id="581"/>.<Node id="582"/>154530<Node id="588"/>.<Node id="589"/>15187<Node id="594"/>@<Node id="595"/>colorado<Node id="603"/>.<Node id="604"/>edu<Node id="607"/>&gt;<Node id="608"/> <Node id="609"/>wws<Node id="612"/>@<Node id="613"/>roberts<Node id="620"/>.<Node id="621"/>colorado<Node id="629"/>.<Node id="630"/>edu<Node id="633"/> <Node id="634"/>(<Node id="635"/>Wendy<Node id="640"/> <Node id="641"/>Sullivan<Node id="649"/>)<Node id="650"/> <Node id="651"/>writes<Node id="657"/>:<Node id="658"/>
<Node id="659"/>&gt;<Node id="660"/>&gt;<Node id="661"/>
<Node id="662"/>&gt;<Node id="663"/>&gt;<Node id="664"/>&gt;<Node id="665"/> <Node id="666"/> <Node id="667"/> <Node id="668"/>Abortion<Node id="676"/> <Node id="677"/>(<Node id="678"/>in<Node id="680"/> <Node id="681"/>many<Node id="685"/> <Node id="686"/>cases<Node id="691"/>)<Node id="692"/> <Node id="693"/>is<Node id="695"/> <Node id="696"/>a<Node id="697"/> <Node id="698"/>choice<Node id="704"/>,<Node id="705"/> <Node id="706"/>birth<Node id="711"/> <Node id="712"/>is<Node id="714"/> <Node id="715"/>a<Node id="716"/> <Node id="717"/>necessary<Node id="726"/> <Node id="727"/>function<Node id="735"/> <Node id="736"/>to<Node id="738"/> <Node id="739"/>keep<Node id="743"/>
<Node id="744"/>&gt;<Node id="745"/>&gt;<Node id="746"/>&gt;<Node id="747"/> <Node id="748"/> <Node id="749"/> <Node id="750"/>our<Node id="753"/> <Node id="754"/>population<Node id="764"/> <Node id="765"/>alive<Node id="770"/>.<Node id="771"/> <Node id="772"/> <Node id="773"/>To<Node id="775"/> <Node id="776"/>those<Node id="781"/> <Node id="782"/>who<Node id="785"/> <Node id="786"/>disagree<Node id="794"/> <Node id="795"/>with<Node id="799"/> <Node id="800"/>abortion<Node id="808"/>,<Node id="809"/> <Node id="810"/>I<Node id="811"/> <Node id="812"/>am<Node id="814"/> <Node id="815"/>sure<Node id="819"/> <Node id="820"/>cost<Node id="824"/>
<Node id="825"/>&gt;<Node id="826"/>&gt;<Node id="827"/>&gt;<Node id="828"/> <Node id="829"/> <Node id="830"/> <Node id="831"/>is<Node id="833"/> <Node id="834"/>not<Node id="837"/> <Node id="838"/>a<Node id="839"/> <Node id="840"/>major<Node id="845"/> <Node id="846"/>factor<Node id="852"/>.<Node id="853"/>
<Node id="854"/>&gt;<Node id="855"/>&gt;<Node id="856"/>
<Node id="857"/>&gt;<Node id="858"/>&gt;<Node id="859"/>Make<Node id="863"/> <Node id="864"/>you<Node id="867"/> <Node id="868"/>the<Node id="871"/> <Node id="872"/>same<Node id="876"/> <Node id="877"/>deal<Node id="881"/> <Node id="882"/>I<Node id="883"/> <Node id="884"/>offered<Node id="891"/> <Node id="892"/>Doug<Node id="896"/>.<Node id="897"/> <Node id="898"/> <Node id="899"/>You<Node id="902"/> <Node id="903"/>and<Node id="906"/> <Node id="907"/>the<Node id="910"/> <Node id="911"/>rest<Node id="915"/> <Node id="916"/>of<Node id="918"/> <Node id="919"/>the<Node id="922"/> <Node id="923"/>pro-lifers<Node id="933"/>
<Node id="934"/>&gt;<Node id="935"/>&gt;<Node id="936"/>on<Node id="938"/> <Node id="939"/>this<Node id="943"/> <Node id="944"/>net<Node id="947"/> <Node id="948"/>can<Node id="951"/> <Node id="952"/>pay<Node id="955"/> <Node id="956"/>all<Node id="959"/> <Node id="960"/>prenatal<Node id="968"/> <Node id="969"/>and<Node id="972"/> <Node id="973"/>child<Node id="978"/> <Node id="979"/>bearing<Node id="986"/> <Node id="987"/>costs<Node id="992"/> <Node id="993"/>for<Node id="996"/> <Node id="997"/>those<Node id="1002"/> <Node id="1003"/>poor<Node id="1007"/> <Node id="1008"/>
<Node id="1009"/>&gt;<Node id="1010"/>&gt;<Node id="1011"/>who<Node id="1014"/> <Node id="1015"/>want<Node id="1019"/> <Node id="1020"/>to<Node id="1022"/> <Node id="1023"/>have<Node id="1027"/> <Node id="1028"/>children<Node id="1036"/>,<Node id="1037"/> <Node id="1038"/>and<Node id="1041"/> <Node id="1042"/>the<Node id="1045"/> <Node id="1046"/>pro-choicers<Node id="1058"/> <Node id="1059"/>on<Node id="1061"/> <Node id="1062"/>the<Node id="1065"/> <Node id="1066"/>net<Node id="1069"/> <Node id="1070"/>will<Node id="1074"/> <Node id="1075"/>pay<Node id="1078"/> <Node id="1079"/>for<Node id="1082"/> <Node id="1083"/>the<Node id="1086"/>
<Node id="1087"/>&gt;<Node id="1088"/>&gt;<Node id="1089"/>abortions<Node id="1098"/> <Node id="1099"/>of<Node id="1101"/> <Node id="1102"/>the<Node id="1105"/> <Node id="1106"/>poor<Node id="1110"/> <Node id="1111"/>who<Node id="1114"/> <Node id="1115"/>do<Node id="1117"/>n't<Node id="1120"/> <Node id="1121"/>want<Node id="1125"/> <Node id="1126"/>to<Node id="1128"/> <Node id="1129"/>have<Node id="1133"/> <Node id="1134"/>children<Node id="1142"/>.<Node id="1143"/> <Node id="1144"/> <Node id="1145"/>Deal<Node id="1149"/>?<Node id="1150"/>
<Node id="1151"/>&gt;<Node id="1152"/>&gt;<Node id="1153"/>
<Node id="1154"/>&gt;<Node id="1155"/>&gt;<Node id="1156"/>Adrienne<Node id="1164"/> <Node id="1165"/>Regard<Node id="1171"/>
<Node id="1172"/>
<Node id="1173"/>
<Node id="1174"/>&gt;<Node id="1175"/>So<Node id="1177"/> <Node id="1178"/>is<Node id="1180"/> <Node id="1181"/>that<Node id="1185"/> <Node id="1186"/>all<Node id="1189"/> <Node id="1190"/>this<Node id="1194"/> <Node id="1195"/>is<Node id="1197"/> <Node id="1198"/>about<Node id="1203"/>,<Node id="1204"/> <Node id="1205"/>money<Node id="1210"/>?<Node id="1211"/> <Node id="1212"/> <Node id="1213"/> <Node id="1214"/>What<Node id="1218"/> <Node id="1219"/>price<Node id="1224"/> <Node id="1225"/>do<Node id="1227"/> <Node id="1228"/>you<Node id="1231"/> <Node id="1232"/>put<Node id="1235"/>
<Node id="1236"/>&gt;<Node id="1237"/>on<Node id="1239"/> <Node id="1240"/>human<Node id="1245"/> <Node id="1246"/>life<Node id="1250"/>?<Node id="1251"/>
<Node id="1252"/>
<Node id="1253"/>&gt;<Node id="1254"/>Make<Node id="1258"/> <Node id="1259"/>*<Node id="1260"/>you<Node id="1263"/>*<Node id="1264"/> <Node id="1265"/>a<Node id="1266"/> <Node id="1267"/>deal<Node id="1271"/>,<Node id="1272"/> <Node id="1273"/>Adrienne<Node id="1281"/>.<Node id="1282"/> <Node id="1283"/> <Node id="1284"/>Suppose<Node id="1291"/> <Node id="1292"/>we<Node id="1294"/> <Node id="1295"/>choose<Node id="1301"/> <Node id="1302"/>the<Node id="1305"/> <Node id="1306"/>following<Node id="1315"/>
<Node id="1316"/>&gt;<Node id="1317"/>figures<Node id="1324"/>:<Node id="1325"/>
<Node id="1326"/>
<Node id="1327"/>&gt;<Node id="1328"/>value<Node id="1333"/> <Node id="1334"/>of<Node id="1336"/> <Node id="1337"/>fetus<Node id="1342"/> <Node id="1343"/> <Node id="1344"/> <Node id="1345"/> <Node id="1346"/> <Node id="1347"/> <Node id="1348"/> <Node id="1349"/> <Node id="1350"/> <Node id="1351"/> <Node id="1352"/> <Node id="1353"/>$<Node id="1354"/>1<Node id="1355"/>
<Node id="1356"/>&gt;<Node id="1357"/>value<Node id="1362"/> <Node id="1363"/>of<Node id="1365"/> <Node id="1366"/>abortionist<Node id="1377"/> <Node id="1378"/> <Node id="1379"/> <Node id="1380"/> <Node id="1381"/> <Node id="1382"/>$<Node id="1383"/>10<Node id="1385"/>,<Node id="1386"/>000<Node id="1389"/>,<Node id="1390"/>000<Node id="1393"/>
<Node id="1394"/>
<Node id="1395"/>&gt;<Node id="1396"/>If<Node id="1398"/> <Node id="1399"/>you<Node id="1402"/>'ll<Node id="1405"/> <Node id="1406"/>pay<Node id="1409"/> <Node id="1410"/>me<Node id="1412"/> <Node id="1413"/>$<Node id="1414"/>1<Node id="1415"/> <Node id="1416"/>for<Node id="1419"/> <Node id="1420"/>every<Node id="1425"/> <Node id="1426"/>fetus<Node id="1431"/> <Node id="1432"/>terminated<Node id="1442"/> <Node id="1443"/>since<Node id="1448"/>
<Node id="1449"/>&gt;<Node id="1450"/>Roe<Node id="1453"/> <Node id="1454"/>v<Node id="1455"/> <Node id="1456"/>Wade<Node id="1460"/> <Node id="1461"/> <Node id="1462"/>(<Node id="1463"/>approx<Node id="1469"/> <Node id="1470"/>30<Node id="1472"/>,<Node id="1473"/>000<Node id="1476"/>,<Node id="1477"/>000<Node id="1480"/>)<Node id="1481"/>,<Node id="1482"/> <Node id="1483"/>I<Node id="1484"/>'ll<Node id="1487"/> <Node id="1488"/>pay<Node id="1491"/> <Node id="1492"/>you<Node id="1495"/> <Node id="1496"/>$<Node id="1497"/>10<Node id="1499"/>,<Node id="1500"/>000<Node id="1503"/>,<Node id="1504"/>000<Node id="1507"/>
<Node id="1508"/>&gt;<Node id="1509"/>for<Node id="1512"/> <Node id="1513"/>your<Node id="1517"/> <Node id="1518"/>martyr<Node id="1524"/>,<Node id="1525"/> <Node id="1526"/>Dr<Node id="1528"/>.<Node id="1529"/> <Node id="1530"/>Gunn<Node id="1534"/>.<Node id="1535"/>
<Node id="1536"/>&gt;<Node id="1537"/>Deal<Node id="1541"/>?<Node id="1542"/>
<Node id="1543"/>
<Node id="1544"/>I<Node id="1545"/> <Node id="1546"/>think<Node id="1551"/> <Node id="1552"/>you<Node id="1555"/> <Node id="1556"/>are<Node id="1559"/> <Node id="1560"/>leaving<Node id="1567"/> <Node id="1568"/>out<Node id="1571"/> <Node id="1572"/>a<Node id="1573"/> <Node id="1574"/>great<Node id="1579"/> <Node id="1580"/>deal<Node id="1584"/> <Node id="1585"/>of<Node id="1587"/> <Node id="1588"/>other<Node id="1593"/> <Node id="1594"/>"<Node id="1595"/>value<Node id="1600"/>"<Node id="1601"/>.<Node id="1602"/> <Node id="1603"/> <Node id="1604"/>There<Node id="1609"/> <Node id="1610"/>is<Node id="1612"/> <Node id="1613"/>no<Node id="1615"/>
<Node id="1616"/>rational<Node id="1624"/> <Node id="1625"/>reason<Node id="1631"/> <Node id="1632"/>to<Node id="1634"/> <Node id="1635"/>give<Node id="1639"/> <Node id="1640"/>an<Node id="1642"/> <Node id="1643"/>"<Node id="1644"/>abortionist<Node id="1655"/>"<Node id="1656"/> <Node id="1657"/>a<Node id="1658"/> <Node id="1659"/>"<Node id="1660"/>value<Node id="1665"/>"<Node id="1666"/> <Node id="1667"/>10<Node id="1669"/> <Node id="1670"/>million<Node id="1677"/> <Node id="1678"/>times<Node id="1683"/> <Node id="1684"/>that<Node id="1688"/>
<Node id="1689"/>of<Node id="1691"/> <Node id="1692"/>a<Node id="1693"/> <Node id="1694"/>fetus<Node id="1699"/>.<Node id="1700"/> <Node id="1701"/> <Node id="1702"/>(<Node id="1703"/>Why<Node id="1706"/> <Node id="1707"/>not<Node id="1710"/> <Node id="1711"/>10<Node id="1713"/> <Node id="1714"/>billion<Node id="1721"/>,<Node id="1722"/> <Node id="1723"/>for<Node id="1726"/> <Node id="1727"/>instance<Node id="1735"/>.<Node id="1736"/>.<Node id="1737"/>.<Node id="1738"/>oh<Node id="1740"/>,<Node id="1741"/> <Node id="1742"/>but<Node id="1745"/> <Node id="1746"/>then<Node id="1750"/> <Node id="1751"/>you<Node id="1754"/> <Node id="1755"/>would<Node id="1760"/>
<Node id="1761"/>loose<Node id="1766"/> <Node id="1767"/>on<Node id="1769"/> <Node id="1770"/>the<Node id="1773"/> <Node id="1774"/>deal<Node id="1778"/>.<Node id="1779"/>)<Node id="1780"/>
<Node id="1781"/>
<Node id="1782"/>Instead<Node id="1789"/> <Node id="1790"/>we<Node id="1792"/> <Node id="1793"/>should<Node id="1799"/> <Node id="1800"/>look<Node id="1804"/> <Node id="1805"/>at<Node id="1807"/> <Node id="1808"/>what<Node id="1812"/> <Node id="1813"/>is<Node id="1815"/> <Node id="1816"/>*<Node id="1817"/>really<Node id="1823"/>*<Node id="1824"/> <Node id="1825"/>involved<Node id="1833"/> <Node id="1834"/>in<Node id="1836"/> <Node id="1837"/>each<Node id="1841"/> <Node id="1842"/>abortion<Node id="1850"/>.<Node id="1851"/>
<Node id="1852"/>There<Node id="1857"/> <Node id="1858"/>is<Node id="1860"/> <Node id="1861"/>the<Node id="1864"/> <Node id="1865"/>loss<Node id="1869"/> <Node id="1870"/>of<Node id="1872"/> <Node id="1873"/>a<Node id="1874"/> <Node id="1875"/>human<Node id="1880"/> <Node id="1881"/>life<Node id="1885"/>,<Node id="1886"/> <Node id="1887"/>a<Node id="1888"/> <Node id="1889"/>life<Node id="1893"/> <Node id="1894"/>that<Node id="1898"/> <Node id="1899"/>would<Node id="1904"/> <Node id="1905"/>otherwise<Node id="1914"/> <Node id="1915"/>have<Node id="1919"/>
<Node id="1920"/>eventually<Node id="1930"/> <Node id="1931"/>become<Node id="1937"/> <Node id="1938"/>a<Node id="1939"/> <Node id="1940"/>member<Node id="1946"/> <Node id="1947"/>of<Node id="1949"/> <Node id="1950"/>society<Node id="1957"/>.<Node id="1958"/> <Node id="1959"/> <Node id="1960"/>That<Node id="1964"/> <Node id="1965"/>is<Node id="1967"/> <Node id="1968"/>certainly<Node id="1977"/> <Node id="1978"/>a<Node id="1979"/> <Node id="1980"/>non-zero<Node id="1988"/>
<Node id="1989"/>value<Node id="1994"/>.<Node id="1995"/> <Node id="1996"/> <Node id="1997"/>There<Node id="2002"/> <Node id="2003"/>is<Node id="2005"/> <Node id="2006"/>the<Node id="2009"/> <Node id="2010"/>physical<Node id="2018"/> <Node id="2019"/>and<Node id="2022"/> <Node id="2023"/>emotional<Node id="2032"/> <Node id="2033"/>suffering<Node id="2042"/> <Node id="2043"/>of<Node id="2045"/> <Node id="2046"/>a<Node id="2047"/> <Node id="2048"/>woman<Node id="2053"/> <Node id="2054"/>who<Node id="2057"/>
<Node id="2058"/>finds<Node id="2063"/> <Node id="2064"/>herself<Node id="2071"/> <Node id="2072"/>with<Node id="2076"/> <Node id="2077"/>an<Node id="2079"/> <Node id="2080"/>unwanted<Node id="2088"/> <Node id="2089"/>pregnancy<Node id="2098"/>,<Node id="2099"/> <Node id="2100"/>and<Node id="2103"/> <Node id="2104"/>the<Node id="2107"/> <Node id="2108"/>greater<Node id="2115"/> <Node id="2116"/>suffering<Node id="2125"/>
<Node id="2126"/>caused<Node id="2132"/> <Node id="2133"/>by<Node id="2135"/> <Node id="2136"/>the<Node id="2139"/> <Node id="2140"/>refusal<Node id="2147"/> <Node id="2148"/>of<Node id="2150"/> <Node id="2151"/>society<Node id="2158"/> <Node id="2159"/>to<Node id="2161"/> <Node id="2162"/>allow<Node id="2167"/> <Node id="2168"/>her<Node id="2171"/> <Node id="2172"/>to<Node id="2174"/> <Node id="2175"/>deal<Node id="2179"/> <Node id="2180"/>with<Node id="2184"/> <Node id="2185"/>it<Node id="2187"/>.<Node id="2188"/> <Node id="2189"/> <Node id="2190"/>That<Node id="2194"/>
<Node id="2195"/>woman<Node id="2200"/> <Node id="2201"/>is<Node id="2203"/> <Node id="2204"/>*<Node id="2205"/>already<Node id="2212"/>*<Node id="2213"/> <Node id="2214"/>a<Node id="2215"/> <Node id="2216"/>member<Node id="2222"/> <Node id="2223"/>of<Node id="2225"/> <Node id="2226"/>society<Node id="2233"/>.<Node id="2234"/>
<Node id="2235"/>
<Node id="2236"/>I<Node id="2237"/> <Node id="2238"/>argue<Node id="2243"/> <Node id="2244"/>that<Node id="2248"/> <Node id="2249"/>the<Node id="2252"/> <Node id="2253"/>cost<Node id="2257"/> <Node id="2258"/>of<Node id="2260"/> <Node id="2261"/>suffering<Node id="2270"/> <Node id="2271"/>of<Node id="2273"/> <Node id="2274"/>a<Node id="2275"/> <Node id="2276"/>*<Node id="2277"/>real<Node id="2281"/>*<Node id="2282"/> <Node id="2283"/>member<Node id="2289"/> <Node id="2290"/>of<Node id="2292"/> <Node id="2293"/>society<Node id="2300"/> <Node id="2301"/>is<Node id="2303"/>
<Node id="2304"/>far<Node id="2307"/> <Node id="2308"/>greater<Node id="2315"/> <Node id="2316"/>than<Node id="2320"/> <Node id="2321"/>the<Node id="2324"/> <Node id="2325"/>loss<Node id="2329"/> <Node id="2330"/>of<Node id="2332"/> <Node id="2333"/>a<Node id="2334"/> <Node id="2335"/>*<Node id="2336"/>potential<Node id="2345"/>*<Node id="2346"/> <Node id="2347"/>future<Node id="2353"/> <Node id="2354"/>member<Node id="2360"/> <Node id="2361"/>of<Node id="2363"/> <Node id="2364"/>society<Node id="2371"/>.<Node id="2372"/>
<Node id="2373"/>
<Node id="2374"/>Now<Node id="2377"/>,<Node id="2378"/> <Node id="2379"/>as<Node id="2381"/> <Node id="2382"/>for<Node id="2385"/> <Node id="2386"/>your<Node id="2390"/> <Node id="2391"/>"<Node id="2392"/>deal<Node id="2396"/>"<Node id="2397"/>.<Node id="2398"/> <Node id="2399"/> <Node id="2400"/>Suppose<Node id="2407"/> <Node id="2408"/>you<Node id="2411"/> <Node id="2412"/>"<Node id="2413"/>pay<Node id="2416"/>"<Node id="2417"/> <Node id="2418"/>the<Node id="2421"/> <Node id="2422"/>value<Node id="2427"/> <Node id="2428"/>of<Node id="2430"/> <Node id="2431"/>all<Node id="2434"/> <Node id="2435"/>the<Node id="2438"/> <Node id="2439"/>suffering<Node id="2448"/>
<Node id="2449"/>of<Node id="2451"/> <Node id="2452"/>every<Node id="2457"/> <Node id="2458"/>woman<Node id="2463"/> <Node id="2464"/>who<Node id="2467"/> <Node id="2468"/>*<Node id="2469"/>was<Node id="2472"/>*<Node id="2473"/> <Node id="2474"/>denied<Node id="2480"/> <Node id="2481"/>an<Node id="2483"/> <Node id="2484"/>abortion<Node id="2492"/>,<Node id="2493"/> <Node id="2494"/>or<Node id="2496"/> <Node id="2497"/>*<Node id="2498"/>would<Node id="2503"/> <Node id="2504"/>have<Node id="2508"/> <Node id="2509"/>been<Node id="2513"/>*<Node id="2514"/> <Node id="2515"/>denied<Node id="2521"/>
<Node id="2522"/>an<Node id="2524"/> <Node id="2525"/>abortion<Node id="2533"/>,<Node id="2534"/> <Node id="2535"/>under<Node id="2540"/> <Node id="2541"/>your<Node id="2545"/> <Node id="2546"/>desired<Node id="2553"/> <Node id="2554"/>position<Node id="2562"/>.<Node id="2563"/> <Node id="2564"/> <Node id="2565"/>And<Node id="2568"/> <Node id="2569"/>"<Node id="2570"/>we<Node id="2572"/>"<Node id="2573"/> <Node id="2574"/>will<Node id="2578"/> <Node id="2579"/>"<Node id="2580"/>pay<Node id="2583"/>"<Node id="2584"/> <Node id="2585"/>the<Node id="2588"/> <Node id="2589"/>value<Node id="2594"/>
<Node id="2595"/>of<Node id="2597"/> <Node id="2598"/>all<Node id="2601"/> <Node id="2602"/>the<Node id="2605"/> <Node id="2606"/>potential<Node id="2615"/> <Node id="2616"/>future<Node id="2622"/> <Node id="2623"/>members<Node id="2630"/> <Node id="2631"/>of<Node id="2633"/> <Node id="2634"/>society<Node id="2641"/> <Node id="2642"/>that<Node id="2646"/> <Node id="2647"/>never<Node id="2652"/> <Node id="2653"/>became<Node id="2659"/> <Node id="2660"/>a<Node id="2661"/> <Node id="2662"/>part<Node id="2666"/> <Node id="2667"/>of<Node id="2669"/>
<Node id="2670"/>it<Node id="2672"/> <Node id="2673"/>(<Node id="2674"/>or<Node id="2676"/> <Node id="2677"/>*<Node id="2678"/>would<Node id="2683"/>*<Node id="2684"/> <Node id="2685"/>not<Node id="2688"/> <Node id="2689"/>have<Node id="2693"/> <Node id="2694"/>been<Node id="2698"/> <Node id="2699"/>a<Node id="2700"/> <Node id="2701"/>part<Node id="2705"/> <Node id="2706"/>of<Node id="2708"/> <Node id="2709"/>it<Node id="2711"/>,<Node id="2712"/> <Node id="2713"/>under<Node id="2718"/> <Node id="2719"/>*<Node id="2720"/>our<Node id="2723"/>*<Node id="2724"/> <Node id="2725"/>desired<Node id="2732"/> <Node id="2733"/>position<Node id="2741"/>)<Node id="2742"/>.<Node id="2743"/>
<Node id="2744"/>
<Node id="2745"/>Think<Node id="2750"/> <Node id="2751"/>about<Node id="2756"/> <Node id="2757"/>it<Node id="2759"/>.<Node id="2760"/>
<Node id="2761"/>
<Node id="2762"/>Of<Node id="2764"/> <Node id="2765"/>course<Node id="2771"/>,<Node id="2772"/> <Node id="2773"/>I<Node id="2774"/> <Node id="2775"/>expect<Node id="2781"/> <Node id="2782"/>you<Node id="2785"/> <Node id="2786"/>will<Node id="2790"/> <Node id="2791"/>object<Node id="2797"/> <Node id="2798"/>to<Node id="2800"/> <Node id="2801"/>my<Node id="2803"/> <Node id="2804"/>argument<Node id="2812"/> <Node id="2813"/>that<Node id="2817"/> <Node id="2818"/>suffering<Node id="2827"/> <Node id="2828"/>of<Node id="2830"/>
<Node id="2831"/>on-going<Node id="2839"/> <Node id="2840"/>life<Node id="2844"/> <Node id="2845"/>is<Node id="2847"/> <Node id="2848"/>worse<Node id="2853"/> <Node id="2854"/>than<Node id="2858"/> <Node id="2859"/>loss<Node id="2863"/> <Node id="2864"/>of<Node id="2866"/> <Node id="2867"/>just-starting<Node id="2880"/> <Node id="2881"/>life<Node id="2885"/>.<Node id="2886"/> <Node id="2887"/> <Node id="2888"/>If<Node id="2890"/> <Node id="2891"/>so<Node id="2893"/>,<Node id="2894"/> <Node id="2895"/>please<Node id="2901"/>
<Node id="2902"/>put<Node id="2905"/> <Node id="2906"/>forth<Node id="2911"/> <Node id="2912"/>some<Node id="2916"/> <Node id="2917"/>rational<Node id="2925"/> <Node id="2926"/>argument<Node id="2934"/> <Node id="2935"/>for<Node id="2938"/> <Node id="2939"/>how<Node id="2942"/> <Node id="2943"/>the<Node id="2946"/> <Node id="2947"/>life<Node id="2951"/> <Node id="2952"/>of<Node id="2954"/> <Node id="2955"/>a<Node id="2956"/> <Node id="2957"/>(<Node id="2958"/>currently<Node id="2967"/>)<Node id="2968"/>
<Node id="2969"/>non-sentient<Node id="2981"/> <Node id="2982"/>creature<Node id="2990"/> <Node id="2991"/>is<Node id="2993"/> <Node id="2994"/>somehow<Node id="3001"/> <Node id="3002"/>worth<Node id="3007"/> <Node id="3008"/>the<Node id="3011"/> <Node id="3012"/>suffering<Node id="3021"/> <Node id="3022"/>of<Node id="3024"/> <Node id="3025"/>a<Node id="3026"/> <Node id="3027"/>sentient<Node id="3035"/> <Node id="3036"/>being<Node id="3041"/>.<Node id="3042"/>
<Node id="3043"/>(<Node id="3044"/>I<Node id="3045"/> <Node id="3046"/>figure<Node id="3052"/> <Node id="3053"/>if<Node id="3055"/> <Node id="3056"/>I<Node id="3057"/> <Node id="3058"/>ask<Node id="3061"/> <Node id="3062"/>enough<Node id="3068"/> <Node id="3069"/>places<Node id="3075"/>,<Node id="3076"/> <Node id="3077"/>and<Node id="3080"/> <Node id="3081"/>such<Node id="3085"/> <Node id="3086"/>an<Node id="3088"/> <Node id="3089"/>arguement<Node id="3098"/> <Node id="3099"/>exists<Node id="3105"/>,<Node id="3106"/> <Node id="3107"/>I<Node id="3108"/> <Node id="3109"/>should<Node id="3115"/>
<Node id="3116"/>eventually<Node id="3126"/> <Node id="3127"/>see<Node id="3130"/> <Node id="3131"/>it<Node id="3133"/>.<Node id="3134"/>)<Node id="3135"/>
<Node id="3136"/>
<Node id="3137"/>-<Node id="3138"/>Rob<Node id="3141"/>
<Node id="3142"/></TextWithNodes>
<!-- The default annotation set -->

<AnnotationSet>
<Annotation EndNode="3142" StartNode="0" Type="Mention" Id="9999999">
<Feature>
<Name classname="java.lang.String">Class</Name>
<Value classname="java.lang.String">0</Value>
</Feature>
</Annotation>

<Annotation Id="3" Type="Token" StartNode="6" EndNode="12">
<Feature>
  <Name className="java.lang.String">string</Name>
  <Value className="java.lang.String">parker</Value>
</Feature>
</Annotation>
<Annotation Id="15" Type="Token" StartNode="34" EndNode="40">
<Feature>
  <Name className="java.lang.String">string</Name>
  <Value className="java.lang.String">Robert</Value>
</Feature>
</Annotation>
<Annotation Id="20" Type="Token" StartNode="44" EndNode="50">
<Feature>
  <Name className="java.lang.String">string</Name>
  <Value className="java.lang.String">Parker</Value>
</Feature>
</Annotation>
<Annotation Id="43" Type="Token" StartNode="88" EndNode="96">
<Feature>
  <Name className="java.lang.String">string</Name>
  <Value className="java.lang.String">Message-</Value>
</Feature>
</Annotation>
<Annotation Id="68" Type="Token" StartNode="144" EndNode="152">
<Feature>
  <Name className="java.lang.String">string</Name>
  <Value className="java.lang.String">madhausC</Value>
</Feature>
</Annotation>
<Annotation Id="64" Type="Token" StartNode="131" EndNode="141">
<Feature>
  <Name className="java.lang.String">string</Name>
  <Value className="java.lang.String">References</Value>
</Feature>
</Annotation>
<Annotation Id="78" Type="Token" StartNode="162" EndNode="168">
<Feature>
  <Name className="java.lang.String">string</Name>
  <Value className="java.lang.String">netcom</Value>
</Feature>
</Annotation>
<Annotation Id="92" Type="Token" StartNode="197" EndNode="205">
<Feature>
  <Name className="java.lang.String">string</Name>
  <Value className="java.lang.String">colorado</Value>
</Feature>
</Annotation>
<Annotation Id="88" Type="Token" StartNode="184" EndNode="190">
</Annotation>
<Annotation Id="104" Type="Token" StartNode="225" EndNode="231">
<Feature>
  <Name className="java.lang.String">string</Name>
  <Value className="java.lang.String">hpsdde</Value>
</Feature>
</Annotation>
<Annotation Id="118" Type="Token" StartNode="255" EndNode="261">
</Annotation>
<Annotation Id="126" Type="Token" StartNode="282" EndNode="289">
<Feature>
  <Name className="java.lang.String">string</Name>
  <Value className="java.lang.String">arizona</Value>
</Feature>
</Annotation>
<Annotation Id="122" Type="Token" StartNode="268" EndNode="277">
<Feature>
  <Name className="java.lang.String">string</Name>
  <Value className="java.lang.String">organpipe</Value>
</Feature>
</Annotation>
<Annotation Id="131" Type="Token" StartNode="295" EndNode="301">
<Feature>
  <Name className="java.lang.String">string</Name>
  <Value className="java.lang.String">Sender</Value>
</Feature>
</Annotation>
<Annotation Id="134" Type="Token" StartNode="303" EndNode="309">
<Feature>
  <Name className="java.lang.String">string</Name>
  <Value className="java.lang.String">usenet</Value>
</Feature>
</Annotation>
<Annotation Id="152" Type="Token" StartNode="346" EndNode="358">
<Feature>
  <Name className="java.lang.String">string</Name>
  <Value className="java.lang.String">Organization</Value>
</Feature>
</Annotation>
<Annotation Id="155" Type="Token" StartNode="360" EndNode="370">
<Feature>
  <Name className="java.lang.String">string</Name>
  <Value className="java.lang.String">University</Value>
</Feature>
</Annotation>
<Annotation Id="159" Type="Token" StartNode="374" EndNode="382">
<Feature>
  <Name className="java.lang.String">string</Name>
  <Value className="java.lang.String">Illinois</Value>
</Feature>
</Annotation>
<Annotation Id="175" Type="Token" StartNode="413" EndNode="419">
<Feature>
  <Name className="java.lang.String">string</Name>
  <Value className="java.lang.String">bigdog</Value>
</Feature>
</Annotation>
<Annotation Id="163" Type="Token" StartNode="386" EndNode="392">
<Feature>
  <Name className="java.lang.String">string</Name>
  <Value className="java.lang.String">Urbana</Value>
</Feature>
</Annotation>
<Annotation Id="186" Type="Token" StartNode="444" EndNode="452">
<Feature>
  <Name className="java.lang.String">string</Name>
  <Value className="java.lang.String">Anderson</Value>
</Feature>
</Annotation>
<Annotation Id="189" Type="Token" StartNode="454" EndNode="460">
<Feature>
  <Name className="java.lang.String">string</Name>
  <Value className="java.lang.String">writes</Value>
</Feature>
</Annotation>
<Annotation Id="179" Type="Token" StartNode="425" EndNode="432">
<Feature>
  <Name className="java.lang.String">string</Name>
  <Value className="java.lang.String">arizona</Value>
</Feature>
</Annotation>
<Annotation Id="205" Type="Token" StartNode="489" EndNode="495">
<Feature>
  <Name className="java.lang.String">string</Name>
  <Value className="java.lang.String">hpsdde</Value>
</Feature>
</Annotation>
<Annotation Id="196" Type="Token" StartNode="467" EndNode="474">
<Feature>
  <Name className="java.lang.String">string</Name>
  <Value className="java.lang.String">article</Value>
</Feature>
</Annotation>
<Annotation Id="216" Type="Token" StartNode="515" EndNode="521">
<Feature>
  <Name className="java.lang.String">string</Name>
  <Value className="java.lang.String">hpsdde</Value>
</Feature>
</Annotation>
<Annotation Id="214" Type="Token" StartNode="508" EndNode="514">
<Feature>
  <Name className="java.lang.String">string</Name>
  <Value className="java.lang.String">regard</Value>
</Feature>
</Annotation>
<Annotation Id="237" Type="Token" StartNode="564" EndNode="571">
<Feature>
  <Name className="java.lang.String">string</Name>
  <Value className="java.lang.String">article</Value>
</Feature>
</Annotation>
<Annotation Id="230" Type="Token" StartNode="551" EndNode="557">
<Feature>
  <Name className="java.lang.String">string</Name>
  <Value className="java.lang.String">writes</Value>
</Feature>
</Annotation>
<Annotation Id="227" Type="Token" StartNode="543" EndNode="549">
<Feature>
  <Name className="java.lang.String">string</Name>
  <Value className="java.lang.String">Regard</Value>
</Feature>
</Annotation>
<Annotation Id="225" Type="Token" StartNode="534" EndNode="542">
<Feature>
  <Name className="java.lang.String">string</Name>
  <Value className="java.lang.String">Adrienne</Value>
</Feature>
</Annotation>
<Annotation Id="255" Type="Token" StartNode="613" EndNode="620">
<Feature>
  <Name className="java.lang.String">string</Name>
  <Value className="java.lang.String">roberts</Value>
</Feature>
</Annotation>
<Annotation Id="248" Type="Token" StartNode="595" EndNode="603">
<Feature>
  <Name className="java.lang.String">string</Name>
  <Value className="java.lang.String">colorado</Value>
</Feature>
</Annotation>
<Annotation Id="244" Type="Token" StartNode="582" EndNode="588">
</Annotation>
<Annotation Id="279" Type="Token" StartNode="668" EndNode="676">
<Feature>
  <Name className="java.lang.String">string</Name>
  <Value className="java.lang.String">Abortion</Value>
</Feature>
</Annotation>
<Annotation Id="257" Type="Token" StartNode="621" EndNode="629">
<Feature>
  <Name className="java.lang.String">string</Name>
  <Value className="java.lang.String">colorado</Value>
</Feature>
</Annotation>
<Annotation Id="267" Type="Token" StartNode="651" EndNode="657">
<Feature>
  <Name className="java.lang.String">string</Name>
  <Value className="java.lang.String">writes</Value>
</Feature>
</Annotation>
<Annotation Id="264" Type="Token" StartNode="641" EndNode="649">
<Feature>
  <Name className="java.lang.String">string</Name>
  <Value className="java.lang.String">Sullivan</Value>
</Feature>
</Annotation>
<Annotation Id="304" Type="Token" StartNode="727" EndNode="735">
<Feature>
  <Name className="java.lang.String">string</Name>
  <Value className="java.lang.String">function</Value>
</Feature>
</Annotation>
<Annotation Id="318" Type="Token" StartNode="754" EndNode="764">
<Feature>
  <Name className="java.lang.String">string</Name>
  <Value className="java.lang.String">population</Value>
</Feature>
</Annotation>
<Annotation Id="293" Type="Token" StartNode="698" EndNode="704">
<Feature>
  <Name className="java.lang.String">string</Name>
  <Value className="java.lang.String">choice</Value>
</Feature>
</Annotation>
<Annotation Id="302" Type="Token" StartNode="717" EndNode="726">
<Feature>
  <Name className="java.lang.String">string</Name>
  <Value className="java.lang.String">necessary</Value>
</Feature>
</Annotation>
<Annotation Id="334" Type="Token" StartNode="800" EndNode="808">
<Feature>
  <Name className="java.lang.String">string</Name>
  <Value className="java.lang.String">abortion</Value>
</Feature>
</Annotation>
<Annotation Id="330" Type="Token" StartNode="786" EndNode="794">
<Feature>
  <Name className="java.lang.String">string</Name>
  <Value className="java.lang.String">disagree</Value>
</Feature>
</Annotation>
<Annotation Id="379" Type="Token" StartNode="884" EndNode="891">
<Feature>
  <Name className="java.lang.String">string</Name>
  <Value className="java.lang.String">offered</Value>
</Feature>
</Annotation>
<Annotation Id="359" Type="Token" StartNode="846" EndNode="852">
<Feature>
  <Name className="java.lang.String">string</Name>
  <Value className="java.lang.String">factor</Value>
</Feature>
</Annotation>
<Annotation Id="413" Type="Token" StartNode="960" EndNode="968">
<Feature>
  <Name className="java.lang.String">string</Name>
  <Value className="java.lang.String">prenatal</Value>
</Feature>
</Annotation>
<Annotation Id="397" Type="Token" StartNode="923" EndNode="933">
<Feature>
  <Name className="java.lang.String">string</Name>
  <Value className="java.lang.String">pro-lifers</Value>
</Feature>
</Annotation>
<Annotation Id="440" Type="Token" StartNode="1028" EndNode="1036">
<Feature>
  <Name className="java.lang.String">string</Name>
  <Value className="java.lang.String">children</Value>
</Feature>
</Annotation>
<Annotation Id="447" Type="Token" StartNode="1046" EndNode="1058">
<Feature>
  <Name className="java.lang.String">string</Name>
  <Value className="java.lang.String">pro-choicers</Value>
</Feature>
</Annotation>
<Annotation Id="419" Type="Token" StartNode="979" EndNode="986">
<Feature>
  <Name className="java.lang.String">string</Name>
  <Value className="java.lang.String">bearing</Value>
</Feature>
</Annotation>
<Annotation Id="465" Type="Token" StartNode="1089" EndNode="1098">
<Feature>
  <Name className="java.lang.String">string</Name>
  <Value className="java.lang.String">abortions</Value>
</Feature>
</Annotation>
<Annotation Id="497" Type="Token" StartNode="1156" EndNode="1164">
<Feature>
  <Name className="java.lang.String">string</Name>
  <Value className="java.lang.String">Adrienne</Value>
</Feature>
</Annotation>
<Annotation Id="499" Type="Token" StartNode="1165" EndNode="1171">
<Feature>
  <Name className="java.lang.String">string</Name>
  <Value className="java.lang.String">Regard</Value>
</Feature>
</Annotation>
<Annotation Id="485" Type="Token" StartNode="1134" EndNode="1142">
<Feature>
  <Name className="java.lang.String">string</Name>
  <Value className="java.lang.String">children</Value>
</Feature>
</Annotation>
<Annotation Id="559" Type="Token" StartNode="1284" EndNode="1291">
<Feature>
  <Name className="java.lang.String">string</Name>
  <Value className="java.lang.String">Suppose</Value>
</Feature>
</Annotation>
<Annotation Id="555" Type="Token" StartNode="1273" EndNode="1281">
<Feature>
  <Name className="java.lang.String">string</Name>
  <Value className="java.lang.String">Adrienne</Value>
</Feature>
</Annotation>
<Annotation Id="567" Type="Token" StartNode="1306" EndNode="1315">
<Feature>
  <Name className="java.lang.String">string</Name>
  <Value className="java.lang.String">following</Value>
</Feature>
</Annotation>
<Annotation Id="563" Type="Token" StartNode="1295" EndNode="1301">
<Feature>
  <Name className="java.lang.String">string</Name>
  <Value className="java.lang.String">choose</Value>
</Feature>
</Annotation>
<Annotation Id="570" Type="Token" StartNode="1317" EndNode="1324">
<Feature>
  <Name className="java.lang.String">string</Name>
  <Value className="java.lang.String">figures</Value>
</Feature>
</Annotation>
<Annotation Id="633" Type="Token" StartNode="1432" EndNode="1442">
<Feature>
  <Name className="java.lang.String">string</Name>
  <Value className="java.lang.String">terminated</Value>
</Feature>
</Annotation>
<Annotation Id="599" Type="Token" StartNode="1366" EndNode="1377">
<Feature>
  <Name className="java.lang.String">string</Name>
  <Value className="java.lang.String">abortionist</Value>
</Feature>
</Annotation>
<Annotation Id="676" Type="Token" StartNode="1518" EndNode="1524">
<Feature>
  <Name className="java.lang.String">string</Name>
  <Value className="java.lang.String">martyr</Value>
</Feature>
</Annotation>
<Annotation Id="698" Type="Token" StartNode="1560" EndNode="1567">
<Feature>
  <Name className="java.lang.String">string</Name>
  <Value className="java.lang.String">leaving</Value>
</Feature>
</Annotation>
<Annotation Id="646" Type="Token" StartNode="1463" EndNode="1469">
<Feature>
  <Name className="java.lang.String">string</Name>
  <Value className="java.lang.String">approx</Value>
</Feature>
</Annotation>
<Annotation Id="746" Type="Token" StartNode="1670" EndNode="1677">
<Feature>
  <Name className="java.lang.String">string</Name>
  <Value className="java.lang.String">million</Value>
</Feature>
</Annotation>
<Annotation Id="767" Type="Token" StartNode="1714" EndNode="1721">
<Feature>
  <Name className="java.lang.String">string</Name>
  <Value className="java.lang.String">billion</Value>
</Feature>
</Annotation>
<Annotation Id="735" Type="Token" StartNode="1644" EndNode="1655">
<Feature>
  <Name className="java.lang.String">string</Name>
  <Value className="java.lang.String">abortionist</Value>
</Feature>
</Annotation>
<Annotation Id="724" Type="Token" StartNode="1616" EndNode="1624">
<Feature>
  <Name className="java.lang.String">string</Name>
  <Value className="java.lang.String">rational</Value>
</Feature>
</Annotation>
<Annotation Id="726" Type="Token" StartNode="1625" EndNode="1631">
<Feature>
  <Name className="java.lang.String">string</Name>
  <Value className="java.lang.String">reason</Value>
</Feature>
</Annotation>
<Annotation Id="822" Type="Token" StartNode="1842" EndNode="1850">
<Feature>
  <Name className="java.lang.String">string</Name>
  <Value className="java.lang.String">abortion</Value>
</Feature>
</Annotation>
<Annotation Id="816" Type="Token" StartNode="1825" EndNode="1833">
<Feature>
  <Name className="java.lang.String">string</Name>
  <Value className="java.lang.String">involved</Value>
</Feature>
</Annotation>
<Annotation Id="802" Type="Token" StartNode="1793" EndNode="1799">
<Feature>
  <Name className="java.lang.String">string</Name>
  <Value className="java.lang.String">should</Value>
</Feature>
</Annotation>
<Annotation Id="813" Type="Token" StartNode="1817" EndNode="1823">
<Feature>
  <Name className="java.lang.String">string</Name>
  <Value className="java.lang.String">really</Value>
</Feature>
</Annotation>
<Annotation Id="798" Type="Token" StartNode="1782" EndNode="1789">
<Feature>
  <Name className="java.lang.String">string</Name>
  <Value className="java.lang.String">Instead</Value>
</Feature>
</Annotation>
<Annotation Id="772" Type="Token" StartNode="1727" EndNode="1735">
<Feature>
  <Name className="java.lang.String">string</Name>
  <Value className="java.lang.String">instance</Value>
</Feature>
</Annotation>
<Annotation Id="888" Type="Token" StartNode="2010" EndNode="2018">
<Feature>
  <Name className="java.lang.String">string</Name>
  <Value className="java.lang.String">physical</Value>
</Feature>
</Annotation>
<Annotation Id="892" Type="Token" StartNode="2023" EndNode="2032">
<Feature>
  <Name className="java.lang.String">string</Name>
  <Value className="java.lang.String">emotional</Value>
</Feature>
</Annotation>
<Annotation Id="894" Type="Token" StartNode="2033" EndNode="2042">
<Feature>
  <Name className="java.lang.String">string</Name>
  <Value className="java.lang.String">suffering</Value>
</Feature>
</Annotation>
<Annotation Id="864" Type="Token" StartNode="1950" EndNode="1957">
<Feature>
  <Name className="java.lang.String">string</Name>
  <Value className="java.lang.String">society</Value>
</Feature>
</Annotation>
<Annotation Id="872" Type="Token" StartNode="1968" EndNode="1977">
<Feature>
  <Name className="java.lang.String">string</Name>
  <Value className="java.lang.String">certainly</Value>
</Feature>
</Annotation>
<Annotation Id="876" Type="Token" StartNode="1980" EndNode="1988">
<Feature>
  <Name className="java.lang.String">string</Name>
  <Value className="java.lang.String">non-zero</Value>
</Feature>
</Annotation>
<Annotation Id="850" Type="Token" StartNode="1905" EndNode="1914">
<Feature>
  <Name className="java.lang.String">string</Name>
  <Value className="java.lang.String">otherwise</Value>
</Feature>
</Annotation>
<Annotation Id="854" Type="Token" StartNode="1920" EndNode="1930">
<Feature>
  <Name className="java.lang.String">string</Name>
  <Value className="java.lang.String">eventually</Value>
</Feature>
</Annotation>
<Annotation Id="856" Type="Token" StartNode="1931" EndNode="1937">
<Feature>
  <Name className="java.lang.String">string</Name>
  <Value className="java.lang.String">become</Value>
</Feature>
</Annotation>
<Annotation Id="860" Type="Token" StartNode="1940" EndNode="1946">
<Feature>
  <Name className="java.lang.String">string</Name>
  <Value className="java.lang.String">member</Value>
</Feature>
</Annotation>
<Annotation Id="935" Type="Token" StartNode="2151" EndNode="2158">
<Feature>
  <Name className="java.lang.String">string</Name>
  <Value className="java.lang.String">society</Value>
</Feature>
</Annotation>
<Annotation Id="931" Type="Token" StartNode="2140" EndNode="2147">
<Feature>
  <Name className="java.lang.String">string</Name>
  <Value className="java.lang.String">refusal</Value>
</Feature>
</Annotation>
<Annotation Id="925" Type="Token" StartNode="2126" EndNode="2132">
<Feature>
  <Name className="java.lang.String">string</Name>
  <Value className="java.lang.String">caused</Value>
</Feature>
</Annotation>
<Annotation Id="923" Type="Token" StartNode="2116" EndNode="2125">
<Feature>
  <Name className="java.lang.String">string</Name>
  <Value className="java.lang.String">suffering</Value>
</Feature>
</Annotation>
<Annotation Id="921" Type="Token" StartNode="2108" EndNode="2115">
<Feature>
  <Name className="java.lang.String">string</Name>
  <Value className="java.lang.String">greater</Value>
</Feature>
</Annotation>
<Annotation Id="914" Type="Token" StartNode="2089" EndNode="2098">
<Feature>
  <Name className="java.lang.String">string</Name>
  <Value className="java.lang.String">pregnancy</Value>
</Feature>
</Annotation>
<Annotation Id="912" Type="Token" StartNode="2080" EndNode="2088">
<Feature>
  <Name className="java.lang.String">string</Name>
  <Value className="java.lang.String">unwanted</Value>
</Feature>
</Annotation>
<Annotation Id="906" Type="Token" StartNode="2064" EndNode="2071">
<Feature>
  <Name className="java.lang.String">string</Name>
  <Value className="java.lang.String">herself</Value>
</Feature>
</Annotation>
<Annotation Id="1018" Type="Token" StartNode="2336" EndNode="2345">
<Feature>
  <Name className="java.lang.String">string</Name>
  <Value className="java.lang.String">potential</Value>
</Feature>
</Annotation>
<Annotation Id="1021" Type="Token" StartNode="2347" EndNode="2353">
<Feature>
  <Name className="java.lang.String">string</Name>
  <Value className="java.lang.String">future</Value>
</Feature>
</Annotation>
<Annotation Id="1023" Type="Token" StartNode="2354" EndNode="2360">
<Feature>
  <Name className="java.lang.String">string</Name>
  <Value className="java.lang.String">member</Value>
</Feature>
</Annotation>
<Annotation Id="1005" Type="Token" StartNode="2308" EndNode="2315">
<Feature>
  <Name className="java.lang.String">string</Name>
  <Value className="java.lang.String">greater</Value>
</Feature>
</Annotation>
<Annotation Id="995" Type="Token" StartNode="2283" EndNode="2289">
<Feature>
  <Name className="java.lang.String">string</Name>
  <Value className="java.lang.String">member</Value>
</Feature>
</Annotation>
<Annotation Id="999" Type="Token" StartNode="2293" EndNode="2300">
<Feature>
  <Name className="java.lang.String">string</Name>
  <Value className="java.lang.String">society</Value>
</Feature>
</Annotation>
<Annotation Id="985" Type="Token" StartNode="2261" EndNode="2270">
<Feature>
  <Name className="java.lang.String">string</Name>
  <Value className="java.lang.String">suffering</Value>
</Feature>
</Annotation>
<Annotation Id="969" Type="Token" StartNode="2226" EndNode="2233">
<Feature>
  <Name className="java.lang.String">string</Name>
  <Value className="java.lang.String">society</Value>
</Feature>
</Annotation>
<Annotation Id="960" Type="Token" StartNode="2205" EndNode="2212">
<Feature>
  <Name className="java.lang.String">string</Name>
  <Value className="java.lang.String">already</Value>
</Feature>
</Annotation>
<Annotation Id="965" Type="Token" StartNode="2216" EndNode="2222">
<Feature>
  <Name className="java.lang.String">string</Name>
  <Value className="java.lang.String">member</Value>
</Feature>
</Annotation>
<Annotation Id="1099" Type="Token" StartNode="2525" EndNode="2533">
<Feature>
  <Name className="java.lang.String">string</Name>
  <Value className="java.lang.String">abortion</Value>
</Feature>
</Annotation>
<Annotation Id="1095" Type="Token" StartNode="2515" EndNode="2521">
<Feature>
  <Name className="java.lang.String">string</Name>
  <Value className="java.lang.String">denied</Value>
</Feature>
</Annotation>
<Annotation Id="1108" Type="Token" StartNode="2554" EndNode="2562">
<Feature>
  <Name className="java.lang.String">string</Name>
  <Value className="java.lang.String">position</Value>
</Feature>
</Annotation>
<Annotation Id="1106" Type="Token" StartNode="2546" EndNode="2553">
<Feature>
  <Name className="java.lang.String">string</Name>
  <Value className="java.lang.String">desired</Value>
</Feature>
</Annotation>
<Annotation Id="1134" Type="Token" StartNode="2606" EndNode="2615">
<Feature>
  <Name className="java.lang.String">string</Name>
  <Value className="java.lang.String">potential</Value>
</Feature>
</Annotation>
<Annotation Id="1148" Type="Token" StartNode="2653" EndNode="2659">
<Feature>
  <Name className="java.lang.String">string</Name>
  <Value className="java.lang.String">became</Value>
</Feature>
</Annotation>
<Annotation Id="1142" Type="Token" StartNode="2634" EndNode="2641">
<Feature>
  <Name className="java.lang.String">string</Name>
  <Value className="java.lang.String">society</Value>
</Feature>
</Annotation>
<Annotation Id="1138" Type="Token" StartNode="2623" EndNode="2630">
<Feature>
  <Name className="java.lang.String">string</Name>
  <Value className="java.lang.String">members</Value>
</Feature>
</Annotation>
<Annotation Id="1136" Type="Token" StartNode="2616" EndNode="2622">
<Feature>
  <Name className="java.lang.String">string</Name>
  <Value className="java.lang.String">future</Value>
</Feature>
</Annotation>
<Annotation Id="1027" Type="Token" StartNode="2364" EndNode="2371">
<Feature>
  <Name className="java.lang.String">string</Name>
  <Value className="java.lang.String">society</Value>
</Feature>
</Annotation>
<Annotation Id="1046" Type="Token" StartNode="2400" EndNode="2407">
<Feature>
  <Name className="java.lang.String">string</Name>
  <Value className="java.lang.String">Suppose</Value>
</Feature>
</Annotation>
<Annotation Id="1064" Type="Token" StartNode="2439" EndNode="2448">
<Feature>
  <Name className="java.lang.String">string</Name>
  <Value className="java.lang.String">suffering</Value>
</Feature>
</Annotation>
<Annotation Id="1082" Type="Token" StartNode="2484" EndNode="2492">
<Feature>
  <Name className="java.lang.String">string</Name>
  <Value className="java.lang.String">abortion</Value>
</Feature>
</Annotation>
<Annotation Id="1078" Type="Token" StartNode="2474" EndNode="2480">
<Feature>
  <Name className="java.lang.String">string</Name>
  <Value className="java.lang.String">denied</Value>
</Feature>
</Annotation>
<Annotation Id="1220" Type="Token" StartNode="2804" EndNode="2812">
<Feature>
  <Name className="java.lang.String">string</Name>
  <Value className="java.lang.String">argument</Value>
</Feature>
</Annotation>
<Annotation Id="1228" Type="Token" StartNode="2831" EndNode="2839">
<Feature>
  <Name className="java.lang.String">string</Name>
  <Value className="java.lang.String">on-going</Value>
</Feature>
</Annotation>
<Annotation Id="1224" Type="Token" StartNode="2818" EndNode="2827">
<Feature>
  <Name className="java.lang.String">string</Name>
  <Value className="java.lang.String">suffering</Value>
</Feature>
</Annotation>
<Annotation Id="1242" Type="Token" StartNode="2867" EndNode="2880">
<Feature>
  <Name className="java.lang.String">string</Name>
  <Value className="java.lang.String">just-starting</Value>
</Feature>
</Annotation>
<Annotation Id="1253" Type="Token" StartNode="2895" EndNode="2901">
<Feature>
  <Name className="java.lang.String">string</Name>
  <Value className="java.lang.String">please</Value>
</Feature>
</Annotation>
<Annotation Id="1263" Type="Token" StartNode="2926" EndNode="2934">
<Feature>
  <Name className="java.lang.String">string</Name>
  <Value className="java.lang.String">argument</Value>
</Feature>
</Annotation>
<Annotation Id="1261" Type="Token" StartNode="2917" EndNode="2925">
<Feature>
  <Name className="java.lang.String">string</Name>
  <Value className="java.lang.String">rational</Value>
</Feature>
</Annotation>
<Annotation Id="1278" Type="Token" StartNode="2958" EndNode="2967">
<Feature>
  <Name className="java.lang.String">string</Name>
  <Value className="java.lang.String">currently</Value>
</Feature>
</Annotation>
<Annotation Id="1186" Type="Token" StartNode="2725" EndNode="2732">
<Feature>
  <Name className="java.lang.String">string</Name>
  <Value className="java.lang.String">desired</Value>
</Feature>
</Annotation>
<Annotation Id="1188" Type="Token" StartNode="2733" EndNode="2741">
<Feature>
  <Name className="java.lang.String">string</Name>
  <Value className="java.lang.String">position</Value>
</Feature>
</Annotation>
<Annotation Id="1203" Type="Token" StartNode="2765" EndNode="2771">
<Feature>
  <Name className="java.lang.String">string</Name>
  <Value className="java.lang.String">course</Value>
</Feature>
</Annotation>
<Annotation Id="1208" Type="Token" StartNode="2775" EndNode="2781">
<Feature>
  <Name className="java.lang.String">string</Name>
  <Value className="java.lang.String">expect</Value>
</Feature>
</Annotation>
<Annotation Id="1214" Type="Token" StartNode="2791" EndNode="2797">
<Feature>
  <Name className="java.lang.String">string</Name>
  <Value className="java.lang.String">object</Value>
</Feature>
</Annotation>
<Annotation Id="1307" Type="Token" StartNode="3046" EndNode="3052">
<Feature>
  <Name className="java.lang.String">string</Name>
  <Value className="java.lang.String">figure</Value>
</Feature>
</Annotation>
<Annotation Id="1299" Type="Token" StartNode="3027" EndNode="3035">
<Feature>
  <Name className="java.lang.String">string</Name>
  <Value className="java.lang.String">sentient</Value>
</Feature>
</Annotation>
<Annotation Id="1293" Type="Token" StartNode="3012" EndNode="3021">
<Feature>
  <Name className="java.lang.String">string</Name>
  <Value className="java.lang.String">suffering</Value>
</Feature>
</Annotation>
<Annotation Id="1283" Type="Token" StartNode="2982" EndNode="2990">
<Feature>
  <Name className="java.lang.String">string</Name>
  <Value className="java.lang.String">creature</Value>
</Feature>
</Annotation>
<Annotation Id="1281" Type="Token" StartNode="2969" EndNode="2981">
<Feature>
  <Name className="java.lang.String">string</Name>
  <Value className="java.lang.String">non-sentient</Value>
</Feature>
</Annotation>
<Annotation Id="1287" Type="Token" StartNode="2994" EndNode="3001">
<Feature>
  <Name className="java.lang.String">string</Name>
  <Value className="java.lang.String">somehow</Value>
</Feature>
</Annotation>
<Annotation Id="1328" Type="Token" StartNode="3099" EndNode="3105">
<Feature>
  <Name className="java.lang.String">string</Name>
  <Value className="java.lang.String">exists</Value>
</Feature>
</Annotation>
<Annotation Id="1333" Type="Token" StartNode="3109" EndNode="3115">
<Feature>
  <Name className="java.lang.String">string</Name>
  <Value className="java.lang.String">should</Value>
</Feature>
</Annotation>
<Annotation Id="1335" Type="Token" StartNode="3116" EndNode="3126">
<Feature>
  <Name className="java.lang.String">string</Name>
  <Value className="java.lang.String">eventually</Value>
</Feature>
</Annotation>
<Annotation Id="1326" Type="Token" StartNode="3089" EndNode="3098">
<Feature>
  <Name className="java.lang.String">string</Name>
  <Value className="java.lang.String">arguement</Value>
</Feature>
</Annotation>
<Annotation Id="1315" Type="Token" StartNode="3062" EndNode="3068">
<Feature>
  <Name className="java.lang.String">string</Name>
  <Value className="java.lang.String">enough</Value>
</Feature>
</Annotation>
<Annotation Id="1317" Type="Token" StartNode="3069" EndNode="3075">
<Feature>
  <Name className="java.lang.String">string</Name>
  <Value className="java.lang.String">places</Value>
</Feature>
</Annotation>
</AnnotationSet>
<AnnotationSet Name="Original markups"> </AnnotationSet>
</GateDocument>