<?xml version='1.0' encoding='UTF-8'?>
<GateDocument version="3">
<!-- The document's features-->

<GateDocumentFeatures>
<Feature>
  <Name className="java.lang.String">Original_document_content_on_load</Name>
  <Value className="java.lang.String">From: margoli@watson.ibm.com (Larry Margolis)
Sender: news@watson.ibm.com (NNTP News Poster)
Message-ID: &lt;C5n2xM.vsD@watson.ibm.com>
Date: Sat, 17 Apr 1993 17:51:21 GMT
News-Software: IBM OS/2 PM RN (NR/2) v0.17i by O. Vishnepolsky and R. Rogers
Lines: 8
Reply-To: margoli@watson.IBM.com (Larry Margolis)
Disclaimer: This posting represents the poster's views, not necessarily those of IBM.
References: &lt;17858.459.uupcb@ozonehole.com>
Nntp-Posting-Host: netslip63.watson.ibm.com
Organization: The Village Waterbed

In &lt;17858.459.uupcb@ozonehole.com> anthony.landreneau@ozonehole.com (Anthony Landreneau)  writes:
>
>The rape has passed, there is nothing that will ever take that away.

True.  But forcing her to remain pregnant continues the violation of
her body for another 9 months.  I see this as being unbelievably cruel.
--
Larry Margolis, MARGOLI@YKTVMV (Bitnet), margoli@watson.IBM.com (Internet)
</Value>
</Feature>
<Feature>
  <Name className="java.lang.String">gate.SourceURL</Name>
  <Value className="java.lang.String">file:/C:/Users/jian/Documents/NetBeansProjects/NoiseReductionTechniques/mideastPoliticsMix/negative1017</Value>
</Feature>
</GateDocumentFeatures>
<!-- The document content area with serialized nodes -->

<TextWithNodes><Node id="0"/>From<Node id="4"/>:<Node id="5"/> <Node id="6"/>margoli<Node id="13"/>@<Node id="14"/>watson<Node id="20"/>.<Node id="21"/>ibm<Node id="24"/>.<Node id="25"/>com<Node id="28"/> <Node id="29"/>(<Node id="30"/>Larry<Node id="35"/> <Node id="36"/>Margolis<Node id="44"/>)<Node id="45"/>
<Node id="46"/>Sender<Node id="52"/>:<Node id="53"/> <Node id="54"/>news<Node id="58"/>@<Node id="59"/>watson<Node id="65"/>.<Node id="66"/>ibm<Node id="69"/>.<Node id="70"/>com<Node id="73"/> <Node id="74"/>(<Node id="75"/>NNTP<Node id="79"/> <Node id="80"/>News<Node id="84"/> <Node id="85"/>Poster<Node id="91"/>)<Node id="92"/>
<Node id="93"/>Message-<Node id="101"/>ID<Node id="103"/>:<Node id="104"/> <Node id="105"/>&lt;<Node id="106"/>C<Node id="107"/>5<Node id="108"/>n<Node id="109"/>2<Node id="110"/>xM<Node id="112"/>.<Node id="113"/>vsD<Node id="116"/>@<Node id="117"/>watson<Node id="123"/>.<Node id="124"/>ibm<Node id="127"/>.<Node id="128"/>com<Node id="131"/>&gt;<Node id="132"/>
<Node id="133"/>Date<Node id="137"/>:<Node id="138"/> <Node id="139"/>Sat<Node id="142"/>,<Node id="143"/> <Node id="144"/>17<Node id="146"/> <Node id="147"/>Apr<Node id="150"/> <Node id="151"/>1993<Node id="155"/> <Node id="156"/>17<Node id="158"/>:<Node id="159"/>51<Node id="161"/>:<Node id="162"/>21<Node id="164"/> <Node id="165"/>GMT<Node id="168"/>
<Node id="169"/>News-<Node id="174"/>Software<Node id="182"/>:<Node id="183"/> <Node id="184"/>IBM<Node id="187"/> <Node id="188"/>OS<Node id="190"/>/<Node id="191"/>2<Node id="192"/> <Node id="193"/>PM<Node id="195"/> <Node id="196"/>RN<Node id="198"/> <Node id="199"/>(<Node id="200"/>NR<Node id="202"/>/<Node id="203"/>2<Node id="204"/>)<Node id="205"/> <Node id="206"/>v<Node id="207"/>0<Node id="208"/>.<Node id="209"/>17<Node id="211"/>i<Node id="212"/> <Node id="213"/>by<Node id="215"/> <Node id="216"/>O<Node id="217"/>.<Node id="218"/> <Node id="219"/>Vishnepolsky<Node id="231"/> <Node id="232"/>and<Node id="235"/> <Node id="236"/>R<Node id="237"/>.<Node id="238"/> <Node id="239"/>Rogers<Node id="245"/>
<Node id="246"/>Lines<Node id="251"/>:<Node id="252"/> <Node id="253"/>8<Node id="254"/>
<Node id="255"/>Reply-<Node id="261"/>To<Node id="263"/>:<Node id="264"/> <Node id="265"/>margoli<Node id="272"/>@<Node id="273"/>watson<Node id="279"/>.<Node id="280"/>IBM<Node id="283"/>.<Node id="284"/>com<Node id="287"/> <Node id="288"/>(<Node id="289"/>Larry<Node id="294"/> <Node id="295"/>Margolis<Node id="303"/>)<Node id="304"/>
<Node id="305"/>Disclaimer<Node id="315"/>:<Node id="316"/> <Node id="317"/>This<Node id="321"/> <Node id="322"/>posting<Node id="329"/> <Node id="330"/>represents<Node id="340"/> <Node id="341"/>the<Node id="344"/> <Node id="345"/>poster<Node id="351"/>'s<Node id="353"/> <Node id="354"/>views<Node id="359"/>,<Node id="360"/> <Node id="361"/>not<Node id="364"/> <Node id="365"/>necessarily<Node id="376"/> <Node id="377"/>those<Node id="382"/> <Node id="383"/>of<Node id="385"/> <Node id="386"/>IBM<Node id="389"/>.<Node id="390"/>
<Node id="391"/>References<Node id="401"/>:<Node id="402"/> <Node id="403"/>&lt;<Node id="404"/>17858<Node id="409"/>.<Node id="410"/>459<Node id="413"/>.<Node id="414"/>uupcb<Node id="419"/>@<Node id="420"/>ozonehole<Node id="429"/>.<Node id="430"/>com<Node id="433"/>&gt;<Node id="434"/>
<Node id="435"/>Nntp-<Node id="440"/>Posting-<Node id="448"/>Host<Node id="452"/>:<Node id="453"/> <Node id="454"/>netslip<Node id="461"/>63<Node id="463"/>.<Node id="464"/>watson<Node id="470"/>.<Node id="471"/>ibm<Node id="474"/>.<Node id="475"/>com<Node id="478"/>
<Node id="479"/>Organization<Node id="491"/>:<Node id="492"/> <Node id="493"/>The<Node id="496"/> <Node id="497"/>Village<Node id="504"/> <Node id="505"/>Waterbed<Node id="513"/>
<Node id="514"/>
<Node id="515"/>In<Node id="517"/> <Node id="518"/>&lt;<Node id="519"/>17858<Node id="524"/>.<Node id="525"/>459<Node id="528"/>.<Node id="529"/>uupcb<Node id="534"/>@<Node id="535"/>ozonehole<Node id="544"/>.<Node id="545"/>com<Node id="548"/>&gt;<Node id="549"/> <Node id="550"/>anthony<Node id="557"/>.<Node id="558"/>landreneau<Node id="568"/>@<Node id="569"/>ozonehole<Node id="578"/>.<Node id="579"/>com<Node id="582"/> <Node id="583"/>(<Node id="584"/>Anthony<Node id="591"/> <Node id="592"/>Landreneau<Node id="602"/>)<Node id="603"/> <Node id="604"/> <Node id="605"/>writes<Node id="611"/>:<Node id="612"/>
<Node id="613"/>&gt;<Node id="614"/>
<Node id="615"/>&gt;<Node id="616"/>The<Node id="619"/> <Node id="620"/>rape<Node id="624"/> <Node id="625"/>has<Node id="628"/> <Node id="629"/>passed<Node id="635"/>,<Node id="636"/> <Node id="637"/>there<Node id="642"/> <Node id="643"/>is<Node id="645"/> <Node id="646"/>nothing<Node id="653"/> <Node id="654"/>that<Node id="658"/> <Node id="659"/>will<Node id="663"/> <Node id="664"/>ever<Node id="668"/> <Node id="669"/>take<Node id="673"/> <Node id="674"/>that<Node id="678"/> <Node id="679"/>away<Node id="683"/>.<Node id="684"/>
<Node id="685"/>
<Node id="686"/>True<Node id="690"/>.<Node id="691"/> <Node id="692"/> <Node id="693"/>But<Node id="696"/> <Node id="697"/>forcing<Node id="704"/> <Node id="705"/>her<Node id="708"/> <Node id="709"/>to<Node id="711"/> <Node id="712"/>remain<Node id="718"/> <Node id="719"/>pregnant<Node id="727"/> <Node id="728"/>continues<Node id="737"/> <Node id="738"/>the<Node id="741"/> <Node id="742"/>violation<Node id="751"/> <Node id="752"/>of<Node id="754"/>
<Node id="755"/>her<Node id="758"/> <Node id="759"/>body<Node id="763"/> <Node id="764"/>for<Node id="767"/> <Node id="768"/>another<Node id="775"/> <Node id="776"/>9<Node id="777"/> <Node id="778"/>months<Node id="784"/>.<Node id="785"/> <Node id="786"/> <Node id="787"/>I<Node id="788"/> <Node id="789"/>see<Node id="792"/> <Node id="793"/>this<Node id="797"/> <Node id="798"/>as<Node id="800"/> <Node id="801"/>being<Node id="806"/> <Node id="807"/>unbelievably<Node id="819"/> <Node id="820"/>cruel<Node id="825"/>.<Node id="826"/>
<Node id="827"/>-<Node id="828"/>-<Node id="829"/>
<Node id="830"/>Larry<Node id="835"/> <Node id="836"/>Margolis<Node id="844"/>,<Node id="845"/> <Node id="846"/>MARGOLI<Node id="853"/>@<Node id="854"/>YKTVMV<Node id="860"/> <Node id="861"/>(<Node id="862"/>Bitnet<Node id="868"/>)<Node id="869"/>,<Node id="870"/> <Node id="871"/>margoli<Node id="878"/>@<Node id="879"/>watson<Node id="885"/>.<Node id="886"/>IBM<Node id="889"/>.<Node id="890"/>com<Node id="893"/> <Node id="894"/>(<Node id="895"/>Internet<Node id="903"/>)<Node id="904"/>
<Node id="905"/></TextWithNodes>
<!-- The default annotation set -->

<AnnotationSet>
<Annotation EndNode="905" StartNode="0" Type="Mention" Id="9999999">
<Feature>
<Name classname="java.lang.String">Class</Name>
<Value classname="java.lang.String">0</Value>
</Feature>
</Annotation>

<Annotation Id="3" Type="Token" StartNode="6" EndNode="13">
<Feature>
  <Name className="java.lang.String">string</Name>
  <Value className="java.lang.String">margoli</Value>
</Feature>
</Annotation>
<Annotation Id="5" Type="Token" StartNode="14" EndNode="20">
<Feature>
  <Name className="java.lang.String">string</Name>
  <Value className="java.lang.String">watson</Value>
</Feature>
</Annotation>
<Annotation Id="14" Type="Token" StartNode="36" EndNode="44">
<Feature>
  <Name className="java.lang.String">string</Name>
  <Value className="java.lang.String">Margolis</Value>
</Feature>
</Annotation>
<Annotation Id="17" Type="Token" StartNode="46" EndNode="52">
<Feature>
  <Name className="java.lang.String">string</Name>
  <Value className="java.lang.String">Sender</Value>
</Feature>
</Annotation>
<Annotation Id="22" Type="Token" StartNode="59" EndNode="65">
<Feature>
  <Name className="java.lang.String">string</Name>
  <Value className="java.lang.String">watson</Value>
</Feature>
</Annotation>
<Annotation Id="33" Type="Token" StartNode="85" EndNode="91">
<Feature>
  <Name className="java.lang.String">string</Name>
  <Value className="java.lang.String">Poster</Value>
</Feature>
</Annotation>
<Annotation Id="36" Type="Token" StartNode="93" EndNode="101">
<Feature>
  <Name className="java.lang.String">string</Name>
  <Value className="java.lang.String">Message-</Value>
</Feature>
</Annotation>
<Annotation Id="49" Type="Token" StartNode="117" EndNode="123">
<Feature>
  <Name className="java.lang.String">string</Name>
  <Value className="java.lang.String">watson</Value>
</Feature>
</Annotation>
<Annotation Id="77" Type="Token" StartNode="174" EndNode="182">
<Feature>
  <Name className="java.lang.String">string</Name>
  <Value className="java.lang.String">Software</Value>
</Feature>
</Annotation>
<Annotation Id="107" Type="Token" StartNode="219" EndNode="231">
<Feature>
  <Name className="java.lang.String">string</Name>
  <Value className="java.lang.String">Vishnepolsky</Value>
</Feature>
</Annotation>
<Annotation Id="114" Type="Token" StartNode="239" EndNode="245">
<Feature>
  <Name className="java.lang.String">string</Name>
  <Value className="java.lang.String">Rogers</Value>
</Feature>
</Annotation>
<Annotation Id="127" Type="Token" StartNode="273" EndNode="279">
<Feature>
  <Name className="java.lang.String">string</Name>
  <Value className="java.lang.String">watson</Value>
</Feature>
</Annotation>
<Annotation Id="125" Type="Token" StartNode="265" EndNode="272">
<Feature>
  <Name className="java.lang.String">string</Name>
  <Value className="java.lang.String">margoli</Value>
</Feature>
</Annotation>
<Annotation Id="121" Type="Token" StartNode="255" EndNode="261">
<Feature>
  <Name className="java.lang.String">string</Name>
  <Value className="java.lang.String">Reply-</Value>
</Feature>
</Annotation>
<Annotation Id="136" Type="Token" StartNode="295" EndNode="303">
<Feature>
  <Name className="java.lang.String">string</Name>
  <Value className="java.lang.String">Margolis</Value>
</Feature>
</Annotation>
<Annotation Id="139" Type="Token" StartNode="305" EndNode="315">
<Feature>
  <Name className="java.lang.String">string</Name>
  <Value className="java.lang.String">Disclaimer</Value>
</Feature>
</Annotation>
<Annotation Id="159" Type="Token" StartNode="365" EndNode="376">
<Feature>
  <Name className="java.lang.String">string</Name>
  <Value className="java.lang.String">necessarily</Value>
</Feature>
</Annotation>
<Annotation Id="144" Type="Token" StartNode="322" EndNode="329">
<Feature>
  <Name className="java.lang.String">string</Name>
  <Value className="java.lang.String">posting</Value>
</Feature>
</Annotation>
<Annotation Id="146" Type="Token" StartNode="330" EndNode="340">
<Feature>
  <Name className="java.lang.String">string</Name>
  <Value className="java.lang.String">represents</Value>
</Feature>
</Annotation>
<Annotation Id="150" Type="Token" StartNode="345" EndNode="351">
<Feature>
  <Name className="java.lang.String">string</Name>
  <Value className="java.lang.String">poster</Value>
</Feature>
</Annotation>
<Annotation Id="168" Type="Token" StartNode="391" EndNode="401">
<Feature>
  <Name className="java.lang.String">string</Name>
  <Value className="java.lang.String">References</Value>
</Feature>
</Annotation>
<Annotation Id="184" Type="Token" StartNode="440" EndNode="448">
<Feature>
  <Name className="java.lang.String">string</Name>
  <Value className="java.lang.String">Posting-</Value>
</Feature>
</Annotation>
<Annotation Id="191" Type="Token" StartNode="464" EndNode="470">
<Feature>
  <Name className="java.lang.String">string</Name>
  <Value className="java.lang.String">watson</Value>
</Feature>
</Annotation>
<Annotation Id="188" Type="Token" StartNode="454" EndNode="461">
<Feature>
  <Name className="java.lang.String">string</Name>
  <Value className="java.lang.String">netslip</Value>
</Feature>
</Annotation>
<Annotation Id="178" Type="Token" StartNode="420" EndNode="429">
<Feature>
  <Name className="java.lang.String">string</Name>
  <Value className="java.lang.String">ozonehole</Value>
</Feature>
</Annotation>
<Annotation Id="204" Type="Token" StartNode="505" EndNode="513">
<Feature>
  <Name className="java.lang.String">string</Name>
  <Value className="java.lang.String">Waterbed</Value>
</Feature>
</Annotation>
<Annotation Id="202" Type="Token" StartNode="497" EndNode="504">
<Feature>
  <Name className="java.lang.String">string</Name>
  <Value className="java.lang.String">Village</Value>
</Feature>
</Annotation>
<Annotation Id="197" Type="Token" StartNode="479" EndNode="491">
<Feature>
  <Name className="java.lang.String">string</Name>
  <Value className="java.lang.String">Organization</Value>
</Feature>
</Annotation>
<Annotation Id="221" Type="Token" StartNode="550" EndNode="557">
<Feature>
  <Name className="java.lang.String">string</Name>
  <Value className="java.lang.String">anthony</Value>
</Feature>
</Annotation>
<Annotation Id="223" Type="Token" StartNode="558" EndNode="568">
<Feature>
  <Name className="java.lang.String">string</Name>
  <Value className="java.lang.String">landreneau</Value>
</Feature>
</Annotation>
<Annotation Id="216" Type="Token" StartNode="535" EndNode="544">
<Feature>
  <Name className="java.lang.String">string</Name>
  <Value className="java.lang.String">ozonehole</Value>
</Feature>
</Annotation>
<Annotation Id="236" Type="Token" StartNode="605" EndNode="611">
<Feature>
  <Name className="java.lang.String">string</Name>
  <Value className="java.lang.String">writes</Value>
</Feature>
</Annotation>
<Annotation Id="232" Type="Token" StartNode="592" EndNode="602">
<Feature>
  <Name className="java.lang.String">string</Name>
  <Value className="java.lang.String">Landreneau</Value>
</Feature>
</Annotation>
<Annotation Id="230" Type="Token" StartNode="584" EndNode="591">
<Feature>
  <Name className="java.lang.String">string</Name>
  <Value className="java.lang.String">Anthony</Value>
</Feature>
</Annotation>
<Annotation Id="225" Type="Token" StartNode="569" EndNode="578">
<Feature>
  <Name className="java.lang.String">string</Name>
  <Value className="java.lang.String">ozonehole</Value>
</Feature>
</Annotation>
<Annotation Id="255" Type="Token" StartNode="646" EndNode="653">
<Feature>
  <Name className="java.lang.String">string</Name>
  <Value className="java.lang.String">nothing</Value>
</Feature>
</Annotation>
<Annotation Id="248" Type="Token" StartNode="629" EndNode="635">
<Feature>
  <Name className="java.lang.String">string</Name>
  <Value className="java.lang.String">passed</Value>
</Feature>
</Annotation>
<Annotation Id="277" Type="Token" StartNode="697" EndNode="704">
<Feature>
  <Name className="java.lang.String">string</Name>
  <Value className="java.lang.String">forcing</Value>
</Feature>
</Annotation>
<Annotation Id="283" Type="Token" StartNode="712" EndNode="718">
<Feature>
  <Name className="java.lang.String">string</Name>
  <Value className="java.lang.String">remain</Value>
</Feature>
</Annotation>
<Annotation Id="287" Type="Token" StartNode="728" EndNode="737">
<Feature>
  <Name className="java.lang.String">string</Name>
  <Value className="java.lang.String">continues</Value>
</Feature>
</Annotation>
<Annotation Id="285" Type="Token" StartNode="719" EndNode="727">
<Feature>
  <Name className="java.lang.String">string</Name>
  <Value className="java.lang.String">pregnant</Value>
</Feature>
</Annotation>
<Annotation Id="305" Type="Token" StartNode="778" EndNode="784">
<Feature>
  <Name className="java.lang.String">string</Name>
  <Value className="java.lang.String">months</Value>
</Feature>
</Annotation>
<Annotation Id="319" Type="Token" StartNode="807" EndNode="819">
<Feature>
  <Name className="java.lang.String">string</Name>
  <Value className="java.lang.String">unbelievably</Value>
</Feature>
</Annotation>
<Annotation Id="291" Type="Token" StartNode="742" EndNode="751">
<Feature>
  <Name className="java.lang.String">string</Name>
  <Value className="java.lang.String">violation</Value>
</Feature>
</Annotation>
<Annotation Id="301" Type="Token" StartNode="768" EndNode="775">
<Feature>
  <Name className="java.lang.String">string</Name>
  <Value className="java.lang.String">another</Value>
</Feature>
</Annotation>
<Annotation Id="343" Type="Token" StartNode="879" EndNode="885">
<Feature>
  <Name className="java.lang.String">string</Name>
  <Value className="java.lang.String">watson</Value>
</Feature>
</Annotation>
<Annotation Id="341" Type="Token" StartNode="871" EndNode="878">
<Feature>
  <Name className="java.lang.String">string</Name>
  <Value className="java.lang.String">margoli</Value>
</Feature>
</Annotation>
<Annotation Id="337" Type="Token" StartNode="862" EndNode="868">
<Feature>
  <Name className="java.lang.String">string</Name>
  <Value className="java.lang.String">Bitnet</Value>
</Feature>
</Annotation>
<Annotation Id="350" Type="Token" StartNode="895" EndNode="903">
<Feature>
  <Name className="java.lang.String">string</Name>
  <Value className="java.lang.String">Internet</Value>
</Feature>
</Annotation>
<Annotation Id="334" Type="Token" StartNode="854" EndNode="860">
<Feature>
  <Name className="java.lang.String">string</Name>
  <Value className="java.lang.String">YKTVMV</Value>
</Feature>
</Annotation>
<Annotation Id="332" Type="Token" StartNode="846" EndNode="853">
<Feature>
  <Name className="java.lang.String">string</Name>
  <Value className="java.lang.String">MARGOLI</Value>
</Feature>
</Annotation>
<Annotation Id="329" Type="Token" StartNode="836" EndNode="844">
<Feature>
  <Name className="java.lang.String">string</Name>
  <Value className="java.lang.String">Margolis</Value>
</Feature>
</Annotation>
</AnnotationSet>
<AnnotationSet Name="Original markups"> </AnnotationSet>
</GateDocument>