<?xml version='1.0' encoding='UTF-8'?>
<GateDocument version="3">
<!-- The document's features-->

<GateDocumentFeatures>
<Feature>
  <Name className="java.lang.String">Original_document_content_on_load</Name>
  <Value className="java.lang.String">From: bruce@liv.ac.uk (Bruce Stephens)
Message-ID: &lt;May.13.02.31.36.1993.1583@geneva.rutgers.edu>
Date: 13 May 93 06:31:38 GMT
Sender: hedrick@geneva.rutgers.edu
Organization: Centre for Mathematical Software Research, Univ. Liverpool
Lines: 31
Approved: christian@aramis.rutgers.edu

>>>>> On 11 May 93 06:38:48 GMT, Fil.Sapienza@med.umich.edu (Fil Sapienza) said:

> In article &lt;May.7.01.09.44.1993.14556@athos.rutgers.edu> maxwell c muir,
> muirm@argon.gas.organpipe.uug.arizona.edu writes:

>>The ambiguity of religious beliefs, an unwillingness to take
>>Pascal's Wager, 

> I've heard this frequently - what exactly is Pascal's wager?

Either A: God exists, or B: He doesn't.  We have two choices, either
1: Believe in God, or 2: Don't believe in God.  If A is true, then 2
brings eternal damnation, whereas 1 brings eternal life.  If B is
true, then 1 has minor inconvenience compared with 2.  Thus, it is
rational to believe in God.

This has numerous flaws, covered in the FAQ for alt.atheism, amongst
other places.

>>	Do I sound "broken" to you?

> I don't know.  You point out that your mother's treatment upset you,
> and see inconsistencies in various religions.  I'm not sure if that
> constitutes broken-ness or not.   It certainly consititutes 
> disillusionment.

Disillusionment strikes me as an excellent reason for stopping
believing in something.
--
Bruce              CMSR, University of Liverpool
Religion is myth-information
</Value>
</Feature>
<Feature>
  <Name className="java.lang.String">gate.SourceURL</Name>
  <Value className="java.lang.String">file:/C:/Users/jian/Documents/NetBeansProjects/NoiseReductionTechniques/mideastPoliticsMix/negative169</Value>
</Feature>
</GateDocumentFeatures>
<!-- The document content area with serialized nodes -->

<TextWithNodes><Node id="0"/>From<Node id="4"/>:<Node id="5"/> <Node id="6"/>bruce<Node id="11"/>@<Node id="12"/>liv<Node id="15"/>.<Node id="16"/>ac<Node id="18"/>.<Node id="19"/>uk<Node id="21"/> <Node id="22"/>(<Node id="23"/>Bruce<Node id="28"/> <Node id="29"/>Stephens<Node id="37"/>)<Node id="38"/>
<Node id="39"/>Message-<Node id="47"/>ID<Node id="49"/>:<Node id="50"/> <Node id="51"/>&lt;<Node id="52"/>May<Node id="55"/>.<Node id="56"/>13<Node id="58"/>.<Node id="59"/>02<Node id="61"/>.<Node id="62"/>31<Node id="64"/>.<Node id="65"/>36<Node id="67"/>.<Node id="68"/>1993<Node id="72"/>.<Node id="73"/>1583<Node id="77"/>@<Node id="78"/>geneva<Node id="84"/>.<Node id="85"/>rutgers<Node id="92"/>.<Node id="93"/>edu<Node id="96"/>&gt;<Node id="97"/>
<Node id="98"/>Date<Node id="102"/>:<Node id="103"/> <Node id="104"/>13<Node id="106"/> <Node id="107"/>May<Node id="110"/> <Node id="111"/>93<Node id="113"/> <Node id="114"/>06<Node id="116"/>:<Node id="117"/>31<Node id="119"/>:<Node id="120"/>38<Node id="122"/> <Node id="123"/>GMT<Node id="126"/>
<Node id="127"/>Sender<Node id="133"/>:<Node id="134"/> <Node id="135"/>hedrick<Node id="142"/>@<Node id="143"/>geneva<Node id="149"/>.<Node id="150"/>rutgers<Node id="157"/>.<Node id="158"/>edu<Node id="161"/>
<Node id="162"/>Organization<Node id="174"/>:<Node id="175"/> <Node id="176"/>Centre<Node id="182"/> <Node id="183"/>for<Node id="186"/> <Node id="187"/>Mathematical<Node id="199"/> <Node id="200"/>Software<Node id="208"/> <Node id="209"/>Research<Node id="217"/>,<Node id="218"/> <Node id="219"/>Univ<Node id="223"/>.<Node id="224"/> <Node id="225"/>Liverpool<Node id="234"/>
<Node id="235"/>Lines<Node id="240"/>:<Node id="241"/> <Node id="242"/>31<Node id="244"/>
<Node id="245"/>Approved<Node id="253"/>:<Node id="254"/> <Node id="255"/>christian<Node id="264"/>@<Node id="265"/>aramis<Node id="271"/>.<Node id="272"/>rutgers<Node id="279"/>.<Node id="280"/>edu<Node id="283"/>
<Node id="284"/>
<Node id="285"/>&gt;<Node id="286"/>&gt;<Node id="287"/>&gt;<Node id="288"/>&gt;<Node id="289"/>&gt;<Node id="290"/> <Node id="291"/>On<Node id="293"/> <Node id="294"/>11<Node id="296"/> <Node id="297"/>May<Node id="300"/> <Node id="301"/>93<Node id="303"/> <Node id="304"/>06<Node id="306"/>:<Node id="307"/>38<Node id="309"/>:<Node id="310"/>48<Node id="312"/> <Node id="313"/>GMT<Node id="316"/>,<Node id="317"/> <Node id="318"/>Fil<Node id="321"/>.<Node id="322"/>Sapienza<Node id="330"/>@<Node id="331"/>med<Node id="334"/>.<Node id="335"/>umich<Node id="340"/>.<Node id="341"/>edu<Node id="344"/> <Node id="345"/>(<Node id="346"/>Fil<Node id="349"/> <Node id="350"/>Sapienza<Node id="358"/>)<Node id="359"/> <Node id="360"/>said<Node id="364"/>:<Node id="365"/>
<Node id="366"/>
<Node id="367"/>&gt;<Node id="368"/> <Node id="369"/>In<Node id="371"/> <Node id="372"/>article<Node id="379"/> <Node id="380"/>&lt;<Node id="381"/>May<Node id="384"/>.<Node id="385"/>7<Node id="386"/>.<Node id="387"/>01<Node id="389"/>.<Node id="390"/>09<Node id="392"/>.<Node id="393"/>44<Node id="395"/>.<Node id="396"/>1993<Node id="400"/>.<Node id="401"/>14556<Node id="406"/>@<Node id="407"/>athos<Node id="412"/>.<Node id="413"/>rutgers<Node id="420"/>.<Node id="421"/>edu<Node id="424"/>&gt;<Node id="425"/> <Node id="426"/>maxwell<Node id="433"/> <Node id="434"/>c<Node id="435"/> <Node id="436"/>muir<Node id="440"/>,<Node id="441"/>
<Node id="442"/>&gt;<Node id="443"/> <Node id="444"/>muirm<Node id="449"/>@<Node id="450"/>argon<Node id="455"/>.<Node id="456"/>gas<Node id="459"/>.<Node id="460"/>organpipe<Node id="469"/>.<Node id="470"/>uug<Node id="473"/>.<Node id="474"/>arizona<Node id="481"/>.<Node id="482"/>edu<Node id="485"/> <Node id="486"/>writes<Node id="492"/>:<Node id="493"/>
<Node id="494"/>
<Node id="495"/>&gt;<Node id="496"/>&gt;<Node id="497"/>The<Node id="500"/> <Node id="501"/>ambiguity<Node id="510"/> <Node id="511"/>of<Node id="513"/> <Node id="514"/>religious<Node id="523"/> <Node id="524"/>beliefs<Node id="531"/>,<Node id="532"/> <Node id="533"/>an<Node id="535"/> <Node id="536"/>unwillingness<Node id="549"/> <Node id="550"/>to<Node id="552"/> <Node id="553"/>take<Node id="557"/>
<Node id="558"/>&gt;<Node id="559"/>&gt;<Node id="560"/>Pascal<Node id="566"/>'s<Node id="568"/> <Node id="569"/>Wager<Node id="574"/>,<Node id="575"/> <Node id="576"/>
<Node id="577"/>
<Node id="578"/>&gt;<Node id="579"/> <Node id="580"/>I<Node id="581"/>'ve<Node id="584"/> <Node id="585"/>heard<Node id="590"/> <Node id="591"/>this<Node id="595"/> <Node id="596"/>frequently<Node id="606"/> <Node id="607"/>-<Node id="608"/> <Node id="609"/>what<Node id="613"/> <Node id="614"/>exactly<Node id="621"/> <Node id="622"/>is<Node id="624"/> <Node id="625"/>Pascal<Node id="631"/>'s<Node id="633"/> <Node id="634"/>wager<Node id="639"/>?<Node id="640"/>
<Node id="641"/>
<Node id="642"/>Either<Node id="648"/> <Node id="649"/>A<Node id="650"/>:<Node id="651"/> <Node id="652"/>God<Node id="655"/> <Node id="656"/>exists<Node id="662"/>,<Node id="663"/> <Node id="664"/>or<Node id="666"/> <Node id="667"/>B<Node id="668"/>:<Node id="669"/> <Node id="670"/>He<Node id="672"/> <Node id="673"/>does<Node id="677"/>n't<Node id="680"/>.<Node id="681"/> <Node id="682"/> <Node id="683"/>We<Node id="685"/> <Node id="686"/>have<Node id="690"/> <Node id="691"/>two<Node id="694"/> <Node id="695"/>choices<Node id="702"/>,<Node id="703"/> <Node id="704"/>either<Node id="710"/>
<Node id="711"/>1<Node id="712"/>:<Node id="713"/> <Node id="714"/>Believe<Node id="721"/> <Node id="722"/>in<Node id="724"/> <Node id="725"/>God<Node id="728"/>,<Node id="729"/> <Node id="730"/>or<Node id="732"/> <Node id="733"/>2<Node id="734"/>:<Node id="735"/> <Node id="736"/>Do<Node id="738"/>n't<Node id="741"/> <Node id="742"/>believe<Node id="749"/> <Node id="750"/>in<Node id="752"/> <Node id="753"/>God<Node id="756"/>.<Node id="757"/> <Node id="758"/> <Node id="759"/>If<Node id="761"/> <Node id="762"/>A<Node id="763"/> <Node id="764"/>is<Node id="766"/> <Node id="767"/>true<Node id="771"/>,<Node id="772"/> <Node id="773"/>then<Node id="777"/> <Node id="778"/>2<Node id="779"/>
<Node id="780"/>brings<Node id="786"/> <Node id="787"/>eternal<Node id="794"/> <Node id="795"/>damnation<Node id="804"/>,<Node id="805"/> <Node id="806"/>whereas<Node id="813"/> <Node id="814"/>1<Node id="815"/> <Node id="816"/>brings<Node id="822"/> <Node id="823"/>eternal<Node id="830"/> <Node id="831"/>life<Node id="835"/>.<Node id="836"/> <Node id="837"/> <Node id="838"/>If<Node id="840"/> <Node id="841"/>B<Node id="842"/> <Node id="843"/>is<Node id="845"/>
<Node id="846"/>true<Node id="850"/>,<Node id="851"/> <Node id="852"/>then<Node id="856"/> <Node id="857"/>1<Node id="858"/> <Node id="859"/>has<Node id="862"/> <Node id="863"/>minor<Node id="868"/> <Node id="869"/>inconvenience<Node id="882"/> <Node id="883"/>compared<Node id="891"/> <Node id="892"/>with<Node id="896"/> <Node id="897"/>2<Node id="898"/>.<Node id="899"/> <Node id="900"/> <Node id="901"/>Thus<Node id="905"/>,<Node id="906"/> <Node id="907"/>it<Node id="909"/> <Node id="910"/>is<Node id="912"/>
<Node id="913"/>rational<Node id="921"/> <Node id="922"/>to<Node id="924"/> <Node id="925"/>believe<Node id="932"/> <Node id="933"/>in<Node id="935"/> <Node id="936"/>God<Node id="939"/>.<Node id="940"/>
<Node id="941"/>
<Node id="942"/>This<Node id="946"/> <Node id="947"/>has<Node id="950"/> <Node id="951"/>numerous<Node id="959"/> <Node id="960"/>flaws<Node id="965"/>,<Node id="966"/> <Node id="967"/>covered<Node id="974"/> <Node id="975"/>in<Node id="977"/> <Node id="978"/>the<Node id="981"/> <Node id="982"/>FAQ<Node id="985"/> <Node id="986"/>for<Node id="989"/> <Node id="990"/>alt<Node id="993"/>.<Node id="994"/>atheism<Node id="1001"/>,<Node id="1002"/> <Node id="1003"/>amongst<Node id="1010"/>
<Node id="1011"/>other<Node id="1016"/> <Node id="1017"/>places<Node id="1023"/>.<Node id="1024"/>
<Node id="1025"/>
<Node id="1026"/>&gt;<Node id="1027"/>&gt;<Node id="1028"/>	<Node id="1029"/>Do<Node id="1031"/> <Node id="1032"/>I<Node id="1033"/> <Node id="1034"/>sound<Node id="1039"/> <Node id="1040"/>"<Node id="1041"/>broken<Node id="1047"/>"<Node id="1048"/> <Node id="1049"/>to<Node id="1051"/> <Node id="1052"/>you<Node id="1055"/>?<Node id="1056"/>
<Node id="1057"/>
<Node id="1058"/>&gt;<Node id="1059"/> <Node id="1060"/>I<Node id="1061"/> <Node id="1062"/>do<Node id="1064"/>n't<Node id="1067"/> <Node id="1068"/>know<Node id="1072"/>.<Node id="1073"/> <Node id="1074"/> <Node id="1075"/>You<Node id="1078"/> <Node id="1079"/>point<Node id="1084"/> <Node id="1085"/>out<Node id="1088"/> <Node id="1089"/>that<Node id="1093"/> <Node id="1094"/>your<Node id="1098"/> <Node id="1099"/>mother<Node id="1105"/>'s<Node id="1107"/> <Node id="1108"/>treatment<Node id="1117"/> <Node id="1118"/>upset<Node id="1123"/> <Node id="1124"/>you<Node id="1127"/>,<Node id="1128"/>
<Node id="1129"/>&gt;<Node id="1130"/> <Node id="1131"/>and<Node id="1134"/> <Node id="1135"/>see<Node id="1138"/> <Node id="1139"/>inconsistencies<Node id="1154"/> <Node id="1155"/>in<Node id="1157"/> <Node id="1158"/>various<Node id="1165"/> <Node id="1166"/>religions<Node id="1175"/>.<Node id="1176"/> <Node id="1177"/> <Node id="1178"/>I<Node id="1179"/>'m<Node id="1181"/> <Node id="1182"/>not<Node id="1185"/> <Node id="1186"/>sure<Node id="1190"/> <Node id="1191"/>if<Node id="1193"/> <Node id="1194"/>that<Node id="1198"/>
<Node id="1199"/>&gt;<Node id="1200"/> <Node id="1201"/>constitutes<Node id="1212"/> <Node id="1213"/>broken-ness<Node id="1224"/> <Node id="1225"/>or<Node id="1227"/> <Node id="1228"/>not<Node id="1231"/>.<Node id="1232"/> <Node id="1233"/> <Node id="1234"/> <Node id="1235"/>It<Node id="1237"/> <Node id="1238"/>certainly<Node id="1247"/> <Node id="1248"/>consititutes<Node id="1260"/> <Node id="1261"/>
<Node id="1262"/>&gt;<Node id="1263"/> <Node id="1264"/>disillusionment<Node id="1279"/>.<Node id="1280"/>
<Node id="1281"/>
<Node id="1282"/>Disillusionment<Node id="1297"/> <Node id="1298"/>strikes<Node id="1305"/> <Node id="1306"/>me<Node id="1308"/> <Node id="1309"/>as<Node id="1311"/> <Node id="1312"/>an<Node id="1314"/> <Node id="1315"/>excellent<Node id="1324"/> <Node id="1325"/>reason<Node id="1331"/> <Node id="1332"/>for<Node id="1335"/> <Node id="1336"/>stopping<Node id="1344"/>
<Node id="1345"/>believing<Node id="1354"/> <Node id="1355"/>in<Node id="1357"/> <Node id="1358"/>something<Node id="1367"/>.<Node id="1368"/>
<Node id="1369"/>-<Node id="1370"/>-<Node id="1371"/>
<Node id="1372"/>Bruce<Node id="1377"/> <Node id="1378"/> <Node id="1379"/> <Node id="1380"/> <Node id="1381"/> <Node id="1382"/> <Node id="1383"/> <Node id="1384"/> <Node id="1385"/> <Node id="1386"/> <Node id="1387"/> <Node id="1388"/> <Node id="1389"/> <Node id="1390"/> <Node id="1391"/>CMSR<Node id="1395"/>,<Node id="1396"/> <Node id="1397"/>University<Node id="1407"/> <Node id="1408"/>of<Node id="1410"/> <Node id="1411"/>Liverpool<Node id="1420"/>
<Node id="1421"/>Religion<Node id="1429"/> <Node id="1430"/>is<Node id="1432"/> <Node id="1433"/>myth-information<Node id="1449"/>
<Node id="1450"/></TextWithNodes>
<!-- The default annotation set -->

<AnnotationSet>
<Annotation EndNode="1450" StartNode="0" Type="Mention" Id="9999999">
<Feature>
<Name classname="java.lang.String">Class</Name>
<Value classname="java.lang.String">0</Value>
</Feature>
</Annotation>

<Annotation Id="14" Type="Token" StartNode="29" EndNode="37">
<Feature>
  <Name className="java.lang.String">string</Name>
  <Value className="java.lang.String">Stephens</Value>
</Feature>
</Annotation>
<Annotation Id="17" Type="Token" StartNode="39" EndNode="47">
<Feature>
  <Name className="java.lang.String">string</Name>
  <Value className="java.lang.String">Message-</Value>
</Feature>
</Annotation>
<Annotation Id="38" Type="Token" StartNode="85" EndNode="92">
<Feature>
  <Name className="java.lang.String">string</Name>
  <Value className="java.lang.String">rutgers</Value>
</Feature>
</Annotation>
<Annotation Id="36" Type="Token" StartNode="78" EndNode="84">
<Feature>
  <Name className="java.lang.String">string</Name>
  <Value className="java.lang.String">geneva</Value>
</Feature>
</Annotation>
<Annotation Id="63" Type="Token" StartNode="135" EndNode="142">
<Feature>
  <Name className="java.lang.String">string</Name>
  <Value className="java.lang.String">hedrick</Value>
</Feature>
</Annotation>
<Annotation Id="60" Type="Token" StartNode="127" EndNode="133">
<Feature>
  <Name className="java.lang.String">string</Name>
  <Value className="java.lang.String">Sender</Value>
</Feature>
</Annotation>
<Annotation Id="71" Type="Token" StartNode="162" EndNode="174">
<Feature>
  <Name className="java.lang.String">string</Name>
  <Value className="java.lang.String">Organization</Value>
</Feature>
</Annotation>
<Annotation Id="65" Type="Token" StartNode="143" EndNode="149">
<Feature>
  <Name className="java.lang.String">string</Name>
  <Value className="java.lang.String">geneva</Value>
</Feature>
</Annotation>
<Annotation Id="67" Type="Token" StartNode="150" EndNode="157">
<Feature>
  <Name className="java.lang.String">string</Name>
  <Value className="java.lang.String">rutgers</Value>
</Feature>
</Annotation>
<Annotation Id="78" Type="Token" StartNode="187" EndNode="199">
<Feature>
  <Name className="java.lang.String">string</Name>
  <Value className="java.lang.String">Mathematical</Value>
</Feature>
</Annotation>
<Annotation Id="74" Type="Token" StartNode="176" EndNode="182">
<Feature>
  <Name className="java.lang.String">string</Name>
  <Value className="java.lang.String">Centre</Value>
</Feature>
</Annotation>
<Annotation Id="80" Type="Token" StartNode="200" EndNode="208">
<Feature>
  <Name className="java.lang.String">string</Name>
  <Value className="java.lang.String">Software</Value>
</Feature>
</Annotation>
<Annotation Id="82" Type="Token" StartNode="209" EndNode="217">
<Feature>
  <Name className="java.lang.String">string</Name>
  <Value className="java.lang.String">Research</Value>
</Feature>
</Annotation>
<Annotation Id="95" Type="Token" StartNode="245" EndNode="253">
<Feature>
  <Name className="java.lang.String">string</Name>
  <Value className="java.lang.String">Approved</Value>
</Feature>
</Annotation>
<Annotation Id="88" Type="Token" StartNode="225" EndNode="234">
<Feature>
  <Name className="java.lang.String">string</Name>
  <Value className="java.lang.String">Liverpool</Value>
</Feature>
</Annotation>
<Annotation Id="102" Type="Token" StartNode="272" EndNode="279">
<Feature>
  <Name className="java.lang.String">string</Name>
  <Value className="java.lang.String">rutgers</Value>
</Feature>
</Annotation>
<Annotation Id="100" Type="Token" StartNode="265" EndNode="271">
<Feature>
  <Name className="java.lang.String">string</Name>
  <Value className="java.lang.String">aramis</Value>
</Feature>
</Annotation>
<Annotation Id="98" Type="Token" StartNode="255" EndNode="264">
<Feature>
  <Name className="java.lang.String">string</Name>
  <Value className="java.lang.String">christian</Value>
</Feature>
</Annotation>
<Annotation Id="143" Type="Token" StartNode="350" EndNode="358">
<Feature>
  <Name className="java.lang.String">string</Name>
  <Value className="java.lang.String">Sapienza</Value>
</Feature>
</Annotation>
<Annotation Id="132" Type="Token" StartNode="322" EndNode="330">
<Feature>
  <Name className="java.lang.String">string</Name>
  <Value className="java.lang.String">Sapienza</Value>
</Feature>
</Annotation>
<Annotation Id="154" Type="Token" StartNode="372" EndNode="379">
<Feature>
  <Name className="java.lang.String">string</Name>
  <Value className="java.lang.String">article</Value>
</Feature>
</Annotation>
<Annotation Id="173" Type="Token" StartNode="413" EndNode="420">
<Feature>
  <Name className="java.lang.String">string</Name>
  <Value className="java.lang.String">rutgers</Value>
</Feature>
</Annotation>
<Annotation Id="178" Type="Token" StartNode="426" EndNode="433">
<Feature>
  <Name className="java.lang.String">string</Name>
  <Value className="java.lang.String">maxwell</Value>
</Feature>
</Annotation>
<Annotation Id="201" Type="Token" StartNode="486" EndNode="492">
<Feature>
  <Name className="java.lang.String">string</Name>
  <Value className="java.lang.String">writes</Value>
</Feature>
</Annotation>
<Annotation Id="197" Type="Token" StartNode="474" EndNode="481">
<Feature>
  <Name className="java.lang.String">string</Name>
  <Value className="java.lang.String">arizona</Value>
</Feature>
</Annotation>
<Annotation Id="193" Type="Token" StartNode="460" EndNode="469">
<Feature>
  <Name className="java.lang.String">string</Name>
  <Value className="java.lang.String">organpipe</Value>
</Feature>
</Annotation>
<Annotation Id="220" Type="Token" StartNode="536" EndNode="549">
<Feature>
  <Name className="java.lang.String">string</Name>
  <Value className="java.lang.String">unwillingness</Value>
</Feature>
</Annotation>
<Annotation Id="213" Type="Token" StartNode="514" EndNode="523">
<Feature>
  <Name className="java.lang.String">string</Name>
  <Value className="java.lang.String">religious</Value>
</Feature>
</Annotation>
<Annotation Id="215" Type="Token" StartNode="524" EndNode="531">
<Feature>
  <Name className="java.lang.String">string</Name>
  <Value className="java.lang.String">beliefs</Value>
</Feature>
</Annotation>
<Annotation Id="209" Type="Token" StartNode="501" EndNode="510">
<Feature>
  <Name className="java.lang.String">string</Name>
  <Value className="java.lang.String">ambiguity</Value>
</Feature>
</Annotation>
<Annotation Id="228" Type="Token" StartNode="560" EndNode="566">
<Feature>
  <Name className="java.lang.String">string</Name>
  <Value className="java.lang.String">Pascal</Value>
</Feature>
</Annotation>
<Annotation Id="253" Type="Token" StartNode="614" EndNode="621">
<Feature>
  <Name className="java.lang.String">string</Name>
  <Value className="java.lang.String">exactly</Value>
</Feature>
</Annotation>
<Annotation Id="247" Type="Token" StartNode="596" EndNode="606">
<Feature>
  <Name className="java.lang.String">string</Name>
  <Value className="java.lang.String">frequently</Value>
</Feature>
</Annotation>
<Annotation Id="272" Type="Token" StartNode="656" EndNode="662">
<Feature>
  <Name className="java.lang.String">string</Name>
  <Value className="java.lang.String">exists</Value>
</Feature>
</Annotation>
<Annotation Id="257" Type="Token" StartNode="625" EndNode="631">
<Feature>
  <Name className="java.lang.String">string</Name>
  <Value className="java.lang.String">Pascal</Value>
</Feature>
</Annotation>
<Annotation Id="265" Type="Token" StartNode="642" EndNode="648">
<Feature>
  <Name className="java.lang.String">string</Name>
  <Value className="java.lang.String">Either</Value>
</Feature>
</Annotation>
<Annotation Id="318" Type="Token" StartNode="742" EndNode="749">
<Feature>
  <Name className="java.lang.String">string</Name>
  <Value className="java.lang.String">believe</Value>
</Feature>
</Annotation>
<Annotation Id="294" Type="Token" StartNode="695" EndNode="702">
<Feature>
  <Name className="java.lang.String">string</Name>
  <Value className="java.lang.String">choices</Value>
</Feature>
</Annotation>
<Annotation Id="297" Type="Token" StartNode="704" EndNode="710">
<Feature>
  <Name className="java.lang.String">string</Name>
  <Value className="java.lang.String">either</Value>
</Feature>
</Annotation>
<Annotation Id="302" Type="Token" StartNode="714" EndNode="721">
<Feature>
  <Name className="java.lang.String">string</Name>
  <Value className="java.lang.String">Believe</Value>
</Feature>
</Annotation>
<Annotation Id="343" Type="Token" StartNode="795" EndNode="804">
<Feature>
  <Name className="java.lang.String">string</Name>
  <Value className="java.lang.String">damnation</Value>
</Feature>
</Annotation>
<Annotation Id="341" Type="Token" StartNode="787" EndNode="794">
<Feature>
  <Name className="java.lang.String">string</Name>
  <Value className="java.lang.String">eternal</Value>
</Feature>
</Annotation>
<Annotation Id="339" Type="Token" StartNode="780" EndNode="786">
<Feature>
  <Name className="java.lang.String">string</Name>
  <Value className="java.lang.String">brings</Value>
</Feature>
</Annotation>
<Annotation Id="350" Type="Token" StartNode="816" EndNode="822">
<Feature>
  <Name className="java.lang.String">string</Name>
  <Value className="java.lang.String">brings</Value>
</Feature>
</Annotation>
<Annotation Id="346" Type="Token" StartNode="806" EndNode="813">
<Feature>
  <Name className="java.lang.String">string</Name>
  <Value className="java.lang.String">whereas</Value>
</Feature>
</Annotation>
<Annotation Id="375" Type="Token" StartNode="869" EndNode="882">
<Feature>
  <Name className="java.lang.String">string</Name>
  <Value className="java.lang.String">inconvenience</Value>
</Feature>
</Annotation>
<Annotation Id="377" Type="Token" StartNode="883" EndNode="891">
<Feature>
  <Name className="java.lang.String">string</Name>
  <Value className="java.lang.String">compared</Value>
</Feature>
</Annotation>
<Annotation Id="352" Type="Token" StartNode="823" EndNode="830">
<Feature>
  <Name className="java.lang.String">string</Name>
  <Value className="java.lang.String">eternal</Value>
</Feature>
</Annotation>
<Annotation Id="408" Type="Token" StartNode="951" EndNode="959">
<Feature>
  <Name className="java.lang.String">string</Name>
  <Value className="java.lang.String">numerous</Value>
</Feature>
</Annotation>
<Annotation Id="413" Type="Token" StartNode="967" EndNode="974">
<Feature>
  <Name className="java.lang.String">string</Name>
  <Value className="java.lang.String">covered</Value>
</Feature>
</Annotation>
<Annotation Id="392" Type="Token" StartNode="913" EndNode="921">
<Feature>
  <Name className="java.lang.String">string</Name>
  <Value className="java.lang.String">rational</Value>
</Feature>
</Annotation>
<Annotation Id="396" Type="Token" StartNode="925" EndNode="932">
<Feature>
  <Name className="java.lang.String">string</Name>
  <Value className="java.lang.String">believe</Value>
</Feature>
</Annotation>
<Annotation Id="446" Type="Token" StartNode="1041" EndNode="1047">
<Feature>
  <Name className="java.lang.String">string</Name>
  <Value className="java.lang.String">broken</Value>
</Feature>
</Annotation>
<Annotation Id="432" Type="Token" StartNode="1017" EndNode="1023">
<Feature>
  <Name className="java.lang.String">string</Name>
  <Value className="java.lang.String">places</Value>
</Feature>
</Annotation>
<Annotation Id="425" Type="Token" StartNode="994" EndNode="1001">
<Feature>
  <Name className="java.lang.String">string</Name>
  <Value className="java.lang.String">atheism</Value>
</Feature>
</Annotation>
<Annotation Id="428" Type="Token" StartNode="1003" EndNode="1010">
<Feature>
  <Name className="java.lang.String">string</Name>
  <Value className="java.lang.String">amongst</Value>
</Feature>
</Annotation>
<Annotation Id="477" Type="Token" StartNode="1099" EndNode="1105">
<Feature>
  <Name className="java.lang.String">string</Name>
  <Value className="java.lang.String">mother</Value>
</Feature>
</Annotation>
<Annotation Id="500" Type="Token" StartNode="1166" EndNode="1175">
<Feature>
  <Name className="java.lang.String">string</Name>
  <Value className="java.lang.String">religions</Value>
</Feature>
</Annotation>
<Annotation Id="498" Type="Token" StartNode="1158" EndNode="1165">
<Feature>
  <Name className="java.lang.String">string</Name>
  <Value className="java.lang.String">various</Value>
</Feature>
</Annotation>
<Annotation Id="494" Type="Token" StartNode="1139" EndNode="1154">
<Feature>
  <Name className="java.lang.String">string</Name>
  <Value className="java.lang.String">inconsistencies</Value>
</Feature>
</Annotation>
<Annotation Id="481" Type="Token" StartNode="1108" EndNode="1117">
<Feature>
  <Name className="java.lang.String">string</Name>
  <Value className="java.lang.String">treatment</Value>
</Feature>
</Annotation>
<Annotation Id="544" Type="Token" StartNode="1298" EndNode="1305">
<Feature>
  <Name className="java.lang.String">string</Name>
  <Value className="java.lang.String">strikes</Value>
</Feature>
</Annotation>
<Annotation Id="558" Type="Token" StartNode="1336" EndNode="1344">
<Feature>
  <Name className="java.lang.String">string</Name>
  <Value className="java.lang.String">stopping</Value>
</Feature>
</Annotation>
<Annotation Id="554" Type="Token" StartNode="1325" EndNode="1331">
<Feature>
  <Name className="java.lang.String">string</Name>
  <Value className="java.lang.String">reason</Value>
</Feature>
</Annotation>
<Annotation Id="552" Type="Token" StartNode="1315" EndNode="1324">
<Feature>
  <Name className="java.lang.String">string</Name>
  <Value className="java.lang.String">excellent</Value>
</Feature>
</Annotation>
<Annotation Id="564" Type="Token" StartNode="1358" EndNode="1367">
<Feature>
  <Name className="java.lang.String">string</Name>
  <Value className="java.lang.String">something</Value>
</Feature>
</Annotation>
<Annotation Id="560" Type="Token" StartNode="1345" EndNode="1354">
<Feature>
  <Name className="java.lang.String">string</Name>
  <Value className="java.lang.String">believing</Value>
</Feature>
</Annotation>
<Annotation Id="518" Type="Token" StartNode="1201" EndNode="1212">
<Feature>
  <Name className="java.lang.String">string</Name>
  <Value className="java.lang.String">constitutes</Value>
</Feature>
</Annotation>
<Annotation Id="520" Type="Token" StartNode="1213" EndNode="1224">
<Feature>
  <Name className="java.lang.String">string</Name>
  <Value className="java.lang.String">broken-ness</Value>
</Feature>
</Annotation>
<Annotation Id="533" Type="Token" StartNode="1248" EndNode="1260">
<Feature>
  <Name className="java.lang.String">string</Name>
  <Value className="java.lang.String">consititutes</Value>
</Feature>
</Annotation>
<Annotation Id="531" Type="Token" StartNode="1238" EndNode="1247">
<Feature>
  <Name className="java.lang.String">string</Name>
  <Value className="java.lang.String">certainly</Value>
</Feature>
</Annotation>
<Annotation Id="542" Type="Token" StartNode="1282" EndNode="1297">
<Feature>
  <Name className="java.lang.String">string</Name>
  <Value className="java.lang.String">Disillusionment</Value>
</Feature>
</Annotation>
<Annotation Id="538" Type="Token" StartNode="1264" EndNode="1279">
<Feature>
  <Name className="java.lang.String">string</Name>
  <Value className="java.lang.String">disillusionment</Value>
</Feature>
</Annotation>
<Annotation Id="588" Type="Token" StartNode="1397" EndNode="1407">
<Feature>
  <Name className="java.lang.String">string</Name>
  <Value className="java.lang.String">University</Value>
</Feature>
</Annotation>
<Annotation Id="592" Type="Token" StartNode="1411" EndNode="1420">
<Feature>
  <Name className="java.lang.String">string</Name>
  <Value className="java.lang.String">Liverpool</Value>
</Feature>
</Annotation>
<Annotation Id="594" Type="Token" StartNode="1421" EndNode="1429">
<Feature>
  <Name className="java.lang.String">string</Name>
  <Value className="java.lang.String">Religion</Value>
</Feature>
</Annotation>
<Annotation Id="598" Type="Token" StartNode="1433" EndNode="1449">
<Feature>
  <Name className="java.lang.String">string</Name>
  <Value className="java.lang.String">myth-information</Value>
</Feature>
</Annotation>
</AnnotationSet>
<AnnotationSet Name="Original markups"> </AnnotationSet>
</GateDocument>