<?xml version='1.0' encoding='UTF-8'?>
<GateDocument version="3">
<!-- The document's features-->

<GateDocumentFeatures>
<Feature>
  <Name className="java.lang.String">Original_document_content_on_load</Name>
  <Value className="java.lang.String">From: ata@hfsi.hfsi.com ( John Ata)
Message-ID: &lt;Apr.23.02.54.05.1993.3060@geneva.rutgers.edu>
Date: 23 Apr 93 06:54:06 GMT
Sender: hedrick@geneva.rutgers.edu
Reply-To: &lt;news@opl.com>
Organization: HFSI
Lines: 51
Approved: christian@aramis.rutgers.edu

In article &lt;Apr.21.03.26.43.1993.1373@geneva.rutgers.edu> parkin@Eng.Sun.COM writes:

>desperately wanted the Jewish people to accept him as the Messiah.  If
>the crucification was the will of God how could Jesus pray that this
>cup pass from him.  Was this out of weakness.  NEVER.  Many men and
>women have given their lives for their country or other noble causes.
>Is Jesus less than these.  No he is not.  He knew the crucification
>was NOT the will of GOD.  God's will was that the Jewish people accept
>Jesus as the Messiah and that the kingdom of Heaven be established on
>the earth with Jesus as it's head. (Just like the Jewish people
>expected). If this had happened 2000 years ago can you imagine what
	.
	.
	.

Why do you assume that Jesus's plea to His Father "to let this cup
pass from Him", was merely a plea to escape death?  When I look at
Jesus in the garden, I see a Man-God, who all His life had had the
presense of His Father with Him.  As a result, He knew every
detail about His death long before the Agony in the Garden.  But
as that hour approached, He felt abandoned by His Father, His
presense diminishing with each passing minute.  In addition, it
was brought more and more to Jesus's attention (the betrayal of
Judas was probably a big impact) that His suffering would be to no
avail for many people, especially those who would reject Him, not
only then but in the future.  I truly believe that the majority of
Jesus's suffering was mental and spiritual, while the physical
portion was only the tip of the iceburg.

BTW, we know from John's account that Jesus *shunned* becomming an earthly
king.  From John:

JOH 6:14    After the people saw the miraculous sign that Jesus did, they
            began to say, "Surely this is the Prophet who is to come into the
            world."
JOH 6:15    Jesus, knowing that they intended to come and make him king by
            force, withdrew again to a mountain by himself.

This does not seem like a man who would regret not becoming an
earthly king.  No, Jesus knew His mission was to redeem all (Jew &amp;
Gentile) people and establish His kingdom in the hearts of those
who would believe.  This was utterly mistaken, much to Jesus's
dismay, as an aspiration to some earthly kingdom.  But He knew
what His Father's will was and followed it obediently even in the
darkness of His Passion.

-- 
John G. Ata - Technical Consultant | Internet:  ata@hfsi.com
HFS, Inc.		  VA20     |     UUCP:  uunet!hfsi!ata
7900 Westpark Drive	 MS:601	   |    Voice:	(703) 827-6810
McLean, VA  22102	           |      FAX:	(703) 827-3729
</Value>
</Feature>
<Feature>
  <Name className="java.lang.String">gate.SourceURL</Name>
  <Value className="java.lang.String">file:/C:/Users/jian/Documents/NetBeansProjects/NoiseReductionTechniques/mideastPoliticsMix/negative34</Value>
</Feature>
</GateDocumentFeatures>
<!-- The document content area with serialized nodes -->

<TextWithNodes><Node id="0"/>From<Node id="4"/>:<Node id="5"/> <Node id="6"/>ata<Node id="9"/>@<Node id="10"/>hfsi<Node id="14"/>.<Node id="15"/>hfsi<Node id="19"/>.<Node id="20"/>com<Node id="23"/> <Node id="24"/>(<Node id="25"/> <Node id="26"/>John<Node id="30"/> <Node id="31"/>Ata<Node id="34"/>)<Node id="35"/>
<Node id="36"/>Message-<Node id="44"/>ID<Node id="46"/>:<Node id="47"/> <Node id="48"/>&lt;<Node id="49"/>Apr<Node id="52"/>.<Node id="53"/>23<Node id="55"/>.<Node id="56"/>02<Node id="58"/>.<Node id="59"/>54<Node id="61"/>.<Node id="62"/>05<Node id="64"/>.<Node id="65"/>1993<Node id="69"/>.<Node id="70"/>3060<Node id="74"/>@<Node id="75"/>geneva<Node id="81"/>.<Node id="82"/>rutgers<Node id="89"/>.<Node id="90"/>edu<Node id="93"/>&gt;<Node id="94"/>
<Node id="95"/>Date<Node id="99"/>:<Node id="100"/> <Node id="101"/>23<Node id="103"/> <Node id="104"/>Apr<Node id="107"/> <Node id="108"/>93<Node id="110"/> <Node id="111"/>06<Node id="113"/>:<Node id="114"/>54<Node id="116"/>:<Node id="117"/>06<Node id="119"/> <Node id="120"/>GMT<Node id="123"/>
<Node id="124"/>Sender<Node id="130"/>:<Node id="131"/> <Node id="132"/>hedrick<Node id="139"/>@<Node id="140"/>geneva<Node id="146"/>.<Node id="147"/>rutgers<Node id="154"/>.<Node id="155"/>edu<Node id="158"/>
<Node id="159"/>Reply-<Node id="165"/>To<Node id="167"/>:<Node id="168"/> <Node id="169"/>&lt;<Node id="170"/>news<Node id="174"/>@<Node id="175"/>opl<Node id="178"/>.<Node id="179"/>com<Node id="182"/>&gt;<Node id="183"/>
<Node id="184"/>Organization<Node id="196"/>:<Node id="197"/> <Node id="198"/>HFSI<Node id="202"/>
<Node id="203"/>Lines<Node id="208"/>:<Node id="209"/> <Node id="210"/>51<Node id="212"/>
<Node id="213"/>Approved<Node id="221"/>:<Node id="222"/> <Node id="223"/>christian<Node id="232"/>@<Node id="233"/>aramis<Node id="239"/>.<Node id="240"/>rutgers<Node id="247"/>.<Node id="248"/>edu<Node id="251"/>
<Node id="252"/>
<Node id="253"/>In<Node id="255"/> <Node id="256"/>article<Node id="263"/> <Node id="264"/>&lt;<Node id="265"/>Apr<Node id="268"/>.<Node id="269"/>21<Node id="271"/>.<Node id="272"/>03<Node id="274"/>.<Node id="275"/>26<Node id="277"/>.<Node id="278"/>43<Node id="280"/>.<Node id="281"/>1993<Node id="285"/>.<Node id="286"/>1373<Node id="290"/>@<Node id="291"/>geneva<Node id="297"/>.<Node id="298"/>rutgers<Node id="305"/>.<Node id="306"/>edu<Node id="309"/>&gt;<Node id="310"/> <Node id="311"/>parkin<Node id="317"/>@<Node id="318"/>Eng<Node id="321"/>.<Node id="322"/>Sun<Node id="325"/>.<Node id="326"/>COM<Node id="329"/> <Node id="330"/>writes<Node id="336"/>:<Node id="337"/>
<Node id="338"/>
<Node id="339"/>&gt;<Node id="340"/>desperately<Node id="351"/> <Node id="352"/>wanted<Node id="358"/> <Node id="359"/>the<Node id="362"/> <Node id="363"/>Jewish<Node id="369"/> <Node id="370"/>people<Node id="376"/> <Node id="377"/>to<Node id="379"/> <Node id="380"/>accept<Node id="386"/> <Node id="387"/>him<Node id="390"/> <Node id="391"/>as<Node id="393"/> <Node id="394"/>the<Node id="397"/> <Node id="398"/>Messiah<Node id="405"/>.<Node id="406"/> <Node id="407"/> <Node id="408"/>If<Node id="410"/>
<Node id="411"/>&gt;<Node id="412"/>the<Node id="415"/> <Node id="416"/>crucification<Node id="429"/> <Node id="430"/>was<Node id="433"/> <Node id="434"/>the<Node id="437"/> <Node id="438"/>will<Node id="442"/> <Node id="443"/>of<Node id="445"/> <Node id="446"/>God<Node id="449"/> <Node id="450"/>how<Node id="453"/> <Node id="454"/>could<Node id="459"/> <Node id="460"/>Jesus<Node id="465"/> <Node id="466"/>pray<Node id="470"/> <Node id="471"/>that<Node id="475"/> <Node id="476"/>this<Node id="480"/>
<Node id="481"/>&gt;<Node id="482"/>cup<Node id="485"/> <Node id="486"/>pass<Node id="490"/> <Node id="491"/>from<Node id="495"/> <Node id="496"/>him<Node id="499"/>.<Node id="500"/> <Node id="501"/> <Node id="502"/>Was<Node id="505"/> <Node id="506"/>this<Node id="510"/> <Node id="511"/>out<Node id="514"/> <Node id="515"/>of<Node id="517"/> <Node id="518"/>weakness<Node id="526"/>.<Node id="527"/> <Node id="528"/> <Node id="529"/>NEVER<Node id="534"/>.<Node id="535"/> <Node id="536"/> <Node id="537"/>Many<Node id="541"/> <Node id="542"/>men<Node id="545"/> <Node id="546"/>and<Node id="549"/>
<Node id="550"/>&gt;<Node id="551"/>women<Node id="556"/> <Node id="557"/>have<Node id="561"/> <Node id="562"/>given<Node id="567"/> <Node id="568"/>their<Node id="573"/> <Node id="574"/>lives<Node id="579"/> <Node id="580"/>for<Node id="583"/> <Node id="584"/>their<Node id="589"/> <Node id="590"/>country<Node id="597"/> <Node id="598"/>or<Node id="600"/> <Node id="601"/>other<Node id="606"/> <Node id="607"/>noble<Node id="612"/> <Node id="613"/>causes<Node id="619"/>.<Node id="620"/>
<Node id="621"/>&gt;<Node id="622"/>Is<Node id="624"/> <Node id="625"/>Jesus<Node id="630"/> <Node id="631"/>less<Node id="635"/> <Node id="636"/>than<Node id="640"/> <Node id="641"/>these<Node id="646"/>.<Node id="647"/> <Node id="648"/> <Node id="649"/>No<Node id="651"/> <Node id="652"/>he<Node id="654"/> <Node id="655"/>is<Node id="657"/> <Node id="658"/>not<Node id="661"/>.<Node id="662"/> <Node id="663"/> <Node id="664"/>He<Node id="666"/> <Node id="667"/>knew<Node id="671"/> <Node id="672"/>the<Node id="675"/> <Node id="676"/>crucification<Node id="689"/>
<Node id="690"/>&gt;<Node id="691"/>was<Node id="694"/> <Node id="695"/>NOT<Node id="698"/> <Node id="699"/>the<Node id="702"/> <Node id="703"/>will<Node id="707"/> <Node id="708"/>of<Node id="710"/> <Node id="711"/>GOD<Node id="714"/>.<Node id="715"/> <Node id="716"/> <Node id="717"/>God<Node id="720"/>'s<Node id="722"/> <Node id="723"/>will<Node id="727"/> <Node id="728"/>was<Node id="731"/> <Node id="732"/>that<Node id="736"/> <Node id="737"/>the<Node id="740"/> <Node id="741"/>Jewish<Node id="747"/> <Node id="748"/>people<Node id="754"/> <Node id="755"/>accept<Node id="761"/>
<Node id="762"/>&gt;<Node id="763"/>Jesus<Node id="768"/> <Node id="769"/>as<Node id="771"/> <Node id="772"/>the<Node id="775"/> <Node id="776"/>Messiah<Node id="783"/> <Node id="784"/>and<Node id="787"/> <Node id="788"/>that<Node id="792"/> <Node id="793"/>the<Node id="796"/> <Node id="797"/>kingdom<Node id="804"/> <Node id="805"/>of<Node id="807"/> <Node id="808"/>Heaven<Node id="814"/> <Node id="815"/>be<Node id="817"/> <Node id="818"/>established<Node id="829"/> <Node id="830"/>on<Node id="832"/>
<Node id="833"/>&gt;<Node id="834"/>the<Node id="837"/> <Node id="838"/>earth<Node id="843"/> <Node id="844"/>with<Node id="848"/> <Node id="849"/>Jesus<Node id="854"/> <Node id="855"/>as<Node id="857"/> <Node id="858"/>it<Node id="860"/>'s<Node id="862"/> <Node id="863"/>head<Node id="867"/>.<Node id="868"/> <Node id="869"/>(<Node id="870"/>Just<Node id="874"/> <Node id="875"/>like<Node id="879"/> <Node id="880"/>the<Node id="883"/> <Node id="884"/>Jewish<Node id="890"/> <Node id="891"/>people<Node id="897"/>
<Node id="898"/>&gt;<Node id="899"/>expected<Node id="907"/>)<Node id="908"/>.<Node id="909"/> <Node id="910"/>If<Node id="912"/> <Node id="913"/>this<Node id="917"/> <Node id="918"/>had<Node id="921"/> <Node id="922"/>happened<Node id="930"/> <Node id="931"/>2000<Node id="935"/> <Node id="936"/>years<Node id="941"/> <Node id="942"/>ago<Node id="945"/> <Node id="946"/>can<Node id="949"/> <Node id="950"/>you<Node id="953"/> <Node id="954"/>imagine<Node id="961"/> <Node id="962"/>what<Node id="966"/>
<Node id="967"/>	<Node id="968"/>.<Node id="969"/>
<Node id="970"/>	<Node id="971"/>.<Node id="972"/>
<Node id="973"/>	<Node id="974"/>.<Node id="975"/>
<Node id="976"/>
<Node id="977"/>Why<Node id="980"/> <Node id="981"/>do<Node id="983"/> <Node id="984"/>you<Node id="987"/> <Node id="988"/>assume<Node id="994"/> <Node id="995"/>that<Node id="999"/> <Node id="1000"/>Jesus<Node id="1005"/>'s<Node id="1007"/> <Node id="1008"/>plea<Node id="1012"/> <Node id="1013"/>to<Node id="1015"/> <Node id="1016"/>His<Node id="1019"/> <Node id="1020"/>Father<Node id="1026"/> <Node id="1027"/>"<Node id="1028"/>to<Node id="1030"/> <Node id="1031"/>let<Node id="1034"/> <Node id="1035"/>this<Node id="1039"/> <Node id="1040"/>cup<Node id="1043"/>
<Node id="1044"/>pass<Node id="1048"/> <Node id="1049"/>from<Node id="1053"/> <Node id="1054"/>Him<Node id="1057"/>"<Node id="1058"/>,<Node id="1059"/> <Node id="1060"/>was<Node id="1063"/> <Node id="1064"/>merely<Node id="1070"/> <Node id="1071"/>a<Node id="1072"/> <Node id="1073"/>plea<Node id="1077"/> <Node id="1078"/>to<Node id="1080"/> <Node id="1081"/>escape<Node id="1087"/> <Node id="1088"/>death<Node id="1093"/>?<Node id="1094"/> <Node id="1095"/> <Node id="1096"/>When<Node id="1100"/> <Node id="1101"/>I<Node id="1102"/> <Node id="1103"/>look<Node id="1107"/> <Node id="1108"/>at<Node id="1110"/>
<Node id="1111"/>Jesus<Node id="1116"/> <Node id="1117"/>in<Node id="1119"/> <Node id="1120"/>the<Node id="1123"/> <Node id="1124"/>garden<Node id="1130"/>,<Node id="1131"/> <Node id="1132"/>I<Node id="1133"/> <Node id="1134"/>see<Node id="1137"/> <Node id="1138"/>a<Node id="1139"/> <Node id="1140"/>Man-<Node id="1144"/>God<Node id="1147"/>,<Node id="1148"/> <Node id="1149"/>who<Node id="1152"/> <Node id="1153"/>all<Node id="1156"/> <Node id="1157"/>His<Node id="1160"/> <Node id="1161"/>life<Node id="1165"/> <Node id="1166"/>had<Node id="1169"/> <Node id="1170"/>had<Node id="1173"/> <Node id="1174"/>the<Node id="1177"/>
<Node id="1178"/>presense<Node id="1186"/> <Node id="1187"/>of<Node id="1189"/> <Node id="1190"/>His<Node id="1193"/> <Node id="1194"/>Father<Node id="1200"/> <Node id="1201"/>with<Node id="1205"/> <Node id="1206"/>Him<Node id="1209"/>.<Node id="1210"/> <Node id="1211"/> <Node id="1212"/>As<Node id="1214"/> <Node id="1215"/>a<Node id="1216"/> <Node id="1217"/>result<Node id="1223"/>,<Node id="1224"/> <Node id="1225"/>He<Node id="1227"/> <Node id="1228"/>knew<Node id="1232"/> <Node id="1233"/>every<Node id="1238"/>
<Node id="1239"/>detail<Node id="1245"/> <Node id="1246"/>about<Node id="1251"/> <Node id="1252"/>His<Node id="1255"/> <Node id="1256"/>death<Node id="1261"/> <Node id="1262"/>long<Node id="1266"/> <Node id="1267"/>before<Node id="1273"/> <Node id="1274"/>the<Node id="1277"/> <Node id="1278"/>Agony<Node id="1283"/> <Node id="1284"/>in<Node id="1286"/> <Node id="1287"/>the<Node id="1290"/> <Node id="1291"/>Garden<Node id="1297"/>.<Node id="1298"/> <Node id="1299"/> <Node id="1300"/>But<Node id="1303"/>
<Node id="1304"/>as<Node id="1306"/> <Node id="1307"/>that<Node id="1311"/> <Node id="1312"/>hour<Node id="1316"/> <Node id="1317"/>approached<Node id="1327"/>,<Node id="1328"/> <Node id="1329"/>He<Node id="1331"/> <Node id="1332"/>felt<Node id="1336"/> <Node id="1337"/>abandoned<Node id="1346"/> <Node id="1347"/>by<Node id="1349"/> <Node id="1350"/>His<Node id="1353"/> <Node id="1354"/>Father<Node id="1360"/>,<Node id="1361"/> <Node id="1362"/>His<Node id="1365"/>
<Node id="1366"/>presense<Node id="1374"/> <Node id="1375"/>diminishing<Node id="1386"/> <Node id="1387"/>with<Node id="1391"/> <Node id="1392"/>each<Node id="1396"/> <Node id="1397"/>passing<Node id="1404"/> <Node id="1405"/>minute<Node id="1411"/>.<Node id="1412"/> <Node id="1413"/> <Node id="1414"/>In<Node id="1416"/> <Node id="1417"/>addition<Node id="1425"/>,<Node id="1426"/> <Node id="1427"/>it<Node id="1429"/>
<Node id="1430"/>was<Node id="1433"/> <Node id="1434"/>brought<Node id="1441"/> <Node id="1442"/>more<Node id="1446"/> <Node id="1447"/>and<Node id="1450"/> <Node id="1451"/>more<Node id="1455"/> <Node id="1456"/>to<Node id="1458"/> <Node id="1459"/>Jesus<Node id="1464"/>'s<Node id="1466"/> <Node id="1467"/>attention<Node id="1476"/> <Node id="1477"/>(<Node id="1478"/>the<Node id="1481"/> <Node id="1482"/>betrayal<Node id="1490"/> <Node id="1491"/>of<Node id="1493"/>
<Node id="1494"/>Judas<Node id="1499"/> <Node id="1500"/>was<Node id="1503"/> <Node id="1504"/>probably<Node id="1512"/> <Node id="1513"/>a<Node id="1514"/> <Node id="1515"/>big<Node id="1518"/> <Node id="1519"/>impact<Node id="1525"/>)<Node id="1526"/> <Node id="1527"/>that<Node id="1531"/> <Node id="1532"/>His<Node id="1535"/> <Node id="1536"/>suffering<Node id="1545"/> <Node id="1546"/>would<Node id="1551"/> <Node id="1552"/>be<Node id="1554"/> <Node id="1555"/>to<Node id="1557"/> <Node id="1558"/>no<Node id="1560"/>
<Node id="1561"/>avail<Node id="1566"/> <Node id="1567"/>for<Node id="1570"/> <Node id="1571"/>many<Node id="1575"/> <Node id="1576"/>people<Node id="1582"/>,<Node id="1583"/> <Node id="1584"/>especially<Node id="1594"/> <Node id="1595"/>those<Node id="1600"/> <Node id="1601"/>who<Node id="1604"/> <Node id="1605"/>would<Node id="1610"/> <Node id="1611"/>reject<Node id="1617"/> <Node id="1618"/>Him<Node id="1621"/>,<Node id="1622"/> <Node id="1623"/>not<Node id="1626"/>
<Node id="1627"/>only<Node id="1631"/> <Node id="1632"/>then<Node id="1636"/> <Node id="1637"/>but<Node id="1640"/> <Node id="1641"/>in<Node id="1643"/> <Node id="1644"/>the<Node id="1647"/> <Node id="1648"/>future<Node id="1654"/>.<Node id="1655"/> <Node id="1656"/> <Node id="1657"/>I<Node id="1658"/> <Node id="1659"/>truly<Node id="1664"/> <Node id="1665"/>believe<Node id="1672"/> <Node id="1673"/>that<Node id="1677"/> <Node id="1678"/>the<Node id="1681"/> <Node id="1682"/>majority<Node id="1690"/> <Node id="1691"/>of<Node id="1693"/>
<Node id="1694"/>Jesus<Node id="1699"/>'s<Node id="1701"/> <Node id="1702"/>suffering<Node id="1711"/> <Node id="1712"/>was<Node id="1715"/> <Node id="1716"/>mental<Node id="1722"/> <Node id="1723"/>and<Node id="1726"/> <Node id="1727"/>spiritual<Node id="1736"/>,<Node id="1737"/> <Node id="1738"/>while<Node id="1743"/> <Node id="1744"/>the<Node id="1747"/> <Node id="1748"/>physical<Node id="1756"/>
<Node id="1757"/>portion<Node id="1764"/> <Node id="1765"/>was<Node id="1768"/> <Node id="1769"/>only<Node id="1773"/> <Node id="1774"/>the<Node id="1777"/> <Node id="1778"/>tip<Node id="1781"/> <Node id="1782"/>of<Node id="1784"/> <Node id="1785"/>the<Node id="1788"/> <Node id="1789"/>iceburg<Node id="1796"/>.<Node id="1797"/>
<Node id="1798"/>
<Node id="1799"/>BTW<Node id="1802"/>,<Node id="1803"/> <Node id="1804"/>we<Node id="1806"/> <Node id="1807"/>know<Node id="1811"/> <Node id="1812"/>from<Node id="1816"/> <Node id="1817"/>John<Node id="1821"/>'s<Node id="1823"/> <Node id="1824"/>account<Node id="1831"/> <Node id="1832"/>that<Node id="1836"/> <Node id="1837"/>Jesus<Node id="1842"/> <Node id="1843"/>*<Node id="1844"/>shunned<Node id="1851"/>*<Node id="1852"/> <Node id="1853"/>becomming<Node id="1862"/> <Node id="1863"/>an<Node id="1865"/> <Node id="1866"/>earthly<Node id="1873"/>
<Node id="1874"/>king<Node id="1878"/>.<Node id="1879"/> <Node id="1880"/> <Node id="1881"/>From<Node id="1885"/> <Node id="1886"/>John<Node id="1890"/>:<Node id="1891"/>
<Node id="1892"/>
<Node id="1893"/>JOH<Node id="1896"/> <Node id="1897"/>6<Node id="1898"/>:<Node id="1899"/>14<Node id="1901"/> <Node id="1902"/> <Node id="1903"/> <Node id="1904"/> <Node id="1905"/>After<Node id="1910"/> <Node id="1911"/>the<Node id="1914"/> <Node id="1915"/>people<Node id="1921"/> <Node id="1922"/>saw<Node id="1925"/> <Node id="1926"/>the<Node id="1929"/> <Node id="1930"/>miraculous<Node id="1940"/> <Node id="1941"/>sign<Node id="1945"/> <Node id="1946"/>that<Node id="1950"/> <Node id="1951"/>Jesus<Node id="1956"/> <Node id="1957"/>did<Node id="1960"/>,<Node id="1961"/> <Node id="1962"/>they<Node id="1966"/>
<Node id="1967"/> <Node id="1968"/> <Node id="1969"/> <Node id="1970"/> <Node id="1971"/> <Node id="1972"/> <Node id="1973"/> <Node id="1974"/> <Node id="1975"/> <Node id="1976"/> <Node id="1977"/> <Node id="1978"/> <Node id="1979"/>began<Node id="1984"/> <Node id="1985"/>to<Node id="1987"/> <Node id="1988"/>say<Node id="1991"/>,<Node id="1992"/> <Node id="1993"/>"<Node id="1994"/>Surely<Node id="2000"/> <Node id="2001"/>this<Node id="2005"/> <Node id="2006"/>is<Node id="2008"/> <Node id="2009"/>the<Node id="2012"/> <Node id="2013"/>Prophet<Node id="2020"/> <Node id="2021"/>who<Node id="2024"/> <Node id="2025"/>is<Node id="2027"/> <Node id="2028"/>to<Node id="2030"/> <Node id="2031"/>come<Node id="2035"/> <Node id="2036"/>into<Node id="2040"/> <Node id="2041"/>the<Node id="2044"/>
<Node id="2045"/> <Node id="2046"/> <Node id="2047"/> <Node id="2048"/> <Node id="2049"/> <Node id="2050"/> <Node id="2051"/> <Node id="2052"/> <Node id="2053"/> <Node id="2054"/> <Node id="2055"/> <Node id="2056"/> <Node id="2057"/>world<Node id="2062"/>.<Node id="2063"/>"<Node id="2064"/>
<Node id="2065"/>JOH<Node id="2068"/> <Node id="2069"/>6<Node id="2070"/>:<Node id="2071"/>15<Node id="2073"/> <Node id="2074"/> <Node id="2075"/> <Node id="2076"/> <Node id="2077"/>Jesus<Node id="2082"/>,<Node id="2083"/> <Node id="2084"/>knowing<Node id="2091"/> <Node id="2092"/>that<Node id="2096"/> <Node id="2097"/>they<Node id="2101"/> <Node id="2102"/>intended<Node id="2110"/> <Node id="2111"/>to<Node id="2113"/> <Node id="2114"/>come<Node id="2118"/> <Node id="2119"/>and<Node id="2122"/> <Node id="2123"/>make<Node id="2127"/> <Node id="2128"/>him<Node id="2131"/> <Node id="2132"/>king<Node id="2136"/> <Node id="2137"/>by<Node id="2139"/>
<Node id="2140"/> <Node id="2141"/> <Node id="2142"/> <Node id="2143"/> <Node id="2144"/> <Node id="2145"/> <Node id="2146"/> <Node id="2147"/> <Node id="2148"/> <Node id="2149"/> <Node id="2150"/> <Node id="2151"/> <Node id="2152"/>force<Node id="2157"/>,<Node id="2158"/> <Node id="2159"/>withdrew<Node id="2167"/> <Node id="2168"/>again<Node id="2173"/> <Node id="2174"/>to<Node id="2176"/> <Node id="2177"/>a<Node id="2178"/> <Node id="2179"/>mountain<Node id="2187"/> <Node id="2188"/>by<Node id="2190"/> <Node id="2191"/>himself<Node id="2198"/>.<Node id="2199"/>
<Node id="2200"/>
<Node id="2201"/>This<Node id="2205"/> <Node id="2206"/>does<Node id="2210"/> <Node id="2211"/>not<Node id="2214"/> <Node id="2215"/>seem<Node id="2219"/> <Node id="2220"/>like<Node id="2224"/> <Node id="2225"/>a<Node id="2226"/> <Node id="2227"/>man<Node id="2230"/> <Node id="2231"/>who<Node id="2234"/> <Node id="2235"/>would<Node id="2240"/> <Node id="2241"/>regret<Node id="2247"/> <Node id="2248"/>not<Node id="2251"/> <Node id="2252"/>becoming<Node id="2260"/> <Node id="2261"/>an<Node id="2263"/>
<Node id="2264"/>earthly<Node id="2271"/> <Node id="2272"/>king<Node id="2276"/>.<Node id="2277"/> <Node id="2278"/> <Node id="2279"/>No<Node id="2281"/>,<Node id="2282"/> <Node id="2283"/>Jesus<Node id="2288"/> <Node id="2289"/>knew<Node id="2293"/> <Node id="2294"/>His<Node id="2297"/> <Node id="2298"/>mission<Node id="2305"/> <Node id="2306"/>was<Node id="2309"/> <Node id="2310"/>to<Node id="2312"/> <Node id="2313"/>redeem<Node id="2319"/> <Node id="2320"/>all<Node id="2323"/> <Node id="2324"/>(<Node id="2325"/>Jew<Node id="2328"/> <Node id="2329"/>&amp;<Node id="2330"/>
<Node id="2331"/>Gentile<Node id="2338"/>)<Node id="2339"/> <Node id="2340"/>people<Node id="2346"/> <Node id="2347"/>and<Node id="2350"/> <Node id="2351"/>establish<Node id="2360"/> <Node id="2361"/>His<Node id="2364"/> <Node id="2365"/>kingdom<Node id="2372"/> <Node id="2373"/>in<Node id="2375"/> <Node id="2376"/>the<Node id="2379"/> <Node id="2380"/>hearts<Node id="2386"/> <Node id="2387"/>of<Node id="2389"/> <Node id="2390"/>those<Node id="2395"/>
<Node id="2396"/>who<Node id="2399"/> <Node id="2400"/>would<Node id="2405"/> <Node id="2406"/>believe<Node id="2413"/>.<Node id="2414"/> <Node id="2415"/> <Node id="2416"/>This<Node id="2420"/> <Node id="2421"/>was<Node id="2424"/> <Node id="2425"/>utterly<Node id="2432"/> <Node id="2433"/>mistaken<Node id="2441"/>,<Node id="2442"/> <Node id="2443"/>much<Node id="2447"/> <Node id="2448"/>to<Node id="2450"/> <Node id="2451"/>Jesus<Node id="2456"/>'s<Node id="2458"/>
<Node id="2459"/>dismay<Node id="2465"/>,<Node id="2466"/> <Node id="2467"/>as<Node id="2469"/> <Node id="2470"/>an<Node id="2472"/> <Node id="2473"/>aspiration<Node id="2483"/> <Node id="2484"/>to<Node id="2486"/> <Node id="2487"/>some<Node id="2491"/> <Node id="2492"/>earthly<Node id="2499"/> <Node id="2500"/>kingdom<Node id="2507"/>.<Node id="2508"/> <Node id="2509"/> <Node id="2510"/>But<Node id="2513"/> <Node id="2514"/>He<Node id="2516"/> <Node id="2517"/>knew<Node id="2521"/>
<Node id="2522"/>what<Node id="2526"/> <Node id="2527"/>His<Node id="2530"/> <Node id="2531"/>Father<Node id="2537"/>'s<Node id="2539"/> <Node id="2540"/>will<Node id="2544"/> <Node id="2545"/>was<Node id="2548"/> <Node id="2549"/>and<Node id="2552"/> <Node id="2553"/>followed<Node id="2561"/> <Node id="2562"/>it<Node id="2564"/> <Node id="2565"/>obediently<Node id="2575"/> <Node id="2576"/>even<Node id="2580"/> <Node id="2581"/>in<Node id="2583"/> <Node id="2584"/>the<Node id="2587"/>
<Node id="2588"/>darkness<Node id="2596"/> <Node id="2597"/>of<Node id="2599"/> <Node id="2600"/>His<Node id="2603"/> <Node id="2604"/>Passion<Node id="2611"/>.<Node id="2612"/>
<Node id="2613"/>
<Node id="2614"/>-<Node id="2615"/>-<Node id="2616"/> <Node id="2617"/>
<Node id="2618"/>John<Node id="2622"/> <Node id="2623"/>G<Node id="2624"/>.<Node id="2625"/> <Node id="2626"/>Ata<Node id="2629"/> <Node id="2630"/>-<Node id="2631"/> <Node id="2632"/>Technical<Node id="2641"/> <Node id="2642"/>Consultant<Node id="2652"/> <Node id="2653"/>|<Node id="2654"/> <Node id="2655"/>Internet<Node id="2663"/>:<Node id="2664"/> <Node id="2665"/> <Node id="2666"/>ata<Node id="2669"/>@<Node id="2670"/>hfsi<Node id="2674"/>.<Node id="2675"/>com<Node id="2678"/>
<Node id="2679"/>HFS<Node id="2682"/>,<Node id="2683"/> <Node id="2684"/>Inc<Node id="2687"/>.<Node id="2688"/>	<Node id="2689"/>	<Node id="2690"/> <Node id="2691"/> <Node id="2692"/>VA<Node id="2694"/>20<Node id="2696"/> <Node id="2697"/> <Node id="2698"/> <Node id="2699"/> <Node id="2700"/> <Node id="2701"/>|<Node id="2702"/> <Node id="2703"/> <Node id="2704"/> <Node id="2705"/> <Node id="2706"/> <Node id="2707"/>UUCP<Node id="2711"/>:<Node id="2712"/> <Node id="2713"/> <Node id="2714"/>uunet<Node id="2719"/>!<Node id="2720"/>hfsi<Node id="2724"/>!<Node id="2725"/>ata<Node id="2728"/>
<Node id="2729"/>7900<Node id="2733"/> <Node id="2734"/>Westpark<Node id="2742"/> <Node id="2743"/>Drive<Node id="2748"/>	<Node id="2749"/> <Node id="2750"/>MS<Node id="2752"/>:<Node id="2753"/>601<Node id="2756"/>	<Node id="2757"/> <Node id="2758"/> <Node id="2759"/> <Node id="2760"/>|<Node id="2761"/> <Node id="2762"/> <Node id="2763"/> <Node id="2764"/> <Node id="2765"/>Voice<Node id="2770"/>:<Node id="2771"/>	<Node id="2772"/>(<Node id="2773"/>703<Node id="2776"/>)<Node id="2777"/> <Node id="2778"/>827<Node id="2781"/>-<Node id="2782"/>6810<Node id="2786"/>
<Node id="2787"/>McLean<Node id="2793"/>,<Node id="2794"/> <Node id="2795"/>VA<Node id="2797"/> <Node id="2798"/> <Node id="2799"/>22102<Node id="2804"/>	<Node id="2805"/> <Node id="2806"/> <Node id="2807"/> <Node id="2808"/> <Node id="2809"/> <Node id="2810"/> <Node id="2811"/> <Node id="2812"/> <Node id="2813"/> <Node id="2814"/> <Node id="2815"/> <Node id="2816"/>|<Node id="2817"/> <Node id="2818"/> <Node id="2819"/> <Node id="2820"/> <Node id="2821"/> <Node id="2822"/> <Node id="2823"/>FAX<Node id="2826"/>:<Node id="2827"/>	<Node id="2828"/>(<Node id="2829"/>703<Node id="2832"/>)<Node id="2833"/> <Node id="2834"/>827<Node id="2837"/>-<Node id="2838"/>3729<Node id="2842"/>
<Node id="2843"/></TextWithNodes>
<!-- The default annotation set -->

<AnnotationSet>
<Annotation EndNode="2843" StartNode="0" Type="Mention" Id="9999999">
<Feature>
<Name classname="java.lang.String">Class</Name>
<Value classname="java.lang.String">0</Value>
</Feature>
</Annotation>

<Annotation Id="18" Type="Token" StartNode="36" EndNode="44">
<Feature>
  <Name className="java.lang.String">string</Name>
  <Value className="java.lang.String">Message-</Value>
</Feature>
</Annotation>
<Annotation Id="39" Type="Token" StartNode="82" EndNode="89">
<Feature>
  <Name className="java.lang.String">string</Name>
  <Value className="java.lang.String">rutgers</Value>
</Feature>
</Annotation>
<Annotation Id="37" Type="Token" StartNode="75" EndNode="81">
<Feature>
  <Name className="java.lang.String">string</Name>
  <Value className="java.lang.String">geneva</Value>
</Feature>
</Annotation>
<Annotation Id="61" Type="Token" StartNode="124" EndNode="130">
<Feature>
  <Name className="java.lang.String">string</Name>
  <Value className="java.lang.String">Sender</Value>
</Feature>
</Annotation>
<Annotation Id="68" Type="Token" StartNode="147" EndNode="154">
<Feature>
  <Name className="java.lang.String">string</Name>
  <Value className="java.lang.String">rutgers</Value>
</Feature>
</Annotation>
<Annotation Id="64" Type="Token" StartNode="132" EndNode="139">
<Feature>
  <Name className="java.lang.String">string</Name>
  <Value className="java.lang.String">hedrick</Value>
</Feature>
</Annotation>
<Annotation Id="66" Type="Token" StartNode="140" EndNode="146">
<Feature>
  <Name className="java.lang.String">string</Name>
  <Value className="java.lang.String">geneva</Value>
</Feature>
</Annotation>
<Annotation Id="72" Type="Token" StartNode="159" EndNode="165">
<Feature>
  <Name className="java.lang.String">string</Name>
  <Value className="java.lang.String">Reply-</Value>
</Feature>
</Annotation>
<Annotation Id="84" Type="Token" StartNode="184" EndNode="196">
<Feature>
  <Name className="java.lang.String">string</Name>
  <Value className="java.lang.String">Organization</Value>
</Feature>
</Annotation>
<Annotation Id="94" Type="Token" StartNode="213" EndNode="221">
<Feature>
  <Name className="java.lang.String">string</Name>
  <Value className="java.lang.String">Approved</Value>
</Feature>
</Annotation>
<Annotation Id="101" Type="Token" StartNode="240" EndNode="247">
<Feature>
  <Name className="java.lang.String">string</Name>
  <Value className="java.lang.String">rutgers</Value>
</Feature>
</Annotation>
<Annotation Id="99" Type="Token" StartNode="233" EndNode="239">
<Feature>
  <Name className="java.lang.String">string</Name>
  <Value className="java.lang.String">aramis</Value>
</Feature>
</Annotation>
<Annotation Id="97" Type="Token" StartNode="223" EndNode="232">
<Feature>
  <Name className="java.lang.String">string</Name>
  <Value className="java.lang.String">christian</Value>
</Feature>
</Annotation>
<Annotation Id="108" Type="Token" StartNode="256" EndNode="263">
<Feature>
  <Name className="java.lang.String">string</Name>
  <Value className="java.lang.String">article</Value>
</Feature>
</Annotation>
<Annotation Id="127" Type="Token" StartNode="298" EndNode="305">
<Feature>
  <Name className="java.lang.String">string</Name>
  <Value className="java.lang.String">rutgers</Value>
</Feature>
</Annotation>
<Annotation Id="125" Type="Token" StartNode="291" EndNode="297">
<Feature>
  <Name className="java.lang.String">string</Name>
  <Value className="java.lang.String">geneva</Value>
</Feature>
</Annotation>
<Annotation Id="140" Type="Token" StartNode="330" EndNode="336">
<Feature>
  <Name className="java.lang.String">string</Name>
  <Value className="java.lang.String">writes</Value>
</Feature>
</Annotation>
<Annotation Id="132" Type="Token" StartNode="311" EndNode="317">
<Feature>
  <Name className="java.lang.String">string</Name>
  <Value className="java.lang.String">parkin</Value>
</Feature>
</Annotation>
<Annotation Id="153" Type="Token" StartNode="370" EndNode="376">
<Feature>
  <Name className="java.lang.String">string</Name>
  <Value className="java.lang.String">people</Value>
</Feature>
</Annotation>
<Annotation Id="157" Type="Token" StartNode="380" EndNode="386">
<Feature>
  <Name className="java.lang.String">string</Name>
  <Value className="java.lang.String">accept</Value>
</Feature>
</Annotation>
<Annotation Id="145" Type="Token" StartNode="340" EndNode="351">
<Feature>
  <Name className="java.lang.String">string</Name>
  <Value className="java.lang.String">desperately</Value>
</Feature>
</Annotation>
<Annotation Id="147" Type="Token" StartNode="352" EndNode="358">
<Feature>
  <Name className="java.lang.String">string</Name>
  <Value className="java.lang.String">wanted</Value>
</Feature>
</Annotation>
<Annotation Id="151" Type="Token" StartNode="363" EndNode="369">
<Feature>
  <Name className="java.lang.String">string</Name>
  <Value className="java.lang.String">Jewish</Value>
</Feature>
</Annotation>
<Annotation Id="174" Type="Token" StartNode="416" EndNode="429">
<Feature>
  <Name className="java.lang.String">string</Name>
  <Value className="java.lang.String">crucification</Value>
</Feature>
</Annotation>
<Annotation Id="165" Type="Token" StartNode="398" EndNode="405">
<Feature>
  <Name className="java.lang.String">string</Name>
  <Value className="java.lang.String">Messiah</Value>
</Feature>
</Annotation>
<Annotation Id="217" Type="Token" StartNode="518" EndNode="526">
<Feature>
  <Name className="java.lang.String">string</Name>
  <Value className="java.lang.String">weakness</Value>
</Feature>
</Annotation>
<Annotation Id="254" Type="Token" StartNode="613" EndNode="619">
<Feature>
  <Name className="java.lang.String">string</Name>
  <Value className="java.lang.String">causes</Value>
</Feature>
</Annotation>
<Annotation Id="246" Type="Token" StartNode="590" EndNode="597">
<Feature>
  <Name className="java.lang.String">string</Name>
  <Value className="java.lang.String">country</Value>
</Feature>
</Annotation>
<Annotation Id="286" Type="Token" StartNode="676" EndNode="689">
<Feature>
  <Name className="java.lang.String">string</Name>
  <Value className="java.lang.String">crucification</Value>
</Feature>
</Annotation>
<Annotation Id="315" Type="Token" StartNode="741" EndNode="747">
<Feature>
  <Name className="java.lang.String">string</Name>
  <Value className="java.lang.String">Jewish</Value>
</Feature>
</Annotation>
<Annotation Id="317" Type="Token" StartNode="748" EndNode="754">
<Feature>
  <Name className="java.lang.String">string</Name>
  <Value className="java.lang.String">people</Value>
</Feature>
</Annotation>
<Annotation Id="319" Type="Token" StartNode="755" EndNode="761">
<Feature>
  <Name className="java.lang.String">string</Name>
  <Value className="java.lang.String">accept</Value>
</Feature>
</Annotation>
<Annotation Id="340" Type="Token" StartNode="808" EndNode="814">
<Feature>
  <Name className="java.lang.String">string</Name>
  <Value className="java.lang.String">Heaven</Value>
</Feature>
</Annotation>
<Annotation Id="336" Type="Token" StartNode="797" EndNode="804">
<Feature>
  <Name className="java.lang.String">string</Name>
  <Value className="java.lang.String">kingdom</Value>
</Feature>
</Annotation>
<Annotation Id="344" Type="Token" StartNode="818" EndNode="829">
<Feature>
  <Name className="java.lang.String">string</Name>
  <Value className="java.lang.String">established</Value>
</Feature>
</Annotation>
<Annotation Id="328" Type="Token" StartNode="776" EndNode="783">
<Feature>
  <Name className="java.lang.String">string</Name>
  <Value className="java.lang.String">Messiah</Value>
</Feature>
</Annotation>
<Annotation Id="373" Type="Token" StartNode="884" EndNode="890">
<Feature>
  <Name className="java.lang.String">string</Name>
  <Value className="java.lang.String">Jewish</Value>
</Feature>
</Annotation>
<Annotation Id="375" Type="Token" StartNode="891" EndNode="897">
<Feature>
  <Name className="java.lang.String">string</Name>
  <Value className="java.lang.String">people</Value>
</Feature>
</Annotation>
<Annotation Id="378" Type="Token" StartNode="899" EndNode="907">
<Feature>
  <Name className="java.lang.String">string</Name>
  <Value className="java.lang.String">expected</Value>
</Feature>
</Annotation>
<Annotation Id="400" Type="Token" StartNode="954" EndNode="961">
<Feature>
  <Name className="java.lang.String">string</Name>
  <Value className="java.lang.String">imagine</Value>
</Feature>
</Annotation>
<Annotation Id="388" Type="Token" StartNode="922" EndNode="930">
<Feature>
  <Name className="java.lang.String">string</Name>
  <Value className="java.lang.String">happened</Value>
</Feature>
</Annotation>
<Annotation Id="434" Type="Token" StartNode="1020" EndNode="1026">
<Feature>
  <Name className="java.lang.String">string</Name>
  <Value className="java.lang.String">Father</Value>
</Feature>
</Annotation>
<Annotation Id="420" Type="Token" StartNode="988" EndNode="994">
<Feature>
  <Name className="java.lang.String">string</Name>
  <Value className="java.lang.String">assume</Value>
</Feature>
</Annotation>
<Annotation Id="463" Type="Token" StartNode="1081" EndNode="1087">
<Feature>
  <Name className="java.lang.String">string</Name>
  <Value className="java.lang.String">escape</Value>
</Feature>
</Annotation>
<Annotation Id="455" Type="Token" StartNode="1064" EndNode="1070">
<Feature>
  <Name className="java.lang.String">string</Name>
  <Value className="java.lang.String">merely</Value>
</Feature>
</Annotation>
<Annotation Id="510" Type="Token" StartNode="1178" EndNode="1186">
<Feature>
  <Name className="java.lang.String">string</Name>
  <Value className="java.lang.String">presense</Value>
</Feature>
</Annotation>
<Annotation Id="483" Type="Token" StartNode="1124" EndNode="1130">
<Feature>
  <Name className="java.lang.String">string</Name>
  <Value className="java.lang.String">garden</Value>
</Feature>
</Annotation>
<Annotation Id="547" Type="Token" StartNode="1267" EndNode="1273">
<Feature>
  <Name className="java.lang.String">string</Name>
  <Value className="java.lang.String">before</Value>
</Feature>
</Annotation>
<Annotation Id="557" Type="Token" StartNode="1291" EndNode="1297">
<Feature>
  <Name className="java.lang.String">string</Name>
  <Value className="java.lang.String">Garden</Value>
</Feature>
</Annotation>
<Annotation Id="569" Type="Token" StartNode="1317" EndNode="1327">
<Feature>
  <Name className="java.lang.String">string</Name>
  <Value className="java.lang.String">approached</Value>
</Feature>
</Annotation>
<Annotation Id="516" Type="Token" StartNode="1194" EndNode="1200">
<Feature>
  <Name className="java.lang.String">string</Name>
  <Value className="java.lang.String">Father</Value>
</Feature>
</Annotation>
<Annotation Id="528" Type="Token" StartNode="1217" EndNode="1223">
<Feature>
  <Name className="java.lang.String">string</Name>
  <Value className="java.lang.String">result</Value>
</Feature>
</Annotation>
<Annotation Id="537" Type="Token" StartNode="1239" EndNode="1245">
<Feature>
  <Name className="java.lang.String">string</Name>
  <Value className="java.lang.String">detail</Value>
</Feature>
</Annotation>
<Annotation Id="610" Type="Token" StartNode="1434" EndNode="1441">
<Feature>
  <Name className="java.lang.String">string</Name>
  <Value className="java.lang.String">brought</Value>
</Feature>
</Annotation>
<Annotation Id="624" Type="Token" StartNode="1467" EndNode="1476">
<Feature>
  <Name className="java.lang.String">string</Name>
  <Value className="java.lang.String">attention</Value>
</Feature>
</Annotation>
<Annotation Id="629" Type="Token" StartNode="1482" EndNode="1490">
<Feature>
  <Name className="java.lang.String">string</Name>
  <Value className="java.lang.String">betrayal</Value>
</Feature>
</Annotation>
<Annotation Id="637" Type="Token" StartNode="1504" EndNode="1512">
<Feature>
  <Name className="java.lang.String">string</Name>
  <Value className="java.lang.String">probably</Value>
</Feature>
</Annotation>
<Annotation Id="576" Type="Token" StartNode="1337" EndNode="1346">
<Feature>
  <Name className="java.lang.String">string</Name>
  <Value className="java.lang.String">abandoned</Value>
</Feature>
</Annotation>
<Annotation Id="582" Type="Token" StartNode="1354" EndNode="1360">
<Feature>
  <Name className="java.lang.String">string</Name>
  <Value className="java.lang.String">Father</Value>
</Feature>
</Annotation>
<Annotation Id="587" Type="Token" StartNode="1366" EndNode="1374">
<Feature>
  <Name className="java.lang.String">string</Name>
  <Value className="java.lang.String">presense</Value>
</Feature>
</Annotation>
<Annotation Id="589" Type="Token" StartNode="1375" EndNode="1386">
<Feature>
  <Name className="java.lang.String">string</Name>
  <Value className="java.lang.String">diminishing</Value>
</Feature>
</Annotation>
<Annotation Id="595" Type="Token" StartNode="1397" EndNode="1404">
<Feature>
  <Name className="java.lang.String">string</Name>
  <Value className="java.lang.String">passing</Value>
</Feature>
</Annotation>
<Annotation Id="597" Type="Token" StartNode="1405" EndNode="1411">
<Feature>
  <Name className="java.lang.String">string</Name>
  <Value className="java.lang.String">minute</Value>
</Feature>
</Annotation>
<Annotation Id="603" Type="Token" StartNode="1417" EndNode="1425">
<Feature>
  <Name className="java.lang.String">string</Name>
  <Value className="java.lang.String">addition</Value>
</Feature>
</Annotation>
<Annotation Id="677" Type="Token" StartNode="1611" EndNode="1617">
<Feature>
  <Name className="java.lang.String">string</Name>
  <Value className="java.lang.String">reject</Value>
</Feature>
</Annotation>
<Annotation Id="702" Type="Token" StartNode="1665" EndNode="1672">
<Feature>
  <Name className="java.lang.String">string</Name>
  <Value className="java.lang.String">believe</Value>
</Feature>
</Annotation>
<Annotation Id="694" Type="Token" StartNode="1648" EndNode="1654">
<Feature>
  <Name className="java.lang.String">string</Name>
  <Value className="java.lang.String">future</Value>
</Feature>
</Annotation>
<Annotation Id="650" Type="Token" StartNode="1536" EndNode="1545">
<Feature>
  <Name className="java.lang.String">string</Name>
  <Value className="java.lang.String">suffering</Value>
</Feature>
</Annotation>
<Annotation Id="643" Type="Token" StartNode="1519" EndNode="1525">
<Feature>
  <Name className="java.lang.String">string</Name>
  <Value className="java.lang.String">impact</Value>
</Feature>
</Annotation>
<Annotation Id="669" Type="Token" StartNode="1584" EndNode="1594">
<Feature>
  <Name className="java.lang.String">string</Name>
  <Value className="java.lang.String">especially</Value>
</Feature>
</Annotation>
<Annotation Id="666" Type="Token" StartNode="1576" EndNode="1582">
<Feature>
  <Name className="java.lang.String">string</Name>
  <Value className="java.lang.String">people</Value>
</Feature>
</Annotation>
<Annotation Id="747" Type="Token" StartNode="1789" EndNode="1796">
<Feature>
  <Name className="java.lang.String">string</Name>
  <Value className="java.lang.String">iceburg</Value>
</Feature>
</Annotation>
<Annotation Id="764" Type="Token" StartNode="1824" EndNode="1831">
<Feature>
  <Name className="java.lang.String">string</Name>
  <Value className="java.lang.String">account</Value>
</Feature>
</Annotation>
<Annotation Id="716" Type="Token" StartNode="1702" EndNode="1711">
<Feature>
  <Name className="java.lang.String">string</Name>
  <Value className="java.lang.String">suffering</Value>
</Feature>
</Annotation>
<Annotation Id="708" Type="Token" StartNode="1682" EndNode="1690">
<Feature>
  <Name className="java.lang.String">string</Name>
  <Value className="java.lang.String">majority</Value>
</Feature>
</Annotation>
<Annotation Id="731" Type="Token" StartNode="1748" EndNode="1756">
<Feature>
  <Name className="java.lang.String">string</Name>
  <Value className="java.lang.String">physical</Value>
</Feature>
</Annotation>
<Annotation Id="733" Type="Token" StartNode="1757" EndNode="1764">
<Feature>
  <Name className="java.lang.String">string</Name>
  <Value className="java.lang.String">portion</Value>
</Feature>
</Annotation>
<Annotation Id="720" Type="Token" StartNode="1716" EndNode="1722">
<Feature>
  <Name className="java.lang.String">string</Name>
  <Value className="java.lang.String">mental</Value>
</Feature>
</Annotation>
<Annotation Id="724" Type="Token" StartNode="1727" EndNode="1736">
<Feature>
  <Name className="java.lang.String">string</Name>
  <Value className="java.lang.String">spiritual</Value>
</Feature>
</Annotation>
<Annotation Id="803" Type="Token" StartNode="1915" EndNode="1921">
<Feature>
  <Name className="java.lang.String">string</Name>
  <Value className="java.lang.String">people</Value>
</Feature>
</Annotation>
<Annotation Id="809" Type="Token" StartNode="1930" EndNode="1940">
<Feature>
  <Name className="java.lang.String">string</Name>
  <Value className="java.lang.String">miraculous</Value>
</Feature>
</Annotation>
<Annotation Id="774" Type="Token" StartNode="1853" EndNode="1862">
<Feature>
  <Name className="java.lang.String">string</Name>
  <Value className="java.lang.String">becomming</Value>
</Feature>
</Annotation>
<Annotation Id="771" Type="Token" StartNode="1844" EndNode="1851">
<Feature>
  <Name className="java.lang.String">string</Name>
  <Value className="java.lang.String">shunned</Value>
</Feature>
</Annotation>
<Annotation Id="778" Type="Token" StartNode="1866" EndNode="1873">
<Feature>
  <Name className="java.lang.String">string</Name>
  <Value className="java.lang.String">earthly</Value>
</Feature>
</Annotation>
<Annotation Id="892" Type="Token" StartNode="2084" EndNode="2091">
<Feature>
  <Name className="java.lang.String">string</Name>
  <Value className="java.lang.String">knowing</Value>
</Feature>
</Annotation>
<Annotation Id="850" Type="Token" StartNode="2013" EndNode="2020">
<Feature>
  <Name className="java.lang.String">string</Name>
  <Value className="java.lang.String">Prophet</Value>
</Feature>
</Annotation>
<Annotation Id="842" Type="Token" StartNode="1994" EndNode="2000">
<Feature>
  <Name className="java.lang.String">string</Name>
  <Value className="java.lang.String">Surely</Value>
</Feature>
</Annotation>
<Annotation Id="941" Type="Token" StartNode="2191" EndNode="2198">
<Feature>
  <Name className="java.lang.String">string</Name>
  <Value className="java.lang.String">himself</Value>
</Feature>
</Annotation>
<Annotation Id="937" Type="Token" StartNode="2179" EndNode="2187">
<Feature>
  <Name className="java.lang.String">string</Name>
  <Value className="java.lang.String">mountain</Value>
</Feature>
</Annotation>
<Annotation Id="929" Type="Token" StartNode="2159" EndNode="2167">
<Feature>
  <Name className="java.lang.String">string</Name>
  <Value className="java.lang.String">withdrew</Value>
</Feature>
</Annotation>
<Annotation Id="898" Type="Token" StartNode="2102" EndNode="2110">
<Feature>
  <Name className="java.lang.String">string</Name>
  <Value className="java.lang.String">intended</Value>
</Feature>
</Annotation>
<Annotation Id="1018" Type="Token" StartNode="2380" EndNode="2386">
<Feature>
  <Name className="java.lang.String">string</Name>
  <Value className="java.lang.String">hearts</Value>
</Feature>
</Annotation>
<Annotation Id="1008" Type="Token" StartNode="2351" EndNode="2360">
<Feature>
  <Name className="java.lang.String">string</Name>
  <Value className="java.lang.String">establish</Value>
</Feature>
</Annotation>
<Annotation Id="1012" Type="Token" StartNode="2365" EndNode="2372">
<Feature>
  <Name className="java.lang.String">string</Name>
  <Value className="java.lang.String">kingdom</Value>
</Feature>
</Annotation>
<Annotation Id="1001" Type="Token" StartNode="2331" EndNode="2338">
<Feature>
  <Name className="java.lang.String">string</Name>
  <Value className="java.lang.String">Gentile</Value>
</Feature>
</Annotation>
<Annotation Id="1004" Type="Token" StartNode="2340" EndNode="2346">
<Feature>
  <Name className="java.lang.String">string</Name>
  <Value className="java.lang.String">people</Value>
</Feature>
</Annotation>
<Annotation Id="992" Type="Token" StartNode="2313" EndNode="2319">
<Feature>
  <Name className="java.lang.String">string</Name>
  <Value className="java.lang.String">redeem</Value>
</Feature>
</Annotation>
<Annotation Id="986" Type="Token" StartNode="2298" EndNode="2305">
<Feature>
  <Name className="java.lang.String">string</Name>
  <Value className="java.lang.String">mission</Value>
</Feature>
</Annotation>
<Annotation Id="971" Type="Token" StartNode="2264" EndNode="2271">
<Feature>
  <Name className="java.lang.String">string</Name>
  <Value className="java.lang.String">earthly</Value>
</Feature>
</Annotation>
<Annotation Id="963" Type="Token" StartNode="2241" EndNode="2247">
<Feature>
  <Name className="java.lang.String">string</Name>
  <Value className="java.lang.String">regret</Value>
</Feature>
</Annotation>
<Annotation Id="967" Type="Token" StartNode="2252" EndNode="2260">
<Feature>
  <Name className="java.lang.String">string</Name>
  <Value className="java.lang.String">becoming</Value>
</Feature>
</Annotation>
<Annotation Id="1100" Type="Token" StartNode="2588" EndNode="2596">
<Feature>
  <Name className="java.lang.String">string</Name>
  <Value className="java.lang.String">darkness</Value>
</Feature>
</Annotation>
<Annotation Id="1092" Type="Token" StartNode="2565" EndNode="2575">
<Feature>
  <Name className="java.lang.String">string</Name>
  <Value className="java.lang.String">obediently</Value>
</Feature>
</Annotation>
<Annotation Id="1088" Type="Token" StartNode="2553" EndNode="2561">
<Feature>
  <Name className="java.lang.String">string</Name>
  <Value className="java.lang.String">followed</Value>
</Feature>
</Annotation>
<Annotation Id="1106" Type="Token" StartNode="2604" EndNode="2611">
<Feature>
  <Name className="java.lang.String">string</Name>
  <Value className="java.lang.String">Passion</Value>
</Feature>
</Annotation>
<Annotation Id="1129" Type="Token" StartNode="2655" EndNode="2663">
<Feature>
  <Name className="java.lang.String">string</Name>
  <Value className="java.lang.String">Internet</Value>
</Feature>
</Annotation>
<Annotation Id="1125" Type="Token" StartNode="2642" EndNode="2652">
<Feature>
  <Name className="java.lang.String">string</Name>
  <Value className="java.lang.String">Consultant</Value>
</Feature>
</Annotation>
<Annotation Id="1123" Type="Token" StartNode="2632" EndNode="2641">
<Feature>
  <Name className="java.lang.String">string</Name>
  <Value className="java.lang.String">Technical</Value>
</Feature>
</Annotation>
<Annotation Id="1036" Type="Token" StartNode="2425" EndNode="2432">
<Feature>
  <Name className="java.lang.String">string</Name>
  <Value className="java.lang.String">utterly</Value>
</Feature>
</Annotation>
<Annotation Id="1038" Type="Token" StartNode="2433" EndNode="2441">
<Feature>
  <Name className="java.lang.String">string</Name>
  <Value className="java.lang.String">mistaken</Value>
</Feature>
</Annotation>
<Annotation Id="1028" Type="Token" StartNode="2406" EndNode="2413">
<Feature>
  <Name className="java.lang.String">string</Name>
  <Value className="java.lang.String">believe</Value>
</Feature>
</Annotation>
<Annotation Id="1049" Type="Token" StartNode="2459" EndNode="2465">
<Feature>
  <Name className="java.lang.String">string</Name>
  <Value className="java.lang.String">dismay</Value>
</Feature>
</Annotation>
<Annotation Id="1064" Type="Token" StartNode="2500" EndNode="2507">
<Feature>
  <Name className="java.lang.String">string</Name>
  <Value className="java.lang.String">kingdom</Value>
</Feature>
</Annotation>
<Annotation Id="1056" Type="Token" StartNode="2473" EndNode="2483">
<Feature>
  <Name className="java.lang.String">string</Name>
  <Value className="java.lang.String">aspiration</Value>
</Feature>
</Annotation>
<Annotation Id="1062" Type="Token" StartNode="2492" EndNode="2499">
<Feature>
  <Name className="java.lang.String">string</Name>
  <Value className="java.lang.String">earthly</Value>
</Feature>
</Annotation>
<Annotation Id="1078" Type="Token" StartNode="2531" EndNode="2537">
<Feature>
  <Name className="java.lang.String">string</Name>
  <Value className="java.lang.String">Father</Value>
</Feature>
</Annotation>
<Annotation Id="1173" Type="Token" StartNode="2734" EndNode="2742">
<Feature>
  <Name className="java.lang.String">string</Name>
  <Value className="java.lang.String">Westpark</Value>
</Feature>
</Annotation>
<Annotation Id="1201" Type="Token" StartNode="2787" EndNode="2793">
<Feature>
  <Name className="java.lang.String">string</Name>
  <Value className="java.lang.String">McLean</Value>
</Feature>
</Annotation>
</AnnotationSet>
<AnnotationSet Name="Original markups"> </AnnotationSet>
</GateDocument>