<?xml version='1.0' encoding='UTF-8'?>
<GateDocument version="3">
<!-- The document's features-->

<GateDocumentFeatures>
<Feature>
  <Name className="java.lang.String">Original_document_content_on_load</Name>
  <Value className="java.lang.String">From: revdak@netcom.com (D. Andrew Kille)
Message-ID: &lt;May.23.04.55.12.1993.19971@athos.rutgers.edu>
Date: 23 May 93 08:55:14 GMT
Sender: hedrick@athos.rutgers.edu
Organization: NETCOM On-line Communication Services (408 241-9760 guest)
Lines: 48
Approved: christian@aramis.rutgers.edu

Bryan Whitsell (whitsebd@nextwork.rose-hulman.edu) wrote:
: Recently an e-mail to me mentioned:

: (Technically, the messengers aren't even human so
: it *can't* be a case of "homosexuality" -- even of rape.) [...]

: The Jude reference to Sodom is also meaningful only in the context of
: the Sodomites' "lust" for the "other flesh" of angels.  Again,
: application to homosexual behavior in general, or to the position of
: gay Christians is largeely specious.
: ***
: Are angels "flesh"? No. I feel that this is saying that it was because
: of their lust after other men, who are flesh( or of this world).

: what are other opinons on this? I haven't heard much about this verse  
: at all.

Bo Reike in the Anchor Bible volume on _James, Peter, and Jude_ points
out that all the examples given in this section of Jude are distinguishing
the elect from _apostates_, not just the wicked in general.  Hence, those
who were delivered from Egypt, but did not follow Moses (and, by extension,
God); the apostate angels; and Sodom and Gomorrah.  Quoting Reike:

	"Fornication may here, as often in the New Testament,
	refer to idolatry, while "flesh" (as in I Pet 1:24) 
	denotes human society and its violent attempts at self-
	exaltation.  Sodom and Gommorrah represent the leaders
	of apostasy, and the surrounding cities correspond to
	their followers." [p. 199]


There is no inherent reason to read this verse (7) as literally referring
to actual sexual lust for "alien flesh".  Nor is it inherently necessary
to understand it as referring to homosexuality, outside of the circular
reasoning that has already concluded that the sin of Sodom is the sin
of homosexuality.  The only place that the sin of Sodom is specified, and
not merely inferred, is in Ezekiel 16:49 "This was the guilt of your sister
Sodom: she and her daughters had pride, excess of food, and prosperous ease,
bit did not aid the poor and needy.  They were haughty, and did abominable
things before me; therefore I removed them when I saw it.

For the same reason (overliteralizing the text) your correspondent's
suggestion that the reason the passage doesn't deal with homosexuality
is because the guests were angels and not men is just silly.  There 
are much more solid reasons for pointing out the irrelevance of the
Sodom passages for dealing with homosexuality per se.

revdak@netcom.com
</Value>
</Feature>
<Feature>
  <Name className="java.lang.String">gate.SourceURL</Name>
  <Value className="java.lang.String">file:/C:/Users/jian/Documents/NetBeansProjects/NoiseReductionTechniques/mideastPoliticsMix/negative1068</Value>
</Feature>
</GateDocumentFeatures>
<!-- The document content area with serialized nodes -->

<TextWithNodes><Node id="0"/>From<Node id="4"/>:<Node id="5"/> <Node id="6"/>revdak<Node id="12"/>@<Node id="13"/>netcom<Node id="19"/>.<Node id="20"/>com<Node id="23"/> <Node id="24"/>(<Node id="25"/>D<Node id="26"/>.<Node id="27"/> <Node id="28"/>Andrew<Node id="34"/> <Node id="35"/>Kille<Node id="40"/>)<Node id="41"/>
<Node id="42"/>Message-<Node id="50"/>ID<Node id="52"/>:<Node id="53"/> <Node id="54"/>&lt;<Node id="55"/>May<Node id="58"/>.<Node id="59"/>23<Node id="61"/>.<Node id="62"/>04<Node id="64"/>.<Node id="65"/>55<Node id="67"/>.<Node id="68"/>12<Node id="70"/>.<Node id="71"/>1993<Node id="75"/>.<Node id="76"/>19971<Node id="81"/>@<Node id="82"/>athos<Node id="87"/>.<Node id="88"/>rutgers<Node id="95"/>.<Node id="96"/>edu<Node id="99"/>&gt;<Node id="100"/>
<Node id="101"/>Date<Node id="105"/>:<Node id="106"/> <Node id="107"/>23<Node id="109"/> <Node id="110"/>May<Node id="113"/> <Node id="114"/>93<Node id="116"/> <Node id="117"/>08<Node id="119"/>:<Node id="120"/>55<Node id="122"/>:<Node id="123"/>14<Node id="125"/> <Node id="126"/>GMT<Node id="129"/>
<Node id="130"/>Sender<Node id="136"/>:<Node id="137"/> <Node id="138"/>hedrick<Node id="145"/>@<Node id="146"/>athos<Node id="151"/>.<Node id="152"/>rutgers<Node id="159"/>.<Node id="160"/>edu<Node id="163"/>
<Node id="164"/>Organization<Node id="176"/>:<Node id="177"/> <Node id="178"/>NETCOM<Node id="184"/> <Node id="185"/>On-line<Node id="192"/> <Node id="193"/>Communication<Node id="206"/> <Node id="207"/>Services<Node id="215"/> <Node id="216"/>(<Node id="217"/>408<Node id="220"/> <Node id="221"/>241<Node id="224"/>-<Node id="225"/>9760<Node id="229"/> <Node id="230"/>guest<Node id="235"/>)<Node id="236"/>
<Node id="237"/>Lines<Node id="242"/>:<Node id="243"/> <Node id="244"/>48<Node id="246"/>
<Node id="247"/>Approved<Node id="255"/>:<Node id="256"/> <Node id="257"/>christian<Node id="266"/>@<Node id="267"/>aramis<Node id="273"/>.<Node id="274"/>rutgers<Node id="281"/>.<Node id="282"/>edu<Node id="285"/>
<Node id="286"/>
<Node id="287"/>Bryan<Node id="292"/> <Node id="293"/>Whitsell<Node id="301"/> <Node id="302"/>(<Node id="303"/>whitsebd<Node id="311"/>@<Node id="312"/>nextwork<Node id="320"/>.<Node id="321"/>rose-hulman<Node id="332"/>.<Node id="333"/>edu<Node id="336"/>)<Node id="337"/> <Node id="338"/>wrote<Node id="343"/>:<Node id="344"/>
<Node id="345"/>:<Node id="346"/> <Node id="347"/>Recently<Node id="355"/> <Node id="356"/>an<Node id="358"/> <Node id="359"/>e-mail<Node id="365"/> <Node id="366"/>to<Node id="368"/> <Node id="369"/>me<Node id="371"/> <Node id="372"/>mentioned<Node id="381"/>:<Node id="382"/>
<Node id="383"/>
<Node id="384"/>:<Node id="385"/> <Node id="386"/>(<Node id="387"/>Technically<Node id="398"/>,<Node id="399"/> <Node id="400"/>the<Node id="403"/> <Node id="404"/>messengers<Node id="414"/> <Node id="415"/>are<Node id="418"/>n't<Node id="421"/> <Node id="422"/>even<Node id="426"/> <Node id="427"/>human<Node id="432"/> <Node id="433"/>so<Node id="435"/>
<Node id="436"/>:<Node id="437"/> <Node id="438"/>it<Node id="440"/> <Node id="441"/>*<Node id="442"/>ca<Node id="444"/>n't<Node id="447"/>*<Node id="448"/> <Node id="449"/>be<Node id="451"/> <Node id="452"/>a<Node id="453"/> <Node id="454"/>case<Node id="458"/> <Node id="459"/>of<Node id="461"/> <Node id="462"/>"<Node id="463"/>homosexuality<Node id="476"/>"<Node id="477"/> <Node id="478"/>-<Node id="479"/>-<Node id="480"/> <Node id="481"/>even<Node id="485"/> <Node id="486"/>of<Node id="488"/> <Node id="489"/>rape<Node id="493"/>.<Node id="494"/>)<Node id="495"/> <Node id="496"/>[<Node id="497"/>.<Node id="498"/>.<Node id="499"/>.<Node id="500"/>]<Node id="501"/>
<Node id="502"/>
<Node id="503"/>:<Node id="504"/> <Node id="505"/>The<Node id="508"/> <Node id="509"/>Jude<Node id="513"/> <Node id="514"/>reference<Node id="523"/> <Node id="524"/>to<Node id="526"/> <Node id="527"/>Sodom<Node id="532"/> <Node id="533"/>is<Node id="535"/> <Node id="536"/>also<Node id="540"/> <Node id="541"/>meaningful<Node id="551"/> <Node id="552"/>only<Node id="556"/> <Node id="557"/>in<Node id="559"/> <Node id="560"/>the<Node id="563"/> <Node id="564"/>context<Node id="571"/> <Node id="572"/>of<Node id="574"/>
<Node id="575"/>:<Node id="576"/> <Node id="577"/>the<Node id="580"/> <Node id="581"/>Sodomites<Node id="590"/>'<Node id="591"/> <Node id="592"/>"<Node id="593"/>lust<Node id="597"/>"<Node id="598"/> <Node id="599"/>for<Node id="602"/> <Node id="603"/>the<Node id="606"/> <Node id="607"/>"<Node id="608"/>other<Node id="613"/> <Node id="614"/>flesh<Node id="619"/>"<Node id="620"/> <Node id="621"/>of<Node id="623"/> <Node id="624"/>angels<Node id="630"/>.<Node id="631"/> <Node id="632"/> <Node id="633"/>Again<Node id="638"/>,<Node id="639"/>
<Node id="640"/>:<Node id="641"/> <Node id="642"/>application<Node id="653"/> <Node id="654"/>to<Node id="656"/> <Node id="657"/>homosexual<Node id="667"/> <Node id="668"/>behavior<Node id="676"/> <Node id="677"/>in<Node id="679"/> <Node id="680"/>general<Node id="687"/>,<Node id="688"/> <Node id="689"/>or<Node id="691"/> <Node id="692"/>to<Node id="694"/> <Node id="695"/>the<Node id="698"/> <Node id="699"/>position<Node id="707"/> <Node id="708"/>of<Node id="710"/>
<Node id="711"/>:<Node id="712"/> <Node id="713"/>gay<Node id="716"/> <Node id="717"/>Christians<Node id="727"/> <Node id="728"/>is<Node id="730"/> <Node id="731"/>largeely<Node id="739"/> <Node id="740"/>specious<Node id="748"/>.<Node id="749"/>
<Node id="750"/>:<Node id="751"/> <Node id="752"/>*<Node id="753"/>*<Node id="754"/>*<Node id="755"/>
<Node id="756"/>:<Node id="757"/> <Node id="758"/>Are<Node id="761"/> <Node id="762"/>angels<Node id="768"/> <Node id="769"/>"<Node id="770"/>flesh<Node id="775"/>"<Node id="776"/>?<Node id="777"/> <Node id="778"/>No<Node id="780"/>.<Node id="781"/> <Node id="782"/>I<Node id="783"/> <Node id="784"/>feel<Node id="788"/> <Node id="789"/>that<Node id="793"/> <Node id="794"/>this<Node id="798"/> <Node id="799"/>is<Node id="801"/> <Node id="802"/>saying<Node id="808"/> <Node id="809"/>that<Node id="813"/> <Node id="814"/>it<Node id="816"/> <Node id="817"/>was<Node id="820"/> <Node id="821"/>because<Node id="828"/>
<Node id="829"/>:<Node id="830"/> <Node id="831"/>of<Node id="833"/> <Node id="834"/>their<Node id="839"/> <Node id="840"/>lust<Node id="844"/> <Node id="845"/>after<Node id="850"/> <Node id="851"/>other<Node id="856"/> <Node id="857"/>men<Node id="860"/>,<Node id="861"/> <Node id="862"/>who<Node id="865"/> <Node id="866"/>are<Node id="869"/> <Node id="870"/>flesh<Node id="875"/>(<Node id="876"/> <Node id="877"/>or<Node id="879"/> <Node id="880"/>of<Node id="882"/> <Node id="883"/>this<Node id="887"/> <Node id="888"/>world<Node id="893"/>)<Node id="894"/>.<Node id="895"/>
<Node id="896"/>
<Node id="897"/>:<Node id="898"/> <Node id="899"/>what<Node id="903"/> <Node id="904"/>are<Node id="907"/> <Node id="908"/>other<Node id="913"/> <Node id="914"/>opinons<Node id="921"/> <Node id="922"/>on<Node id="924"/> <Node id="925"/>this<Node id="929"/>?<Node id="930"/> <Node id="931"/>I<Node id="932"/> <Node id="933"/>have<Node id="937"/>n't<Node id="940"/> <Node id="941"/>heard<Node id="946"/> <Node id="947"/>much<Node id="951"/> <Node id="952"/>about<Node id="957"/> <Node id="958"/>this<Node id="962"/> <Node id="963"/>verse<Node id="968"/> <Node id="969"/> <Node id="970"/>
<Node id="971"/>:<Node id="972"/> <Node id="973"/>at<Node id="975"/> <Node id="976"/>all<Node id="979"/>.<Node id="980"/>
<Node id="981"/>
<Node id="982"/>Bo<Node id="984"/> <Node id="985"/>Reike<Node id="990"/> <Node id="991"/>in<Node id="993"/> <Node id="994"/>the<Node id="997"/> <Node id="998"/>Anchor<Node id="1004"/> <Node id="1005"/>Bible<Node id="1010"/> <Node id="1011"/>volume<Node id="1017"/> <Node id="1018"/>on<Node id="1020"/> <Node id="1021"/>_<Node id="1022"/>James<Node id="1027"/>,<Node id="1028"/> <Node id="1029"/>Peter<Node id="1034"/>,<Node id="1035"/> <Node id="1036"/>and<Node id="1039"/> <Node id="1040"/>Jude<Node id="1044"/>_<Node id="1045"/> <Node id="1046"/>points<Node id="1052"/>
<Node id="1053"/>out<Node id="1056"/> <Node id="1057"/>that<Node id="1061"/> <Node id="1062"/>all<Node id="1065"/> <Node id="1066"/>the<Node id="1069"/> <Node id="1070"/>examples<Node id="1078"/> <Node id="1079"/>given<Node id="1084"/> <Node id="1085"/>in<Node id="1087"/> <Node id="1088"/>this<Node id="1092"/> <Node id="1093"/>section<Node id="1100"/> <Node id="1101"/>of<Node id="1103"/> <Node id="1104"/>Jude<Node id="1108"/> <Node id="1109"/>are<Node id="1112"/> <Node id="1113"/>distinguishing<Node id="1127"/>
<Node id="1128"/>the<Node id="1131"/> <Node id="1132"/>elect<Node id="1137"/> <Node id="1138"/>from<Node id="1142"/> <Node id="1143"/>_<Node id="1144"/>apostates<Node id="1153"/>_<Node id="1154"/>,<Node id="1155"/> <Node id="1156"/>not<Node id="1159"/> <Node id="1160"/>just<Node id="1164"/> <Node id="1165"/>the<Node id="1168"/> <Node id="1169"/>wicked<Node id="1175"/> <Node id="1176"/>in<Node id="1178"/> <Node id="1179"/>general<Node id="1186"/>.<Node id="1187"/> <Node id="1188"/> <Node id="1189"/>Hence<Node id="1194"/>,<Node id="1195"/> <Node id="1196"/>those<Node id="1201"/>
<Node id="1202"/>who<Node id="1205"/> <Node id="1206"/>were<Node id="1210"/> <Node id="1211"/>delivered<Node id="1220"/> <Node id="1221"/>from<Node id="1225"/> <Node id="1226"/>Egypt<Node id="1231"/>,<Node id="1232"/> <Node id="1233"/>but<Node id="1236"/> <Node id="1237"/>did<Node id="1240"/> <Node id="1241"/>not<Node id="1244"/> <Node id="1245"/>follow<Node id="1251"/> <Node id="1252"/>Moses<Node id="1257"/> <Node id="1258"/>(<Node id="1259"/>and<Node id="1262"/>,<Node id="1263"/> <Node id="1264"/>by<Node id="1266"/> <Node id="1267"/>extension<Node id="1276"/>,<Node id="1277"/>
<Node id="1278"/>God<Node id="1281"/>)<Node id="1282"/>;<Node id="1283"/> <Node id="1284"/>the<Node id="1287"/> <Node id="1288"/>apostate<Node id="1296"/> <Node id="1297"/>angels<Node id="1303"/>;<Node id="1304"/> <Node id="1305"/>and<Node id="1308"/> <Node id="1309"/>Sodom<Node id="1314"/> <Node id="1315"/>and<Node id="1318"/> <Node id="1319"/>Gomorrah<Node id="1327"/>.<Node id="1328"/> <Node id="1329"/> <Node id="1330"/>Quoting<Node id="1337"/> <Node id="1338"/>Reike<Node id="1343"/>:<Node id="1344"/>
<Node id="1345"/>
<Node id="1346"/>	<Node id="1347"/>"<Node id="1348"/>Fornication<Node id="1359"/> <Node id="1360"/>may<Node id="1363"/> <Node id="1364"/>here<Node id="1368"/>,<Node id="1369"/> <Node id="1370"/>as<Node id="1372"/> <Node id="1373"/>often<Node id="1378"/> <Node id="1379"/>in<Node id="1381"/> <Node id="1382"/>the<Node id="1385"/> <Node id="1386"/>New<Node id="1389"/> <Node id="1390"/>Testament<Node id="1399"/>,<Node id="1400"/>
<Node id="1401"/>	<Node id="1402"/>refer<Node id="1407"/> <Node id="1408"/>to<Node id="1410"/> <Node id="1411"/>idolatry<Node id="1419"/>,<Node id="1420"/> <Node id="1421"/>while<Node id="1426"/> <Node id="1427"/>"<Node id="1428"/>flesh<Node id="1433"/>"<Node id="1434"/> <Node id="1435"/>(<Node id="1436"/>as<Node id="1438"/> <Node id="1439"/>in<Node id="1441"/> <Node id="1442"/>I<Node id="1443"/> <Node id="1444"/>Pet<Node id="1447"/> <Node id="1448"/>1<Node id="1449"/>:<Node id="1450"/>24<Node id="1452"/>)<Node id="1453"/> <Node id="1454"/>
<Node id="1455"/>	<Node id="1456"/>denotes<Node id="1463"/> <Node id="1464"/>human<Node id="1469"/> <Node id="1470"/>society<Node id="1477"/> <Node id="1478"/>and<Node id="1481"/> <Node id="1482"/>its<Node id="1485"/> <Node id="1486"/>violent<Node id="1493"/> <Node id="1494"/>attempts<Node id="1502"/> <Node id="1503"/>at<Node id="1505"/> <Node id="1506"/>self-<Node id="1511"/>
<Node id="1512"/>	<Node id="1513"/>exaltation<Node id="1523"/>.<Node id="1524"/> <Node id="1525"/> <Node id="1526"/>Sodom<Node id="1531"/> <Node id="1532"/>and<Node id="1535"/> <Node id="1536"/>Gommorrah<Node id="1545"/> <Node id="1546"/>represent<Node id="1555"/> <Node id="1556"/>the<Node id="1559"/> <Node id="1560"/>leaders<Node id="1567"/>
<Node id="1568"/>	<Node id="1569"/>of<Node id="1571"/> <Node id="1572"/>apostasy<Node id="1580"/>,<Node id="1581"/> <Node id="1582"/>and<Node id="1585"/> <Node id="1586"/>the<Node id="1589"/> <Node id="1590"/>surrounding<Node id="1601"/> <Node id="1602"/>cities<Node id="1608"/> <Node id="1609"/>correspond<Node id="1619"/> <Node id="1620"/>to<Node id="1622"/>
<Node id="1623"/>	<Node id="1624"/>their<Node id="1629"/> <Node id="1630"/>followers<Node id="1639"/>.<Node id="1640"/>"<Node id="1641"/> <Node id="1642"/>[<Node id="1643"/>p<Node id="1644"/>.<Node id="1645"/> <Node id="1646"/>199<Node id="1649"/>]<Node id="1650"/>
<Node id="1651"/>
<Node id="1652"/>
<Node id="1653"/>There<Node id="1658"/> <Node id="1659"/>is<Node id="1661"/> <Node id="1662"/>no<Node id="1664"/> <Node id="1665"/>inherent<Node id="1673"/> <Node id="1674"/>reason<Node id="1680"/> <Node id="1681"/>to<Node id="1683"/> <Node id="1684"/>read<Node id="1688"/> <Node id="1689"/>this<Node id="1693"/> <Node id="1694"/>verse<Node id="1699"/> <Node id="1700"/>(<Node id="1701"/>7<Node id="1702"/>)<Node id="1703"/> <Node id="1704"/>as<Node id="1706"/> <Node id="1707"/>literally<Node id="1716"/> <Node id="1717"/>referring<Node id="1726"/>
<Node id="1727"/>to<Node id="1729"/> <Node id="1730"/>actual<Node id="1736"/> <Node id="1737"/>sexual<Node id="1743"/> <Node id="1744"/>lust<Node id="1748"/> <Node id="1749"/>for<Node id="1752"/> <Node id="1753"/>"<Node id="1754"/>alien<Node id="1759"/> <Node id="1760"/>flesh<Node id="1765"/>"<Node id="1766"/>.<Node id="1767"/> <Node id="1768"/> <Node id="1769"/>Nor<Node id="1772"/> <Node id="1773"/>is<Node id="1775"/> <Node id="1776"/>it<Node id="1778"/> <Node id="1779"/>inherently<Node id="1789"/> <Node id="1790"/>necessary<Node id="1799"/>
<Node id="1800"/>to<Node id="1802"/> <Node id="1803"/>understand<Node id="1813"/> <Node id="1814"/>it<Node id="1816"/> <Node id="1817"/>as<Node id="1819"/> <Node id="1820"/>referring<Node id="1829"/> <Node id="1830"/>to<Node id="1832"/> <Node id="1833"/>homosexuality<Node id="1846"/>,<Node id="1847"/> <Node id="1848"/>outside<Node id="1855"/> <Node id="1856"/>of<Node id="1858"/> <Node id="1859"/>the<Node id="1862"/> <Node id="1863"/>circular<Node id="1871"/>
<Node id="1872"/>reasoning<Node id="1881"/> <Node id="1882"/>that<Node id="1886"/> <Node id="1887"/>has<Node id="1890"/> <Node id="1891"/>already<Node id="1898"/> <Node id="1899"/>concluded<Node id="1908"/> <Node id="1909"/>that<Node id="1913"/> <Node id="1914"/>the<Node id="1917"/> <Node id="1918"/>sin<Node id="1921"/> <Node id="1922"/>of<Node id="1924"/> <Node id="1925"/>Sodom<Node id="1930"/> <Node id="1931"/>is<Node id="1933"/> <Node id="1934"/>the<Node id="1937"/> <Node id="1938"/>sin<Node id="1941"/>
<Node id="1942"/>of<Node id="1944"/> <Node id="1945"/>homosexuality<Node id="1958"/>.<Node id="1959"/> <Node id="1960"/> <Node id="1961"/>The<Node id="1964"/> <Node id="1965"/>only<Node id="1969"/> <Node id="1970"/>place<Node id="1975"/> <Node id="1976"/>that<Node id="1980"/> <Node id="1981"/>the<Node id="1984"/> <Node id="1985"/>sin<Node id="1988"/> <Node id="1989"/>of<Node id="1991"/> <Node id="1992"/>Sodom<Node id="1997"/> <Node id="1998"/>is<Node id="2000"/> <Node id="2001"/>specified<Node id="2010"/>,<Node id="2011"/> <Node id="2012"/>and<Node id="2015"/>
<Node id="2016"/>not<Node id="2019"/> <Node id="2020"/>merely<Node id="2026"/> <Node id="2027"/>inferred<Node id="2035"/>,<Node id="2036"/> <Node id="2037"/>is<Node id="2039"/> <Node id="2040"/>in<Node id="2042"/> <Node id="2043"/>Ezekiel<Node id="2050"/> <Node id="2051"/>16<Node id="2053"/>:<Node id="2054"/>49<Node id="2056"/> <Node id="2057"/>"<Node id="2058"/>This<Node id="2062"/> <Node id="2063"/>was<Node id="2066"/> <Node id="2067"/>the<Node id="2070"/> <Node id="2071"/>guilt<Node id="2076"/> <Node id="2077"/>of<Node id="2079"/> <Node id="2080"/>your<Node id="2084"/> <Node id="2085"/>sister<Node id="2091"/>
<Node id="2092"/>Sodom<Node id="2097"/>:<Node id="2098"/> <Node id="2099"/>she<Node id="2102"/> <Node id="2103"/>and<Node id="2106"/> <Node id="2107"/>her<Node id="2110"/> <Node id="2111"/>daughters<Node id="2120"/> <Node id="2121"/>had<Node id="2124"/> <Node id="2125"/>pride<Node id="2130"/>,<Node id="2131"/> <Node id="2132"/>excess<Node id="2138"/> <Node id="2139"/>of<Node id="2141"/> <Node id="2142"/>food<Node id="2146"/>,<Node id="2147"/> <Node id="2148"/>and<Node id="2151"/> <Node id="2152"/>prosperous<Node id="2162"/> <Node id="2163"/>ease<Node id="2167"/>,<Node id="2168"/>
<Node id="2169"/>bit<Node id="2172"/> <Node id="2173"/>did<Node id="2176"/> <Node id="2177"/>not<Node id="2180"/> <Node id="2181"/>aid<Node id="2184"/> <Node id="2185"/>the<Node id="2188"/> <Node id="2189"/>poor<Node id="2193"/> <Node id="2194"/>and<Node id="2197"/> <Node id="2198"/>needy<Node id="2203"/>.<Node id="2204"/> <Node id="2205"/> <Node id="2206"/>They<Node id="2210"/> <Node id="2211"/>were<Node id="2215"/> <Node id="2216"/>haughty<Node id="2223"/>,<Node id="2224"/> <Node id="2225"/>and<Node id="2228"/> <Node id="2229"/>did<Node id="2232"/> <Node id="2233"/>abominable<Node id="2243"/>
<Node id="2244"/>things<Node id="2250"/> <Node id="2251"/>before<Node id="2257"/> <Node id="2258"/>me<Node id="2260"/>;<Node id="2261"/> <Node id="2262"/>therefore<Node id="2271"/> <Node id="2272"/>I<Node id="2273"/> <Node id="2274"/>removed<Node id="2281"/> <Node id="2282"/>them<Node id="2286"/> <Node id="2287"/>when<Node id="2291"/> <Node id="2292"/>I<Node id="2293"/> <Node id="2294"/>saw<Node id="2297"/> <Node id="2298"/>it<Node id="2300"/>.<Node id="2301"/>
<Node id="2302"/>
<Node id="2303"/>For<Node id="2306"/> <Node id="2307"/>the<Node id="2310"/> <Node id="2311"/>same<Node id="2315"/> <Node id="2316"/>reason<Node id="2322"/> <Node id="2323"/>(<Node id="2324"/>overliteralizing<Node id="2340"/> <Node id="2341"/>the<Node id="2344"/> <Node id="2345"/>text<Node id="2349"/>)<Node id="2350"/> <Node id="2351"/>your<Node id="2355"/> <Node id="2356"/>correspondent<Node id="2369"/>'s<Node id="2371"/>
<Node id="2372"/>suggestion<Node id="2382"/> <Node id="2383"/>that<Node id="2387"/> <Node id="2388"/>the<Node id="2391"/> <Node id="2392"/>reason<Node id="2398"/> <Node id="2399"/>the<Node id="2402"/> <Node id="2403"/>passage<Node id="2410"/> <Node id="2411"/>does<Node id="2415"/>n't<Node id="2418"/> <Node id="2419"/>deal<Node id="2423"/> <Node id="2424"/>with<Node id="2428"/> <Node id="2429"/>homosexuality<Node id="2442"/>
<Node id="2443"/>is<Node id="2445"/> <Node id="2446"/>because<Node id="2453"/> <Node id="2454"/>the<Node id="2457"/> <Node id="2458"/>guests<Node id="2464"/> <Node id="2465"/>were<Node id="2469"/> <Node id="2470"/>angels<Node id="2476"/> <Node id="2477"/>and<Node id="2480"/> <Node id="2481"/>not<Node id="2484"/> <Node id="2485"/>men<Node id="2488"/> <Node id="2489"/>is<Node id="2491"/> <Node id="2492"/>just<Node id="2496"/> <Node id="2497"/>silly<Node id="2502"/>.<Node id="2503"/> <Node id="2504"/> <Node id="2505"/>There<Node id="2510"/> <Node id="2511"/>
<Node id="2512"/>are<Node id="2515"/> <Node id="2516"/>much<Node id="2520"/> <Node id="2521"/>more<Node id="2525"/> <Node id="2526"/>solid<Node id="2531"/> <Node id="2532"/>reasons<Node id="2539"/> <Node id="2540"/>for<Node id="2543"/> <Node id="2544"/>pointing<Node id="2552"/> <Node id="2553"/>out<Node id="2556"/> <Node id="2557"/>the<Node id="2560"/> <Node id="2561"/>irrelevance<Node id="2572"/> <Node id="2573"/>of<Node id="2575"/> <Node id="2576"/>the<Node id="2579"/>
<Node id="2580"/>Sodom<Node id="2585"/> <Node id="2586"/>passages<Node id="2594"/> <Node id="2595"/>for<Node id="2598"/> <Node id="2599"/>dealing<Node id="2606"/> <Node id="2607"/>with<Node id="2611"/> <Node id="2612"/>homosexuality<Node id="2625"/> <Node id="2626"/>per<Node id="2629"/> <Node id="2630"/>se<Node id="2632"/>.<Node id="2633"/>
<Node id="2634"/>
<Node id="2635"/>revdak<Node id="2641"/>@<Node id="2642"/>netcom<Node id="2648"/>.<Node id="2649"/>com<Node id="2652"/>
<Node id="2653"/></TextWithNodes>
<!-- The default annotation set -->

<AnnotationSet>
<Annotation EndNode="2653" StartNode="0" Type="Mention" Id="9999999">
<Feature>
<Name classname="java.lang.String">Class</Name>
<Value classname="java.lang.String">0</Value>
</Feature>
</Annotation>

<Annotation Id="3" Type="Token" StartNode="6" EndNode="12">
<Feature>
  <Name className="java.lang.String">string</Name>
  <Value className="java.lang.String">revdak</Value>
</Feature>
</Annotation>
<Annotation Id="5" Type="Token" StartNode="13" EndNode="19">
<Feature>
  <Name className="java.lang.String">string</Name>
  <Value className="java.lang.String">netcom</Value>
</Feature>
</Annotation>
<Annotation Id="13" Type="Token" StartNode="28" EndNode="34">
<Feature>
  <Name className="java.lang.String">string</Name>
  <Value className="java.lang.String">Andrew</Value>
</Feature>
</Annotation>
<Annotation Id="18" Type="Token" StartNode="42" EndNode="50">
<Feature>
  <Name className="java.lang.String">string</Name>
  <Value className="java.lang.String">Message-</Value>
</Feature>
</Annotation>
<Annotation Id="39" Type="Token" StartNode="88" EndNode="95">
<Feature>
  <Name className="java.lang.String">string</Name>
  <Value className="java.lang.String">rutgers</Value>
</Feature>
</Annotation>
<Annotation Id="61" Type="Token" StartNode="130" EndNode="136">
<Feature>
  <Name className="java.lang.String">string</Name>
  <Value className="java.lang.String">Sender</Value>
</Feature>
</Annotation>
<Annotation Id="68" Type="Token" StartNode="152" EndNode="159">
<Feature>
  <Name className="java.lang.String">string</Name>
  <Value className="java.lang.String">rutgers</Value>
</Feature>
</Annotation>
<Annotation Id="64" Type="Token" StartNode="138" EndNode="145">
<Feature>
  <Name className="java.lang.String">string</Name>
  <Value className="java.lang.String">hedrick</Value>
</Feature>
</Annotation>
<Annotation Id="77" Type="Token" StartNode="185" EndNode="192">
<Feature>
  <Name className="java.lang.String">string</Name>
  <Value className="java.lang.String">On-line</Value>
</Feature>
</Annotation>
<Annotation Id="79" Type="Token" StartNode="193" EndNode="206">
<Feature>
  <Name className="java.lang.String">string</Name>
  <Value className="java.lang.String">Communication</Value>
</Feature>
</Annotation>
<Annotation Id="72" Type="Token" StartNode="164" EndNode="176">
<Feature>
  <Name className="java.lang.String">string</Name>
  <Value className="java.lang.String">Organization</Value>
</Feature>
</Annotation>
<Annotation Id="75" Type="Token" StartNode="178" EndNode="184">
<Feature>
  <Name className="java.lang.String">string</Name>
  <Value className="java.lang.String">NETCOM</Value>
</Feature>
</Annotation>
<Annotation Id="81" Type="Token" StartNode="207" EndNode="215">
<Feature>
  <Name className="java.lang.String">string</Name>
  <Value className="java.lang.String">Services</Value>
</Feature>
</Annotation>
<Annotation Id="103" Type="Token" StartNode="267" EndNode="273">
<Feature>
  <Name className="java.lang.String">string</Name>
  <Value className="java.lang.String">aramis</Value>
</Feature>
</Annotation>
<Annotation Id="101" Type="Token" StartNode="257" EndNode="266">
<Feature>
  <Name className="java.lang.String">string</Name>
  <Value className="java.lang.String">christian</Value>
</Feature>
</Annotation>
<Annotation Id="98" Type="Token" StartNode="247" EndNode="255">
<Feature>
  <Name className="java.lang.String">string</Name>
  <Value className="java.lang.String">Approved</Value>
</Feature>
</Annotation>
<Annotation Id="105" Type="Token" StartNode="274" EndNode="281">
<Feature>
  <Name className="java.lang.String">string</Name>
  <Value className="java.lang.String">rutgers</Value>
</Feature>
</Annotation>
<Annotation Id="119" Type="Token" StartNode="321" EndNode="332">
<Feature>
  <Name className="java.lang.String">string</Name>
  <Value className="java.lang.String">rose-hulman</Value>
</Feature>
</Annotation>
<Annotation Id="117" Type="Token" StartNode="312" EndNode="320">
<Feature>
  <Name className="java.lang.String">string</Name>
  <Value className="java.lang.String">nextwork</Value>
</Feature>
</Annotation>
<Annotation Id="115" Type="Token" StartNode="303" EndNode="311">
<Feature>
  <Name className="java.lang.String">string</Name>
  <Value className="java.lang.String">whitsebd</Value>
</Feature>
</Annotation>
<Annotation Id="112" Type="Token" StartNode="293" EndNode="301">
<Feature>
  <Name className="java.lang.String">string</Name>
  <Value className="java.lang.String">Whitsell</Value>
</Feature>
</Annotation>
<Annotation Id="139" Type="Token" StartNode="372" EndNode="381">
<Feature>
  <Name className="java.lang.String">string</Name>
  <Value className="java.lang.String">mentioned</Value>
</Feature>
</Annotation>
<Annotation Id="129" Type="Token" StartNode="347" EndNode="355">
<Feature>
  <Name className="java.lang.String">string</Name>
  <Value className="java.lang.String">Recently</Value>
</Feature>
</Annotation>
<Annotation Id="133" Type="Token" StartNode="359" EndNode="365">
<Feature>
  <Name className="java.lang.String">string</Name>
  <Value className="java.lang.String">e-mail</Value>
</Feature>
</Annotation>
<Annotation Id="146" Type="Token" StartNode="387" EndNode="398">
<Feature>
  <Name className="java.lang.String">string</Name>
  <Value className="java.lang.String">Technically</Value>
</Feature>
</Annotation>
<Annotation Id="151" Type="Token" StartNode="404" EndNode="414">
<Feature>
  <Name className="java.lang.String">string</Name>
  <Value className="java.lang.String">messengers</Value>
</Feature>
</Annotation>
<Annotation Id="182" Type="Token" StartNode="463" EndNode="476">
<Feature>
  <Name className="java.lang.String">string</Name>
  <Value className="java.lang.String">homosexuality</Value>
</Feature>
</Annotation>
<Annotation Id="219" Type="Token" StartNode="541" EndNode="551">
<Feature>
  <Name className="java.lang.String">string</Name>
  <Value className="java.lang.String">meaningful</Value>
</Feature>
</Annotation>
<Annotation Id="209" Type="Token" StartNode="514" EndNode="523">
<Feature>
  <Name className="java.lang.String">string</Name>
  <Value className="java.lang.String">reference</Value>
</Feature>
</Annotation>
<Annotation Id="235" Type="Token" StartNode="581" EndNode="590">
<Feature>
  <Name className="java.lang.String">string</Name>
  <Value className="java.lang.String">Sodomites</Value>
</Feature>
</Annotation>
<Annotation Id="227" Type="Token" StartNode="564" EndNode="571">
<Feature>
  <Name className="java.lang.String">string</Name>
  <Value className="java.lang.String">context</Value>
</Feature>
</Annotation>
<Annotation Id="254" Type="Token" StartNode="624" EndNode="630">
<Feature>
  <Name className="java.lang.String">string</Name>
  <Value className="java.lang.String">angels</Value>
</Feature>
</Annotation>
<Annotation Id="273" Type="Token" StartNode="680" EndNode="687">
<Feature>
  <Name className="java.lang.String">string</Name>
  <Value className="java.lang.String">general</Value>
</Feature>
</Annotation>
<Annotation Id="282" Type="Token" StartNode="699" EndNode="707">
<Feature>
  <Name className="java.lang.String">string</Name>
  <Value className="java.lang.String">position</Value>
</Feature>
</Annotation>
<Annotation Id="263" Type="Token" StartNode="642" EndNode="653">
<Feature>
  <Name className="java.lang.String">string</Name>
  <Value className="java.lang.String">application</Value>
</Feature>
</Annotation>
<Annotation Id="267" Type="Token" StartNode="657" EndNode="667">
<Feature>
  <Name className="java.lang.String">string</Name>
  <Value className="java.lang.String">homosexual</Value>
</Feature>
</Annotation>
<Annotation Id="269" Type="Token" StartNode="668" EndNode="676">
<Feature>
  <Name className="java.lang.String">string</Name>
  <Value className="java.lang.String">behavior</Value>
</Feature>
</Annotation>
<Annotation Id="309" Type="Token" StartNode="762" EndNode="768">
<Feature>
  <Name className="java.lang.String">string</Name>
  <Value className="java.lang.String">angels</Value>
</Feature>
</Annotation>
<Annotation Id="290" Type="Token" StartNode="717" EndNode="727">
<Feature>
  <Name className="java.lang.String">string</Name>
  <Value className="java.lang.String">Christians</Value>
</Feature>
</Annotation>
<Annotation Id="294" Type="Token" StartNode="731" EndNode="739">
<Feature>
  <Name className="java.lang.String">string</Name>
  <Value className="java.lang.String">largeely</Value>
</Feature>
</Annotation>
<Annotation Id="296" Type="Token" StartNode="740" EndNode="748">
<Feature>
  <Name className="java.lang.String">string</Name>
  <Value className="java.lang.String">specious</Value>
</Feature>
</Annotation>
<Annotation Id="337" Type="Token" StartNode="821" EndNode="828">
<Feature>
  <Name className="java.lang.String">string</Name>
  <Value className="java.lang.String">because</Value>
</Feature>
</Annotation>
<Annotation Id="329" Type="Token" StartNode="802" EndNode="808">
<Feature>
  <Name className="java.lang.String">string</Name>
  <Value className="java.lang.String">saying</Value>
</Feature>
</Annotation>
<Annotation Id="380" Type="Token" StartNode="914" EndNode="921">
<Feature>
  <Name className="java.lang.String">string</Name>
  <Value className="java.lang.String">opinons</Value>
</Feature>
</Annotation>
<Annotation Id="441" Type="Token" StartNode="1046" EndNode="1052">
<Feature>
  <Name className="java.lang.String">string</Name>
  <Value className="java.lang.String">points</Value>
</Feature>
</Annotation>
<Annotation Id="425" Type="Token" StartNode="1011" EndNode="1017">
<Feature>
  <Name className="java.lang.String">string</Name>
  <Value className="java.lang.String">volume</Value>
</Feature>
</Annotation>
<Annotation Id="421" Type="Token" StartNode="998" EndNode="1004">
<Feature>
  <Name className="java.lang.String">string</Name>
  <Value className="java.lang.String">Anchor</Value>
</Feature>
</Annotation>
<Annotation Id="476" Type="Token" StartNode="1144" EndNode="1153">
<Feature>
  <Name className="java.lang.String">string</Name>
  <Value className="java.lang.String">apostates</Value>
</Feature>
</Annotation>
<Annotation Id="467" Type="Token" StartNode="1113" EndNode="1127">
<Feature>
  <Name className="java.lang.String">string</Name>
  <Value className="java.lang.String">distinguishing</Value>
</Feature>
</Annotation>
<Annotation Id="459" Type="Token" StartNode="1093" EndNode="1100">
<Feature>
  <Name className="java.lang.String">string</Name>
  <Value className="java.lang.String">section</Value>
</Feature>
</Annotation>
<Annotation Id="451" Type="Token" StartNode="1070" EndNode="1078">
<Feature>
  <Name className="java.lang.String">string</Name>
  <Value className="java.lang.String">examples</Value>
</Feature>
</Annotation>
<Annotation Id="503" Type="Token" StartNode="1211" EndNode="1220">
<Feature>
  <Name className="java.lang.String">string</Name>
  <Value className="java.lang.String">delivered</Value>
</Feature>
</Annotation>
<Annotation Id="490" Type="Token" StartNode="1179" EndNode="1186">
<Feature>
  <Name className="java.lang.String">string</Name>
  <Value className="java.lang.String">general</Value>
</Feature>
</Annotation>
<Annotation Id="486" Type="Token" StartNode="1169" EndNode="1175">
<Feature>
  <Name className="java.lang.String">string</Name>
  <Value className="java.lang.String">wicked</Value>
</Feature>
</Annotation>
<Annotation Id="550" Type="Token" StartNode="1330" EndNode="1337">
<Feature>
  <Name className="java.lang.String">string</Name>
  <Value className="java.lang.String">Quoting</Value>
</Feature>
</Annotation>
<Annotation Id="546" Type="Token" StartNode="1319" EndNode="1327">
<Feature>
  <Name className="java.lang.String">string</Name>
  <Value className="java.lang.String">Gomorrah</Value>
</Feature>
</Annotation>
<Annotation Id="558" Type="Token" StartNode="1348" EndNode="1359">
<Feature>
  <Name className="java.lang.String">string</Name>
  <Value className="java.lang.String">Fornication</Value>
</Feature>
</Annotation>
<Annotation Id="575" Type="Token" StartNode="1390" EndNode="1399">
<Feature>
  <Name className="java.lang.String">string</Name>
  <Value className="java.lang.String">Testament</Value>
</Feature>
</Annotation>
<Annotation Id="516" Type="Token" StartNode="1245" EndNode="1251">
<Feature>
  <Name className="java.lang.String">string</Name>
  <Value className="java.lang.String">follow</Value>
</Feature>
</Annotation>
<Annotation Id="526" Type="Token" StartNode="1267" EndNode="1276">
<Feature>
  <Name className="java.lang.String">string</Name>
  <Value className="java.lang.String">extension</Value>
</Feature>
</Annotation>
<Annotation Id="535" Type="Token" StartNode="1288" EndNode="1296">
<Feature>
  <Name className="java.lang.String">string</Name>
  <Value className="java.lang.String">apostate</Value>
</Feature>
</Annotation>
<Annotation Id="537" Type="Token" StartNode="1297" EndNode="1303">
<Feature>
  <Name className="java.lang.String">string</Name>
  <Value className="java.lang.String">angels</Value>
</Feature>
</Annotation>
<Annotation Id="608" Type="Token" StartNode="1456" EndNode="1463">
<Feature>
  <Name className="java.lang.String">string</Name>
  <Value className="java.lang.String">denotes</Value>
</Feature>
</Annotation>
<Annotation Id="612" Type="Token" StartNode="1470" EndNode="1477">
<Feature>
  <Name className="java.lang.String">string</Name>
  <Value className="java.lang.String">society</Value>
</Feature>
</Annotation>
<Annotation Id="618" Type="Token" StartNode="1486" EndNode="1493">
<Feature>
  <Name className="java.lang.String">string</Name>
  <Value className="java.lang.String">violent</Value>
</Feature>
</Annotation>
<Annotation Id="620" Type="Token" StartNode="1494" EndNode="1502">
<Feature>
  <Name className="java.lang.String">string</Name>
  <Value className="java.lang.String">attempts</Value>
</Feature>
</Annotation>
<Annotation Id="627" Type="Token" StartNode="1513" EndNode="1523">
<Feature>
  <Name className="java.lang.String">string</Name>
  <Value className="java.lang.String">exaltation</Value>
</Feature>
</Annotation>
<Annotation Id="635" Type="Token" StartNode="1536" EndNode="1545">
<Feature>
  <Name className="java.lang.String">string</Name>
  <Value className="java.lang.String">Gommorrah</Value>
</Feature>
</Annotation>
<Annotation Id="637" Type="Token" StartNode="1546" EndNode="1555">
<Feature>
  <Name className="java.lang.String">string</Name>
  <Value className="java.lang.String">represent</Value>
</Feature>
</Annotation>
<Annotation Id="583" Type="Token" StartNode="1411" EndNode="1419">
<Feature>
  <Name className="java.lang.String">string</Name>
  <Value className="java.lang.String">idolatry</Value>
</Feature>
</Annotation>
<Annotation Id="685" Type="Token" StartNode="1674" EndNode="1680">
<Feature>
  <Name className="java.lang.String">string</Name>
  <Value className="java.lang.String">reason</Value>
</Feature>
</Annotation>
<Annotation Id="683" Type="Token" StartNode="1665" EndNode="1673">
<Feature>
  <Name className="java.lang.String">string</Name>
  <Value className="java.lang.String">inherent</Value>
</Feature>
</Annotation>
<Annotation Id="703" Type="Token" StartNode="1717" EndNode="1726">
<Feature>
  <Name className="java.lang.String">string</Name>
  <Value className="java.lang.String">referring</Value>
</Feature>
</Annotation>
<Annotation Id="701" Type="Token" StartNode="1707" EndNode="1716">
<Feature>
  <Name className="java.lang.String">string</Name>
  <Value className="java.lang.String">literally</Value>
</Feature>
</Annotation>
<Annotation Id="653" Type="Token" StartNode="1590" EndNode="1601">
<Feature>
  <Name className="java.lang.String">string</Name>
  <Value className="java.lang.String">surrounding</Value>
</Feature>
</Annotation>
<Annotation Id="655" Type="Token" StartNode="1602" EndNode="1608">
<Feature>
  <Name className="java.lang.String">string</Name>
  <Value className="java.lang.String">cities</Value>
</Feature>
</Annotation>
<Annotation Id="646" Type="Token" StartNode="1572" EndNode="1580">
<Feature>
  <Name className="java.lang.String">string</Name>
  <Value className="java.lang.String">apostasy</Value>
</Feature>
</Annotation>
<Annotation Id="641" Type="Token" StartNode="1560" EndNode="1567">
<Feature>
  <Name className="java.lang.String">string</Name>
  <Value className="java.lang.String">leaders</Value>
</Feature>
</Annotation>
<Annotation Id="664" Type="Token" StartNode="1630" EndNode="1639">
<Feature>
  <Name className="java.lang.String">string</Name>
  <Value className="java.lang.String">followers</Value>
</Feature>
</Annotation>
<Annotation Id="657" Type="Token" StartNode="1609" EndNode="1619">
<Feature>
  <Name className="java.lang.String">string</Name>
  <Value className="java.lang.String">correspond</Value>
</Feature>
</Annotation>
<Annotation Id="745" Type="Token" StartNode="1833" EndNode="1846">
<Feature>
  <Name className="java.lang.String">string</Name>
  <Value className="java.lang.String">homosexuality</Value>
</Feature>
</Annotation>
<Annotation Id="748" Type="Token" StartNode="1848" EndNode="1855">
<Feature>
  <Name className="java.lang.String">string</Name>
  <Value className="java.lang.String">outside</Value>
</Feature>
</Annotation>
<Annotation Id="741" Type="Token" StartNode="1820" EndNode="1829">
<Feature>
  <Name className="java.lang.String">string</Name>
  <Value className="java.lang.String">referring</Value>
</Feature>
</Annotation>
<Annotation Id="762" Type="Token" StartNode="1891" EndNode="1898">
<Feature>
  <Name className="java.lang.String">string</Name>
  <Value className="java.lang.String">already</Value>
</Feature>
</Annotation>
<Annotation Id="764" Type="Token" StartNode="1899" EndNode="1908">
<Feature>
  <Name className="java.lang.String">string</Name>
  <Value className="java.lang.String">concluded</Value>
</Feature>
</Annotation>
<Annotation Id="754" Type="Token" StartNode="1863" EndNode="1871">
<Feature>
  <Name className="java.lang.String">string</Name>
  <Value className="java.lang.String">circular</Value>
</Feature>
</Annotation>
<Annotation Id="756" Type="Token" StartNode="1872" EndNode="1881">
<Feature>
  <Name className="java.lang.String">string</Name>
  <Value className="java.lang.String">reasoning</Value>
</Feature>
</Annotation>
<Annotation Id="707" Type="Token" StartNode="1730" EndNode="1736">
<Feature>
  <Name className="java.lang.String">string</Name>
  <Value className="java.lang.String">actual</Value>
</Feature>
</Annotation>
<Annotation Id="709" Type="Token" StartNode="1737" EndNode="1743">
<Feature>
  <Name className="java.lang.String">string</Name>
  <Value className="java.lang.String">sexual</Value>
</Feature>
</Annotation>
<Annotation Id="729" Type="Token" StartNode="1779" EndNode="1789">
<Feature>
  <Name className="java.lang.String">string</Name>
  <Value className="java.lang.String">inherently</Value>
</Feature>
</Annotation>
<Annotation Id="731" Type="Token" StartNode="1790" EndNode="1799">
<Feature>
  <Name className="java.lang.String">string</Name>
  <Value className="java.lang.String">necessary</Value>
</Feature>
</Annotation>
<Annotation Id="735" Type="Token" StartNode="1803" EndNode="1813">
<Feature>
  <Name className="java.lang.String">string</Name>
  <Value className="java.lang.String">understand</Value>
</Feature>
</Annotation>
<Annotation Id="822" Type="Token" StartNode="2043" EndNode="2050">
<Feature>
  <Name className="java.lang.String">string</Name>
  <Value className="java.lang.String">Ezekiel</Value>
</Feature>
</Annotation>
<Annotation Id="806" Type="Token" StartNode="2001" EndNode="2010">
<Feature>
  <Name className="java.lang.String">string</Name>
  <Value className="java.lang.String">specified</Value>
</Feature>
</Annotation>
<Annotation Id="813" Type="Token" StartNode="2020" EndNode="2026">
<Feature>
  <Name className="java.lang.String">string</Name>
  <Value className="java.lang.String">merely</Value>
</Feature>
</Annotation>
<Annotation Id="815" Type="Token" StartNode="2027" EndNode="2035">
<Feature>
  <Name className="java.lang.String">string</Name>
  <Value className="java.lang.String">inferred</Value>
</Feature>
</Annotation>
<Annotation Id="784" Type="Token" StartNode="1945" EndNode="1958">
<Feature>
  <Name className="java.lang.String">string</Name>
  <Value className="java.lang.String">homosexuality</Value>
</Feature>
</Annotation>
<Annotation Id="895" Type="Token" StartNode="2216" EndNode="2223">
<Feature>
  <Name className="java.lang.String">string</Name>
  <Value className="java.lang.String">haughty</Value>
</Feature>
</Annotation>
<Annotation Id="868" Type="Token" StartNode="2152" EndNode="2162">
<Feature>
  <Name className="java.lang.String">string</Name>
  <Value className="java.lang.String">prosperous</Value>
</Feature>
</Annotation>
<Annotation Id="852" Type="Token" StartNode="2111" EndNode="2120">
<Feature>
  <Name className="java.lang.String">string</Name>
  <Value className="java.lang.String">daughters</Value>
</Feature>
</Annotation>
<Annotation Id="859" Type="Token" StartNode="2132" EndNode="2138">
<Feature>
  <Name className="java.lang.String">string</Name>
  <Value className="java.lang.String">excess</Value>
</Feature>
</Annotation>
<Annotation Id="841" Type="Token" StartNode="2085" EndNode="2091">
<Feature>
  <Name className="java.lang.String">string</Name>
  <Value className="java.lang.String">sister</Value>
</Feature>
</Annotation>
<Annotation Id="957" Type="Token" StartNode="2392" EndNode="2398">
<Feature>
  <Name className="java.lang.String">string</Name>
  <Value className="java.lang.String">reason</Value>
</Feature>
</Annotation>
<Annotation Id="951" Type="Token" StartNode="2372" EndNode="2382">
<Feature>
  <Name className="java.lang.String">string</Name>
  <Value className="java.lang.String">suggestion</Value>
</Feature>
</Annotation>
<Annotation Id="947" Type="Token" StartNode="2356" EndNode="2369">
<Feature>
  <Name className="java.lang.String">string</Name>
  <Value className="java.lang.String">correspondent</Value>
</Feature>
</Annotation>
<Annotation Id="938" Type="Token" StartNode="2324" EndNode="2340">
<Feature>
  <Name className="java.lang.String">string</Name>
  <Value className="java.lang.String">overliteralizing</Value>
</Feature>
</Annotation>
<Annotation Id="935" Type="Token" StartNode="2316" EndNode="2322">
<Feature>
  <Name className="java.lang.String">string</Name>
  <Value className="java.lang.String">reason</Value>
</Feature>
</Annotation>
<Annotation Id="915" Type="Token" StartNode="2274" EndNode="2281">
<Feature>
  <Name className="java.lang.String">string</Name>
  <Value className="java.lang.String">removed</Value>
</Feature>
</Annotation>
<Annotation Id="911" Type="Token" StartNode="2262" EndNode="2271">
<Feature>
  <Name className="java.lang.String">string</Name>
  <Value className="java.lang.String">therefore</Value>
</Feature>
</Annotation>
<Annotation Id="906" Type="Token" StartNode="2251" EndNode="2257">
<Feature>
  <Name className="java.lang.String">string</Name>
  <Value className="java.lang.String">before</Value>
</Feature>
</Annotation>
<Annotation Id="904" Type="Token" StartNode="2244" EndNode="2250">
<Feature>
  <Name className="java.lang.String">string</Name>
  <Value className="java.lang.String">things</Value>
</Feature>
</Annotation>
<Annotation Id="902" Type="Token" StartNode="2233" EndNode="2243">
<Feature>
  <Name className="java.lang.String">string</Name>
  <Value className="java.lang.String">abominable</Value>
</Feature>
</Annotation>
<Annotation Id="1020" Type="Token" StartNode="2561" EndNode="2572">
<Feature>
  <Name className="java.lang.String">string</Name>
  <Value className="java.lang.String">irrelevance</Value>
</Feature>
</Annotation>
<Annotation Id="1010" Type="Token" StartNode="2532" EndNode="2539">
<Feature>
  <Name className="java.lang.String">string</Name>
  <Value className="java.lang.String">reasons</Value>
</Feature>
</Annotation>
<Annotation Id="1014" Type="Token" StartNode="2544" EndNode="2552">
<Feature>
  <Name className="java.lang.String">string</Name>
  <Value className="java.lang.String">pointing</Value>
</Feature>
</Annotation>
<Annotation Id="979" Type="Token" StartNode="2458" EndNode="2464">
<Feature>
  <Name className="java.lang.String">string</Name>
  <Value className="java.lang.String">guests</Value>
</Feature>
</Annotation>
<Annotation Id="983" Type="Token" StartNode="2470" EndNode="2476">
<Feature>
  <Name className="java.lang.String">string</Name>
  <Value className="java.lang.String">angels</Value>
</Feature>
</Annotation>
<Annotation Id="971" Type="Token" StartNode="2429" EndNode="2442">
<Feature>
  <Name className="java.lang.String">string</Name>
  <Value className="java.lang.String">homosexuality</Value>
</Feature>
</Annotation>
<Annotation Id="975" Type="Token" StartNode="2446" EndNode="2453">
<Feature>
  <Name className="java.lang.String">string</Name>
  <Value className="java.lang.String">because</Value>
</Feature>
</Annotation>
<Annotation Id="961" Type="Token" StartNode="2403" EndNode="2410">
<Feature>
  <Name className="java.lang.String">string</Name>
  <Value className="java.lang.String">passage</Value>
</Feature>
</Annotation>
<Annotation Id="1032" Type="Token" StartNode="2599" EndNode="2606">
<Feature>
  <Name className="java.lang.String">string</Name>
  <Value className="java.lang.String">dealing</Value>
</Feature>
</Annotation>
<Annotation Id="1036" Type="Token" StartNode="2612" EndNode="2625">
<Feature>
  <Name className="java.lang.String">string</Name>
  <Value className="java.lang.String">homosexuality</Value>
</Feature>
</Annotation>
<Annotation Id="1028" Type="Token" StartNode="2586" EndNode="2594">
<Feature>
  <Name className="java.lang.String">string</Name>
  <Value className="java.lang.String">passages</Value>
</Feature>
</Annotation>
<Annotation Id="1044" Type="Token" StartNode="2635" EndNode="2641">
<Feature>
  <Name className="java.lang.String">string</Name>
  <Value className="java.lang.String">revdak</Value>
</Feature>
</Annotation>
<Annotation Id="1046" Type="Token" StartNode="2642" EndNode="2648">
<Feature>
  <Name className="java.lang.String">string</Name>
  <Value className="java.lang.String">netcom</Value>
</Feature>
</Annotation>
</AnnotationSet>
<AnnotationSet Name="Original markups"> </AnnotationSet>
</GateDocument>