<?xml version='1.0' encoding='UTF-8'?>
<GateDocument version="3">
<!-- The document's features-->

<GateDocumentFeatures>
<Feature>
  <Name className="java.lang.String">Original_document_content_on_load</Name>
  <Value className="java.lang.String"><![CDATA[From: sys1@exnet.co.uk (Xavier Gallagher)
Message-ID: <C5s7oD.4rz@exnet.co.uk>
Organization: ExNet Systems Ltd Public Access News, London, UK
References: <15441@optilink.COM> <15454@optilink.COM>
Date: Tue, 20 Apr 1993 12:21:48 GMT
Lines: 40

In article <15454@optilink.COM> walsh@optilink.COM (Mark Walsh) writes:
>In article <C5oG5H.4DE@exnet.co.uk>, sys1@exnet.co.uk (Xavier Gallagher) writes:
>
>> Well, the obvious point to make is would straight men fuck like rabbits
>> if the oppertunity presented itself?
>
>> I reckon *any* *man* would go wildly promiscuous if presented with a
>> huge variety of willing partners.
>
>If true, and if gays were the same as straights except
>for sexual preference, I would imagine that gays would
>have much less sex than straights because the available
>pool for dates is less than one-tenth what it is for
>straights.  Somebody correct (flame) me please!


You miss the point.  A lot more negotiation is needed to convince women
to have sex because there is a big taboo about women being free with 
their sex.  Many of the women I know would do almost anything rather
than be known as a slag, slut or whore.

With men however there is *status* attached to being able to fuck 
constantly.  And with gay men, where both partners can prove status
through their constant verility then you are going to get a situation
where there is a lot of sex.

The difference is between het sex being rationed as a valuable commodity
and gay sex being virtually unlimited due to the *appetites* of men.

Straights suffer a bottle neck where women are concerned, gay men who
do not experience this bottle neck go to excess.


>-- 
>Mark Walsh (walsh@optilink) -- UUCP: uunet!optilink!walsh


Xavier


]]></Value>
</Feature>
<Feature>
  <Name className="java.lang.String">gate.SourceURL</Name>
  <Value className="java.lang.String">file:/C:/Users/jian/Documents/NetBeansProjects/NoiseReductionTechniques/mideastPoliticsMix/negative1127</Value>
</Feature>
</GateDocumentFeatures>
<!-- The document content area with serialized nodes -->

<TextWithNodes><Node id="0"/>From<Node id="4"/>:<Node id="5"/> <Node id="6"/>sys<Node id="9"/>1<Node id="10"/>@<Node id="11"/>exnet<Node id="16"/>.<Node id="17"/>co<Node id="19"/>.<Node id="20"/>uk<Node id="22"/> <Node id="23"/>(<Node id="24"/>Xavier<Node id="30"/> <Node id="31"/>Gallagher<Node id="40"/>)<Node id="41"/>
<Node id="42"/>Message-<Node id="50"/>ID<Node id="52"/>:<Node id="53"/> <Node id="54"/>&lt;<Node id="55"/>C<Node id="56"/>5<Node id="57"/>s<Node id="58"/>7<Node id="59"/>oD<Node id="61"/>.<Node id="62"/>4<Node id="63"/>rz<Node id="65"/>@<Node id="66"/>exnet<Node id="71"/>.<Node id="72"/>co<Node id="74"/>.<Node id="75"/>uk<Node id="77"/>&gt;<Node id="78"/>
<Node id="79"/>Organization<Node id="91"/>:<Node id="92"/> <Node id="93"/>ExNet<Node id="98"/> <Node id="99"/>Systems<Node id="106"/> <Node id="107"/>Ltd<Node id="110"/> <Node id="111"/>Public<Node id="117"/> <Node id="118"/>Access<Node id="124"/> <Node id="125"/>News<Node id="129"/>,<Node id="130"/> <Node id="131"/>London<Node id="137"/>,<Node id="138"/> <Node id="139"/>UK<Node id="141"/>
<Node id="142"/>References<Node id="152"/>:<Node id="153"/> <Node id="154"/>&lt;<Node id="155"/>15441<Node id="160"/>@<Node id="161"/>optilink<Node id="169"/>.<Node id="170"/>COM<Node id="173"/>&gt;<Node id="174"/> <Node id="175"/>&lt;<Node id="176"/>15454<Node id="181"/>@<Node id="182"/>optilink<Node id="190"/>.<Node id="191"/>COM<Node id="194"/>&gt;<Node id="195"/>
<Node id="196"/>Date<Node id="200"/>:<Node id="201"/> <Node id="202"/>Tue<Node id="205"/>,<Node id="206"/> <Node id="207"/>20<Node id="209"/> <Node id="210"/>Apr<Node id="213"/> <Node id="214"/>1993<Node id="218"/> <Node id="219"/>12<Node id="221"/>:<Node id="222"/>21<Node id="224"/>:<Node id="225"/>48<Node id="227"/> <Node id="228"/>GMT<Node id="231"/>
<Node id="232"/>Lines<Node id="237"/>:<Node id="238"/> <Node id="239"/>40<Node id="241"/>
<Node id="242"/>
<Node id="243"/>In<Node id="245"/> <Node id="246"/>article<Node id="253"/> <Node id="254"/>&lt;<Node id="255"/>15454<Node id="260"/>@<Node id="261"/>optilink<Node id="269"/>.<Node id="270"/>COM<Node id="273"/>&gt;<Node id="274"/> <Node id="275"/>walsh<Node id="280"/>@<Node id="281"/>optilink<Node id="289"/>.<Node id="290"/>COM<Node id="293"/> <Node id="294"/>(<Node id="295"/>Mark<Node id="299"/> <Node id="300"/>Walsh<Node id="305"/>)<Node id="306"/> <Node id="307"/>writes<Node id="313"/>:<Node id="314"/>
<Node id="315"/>&gt;<Node id="316"/>In<Node id="318"/> <Node id="319"/>article<Node id="326"/> <Node id="327"/>&lt;<Node id="328"/>C<Node id="329"/>5<Node id="330"/>oG<Node id="332"/>5<Node id="333"/>H<Node id="334"/>.<Node id="335"/>4<Node id="336"/>DE<Node id="338"/>@<Node id="339"/>exnet<Node id="344"/>.<Node id="345"/>co<Node id="347"/>.<Node id="348"/>uk<Node id="350"/>&gt;<Node id="351"/>,<Node id="352"/> <Node id="353"/>sys<Node id="356"/>1<Node id="357"/>@<Node id="358"/>exnet<Node id="363"/>.<Node id="364"/>co<Node id="366"/>.<Node id="367"/>uk<Node id="369"/> <Node id="370"/>(<Node id="371"/>Xavier<Node id="377"/> <Node id="378"/>Gallagher<Node id="387"/>)<Node id="388"/> <Node id="389"/>writes<Node id="395"/>:<Node id="396"/>
<Node id="397"/>&gt;<Node id="398"/>
<Node id="399"/>&gt;<Node id="400"/>&gt;<Node id="401"/> <Node id="402"/>Well<Node id="406"/>,<Node id="407"/> <Node id="408"/>the<Node id="411"/> <Node id="412"/>obvious<Node id="419"/> <Node id="420"/>point<Node id="425"/> <Node id="426"/>to<Node id="428"/> <Node id="429"/>make<Node id="433"/> <Node id="434"/>is<Node id="436"/> <Node id="437"/>would<Node id="442"/> <Node id="443"/>straight<Node id="451"/> <Node id="452"/>men<Node id="455"/> <Node id="456"/>fuck<Node id="460"/> <Node id="461"/>like<Node id="465"/> <Node id="466"/>rabbits<Node id="473"/>
<Node id="474"/>&gt;<Node id="475"/>&gt;<Node id="476"/> <Node id="477"/>if<Node id="479"/> <Node id="480"/>the<Node id="483"/> <Node id="484"/>oppertunity<Node id="495"/> <Node id="496"/>presented<Node id="505"/> <Node id="506"/>itself<Node id="512"/>?<Node id="513"/>
<Node id="514"/>&gt;<Node id="515"/>
<Node id="516"/>&gt;<Node id="517"/>&gt;<Node id="518"/> <Node id="519"/>I<Node id="520"/> <Node id="521"/>reckon<Node id="527"/> <Node id="528"/>*<Node id="529"/>any<Node id="532"/>*<Node id="533"/> <Node id="534"/>*<Node id="535"/>man<Node id="538"/>*<Node id="539"/> <Node id="540"/>would<Node id="545"/> <Node id="546"/>go<Node id="548"/> <Node id="549"/>wildly<Node id="555"/> <Node id="556"/>promiscuous<Node id="567"/> <Node id="568"/>if<Node id="570"/> <Node id="571"/>presented<Node id="580"/> <Node id="581"/>with<Node id="585"/> <Node id="586"/>a<Node id="587"/>
<Node id="588"/>&gt;<Node id="589"/>&gt;<Node id="590"/> <Node id="591"/>huge<Node id="595"/> <Node id="596"/>variety<Node id="603"/> <Node id="604"/>of<Node id="606"/> <Node id="607"/>willing<Node id="614"/> <Node id="615"/>partners<Node id="623"/>.<Node id="624"/>
<Node id="625"/>&gt;<Node id="626"/>
<Node id="627"/>&gt;<Node id="628"/>If<Node id="630"/> <Node id="631"/>true<Node id="635"/>,<Node id="636"/> <Node id="637"/>and<Node id="640"/> <Node id="641"/>if<Node id="643"/> <Node id="644"/>gays<Node id="648"/> <Node id="649"/>were<Node id="653"/> <Node id="654"/>the<Node id="657"/> <Node id="658"/>same<Node id="662"/> <Node id="663"/>as<Node id="665"/> <Node id="666"/>straights<Node id="675"/> <Node id="676"/>except<Node id="682"/>
<Node id="683"/>&gt;<Node id="684"/>for<Node id="687"/> <Node id="688"/>sexual<Node id="694"/> <Node id="695"/>preference<Node id="705"/>,<Node id="706"/> <Node id="707"/>I<Node id="708"/> <Node id="709"/>would<Node id="714"/> <Node id="715"/>imagine<Node id="722"/> <Node id="723"/>that<Node id="727"/> <Node id="728"/>gays<Node id="732"/> <Node id="733"/>would<Node id="738"/>
<Node id="739"/>&gt;<Node id="740"/>have<Node id="744"/> <Node id="745"/>much<Node id="749"/> <Node id="750"/>less<Node id="754"/> <Node id="755"/>sex<Node id="758"/> <Node id="759"/>than<Node id="763"/> <Node id="764"/>straights<Node id="773"/> <Node id="774"/>because<Node id="781"/> <Node id="782"/>the<Node id="785"/> <Node id="786"/>available<Node id="795"/>
<Node id="796"/>&gt;<Node id="797"/>pool<Node id="801"/> <Node id="802"/>for<Node id="805"/> <Node id="806"/>dates<Node id="811"/> <Node id="812"/>is<Node id="814"/> <Node id="815"/>less<Node id="819"/> <Node id="820"/>than<Node id="824"/> <Node id="825"/>one-tenth<Node id="834"/> <Node id="835"/>what<Node id="839"/> <Node id="840"/>it<Node id="842"/> <Node id="843"/>is<Node id="845"/> <Node id="846"/>for<Node id="849"/>
<Node id="850"/>&gt;<Node id="851"/>straights<Node id="860"/>.<Node id="861"/> <Node id="862"/> <Node id="863"/>Somebody<Node id="871"/> <Node id="872"/>correct<Node id="879"/> <Node id="880"/>(<Node id="881"/>flame<Node id="886"/>)<Node id="887"/> <Node id="888"/>me<Node id="890"/> <Node id="891"/>please<Node id="897"/>!<Node id="898"/>
<Node id="899"/>
<Node id="900"/>
<Node id="901"/>You<Node id="904"/> <Node id="905"/>miss<Node id="909"/> <Node id="910"/>the<Node id="913"/> <Node id="914"/>point<Node id="919"/>.<Node id="920"/> <Node id="921"/> <Node id="922"/>A<Node id="923"/> <Node id="924"/>lot<Node id="927"/> <Node id="928"/>more<Node id="932"/> <Node id="933"/>negotiation<Node id="944"/> <Node id="945"/>is<Node id="947"/> <Node id="948"/>needed<Node id="954"/> <Node id="955"/>to<Node id="957"/> <Node id="958"/>convince<Node id="966"/> <Node id="967"/>women<Node id="972"/>
<Node id="973"/>to<Node id="975"/> <Node id="976"/>have<Node id="980"/> <Node id="981"/>sex<Node id="984"/> <Node id="985"/>because<Node id="992"/> <Node id="993"/>there<Node id="998"/> <Node id="999"/>is<Node id="1001"/> <Node id="1002"/>a<Node id="1003"/> <Node id="1004"/>big<Node id="1007"/> <Node id="1008"/>taboo<Node id="1013"/> <Node id="1014"/>about<Node id="1019"/> <Node id="1020"/>women<Node id="1025"/> <Node id="1026"/>being<Node id="1031"/> <Node id="1032"/>free<Node id="1036"/> <Node id="1037"/>with<Node id="1041"/> <Node id="1042"/>
<Node id="1043"/>their<Node id="1048"/> <Node id="1049"/>sex<Node id="1052"/>.<Node id="1053"/> <Node id="1054"/> <Node id="1055"/>Many<Node id="1059"/> <Node id="1060"/>of<Node id="1062"/> <Node id="1063"/>the<Node id="1066"/> <Node id="1067"/>women<Node id="1072"/> <Node id="1073"/>I<Node id="1074"/> <Node id="1075"/>know<Node id="1079"/> <Node id="1080"/>would<Node id="1085"/> <Node id="1086"/>do<Node id="1088"/> <Node id="1089"/>almost<Node id="1095"/> <Node id="1096"/>anything<Node id="1104"/> <Node id="1105"/>rather<Node id="1111"/>
<Node id="1112"/>than<Node id="1116"/> <Node id="1117"/>be<Node id="1119"/> <Node id="1120"/>known<Node id="1125"/> <Node id="1126"/>as<Node id="1128"/> <Node id="1129"/>a<Node id="1130"/> <Node id="1131"/>slag<Node id="1135"/>,<Node id="1136"/> <Node id="1137"/>slut<Node id="1141"/> <Node id="1142"/>or<Node id="1144"/> <Node id="1145"/>whore<Node id="1150"/>.<Node id="1151"/>
<Node id="1152"/>
<Node id="1153"/>With<Node id="1157"/> <Node id="1158"/>men<Node id="1161"/> <Node id="1162"/>however<Node id="1169"/> <Node id="1170"/>there<Node id="1175"/> <Node id="1176"/>is<Node id="1178"/> <Node id="1179"/>*<Node id="1180"/>status<Node id="1186"/>*<Node id="1187"/> <Node id="1188"/>attached<Node id="1196"/> <Node id="1197"/>to<Node id="1199"/> <Node id="1200"/>being<Node id="1205"/> <Node id="1206"/>able<Node id="1210"/> <Node id="1211"/>to<Node id="1213"/> <Node id="1214"/>fuck<Node id="1218"/> <Node id="1219"/>
<Node id="1220"/>constantly<Node id="1230"/>.<Node id="1231"/> <Node id="1232"/> <Node id="1233"/>And<Node id="1236"/> <Node id="1237"/>with<Node id="1241"/> <Node id="1242"/>gay<Node id="1245"/> <Node id="1246"/>men<Node id="1249"/>,<Node id="1250"/> <Node id="1251"/>where<Node id="1256"/> <Node id="1257"/>both<Node id="1261"/> <Node id="1262"/>partners<Node id="1270"/> <Node id="1271"/>can<Node id="1274"/> <Node id="1275"/>prove<Node id="1280"/> <Node id="1281"/>status<Node id="1287"/>
<Node id="1288"/>through<Node id="1295"/> <Node id="1296"/>their<Node id="1301"/> <Node id="1302"/>constant<Node id="1310"/> <Node id="1311"/>verility<Node id="1319"/> <Node id="1320"/>then<Node id="1324"/> <Node id="1325"/>you<Node id="1328"/> <Node id="1329"/>are<Node id="1332"/> <Node id="1333"/>going<Node id="1338"/> <Node id="1339"/>to<Node id="1341"/> <Node id="1342"/>get<Node id="1345"/> <Node id="1346"/>a<Node id="1347"/> <Node id="1348"/>situation<Node id="1357"/>
<Node id="1358"/>where<Node id="1363"/> <Node id="1364"/>there<Node id="1369"/> <Node id="1370"/>is<Node id="1372"/> <Node id="1373"/>a<Node id="1374"/> <Node id="1375"/>lot<Node id="1378"/> <Node id="1379"/>of<Node id="1381"/> <Node id="1382"/>sex<Node id="1385"/>.<Node id="1386"/>
<Node id="1387"/>
<Node id="1388"/>The<Node id="1391"/> <Node id="1392"/>difference<Node id="1402"/> <Node id="1403"/>is<Node id="1405"/> <Node id="1406"/>between<Node id="1413"/> <Node id="1414"/>het<Node id="1417"/> <Node id="1418"/>sex<Node id="1421"/> <Node id="1422"/>being<Node id="1427"/> <Node id="1428"/>rationed<Node id="1436"/> <Node id="1437"/>as<Node id="1439"/> <Node id="1440"/>a<Node id="1441"/> <Node id="1442"/>valuable<Node id="1450"/> <Node id="1451"/>commodity<Node id="1460"/>
<Node id="1461"/>and<Node id="1464"/> <Node id="1465"/>gay<Node id="1468"/> <Node id="1469"/>sex<Node id="1472"/> <Node id="1473"/>being<Node id="1478"/> <Node id="1479"/>virtually<Node id="1488"/> <Node id="1489"/>unlimited<Node id="1498"/> <Node id="1499"/>due<Node id="1502"/> <Node id="1503"/>to<Node id="1505"/> <Node id="1506"/>the<Node id="1509"/> <Node id="1510"/>*<Node id="1511"/>appetites<Node id="1520"/>*<Node id="1521"/> <Node id="1522"/>of<Node id="1524"/> <Node id="1525"/>men<Node id="1528"/>.<Node id="1529"/>
<Node id="1530"/>
<Node id="1531"/>Straights<Node id="1540"/> <Node id="1541"/>suffer<Node id="1547"/> <Node id="1548"/>a<Node id="1549"/> <Node id="1550"/>bottle<Node id="1556"/> <Node id="1557"/>neck<Node id="1561"/> <Node id="1562"/>where<Node id="1567"/> <Node id="1568"/>women<Node id="1573"/> <Node id="1574"/>are<Node id="1577"/> <Node id="1578"/>concerned<Node id="1587"/>,<Node id="1588"/> <Node id="1589"/>gay<Node id="1592"/> <Node id="1593"/>men<Node id="1596"/> <Node id="1597"/>who<Node id="1600"/>
<Node id="1601"/>do<Node id="1603"/> <Node id="1604"/>not<Node id="1607"/> <Node id="1608"/>experience<Node id="1618"/> <Node id="1619"/>this<Node id="1623"/> <Node id="1624"/>bottle<Node id="1630"/> <Node id="1631"/>neck<Node id="1635"/> <Node id="1636"/>go<Node id="1638"/> <Node id="1639"/>to<Node id="1641"/> <Node id="1642"/>excess<Node id="1648"/>.<Node id="1649"/>
<Node id="1650"/>
<Node id="1651"/>
<Node id="1652"/>&gt;<Node id="1653"/>-<Node id="1654"/>-<Node id="1655"/> <Node id="1656"/>
<Node id="1657"/>&gt;<Node id="1658"/>Mark<Node id="1662"/> <Node id="1663"/>Walsh<Node id="1668"/> <Node id="1669"/>(<Node id="1670"/>walsh<Node id="1675"/>@<Node id="1676"/>optilink<Node id="1684"/>)<Node id="1685"/> <Node id="1686"/>-<Node id="1687"/>-<Node id="1688"/> <Node id="1689"/>UUCP<Node id="1693"/>:<Node id="1694"/> <Node id="1695"/>uunet<Node id="1700"/>!<Node id="1701"/>optilink<Node id="1709"/>!<Node id="1710"/>walsh<Node id="1715"/>
<Node id="1716"/>
<Node id="1717"/>
<Node id="1718"/>Xavier<Node id="1724"/>
<Node id="1725"/>
<Node id="1726"/>
<Node id="1727"/></TextWithNodes>
<!-- The default annotation set -->

<AnnotationSet>
<Annotation EndNode="1727" StartNode="0" Type="Mention" Id="9999999">
<Feature>
<Name classname="java.lang.String">Class</Name>
<Value classname="java.lang.String">0</Value>
</Feature>
</Annotation>

<Annotation Id="13" Type="Token" StartNode="24" EndNode="30">
<Feature>
  <Name className="java.lang.String">string</Name>
  <Value className="java.lang.String">Xavier</Value>
</Feature>
</Annotation>
<Annotation Id="15" Type="Token" StartNode="31" EndNode="40">
<Feature>
  <Name className="java.lang.String">string</Name>
  <Value className="java.lang.String">Gallagher</Value>
</Feature>
</Annotation>
<Annotation Id="18" Type="Token" StartNode="42" EndNode="50">
<Feature>
  <Name className="java.lang.String">string</Name>
  <Value className="java.lang.String">Message-</Value>
</Feature>
</Annotation>
<Annotation Id="39" Type="Token" StartNode="79" EndNode="91">
<Feature>
  <Name className="java.lang.String">string</Name>
  <Value className="java.lang.String">Organization</Value>
</Feature>
</Annotation>
<Annotation Id="44" Type="Token" StartNode="99" EndNode="106">
<Feature>
  <Name className="java.lang.String">string</Name>
  <Value className="java.lang.String">Systems</Value>
</Feature>
</Annotation>
<Annotation Id="50" Type="Token" StartNode="118" EndNode="124">
<Feature>
  <Name className="java.lang.String">string</Name>
  <Value className="java.lang.String">Access</Value>
</Feature>
</Annotation>
<Annotation Id="48" Type="Token" StartNode="111" EndNode="117">
<Feature>
  <Name className="java.lang.String">string</Name>
  <Value className="java.lang.String">Public</Value>
</Feature>
</Annotation>
<Annotation Id="55" Type="Token" StartNode="131" EndNode="137">
<Feature>
  <Name className="java.lang.String">string</Name>
  <Value className="java.lang.String">London</Value>
</Feature>
</Annotation>
<Annotation Id="60" Type="Token" StartNode="142" EndNode="152">
<Feature>
  <Name className="java.lang.String">string</Name>
  <Value className="java.lang.String">References</Value>
</Feature>
</Annotation>
<Annotation Id="66" Type="Token" StartNode="161" EndNode="169">
<Feature>
  <Name className="java.lang.String">string</Name>
  <Value className="java.lang.String">optilink</Value>
</Feature>
</Annotation>
<Annotation Id="74" Type="Token" StartNode="182" EndNode="190">
<Feature>
  <Name className="java.lang.String">string</Name>
  <Value className="java.lang.String">optilink</Value>
</Feature>
</Annotation>
<Annotation Id="107" Type="Token" StartNode="246" EndNode="253">
<Feature>
  <Name className="java.lang.String">string</Name>
  <Value className="java.lang.String">article</Value>
</Feature>
</Annotation>
<Annotation Id="119" Type="Token" StartNode="281" EndNode="289">
<Feature>
  <Name className="java.lang.String">string</Name>
  <Value className="java.lang.String">optilink</Value>
</Feature>
</Annotation>
<Annotation Id="112" Type="Token" StartNode="261" EndNode="269">
<Feature>
  <Name className="java.lang.String">string</Name>
  <Value className="java.lang.String">optilink</Value>
</Feature>
</Annotation>
<Annotation Id="129" Type="Token" StartNode="307" EndNode="313">
<Feature>
  <Name className="java.lang.String">string</Name>
  <Value className="java.lang.String">writes</Value>
</Feature>
</Annotation>
<Annotation Id="135" Type="Token" StartNode="319" EndNode="326">
<Feature>
  <Name className="java.lang.String">string</Name>
  <Value className="java.lang.String">article</Value>
</Feature>
</Annotation>
<Annotation Id="170" Type="Token" StartNode="389" EndNode="395">
<Feature>
  <Name className="java.lang.String">string</Name>
  <Value className="java.lang.String">writes</Value>
</Feature>
</Annotation>
<Annotation Id="167" Type="Token" StartNode="378" EndNode="387">
<Feature>
  <Name className="java.lang.String">string</Name>
  <Value className="java.lang.String">Gallagher</Value>
</Feature>
</Annotation>
<Annotation Id="165" Type="Token" StartNode="371" EndNode="377">
<Feature>
  <Name className="java.lang.String">string</Name>
  <Value className="java.lang.String">Xavier</Value>
</Feature>
</Annotation>
<Annotation Id="183" Type="Token" StartNode="412" EndNode="419">
<Feature>
  <Name className="java.lang.String">string</Name>
  <Value className="java.lang.String">obvious</Value>
</Feature>
</Annotation>
<Annotation Id="203" Type="Token" StartNode="466" EndNode="473">
<Feature>
  <Name className="java.lang.String">string</Name>
  <Value className="java.lang.String">rabbits</Value>
</Feature>
</Annotation>
<Annotation Id="195" Type="Token" StartNode="443" EndNode="451">
<Feature>
  <Name className="java.lang.String">string</Name>
  <Value className="java.lang.String">straight</Value>
</Feature>
</Annotation>
<Annotation Id="216" Type="Token" StartNode="506" EndNode="512">
<Feature>
  <Name className="java.lang.String">string</Name>
  <Value className="java.lang.String">itself</Value>
</Feature>
</Annotation>
<Annotation Id="212" Type="Token" StartNode="484" EndNode="495">
<Feature>
  <Name className="java.lang.String">string</Name>
  <Value className="java.lang.String">oppertunity</Value>
</Feature>
</Annotation>
<Annotation Id="214" Type="Token" StartNode="496" EndNode="505">
<Feature>
  <Name className="java.lang.String">string</Name>
  <Value className="java.lang.String">presented</Value>
</Feature>
</Annotation>
<Annotation Id="226" Type="Token" StartNode="521" EndNode="527">
<Feature>
  <Name className="java.lang.String">string</Name>
  <Value className="java.lang.String">reckon</Value>
</Feature>
</Annotation>
<Annotation Id="246" Type="Token" StartNode="571" EndNode="580">
<Feature>
  <Name className="java.lang.String">string</Name>
  <Value className="java.lang.String">presented</Value>
</Feature>
</Annotation>
<Annotation Id="242" Type="Token" StartNode="556" EndNode="567">
<Feature>
  <Name className="java.lang.String">string</Name>
  <Value className="java.lang.String">promiscuous</Value>
</Feature>
</Annotation>
<Annotation Id="240" Type="Token" StartNode="549" EndNode="555">
<Feature>
  <Name className="java.lang.String">string</Name>
  <Value className="java.lang.String">wildly</Value>
</Feature>
</Annotation>
<Annotation Id="257" Type="Token" StartNode="596" EndNode="603">
<Feature>
  <Name className="java.lang.String">string</Name>
  <Value className="java.lang.String">variety</Value>
</Feature>
</Annotation>
<Annotation Id="263" Type="Token" StartNode="615" EndNode="623">
<Feature>
  <Name className="java.lang.String">string</Name>
  <Value className="java.lang.String">partners</Value>
</Feature>
</Annotation>
<Annotation Id="261" Type="Token" StartNode="607" EndNode="614">
<Feature>
  <Name className="java.lang.String">string</Name>
  <Value className="java.lang.String">willing</Value>
</Feature>
</Annotation>
<Annotation Id="304" Type="Token" StartNode="715" EndNode="722">
<Feature>
  <Name className="java.lang.String">string</Name>
  <Value className="java.lang.String">imagine</Value>
</Feature>
</Annotation>
<Annotation Id="288" Type="Token" StartNode="666" EndNode="675">
<Feature>
  <Name className="java.lang.String">string</Name>
  <Value className="java.lang.String">straights</Value>
</Feature>
</Annotation>
<Annotation Id="290" Type="Token" StartNode="676" EndNode="682">
<Feature>
  <Name className="java.lang.String">string</Name>
  <Value className="java.lang.String">except</Value>
</Feature>
</Annotation>
<Annotation Id="295" Type="Token" StartNode="688" EndNode="694">
<Feature>
  <Name className="java.lang.String">string</Name>
  <Value className="java.lang.String">sexual</Value>
</Feature>
</Annotation>
<Annotation Id="297" Type="Token" StartNode="695" EndNode="705">
<Feature>
  <Name className="java.lang.String">string</Name>
  <Value className="java.lang.String">preference</Value>
</Feature>
</Annotation>
<Annotation Id="344" Type="Token" StartNode="825" EndNode="834">
<Feature>
  <Name className="java.lang.String">string</Name>
  <Value className="java.lang.String">one-tenth</Value>
</Feature>
</Annotation>
<Annotation Id="325" Type="Token" StartNode="774" EndNode="781">
<Feature>
  <Name className="java.lang.String">string</Name>
  <Value className="java.lang.String">because</Value>
</Feature>
</Annotation>
<Annotation Id="323" Type="Token" StartNode="764" EndNode="773">
<Feature>
  <Name className="java.lang.String">string</Name>
  <Value className="java.lang.String">straights</Value>
</Feature>
</Annotation>
<Annotation Id="329" Type="Token" StartNode="786" EndNode="795">
<Feature>
  <Name className="java.lang.String">string</Name>
  <Value className="java.lang.String">available</Value>
</Feature>
</Annotation>
<Annotation Id="369" Type="Token" StartNode="891" EndNode="897">
<Feature>
  <Name className="java.lang.String">string</Name>
  <Value className="java.lang.String">please</Value>
</Feature>
</Annotation>
<Annotation Id="359" Type="Token" StartNode="863" EndNode="871">
<Feature>
  <Name className="java.lang.String">string</Name>
  <Value className="java.lang.String">Somebody</Value>
</Feature>
</Annotation>
<Annotation Id="355" Type="Token" StartNode="851" EndNode="860">
<Feature>
  <Name className="java.lang.String">string</Name>
  <Value className="java.lang.String">straights</Value>
</Feature>
</Annotation>
<Annotation Id="361" Type="Token" StartNode="872" EndNode="879">
<Feature>
  <Name className="java.lang.String">string</Name>
  <Value className="java.lang.String">correct</Value>
</Feature>
</Annotation>
<Annotation Id="408" Type="Token" StartNode="985" EndNode="992">
<Feature>
  <Name className="java.lang.String">string</Name>
  <Value className="java.lang.String">because</Value>
</Feature>
</Annotation>
<Annotation Id="394" Type="Token" StartNode="948" EndNode="954">
<Feature>
  <Name className="java.lang.String">string</Name>
  <Value className="java.lang.String">needed</Value>
</Feature>
</Annotation>
<Annotation Id="398" Type="Token" StartNode="958" EndNode="966">
<Feature>
  <Name className="java.lang.String">string</Name>
  <Value className="java.lang.String">convince</Value>
</Feature>
</Annotation>
<Annotation Id="390" Type="Token" StartNode="933" EndNode="944">
<Feature>
  <Name className="java.lang.String">string</Name>
  <Value className="java.lang.String">negotiation</Value>
</Feature>
</Annotation>
<Annotation Id="457" Type="Token" StartNode="1105" EndNode="1111">
<Feature>
  <Name className="java.lang.String">string</Name>
  <Value className="java.lang.String">rather</Value>
</Feature>
</Annotation>
<Annotation Id="455" Type="Token" StartNode="1096" EndNode="1104">
<Feature>
  <Name className="java.lang.String">string</Name>
  <Value className="java.lang.String">anything</Value>
</Feature>
</Annotation>
<Annotation Id="453" Type="Token" StartNode="1089" EndNode="1095">
<Feature>
  <Name className="java.lang.String">string</Name>
  <Value className="java.lang.String">almost</Value>
</Feature>
</Annotation>
<Annotation Id="507" Type="Token" StartNode="1220" EndNode="1230">
<Feature>
  <Name className="java.lang.String">string</Name>
  <Value className="java.lang.String">constantly</Value>
</Feature>
</Annotation>
<Annotation Id="494" Type="Token" StartNode="1188" EndNode="1196">
<Feature>
  <Name className="java.lang.String">string</Name>
  <Value className="java.lang.String">attached</Value>
</Feature>
</Annotation>
<Annotation Id="491" Type="Token" StartNode="1180" EndNode="1186">
<Feature>
  <Name className="java.lang.String">string</Name>
  <Value className="java.lang.String">status</Value>
</Feature>
</Annotation>
<Annotation Id="484" Type="Token" StartNode="1162" EndNode="1169">
<Feature>
  <Name className="java.lang.String">string</Name>
  <Value className="java.lang.String">however</Value>
</Feature>
</Annotation>
<Annotation Id="554" Type="Token" StartNode="1348" EndNode="1357">
<Feature>
  <Name className="java.lang.String">string</Name>
  <Value className="java.lang.String">situation</Value>
</Feature>
</Annotation>
<Annotation Id="574" Type="Token" StartNode="1392" EndNode="1402">
<Feature>
  <Name className="java.lang.String">string</Name>
  <Value className="java.lang.String">difference</Value>
</Feature>
</Annotation>
<Annotation Id="524" Type="Token" StartNode="1262" EndNode="1270">
<Feature>
  <Name className="java.lang.String">string</Name>
  <Value className="java.lang.String">partners</Value>
</Feature>
</Annotation>
<Annotation Id="532" Type="Token" StartNode="1288" EndNode="1295">
<Feature>
  <Name className="java.lang.String">string</Name>
  <Value className="java.lang.String">through</Value>
</Feature>
</Annotation>
<Annotation Id="530" Type="Token" StartNode="1281" EndNode="1287">
<Feature>
  <Name className="java.lang.String">string</Name>
  <Value className="java.lang.String">status</Value>
</Feature>
</Annotation>
<Annotation Id="536" Type="Token" StartNode="1302" EndNode="1310">
<Feature>
  <Name className="java.lang.String">string</Name>
  <Value className="java.lang.String">constant</Value>
</Feature>
</Annotation>
<Annotation Id="538" Type="Token" StartNode="1311" EndNode="1319">
<Feature>
  <Name className="java.lang.String">string</Name>
  <Value className="java.lang.String">verility</Value>
</Feature>
</Annotation>
<Annotation Id="615" Type="Token" StartNode="1511" EndNode="1520">
<Feature>
  <Name className="java.lang.String">string</Name>
  <Value className="java.lang.String">appetites</Value>
</Feature>
</Annotation>
<Annotation Id="626" Type="Token" StartNode="1541" EndNode="1547">
<Feature>
  <Name className="java.lang.String">string</Name>
  <Value className="java.lang.String">suffer</Value>
</Feature>
</Annotation>
<Annotation Id="624" Type="Token" StartNode="1531" EndNode="1540">
<Feature>
  <Name className="java.lang.String">string</Name>
  <Value className="java.lang.String">Straights</Value>
</Feature>
</Annotation>
<Annotation Id="630" Type="Token" StartNode="1550" EndNode="1556">
<Feature>
  <Name className="java.lang.String">string</Name>
  <Value className="java.lang.String">bottle</Value>
</Feature>
</Annotation>
<Annotation Id="578" Type="Token" StartNode="1406" EndNode="1413">
<Feature>
  <Name className="java.lang.String">string</Name>
  <Value className="java.lang.String">between</Value>
</Feature>
</Annotation>
<Annotation Id="586" Type="Token" StartNode="1428" EndNode="1436">
<Feature>
  <Name className="java.lang.String">string</Name>
  <Value className="java.lang.String">rationed</Value>
</Feature>
</Annotation>
<Annotation Id="592" Type="Token" StartNode="1442" EndNode="1450">
<Feature>
  <Name className="java.lang.String">string</Name>
  <Value className="java.lang.String">valuable</Value>
</Feature>
</Annotation>
<Annotation Id="594" Type="Token" StartNode="1451" EndNode="1460">
<Feature>
  <Name className="java.lang.String">string</Name>
  <Value className="java.lang.String">commodity</Value>
</Feature>
</Annotation>
<Annotation Id="604" Type="Token" StartNode="1479" EndNode="1488">
<Feature>
  <Name className="java.lang.String">string</Name>
  <Value className="java.lang.String">virtually</Value>
</Feature>
</Annotation>
<Annotation Id="606" Type="Token" StartNode="1489" EndNode="1498">
<Feature>
  <Name className="java.lang.String">string</Name>
  <Value className="java.lang.String">unlimited</Value>
</Feature>
</Annotation>
<Annotation Id="683" Type="Token" StartNode="1676" EndNode="1684">
<Feature>
  <Name className="java.lang.String">string</Name>
  <Value className="java.lang.String">optilink</Value>
</Feature>
</Annotation>
<Annotation Id="700" Type="Token" StartNode="1718" EndNode="1724">
<Feature>
  <Name className="java.lang.String">string</Name>
  <Value className="java.lang.String">Xavier</Value>
</Feature>
</Annotation>
<Annotation Id="694" Type="Token" StartNode="1701" EndNode="1709">
<Feature>
  <Name className="java.lang.String">string</Name>
  <Value className="java.lang.String">optilink</Value>
</Feature>
</Annotation>
<Annotation Id="653" Type="Token" StartNode="1608" EndNode="1618">
<Feature>
  <Name className="java.lang.String">string</Name>
  <Value className="java.lang.String">experience</Value>
</Feature>
</Annotation>
<Annotation Id="640" Type="Token" StartNode="1578" EndNode="1587">
<Feature>
  <Name className="java.lang.String">string</Name>
  <Value className="java.lang.String">concerned</Value>
</Feature>
</Annotation>
<Annotation Id="665" Type="Token" StartNode="1642" EndNode="1648">
<Feature>
  <Name className="java.lang.String">string</Name>
  <Value className="java.lang.String">excess</Value>
</Feature>
</Annotation>
<Annotation Id="657" Type="Token" StartNode="1624" EndNode="1630">
<Feature>
  <Name className="java.lang.String">string</Name>
  <Value className="java.lang.String">bottle</Value>
</Feature>
</Annotation>
</AnnotationSet>
<AnnotationSet Name="Original markups"> </AnnotationSet>
</GateDocument>