<?xml version='1.0' encoding='UTF-8'?>
<GateDocument version="3">
<!-- The document's features-->

<GateDocumentFeatures>
<Feature>
  <Name className="java.lang.String">Original_document_content_on_load</Name>
  <Value className="java.lang.String">From: mcovingt@aisun3.ai.uga.edu (Michael Covington)
Message-ID: &lt;May.18.00.55.56.1993.9599@geneva.rutgers.edu>
Date: 18 May 93 04:55:57 GMT
Sender: hedrick@geneva.rutgers.edu
Organization: AI Programs, University of Georgia, Athens
Lines: 24
Approved: christian@aramis.rutgers.edu

In article &lt;May.13.02.30.39.1993.1545@geneva.rutgers.edu> noye@midway.uchicago.edu writes:

>[...]  i believe that the one
>important thing that those who wrote the old and new testament
>passages cited above did NOT know was that there is scientific
>evidence to support that homosexuality is at least partly _inherent_
>rather than completely learned.  this means that to a certain extent
>-- or to a great extent -- homosexuals cannot choose how to feel [...]

But one of the most basic concepts of Christian morality is that we
all have defective appetites due to original sin.  Not just
homosexuals, but everybody.  Thus we are not entitled to indulge in
whatever behavior our bodies want us to.

I think we need to keep clear the distinction between homosexual
_behavior_ (which is wrong) and homosexual _orientation_ (which is not
a sin, merely a misfortune).

[Please: NO EMAIL REPLIES.  Respond in this public forum.]
-- 
:-  Michael A. Covington, Associate Research Scientist        :    *****
:-  Artificial Intelligence Programs      mcovingt@ai.uga.edu :  *********
:-  The University of Georgia              phone 706 542-0358 :   *  *  *
:-  Athens, Georgia 30602-7415 U.S.A.     amateur radio N4TMI :  ** *** **  &lt;&gt;&lt;
</Value>
</Feature>
<Feature>
  <Name className="java.lang.String">gate.SourceURL</Name>
  <Value className="java.lang.String">file:/C:/Users/jian/Documents/NetBeansProjects/NoiseReductionTechniques/mideastPoliticsMix/negative1228</Value>
</Feature>
</GateDocumentFeatures>
<!-- The document content area with serialized nodes -->

<TextWithNodes><Node id="0"/>From<Node id="4"/>:<Node id="5"/> <Node id="6"/>mcovingt<Node id="14"/>@<Node id="15"/>aisun<Node id="20"/>3<Node id="21"/>.<Node id="22"/>ai<Node id="24"/>.<Node id="25"/>uga<Node id="28"/>.<Node id="29"/>edu<Node id="32"/> <Node id="33"/>(<Node id="34"/>Michael<Node id="41"/> <Node id="42"/>Covington<Node id="51"/>)<Node id="52"/>
<Node id="53"/>Message-<Node id="61"/>ID<Node id="63"/>:<Node id="64"/> <Node id="65"/>&lt;<Node id="66"/>May<Node id="69"/>.<Node id="70"/>18<Node id="72"/>.<Node id="73"/>00<Node id="75"/>.<Node id="76"/>55<Node id="78"/>.<Node id="79"/>56<Node id="81"/>.<Node id="82"/>1993<Node id="86"/>.<Node id="87"/>9599<Node id="91"/>@<Node id="92"/>geneva<Node id="98"/>.<Node id="99"/>rutgers<Node id="106"/>.<Node id="107"/>edu<Node id="110"/>&gt;<Node id="111"/>
<Node id="112"/>Date<Node id="116"/>:<Node id="117"/> <Node id="118"/>18<Node id="120"/> <Node id="121"/>May<Node id="124"/> <Node id="125"/>93<Node id="127"/> <Node id="128"/>04<Node id="130"/>:<Node id="131"/>55<Node id="133"/>:<Node id="134"/>57<Node id="136"/> <Node id="137"/>GMT<Node id="140"/>
<Node id="141"/>Sender<Node id="147"/>:<Node id="148"/> <Node id="149"/>hedrick<Node id="156"/>@<Node id="157"/>geneva<Node id="163"/>.<Node id="164"/>rutgers<Node id="171"/>.<Node id="172"/>edu<Node id="175"/>
<Node id="176"/>Organization<Node id="188"/>:<Node id="189"/> <Node id="190"/>AI<Node id="192"/> <Node id="193"/>Programs<Node id="201"/>,<Node id="202"/> <Node id="203"/>University<Node id="213"/> <Node id="214"/>of<Node id="216"/> <Node id="217"/>Georgia<Node id="224"/>,<Node id="225"/> <Node id="226"/>Athens<Node id="232"/>
<Node id="233"/>Lines<Node id="238"/>:<Node id="239"/> <Node id="240"/>24<Node id="242"/>
<Node id="243"/>Approved<Node id="251"/>:<Node id="252"/> <Node id="253"/>christian<Node id="262"/>@<Node id="263"/>aramis<Node id="269"/>.<Node id="270"/>rutgers<Node id="277"/>.<Node id="278"/>edu<Node id="281"/>
<Node id="282"/>
<Node id="283"/>In<Node id="285"/> <Node id="286"/>article<Node id="293"/> <Node id="294"/>&lt;<Node id="295"/>May<Node id="298"/>.<Node id="299"/>13<Node id="301"/>.<Node id="302"/>02<Node id="304"/>.<Node id="305"/>30<Node id="307"/>.<Node id="308"/>39<Node id="310"/>.<Node id="311"/>1993<Node id="315"/>.<Node id="316"/>1545<Node id="320"/>@<Node id="321"/>geneva<Node id="327"/>.<Node id="328"/>rutgers<Node id="335"/>.<Node id="336"/>edu<Node id="339"/>&gt;<Node id="340"/> <Node id="341"/>noye<Node id="345"/>@<Node id="346"/>midway<Node id="352"/>.<Node id="353"/>uchicago<Node id="361"/>.<Node id="362"/>edu<Node id="365"/> <Node id="366"/>writes<Node id="372"/>:<Node id="373"/>
<Node id="374"/>
<Node id="375"/>&gt;<Node id="376"/>[<Node id="377"/>.<Node id="378"/>.<Node id="379"/>.<Node id="380"/>]<Node id="381"/> <Node id="382"/> <Node id="383"/>i<Node id="384"/> <Node id="385"/>believe<Node id="392"/> <Node id="393"/>that<Node id="397"/> <Node id="398"/>the<Node id="401"/> <Node id="402"/>one<Node id="405"/>
<Node id="406"/>&gt;<Node id="407"/>important<Node id="416"/> <Node id="417"/>thing<Node id="422"/> <Node id="423"/>that<Node id="427"/> <Node id="428"/>those<Node id="433"/> <Node id="434"/>who<Node id="437"/> <Node id="438"/>wrote<Node id="443"/> <Node id="444"/>the<Node id="447"/> <Node id="448"/>old<Node id="451"/> <Node id="452"/>and<Node id="455"/> <Node id="456"/>new<Node id="459"/> <Node id="460"/>testament<Node id="469"/>
<Node id="470"/>&gt;<Node id="471"/>passages<Node id="479"/> <Node id="480"/>cited<Node id="485"/> <Node id="486"/>above<Node id="491"/> <Node id="492"/>did<Node id="495"/> <Node id="496"/>NOT<Node id="499"/> <Node id="500"/>know<Node id="504"/> <Node id="505"/>was<Node id="508"/> <Node id="509"/>that<Node id="513"/> <Node id="514"/>there<Node id="519"/> <Node id="520"/>is<Node id="522"/> <Node id="523"/>scientific<Node id="533"/>
<Node id="534"/>&gt;<Node id="535"/>evidence<Node id="543"/> <Node id="544"/>to<Node id="546"/> <Node id="547"/>support<Node id="554"/> <Node id="555"/>that<Node id="559"/> <Node id="560"/>homosexuality<Node id="573"/> <Node id="574"/>is<Node id="576"/> <Node id="577"/>at<Node id="579"/> <Node id="580"/>least<Node id="585"/> <Node id="586"/>partly<Node id="592"/> <Node id="593"/>_<Node id="594"/>inherent<Node id="602"/>_<Node id="603"/>
<Node id="604"/>&gt;<Node id="605"/>rather<Node id="611"/> <Node id="612"/>than<Node id="616"/> <Node id="617"/>completely<Node id="627"/> <Node id="628"/>learned<Node id="635"/>.<Node id="636"/> <Node id="637"/> <Node id="638"/>this<Node id="642"/> <Node id="643"/>means<Node id="648"/> <Node id="649"/>that<Node id="653"/> <Node id="654"/>to<Node id="656"/> <Node id="657"/>a<Node id="658"/> <Node id="659"/>certain<Node id="666"/> <Node id="667"/>extent<Node id="673"/>
<Node id="674"/>&gt;<Node id="675"/>-<Node id="676"/>-<Node id="677"/> <Node id="678"/>or<Node id="680"/> <Node id="681"/>to<Node id="683"/> <Node id="684"/>a<Node id="685"/> <Node id="686"/>great<Node id="691"/> <Node id="692"/>extent<Node id="698"/> <Node id="699"/>-<Node id="700"/>-<Node id="701"/> <Node id="702"/>homosexuals<Node id="713"/> <Node id="714"/>can<Node id="717"/>not<Node id="720"/> <Node id="721"/>choose<Node id="727"/> <Node id="728"/>how<Node id="731"/> <Node id="732"/>to<Node id="734"/> <Node id="735"/>feel<Node id="739"/> <Node id="740"/>[<Node id="741"/>.<Node id="742"/>.<Node id="743"/>.<Node id="744"/>]<Node id="745"/>
<Node id="746"/>
<Node id="747"/>But<Node id="750"/> <Node id="751"/>one<Node id="754"/> <Node id="755"/>of<Node id="757"/> <Node id="758"/>the<Node id="761"/> <Node id="762"/>most<Node id="766"/> <Node id="767"/>basic<Node id="772"/> <Node id="773"/>concepts<Node id="781"/> <Node id="782"/>of<Node id="784"/> <Node id="785"/>Christian<Node id="794"/> <Node id="795"/>morality<Node id="803"/> <Node id="804"/>is<Node id="806"/> <Node id="807"/>that<Node id="811"/> <Node id="812"/>we<Node id="814"/>
<Node id="815"/>all<Node id="818"/> <Node id="819"/>have<Node id="823"/> <Node id="824"/>defective<Node id="833"/> <Node id="834"/>appetites<Node id="843"/> <Node id="844"/>due<Node id="847"/> <Node id="848"/>to<Node id="850"/> <Node id="851"/>original<Node id="859"/> <Node id="860"/>sin<Node id="863"/>.<Node id="864"/> <Node id="865"/> <Node id="866"/>Not<Node id="869"/> <Node id="870"/>just<Node id="874"/>
<Node id="875"/>homosexuals<Node id="886"/>,<Node id="887"/> <Node id="888"/>but<Node id="891"/> <Node id="892"/>everybody<Node id="901"/>.<Node id="902"/> <Node id="903"/> <Node id="904"/>Thus<Node id="908"/> <Node id="909"/>we<Node id="911"/> <Node id="912"/>are<Node id="915"/> <Node id="916"/>not<Node id="919"/> <Node id="920"/>entitled<Node id="928"/> <Node id="929"/>to<Node id="931"/> <Node id="932"/>indulge<Node id="939"/> <Node id="940"/>in<Node id="942"/>
<Node id="943"/>whatever<Node id="951"/> <Node id="952"/>behavior<Node id="960"/> <Node id="961"/>our<Node id="964"/> <Node id="965"/>bodies<Node id="971"/> <Node id="972"/>want<Node id="976"/> <Node id="977"/>us<Node id="979"/> <Node id="980"/>to<Node id="982"/>.<Node id="983"/>
<Node id="984"/>
<Node id="985"/>I<Node id="986"/> <Node id="987"/>think<Node id="992"/> <Node id="993"/>we<Node id="995"/> <Node id="996"/>need<Node id="1000"/> <Node id="1001"/>to<Node id="1003"/> <Node id="1004"/>keep<Node id="1008"/> <Node id="1009"/>clear<Node id="1014"/> <Node id="1015"/>the<Node id="1018"/> <Node id="1019"/>distinction<Node id="1030"/> <Node id="1031"/>between<Node id="1038"/> <Node id="1039"/>homosexual<Node id="1049"/>
<Node id="1050"/>_<Node id="1051"/>behavior<Node id="1059"/>_<Node id="1060"/> <Node id="1061"/>(<Node id="1062"/>which<Node id="1067"/> <Node id="1068"/>is<Node id="1070"/> <Node id="1071"/>wrong<Node id="1076"/>)<Node id="1077"/> <Node id="1078"/>and<Node id="1081"/> <Node id="1082"/>homosexual<Node id="1092"/> <Node id="1093"/>_<Node id="1094"/>orientation<Node id="1105"/>_<Node id="1106"/> <Node id="1107"/>(<Node id="1108"/>which<Node id="1113"/> <Node id="1114"/>is<Node id="1116"/> <Node id="1117"/>not<Node id="1120"/>
<Node id="1121"/>a<Node id="1122"/> <Node id="1123"/>sin<Node id="1126"/>,<Node id="1127"/> <Node id="1128"/>merely<Node id="1134"/> <Node id="1135"/>a<Node id="1136"/> <Node id="1137"/>misfortune<Node id="1147"/>)<Node id="1148"/>.<Node id="1149"/>
<Node id="1150"/>
<Node id="1151"/>[<Node id="1152"/>Please<Node id="1158"/>:<Node id="1159"/> <Node id="1160"/>NO<Node id="1162"/> <Node id="1163"/>EMAIL<Node id="1168"/> <Node id="1169"/>REPLIES<Node id="1176"/>.<Node id="1177"/> <Node id="1178"/> <Node id="1179"/>Respond<Node id="1186"/> <Node id="1187"/>in<Node id="1189"/> <Node id="1190"/>this<Node id="1194"/> <Node id="1195"/>public<Node id="1201"/> <Node id="1202"/>forum<Node id="1207"/>.<Node id="1208"/>]<Node id="1209"/>
<Node id="1210"/>-<Node id="1211"/>-<Node id="1212"/> <Node id="1213"/>
<Node id="1214"/>:<Node id="1215"/>-<Node id="1216"/> <Node id="1217"/> <Node id="1218"/>Michael<Node id="1225"/> <Node id="1226"/>A<Node id="1227"/>.<Node id="1228"/> <Node id="1229"/>Covington<Node id="1238"/>,<Node id="1239"/> <Node id="1240"/>Associate<Node id="1249"/> <Node id="1250"/>Research<Node id="1258"/> <Node id="1259"/>Scientist<Node id="1268"/> <Node id="1269"/> <Node id="1270"/> <Node id="1271"/> <Node id="1272"/> <Node id="1273"/> <Node id="1274"/> <Node id="1275"/> <Node id="1276"/>:<Node id="1277"/> <Node id="1278"/> <Node id="1279"/> <Node id="1280"/> <Node id="1281"/>*<Node id="1282"/>*<Node id="1283"/>*<Node id="1284"/>*<Node id="1285"/>*<Node id="1286"/>
<Node id="1287"/>:<Node id="1288"/>-<Node id="1289"/> <Node id="1290"/> <Node id="1291"/>Artificial<Node id="1301"/> <Node id="1302"/>Intelligence<Node id="1314"/> <Node id="1315"/>Programs<Node id="1323"/> <Node id="1324"/> <Node id="1325"/> <Node id="1326"/> <Node id="1327"/> <Node id="1328"/> <Node id="1329"/>mcovingt<Node id="1337"/>@<Node id="1338"/>ai<Node id="1340"/>.<Node id="1341"/>uga<Node id="1344"/>.<Node id="1345"/>edu<Node id="1348"/> <Node id="1349"/>:<Node id="1350"/> <Node id="1351"/> <Node id="1352"/>*<Node id="1353"/>*<Node id="1354"/>*<Node id="1355"/>*<Node id="1356"/>*<Node id="1357"/>*<Node id="1358"/>*<Node id="1359"/>*<Node id="1360"/>*<Node id="1361"/>
<Node id="1362"/>:<Node id="1363"/>-<Node id="1364"/> <Node id="1365"/> <Node id="1366"/>The<Node id="1369"/> <Node id="1370"/>University<Node id="1380"/> <Node id="1381"/>of<Node id="1383"/> <Node id="1384"/>Georgia<Node id="1391"/> <Node id="1392"/> <Node id="1393"/> <Node id="1394"/> <Node id="1395"/> <Node id="1396"/> <Node id="1397"/> <Node id="1398"/> <Node id="1399"/> <Node id="1400"/> <Node id="1401"/> <Node id="1402"/> <Node id="1403"/> <Node id="1404"/> <Node id="1405"/>phone<Node id="1410"/> <Node id="1411"/>706<Node id="1414"/> <Node id="1415"/>542<Node id="1418"/>-<Node id="1419"/>0358<Node id="1423"/> <Node id="1424"/>:<Node id="1425"/> <Node id="1426"/> <Node id="1427"/> <Node id="1428"/>*<Node id="1429"/> <Node id="1430"/> <Node id="1431"/>*<Node id="1432"/> <Node id="1433"/> <Node id="1434"/>*<Node id="1435"/>
<Node id="1436"/>:<Node id="1437"/>-<Node id="1438"/> <Node id="1439"/> <Node id="1440"/>Athens<Node id="1446"/>,<Node id="1447"/> <Node id="1448"/>Georgia<Node id="1455"/> <Node id="1456"/>30602<Node id="1461"/>-<Node id="1462"/>7415<Node id="1466"/> <Node id="1467"/>U<Node id="1468"/>.<Node id="1469"/>S<Node id="1470"/>.<Node id="1471"/>A<Node id="1472"/>.<Node id="1473"/> <Node id="1474"/> <Node id="1475"/> <Node id="1476"/> <Node id="1477"/> <Node id="1478"/>amateur<Node id="1485"/> <Node id="1486"/>radio<Node id="1491"/> <Node id="1492"/>N<Node id="1493"/>4<Node id="1494"/>TMI<Node id="1497"/> <Node id="1498"/>:<Node id="1499"/> <Node id="1500"/> <Node id="1501"/>*<Node id="1502"/>*<Node id="1503"/> <Node id="1504"/>*<Node id="1505"/>*<Node id="1506"/>*<Node id="1507"/> <Node id="1508"/>*<Node id="1509"/>*<Node id="1510"/> <Node id="1511"/> <Node id="1512"/>&lt;<Node id="1513"/>&gt;<Node id="1514"/>&lt;<Node id="1515"/>
<Node id="1516"/></TextWithNodes>
<!-- The default annotation set -->

<AnnotationSet>
<Annotation EndNode="1516" StartNode="0" Type="Mention" Id="9999999">
<Feature>
<Name classname="java.lang.String">Class</Name>
<Value classname="java.lang.String">0</Value>
</Feature>
</Annotation>

<Annotation Id="3" Type="Token" StartNode="6" EndNode="14">
<Feature>
  <Name className="java.lang.String">string</Name>
  <Value className="java.lang.String">mcovingt</Value>
</Feature>
</Annotation>
<Annotation Id="15" Type="Token" StartNode="34" EndNode="41">
<Feature>
  <Name className="java.lang.String">string</Name>
  <Value className="java.lang.String">Michael</Value>
</Feature>
</Annotation>
<Annotation Id="17" Type="Token" StartNode="42" EndNode="51">
<Feature>
  <Name className="java.lang.String">string</Name>
  <Value className="java.lang.String">Covington</Value>
</Feature>
</Annotation>
<Annotation Id="20" Type="Token" StartNode="53" EndNode="61">
<Feature>
  <Name className="java.lang.String">string</Name>
  <Value className="java.lang.String">Message-</Value>
</Feature>
</Annotation>
<Annotation Id="39" Type="Token" StartNode="92" EndNode="98">
<Feature>
  <Name className="java.lang.String">string</Name>
  <Value className="java.lang.String">geneva</Value>
</Feature>
</Annotation>
<Annotation Id="41" Type="Token" StartNode="99" EndNode="106">
<Feature>
  <Name className="java.lang.String">string</Name>
  <Value className="java.lang.String">rutgers</Value>
</Feature>
</Annotation>
<Annotation Id="63" Type="Token" StartNode="141" EndNode="147">
<Feature>
  <Name className="java.lang.String">string</Name>
  <Value className="java.lang.String">Sender</Value>
</Feature>
</Annotation>
<Annotation Id="68" Type="Token" StartNode="157" EndNode="163">
<Feature>
  <Name className="java.lang.String">string</Name>
  <Value className="java.lang.String">geneva</Value>
</Feature>
</Annotation>
<Annotation Id="70" Type="Token" StartNode="164" EndNode="171">
<Feature>
  <Name className="java.lang.String">string</Name>
  <Value className="java.lang.String">rutgers</Value>
</Feature>
</Annotation>
<Annotation Id="66" Type="Token" StartNode="149" EndNode="156">
<Feature>
  <Name className="java.lang.String">string</Name>
  <Value className="java.lang.String">hedrick</Value>
</Feature>
</Annotation>
<Annotation Id="79" Type="Token" StartNode="193" EndNode="201">
<Feature>
  <Name className="java.lang.String">string</Name>
  <Value className="java.lang.String">Programs</Value>
</Feature>
</Annotation>
<Annotation Id="74" Type="Token" StartNode="176" EndNode="188">
<Feature>
  <Name className="java.lang.String">string</Name>
  <Value className="java.lang.String">Organization</Value>
</Feature>
</Annotation>
<Annotation Id="86" Type="Token" StartNode="217" EndNode="224">
<Feature>
  <Name className="java.lang.String">string</Name>
  <Value className="java.lang.String">Georgia</Value>
</Feature>
</Annotation>
<Annotation Id="82" Type="Token" StartNode="203" EndNode="213">
<Feature>
  <Name className="java.lang.String">string</Name>
  <Value className="java.lang.String">University</Value>
</Feature>
</Annotation>
<Annotation Id="89" Type="Token" StartNode="226" EndNode="232">
<Feature>
  <Name className="java.lang.String">string</Name>
  <Value className="java.lang.String">Athens</Value>
</Feature>
</Annotation>
<Annotation Id="103" Type="Token" StartNode="270" EndNode="277">
<Feature>
  <Name className="java.lang.String">string</Name>
  <Value className="java.lang.String">rutgers</Value>
</Feature>
</Annotation>
<Annotation Id="101" Type="Token" StartNode="263" EndNode="269">
<Feature>
  <Name className="java.lang.String">string</Name>
  <Value className="java.lang.String">aramis</Value>
</Feature>
</Annotation>
<Annotation Id="99" Type="Token" StartNode="253" EndNode="262">
<Feature>
  <Name className="java.lang.String">string</Name>
  <Value className="java.lang.String">christian</Value>
</Feature>
</Annotation>
<Annotation Id="96" Type="Token" StartNode="243" EndNode="251">
<Feature>
  <Name className="java.lang.String">string</Name>
  <Value className="java.lang.String">Approved</Value>
</Feature>
</Annotation>
<Annotation Id="110" Type="Token" StartNode="286" EndNode="293">
<Feature>
  <Name className="java.lang.String">string</Name>
  <Value className="java.lang.String">article</Value>
</Feature>
</Annotation>
<Annotation Id="127" Type="Token" StartNode="321" EndNode="327">
<Feature>
  <Name className="java.lang.String">string</Name>
  <Value className="java.lang.String">geneva</Value>
</Feature>
</Annotation>
<Annotation Id="136" Type="Token" StartNode="346" EndNode="352">
<Feature>
  <Name className="java.lang.String">string</Name>
  <Value className="java.lang.String">midway</Value>
</Feature>
</Annotation>
<Annotation Id="138" Type="Token" StartNode="353" EndNode="361">
<Feature>
  <Name className="java.lang.String">string</Name>
  <Value className="java.lang.String">uchicago</Value>
</Feature>
</Annotation>
<Annotation Id="142" Type="Token" StartNode="366" EndNode="372">
<Feature>
  <Name className="java.lang.String">string</Name>
  <Value className="java.lang.String">writes</Value>
</Feature>
</Annotation>
<Annotation Id="129" Type="Token" StartNode="328" EndNode="335">
<Feature>
  <Name className="java.lang.String">string</Name>
  <Value className="java.lang.String">rutgers</Value>
</Feature>
</Annotation>
<Annotation Id="156" Type="Token" StartNode="385" EndNode="392">
<Feature>
  <Name className="java.lang.String">string</Name>
  <Value className="java.lang.String">believe</Value>
</Feature>
</Annotation>
<Annotation Id="165" Type="Token" StartNode="407" EndNode="416">
<Feature>
  <Name className="java.lang.String">string</Name>
  <Value className="java.lang.String">important</Value>
</Feature>
</Annotation>
<Annotation Id="185" Type="Token" StartNode="460" EndNode="469">
<Feature>
  <Name className="java.lang.String">string</Name>
  <Value className="java.lang.String">testament</Value>
</Feature>
</Annotation>
<Annotation Id="188" Type="Token" StartNode="471" EndNode="479">
<Feature>
  <Name className="java.lang.String">string</Name>
  <Value className="java.lang.String">passages</Value>
</Feature>
</Annotation>
<Annotation Id="219" Type="Token" StartNode="560" EndNode="573">
<Feature>
  <Name className="java.lang.String">string</Name>
  <Value className="java.lang.String">homosexuality</Value>
</Feature>
</Annotation>
<Annotation Id="215" Type="Token" StartNode="547" EndNode="554">
<Feature>
  <Name className="java.lang.String">string</Name>
  <Value className="java.lang.String">support</Value>
</Feature>
</Annotation>
<Annotation Id="208" Type="Token" StartNode="523" EndNode="533">
<Feature>
  <Name className="java.lang.String">string</Name>
  <Value className="java.lang.String">scientific</Value>
</Feature>
</Annotation>
<Annotation Id="211" Type="Token" StartNode="535" EndNode="543">
<Feature>
  <Name className="java.lang.String">string</Name>
  <Value className="java.lang.String">evidence</Value>
</Feature>
</Annotation>
<Annotation Id="238" Type="Token" StartNode="617" EndNode="627">
<Feature>
  <Name className="java.lang.String">string</Name>
  <Value className="java.lang.String">completely</Value>
</Feature>
</Annotation>
<Annotation Id="234" Type="Token" StartNode="605" EndNode="611">
<Feature>
  <Name className="java.lang.String">string</Name>
  <Value className="java.lang.String">rather</Value>
</Feature>
</Annotation>
<Annotation Id="230" Type="Token" StartNode="594" EndNode="602">
<Feature>
  <Name className="java.lang.String">string</Name>
  <Value className="java.lang.String">inherent</Value>
</Feature>
</Annotation>
<Annotation Id="227" Type="Token" StartNode="586" EndNode="592">
<Feature>
  <Name className="java.lang.String">string</Name>
  <Value className="java.lang.String">partly</Value>
</Feature>
</Annotation>
<Annotation Id="254" Type="Token" StartNode="659" EndNode="666">
<Feature>
  <Name className="java.lang.String">string</Name>
  <Value className="java.lang.String">certain</Value>
</Feature>
</Annotation>
<Annotation Id="240" Type="Token" StartNode="628" EndNode="635">
<Feature>
  <Name className="java.lang.String">string</Name>
  <Value className="java.lang.String">learned</Value>
</Feature>
</Annotation>
<Annotation Id="275" Type="Token" StartNode="702" EndNode="713">
<Feature>
  <Name className="java.lang.String">string</Name>
  <Value className="java.lang.String">homosexuals</Value>
</Feature>
</Annotation>
<Annotation Id="279" Type="Token" StartNode="721" EndNode="727">
<Feature>
  <Name className="java.lang.String">string</Name>
  <Value className="java.lang.String">choose</Value>
</Feature>
</Annotation>
<Annotation Id="256" Type="Token" StartNode="667" EndNode="673">
<Feature>
  <Name className="java.lang.String">string</Name>
  <Value className="java.lang.String">extent</Value>
</Feature>
</Annotation>
<Annotation Id="270" Type="Token" StartNode="692" EndNode="698">
<Feature>
  <Name className="java.lang.String">string</Name>
  <Value className="java.lang.String">extent</Value>
</Feature>
</Annotation>
<Annotation Id="306" Type="Token" StartNode="773" EndNode="781">
<Feature>
  <Name className="java.lang.String">string</Name>
  <Value className="java.lang.String">concepts</Value>
</Feature>
</Annotation>
<Annotation Id="310" Type="Token" StartNode="785" EndNode="794">
<Feature>
  <Name className="java.lang.String">string</Name>
  <Value className="java.lang.String">Christian</Value>
</Feature>
</Annotation>
<Annotation Id="312" Type="Token" StartNode="795" EndNode="803">
<Feature>
  <Name className="java.lang.String">string</Name>
  <Value className="java.lang.String">morality</Value>
</Feature>
</Annotation>
<Annotation Id="342" Type="Token" StartNode="875" EndNode="886">
<Feature>
  <Name className="java.lang.String">string</Name>
  <Value className="java.lang.String">homosexuals</Value>
</Feature>
</Annotation>
<Annotation Id="347" Type="Token" StartNode="892" EndNode="901">
<Feature>
  <Name className="java.lang.String">string</Name>
  <Value className="java.lang.String">everybody</Value>
</Feature>
</Annotation>
<Annotation Id="326" Type="Token" StartNode="834" EndNode="843">
<Feature>
  <Name className="java.lang.String">string</Name>
  <Value className="java.lang.String">appetites</Value>
</Feature>
</Annotation>
<Annotation Id="324" Type="Token" StartNode="824" EndNode="833">
<Feature>
  <Name className="java.lang.String">string</Name>
  <Value className="java.lang.String">defective</Value>
</Feature>
</Annotation>
<Annotation Id="332" Type="Token" StartNode="851" EndNode="859">
<Feature>
  <Name className="java.lang.String">string</Name>
  <Value className="java.lang.String">original</Value>
</Feature>
</Annotation>
<Annotation Id="373" Type="Token" StartNode="965" EndNode="971">
<Feature>
  <Name className="java.lang.String">string</Name>
  <Value className="java.lang.String">bodies</Value>
</Feature>
</Annotation>
<Annotation Id="369" Type="Token" StartNode="952" EndNode="960">
<Feature>
  <Name className="java.lang.String">string</Name>
  <Value className="java.lang.String">behavior</Value>
</Feature>
</Annotation>
<Annotation Id="359" Type="Token" StartNode="920" EndNode="928">
<Feature>
  <Name className="java.lang.String">string</Name>
  <Value className="java.lang.String">entitled</Value>
</Feature>
</Annotation>
<Annotation Id="367" Type="Token" StartNode="943" EndNode="951">
<Feature>
  <Name className="java.lang.String">string</Name>
  <Value className="java.lang.String">whatever</Value>
</Feature>
</Annotation>
<Annotation Id="363" Type="Token" StartNode="932" EndNode="939">
<Feature>
  <Name className="java.lang.String">string</Name>
  <Value className="java.lang.String">indulge</Value>
</Feature>
</Annotation>
<Annotation Id="403" Type="Token" StartNode="1039" EndNode="1049">
<Feature>
  <Name className="java.lang.String">string</Name>
  <Value className="java.lang.String">homosexual</Value>
</Feature>
</Annotation>
<Annotation Id="401" Type="Token" StartNode="1031" EndNode="1038">
<Feature>
  <Name className="java.lang.String">string</Name>
  <Value className="java.lang.String">between</Value>
</Feature>
</Annotation>
<Annotation Id="406" Type="Token" StartNode="1051" EndNode="1059">
<Feature>
  <Name className="java.lang.String">string</Name>
  <Value className="java.lang.String">behavior</Value>
</Feature>
</Annotation>
<Annotation Id="399" Type="Token" StartNode="1019" EndNode="1030">
<Feature>
  <Name className="java.lang.String">string</Name>
  <Value className="java.lang.String">distinction</Value>
</Feature>
</Annotation>
<Annotation Id="441" Type="Token" StartNode="1137" EndNode="1147">
<Feature>
  <Name className="java.lang.String">string</Name>
  <Value className="java.lang.String">misfortune</Value>
</Feature>
</Annotation>
<Annotation Id="447" Type="Token" StartNode="1152" EndNode="1158">
<Feature>
  <Name className="java.lang.String">string</Name>
  <Value className="java.lang.String">Please</Value>
</Feature>
</Annotation>
<Annotation Id="437" Type="Token" StartNode="1128" EndNode="1134">
<Feature>
  <Name className="java.lang.String">string</Name>
  <Value className="java.lang.String">merely</Value>
</Feature>
</Annotation>
<Annotation Id="419" Type="Token" StartNode="1082" EndNode="1092">
<Feature>
  <Name className="java.lang.String">string</Name>
  <Value className="java.lang.String">homosexual</Value>
</Feature>
</Annotation>
<Annotation Id="422" Type="Token" StartNode="1094" EndNode="1105">
<Feature>
  <Name className="java.lang.String">string</Name>
  <Value className="java.lang.String">orientation</Value>
</Feature>
</Annotation>
<Annotation Id="478" Type="Token" StartNode="1218" EndNode="1225">
<Feature>
  <Name className="java.lang.String">string</Name>
  <Value className="java.lang.String">Michael</Value>
</Feature>
</Annotation>
<Annotation Id="464" Type="Token" StartNode="1195" EndNode="1201">
<Feature>
  <Name className="java.lang.String">string</Name>
  <Value className="java.lang.String">public</Value>
</Feature>
</Annotation>
<Annotation Id="458" Type="Token" StartNode="1179" EndNode="1186">
<Feature>
  <Name className="java.lang.String">string</Name>
  <Value className="java.lang.String">Respond</Value>
</Feature>
</Annotation>
<Annotation Id="454" Type="Token" StartNode="1169" EndNode="1176">
<Feature>
  <Name className="java.lang.String">string</Name>
  <Value className="java.lang.String">REPLIES</Value>
</Feature>
</Annotation>
<Annotation Id="488" Type="Token" StartNode="1250" EndNode="1258">
<Feature>
  <Name className="java.lang.String">string</Name>
  <Value className="java.lang.String">Research</Value>
</Feature>
</Annotation>
<Annotation Id="490" Type="Token" StartNode="1259" EndNode="1268">
<Feature>
  <Name className="java.lang.String">string</Name>
  <Value className="java.lang.String">Scientist</Value>
</Feature>
</Annotation>
<Annotation Id="486" Type="Token" StartNode="1240" EndNode="1249">
<Feature>
  <Name className="java.lang.String">string</Name>
  <Value className="java.lang.String">Associate</Value>
</Feature>
</Annotation>
<Annotation Id="483" Type="Token" StartNode="1229" EndNode="1238">
<Feature>
  <Name className="java.lang.String">string</Name>
  <Value className="java.lang.String">Covington</Value>
</Feature>
</Annotation>
<Annotation Id="556" Type="Token" StartNode="1384" EndNode="1391">
<Feature>
  <Name className="java.lang.String">string</Name>
  <Value className="java.lang.String">Georgia</Value>
</Feature>
</Annotation>
<Annotation Id="552" Type="Token" StartNode="1370" EndNode="1380">
<Feature>
  <Name className="java.lang.String">string</Name>
  <Value className="java.lang.String">University</Value>
</Feature>
</Annotation>
<Annotation Id="516" Type="Token" StartNode="1302" EndNode="1314">
<Feature>
  <Name className="java.lang.String">string</Name>
  <Value className="java.lang.String">Intelligence</Value>
</Feature>
</Annotation>
<Annotation Id="518" Type="Token" StartNode="1315" EndNode="1323">
<Feature>
  <Name className="java.lang.String">string</Name>
  <Value className="java.lang.String">Programs</Value>
</Feature>
</Annotation>
<Annotation Id="514" Type="Token" StartNode="1291" EndNode="1301">
<Feature>
  <Name className="java.lang.String">string</Name>
  <Value className="java.lang.String">Artificial</Value>
</Feature>
</Annotation>
<Annotation Id="525" Type="Token" StartNode="1329" EndNode="1337">
<Feature>
  <Name className="java.lang.String">string</Name>
  <Value className="java.lang.String">mcovingt</Value>
</Feature>
</Annotation>
<Annotation Id="615" Type="Token" StartNode="1478" EndNode="1485">
<Feature>
  <Name className="java.lang.String">string</Name>
  <Value className="java.lang.String">amateur</Value>
</Feature>
</Annotation>
<Annotation Id="595" Type="Token" StartNode="1440" EndNode="1446">
<Feature>
  <Name className="java.lang.String">string</Name>
  <Value className="java.lang.String">Athens</Value>
</Feature>
</Annotation>
<Annotation Id="598" Type="Token" StartNode="1448" EndNode="1455">
<Feature>
  <Name className="java.lang.String">string</Name>
  <Value className="java.lang.String">Georgia</Value>
</Feature>
</Annotation>
</AnnotationSet>
<AnnotationSet Name="Original markups"> </AnnotationSet>
</GateDocument>