<?xml version='1.0' encoding='UTF-8'?>
<GateDocument version="3">
<!-- The document's features-->

<GateDocumentFeatures>
<Feature>
  <Name className="java.lang.String">Original_document_content_on_load</Name>
  <Value className="java.lang.String">From: feustel@netcom.com (David Feustel)
Message-ID: &lt;feustelC5oJAw.M6C@netcom.com>
Organization: DAFCO: OS/2 Software Support &amp; Consulting
Date: Sun, 18 Apr 1993 12:42:32 GMT
Lines: 12

Politicians want to eliminate private ownership of guns before the
general public starts violently resisting the tax increases needed
to fund the federal government as an ever higher percentage of tax
revenue goes to pay interest on the national debt (currently 57 cents
out of every tax dollar collected and rising).

-- 
Dave Feustel N9MYI &lt;feustel@netcom.com>

I'm beginning to look forward to reaching the %100 allocation of taxes
to pay for the interest on the national debt. At that point the
federal government will be will go out of business for lack of funds.
</Value>
</Feature>
<Feature>
  <Name className="java.lang.String">gate.SourceURL</Name>
  <Value className="java.lang.String">file:/C:/Users/jian/Documents/NetBeansProjects/NoiseReductionTechniques/mideastPoliticsMix/negative138</Value>
</Feature>
</GateDocumentFeatures>
<!-- The document content area with serialized nodes -->

<TextWithNodes><Node id="0"/>From<Node id="4"/>:<Node id="5"/> <Node id="6"/>feustel<Node id="13"/>@<Node id="14"/>netcom<Node id="20"/>.<Node id="21"/>com<Node id="24"/> <Node id="25"/>(<Node id="26"/>David<Node id="31"/> <Node id="32"/>Feustel<Node id="39"/>)<Node id="40"/>
<Node id="41"/>Message-<Node id="49"/>ID<Node id="51"/>:<Node id="52"/> <Node id="53"/>&lt;<Node id="54"/>feustelC<Node id="62"/>5<Node id="63"/>oJAw<Node id="67"/>.<Node id="68"/>M<Node id="69"/>6<Node id="70"/>C<Node id="71"/>@<Node id="72"/>netcom<Node id="78"/>.<Node id="79"/>com<Node id="82"/>&gt;<Node id="83"/>
<Node id="84"/>Organization<Node id="96"/>:<Node id="97"/> <Node id="98"/>DAFCO<Node id="103"/>:<Node id="104"/> <Node id="105"/>OS<Node id="107"/>/<Node id="108"/>2<Node id="109"/> <Node id="110"/>Software<Node id="118"/> <Node id="119"/>Support<Node id="126"/> <Node id="127"/>&amp;<Node id="128"/> <Node id="129"/>Consulting<Node id="139"/>
<Node id="140"/>Date<Node id="144"/>:<Node id="145"/> <Node id="146"/>Sun<Node id="149"/>,<Node id="150"/> <Node id="151"/>18<Node id="153"/> <Node id="154"/>Apr<Node id="157"/> <Node id="158"/>1993<Node id="162"/> <Node id="163"/>12<Node id="165"/>:<Node id="166"/>42<Node id="168"/>:<Node id="169"/>32<Node id="171"/> <Node id="172"/>GMT<Node id="175"/>
<Node id="176"/>Lines<Node id="181"/>:<Node id="182"/> <Node id="183"/>12<Node id="185"/>
<Node id="186"/>
<Node id="187"/>Politicians<Node id="198"/> <Node id="199"/>want<Node id="203"/> <Node id="204"/>to<Node id="206"/> <Node id="207"/>eliminate<Node id="216"/> <Node id="217"/>private<Node id="224"/> <Node id="225"/>ownership<Node id="234"/> <Node id="235"/>of<Node id="237"/> <Node id="238"/>guns<Node id="242"/> <Node id="243"/>before<Node id="249"/> <Node id="250"/>the<Node id="253"/>
<Node id="254"/>general<Node id="261"/> <Node id="262"/>public<Node id="268"/> <Node id="269"/>starts<Node id="275"/> <Node id="276"/>violently<Node id="285"/> <Node id="286"/>resisting<Node id="295"/> <Node id="296"/>the<Node id="299"/> <Node id="300"/>tax<Node id="303"/> <Node id="304"/>increases<Node id="313"/> <Node id="314"/>needed<Node id="320"/>
<Node id="321"/>to<Node id="323"/> <Node id="324"/>fund<Node id="328"/> <Node id="329"/>the<Node id="332"/> <Node id="333"/>federal<Node id="340"/> <Node id="341"/>government<Node id="351"/> <Node id="352"/>as<Node id="354"/> <Node id="355"/>an<Node id="357"/> <Node id="358"/>ever<Node id="362"/> <Node id="363"/>higher<Node id="369"/> <Node id="370"/>percentage<Node id="380"/> <Node id="381"/>of<Node id="383"/> <Node id="384"/>tax<Node id="387"/>
<Node id="388"/>revenue<Node id="395"/> <Node id="396"/>goes<Node id="400"/> <Node id="401"/>to<Node id="403"/> <Node id="404"/>pay<Node id="407"/> <Node id="408"/>interest<Node id="416"/> <Node id="417"/>on<Node id="419"/> <Node id="420"/>the<Node id="423"/> <Node id="424"/>national<Node id="432"/> <Node id="433"/>debt<Node id="437"/> <Node id="438"/>(<Node id="439"/>currently<Node id="448"/> <Node id="449"/>57<Node id="451"/> <Node id="452"/>cents<Node id="457"/>
<Node id="458"/>out<Node id="461"/> <Node id="462"/>of<Node id="464"/> <Node id="465"/>every<Node id="470"/> <Node id="471"/>tax<Node id="474"/> <Node id="475"/>dollar<Node id="481"/> <Node id="482"/>collected<Node id="491"/> <Node id="492"/>and<Node id="495"/> <Node id="496"/>rising<Node id="502"/>)<Node id="503"/>.<Node id="504"/>
<Node id="505"/>
<Node id="506"/>-<Node id="507"/>-<Node id="508"/> <Node id="509"/>
<Node id="510"/>Dave<Node id="514"/> <Node id="515"/>Feustel<Node id="522"/> <Node id="523"/>N<Node id="524"/>9<Node id="525"/>MYI<Node id="528"/> <Node id="529"/>&lt;<Node id="530"/>feustel<Node id="537"/>@<Node id="538"/>netcom<Node id="544"/>.<Node id="545"/>com<Node id="548"/>&gt;<Node id="549"/>
<Node id="550"/>
<Node id="551"/>I<Node id="552"/>'m<Node id="554"/> <Node id="555"/>beginning<Node id="564"/> <Node id="565"/>to<Node id="567"/> <Node id="568"/>look<Node id="572"/> <Node id="573"/>forward<Node id="580"/> <Node id="581"/>to<Node id="583"/> <Node id="584"/>reaching<Node id="592"/> <Node id="593"/>the<Node id="596"/> <Node id="597"/>%<Node id="598"/>100<Node id="601"/> <Node id="602"/>allocation<Node id="612"/> <Node id="613"/>of<Node id="615"/> <Node id="616"/>taxes<Node id="621"/>
<Node id="622"/>to<Node id="624"/> <Node id="625"/>pay<Node id="628"/> <Node id="629"/>for<Node id="632"/> <Node id="633"/>the<Node id="636"/> <Node id="637"/>interest<Node id="645"/> <Node id="646"/>on<Node id="648"/> <Node id="649"/>the<Node id="652"/> <Node id="653"/>national<Node id="661"/> <Node id="662"/>debt<Node id="666"/>.<Node id="667"/> <Node id="668"/>At<Node id="670"/> <Node id="671"/>that<Node id="675"/> <Node id="676"/>point<Node id="681"/> <Node id="682"/>the<Node id="685"/>
<Node id="686"/>federal<Node id="693"/> <Node id="694"/>government<Node id="704"/> <Node id="705"/>will<Node id="709"/> <Node id="710"/>be<Node id="712"/> <Node id="713"/>will<Node id="717"/> <Node id="718"/>go<Node id="720"/> <Node id="721"/>out<Node id="724"/> <Node id="725"/>of<Node id="727"/> <Node id="728"/>business<Node id="736"/> <Node id="737"/>for<Node id="740"/> <Node id="741"/>lack<Node id="745"/> <Node id="746"/>of<Node id="748"/> <Node id="749"/>funds<Node id="754"/>.<Node id="755"/>
<Node id="756"/></TextWithNodes>
<!-- The default annotation set -->

<AnnotationSet>
<Annotation EndNode="756" StartNode="0" Type="Mention" Id="9999999">
<Feature>
<Name classname="java.lang.String">Class</Name>
<Value classname="java.lang.String">0</Value>
</Feature>
</Annotation>

<Annotation Id="3" Type="Token" StartNode="6" EndNode="13">
<Feature>
  <Name className="java.lang.String">string</Name>
  <Value className="java.lang.String">feustel</Value>
</Feature>
</Annotation>
<Annotation Id="5" Type="Token" StartNode="14" EndNode="20">
<Feature>
  <Name className="java.lang.String">string</Name>
  <Value className="java.lang.String">netcom</Value>
</Feature>
</Annotation>
<Annotation Id="12" Type="Token" StartNode="32" EndNode="39">
<Feature>
  <Name className="java.lang.String">string</Name>
  <Value className="java.lang.String">Feustel</Value>
</Feature>
</Annotation>
<Annotation Id="15" Type="Token" StartNode="41" EndNode="49">
<Feature>
  <Name className="java.lang.String">string</Name>
  <Value className="java.lang.String">Message-</Value>
</Feature>
</Annotation>
<Annotation Id="20" Type="Token" StartNode="54" EndNode="62">
<Feature>
  <Name className="java.lang.String">string</Name>
  <Value className="java.lang.String">feustelC</Value>
</Feature>
</Annotation>
<Annotation Id="28" Type="Token" StartNode="72" EndNode="78">
<Feature>
  <Name className="java.lang.String">string</Name>
  <Value className="java.lang.String">netcom</Value>
</Feature>
</Annotation>
<Annotation Id="33" Type="Token" StartNode="84" EndNode="96">
<Feature>
  <Name className="java.lang.String">string</Name>
  <Value className="java.lang.String">Organization</Value>
</Feature>
</Annotation>
<Annotation Id="43" Type="Token" StartNode="110" EndNode="118">
<Feature>
  <Name className="java.lang.String">string</Name>
  <Value className="java.lang.String">Software</Value>
</Feature>
</Annotation>
<Annotation Id="45" Type="Token" StartNode="119" EndNode="126">
<Feature>
  <Name className="java.lang.String">string</Name>
  <Value className="java.lang.String">Support</Value>
</Feature>
</Annotation>
<Annotation Id="49" Type="Token" StartNode="129" EndNode="139">
<Feature>
  <Name className="java.lang.String">string</Name>
  <Value className="java.lang.String">Consulting</Value>
</Feature>
</Annotation>
<Annotation Id="77" Type="Token" StartNode="187" EndNode="198">
<Feature>
  <Name className="java.lang.String">string</Name>
  <Value className="java.lang.String">Politicians</Value>
</Feature>
</Annotation>
<Annotation Id="85" Type="Token" StartNode="217" EndNode="224">
<Feature>
  <Name className="java.lang.String">string</Name>
  <Value className="java.lang.String">private</Value>
</Feature>
</Annotation>
<Annotation Id="87" Type="Token" StartNode="225" EndNode="234">
<Feature>
  <Name className="java.lang.String">string</Name>
  <Value className="java.lang.String">ownership</Value>
</Feature>
</Annotation>
<Annotation Id="83" Type="Token" StartNode="207" EndNode="216">
<Feature>
  <Name className="java.lang.String">string</Name>
  <Value className="java.lang.String">eliminate</Value>
</Feature>
</Annotation>
<Annotation Id="93" Type="Token" StartNode="243" EndNode="249">
<Feature>
  <Name className="java.lang.String">string</Name>
  <Value className="java.lang.String">before</Value>
</Feature>
</Annotation>
<Annotation Id="103" Type="Token" StartNode="276" EndNode="285">
<Feature>
  <Name className="java.lang.String">string</Name>
  <Value className="java.lang.String">violently</Value>
</Feature>
</Annotation>
<Annotation Id="101" Type="Token" StartNode="269" EndNode="275">
<Feature>
  <Name className="java.lang.String">string</Name>
  <Value className="java.lang.String">starts</Value>
</Feature>
</Annotation>
<Annotation Id="99" Type="Token" StartNode="262" EndNode="268">
<Feature>
  <Name className="java.lang.String">string</Name>
  <Value className="java.lang.String">public</Value>
</Feature>
</Annotation>
<Annotation Id="97" Type="Token" StartNode="254" EndNode="261">
<Feature>
  <Name className="java.lang.String">string</Name>
  <Value className="java.lang.String">general</Value>
</Feature>
</Annotation>
<Annotation Id="111" Type="Token" StartNode="304" EndNode="313">
<Feature>
  <Name className="java.lang.String">string</Name>
  <Value className="java.lang.String">increases</Value>
</Feature>
</Annotation>
<Annotation Id="105" Type="Token" StartNode="286" EndNode="295">
<Feature>
  <Name className="java.lang.String">string</Name>
  <Value className="java.lang.String">resisting</Value>
</Feature>
</Annotation>
<Annotation Id="113" Type="Token" StartNode="314" EndNode="320">
<Feature>
  <Name className="java.lang.String">string</Name>
  <Value className="java.lang.String">needed</Value>
</Feature>
</Annotation>
<Annotation Id="123" Type="Token" StartNode="341" EndNode="351">
<Feature>
  <Name className="java.lang.String">string</Name>
  <Value className="java.lang.String">government</Value>
</Feature>
</Annotation>
<Annotation Id="121" Type="Token" StartNode="333" EndNode="340">
<Feature>
  <Name className="java.lang.String">string</Name>
  <Value className="java.lang.String">federal</Value>
</Feature>
</Annotation>
<Annotation Id="139" Type="Token" StartNode="388" EndNode="395">
<Feature>
  <Name className="java.lang.String">string</Name>
  <Value className="java.lang.String">revenue</Value>
</Feature>
</Annotation>
<Annotation Id="131" Type="Token" StartNode="363" EndNode="369">
<Feature>
  <Name className="java.lang.String">string</Name>
  <Value className="java.lang.String">higher</Value>
</Feature>
</Annotation>
<Annotation Id="133" Type="Token" StartNode="370" EndNode="380">
<Feature>
  <Name className="java.lang.String">string</Name>
  <Value className="java.lang.String">percentage</Value>
</Feature>
</Annotation>
<Annotation Id="153" Type="Token" StartNode="424" EndNode="432">
<Feature>
  <Name className="java.lang.String">string</Name>
  <Value className="java.lang.String">national</Value>
</Feature>
</Annotation>
<Annotation Id="158" Type="Token" StartNode="439" EndNode="448">
<Feature>
  <Name className="java.lang.String">string</Name>
  <Value className="java.lang.String">currently</Value>
</Feature>
</Annotation>
<Annotation Id="147" Type="Token" StartNode="408" EndNode="416">
<Feature>
  <Name className="java.lang.String">string</Name>
  <Value className="java.lang.String">interest</Value>
</Feature>
</Annotation>
<Annotation Id="174" Type="Token" StartNode="482" EndNode="491">
<Feature>
  <Name className="java.lang.String">string</Name>
  <Value className="java.lang.String">collected</Value>
</Feature>
</Annotation>
<Annotation Id="172" Type="Token" StartNode="475" EndNode="481">
<Feature>
  <Name className="java.lang.String">string</Name>
  <Value className="java.lang.String">dollar</Value>
</Feature>
</Annotation>
<Annotation Id="189" Type="Token" StartNode="515" EndNode="522">
<Feature>
  <Name className="java.lang.String">string</Name>
  <Value className="java.lang.String">Feustel</Value>
</Feature>
</Annotation>
<Annotation Id="178" Type="Token" StartNode="496" EndNode="502">
<Feature>
  <Name className="java.lang.String">string</Name>
  <Value className="java.lang.String">rising</Value>
</Feature>
</Annotation>
<Annotation Id="196" Type="Token" StartNode="530" EndNode="537">
<Feature>
  <Name className="java.lang.String">string</Name>
  <Value className="java.lang.String">feustel</Value>
</Feature>
</Annotation>
<Annotation Id="198" Type="Token" StartNode="538" EndNode="544">
<Feature>
  <Name className="java.lang.String">string</Name>
  <Value className="java.lang.String">netcom</Value>
</Feature>
</Annotation>
<Annotation Id="218" Type="Token" StartNode="584" EndNode="592">
<Feature>
  <Name className="java.lang.String">string</Name>
  <Value className="java.lang.String">reaching</Value>
</Feature>
</Annotation>
<Annotation Id="214" Type="Token" StartNode="573" EndNode="580">
<Feature>
  <Name className="java.lang.String">string</Name>
  <Value className="java.lang.String">forward</Value>
</Feature>
</Annotation>
<Annotation Id="208" Type="Token" StartNode="555" EndNode="564">
<Feature>
  <Name className="java.lang.String">string</Name>
  <Value className="java.lang.String">beginning</Value>
</Feature>
</Annotation>
<Annotation Id="239" Type="Token" StartNode="637" EndNode="645">
<Feature>
  <Name className="java.lang.String">string</Name>
  <Value className="java.lang.String">interest</Value>
</Feature>
</Annotation>
<Annotation Id="225" Type="Token" StartNode="602" EndNode="612">
<Feature>
  <Name className="java.lang.String">string</Name>
  <Value className="java.lang.String">allocation</Value>
</Feature>
</Annotation>
<Annotation Id="245" Type="Token" StartNode="653" EndNode="661">
<Feature>
  <Name className="java.lang.String">string</Name>
  <Value className="java.lang.String">national</Value>
</Feature>
</Annotation>
<Annotation Id="274" Type="Token" StartNode="728" EndNode="736">
<Feature>
  <Name className="java.lang.String">string</Name>
  <Value className="java.lang.String">business</Value>
</Feature>
</Annotation>
<Annotation Id="258" Type="Token" StartNode="686" EndNode="693">
<Feature>
  <Name className="java.lang.String">string</Name>
  <Value className="java.lang.String">federal</Value>
</Feature>
</Annotation>
<Annotation Id="260" Type="Token" StartNode="694" EndNode="704">
<Feature>
  <Name className="java.lang.String">string</Name>
  <Value className="java.lang.String">government</Value>
</Feature>
</Annotation>
</AnnotationSet>
<AnnotationSet Name="Original markups"> </AnnotationSet>
</GateDocument>