<?xml version='1.0' encoding='UTF-8'?>
<GateDocument version="3">
<!-- The document's features-->

<GateDocumentFeatures>
<Feature>
  <Name className="java.lang.String">Original_document_content_on_load</Name>
  <Value className="java.lang.String"><![CDATA[From: emarsh@hernes-sun.Eng.Sun.COM (Eric Marsh)
Date: 22 Apr 1993 17:19:28 GMT
Organization: Sun
Lines: 45
Message-ID: <ltdkt0INNrjr@exodus.Eng.Sun.COM>
References: <1qvmk2$csk@morrow.stanford.edu> <lt8d3bINNj1g@exodus.Eng.Sun.COM> <IfpMCx600VB986FZFR@andrew.cmu.edu>
NNTP-Posting-Host: hernes-sun

In article <IfpMCx600VB986FZFR@andrew.cmu.edu> nm0w+@andrew.cmu.edu (Nanci Ann Miller) writes:
>emarsh@hernes-sun.Eng.Sun.COM (Eric Marsh) writes:
>> BTW, the parallel universe approach implys an element of mind in the
>> very physical reality of the universe. 

>This sounds interesting... but what exactly do you mean?  

Well, the best thing to do is to read the book "Parallel Universes"
by Dr. Fred Wolf. 

In essence, Dr. Wolf says that one interpretation of the sub-atomic
particle/wave duality is that what we perceive as a wave is actually
an infinate number of parallel universes overlaid, and in each of
these universes there is a particle in a different location. When we
do something to make a particle "appear," we are actually causing
all the parallel universes to collapse into one. Apparently this is
one line of thought on the nature of QM, that is going through some
of the scientific community.

Dr. Wolf (and many others) claim that somehow the collapse is caused
by the mental effort of observing the particle. This implys that
mind is more than merely a biological phenomenon. He then extrapolates
that if mind is an integral part of the universe, then perhaps consciousness
is the element that gives order and form to the universe(s) it/themself(s).

It all gets rather interesting, but what I find facinating is that
this would explain the phenomenon of "magick" as practiced in my
religion. Dr. Wolf speculates that the ordering functionality of mind
could be caused by the selection of a future from an infinite number of
possible futures; he says that this might be done by some sort of
communication between ones current, and possible future selves. 
I have long speculated that if magick is not merely a form of self
delusion then perhaps it could be caused by some sort of a selection
of one of many possible futures.

I realize that this gets pretty bizarre, but it never hurts to keep 
an open mind and at least file it all away as another possibile 
explaination of the world in which we find ourselves. After all, the
more we learn about the universe in which we live, the more we learn
that it is truly a very strange place.

>Nanci

eric

]]></Value>
</Feature>
<Feature>
  <Name className="java.lang.String">gate.SourceURL</Name>
  <Value className="java.lang.String">file:/C:/Users/jian/Documents/NetBeansProjects/NoiseReductionTechniques/mideastPoliticsMix/negative1219</Value>
</Feature>
</GateDocumentFeatures>
<!-- The document content area with serialized nodes -->

<TextWithNodes><Node id="0"/>From<Node id="4"/>:<Node id="5"/> <Node id="6"/>emarsh<Node id="12"/>@<Node id="13"/>hernes-sun<Node id="23"/>.<Node id="24"/>Eng<Node id="27"/>.<Node id="28"/>Sun<Node id="31"/>.<Node id="32"/>COM<Node id="35"/> <Node id="36"/>(<Node id="37"/>Eric<Node id="41"/> <Node id="42"/>Marsh<Node id="47"/>)<Node id="48"/>
<Node id="49"/>Date<Node id="53"/>:<Node id="54"/> <Node id="55"/>22<Node id="57"/> <Node id="58"/>Apr<Node id="61"/> <Node id="62"/>1993<Node id="66"/> <Node id="67"/>17<Node id="69"/>:<Node id="70"/>19<Node id="72"/>:<Node id="73"/>28<Node id="75"/> <Node id="76"/>GMT<Node id="79"/>
<Node id="80"/>Organization<Node id="92"/>:<Node id="93"/> <Node id="94"/>Sun<Node id="97"/>
<Node id="98"/>Lines<Node id="103"/>:<Node id="104"/> <Node id="105"/>45<Node id="107"/>
<Node id="108"/>Message-<Node id="116"/>ID<Node id="118"/>:<Node id="119"/> <Node id="120"/>&lt;<Node id="121"/>ltdkt<Node id="126"/>0<Node id="127"/>INNrjr<Node id="133"/>@<Node id="134"/>exodus<Node id="140"/>.<Node id="141"/>Eng<Node id="144"/>.<Node id="145"/>Sun<Node id="148"/>.<Node id="149"/>COM<Node id="152"/>&gt;<Node id="153"/>
<Node id="154"/>References<Node id="164"/>:<Node id="165"/> <Node id="166"/>&lt;<Node id="167"/>1<Node id="168"/>qvmk<Node id="172"/>2<Node id="173"/>$<Node id="174"/>csk<Node id="177"/>@<Node id="178"/>morrow<Node id="184"/>.<Node id="185"/>stanford<Node id="193"/>.<Node id="194"/>edu<Node id="197"/>&gt;<Node id="198"/> <Node id="199"/>&lt;<Node id="200"/>lt<Node id="202"/>8<Node id="203"/>d<Node id="204"/>3<Node id="205"/>bINNj<Node id="210"/>1<Node id="211"/>g<Node id="212"/>@<Node id="213"/>exodus<Node id="219"/>.<Node id="220"/>Eng<Node id="223"/>.<Node id="224"/>Sun<Node id="227"/>.<Node id="228"/>COM<Node id="231"/>&gt;<Node id="232"/> <Node id="233"/>&lt;<Node id="234"/>IfpMCx<Node id="240"/>600<Node id="243"/>VB<Node id="245"/>986<Node id="248"/>FZFR<Node id="252"/>@<Node id="253"/>andrew<Node id="259"/>.<Node id="260"/>cmu<Node id="263"/>.<Node id="264"/>edu<Node id="267"/>&gt;<Node id="268"/>
<Node id="269"/>NNTP-Posting-Host<Node id="286"/>:<Node id="287"/> <Node id="288"/>hernes-sun<Node id="298"/>
<Node id="299"/>
<Node id="300"/>In<Node id="302"/> <Node id="303"/>article<Node id="310"/> <Node id="311"/>&lt;<Node id="312"/>IfpMCx<Node id="318"/>600<Node id="321"/>VB<Node id="323"/>986<Node id="326"/>FZFR<Node id="330"/>@<Node id="331"/>andrew<Node id="337"/>.<Node id="338"/>cmu<Node id="341"/>.<Node id="342"/>edu<Node id="345"/>&gt;<Node id="346"/> <Node id="347"/>nm<Node id="349"/>0<Node id="350"/>w<Node id="351"/>+<Node id="352"/>@<Node id="353"/>andrew<Node id="359"/>.<Node id="360"/>cmu<Node id="363"/>.<Node id="364"/>edu<Node id="367"/> <Node id="368"/>(<Node id="369"/>Nanci<Node id="374"/> <Node id="375"/>Ann<Node id="378"/> <Node id="379"/>Miller<Node id="385"/>)<Node id="386"/> <Node id="387"/>writes<Node id="393"/>:<Node id="394"/>
<Node id="395"/>&gt;<Node id="396"/>emarsh<Node id="402"/>@<Node id="403"/>hernes-sun<Node id="413"/>.<Node id="414"/>Eng<Node id="417"/>.<Node id="418"/>Sun<Node id="421"/>.<Node id="422"/>COM<Node id="425"/> <Node id="426"/>(<Node id="427"/>Eric<Node id="431"/> <Node id="432"/>Marsh<Node id="437"/>)<Node id="438"/> <Node id="439"/>writes<Node id="445"/>:<Node id="446"/>
<Node id="447"/>&gt;<Node id="448"/>&gt;<Node id="449"/> <Node id="450"/>BTW<Node id="453"/>,<Node id="454"/> <Node id="455"/>the<Node id="458"/> <Node id="459"/>parallel<Node id="467"/> <Node id="468"/>universe<Node id="476"/> <Node id="477"/>approach<Node id="485"/> <Node id="486"/>implys<Node id="492"/> <Node id="493"/>an<Node id="495"/> <Node id="496"/>element<Node id="503"/> <Node id="504"/>of<Node id="506"/> <Node id="507"/>mind<Node id="511"/> <Node id="512"/>in<Node id="514"/> <Node id="515"/>the<Node id="518"/>
<Node id="519"/>&gt;<Node id="520"/>&gt;<Node id="521"/> <Node id="522"/>very<Node id="526"/> <Node id="527"/>physical<Node id="535"/> <Node id="536"/>reality<Node id="543"/> <Node id="544"/>of<Node id="546"/> <Node id="547"/>the<Node id="550"/> <Node id="551"/>universe<Node id="559"/>.<Node id="560"/> <Node id="561"/>
<Node id="562"/>
<Node id="563"/>&gt;<Node id="564"/>This<Node id="568"/> <Node id="569"/>sounds<Node id="575"/> <Node id="576"/>interesting<Node id="587"/>.<Node id="588"/>.<Node id="589"/>.<Node id="590"/> <Node id="591"/>but<Node id="594"/> <Node id="595"/>what<Node id="599"/> <Node id="600"/>exactly<Node id="607"/> <Node id="608"/>do<Node id="610"/> <Node id="611"/>you<Node id="614"/> <Node id="615"/>mean<Node id="619"/>?<Node id="620"/> <Node id="621"/> <Node id="622"/>
<Node id="623"/>
<Node id="624"/>Well<Node id="628"/>,<Node id="629"/> <Node id="630"/>the<Node id="633"/> <Node id="634"/>best<Node id="638"/> <Node id="639"/>thing<Node id="644"/> <Node id="645"/>to<Node id="647"/> <Node id="648"/>do<Node id="650"/> <Node id="651"/>is<Node id="653"/> <Node id="654"/>to<Node id="656"/> <Node id="657"/>read<Node id="661"/> <Node id="662"/>the<Node id="665"/> <Node id="666"/>book<Node id="670"/> <Node id="671"/>"<Node id="672"/>Parallel<Node id="680"/> <Node id="681"/>Universes<Node id="690"/>"<Node id="691"/>
<Node id="692"/>by<Node id="694"/> <Node id="695"/>Dr<Node id="697"/>.<Node id="698"/> <Node id="699"/>Fred<Node id="703"/> <Node id="704"/>Wolf<Node id="708"/>.<Node id="709"/> <Node id="710"/>
<Node id="711"/>
<Node id="712"/>In<Node id="714"/> <Node id="715"/>essence<Node id="722"/>,<Node id="723"/> <Node id="724"/>Dr<Node id="726"/>.<Node id="727"/> <Node id="728"/>Wolf<Node id="732"/> <Node id="733"/>says<Node id="737"/> <Node id="738"/>that<Node id="742"/> <Node id="743"/>one<Node id="746"/> <Node id="747"/>interpretation<Node id="761"/> <Node id="762"/>of<Node id="764"/> <Node id="765"/>the<Node id="768"/> <Node id="769"/>sub-atomic<Node id="779"/>
<Node id="780"/>particle<Node id="788"/>/<Node id="789"/>wave<Node id="793"/> <Node id="794"/>duality<Node id="801"/> <Node id="802"/>is<Node id="804"/> <Node id="805"/>that<Node id="809"/> <Node id="810"/>what<Node id="814"/> <Node id="815"/>we<Node id="817"/> <Node id="818"/>perceive<Node id="826"/> <Node id="827"/>as<Node id="829"/> <Node id="830"/>a<Node id="831"/> <Node id="832"/>wave<Node id="836"/> <Node id="837"/>is<Node id="839"/> <Node id="840"/>actually<Node id="848"/>
<Node id="849"/>an<Node id="851"/> <Node id="852"/>infinate<Node id="860"/> <Node id="861"/>number<Node id="867"/> <Node id="868"/>of<Node id="870"/> <Node id="871"/>parallel<Node id="879"/> <Node id="880"/>universes<Node id="889"/> <Node id="890"/>overlaid<Node id="898"/>,<Node id="899"/> <Node id="900"/>and<Node id="903"/> <Node id="904"/>in<Node id="906"/> <Node id="907"/>each<Node id="911"/> <Node id="912"/>of<Node id="914"/>
<Node id="915"/>these<Node id="920"/> <Node id="921"/>universes<Node id="930"/> <Node id="931"/>there<Node id="936"/> <Node id="937"/>is<Node id="939"/> <Node id="940"/>a<Node id="941"/> <Node id="942"/>particle<Node id="950"/> <Node id="951"/>in<Node id="953"/> <Node id="954"/>a<Node id="955"/> <Node id="956"/>different<Node id="965"/> <Node id="966"/>location<Node id="974"/>.<Node id="975"/> <Node id="976"/>When<Node id="980"/> <Node id="981"/>we<Node id="983"/>
<Node id="984"/>do<Node id="986"/> <Node id="987"/>something<Node id="996"/> <Node id="997"/>to<Node id="999"/> <Node id="1000"/>make<Node id="1004"/> <Node id="1005"/>a<Node id="1006"/> <Node id="1007"/>particle<Node id="1015"/> <Node id="1016"/>"<Node id="1017"/>appear<Node id="1023"/>,<Node id="1024"/>"<Node id="1025"/> <Node id="1026"/>we<Node id="1028"/> <Node id="1029"/>are<Node id="1032"/> <Node id="1033"/>actually<Node id="1041"/> <Node id="1042"/>causing<Node id="1049"/>
<Node id="1050"/>all<Node id="1053"/> <Node id="1054"/>the<Node id="1057"/> <Node id="1058"/>parallel<Node id="1066"/> <Node id="1067"/>universes<Node id="1076"/> <Node id="1077"/>to<Node id="1079"/> <Node id="1080"/>collapse<Node id="1088"/> <Node id="1089"/>into<Node id="1093"/> <Node id="1094"/>one<Node id="1097"/>.<Node id="1098"/> <Node id="1099"/>Apparently<Node id="1109"/> <Node id="1110"/>this<Node id="1114"/> <Node id="1115"/>is<Node id="1117"/>
<Node id="1118"/>one<Node id="1121"/> <Node id="1122"/>line<Node id="1126"/> <Node id="1127"/>of<Node id="1129"/> <Node id="1130"/>thought<Node id="1137"/> <Node id="1138"/>on<Node id="1140"/> <Node id="1141"/>the<Node id="1144"/> <Node id="1145"/>nature<Node id="1151"/> <Node id="1152"/>of<Node id="1154"/> <Node id="1155"/>QM<Node id="1157"/>,<Node id="1158"/> <Node id="1159"/>that<Node id="1163"/> <Node id="1164"/>is<Node id="1166"/> <Node id="1167"/>going<Node id="1172"/> <Node id="1173"/>through<Node id="1180"/> <Node id="1181"/>some<Node id="1185"/>
<Node id="1186"/>of<Node id="1188"/> <Node id="1189"/>the<Node id="1192"/> <Node id="1193"/>scientific<Node id="1203"/> <Node id="1204"/>community<Node id="1213"/>.<Node id="1214"/>
<Node id="1215"/>
<Node id="1216"/>Dr<Node id="1218"/>.<Node id="1219"/> <Node id="1220"/>Wolf<Node id="1224"/> <Node id="1225"/>(<Node id="1226"/>and<Node id="1229"/> <Node id="1230"/>many<Node id="1234"/> <Node id="1235"/>others<Node id="1241"/>)<Node id="1242"/> <Node id="1243"/>claim<Node id="1248"/> <Node id="1249"/>that<Node id="1253"/> <Node id="1254"/>somehow<Node id="1261"/> <Node id="1262"/>the<Node id="1265"/> <Node id="1266"/>collapse<Node id="1274"/> <Node id="1275"/>is<Node id="1277"/> <Node id="1278"/>caused<Node id="1284"/>
<Node id="1285"/>by<Node id="1287"/> <Node id="1288"/>the<Node id="1291"/> <Node id="1292"/>mental<Node id="1298"/> <Node id="1299"/>effort<Node id="1305"/> <Node id="1306"/>of<Node id="1308"/> <Node id="1309"/>observing<Node id="1318"/> <Node id="1319"/>the<Node id="1322"/> <Node id="1323"/>particle<Node id="1331"/>.<Node id="1332"/> <Node id="1333"/>This<Node id="1337"/> <Node id="1338"/>implys<Node id="1344"/> <Node id="1345"/>that<Node id="1349"/>
<Node id="1350"/>mind<Node id="1354"/> <Node id="1355"/>is<Node id="1357"/> <Node id="1358"/>more<Node id="1362"/> <Node id="1363"/>than<Node id="1367"/> <Node id="1368"/>merely<Node id="1374"/> <Node id="1375"/>a<Node id="1376"/> <Node id="1377"/>biological<Node id="1387"/> <Node id="1388"/>phenomenon<Node id="1398"/>.<Node id="1399"/> <Node id="1400"/>He<Node id="1402"/> <Node id="1403"/>then<Node id="1407"/> <Node id="1408"/>extrapolates<Node id="1420"/>
<Node id="1421"/>that<Node id="1425"/> <Node id="1426"/>if<Node id="1428"/> <Node id="1429"/>mind<Node id="1433"/> <Node id="1434"/>is<Node id="1436"/> <Node id="1437"/>an<Node id="1439"/> <Node id="1440"/>integral<Node id="1448"/> <Node id="1449"/>part<Node id="1453"/> <Node id="1454"/>of<Node id="1456"/> <Node id="1457"/>the<Node id="1460"/> <Node id="1461"/>universe<Node id="1469"/>,<Node id="1470"/> <Node id="1471"/>then<Node id="1475"/> <Node id="1476"/>perhaps<Node id="1483"/> <Node id="1484"/>consciousness<Node id="1497"/>
<Node id="1498"/>is<Node id="1500"/> <Node id="1501"/>the<Node id="1504"/> <Node id="1505"/>element<Node id="1512"/> <Node id="1513"/>that<Node id="1517"/> <Node id="1518"/>gives<Node id="1523"/> <Node id="1524"/>order<Node id="1529"/> <Node id="1530"/>and<Node id="1533"/> <Node id="1534"/>form<Node id="1538"/> <Node id="1539"/>to<Node id="1541"/> <Node id="1542"/>the<Node id="1545"/> <Node id="1546"/>universe<Node id="1554"/>(<Node id="1555"/>s<Node id="1556"/>)<Node id="1557"/> <Node id="1558"/>it<Node id="1560"/>/<Node id="1561"/>themself<Node id="1569"/>(<Node id="1570"/>s<Node id="1571"/>)<Node id="1572"/>.<Node id="1573"/>
<Node id="1574"/>
<Node id="1575"/>It<Node id="1577"/> <Node id="1578"/>all<Node id="1581"/> <Node id="1582"/>gets<Node id="1586"/> <Node id="1587"/>rather<Node id="1593"/> <Node id="1594"/>interesting<Node id="1605"/>,<Node id="1606"/> <Node id="1607"/>but<Node id="1610"/> <Node id="1611"/>what<Node id="1615"/> <Node id="1616"/>I<Node id="1617"/> <Node id="1618"/>find<Node id="1622"/> <Node id="1623"/>facinating<Node id="1633"/> <Node id="1634"/>is<Node id="1636"/> <Node id="1637"/>that<Node id="1641"/>
<Node id="1642"/>this<Node id="1646"/> <Node id="1647"/>would<Node id="1652"/> <Node id="1653"/>explain<Node id="1660"/> <Node id="1661"/>the<Node id="1664"/> <Node id="1665"/>phenomenon<Node id="1675"/> <Node id="1676"/>of<Node id="1678"/> <Node id="1679"/>"<Node id="1680"/>magick<Node id="1686"/>"<Node id="1687"/> <Node id="1688"/>as<Node id="1690"/> <Node id="1691"/>practiced<Node id="1700"/> <Node id="1701"/>in<Node id="1703"/> <Node id="1704"/>my<Node id="1706"/>
<Node id="1707"/>religion<Node id="1715"/>.<Node id="1716"/> <Node id="1717"/>Dr<Node id="1719"/>.<Node id="1720"/> <Node id="1721"/>Wolf<Node id="1725"/> <Node id="1726"/>speculates<Node id="1736"/> <Node id="1737"/>that<Node id="1741"/> <Node id="1742"/>the<Node id="1745"/> <Node id="1746"/>ordering<Node id="1754"/> <Node id="1755"/>functionality<Node id="1768"/> <Node id="1769"/>of<Node id="1771"/> <Node id="1772"/>mind<Node id="1776"/>
<Node id="1777"/>could<Node id="1782"/> <Node id="1783"/>be<Node id="1785"/> <Node id="1786"/>caused<Node id="1792"/> <Node id="1793"/>by<Node id="1795"/> <Node id="1796"/>the<Node id="1799"/> <Node id="1800"/>selection<Node id="1809"/> <Node id="1810"/>of<Node id="1812"/> <Node id="1813"/>a<Node id="1814"/> <Node id="1815"/>future<Node id="1821"/> <Node id="1822"/>from<Node id="1826"/> <Node id="1827"/>an<Node id="1829"/> <Node id="1830"/>infinite<Node id="1838"/> <Node id="1839"/>number<Node id="1845"/> <Node id="1846"/>of<Node id="1848"/>
<Node id="1849"/>possible<Node id="1857"/> <Node id="1858"/>futures<Node id="1865"/>;<Node id="1866"/> <Node id="1867"/>he<Node id="1869"/> <Node id="1870"/>says<Node id="1874"/> <Node id="1875"/>that<Node id="1879"/> <Node id="1880"/>this<Node id="1884"/> <Node id="1885"/>might<Node id="1890"/> <Node id="1891"/>be<Node id="1893"/> <Node id="1894"/>done<Node id="1898"/> <Node id="1899"/>by<Node id="1901"/> <Node id="1902"/>some<Node id="1906"/> <Node id="1907"/>sort<Node id="1911"/> <Node id="1912"/>of<Node id="1914"/>
<Node id="1915"/>communication<Node id="1928"/> <Node id="1929"/>between<Node id="1936"/> <Node id="1937"/>ones<Node id="1941"/> <Node id="1942"/>current<Node id="1949"/>,<Node id="1950"/> <Node id="1951"/>and<Node id="1954"/> <Node id="1955"/>possible<Node id="1963"/> <Node id="1964"/>future<Node id="1970"/> <Node id="1971"/>selves<Node id="1977"/>.<Node id="1978"/> <Node id="1979"/>
<Node id="1980"/>I<Node id="1981"/> <Node id="1982"/>have<Node id="1986"/> <Node id="1987"/>long<Node id="1991"/> <Node id="1992"/>speculated<Node id="2002"/> <Node id="2003"/>that<Node id="2007"/> <Node id="2008"/>if<Node id="2010"/> <Node id="2011"/>magick<Node id="2017"/> <Node id="2018"/>is<Node id="2020"/> <Node id="2021"/>not<Node id="2024"/> <Node id="2025"/>merely<Node id="2031"/> <Node id="2032"/>a<Node id="2033"/> <Node id="2034"/>form<Node id="2038"/> <Node id="2039"/>of<Node id="2041"/> <Node id="2042"/>self<Node id="2046"/>
<Node id="2047"/>delusion<Node id="2055"/> <Node id="2056"/>then<Node id="2060"/> <Node id="2061"/>perhaps<Node id="2068"/> <Node id="2069"/>it<Node id="2071"/> <Node id="2072"/>could<Node id="2077"/> <Node id="2078"/>be<Node id="2080"/> <Node id="2081"/>caused<Node id="2087"/> <Node id="2088"/>by<Node id="2090"/> <Node id="2091"/>some<Node id="2095"/> <Node id="2096"/>sort<Node id="2100"/> <Node id="2101"/>of<Node id="2103"/> <Node id="2104"/>a<Node id="2105"/> <Node id="2106"/>selection<Node id="2115"/>
<Node id="2116"/>of<Node id="2118"/> <Node id="2119"/>one<Node id="2122"/> <Node id="2123"/>of<Node id="2125"/> <Node id="2126"/>many<Node id="2130"/> <Node id="2131"/>possible<Node id="2139"/> <Node id="2140"/>futures<Node id="2147"/>.<Node id="2148"/>
<Node id="2149"/>
<Node id="2150"/>I<Node id="2151"/> <Node id="2152"/>realize<Node id="2159"/> <Node id="2160"/>that<Node id="2164"/> <Node id="2165"/>this<Node id="2169"/> <Node id="2170"/>gets<Node id="2174"/> <Node id="2175"/>pretty<Node id="2181"/> <Node id="2182"/>bizarre<Node id="2189"/>,<Node id="2190"/> <Node id="2191"/>but<Node id="2194"/> <Node id="2195"/>it<Node id="2197"/> <Node id="2198"/>never<Node id="2203"/> <Node id="2204"/>hurts<Node id="2209"/> <Node id="2210"/>to<Node id="2212"/> <Node id="2213"/>keep<Node id="2217"/> <Node id="2218"/>
<Node id="2219"/>an<Node id="2221"/> <Node id="2222"/>open<Node id="2226"/> <Node id="2227"/>mind<Node id="2231"/> <Node id="2232"/>and<Node id="2235"/> <Node id="2236"/>at<Node id="2238"/> <Node id="2239"/>least<Node id="2244"/> <Node id="2245"/>file<Node id="2249"/> <Node id="2250"/>it<Node id="2252"/> <Node id="2253"/>all<Node id="2256"/> <Node id="2257"/>away<Node id="2261"/> <Node id="2262"/>as<Node id="2264"/> <Node id="2265"/>another<Node id="2272"/> <Node id="2273"/>possibile<Node id="2282"/> <Node id="2283"/>
<Node id="2284"/>explaination<Node id="2296"/> <Node id="2297"/>of<Node id="2299"/> <Node id="2300"/>the<Node id="2303"/> <Node id="2304"/>world<Node id="2309"/> <Node id="2310"/>in<Node id="2312"/> <Node id="2313"/>which<Node id="2318"/> <Node id="2319"/>we<Node id="2321"/> <Node id="2322"/>find<Node id="2326"/> <Node id="2327"/>ourselves<Node id="2336"/>.<Node id="2337"/> <Node id="2338"/>After<Node id="2343"/> <Node id="2344"/>all<Node id="2347"/>,<Node id="2348"/> <Node id="2349"/>the<Node id="2352"/>
<Node id="2353"/>more<Node id="2357"/> <Node id="2358"/>we<Node id="2360"/> <Node id="2361"/>learn<Node id="2366"/> <Node id="2367"/>about<Node id="2372"/> <Node id="2373"/>the<Node id="2376"/> <Node id="2377"/>universe<Node id="2385"/> <Node id="2386"/>in<Node id="2388"/> <Node id="2389"/>which<Node id="2394"/> <Node id="2395"/>we<Node id="2397"/> <Node id="2398"/>live<Node id="2402"/>,<Node id="2403"/> <Node id="2404"/>the<Node id="2407"/> <Node id="2408"/>more<Node id="2412"/> <Node id="2413"/>we<Node id="2415"/> <Node id="2416"/>learn<Node id="2421"/>
<Node id="2422"/>that<Node id="2426"/> <Node id="2427"/>it<Node id="2429"/> <Node id="2430"/>is<Node id="2432"/> <Node id="2433"/>truly<Node id="2438"/> <Node id="2439"/>a<Node id="2440"/> <Node id="2441"/>very<Node id="2445"/> <Node id="2446"/>strange<Node id="2453"/> <Node id="2454"/>place<Node id="2459"/>.<Node id="2460"/>
<Node id="2461"/>
<Node id="2462"/>&gt;<Node id="2463"/>Nanci<Node id="2468"/>
<Node id="2469"/>
<Node id="2470"/>eric<Node id="2474"/>
<Node id="2475"/>
<Node id="2476"/></TextWithNodes>
<!-- The default annotation set -->

<AnnotationSet>
<Annotation EndNode="2476" StartNode="0" Type="Mention" Id="9999999">
<Feature>
<Name classname="java.lang.String">Class</Name>
<Value classname="java.lang.String">0</Value>
</Feature>
</Annotation>

<Annotation Id="3" Type="Token" StartNode="6" EndNode="12">
<Feature>
  <Name className="java.lang.String">string</Name>
  <Value className="java.lang.String">emarsh</Value>
</Feature>
</Annotation>
<Annotation Id="5" Type="Token" StartNode="13" EndNode="23">
<Feature>
  <Name className="java.lang.String">string</Name>
  <Value className="java.lang.String">hernes-sun</Value>
</Feature>
</Annotation>
<Annotation Id="36" Type="Token" StartNode="80" EndNode="92">
<Feature>
  <Name className="java.lang.String">string</Name>
  <Value className="java.lang.String">Organization</Value>
</Feature>
</Annotation>
<Annotation Id="46" Type="Token" StartNode="108" EndNode="116">
<Feature>
  <Name className="java.lang.String">string</Name>
  <Value className="java.lang.String">Message-</Value>
</Feature>
</Annotation>
<Annotation Id="55" Type="Token" StartNode="134" EndNode="140">
<Feature>
  <Name className="java.lang.String">string</Name>
  <Value className="java.lang.String">exodus</Value>
</Feature>
</Annotation>
<Annotation Id="53" Type="Token" StartNode="127" EndNode="133">
<Feature>
  <Name className="java.lang.String">string</Name>
  <Value className="java.lang.String">INNrjr</Value>
</Feature>
</Annotation>
<Annotation Id="64" Type="Token" StartNode="154" EndNode="164">
<Feature>
  <Name className="java.lang.String">string</Name>
  <Value className="java.lang.String">References</Value>
</Feature>
</Annotation>
<Annotation Id="76" Type="Token" StartNode="185" EndNode="193">
<Feature>
  <Name className="java.lang.String">string</Name>
  <Value className="java.lang.String">stanford</Value>
</Feature>
</Annotation>
<Annotation Id="74" Type="Token" StartNode="178" EndNode="184">
<Feature>
  <Name className="java.lang.String">string</Name>
  <Value className="java.lang.String">morrow</Value>
</Feature>
</Annotation>
<Annotation Id="90" Type="Token" StartNode="213" EndNode="219">
<Feature>
  <Name className="java.lang.String">string</Name>
  <Value className="java.lang.String">exodus</Value>
</Feature>
</Annotation>
<Annotation Id="100" Type="Token" StartNode="234" EndNode="240">
<Feature>
  <Name className="java.lang.String">string</Name>
  <Value className="java.lang.String">IfpMCx</Value>
</Feature>
</Annotation>
<Annotation Id="106" Type="Token" StartNode="253" EndNode="259">
<Feature>
  <Name className="java.lang.String">string</Name>
  <Value className="java.lang.String">andrew</Value>
</Feature>
</Annotation>
<Annotation Id="116" Type="Token" StartNode="288" EndNode="298">
<Feature>
  <Name className="java.lang.String">string</Name>
  <Value className="java.lang.String">hernes-sun</Value>
</Feature>
</Annotation>
<Annotation Id="113" Type="Token" StartNode="269" EndNode="286">
<Feature>
  <Name className="java.lang.String">string</Name>
  <Value className="java.lang.String">NNTP-Posting-Host</Value>
</Feature>
</Annotation>
<Annotation Id="124" Type="Token" StartNode="312" EndNode="318">
<Feature>
  <Name className="java.lang.String">string</Name>
  <Value className="java.lang.String">IfpMCx</Value>
</Feature>
</Annotation>
<Annotation Id="121" Type="Token" StartNode="303" EndNode="310">
<Feature>
  <Name className="java.lang.String">string</Name>
  <Value className="java.lang.String">article</Value>
</Feature>
</Annotation>
<Annotation Id="142" Type="Token" StartNode="353" EndNode="359">
<Feature>
  <Name className="java.lang.String">string</Name>
  <Value className="java.lang.String">andrew</Value>
</Feature>
</Annotation>
<Annotation Id="130" Type="Token" StartNode="331" EndNode="337">
<Feature>
  <Name className="java.lang.String">string</Name>
  <Value className="java.lang.String">andrew</Value>
</Feature>
</Annotation>
<Annotation Id="153" Type="Token" StartNode="379" EndNode="385">
<Feature>
  <Name className="java.lang.String">string</Name>
  <Value className="java.lang.String">Miller</Value>
</Feature>
</Annotation>
<Annotation Id="156" Type="Token" StartNode="387" EndNode="393">
<Feature>
  <Name className="java.lang.String">string</Name>
  <Value className="java.lang.String">writes</Value>
</Feature>
</Annotation>
<Annotation Id="162" Type="Token" StartNode="403" EndNode="413">
<Feature>
  <Name className="java.lang.String">string</Name>
  <Value className="java.lang.String">hernes-sun</Value>
</Feature>
</Annotation>
<Annotation Id="160" Type="Token" StartNode="396" EndNode="402">
<Feature>
  <Name className="java.lang.String">string</Name>
  <Value className="java.lang.String">emarsh</Value>
</Feature>
</Annotation>
<Annotation Id="187" Type="Token" StartNode="459" EndNode="467">
<Feature>
  <Name className="java.lang.String">string</Name>
  <Value className="java.lang.String">parallel</Value>
</Feature>
</Annotation>
<Annotation Id="191" Type="Token" StartNode="477" EndNode="485">
<Feature>
  <Name className="java.lang.String">string</Name>
  <Value className="java.lang.String">approach</Value>
</Feature>
</Annotation>
<Annotation Id="189" Type="Token" StartNode="468" EndNode="476">
<Feature>
  <Name className="java.lang.String">string</Name>
  <Value className="java.lang.String">universe</Value>
</Feature>
</Annotation>
<Annotation Id="176" Type="Token" StartNode="439" EndNode="445">
<Feature>
  <Name className="java.lang.String">string</Name>
  <Value className="java.lang.String">writes</Value>
</Feature>
</Annotation>
<Annotation Id="197" Type="Token" StartNode="496" EndNode="503">
<Feature>
  <Name className="java.lang.String">string</Name>
  <Value className="java.lang.String">element</Value>
</Feature>
</Annotation>
<Annotation Id="193" Type="Token" StartNode="486" EndNode="492">
<Feature>
  <Name className="java.lang.String">string</Name>
  <Value className="java.lang.String">implys</Value>
</Feature>
</Annotation>
<Annotation Id="220" Type="Token" StartNode="551" EndNode="559">
<Feature>
  <Name className="java.lang.String">string</Name>
  <Value className="java.lang.String">universe</Value>
</Feature>
</Annotation>
<Annotation Id="212" Type="Token" StartNode="527" EndNode="535">
<Feature>
  <Name className="java.lang.String">string</Name>
  <Value className="java.lang.String">physical</Value>
</Feature>
</Annotation>
<Annotation Id="214" Type="Token" StartNode="536" EndNode="543">
<Feature>
  <Name className="java.lang.String">string</Name>
  <Value className="java.lang.String">reality</Value>
</Feature>
</Annotation>
<Annotation Id="239" Type="Token" StartNode="600" EndNode="607">
<Feature>
  <Name className="java.lang.String">string</Name>
  <Value className="java.lang.String">exactly</Value>
</Feature>
</Annotation>
<Annotation Id="230" Type="Token" StartNode="576" EndNode="587">
<Feature>
  <Name className="java.lang.String">string</Name>
  <Value className="java.lang.String">interesting</Value>
</Feature>
</Annotation>
<Annotation Id="228" Type="Token" StartNode="569" EndNode="575">
<Feature>
  <Name className="java.lang.String">string</Name>
  <Value className="java.lang.String">sounds</Value>
</Feature>
</Annotation>
<Annotation Id="275" Type="Token" StartNode="672" EndNode="680">
<Feature>
  <Name className="java.lang.String">string</Name>
  <Value className="java.lang.String">Parallel</Value>
</Feature>
</Annotation>
<Annotation Id="277" Type="Token" StartNode="681" EndNode="690">
<Feature>
  <Name className="java.lang.String">string</Name>
  <Value className="java.lang.String">Universes</Value>
</Feature>
</Annotation>
<Annotation Id="308" Type="Token" StartNode="747" EndNode="761">
<Feature>
  <Name className="java.lang.String">string</Name>
  <Value className="java.lang.String">interpretation</Value>
</Feature>
</Annotation>
<Annotation Id="314" Type="Token" StartNode="769" EndNode="779">
<Feature>
  <Name className="java.lang.String">string</Name>
  <Value className="java.lang.String">sub-atomic</Value>
</Feature>
</Annotation>
<Annotation Id="316" Type="Token" StartNode="780" EndNode="788">
<Feature>
  <Name className="java.lang.String">string</Name>
  <Value className="java.lang.String">particle</Value>
</Feature>
</Annotation>
<Annotation Id="294" Type="Token" StartNode="715" EndNode="722">
<Feature>
  <Name className="java.lang.String">string</Name>
  <Value className="java.lang.String">essence</Value>
</Feature>
</Annotation>
<Annotation Id="340" Type="Token" StartNode="840" EndNode="848">
<Feature>
  <Name className="java.lang.String">string</Name>
  <Value className="java.lang.String">actually</Value>
</Feature>
</Annotation>
<Annotation Id="350" Type="Token" StartNode="871" EndNode="879">
<Feature>
  <Name className="java.lang.String">string</Name>
  <Value className="java.lang.String">parallel</Value>
</Feature>
</Annotation>
<Annotation Id="346" Type="Token" StartNode="861" EndNode="867">
<Feature>
  <Name className="java.lang.String">string</Name>
  <Value className="java.lang.String">number</Value>
</Feature>
</Annotation>
<Annotation Id="344" Type="Token" StartNode="852" EndNode="860">
<Feature>
  <Name className="java.lang.String">string</Name>
  <Value className="java.lang.String">infinate</Value>
</Feature>
</Annotation>
<Annotation Id="320" Type="Token" StartNode="794" EndNode="801">
<Feature>
  <Name className="java.lang.String">string</Name>
  <Value className="java.lang.String">duality</Value>
</Feature>
</Annotation>
<Annotation Id="330" Type="Token" StartNode="818" EndNode="826">
<Feature>
  <Name className="java.lang.String">string</Name>
  <Value className="java.lang.String">perceive</Value>
</Feature>
</Annotation>
<Annotation Id="375" Type="Token" StartNode="942" EndNode="950">
<Feature>
  <Name className="java.lang.String">string</Name>
  <Value className="java.lang.String">particle</Value>
</Feature>
</Annotation>
<Annotation Id="381" Type="Token" StartNode="956" EndNode="965">
<Feature>
  <Name className="java.lang.String">string</Name>
  <Value className="java.lang.String">different</Value>
</Feature>
</Annotation>
<Annotation Id="383" Type="Token" StartNode="966" EndNode="974">
<Feature>
  <Name className="java.lang.String">string</Name>
  <Value className="java.lang.String">location</Value>
</Feature>
</Annotation>
<Annotation Id="352" Type="Token" StartNode="880" EndNode="889">
<Feature>
  <Name className="java.lang.String">string</Name>
  <Value className="java.lang.String">universes</Value>
</Feature>
</Annotation>
<Annotation Id="354" Type="Token" StartNode="890" EndNode="898">
<Feature>
  <Name className="java.lang.String">string</Name>
  <Value className="java.lang.String">overlaid</Value>
</Feature>
</Annotation>
<Annotation Id="367" Type="Token" StartNode="921" EndNode="930">
<Feature>
  <Name className="java.lang.String">string</Name>
  <Value className="java.lang.String">universes</Value>
</Feature>
</Annotation>
<Annotation Id="411" Type="Token" StartNode="1033" EndNode="1041">
<Feature>
  <Name className="java.lang.String">string</Name>
  <Value className="java.lang.String">actually</Value>
</Feature>
</Annotation>
<Annotation Id="413" Type="Token" StartNode="1042" EndNode="1049">
<Feature>
  <Name className="java.lang.String">string</Name>
  <Value className="java.lang.String">causing</Value>
</Feature>
</Annotation>
<Annotation Id="403" Type="Token" StartNode="1017" EndNode="1023">
<Feature>
  <Name className="java.lang.String">string</Name>
  <Value className="java.lang.String">appear</Value>
</Feature>
</Annotation>
<Annotation Id="400" Type="Token" StartNode="1007" EndNode="1015">
<Feature>
  <Name className="java.lang.String">string</Name>
  <Value className="java.lang.String">particle</Value>
</Feature>
</Annotation>
<Annotation Id="392" Type="Token" StartNode="987" EndNode="996">
<Feature>
  <Name className="java.lang.String">string</Name>
  <Value className="java.lang.String">something</Value>
</Feature>
</Annotation>
<Annotation Id="444" Type="Token" StartNode="1130" EndNode="1137">
<Feature>
  <Name className="java.lang.String">string</Name>
  <Value className="java.lang.String">thought</Value>
</Feature>
</Annotation>
<Annotation Id="432" Type="Token" StartNode="1099" EndNode="1109">
<Feature>
  <Name className="java.lang.String">string</Name>
  <Value className="java.lang.String">Apparently</Value>
</Feature>
</Annotation>
<Annotation Id="425" Type="Token" StartNode="1080" EndNode="1088">
<Feature>
  <Name className="java.lang.String">string</Name>
  <Value className="java.lang.String">collapse</Value>
</Feature>
</Annotation>
<Annotation Id="419" Type="Token" StartNode="1058" EndNode="1066">
<Feature>
  <Name className="java.lang.String">string</Name>
  <Value className="java.lang.String">parallel</Value>
</Feature>
</Annotation>
<Annotation Id="421" Type="Token" StartNode="1067" EndNode="1076">
<Feature>
  <Name className="java.lang.String">string</Name>
  <Value className="java.lang.String">universes</Value>
</Feature>
</Annotation>
<Annotation Id="473" Type="Token" StartNode="1204" EndNode="1213">
<Feature>
  <Name className="java.lang.String">string</Name>
  <Value className="java.lang.String">community</Value>
</Feature>
</Annotation>
<Annotation Id="471" Type="Token" StartNode="1193" EndNode="1203">
<Feature>
  <Name className="java.lang.String">string</Name>
  <Value className="java.lang.String">scientific</Value>
</Feature>
</Annotation>
<Annotation Id="463" Type="Token" StartNode="1173" EndNode="1180">
<Feature>
  <Name className="java.lang.String">string</Name>
  <Value className="java.lang.String">through</Value>
</Feature>
</Annotation>
<Annotation Id="450" Type="Token" StartNode="1145" EndNode="1151">
<Feature>
  <Name className="java.lang.String">string</Name>
  <Value className="java.lang.String">nature</Value>
</Feature>
</Annotation>
<Annotation Id="508" Type="Token" StartNode="1292" EndNode="1298">
<Feature>
  <Name className="java.lang.String">string</Name>
  <Value className="java.lang.String">mental</Value>
</Feature>
</Annotation>
<Annotation Id="510" Type="Token" StartNode="1299" EndNode="1305">
<Feature>
  <Name className="java.lang.String">string</Name>
  <Value className="java.lang.String">effort</Value>
</Feature>
</Annotation>
<Annotation Id="502" Type="Token" StartNode="1278" EndNode="1284">
<Feature>
  <Name className="java.lang.String">string</Name>
  <Value className="java.lang.String">caused</Value>
</Feature>
</Annotation>
<Annotation Id="498" Type="Token" StartNode="1266" EndNode="1274">
<Feature>
  <Name className="java.lang.String">string</Name>
  <Value className="java.lang.String">collapse</Value>
</Feature>
</Annotation>
<Annotation Id="494" Type="Token" StartNode="1254" EndNode="1261">
<Feature>
  <Name className="java.lang.String">string</Name>
  <Value className="java.lang.String">somehow</Value>
</Feature>
</Annotation>
<Annotation Id="487" Type="Token" StartNode="1235" EndNode="1241">
<Feature>
  <Name className="java.lang.String">string</Name>
  <Value className="java.lang.String">others</Value>
</Feature>
</Annotation>
<Annotation Id="548" Type="Token" StartNode="1408" EndNode="1420">
<Feature>
  <Name className="java.lang.String">string</Name>
  <Value className="java.lang.String">extrapolates</Value>
</Feature>
</Annotation>
<Annotation Id="560" Type="Token" StartNode="1440" EndNode="1448">
<Feature>
  <Name className="java.lang.String">string</Name>
  <Value className="java.lang.String">integral</Value>
</Feature>
</Annotation>
<Annotation Id="575" Type="Token" StartNode="1484" EndNode="1497">
<Feature>
  <Name className="java.lang.String">string</Name>
  <Value className="java.lang.String">consciousness</Value>
</Feature>
</Annotation>
<Annotation Id="573" Type="Token" StartNode="1476" EndNode="1483">
<Feature>
  <Name className="java.lang.String">string</Name>
  <Value className="java.lang.String">perhaps</Value>
</Feature>
</Annotation>
<Annotation Id="568" Type="Token" StartNode="1461" EndNode="1469">
<Feature>
  <Name className="java.lang.String">string</Name>
  <Value className="java.lang.String">universe</Value>
</Feature>
</Annotation>
<Annotation Id="518" Type="Token" StartNode="1323" EndNode="1331">
<Feature>
  <Name className="java.lang.String">string</Name>
  <Value className="java.lang.String">particle</Value>
</Feature>
</Annotation>
<Annotation Id="514" Type="Token" StartNode="1309" EndNode="1318">
<Feature>
  <Name className="java.lang.String">string</Name>
  <Value className="java.lang.String">observing</Value>
</Feature>
</Annotation>
<Annotation Id="523" Type="Token" StartNode="1338" EndNode="1344">
<Feature>
  <Name className="java.lang.String">string</Name>
  <Value className="java.lang.String">implys</Value>
</Feature>
</Annotation>
<Annotation Id="535" Type="Token" StartNode="1368" EndNode="1374">
<Feature>
  <Name className="java.lang.String">string</Name>
  <Value className="java.lang.String">merely</Value>
</Feature>
</Annotation>
<Annotation Id="541" Type="Token" StartNode="1388" EndNode="1398">
<Feature>
  <Name className="java.lang.String">string</Name>
  <Value className="java.lang.String">phenomenon</Value>
</Feature>
</Annotation>
<Annotation Id="539" Type="Token" StartNode="1377" EndNode="1387">
<Feature>
  <Name className="java.lang.String">string</Name>
  <Value className="java.lang.String">biological</Value>
</Feature>
</Annotation>
<Annotation Id="619" Type="Token" StartNode="1594" EndNode="1605">
<Feature>
  <Name className="java.lang.String">string</Name>
  <Value className="java.lang.String">interesting</Value>
</Feature>
</Annotation>
<Annotation Id="617" Type="Token" StartNode="1587" EndNode="1593">
<Feature>
  <Name className="java.lang.String">string</Name>
  <Value className="java.lang.String">rather</Value>
</Feature>
</Annotation>
<Annotation Id="630" Type="Token" StartNode="1623" EndNode="1633">
<Feature>
  <Name className="java.lang.String">string</Name>
  <Value className="java.lang.String">facinating</Value>
</Feature>
</Annotation>
<Annotation Id="581" Type="Token" StartNode="1505" EndNode="1512">
<Feature>
  <Name className="java.lang.String">string</Name>
  <Value className="java.lang.String">element</Value>
</Feature>
</Annotation>
<Annotation Id="597" Type="Token" StartNode="1546" EndNode="1554">
<Feature>
  <Name className="java.lang.String">string</Name>
  <Value className="java.lang.String">universe</Value>
</Feature>
</Annotation>
<Annotation Id="604" Type="Token" StartNode="1561" EndNode="1569">
<Feature>
  <Name className="java.lang.String">string</Name>
  <Value className="java.lang.String">themself</Value>
</Feature>
</Annotation>
<Annotation Id="686" Type="Token" StartNode="1786" EndNode="1792">
<Feature>
  <Name className="java.lang.String">string</Name>
  <Value className="java.lang.String">caused</Value>
</Feature>
</Annotation>
<Annotation Id="676" Type="Token" StartNode="1755" EndNode="1768">
<Feature>
  <Name className="java.lang.String">string</Name>
  <Value className="java.lang.String">functionality</Value>
</Feature>
</Annotation>
<Annotation Id="674" Type="Token" StartNode="1746" EndNode="1754">
<Feature>
  <Name className="java.lang.String">string</Name>
  <Value className="java.lang.String">ordering</Value>
</Feature>
</Annotation>
<Annotation Id="698" Type="Token" StartNode="1815" EndNode="1821">
<Feature>
  <Name className="java.lang.String">string</Name>
  <Value className="java.lang.String">future</Value>
</Feature>
</Annotation>
<Annotation Id="692" Type="Token" StartNode="1800" EndNode="1809">
<Feature>
  <Name className="java.lang.String">string</Name>
  <Value className="java.lang.String">selection</Value>
</Feature>
</Annotation>
<Annotation Id="654" Type="Token" StartNode="1691" EndNode="1700">
<Feature>
  <Name className="java.lang.String">string</Name>
  <Value className="java.lang.String">practiced</Value>
</Feature>
</Annotation>
<Annotation Id="649" Type="Token" StartNode="1680" EndNode="1686">
<Feature>
  <Name className="java.lang.String">string</Name>
  <Value className="java.lang.String">magick</Value>
</Feature>
</Annotation>
<Annotation Id="644" Type="Token" StartNode="1665" EndNode="1675">
<Feature>
  <Name className="java.lang.String">string</Name>
  <Value className="java.lang.String">phenomenon</Value>
</Feature>
</Annotation>
<Annotation Id="640" Type="Token" StartNode="1653" EndNode="1660">
<Feature>
  <Name className="java.lang.String">string</Name>
  <Value className="java.lang.String">explain</Value>
</Feature>
</Annotation>
<Annotation Id="668" Type="Token" StartNode="1726" EndNode="1736">
<Feature>
  <Name className="java.lang.String">string</Name>
  <Value className="java.lang.String">speculates</Value>
</Feature>
</Annotation>
<Annotation Id="660" Type="Token" StartNode="1707" EndNode="1715">
<Feature>
  <Name className="java.lang.String">string</Name>
  <Value className="java.lang.String">religion</Value>
</Feature>
</Annotation>
<Annotation Id="750" Type="Token" StartNode="1964" EndNode="1970">
<Feature>
  <Name className="java.lang.String">string</Name>
  <Value className="java.lang.String">future</Value>
</Feature>
</Annotation>
<Annotation Id="748" Type="Token" StartNode="1955" EndNode="1963">
<Feature>
  <Name className="java.lang.String">string</Name>
  <Value className="java.lang.String">possible</Value>
</Feature>
</Annotation>
<Annotation Id="739" Type="Token" StartNode="1929" EndNode="1936">
<Feature>
  <Name className="java.lang.String">string</Name>
  <Value className="java.lang.String">between</Value>
</Feature>
</Annotation>
<Annotation Id="737" Type="Token" StartNode="1915" EndNode="1928">
<Feature>
  <Name className="java.lang.String">string</Name>
  <Value className="java.lang.String">communication</Value>
</Feature>
</Annotation>
<Annotation Id="743" Type="Token" StartNode="1942" EndNode="1949">
<Feature>
  <Name className="java.lang.String">string</Name>
  <Value className="java.lang.String">current</Value>
</Feature>
</Annotation>
<Annotation Id="762" Type="Token" StartNode="1992" EndNode="2002">
<Feature>
  <Name className="java.lang.String">string</Name>
  <Value className="java.lang.String">speculated</Value>
</Feature>
</Annotation>
<Annotation Id="752" Type="Token" StartNode="1971" EndNode="1977">
<Feature>
  <Name className="java.lang.String">string</Name>
  <Value className="java.lang.String">selves</Value>
</Feature>
</Annotation>
<Annotation Id="712" Type="Token" StartNode="1858" EndNode="1865">
<Feature>
  <Name className="java.lang.String">string</Name>
  <Value className="java.lang.String">futures</Value>
</Feature>
</Annotation>
<Annotation Id="704" Type="Token" StartNode="1830" EndNode="1838">
<Feature>
  <Name className="java.lang.String">string</Name>
  <Value className="java.lang.String">infinite</Value>
</Feature>
</Annotation>
<Annotation Id="706" Type="Token" StartNode="1839" EndNode="1845">
<Feature>
  <Name className="java.lang.String">string</Name>
  <Value className="java.lang.String">number</Value>
</Feature>
</Annotation>
<Annotation Id="710" Type="Token" StartNode="1849" EndNode="1857">
<Feature>
  <Name className="java.lang.String">string</Name>
  <Value className="java.lang.String">possible</Value>
</Feature>
</Annotation>
<Annotation Id="820" Type="Token" StartNode="2140" EndNode="2147">
<Feature>
  <Name className="java.lang.String">string</Name>
  <Value className="java.lang.String">futures</Value>
</Feature>
</Annotation>
<Annotation Id="818" Type="Token" StartNode="2131" EndNode="2139">
<Feature>
  <Name className="java.lang.String">string</Name>
  <Value className="java.lang.String">possible</Value>
</Feature>
</Annotation>
<Annotation Id="826" Type="Token" StartNode="2152" EndNode="2159">
<Feature>
  <Name className="java.lang.String">string</Name>
  <Value className="java.lang.String">realize</Value>
</Feature>
</Annotation>
<Annotation Id="808" Type="Token" StartNode="2106" EndNode="2115">
<Feature>
  <Name className="java.lang.String">string</Name>
  <Value className="java.lang.String">selection</Value>
</Feature>
</Annotation>
<Annotation Id="788" Type="Token" StartNode="2061" EndNode="2068">
<Feature>
  <Name className="java.lang.String">string</Name>
  <Value className="java.lang.String">perhaps</Value>
</Feature>
</Annotation>
<Annotation Id="784" Type="Token" StartNode="2047" EndNode="2055">
<Feature>
  <Name className="java.lang.String">string</Name>
  <Value className="java.lang.String">delusion</Value>
</Feature>
</Annotation>
<Annotation Id="796" Type="Token" StartNode="2081" EndNode="2087">
<Feature>
  <Name className="java.lang.String">string</Name>
  <Value className="java.lang.String">caused</Value>
</Feature>
</Annotation>
<Annotation Id="774" Type="Token" StartNode="2025" EndNode="2031">
<Feature>
  <Name className="java.lang.String">string</Name>
  <Value className="java.lang.String">merely</Value>
</Feature>
</Annotation>
<Annotation Id="768" Type="Token" StartNode="2011" EndNode="2017">
<Feature>
  <Name className="java.lang.String">string</Name>
  <Value className="java.lang.String">magick</Value>
</Feature>
</Annotation>
<Annotation Id="895" Type="Token" StartNode="2327" EndNode="2336">
<Feature>
  <Name className="java.lang.String">string</Name>
  <Value className="java.lang.String">ourselves</Value>
</Feature>
</Annotation>
<Annotation Id="874" Type="Token" StartNode="2265" EndNode="2272">
<Feature>
  <Name className="java.lang.String">string</Name>
  <Value className="java.lang.String">another</Value>
</Feature>
</Annotation>
<Annotation Id="876" Type="Token" StartNode="2273" EndNode="2282">
<Feature>
  <Name className="java.lang.String">string</Name>
  <Value className="java.lang.String">possibile</Value>
</Feature>
</Annotation>
<Annotation Id="879" Type="Token" StartNode="2284" EndNode="2296">
<Feature>
  <Name className="java.lang.String">string</Name>
  <Value className="java.lang.String">explaination</Value>
</Feature>
</Annotation>
<Annotation Id="834" Type="Token" StartNode="2175" EndNode="2181">
<Feature>
  <Name className="java.lang.String">string</Name>
  <Value className="java.lang.String">pretty</Value>
</Feature>
</Annotation>
<Annotation Id="836" Type="Token" StartNode="2182" EndNode="2189">
<Feature>
  <Name className="java.lang.String">string</Name>
  <Value className="java.lang.String">bizarre</Value>
</Feature>
</Annotation>
<Annotation Id="946" Type="Token" StartNode="2446" EndNode="2453">
<Feature>
  <Name className="java.lang.String">string</Name>
  <Value className="java.lang.String">strange</Value>
</Feature>
</Annotation>
<Annotation Id="915" Type="Token" StartNode="2377" EndNode="2385">
<Feature>
  <Name className="java.lang.String">string</Name>
  <Value className="java.lang.String">universe</Value>
</Feature>
</Annotation>
</AnnotationSet>
<AnnotationSet Name="Original markups"> </AnnotationSet>
</GateDocument>