<?xml version='1.0' encoding='UTF-8'?>
<GateDocument version="3">
<!-- The document's features-->

<GateDocumentFeatures>
<Feature>
  <Name className="java.lang.String">Original_document_content_on_load</Name>
  <Value className="java.lang.String"><![CDATA[From: arf@genesis.MCS.COM (Jack Schmidling)
Message-ID: <1pqfbd$e6b@genesis.MCS.COM>
Date: 5 Apr 93 13:28:45 GMT
Article-I.D.: genesis.1pqfbd$e6b
References: <1otv64$97p@genesis.MCS.COM> <1993Apr1.164804.1105@Rapnet.Sanders.Lockheed.Com> <1pklht$krf@genesis.MCS.COM> <1pprtvINNctl@aludra.usc.edu>
Organization: MCSNet Contributor, Chicago, IL
Lines: 23
NNTP-Posting-Host: localhost.mcs.com

In article <1pprtvINNctl@aludra.usc.edu> sgoldste@aludra.usc.edu (Fogbound Child) writes:
>arf@genesis.MCS.COM (Jack Schmidling) writes:
>
>>In article <1993Apr1.164804.1105@Rapnet.Sanders.Lockheed.Com> babb@k2 (Scott Babb) writes:
>>>Jack Schmidling (arf@genesis.MCS.COM) wrote:
>>>: jac2y@Virginia.EDU (Jonathan A. Cook <jac2y>) writes:
>>>: : 
>
>[...]
>
>>>Why do you restrict your condemnation of racial strife to Israel?
>>>Do the situations in Bosnia, Tibet, China, etc. not merit your comment?
>
>>As far as I am aware, we have not sent close to $100 billion dollars to
>						  ^^^
>				Let's not exaggerate.


I notice you did not offer an alternative number.  Try this one on for
size..... by the year 2000, American taxpayers will have given Israel
one dollar for every star in the Milky Way Galaxy.

I will let you look up the number.
]]></Value>
</Feature>
<Feature>
  <Name className="java.lang.String">gate.SourceURL</Name>
  <Value className="java.lang.String">file:/C:/Users/jian/Documents/NetBeansProjects/NoiseReductionTechniques/mideastPoliticsMix/negative4</Value>
</Feature>
</GateDocumentFeatures>
<!-- The document content area with serialized nodes -->

<TextWithNodes><Node id="0"/>From<Node id="4"/>:<Node id="5"/> <Node id="6"/>arf<Node id="9"/>@<Node id="10"/>genesis<Node id="17"/>.<Node id="18"/>MCS<Node id="21"/>.<Node id="22"/>COM<Node id="25"/> <Node id="26"/>(<Node id="27"/>Jack<Node id="31"/> <Node id="32"/>Schmidling<Node id="42"/>)<Node id="43"/>
<Node id="44"/>Message-<Node id="52"/>ID<Node id="54"/>:<Node id="55"/> <Node id="56"/>&lt;<Node id="57"/>1<Node id="58"/>pqfbd<Node id="63"/>$<Node id="64"/>e<Node id="65"/>6<Node id="66"/>b<Node id="67"/>@<Node id="68"/>genesis<Node id="75"/>.<Node id="76"/>MCS<Node id="79"/>.<Node id="80"/>COM<Node id="83"/>&gt;<Node id="84"/>
<Node id="85"/>Date<Node id="89"/>:<Node id="90"/> <Node id="91"/>5<Node id="92"/> <Node id="93"/>Apr<Node id="96"/> <Node id="97"/>93<Node id="99"/> <Node id="100"/>13<Node id="102"/>:<Node id="103"/>28<Node id="105"/>:<Node id="106"/>45<Node id="108"/> <Node id="109"/>GMT<Node id="112"/>
<Node id="113"/>Article-<Node id="121"/>I<Node id="122"/>.<Node id="123"/>D<Node id="124"/>.<Node id="125"/>:<Node id="126"/> <Node id="127"/>genesis<Node id="134"/>.<Node id="135"/>1<Node id="136"/>pqfbd<Node id="141"/>$<Node id="142"/>e<Node id="143"/>6<Node id="144"/>b<Node id="145"/>
<Node id="146"/>References<Node id="156"/>:<Node id="157"/> <Node id="158"/>&lt;<Node id="159"/>1<Node id="160"/>otv<Node id="163"/>64<Node id="165"/>$<Node id="166"/>97<Node id="168"/>p<Node id="169"/>@<Node id="170"/>genesis<Node id="177"/>.<Node id="178"/>MCS<Node id="181"/>.<Node id="182"/>COM<Node id="185"/>&gt;<Node id="186"/> <Node id="187"/>&lt;<Node id="188"/>1993<Node id="192"/>Apr<Node id="195"/>1<Node id="196"/>.<Node id="197"/>164804<Node id="203"/>.<Node id="204"/>1105<Node id="208"/>@<Node id="209"/>Rapnet<Node id="215"/>.<Node id="216"/>Sanders<Node id="223"/>.<Node id="224"/>Lockheed<Node id="232"/>.<Node id="233"/>Com<Node id="236"/>&gt;<Node id="237"/> <Node id="238"/>&lt;<Node id="239"/>1<Node id="240"/>pklht<Node id="245"/>$<Node id="246"/>krf<Node id="249"/>@<Node id="250"/>genesis<Node id="257"/>.<Node id="258"/>MCS<Node id="261"/>.<Node id="262"/>COM<Node id="265"/>&gt;<Node id="266"/> <Node id="267"/>&lt;<Node id="268"/>1<Node id="269"/>pprtvINNctl<Node id="280"/>@<Node id="281"/>aludra<Node id="287"/>.<Node id="288"/>usc<Node id="291"/>.<Node id="292"/>edu<Node id="295"/>&gt;<Node id="296"/>
<Node id="297"/>Organization<Node id="309"/>:<Node id="310"/> <Node id="311"/>MCSNet<Node id="317"/> <Node id="318"/>Contributor<Node id="329"/>,<Node id="330"/> <Node id="331"/>Chicago<Node id="338"/>,<Node id="339"/> <Node id="340"/>IL<Node id="342"/>
<Node id="343"/>Lines<Node id="348"/>:<Node id="349"/> <Node id="350"/>23<Node id="352"/>
<Node id="353"/>NNTP-Posting-Host<Node id="370"/>:<Node id="371"/> <Node id="372"/>localhost<Node id="381"/>.<Node id="382"/>mcs<Node id="385"/>.<Node id="386"/>com<Node id="389"/>
<Node id="390"/>
<Node id="391"/>In<Node id="393"/> <Node id="394"/>article<Node id="401"/> <Node id="402"/>&lt;<Node id="403"/>1<Node id="404"/>pprtvINNctl<Node id="415"/>@<Node id="416"/>aludra<Node id="422"/>.<Node id="423"/>usc<Node id="426"/>.<Node id="427"/>edu<Node id="430"/>&gt;<Node id="431"/> <Node id="432"/>sgoldste<Node id="440"/>@<Node id="441"/>aludra<Node id="447"/>.<Node id="448"/>usc<Node id="451"/>.<Node id="452"/>edu<Node id="455"/> <Node id="456"/>(<Node id="457"/>Fogbound<Node id="465"/> <Node id="466"/>Child<Node id="471"/>)<Node id="472"/> <Node id="473"/>writes<Node id="479"/>:<Node id="480"/>
<Node id="481"/>&gt;<Node id="482"/>arf<Node id="485"/>@<Node id="486"/>genesis<Node id="493"/>.<Node id="494"/>MCS<Node id="497"/>.<Node id="498"/>COM<Node id="501"/> <Node id="502"/>(<Node id="503"/>Jack<Node id="507"/> <Node id="508"/>Schmidling<Node id="518"/>)<Node id="519"/> <Node id="520"/>writes<Node id="526"/>:<Node id="527"/>
<Node id="528"/>&gt;<Node id="529"/>
<Node id="530"/>&gt;<Node id="531"/>&gt;<Node id="532"/>In<Node id="534"/> <Node id="535"/>article<Node id="542"/> <Node id="543"/>&lt;<Node id="544"/>1993<Node id="548"/>Apr<Node id="551"/>1<Node id="552"/>.<Node id="553"/>164804<Node id="559"/>.<Node id="560"/>1105<Node id="564"/>@<Node id="565"/>Rapnet<Node id="571"/>.<Node id="572"/>Sanders<Node id="579"/>.<Node id="580"/>Lockheed<Node id="588"/>.<Node id="589"/>Com<Node id="592"/>&gt;<Node id="593"/> <Node id="594"/>babb<Node id="598"/>@<Node id="599"/>k<Node id="600"/>2<Node id="601"/> <Node id="602"/>(<Node id="603"/>Scott<Node id="608"/> <Node id="609"/>Babb<Node id="613"/>)<Node id="614"/> <Node id="615"/>writes<Node id="621"/>:<Node id="622"/>
<Node id="623"/>&gt;<Node id="624"/>&gt;<Node id="625"/>&gt;<Node id="626"/>Jack<Node id="630"/> <Node id="631"/>Schmidling<Node id="641"/> <Node id="642"/>(<Node id="643"/>arf<Node id="646"/>@<Node id="647"/>genesis<Node id="654"/>.<Node id="655"/>MCS<Node id="658"/>.<Node id="659"/>COM<Node id="662"/>)<Node id="663"/> <Node id="664"/>wrote<Node id="669"/>:<Node id="670"/>
<Node id="671"/>&gt;<Node id="672"/>&gt;<Node id="673"/>&gt;<Node id="674"/>:<Node id="675"/> <Node id="676"/>jac<Node id="679"/>2<Node id="680"/>y<Node id="681"/>@<Node id="682"/>Virginia<Node id="690"/>.<Node id="691"/>EDU<Node id="694"/> <Node id="695"/>(<Node id="696"/>Jonathan<Node id="704"/> <Node id="705"/>A<Node id="706"/>.<Node id="707"/> <Node id="708"/>Cook<Node id="712"/> <Node id="713"/>&lt;<Node id="714"/>jac<Node id="717"/>2<Node id="718"/>y<Node id="719"/>&gt;<Node id="720"/>)<Node id="721"/> <Node id="722"/>writes<Node id="728"/>:<Node id="729"/>
<Node id="730"/>&gt;<Node id="731"/>&gt;<Node id="732"/>&gt;<Node id="733"/>:<Node id="734"/> <Node id="735"/>:<Node id="736"/> <Node id="737"/>
<Node id="738"/>&gt;<Node id="739"/>
<Node id="740"/>&gt;<Node id="741"/>[<Node id="742"/>.<Node id="743"/>.<Node id="744"/>.<Node id="745"/>]<Node id="746"/>
<Node id="747"/>&gt;<Node id="748"/>
<Node id="749"/>&gt;<Node id="750"/>&gt;<Node id="751"/>&gt;<Node id="752"/>Why<Node id="755"/> <Node id="756"/>do<Node id="758"/> <Node id="759"/>you<Node id="762"/> <Node id="763"/>restrict<Node id="771"/> <Node id="772"/>your<Node id="776"/> <Node id="777"/>condemnation<Node id="789"/> <Node id="790"/>of<Node id="792"/> <Node id="793"/>racial<Node id="799"/> <Node id="800"/>strife<Node id="806"/> <Node id="807"/>to<Node id="809"/> <Node id="810"/>Israel<Node id="816"/>?<Node id="817"/>
<Node id="818"/>&gt;<Node id="819"/>&gt;<Node id="820"/>&gt;<Node id="821"/>Do<Node id="823"/> <Node id="824"/>the<Node id="827"/> <Node id="828"/>situations<Node id="838"/> <Node id="839"/>in<Node id="841"/> <Node id="842"/>Bosnia<Node id="848"/>,<Node id="849"/> <Node id="850"/>Tibet<Node id="855"/>,<Node id="856"/> <Node id="857"/>China<Node id="862"/>,<Node id="863"/> <Node id="864"/>etc<Node id="867"/>.<Node id="868"/> <Node id="869"/>not<Node id="872"/> <Node id="873"/>merit<Node id="878"/> <Node id="879"/>your<Node id="883"/> <Node id="884"/>comment<Node id="891"/>?<Node id="892"/>
<Node id="893"/>&gt;<Node id="894"/>
<Node id="895"/>&gt;<Node id="896"/>&gt;<Node id="897"/>As<Node id="899"/> <Node id="900"/>far<Node id="903"/> <Node id="904"/>as<Node id="906"/> <Node id="907"/>I<Node id="908"/> <Node id="909"/>am<Node id="911"/> <Node id="912"/>aware<Node id="917"/>,<Node id="918"/> <Node id="919"/>we<Node id="921"/> <Node id="922"/>have<Node id="926"/> <Node id="927"/>not<Node id="930"/> <Node id="931"/>sent<Node id="935"/> <Node id="936"/>close<Node id="941"/> <Node id="942"/>to<Node id="944"/> <Node id="945"/>$<Node id="946"/>100<Node id="949"/> <Node id="950"/>billion<Node id="957"/> <Node id="958"/>dollars<Node id="965"/> <Node id="966"/>to<Node id="968"/>
<Node id="969"/>&gt;<Node id="970"/>	<Node id="971"/>	<Node id="972"/>	<Node id="973"/>	<Node id="974"/>	<Node id="975"/>	<Node id="976"/> <Node id="977"/> <Node id="978"/>^<Node id="979"/>^<Node id="980"/>^<Node id="981"/>
<Node id="982"/>&gt;<Node id="983"/>	<Node id="984"/>	<Node id="985"/>	<Node id="986"/>	<Node id="987"/>Let<Node id="990"/>'s<Node id="992"/> <Node id="993"/>not<Node id="996"/> <Node id="997"/>exaggerate<Node id="1007"/>.<Node id="1008"/>
<Node id="1009"/>
<Node id="1010"/>
<Node id="1011"/>I<Node id="1012"/> <Node id="1013"/>notice<Node id="1019"/> <Node id="1020"/>you<Node id="1023"/> <Node id="1024"/>did<Node id="1027"/> <Node id="1028"/>not<Node id="1031"/> <Node id="1032"/>offer<Node id="1037"/> <Node id="1038"/>an<Node id="1040"/> <Node id="1041"/>alternative<Node id="1052"/> <Node id="1053"/>number<Node id="1059"/>.<Node id="1060"/> <Node id="1061"/> <Node id="1062"/>Try<Node id="1065"/> <Node id="1066"/>this<Node id="1070"/> <Node id="1071"/>one<Node id="1074"/> <Node id="1075"/>on<Node id="1077"/> <Node id="1078"/>for<Node id="1081"/>
<Node id="1082"/>size<Node id="1086"/>.<Node id="1087"/>.<Node id="1088"/>.<Node id="1089"/>.<Node id="1090"/>.<Node id="1091"/> <Node id="1092"/>by<Node id="1094"/> <Node id="1095"/>the<Node id="1098"/> <Node id="1099"/>year<Node id="1103"/> <Node id="1104"/>2000<Node id="1108"/>,<Node id="1109"/> <Node id="1110"/>American<Node id="1118"/> <Node id="1119"/>taxpayers<Node id="1128"/> <Node id="1129"/>will<Node id="1133"/> <Node id="1134"/>have<Node id="1138"/> <Node id="1139"/>given<Node id="1144"/> <Node id="1145"/>Israel<Node id="1151"/>
<Node id="1152"/>one<Node id="1155"/> <Node id="1156"/>dollar<Node id="1162"/> <Node id="1163"/>for<Node id="1166"/> <Node id="1167"/>every<Node id="1172"/> <Node id="1173"/>star<Node id="1177"/> <Node id="1178"/>in<Node id="1180"/> <Node id="1181"/>the<Node id="1184"/> <Node id="1185"/>Milky<Node id="1190"/> <Node id="1191"/>Way<Node id="1194"/> <Node id="1195"/>Galaxy<Node id="1201"/>.<Node id="1202"/>
<Node id="1203"/>
<Node id="1204"/>I<Node id="1205"/> <Node id="1206"/>will<Node id="1210"/> <Node id="1211"/>let<Node id="1214"/> <Node id="1215"/>you<Node id="1218"/> <Node id="1219"/>look<Node id="1223"/> <Node id="1224"/>up<Node id="1226"/> <Node id="1227"/>the<Node id="1230"/> <Node id="1231"/>number<Node id="1237"/>.<Node id="1238"/>
<Node id="1239"/></TextWithNodes>
<!-- The default annotation set -->

<AnnotationSet>
<Annotation EndNode="1239" StartNode="0" Type="Mention" Id="9999999">
<Feature>
<Name classname="java.lang.String">Class</Name>
<Value classname="java.lang.String">0</Value>
</Feature>
</Annotation>

<Annotation Id="5" Type="Token" StartNode="10" EndNode="17">
<Feature>
  <Name className="java.lang.String">string</Name>
  <Value className="java.lang.String">genesis</Value>
</Feature>
</Annotation>
<Annotation Id="14" Type="Token" StartNode="32" EndNode="42">
<Feature>
  <Name className="java.lang.String">string</Name>
  <Value className="java.lang.String">Schmidling</Value>
</Feature>
</Annotation>
<Annotation Id="17" Type="Token" StartNode="44" EndNode="52">
<Feature>
  <Name className="java.lang.String">string</Name>
  <Value className="java.lang.String">Message-</Value>
</Feature>
</Annotation>
<Annotation Id="29" Type="Token" StartNode="68" EndNode="75">
<Feature>
  <Name className="java.lang.String">string</Name>
  <Value className="java.lang.String">genesis</Value>
</Feature>
</Annotation>
<Annotation Id="53" Type="Token" StartNode="113" EndNode="121">
<Feature>
  <Name className="java.lang.String">string</Name>
  <Value className="java.lang.String">Article-</Value>
</Feature>
</Annotation>
<Annotation Id="60" Type="Token" StartNode="127" EndNode="134">
<Feature>
  <Name className="java.lang.String">string</Name>
  <Value className="java.lang.String">genesis</Value>
</Feature>
</Annotation>
<Annotation Id="69" Type="Token" StartNode="146" EndNode="156">
<Feature>
  <Name className="java.lang.String">string</Name>
  <Value className="java.lang.String">References</Value>
</Feature>
</Annotation>
<Annotation Id="80" Type="Token" StartNode="170" EndNode="177">
<Feature>
  <Name className="java.lang.String">string</Name>
  <Value className="java.lang.String">genesis</Value>
</Feature>
</Annotation>
<Annotation Id="92" Type="Token" StartNode="197" EndNode="203">
</Annotation>
<Annotation Id="100" Type="Token" StartNode="224" EndNode="232">
<Feature>
  <Name className="java.lang.String">string</Name>
  <Value className="java.lang.String">Lockheed</Value>
</Feature>
</Annotation>
<Annotation Id="98" Type="Token" StartNode="216" EndNode="223">
<Feature>
  <Name className="java.lang.String">string</Name>
  <Value className="java.lang.String">Sanders</Value>
</Feature>
</Annotation>
<Annotation Id="96" Type="Token" StartNode="209" EndNode="215">
<Feature>
  <Name className="java.lang.String">string</Name>
  <Value className="java.lang.String">Rapnet</Value>
</Feature>
</Annotation>
<Annotation Id="111" Type="Token" StartNode="250" EndNode="257">
<Feature>
  <Name className="java.lang.String">string</Name>
  <Value className="java.lang.String">genesis</Value>
</Feature>
</Annotation>
<Annotation Id="122" Type="Token" StartNode="281" EndNode="287">
<Feature>
  <Name className="java.lang.String">string</Name>
  <Value className="java.lang.String">aludra</Value>
</Feature>
</Annotation>
<Annotation Id="120" Type="Token" StartNode="269" EndNode="280">
<Feature>
  <Name className="java.lang.String">string</Name>
  <Value className="java.lang.String">pprtvINNctl</Value>
</Feature>
</Annotation>
<Annotation Id="137" Type="Token" StartNode="331" EndNode="338">
<Feature>
  <Name className="java.lang.String">string</Name>
  <Value className="java.lang.String">Chicago</Value>
</Feature>
</Annotation>
<Annotation Id="129" Type="Token" StartNode="297" EndNode="309">
<Feature>
  <Name className="java.lang.String">string</Name>
  <Value className="java.lang.String">Organization</Value>
</Feature>
</Annotation>
<Annotation Id="132" Type="Token" StartNode="311" EndNode="317">
<Feature>
  <Name className="java.lang.String">string</Name>
  <Value className="java.lang.String">MCSNet</Value>
</Feature>
</Annotation>
<Annotation Id="134" Type="Token" StartNode="318" EndNode="329">
<Feature>
  <Name className="java.lang.String">string</Name>
  <Value className="java.lang.String">Contributor</Value>
</Feature>
</Annotation>
<Annotation Id="159" Type="Token" StartNode="394" EndNode="401">
<Feature>
  <Name className="java.lang.String">string</Name>
  <Value className="java.lang.String">article</Value>
</Feature>
</Annotation>
<Annotation Id="147" Type="Token" StartNode="353" EndNode="370">
<Feature>
  <Name className="java.lang.String">string</Name>
  <Value className="java.lang.String">NNTP-Posting-Host</Value>
</Feature>
</Annotation>
<Annotation Id="150" Type="Token" StartNode="372" EndNode="381">
<Feature>
  <Name className="java.lang.String">string</Name>
  <Value className="java.lang.String">localhost</Value>
</Feature>
</Annotation>
<Annotation Id="174" Type="Token" StartNode="441" EndNode="447">
<Feature>
  <Name className="java.lang.String">string</Name>
  <Value className="java.lang.String">aludra</Value>
</Feature>
</Annotation>
<Annotation Id="172" Type="Token" StartNode="432" EndNode="440">
<Feature>
  <Name className="java.lang.String">string</Name>
  <Value className="java.lang.String">sgoldste</Value>
</Feature>
</Annotation>
<Annotation Id="163" Type="Token" StartNode="404" EndNode="415">
<Feature>
  <Name className="java.lang.String">string</Name>
  <Value className="java.lang.String">pprtvINNctl</Value>
</Feature>
</Annotation>
<Annotation Id="165" Type="Token" StartNode="416" EndNode="422">
<Feature>
  <Name className="java.lang.String">string</Name>
  <Value className="java.lang.String">aludra</Value>
</Feature>
</Annotation>
<Annotation Id="186" Type="Token" StartNode="473" EndNode="479">
<Feature>
  <Name className="java.lang.String">string</Name>
  <Value className="java.lang.String">writes</Value>
</Feature>
</Annotation>
<Annotation Id="181" Type="Token" StartNode="457" EndNode="465">
<Feature>
  <Name className="java.lang.String">string</Name>
  <Value className="java.lang.String">Fogbound</Value>
</Feature>
</Annotation>
<Annotation Id="204" Type="Token" StartNode="520" EndNode="526">
<Feature>
  <Name className="java.lang.String">string</Name>
  <Value className="java.lang.String">writes</Value>
</Feature>
</Annotation>
<Annotation Id="201" Type="Token" StartNode="508" EndNode="518">
<Feature>
  <Name className="java.lang.String">string</Name>
  <Value className="java.lang.String">Schmidling</Value>
</Feature>
</Annotation>
<Annotation Id="192" Type="Token" StartNode="486" EndNode="493">
<Feature>
  <Name className="java.lang.String">string</Name>
  <Value className="java.lang.String">genesis</Value>
</Feature>
</Annotation>
<Annotation Id="220" Type="Token" StartNode="553" EndNode="559">
</Annotation>
<Annotation Id="213" Type="Token" StartNode="535" EndNode="542">
<Feature>
  <Name className="java.lang.String">string</Name>
  <Value className="java.lang.String">article</Value>
</Feature>
</Annotation>
<Annotation Id="228" Type="Token" StartNode="580" EndNode="588">
<Feature>
  <Name className="java.lang.String">string</Name>
  <Value className="java.lang.String">Lockheed</Value>
</Feature>
</Annotation>
<Annotation Id="226" Type="Token" StartNode="572" EndNode="579">
<Feature>
  <Name className="java.lang.String">string</Name>
  <Value className="java.lang.String">Sanders</Value>
</Feature>
</Annotation>
<Annotation Id="224" Type="Token" StartNode="565" EndNode="571">
<Feature>
  <Name className="java.lang.String">string</Name>
  <Value className="java.lang.String">Rapnet</Value>
</Feature>
</Annotation>
<Annotation Id="252" Type="Token" StartNode="631" EndNode="641">
<Feature>
  <Name className="java.lang.String">string</Name>
  <Value className="java.lang.String">Schmidling</Value>
</Feature>
</Annotation>
<Annotation Id="244" Type="Token" StartNode="615" EndNode="621">
<Feature>
  <Name className="java.lang.String">string</Name>
  <Value className="java.lang.String">writes</Value>
</Feature>
</Annotation>
<Annotation Id="276" Type="Token" StartNode="682" EndNode="690">
<Feature>
  <Name className="java.lang.String">string</Name>
  <Value className="java.lang.String">Virginia</Value>
</Feature>
</Annotation>
<Annotation Id="281" Type="Token" StartNode="696" EndNode="704">
<Feature>
  <Name className="java.lang.String">string</Name>
  <Value className="java.lang.String">Jonathan</Value>
</Feature>
</Annotation>
<Annotation Id="257" Type="Token" StartNode="647" EndNode="654">
<Feature>
  <Name className="java.lang.String">string</Name>
  <Value className="java.lang.String">genesis</Value>
</Feature>
</Annotation>
<Annotation Id="295" Type="Token" StartNode="722" EndNode="728">
<Feature>
  <Name className="java.lang.String">string</Name>
  <Value className="java.lang.String">writes</Value>
</Feature>
</Annotation>
<Annotation Id="340" Type="Token" StartNode="810" EndNode="816">
<Feature>
  <Name className="java.lang.String">string</Name>
  <Value className="java.lang.String">Israel</Value>
</Feature>
</Annotation>
<Annotation Id="336" Type="Token" StartNode="800" EndNode="806">
<Feature>
  <Name className="java.lang.String">string</Name>
  <Value className="java.lang.String">strife</Value>
</Feature>
</Annotation>
<Annotation Id="350" Type="Token" StartNode="828" EndNode="838">
<Feature>
  <Name className="java.lang.String">string</Name>
  <Value className="java.lang.String">situations</Value>
</Feature>
</Annotation>
<Annotation Id="326" Type="Token" StartNode="763" EndNode="771">
<Feature>
  <Name className="java.lang.String">string</Name>
  <Value className="java.lang.String">restrict</Value>
</Feature>
</Annotation>
<Annotation Id="334" Type="Token" StartNode="793" EndNode="799">
<Feature>
  <Name className="java.lang.String">string</Name>
  <Value className="java.lang.String">racial</Value>
</Feature>
</Annotation>
<Annotation Id="330" Type="Token" StartNode="777" EndNode="789">
<Feature>
  <Name className="java.lang.String">string</Name>
  <Value className="java.lang.String">condemnation</Value>
</Feature>
</Annotation>
<Annotation Id="372" Type="Token" StartNode="884" EndNode="891">
<Feature>
  <Name className="java.lang.String">string</Name>
  <Value className="java.lang.String">comment</Value>
</Feature>
</Annotation>
<Annotation Id="354" Type="Token" StartNode="842" EndNode="848">
<Feature>
  <Name className="java.lang.String">string</Name>
  <Value className="java.lang.String">Bosnia</Value>
</Feature>
</Annotation>
<Annotation Id="409" Type="Token" StartNode="958" EndNode="965">
<Feature>
  <Name className="java.lang.String">string</Name>
  <Value className="java.lang.String">dollars</Value>
</Feature>
</Annotation>
<Annotation Id="407" Type="Token" StartNode="950" EndNode="957">
<Feature>
  <Name className="java.lang.String">string</Name>
  <Value className="java.lang.String">billion</Value>
</Feature>
</Annotation>
<Annotation Id="444" Type="Token" StartNode="1013" EndNode="1019">
<Feature>
  <Name className="java.lang.String">string</Name>
  <Value className="java.lang.String">notice</Value>
</Feature>
</Annotation>
<Annotation Id="437" Type="Token" StartNode="997" EndNode="1007">
<Feature>
  <Name className="java.lang.String">string</Name>
  <Value className="java.lang.String">exaggerate</Value>
</Feature>
</Annotation>
<Annotation Id="458" Type="Token" StartNode="1053" EndNode="1059">
<Feature>
  <Name className="java.lang.String">string</Name>
  <Value className="java.lang.String">number</Value>
</Feature>
</Annotation>
<Annotation Id="456" Type="Token" StartNode="1041" EndNode="1052">
<Feature>
  <Name className="java.lang.String">string</Name>
  <Value className="java.lang.String">alternative</Value>
</Feature>
</Annotation>
<Annotation Id="502" Type="Token" StartNode="1156" EndNode="1162">
<Feature>
  <Name className="java.lang.String">string</Name>
  <Value className="java.lang.String">dollar</Value>
</Feature>
</Annotation>
<Annotation Id="498" Type="Token" StartNode="1145" EndNode="1151">
<Feature>
  <Name className="java.lang.String">string</Name>
  <Value className="java.lang.String">Israel</Value>
</Feature>
</Annotation>
<Annotation Id="488" Type="Token" StartNode="1110" EndNode="1118">
<Feature>
  <Name className="java.lang.String">string</Name>
  <Value className="java.lang.String">American</Value>
</Feature>
</Annotation>
<Annotation Id="490" Type="Token" StartNode="1119" EndNode="1128">
<Feature>
  <Name className="java.lang.String">string</Name>
  <Value className="java.lang.String">taxpayers</Value>
</Feature>
</Annotation>
<Annotation Id="518" Type="Token" StartNode="1195" EndNode="1201">
<Feature>
  <Name className="java.lang.String">string</Name>
  <Value className="java.lang.String">Galaxy</Value>
</Feature>
</Annotation>
<Annotation Id="536" Type="Token" StartNode="1231" EndNode="1237">
<Feature>
  <Name className="java.lang.String">string</Name>
  <Value className="java.lang.String">number</Value>
</Feature>
</Annotation>
</AnnotationSet>
<AnnotationSet Name="Original markups"> </AnnotationSet>
</GateDocument>