<?xml version='1.0' encoding='UTF-8'?>
<GateDocument version="3">
<!-- The document's features-->

<GateDocumentFeatures>
<Feature>
  <Name className="java.lang.String">Original_document_content_on_load</Name>
  <Value className="java.lang.String">From: guy@idacom.hp.com (Guy M. Trotter)
Message-ID: &lt;C5Lrpq.50o@idacom.hp.com>
Date: Sat, 17 Apr 1993 00:51:25 GMT
References: &lt;1qkcok$s9i@usenet.INS.CWRU.Edu> &lt;1qkftjINNoij@cronkite.cisco.com>
Organization: IDACOM, A division of Hewlett-Packard
Lines: 14


Hi,

In Canada, any gun that enters a National Park must be sealed (I think it's a
small metal tag that's placed over the trigger).  The net result of this is
that you _can't_ use a gun to protect yourself from bears (or psychos) in the
National Parks.  Instead, one has to be sensitive to the dangers and annoyances
of hiking in bear country, and take the appropriate precautions.

I think this policy makes the users of the National Parks feel a little closer
to Nature, that they are a part of Nature and, as such, have to deal with
nature on it's own terms.

Guy
</Value>
</Feature>
<Feature>
  <Name className="java.lang.String">gate.SourceURL</Name>
  <Value className="java.lang.String">file:/C:/Users/jian/Documents/NetBeansProjects/NoiseReductionTechniques/mideastPoliticsMix/negative381</Value>
</Feature>
</GateDocumentFeatures>
<!-- The document content area with serialized nodes -->

<TextWithNodes><Node id="0"/>From<Node id="4"/>:<Node id="5"/> <Node id="6"/>guy<Node id="9"/>@<Node id="10"/>idacom<Node id="16"/>.<Node id="17"/>hp<Node id="19"/>.<Node id="20"/>com<Node id="23"/> <Node id="24"/>(<Node id="25"/>Guy<Node id="28"/> <Node id="29"/>M<Node id="30"/>.<Node id="31"/> <Node id="32"/>Trotter<Node id="39"/>)<Node id="40"/>
<Node id="41"/>Message-<Node id="49"/>ID<Node id="51"/>:<Node id="52"/> <Node id="53"/>&lt;<Node id="54"/>C<Node id="55"/>5<Node id="56"/>Lrpq<Node id="60"/>.<Node id="61"/>50<Node id="63"/>o<Node id="64"/>@<Node id="65"/>idacom<Node id="71"/>.<Node id="72"/>hp<Node id="74"/>.<Node id="75"/>com<Node id="78"/>&gt;<Node id="79"/>
<Node id="80"/>Date<Node id="84"/>:<Node id="85"/> <Node id="86"/>Sat<Node id="89"/>,<Node id="90"/> <Node id="91"/>17<Node id="93"/> <Node id="94"/>Apr<Node id="97"/> <Node id="98"/>1993<Node id="102"/> <Node id="103"/>00<Node id="105"/>:<Node id="106"/>51<Node id="108"/>:<Node id="109"/>25<Node id="111"/> <Node id="112"/>GMT<Node id="115"/>
<Node id="116"/>References<Node id="126"/>:<Node id="127"/> <Node id="128"/>&lt;<Node id="129"/>1<Node id="130"/>qkcok<Node id="135"/>$<Node id="136"/>s<Node id="137"/>9<Node id="138"/>i<Node id="139"/>@<Node id="140"/>usenet<Node id="146"/>.<Node id="147"/>INS<Node id="150"/>.<Node id="151"/>CWRU<Node id="155"/>.<Node id="156"/>Edu<Node id="159"/>&gt;<Node id="160"/> <Node id="161"/>&lt;<Node id="162"/>1<Node id="163"/>qkftjINNoij<Node id="174"/>@<Node id="175"/>cronkite<Node id="183"/>.<Node id="184"/>cisco<Node id="189"/>.<Node id="190"/>com<Node id="193"/>&gt;<Node id="194"/>
<Node id="195"/>Organization<Node id="207"/>:<Node id="208"/> <Node id="209"/>IDACOM<Node id="215"/>,<Node id="216"/> <Node id="217"/>A<Node id="218"/> <Node id="219"/>division<Node id="227"/> <Node id="228"/>of<Node id="230"/> <Node id="231"/>Hewlett-<Node id="239"/>Packard<Node id="246"/>
<Node id="247"/>Lines<Node id="252"/>:<Node id="253"/> <Node id="254"/>14<Node id="256"/>
<Node id="257"/>
<Node id="258"/>
<Node id="259"/>Hi<Node id="261"/>,<Node id="262"/>
<Node id="263"/>
<Node id="264"/>In<Node id="266"/> <Node id="267"/>Canada<Node id="273"/>,<Node id="274"/> <Node id="275"/>any<Node id="278"/> <Node id="279"/>gun<Node id="282"/> <Node id="283"/>that<Node id="287"/> <Node id="288"/>enters<Node id="294"/> <Node id="295"/>a<Node id="296"/> <Node id="297"/>National<Node id="305"/> <Node id="306"/>Park<Node id="310"/> <Node id="311"/>must<Node id="315"/> <Node id="316"/>be<Node id="318"/> <Node id="319"/>sealed<Node id="325"/> <Node id="326"/>(<Node id="327"/>I<Node id="328"/> <Node id="329"/>think<Node id="334"/> <Node id="335"/>it<Node id="337"/>'s<Node id="339"/> <Node id="340"/>a<Node id="341"/>
<Node id="342"/>small<Node id="347"/> <Node id="348"/>metal<Node id="353"/> <Node id="354"/>tag<Node id="357"/> <Node id="358"/>that<Node id="362"/>'s<Node id="364"/> <Node id="365"/>placed<Node id="371"/> <Node id="372"/>over<Node id="376"/> <Node id="377"/>the<Node id="380"/> <Node id="381"/>trigger<Node id="388"/>)<Node id="389"/>.<Node id="390"/> <Node id="391"/> <Node id="392"/>The<Node id="395"/> <Node id="396"/>net<Node id="399"/> <Node id="400"/>result<Node id="406"/> <Node id="407"/>of<Node id="409"/> <Node id="410"/>this<Node id="414"/> <Node id="415"/>is<Node id="417"/>
<Node id="418"/>that<Node id="422"/> <Node id="423"/>you<Node id="426"/> <Node id="427"/>_<Node id="428"/>ca<Node id="430"/>n't<Node id="433"/>_<Node id="434"/> <Node id="435"/>use<Node id="438"/> <Node id="439"/>a<Node id="440"/> <Node id="441"/>gun<Node id="444"/> <Node id="445"/>to<Node id="447"/> <Node id="448"/>protect<Node id="455"/> <Node id="456"/>yourself<Node id="464"/> <Node id="465"/>from<Node id="469"/> <Node id="470"/>bears<Node id="475"/> <Node id="476"/>(<Node id="477"/>or<Node id="479"/> <Node id="480"/>psychos<Node id="487"/>)<Node id="488"/> <Node id="489"/>in<Node id="491"/> <Node id="492"/>the<Node id="495"/>
<Node id="496"/>National<Node id="504"/> <Node id="505"/>Parks<Node id="510"/>.<Node id="511"/> <Node id="512"/> <Node id="513"/>Instead<Node id="520"/>,<Node id="521"/> <Node id="522"/>one<Node id="525"/> <Node id="526"/>has<Node id="529"/> <Node id="530"/>to<Node id="532"/> <Node id="533"/>be<Node id="535"/> <Node id="536"/>sensitive<Node id="545"/> <Node id="546"/>to<Node id="548"/> <Node id="549"/>the<Node id="552"/> <Node id="553"/>dangers<Node id="560"/> <Node id="561"/>and<Node id="564"/> <Node id="565"/>annoyances<Node id="575"/>
<Node id="576"/>of<Node id="578"/> <Node id="579"/>hiking<Node id="585"/> <Node id="586"/>in<Node id="588"/> <Node id="589"/>bear<Node id="593"/> <Node id="594"/>country<Node id="601"/>,<Node id="602"/> <Node id="603"/>and<Node id="606"/> <Node id="607"/>take<Node id="611"/> <Node id="612"/>the<Node id="615"/> <Node id="616"/>appropriate<Node id="627"/> <Node id="628"/>precautions<Node id="639"/>.<Node id="640"/>
<Node id="641"/>
<Node id="642"/>I<Node id="643"/> <Node id="644"/>think<Node id="649"/> <Node id="650"/>this<Node id="654"/> <Node id="655"/>policy<Node id="661"/> <Node id="662"/>makes<Node id="667"/> <Node id="668"/>the<Node id="671"/> <Node id="672"/>users<Node id="677"/> <Node id="678"/>of<Node id="680"/> <Node id="681"/>the<Node id="684"/> <Node id="685"/>National<Node id="693"/> <Node id="694"/>Parks<Node id="699"/> <Node id="700"/>feel<Node id="704"/> <Node id="705"/>a<Node id="706"/> <Node id="707"/>little<Node id="713"/> <Node id="714"/>closer<Node id="720"/>
<Node id="721"/>to<Node id="723"/> <Node id="724"/>Nature<Node id="730"/>,<Node id="731"/> <Node id="732"/>that<Node id="736"/> <Node id="737"/>they<Node id="741"/> <Node id="742"/>are<Node id="745"/> <Node id="746"/>a<Node id="747"/> <Node id="748"/>part<Node id="752"/> <Node id="753"/>of<Node id="755"/> <Node id="756"/>Nature<Node id="762"/> <Node id="763"/>and<Node id="766"/>,<Node id="767"/> <Node id="768"/>as<Node id="770"/> <Node id="771"/>such<Node id="775"/>,<Node id="776"/> <Node id="777"/>have<Node id="781"/> <Node id="782"/>to<Node id="784"/> <Node id="785"/>deal<Node id="789"/> <Node id="790"/>with<Node id="794"/>
<Node id="795"/>nature<Node id="801"/> <Node id="802"/>on<Node id="804"/> <Node id="805"/>it<Node id="807"/>'s<Node id="809"/> <Node id="810"/>own<Node id="813"/> <Node id="814"/>terms<Node id="819"/>.<Node id="820"/>
<Node id="821"/>
<Node id="822"/>Guy<Node id="825"/>
<Node id="826"/></TextWithNodes>
<!-- The default annotation set -->

<AnnotationSet>
<Annotation EndNode="826" StartNode="0" Type="Mention" Id="9999999">
<Feature>
<Name classname="java.lang.String">Class</Name>
<Value classname="java.lang.String">0</Value>
</Feature>
</Annotation>

<Annotation Id="5" Type="Token" StartNode="10" EndNode="16">
<Feature>
  <Name className="java.lang.String">string</Name>
  <Value className="java.lang.String">idacom</Value>
</Feature>
</Annotation>
<Annotation Id="17" Type="Token" StartNode="32" EndNode="39">
<Feature>
  <Name className="java.lang.String">string</Name>
  <Value className="java.lang.String">Trotter</Value>
</Feature>
</Annotation>
<Annotation Id="20" Type="Token" StartNode="41" EndNode="49">
<Feature>
  <Name className="java.lang.String">string</Name>
  <Value className="java.lang.String">Message-</Value>
</Feature>
</Annotation>
<Annotation Id="32" Type="Token" StartNode="65" EndNode="71">
<Feature>
  <Name className="java.lang.String">string</Name>
  <Value className="java.lang.String">idacom</Value>
</Feature>
</Annotation>
<Annotation Id="59" Type="Token" StartNode="116" EndNode="126">
<Feature>
  <Name className="java.lang.String">string</Name>
  <Value className="java.lang.String">References</Value>
</Feature>
</Annotation>
<Annotation Id="70" Type="Token" StartNode="140" EndNode="146">
<Feature>
  <Name className="java.lang.String">string</Name>
  <Value className="java.lang.String">usenet</Value>
</Feature>
</Annotation>
<Annotation Id="81" Type="Token" StartNode="163" EndNode="174">
<Feature>
  <Name className="java.lang.String">string</Name>
  <Value className="java.lang.String">qkftjINNoij</Value>
</Feature>
</Annotation>
<Annotation Id="83" Type="Token" StartNode="175" EndNode="183">
<Feature>
  <Name className="java.lang.String">string</Name>
  <Value className="java.lang.String">cronkite</Value>
</Feature>
</Annotation>
<Annotation Id="93" Type="Token" StartNode="209" EndNode="215">
<Feature>
  <Name className="java.lang.String">string</Name>
  <Value className="java.lang.String">IDACOM</Value>
</Feature>
</Annotation>
<Annotation Id="90" Type="Token" StartNode="195" EndNode="207">
<Feature>
  <Name className="java.lang.String">string</Name>
  <Value className="java.lang.String">Organization</Value>
</Feature>
</Annotation>
<Annotation Id="102" Type="Token" StartNode="231" EndNode="239">
<Feature>
  <Name className="java.lang.String">string</Name>
  <Value className="java.lang.String">Hewlett-</Value>
</Feature>
</Annotation>
<Annotation Id="103" Type="Token" StartNode="239" EndNode="246">
<Feature>
  <Name className="java.lang.String">string</Name>
  <Value className="java.lang.String">Packard</Value>
</Feature>
</Annotation>
<Annotation Id="98" Type="Token" StartNode="219" EndNode="227">
<Feature>
  <Name className="java.lang.String">string</Name>
  <Value className="java.lang.String">division</Value>
</Feature>
</Annotation>
<Annotation Id="118" Type="Token" StartNode="267" EndNode="273">
<Feature>
  <Name className="java.lang.String">string</Name>
  <Value className="java.lang.String">Canada</Value>
</Feature>
</Annotation>
<Annotation Id="127" Type="Token" StartNode="288" EndNode="294">
<Feature>
  <Name className="java.lang.String">string</Name>
  <Value className="java.lang.String">enters</Value>
</Feature>
</Annotation>
<Annotation Id="139" Type="Token" StartNode="319" EndNode="325">
<Feature>
  <Name className="java.lang.String">string</Name>
  <Value className="java.lang.String">sealed</Value>
</Feature>
</Annotation>
<Annotation Id="131" Type="Token" StartNode="297" EndNode="305">
<Feature>
  <Name className="java.lang.String">string</Name>
  <Value className="java.lang.String">National</Value>
</Feature>
</Annotation>
<Annotation Id="168" Type="Token" StartNode="381" EndNode="388">
<Feature>
  <Name className="java.lang.String">string</Name>
  <Value className="java.lang.String">trigger</Value>
</Feature>
</Annotation>
<Annotation Id="162" Type="Token" StartNode="365" EndNode="371">
<Feature>
  <Name className="java.lang.String">string</Name>
  <Value className="java.lang.String">placed</Value>
</Feature>
</Annotation>
<Annotation Id="177" Type="Token" StartNode="400" EndNode="406">
<Feature>
  <Name className="java.lang.String">string</Name>
  <Value className="java.lang.String">result</Value>
</Feature>
</Annotation>
<Annotation Id="205" Type="Token" StartNode="456" EndNode="464">
<Feature>
  <Name className="java.lang.String">string</Name>
  <Value className="java.lang.String">yourself</Value>
</Feature>
</Annotation>
<Annotation Id="203" Type="Token" StartNode="448" EndNode="455">
<Feature>
  <Name className="java.lang.String">string</Name>
  <Value className="java.lang.String">protect</Value>
</Feature>
</Annotation>
<Annotation Id="221" Type="Token" StartNode="496" EndNode="504">
<Feature>
  <Name className="java.lang.String">string</Name>
  <Value className="java.lang.String">National</Value>
</Feature>
</Annotation>
<Annotation Id="214" Type="Token" StartNode="480" EndNode="487">
<Feature>
  <Name className="java.lang.String">string</Name>
  <Value className="java.lang.String">psychos</Value>
</Feature>
</Annotation>
<Annotation Id="238" Type="Token" StartNode="536" EndNode="545">
<Feature>
  <Name className="java.lang.String">string</Name>
  <Value className="java.lang.String">sensitive</Value>
</Feature>
</Annotation>
<Annotation Id="227" Type="Token" StartNode="513" EndNode="520">
<Feature>
  <Name className="java.lang.String">string</Name>
  <Value className="java.lang.String">Instead</Value>
</Feature>
</Annotation>
<Annotation Id="252" Type="Token" StartNode="579" EndNode="585">
<Feature>
  <Name className="java.lang.String">string</Name>
  <Value className="java.lang.String">hiking</Value>
</Feature>
</Annotation>
<Annotation Id="248" Type="Token" StartNode="565" EndNode="575">
<Feature>
  <Name className="java.lang.String">string</Name>
  <Value className="java.lang.String">annoyances</Value>
</Feature>
</Annotation>
<Annotation Id="244" Type="Token" StartNode="553" EndNode="560">
<Feature>
  <Name className="java.lang.String">string</Name>
  <Value className="java.lang.String">dangers</Value>
</Feature>
</Annotation>
<Annotation Id="279" Type="Token" StartNode="655" EndNode="661">
<Feature>
  <Name className="java.lang.String">string</Name>
  <Value className="java.lang.String">policy</Value>
</Feature>
</Annotation>
<Annotation Id="258" Type="Token" StartNode="594" EndNode="601">
<Feature>
  <Name className="java.lang.String">string</Name>
  <Value className="java.lang.String">country</Value>
</Feature>
</Annotation>
<Annotation Id="267" Type="Token" StartNode="616" EndNode="627">
<Feature>
  <Name className="java.lang.String">string</Name>
  <Value className="java.lang.String">appropriate</Value>
</Feature>
</Annotation>
<Annotation Id="269" Type="Token" StartNode="628" EndNode="639">
<Feature>
  <Name className="java.lang.String">string</Name>
  <Value className="java.lang.String">precautions</Value>
</Feature>
</Annotation>
<Annotation Id="305" Type="Token" StartNode="724" EndNode="730">
<Feature>
  <Name className="java.lang.String">string</Name>
  <Value className="java.lang.String">Nature</Value>
</Feature>
</Annotation>
<Annotation Id="291" Type="Token" StartNode="685" EndNode="693">
<Feature>
  <Name className="java.lang.String">string</Name>
  <Value className="java.lang.String">National</Value>
</Feature>
</Annotation>
<Annotation Id="299" Type="Token" StartNode="707" EndNode="713">
<Feature>
  <Name className="java.lang.String">string</Name>
  <Value className="java.lang.String">little</Value>
</Feature>
</Annotation>
<Annotation Id="301" Type="Token" StartNode="714" EndNode="720">
<Feature>
  <Name className="java.lang.String">string</Name>
  <Value className="java.lang.String">closer</Value>
</Feature>
</Annotation>
<Annotation Id="338" Type="Token" StartNode="795" EndNode="801">
<Feature>
  <Name className="java.lang.String">string</Name>
  <Value className="java.lang.String">nature</Value>
</Feature>
</Annotation>
<Annotation Id="320" Type="Token" StartNode="756" EndNode="762">
<Feature>
  <Name className="java.lang.String">string</Name>
  <Value className="java.lang.String">Nature</Value>
</Feature>
</Annotation>
</AnnotationSet>
<AnnotationSet Name="Original markups"> </AnnotationSet>
</GateDocument>