<?xml version='1.0' encoding='UTF-8'?>
<GateDocument version="3">
<!-- The document's features-->

<GateDocumentFeatures>
<Feature>
  <Name className="java.lang.String">Original_document_content_on_load</Name>
  <Value className="java.lang.String">From: jmd@cube.handheld.com (Jim De Arras)
Date: 20 Apr 1993 01:39:40 GMT
Organization: Hand Held Products, Inc.
Lines: 78
Distribution: world
Message-ID: &lt;1qvk8sINN9vo@clem.handheld.com>
References: &lt;1qvh8n$gf4@msuinfo.cl.msu.edu>
NNTP-Posting-Host: dale.handheld.com

In article &lt;1qvh8n$gf4@msuinfo.cl.msu.edu> friedenb@maple.egr.msu.edu (Gedaliah  
Friedenberg) writes:
> In article &lt;1qvfik$6rf@usenet.INS.CWRU.Edu>, cj195@cleveland.Freenet.Edu  
(John W. Redelfs) writes:
> |> 
> |> Now that Big Brother has rubbed out one minority religion in Waco, who is
> |> next?  The Mormons or Jews?
> 
> Give me a break.  If the Mormons fortified Utah and armed it to the teeth,
> and were involved in illegal activity, then they deserve whatever they get.
> 

Where were you brought up?  In the former USSR?  Is Innocent until proven  
guilty by a jury of your peers, NOT Dan Rather, dead in this country?  Seems  
so.  Is tax evasion, the only charge brought against the BDs, punishable by  
death in this country, now?


> You are making a ludicrous suggestion.
> 
Not really.  You are a blind idiot.

> |> We used to live in a country where everyone enjoyed the free exercise of
> |> their rights to worship and bear arms.  Now we don't.
> 
> Does that include the right to murder little children?  How about killing
> ATF officers?  I do not know much about the gun laws in Texas, but 
> Koresh's folks claimed to have grenades, grenade launchers, and rocket
> launchers.  I am not sure that the NRA feels that this falls under 
> "right to bear arms."

"Not sure", yet you condem them to death for it?  If the BATF had stayed home,  
all would be alive, now.  So who murdered who?
>  
> |> Of course, to Jews and Mormons this is just a broken record.  It has
> |> happened before.
> 
> Please explain.  I do not remember Jews or Mormons (as a group) overtly 
> breaking a judicious (a.k.a. non-Nazi) law and being punished for it.
>  
You have a short memory.

> |> I'll bet all you cult haters are happy now, right?  Just hope you're not  
next.
&gt; 
> Followups to /dev/null  
> 
> Alternative followups set to talk.religion.misc
> 

Sleep well, tonite, heartless idiot.  Sleep the sleep of the simple-minded.

I shall weep for my country, myself.

>  
> |> ------------ John W. Redelfs, cj195@cleveland.freenet.edu -------------
> |> --------- All my opinions are tentative pending further data. ---------
>  
> Gedaliah Friedenberg
> -=-Department of Mechanical Engineering
> -=-Department of Metallurgy, Mechanics and Materials Science
> -=-Michigan State University
> 
> 
>                    

I'm short of patience tonite, but rabid dogs deserve and get better treatment  
than the BDs got.

Jim
--
jmd@handheld.com
-------------------------------------------------------------------------------
"I'm always rethinking that.  There's never been a day when I haven't rethought  
that.  But I can't do that by myself."  Bill Clinton  6 April 93
"If I were an American, as I am an Englishman, while a foreign troop was landed  
in my country, I never would lay down my arms,-never--never--never!"
WILLIAM PITT, EARL OF CHATHAM 1708-1778 18 Nov. 1777
</Value>
</Feature>
<Feature>
  <Name className="java.lang.String">gate.SourceURL</Name>
  <Value className="java.lang.String">file:/C:/Users/jian/Documents/NetBeansProjects/NoiseReductionTechniques/mideastPoliticsMix/negative313</Value>
</Feature>
</GateDocumentFeatures>
<!-- The document content area with serialized nodes -->

<TextWithNodes><Node id="0"/>From<Node id="4"/>:<Node id="5"/> <Node id="6"/>jmd<Node id="9"/>@<Node id="10"/>cube<Node id="14"/>.<Node id="15"/>handheld<Node id="23"/>.<Node id="24"/>com<Node id="27"/> <Node id="28"/>(<Node id="29"/>Jim<Node id="32"/> <Node id="33"/>De<Node id="35"/> <Node id="36"/>Arras<Node id="41"/>)<Node id="42"/>
<Node id="43"/>Date<Node id="47"/>:<Node id="48"/> <Node id="49"/>20<Node id="51"/> <Node id="52"/>Apr<Node id="55"/> <Node id="56"/>1993<Node id="60"/> <Node id="61"/>01<Node id="63"/>:<Node id="64"/>39<Node id="66"/>:<Node id="67"/>40<Node id="69"/> <Node id="70"/>GMT<Node id="73"/>
<Node id="74"/>Organization<Node id="86"/>:<Node id="87"/> <Node id="88"/>Hand<Node id="92"/> <Node id="93"/>Held<Node id="97"/> <Node id="98"/>Products<Node id="106"/>,<Node id="107"/> <Node id="108"/>Inc<Node id="111"/>.<Node id="112"/>
<Node id="113"/>Lines<Node id="118"/>:<Node id="119"/> <Node id="120"/>78<Node id="122"/>
<Node id="123"/>Distribution<Node id="135"/>:<Node id="136"/> <Node id="137"/>world<Node id="142"/>
<Node id="143"/>Message-<Node id="151"/>ID<Node id="153"/>:<Node id="154"/> <Node id="155"/>&lt;<Node id="156"/>1<Node id="157"/>qvk<Node id="160"/>8<Node id="161"/>sINN<Node id="165"/>9<Node id="166"/>vo<Node id="168"/>@<Node id="169"/>clem<Node id="173"/>.<Node id="174"/>handheld<Node id="182"/>.<Node id="183"/>com<Node id="186"/>&gt;<Node id="187"/>
<Node id="188"/>References<Node id="198"/>:<Node id="199"/> <Node id="200"/>&lt;<Node id="201"/>1<Node id="202"/>qvh<Node id="205"/>8<Node id="206"/>n<Node id="207"/>$<Node id="208"/>gf<Node id="210"/>4<Node id="211"/>@<Node id="212"/>msuinfo<Node id="219"/>.<Node id="220"/>cl<Node id="222"/>.<Node id="223"/>msu<Node id="226"/>.<Node id="227"/>edu<Node id="230"/>&gt;<Node id="231"/>
<Node id="232"/>NNTP-Posting-Host<Node id="249"/>:<Node id="250"/> <Node id="251"/>dale<Node id="255"/>.<Node id="256"/>handheld<Node id="264"/>.<Node id="265"/>com<Node id="268"/>
<Node id="269"/>
<Node id="270"/>In<Node id="272"/> <Node id="273"/>article<Node id="280"/> <Node id="281"/>&lt;<Node id="282"/>1<Node id="283"/>qvh<Node id="286"/>8<Node id="287"/>n<Node id="288"/>$<Node id="289"/>gf<Node id="291"/>4<Node id="292"/>@<Node id="293"/>msuinfo<Node id="300"/>.<Node id="301"/>cl<Node id="303"/>.<Node id="304"/>msu<Node id="307"/>.<Node id="308"/>edu<Node id="311"/>&gt;<Node id="312"/> <Node id="313"/>friedenb<Node id="321"/>@<Node id="322"/>maple<Node id="327"/>.<Node id="328"/>egr<Node id="331"/>.<Node id="332"/>msu<Node id="335"/>.<Node id="336"/>edu<Node id="339"/> <Node id="340"/>(<Node id="341"/>Gedaliah<Node id="349"/> <Node id="350"/> <Node id="351"/>
<Node id="352"/>Friedenberg<Node id="363"/>)<Node id="364"/> <Node id="365"/>writes<Node id="371"/>:<Node id="372"/>
<Node id="373"/>&gt;<Node id="374"/> <Node id="375"/>In<Node id="377"/> <Node id="378"/>article<Node id="385"/> <Node id="386"/>&lt;<Node id="387"/>1<Node id="388"/>qvfik<Node id="393"/>$<Node id="394"/>6<Node id="395"/>rf<Node id="397"/>@<Node id="398"/>usenet<Node id="404"/>.<Node id="405"/>INS<Node id="408"/>.<Node id="409"/>CWRU<Node id="413"/>.<Node id="414"/>Edu<Node id="417"/>&gt;<Node id="418"/>,<Node id="419"/> <Node id="420"/>cj<Node id="422"/>195<Node id="425"/>@<Node id="426"/>cleveland<Node id="435"/>.<Node id="436"/>Freenet<Node id="443"/>.<Node id="444"/>Edu<Node id="447"/> <Node id="448"/> <Node id="449"/>
<Node id="450"/>(<Node id="451"/>John<Node id="455"/> <Node id="456"/>W<Node id="457"/>.<Node id="458"/> <Node id="459"/>Redelfs<Node id="466"/>)<Node id="467"/> <Node id="468"/>writes<Node id="474"/>:<Node id="475"/>
<Node id="476"/>&gt;<Node id="477"/> <Node id="478"/>|<Node id="479"/>&gt;<Node id="480"/> <Node id="481"/>
<Node id="482"/>&gt;<Node id="483"/> <Node id="484"/>|<Node id="485"/>&gt;<Node id="486"/> <Node id="487"/>Now<Node id="490"/> <Node id="491"/>that<Node id="495"/> <Node id="496"/>Big<Node id="499"/> <Node id="500"/>Brother<Node id="507"/> <Node id="508"/>has<Node id="511"/> <Node id="512"/>rubbed<Node id="518"/> <Node id="519"/>out<Node id="522"/> <Node id="523"/>one<Node id="526"/> <Node id="527"/>minority<Node id="535"/> <Node id="536"/>religion<Node id="544"/> <Node id="545"/>in<Node id="547"/> <Node id="548"/>Waco<Node id="552"/>,<Node id="553"/> <Node id="554"/>who<Node id="557"/> <Node id="558"/>is<Node id="560"/>
<Node id="561"/>&gt;<Node id="562"/> <Node id="563"/>|<Node id="564"/>&gt;<Node id="565"/> <Node id="566"/>next<Node id="570"/>?<Node id="571"/> <Node id="572"/> <Node id="573"/>The<Node id="576"/> <Node id="577"/>Mormons<Node id="584"/> <Node id="585"/>or<Node id="587"/> <Node id="588"/>Jews<Node id="592"/>?<Node id="593"/>
<Node id="594"/>&gt;<Node id="595"/> <Node id="596"/>
<Node id="597"/>&gt;<Node id="598"/> <Node id="599"/>Give<Node id="603"/> <Node id="604"/>me<Node id="606"/> <Node id="607"/>a<Node id="608"/> <Node id="609"/>break<Node id="614"/>.<Node id="615"/> <Node id="616"/> <Node id="617"/>If<Node id="619"/> <Node id="620"/>the<Node id="623"/> <Node id="624"/>Mormons<Node id="631"/> <Node id="632"/>fortified<Node id="641"/> <Node id="642"/>Utah<Node id="646"/> <Node id="647"/>and<Node id="650"/> <Node id="651"/>armed<Node id="656"/> <Node id="657"/>it<Node id="659"/> <Node id="660"/>to<Node id="662"/> <Node id="663"/>the<Node id="666"/> <Node id="667"/>teeth<Node id="672"/>,<Node id="673"/>
<Node id="674"/>&gt;<Node id="675"/> <Node id="676"/>and<Node id="679"/> <Node id="680"/>were<Node id="684"/> <Node id="685"/>involved<Node id="693"/> <Node id="694"/>in<Node id="696"/> <Node id="697"/>illegal<Node id="704"/> <Node id="705"/>activity<Node id="713"/>,<Node id="714"/> <Node id="715"/>then<Node id="719"/> <Node id="720"/>they<Node id="724"/> <Node id="725"/>deserve<Node id="732"/> <Node id="733"/>whatever<Node id="741"/> <Node id="742"/>they<Node id="746"/> <Node id="747"/>get<Node id="750"/>.<Node id="751"/>
<Node id="752"/>&gt;<Node id="753"/> <Node id="754"/>
<Node id="755"/>
<Node id="756"/>Where<Node id="761"/> <Node id="762"/>were<Node id="766"/> <Node id="767"/>you<Node id="770"/> <Node id="771"/>brought<Node id="778"/> <Node id="779"/>up<Node id="781"/>?<Node id="782"/> <Node id="783"/> <Node id="784"/>In<Node id="786"/> <Node id="787"/>the<Node id="790"/> <Node id="791"/>former<Node id="797"/> <Node id="798"/>USSR<Node id="802"/>?<Node id="803"/> <Node id="804"/> <Node id="805"/>Is<Node id="807"/> <Node id="808"/>Innocent<Node id="816"/> <Node id="817"/>until<Node id="822"/> <Node id="823"/>proven<Node id="829"/> <Node id="830"/> <Node id="831"/>
<Node id="832"/>guilty<Node id="838"/> <Node id="839"/>by<Node id="841"/> <Node id="842"/>a<Node id="843"/> <Node id="844"/>jury<Node id="848"/> <Node id="849"/>of<Node id="851"/> <Node id="852"/>your<Node id="856"/> <Node id="857"/>peers<Node id="862"/>,<Node id="863"/> <Node id="864"/>NOT<Node id="867"/> <Node id="868"/>Dan<Node id="871"/> <Node id="872"/>Rather<Node id="878"/>,<Node id="879"/> <Node id="880"/>dead<Node id="884"/> <Node id="885"/>in<Node id="887"/> <Node id="888"/>this<Node id="892"/> <Node id="893"/>country<Node id="900"/>?<Node id="901"/> <Node id="902"/> <Node id="903"/>Seems<Node id="908"/> <Node id="909"/> <Node id="910"/>
<Node id="911"/>so<Node id="913"/>.<Node id="914"/> <Node id="915"/> <Node id="916"/>Is<Node id="918"/> <Node id="919"/>tax<Node id="922"/> <Node id="923"/>evasion<Node id="930"/>,<Node id="931"/> <Node id="932"/>the<Node id="935"/> <Node id="936"/>only<Node id="940"/> <Node id="941"/>charge<Node id="947"/> <Node id="948"/>brought<Node id="955"/> <Node id="956"/>against<Node id="963"/> <Node id="964"/>the<Node id="967"/> <Node id="968"/>BDs<Node id="971"/>,<Node id="972"/> <Node id="973"/>punishable<Node id="983"/> <Node id="984"/>by<Node id="986"/> <Node id="987"/> <Node id="988"/>
<Node id="989"/>death<Node id="994"/> <Node id="995"/>in<Node id="997"/> <Node id="998"/>this<Node id="1002"/> <Node id="1003"/>country<Node id="1010"/>,<Node id="1011"/> <Node id="1012"/>now<Node id="1015"/>?<Node id="1016"/>
<Node id="1017"/>
<Node id="1018"/>
<Node id="1019"/>&gt;<Node id="1020"/> <Node id="1021"/>You<Node id="1024"/> <Node id="1025"/>are<Node id="1028"/> <Node id="1029"/>making<Node id="1035"/> <Node id="1036"/>a<Node id="1037"/> <Node id="1038"/>ludicrous<Node id="1047"/> <Node id="1048"/>suggestion<Node id="1058"/>.<Node id="1059"/>
<Node id="1060"/>&gt;<Node id="1061"/> <Node id="1062"/>
<Node id="1063"/>Not<Node id="1066"/> <Node id="1067"/>really<Node id="1073"/>.<Node id="1074"/> <Node id="1075"/> <Node id="1076"/>You<Node id="1079"/> <Node id="1080"/>are<Node id="1083"/> <Node id="1084"/>a<Node id="1085"/> <Node id="1086"/>blind<Node id="1091"/> <Node id="1092"/>idiot<Node id="1097"/>.<Node id="1098"/>
<Node id="1099"/>
<Node id="1100"/>&gt;<Node id="1101"/> <Node id="1102"/>|<Node id="1103"/>&gt;<Node id="1104"/> <Node id="1105"/>We<Node id="1107"/> <Node id="1108"/>used<Node id="1112"/> <Node id="1113"/>to<Node id="1115"/> <Node id="1116"/>live<Node id="1120"/> <Node id="1121"/>in<Node id="1123"/> <Node id="1124"/>a<Node id="1125"/> <Node id="1126"/>country<Node id="1133"/> <Node id="1134"/>where<Node id="1139"/> <Node id="1140"/>everyone<Node id="1148"/> <Node id="1149"/>enjoyed<Node id="1156"/> <Node id="1157"/>the<Node id="1160"/> <Node id="1161"/>free<Node id="1165"/> <Node id="1166"/>exercise<Node id="1174"/> <Node id="1175"/>of<Node id="1177"/>
<Node id="1178"/>&gt;<Node id="1179"/> <Node id="1180"/>|<Node id="1181"/>&gt;<Node id="1182"/> <Node id="1183"/>their<Node id="1188"/> <Node id="1189"/>rights<Node id="1195"/> <Node id="1196"/>to<Node id="1198"/> <Node id="1199"/>worship<Node id="1206"/> <Node id="1207"/>and<Node id="1210"/> <Node id="1211"/>bear<Node id="1215"/> <Node id="1216"/>arms<Node id="1220"/>.<Node id="1221"/> <Node id="1222"/> <Node id="1223"/>Now<Node id="1226"/> <Node id="1227"/>we<Node id="1229"/> <Node id="1230"/>do<Node id="1232"/>n't<Node id="1235"/>.<Node id="1236"/>
<Node id="1237"/>&gt;<Node id="1238"/> <Node id="1239"/>
<Node id="1240"/>&gt;<Node id="1241"/> <Node id="1242"/>Does<Node id="1246"/> <Node id="1247"/>that<Node id="1251"/> <Node id="1252"/>include<Node id="1259"/> <Node id="1260"/>the<Node id="1263"/> <Node id="1264"/>right<Node id="1269"/> <Node id="1270"/>to<Node id="1272"/> <Node id="1273"/>murder<Node id="1279"/> <Node id="1280"/>little<Node id="1286"/> <Node id="1287"/>children<Node id="1295"/>?<Node id="1296"/> <Node id="1297"/> <Node id="1298"/>How<Node id="1301"/> <Node id="1302"/>about<Node id="1307"/> <Node id="1308"/>killing<Node id="1315"/>
<Node id="1316"/>&gt;<Node id="1317"/> <Node id="1318"/>ATF<Node id="1321"/> <Node id="1322"/>officers<Node id="1330"/>?<Node id="1331"/> <Node id="1332"/> <Node id="1333"/>I<Node id="1334"/> <Node id="1335"/>do<Node id="1337"/> <Node id="1338"/>not<Node id="1341"/> <Node id="1342"/>know<Node id="1346"/> <Node id="1347"/>much<Node id="1351"/> <Node id="1352"/>about<Node id="1357"/> <Node id="1358"/>the<Node id="1361"/> <Node id="1362"/>gun<Node id="1365"/> <Node id="1366"/>laws<Node id="1370"/> <Node id="1371"/>in<Node id="1373"/> <Node id="1374"/>Texas<Node id="1379"/>,<Node id="1380"/> <Node id="1381"/>but<Node id="1384"/> <Node id="1385"/>
<Node id="1386"/>&gt;<Node id="1387"/> <Node id="1388"/>Koresh<Node id="1394"/>'s<Node id="1396"/> <Node id="1397"/>folks<Node id="1402"/> <Node id="1403"/>claimed<Node id="1410"/> <Node id="1411"/>to<Node id="1413"/> <Node id="1414"/>have<Node id="1418"/> <Node id="1419"/>grenades<Node id="1427"/>,<Node id="1428"/> <Node id="1429"/>grenade<Node id="1436"/> <Node id="1437"/>launchers<Node id="1446"/>,<Node id="1447"/> <Node id="1448"/>and<Node id="1451"/> <Node id="1452"/>rocket<Node id="1458"/>
<Node id="1459"/>&gt;<Node id="1460"/> <Node id="1461"/>launchers<Node id="1470"/>.<Node id="1471"/> <Node id="1472"/> <Node id="1473"/>I<Node id="1474"/> <Node id="1475"/>am<Node id="1477"/> <Node id="1478"/>not<Node id="1481"/> <Node id="1482"/>sure<Node id="1486"/> <Node id="1487"/>that<Node id="1491"/> <Node id="1492"/>the<Node id="1495"/> <Node id="1496"/>NRA<Node id="1499"/> <Node id="1500"/>feels<Node id="1505"/> <Node id="1506"/>that<Node id="1510"/> <Node id="1511"/>this<Node id="1515"/> <Node id="1516"/>falls<Node id="1521"/> <Node id="1522"/>under<Node id="1527"/> <Node id="1528"/>
<Node id="1529"/>&gt;<Node id="1530"/> <Node id="1531"/>"<Node id="1532"/>right<Node id="1537"/> <Node id="1538"/>to<Node id="1540"/> <Node id="1541"/>bear<Node id="1545"/> <Node id="1546"/>arms<Node id="1550"/>.<Node id="1551"/>"<Node id="1552"/>
<Node id="1553"/>
<Node id="1554"/>"<Node id="1555"/>Not<Node id="1558"/> <Node id="1559"/>sure<Node id="1563"/>"<Node id="1564"/>,<Node id="1565"/> <Node id="1566"/>yet<Node id="1569"/> <Node id="1570"/>you<Node id="1573"/> <Node id="1574"/>condem<Node id="1580"/> <Node id="1581"/>them<Node id="1585"/> <Node id="1586"/>to<Node id="1588"/> <Node id="1589"/>death<Node id="1594"/> <Node id="1595"/>for<Node id="1598"/> <Node id="1599"/>it<Node id="1601"/>?<Node id="1602"/> <Node id="1603"/> <Node id="1604"/>If<Node id="1606"/> <Node id="1607"/>the<Node id="1610"/> <Node id="1611"/>BATF<Node id="1615"/> <Node id="1616"/>had<Node id="1619"/> <Node id="1620"/>stayed<Node id="1626"/> <Node id="1627"/>home<Node id="1631"/>,<Node id="1632"/> <Node id="1633"/> <Node id="1634"/>
<Node id="1635"/>all<Node id="1638"/> <Node id="1639"/>would<Node id="1644"/> <Node id="1645"/>be<Node id="1647"/> <Node id="1648"/>alive<Node id="1653"/>,<Node id="1654"/> <Node id="1655"/>now<Node id="1658"/>.<Node id="1659"/> <Node id="1660"/> <Node id="1661"/>So<Node id="1663"/> <Node id="1664"/>who<Node id="1667"/> <Node id="1668"/>murdered<Node id="1676"/> <Node id="1677"/>who<Node id="1680"/>?<Node id="1681"/>
<Node id="1682"/>&gt;<Node id="1683"/> <Node id="1684"/> <Node id="1685"/>
<Node id="1686"/>&gt;<Node id="1687"/> <Node id="1688"/>|<Node id="1689"/>&gt;<Node id="1690"/> <Node id="1691"/>Of<Node id="1693"/> <Node id="1694"/>course<Node id="1700"/>,<Node id="1701"/> <Node id="1702"/>to<Node id="1704"/> <Node id="1705"/>Jews<Node id="1709"/> <Node id="1710"/>and<Node id="1713"/> <Node id="1714"/>Mormons<Node id="1721"/> <Node id="1722"/>this<Node id="1726"/> <Node id="1727"/>is<Node id="1729"/> <Node id="1730"/>just<Node id="1734"/> <Node id="1735"/>a<Node id="1736"/> <Node id="1737"/>broken<Node id="1743"/> <Node id="1744"/>record<Node id="1750"/>.<Node id="1751"/> <Node id="1752"/> <Node id="1753"/>It<Node id="1755"/> <Node id="1756"/>has<Node id="1759"/>
<Node id="1760"/>&gt;<Node id="1761"/> <Node id="1762"/>|<Node id="1763"/>&gt;<Node id="1764"/> <Node id="1765"/>happened<Node id="1773"/> <Node id="1774"/>before<Node id="1780"/>.<Node id="1781"/>
<Node id="1782"/>&gt;<Node id="1783"/> <Node id="1784"/>
<Node id="1785"/>&gt;<Node id="1786"/> <Node id="1787"/>Please<Node id="1793"/> <Node id="1794"/>explain<Node id="1801"/>.<Node id="1802"/> <Node id="1803"/> <Node id="1804"/>I<Node id="1805"/> <Node id="1806"/>do<Node id="1808"/> <Node id="1809"/>not<Node id="1812"/> <Node id="1813"/>remember<Node id="1821"/> <Node id="1822"/>Jews<Node id="1826"/> <Node id="1827"/>or<Node id="1829"/> <Node id="1830"/>Mormons<Node id="1837"/> <Node id="1838"/>(<Node id="1839"/>as<Node id="1841"/> <Node id="1842"/>a<Node id="1843"/> <Node id="1844"/>group<Node id="1849"/>)<Node id="1850"/> <Node id="1851"/>overtly<Node id="1858"/> <Node id="1859"/>
<Node id="1860"/>&gt;<Node id="1861"/> <Node id="1862"/>breaking<Node id="1870"/> <Node id="1871"/>a<Node id="1872"/> <Node id="1873"/>judicious<Node id="1882"/> <Node id="1883"/>(<Node id="1884"/>a<Node id="1885"/>.<Node id="1886"/>k<Node id="1887"/>.<Node id="1888"/>a<Node id="1889"/>.<Node id="1890"/> <Node id="1891"/>non-<Node id="1895"/>Nazi<Node id="1899"/>)<Node id="1900"/> <Node id="1901"/>law<Node id="1904"/> <Node id="1905"/>and<Node id="1908"/> <Node id="1909"/>being<Node id="1914"/> <Node id="1915"/>punished<Node id="1923"/> <Node id="1924"/>for<Node id="1927"/> <Node id="1928"/>it<Node id="1930"/>.<Node id="1931"/>
<Node id="1932"/>&gt;<Node id="1933"/> <Node id="1934"/> <Node id="1935"/>
<Node id="1936"/>You<Node id="1939"/> <Node id="1940"/>have<Node id="1944"/> <Node id="1945"/>a<Node id="1946"/> <Node id="1947"/>short<Node id="1952"/> <Node id="1953"/>memory<Node id="1959"/>.<Node id="1960"/>
<Node id="1961"/>
<Node id="1962"/>&gt;<Node id="1963"/> <Node id="1964"/>|<Node id="1965"/>&gt;<Node id="1966"/> <Node id="1967"/>I<Node id="1968"/>'ll<Node id="1971"/> <Node id="1972"/>bet<Node id="1975"/> <Node id="1976"/>all<Node id="1979"/> <Node id="1980"/>you<Node id="1983"/> <Node id="1984"/>cult<Node id="1988"/> <Node id="1989"/>haters<Node id="1995"/> <Node id="1996"/>are<Node id="1999"/> <Node id="2000"/>happy<Node id="2005"/> <Node id="2006"/>now<Node id="2009"/>,<Node id="2010"/> <Node id="2011"/>right<Node id="2016"/>?<Node id="2017"/> <Node id="2018"/> <Node id="2019"/>Just<Node id="2023"/> <Node id="2024"/>hope<Node id="2028"/> <Node id="2029"/>you<Node id="2032"/>'re<Node id="2035"/> <Node id="2036"/>not<Node id="2039"/> <Node id="2040"/> <Node id="2041"/>
<Node id="2042"/>next<Node id="2046"/>.<Node id="2047"/>
<Node id="2048"/>&gt;<Node id="2049"/> <Node id="2050"/>
<Node id="2051"/>&gt;<Node id="2052"/> <Node id="2053"/>Followups<Node id="2062"/> <Node id="2063"/>to<Node id="2065"/> <Node id="2066"/>/<Node id="2067"/>dev<Node id="2070"/>/<Node id="2071"/>null<Node id="2075"/> <Node id="2076"/> <Node id="2077"/>
<Node id="2078"/>&gt;<Node id="2079"/> <Node id="2080"/>
<Node id="2081"/>&gt;<Node id="2082"/> <Node id="2083"/>Alternative<Node id="2094"/> <Node id="2095"/>followups<Node id="2104"/> <Node id="2105"/>set<Node id="2108"/> <Node id="2109"/>to<Node id="2111"/> <Node id="2112"/>talk<Node id="2116"/>.<Node id="2117"/>religion<Node id="2125"/>.<Node id="2126"/>misc<Node id="2130"/>
<Node id="2131"/>&gt;<Node id="2132"/> <Node id="2133"/>
<Node id="2134"/>
<Node id="2135"/>Sleep<Node id="2140"/> <Node id="2141"/>well<Node id="2145"/>,<Node id="2146"/> <Node id="2147"/>tonite<Node id="2153"/>,<Node id="2154"/> <Node id="2155"/>heartless<Node id="2164"/> <Node id="2165"/>idiot<Node id="2170"/>.<Node id="2171"/> <Node id="2172"/> <Node id="2173"/>Sleep<Node id="2178"/> <Node id="2179"/>the<Node id="2182"/> <Node id="2183"/>sleep<Node id="2188"/> <Node id="2189"/>of<Node id="2191"/> <Node id="2192"/>the<Node id="2195"/> <Node id="2196"/>simple-minded<Node id="2209"/>.<Node id="2210"/>
<Node id="2211"/>
<Node id="2212"/>I<Node id="2213"/> <Node id="2214"/>shall<Node id="2219"/> <Node id="2220"/>weep<Node id="2224"/> <Node id="2225"/>for<Node id="2228"/> <Node id="2229"/>my<Node id="2231"/> <Node id="2232"/>country<Node id="2239"/>,<Node id="2240"/> <Node id="2241"/>myself<Node id="2247"/>.<Node id="2248"/>
<Node id="2249"/>
<Node id="2250"/>&gt;<Node id="2251"/> <Node id="2252"/> <Node id="2253"/>
<Node id="2254"/>&gt;<Node id="2255"/> <Node id="2256"/>|<Node id="2257"/>&gt;<Node id="2258"/> <Node id="2259"/>-<Node id="2260"/>-<Node id="2261"/>-<Node id="2262"/>-<Node id="2263"/>-<Node id="2264"/>-<Node id="2265"/>-<Node id="2266"/>-<Node id="2267"/>-<Node id="2268"/>-<Node id="2269"/>-<Node id="2270"/>-<Node id="2271"/> <Node id="2272"/>John<Node id="2276"/> <Node id="2277"/>W<Node id="2278"/>.<Node id="2279"/> <Node id="2280"/>Redelfs<Node id="2287"/>,<Node id="2288"/> <Node id="2289"/>cj<Node id="2291"/>195<Node id="2294"/>@<Node id="2295"/>cleveland<Node id="2304"/>.<Node id="2305"/>freenet<Node id="2312"/>.<Node id="2313"/>edu<Node id="2316"/> <Node id="2317"/>-<Node id="2318"/>-<Node id="2319"/>-<Node id="2320"/>-<Node id="2321"/>-<Node id="2322"/>-<Node id="2323"/>-<Node id="2324"/>-<Node id="2325"/>-<Node id="2326"/>-<Node id="2327"/>-<Node id="2328"/>-<Node id="2329"/>-<Node id="2330"/>
<Node id="2331"/>&gt;<Node id="2332"/> <Node id="2333"/>|<Node id="2334"/>&gt;<Node id="2335"/> <Node id="2336"/>-<Node id="2337"/>-<Node id="2338"/>-<Node id="2339"/>-<Node id="2340"/>-<Node id="2341"/>-<Node id="2342"/>-<Node id="2343"/>-<Node id="2344"/>-<Node id="2345"/> <Node id="2346"/>All<Node id="2349"/> <Node id="2350"/>my<Node id="2352"/> <Node id="2353"/>opinions<Node id="2361"/> <Node id="2362"/>are<Node id="2365"/> <Node id="2366"/>tentative<Node id="2375"/> <Node id="2376"/>pending<Node id="2383"/> <Node id="2384"/>further<Node id="2391"/> <Node id="2392"/>data<Node id="2396"/>.<Node id="2397"/> <Node id="2398"/>-<Node id="2399"/>-<Node id="2400"/>-<Node id="2401"/>-<Node id="2402"/>-<Node id="2403"/>-<Node id="2404"/>-<Node id="2405"/>-<Node id="2406"/>-<Node id="2407"/>
<Node id="2408"/>&gt;<Node id="2409"/> <Node id="2410"/> <Node id="2411"/>
<Node id="2412"/>&gt;<Node id="2413"/> <Node id="2414"/>Gedaliah<Node id="2422"/> <Node id="2423"/>Friedenberg<Node id="2434"/>
<Node id="2435"/>&gt;<Node id="2436"/> <Node id="2437"/>-<Node id="2438"/>=<Node id="2439"/>-<Node id="2440"/>Department<Node id="2450"/> <Node id="2451"/>of<Node id="2453"/> <Node id="2454"/>Mechanical<Node id="2464"/> <Node id="2465"/>Engineering<Node id="2476"/>
<Node id="2477"/>&gt;<Node id="2478"/> <Node id="2479"/>-<Node id="2480"/>=<Node id="2481"/>-<Node id="2482"/>Department<Node id="2492"/> <Node id="2493"/>of<Node id="2495"/> <Node id="2496"/>Metallurgy<Node id="2506"/>,<Node id="2507"/> <Node id="2508"/>Mechanics<Node id="2517"/> <Node id="2518"/>and<Node id="2521"/> <Node id="2522"/>Materials<Node id="2531"/> <Node id="2532"/>Science<Node id="2539"/>
<Node id="2540"/>&gt;<Node id="2541"/> <Node id="2542"/>-<Node id="2543"/>=<Node id="2544"/>-<Node id="2545"/>Michigan<Node id="2553"/> <Node id="2554"/>State<Node id="2559"/> <Node id="2560"/>University<Node id="2570"/>
<Node id="2571"/>&gt;<Node id="2572"/> <Node id="2573"/>
<Node id="2574"/>&gt;<Node id="2575"/> <Node id="2576"/>
<Node id="2577"/>&gt;<Node id="2578"/> <Node id="2579"/> <Node id="2580"/> <Node id="2581"/> <Node id="2582"/> <Node id="2583"/> <Node id="2584"/> <Node id="2585"/> <Node id="2586"/> <Node id="2587"/> <Node id="2588"/> <Node id="2589"/> <Node id="2590"/> <Node id="2591"/> <Node id="2592"/> <Node id="2593"/> <Node id="2594"/> <Node id="2595"/> <Node id="2596"/> <Node id="2597"/> <Node id="2598"/>
<Node id="2599"/>
<Node id="2600"/>I<Node id="2601"/>'m<Node id="2603"/> <Node id="2604"/>short<Node id="2609"/> <Node id="2610"/>of<Node id="2612"/> <Node id="2613"/>patience<Node id="2621"/> <Node id="2622"/>tonite<Node id="2628"/>,<Node id="2629"/> <Node id="2630"/>but<Node id="2633"/> <Node id="2634"/>rabid<Node id="2639"/> <Node id="2640"/>dogs<Node id="2644"/> <Node id="2645"/>deserve<Node id="2652"/> <Node id="2653"/>and<Node id="2656"/> <Node id="2657"/>get<Node id="2660"/> <Node id="2661"/>better<Node id="2667"/> <Node id="2668"/>treatment<Node id="2677"/> <Node id="2678"/> <Node id="2679"/>
<Node id="2680"/>than<Node id="2684"/> <Node id="2685"/>the<Node id="2688"/> <Node id="2689"/>BDs<Node id="2692"/> <Node id="2693"/>got<Node id="2696"/>.<Node id="2697"/>
<Node id="2698"/>
<Node id="2699"/>Jim<Node id="2702"/>
<Node id="2703"/>-<Node id="2704"/>-<Node id="2705"/>
<Node id="2706"/>jmd<Node id="2709"/>@<Node id="2710"/>handheld<Node id="2718"/>.<Node id="2719"/>com<Node id="2722"/>
<Node id="2723"/>-<Node id="2724"/>-<Node id="2725"/>-<Node id="2726"/>-<Node id="2727"/>-<Node id="2728"/>-<Node id="2729"/>-<Node id="2730"/>-<Node id="2731"/>-<Node id="2732"/>-<Node id="2733"/>-<Node id="2734"/>-<Node id="2735"/>-<Node id="2736"/>-<Node id="2737"/>-<Node id="2738"/>-<Node id="2739"/>-<Node id="2740"/>-<Node id="2741"/>-<Node id="2742"/>-<Node id="2743"/>-<Node id="2744"/>-<Node id="2745"/>-<Node id="2746"/>-<Node id="2747"/>-<Node id="2748"/>-<Node id="2749"/>-<Node id="2750"/>-<Node id="2751"/>-<Node id="2752"/>-<Node id="2753"/>-<Node id="2754"/>-<Node id="2755"/>-<Node id="2756"/>-<Node id="2757"/>-<Node id="2758"/>-<Node id="2759"/>-<Node id="2760"/>-<Node id="2761"/>-<Node id="2762"/>-<Node id="2763"/>-<Node id="2764"/>-<Node id="2765"/>-<Node id="2766"/>-<Node id="2767"/>-<Node id="2768"/>-<Node id="2769"/>-<Node id="2770"/>-<Node id="2771"/>-<Node id="2772"/>-<Node id="2773"/>-<Node id="2774"/>-<Node id="2775"/>-<Node id="2776"/>-<Node id="2777"/>-<Node id="2778"/>-<Node id="2779"/>-<Node id="2780"/>-<Node id="2781"/>-<Node id="2782"/>-<Node id="2783"/>-<Node id="2784"/>-<Node id="2785"/>-<Node id="2786"/>-<Node id="2787"/>-<Node id="2788"/>-<Node id="2789"/>-<Node id="2790"/>-<Node id="2791"/>-<Node id="2792"/>-<Node id="2793"/>-<Node id="2794"/>-<Node id="2795"/>-<Node id="2796"/>-<Node id="2797"/>-<Node id="2798"/>-<Node id="2799"/>-<Node id="2800"/>-<Node id="2801"/>-<Node id="2802"/>
<Node id="2803"/>"<Node id="2804"/>I<Node id="2805"/>'m<Node id="2807"/> <Node id="2808"/>always<Node id="2814"/> <Node id="2815"/>rethinking<Node id="2825"/> <Node id="2826"/>that<Node id="2830"/>.<Node id="2831"/> <Node id="2832"/> <Node id="2833"/>There<Node id="2838"/>'s<Node id="2840"/> <Node id="2841"/>never<Node id="2846"/> <Node id="2847"/>been<Node id="2851"/> <Node id="2852"/>a<Node id="2853"/> <Node id="2854"/>day<Node id="2857"/> <Node id="2858"/>when<Node id="2862"/> <Node id="2863"/>I<Node id="2864"/> <Node id="2865"/>have<Node id="2869"/>n't<Node id="2872"/> <Node id="2873"/>rethought<Node id="2882"/> <Node id="2883"/> <Node id="2884"/>
<Node id="2885"/>that<Node id="2889"/>.<Node id="2890"/> <Node id="2891"/> <Node id="2892"/>But<Node id="2895"/> <Node id="2896"/>I<Node id="2897"/> <Node id="2898"/>ca<Node id="2900"/>n't<Node id="2903"/> <Node id="2904"/>do<Node id="2906"/> <Node id="2907"/>that<Node id="2911"/> <Node id="2912"/>by<Node id="2914"/> <Node id="2915"/>myself<Node id="2921"/>.<Node id="2922"/>"<Node id="2923"/> <Node id="2924"/> <Node id="2925"/>Bill<Node id="2929"/> <Node id="2930"/>Clinton<Node id="2937"/> <Node id="2938"/> <Node id="2939"/>6<Node id="2940"/> <Node id="2941"/>April<Node id="2946"/> <Node id="2947"/>93<Node id="2949"/>
<Node id="2950"/>"<Node id="2951"/>If<Node id="2953"/> <Node id="2954"/>I<Node id="2955"/> <Node id="2956"/>were<Node id="2960"/> <Node id="2961"/>an<Node id="2963"/> <Node id="2964"/>American<Node id="2972"/>,<Node id="2973"/> <Node id="2974"/>as<Node id="2976"/> <Node id="2977"/>I<Node id="2978"/> <Node id="2979"/>am<Node id="2981"/> <Node id="2982"/>an<Node id="2984"/> <Node id="2985"/>Englishman<Node id="2995"/>,<Node id="2996"/> <Node id="2997"/>while<Node id="3002"/> <Node id="3003"/>a<Node id="3004"/> <Node id="3005"/>foreign<Node id="3012"/> <Node id="3013"/>troop<Node id="3018"/> <Node id="3019"/>was<Node id="3022"/> <Node id="3023"/>landed<Node id="3029"/> <Node id="3030"/> <Node id="3031"/>
<Node id="3032"/>in<Node id="3034"/> <Node id="3035"/>my<Node id="3037"/> <Node id="3038"/>country<Node id="3045"/>,<Node id="3046"/> <Node id="3047"/>I<Node id="3048"/> <Node id="3049"/>never<Node id="3054"/> <Node id="3055"/>would<Node id="3060"/> <Node id="3061"/>lay<Node id="3064"/> <Node id="3065"/>down<Node id="3069"/> <Node id="3070"/>my<Node id="3072"/> <Node id="3073"/>arms<Node id="3077"/>,<Node id="3078"/>-<Node id="3079"/>never--never--never<Node id="3098"/>!<Node id="3099"/>"<Node id="3100"/>
<Node id="3101"/>WILLIAM<Node id="3108"/> <Node id="3109"/>PITT<Node id="3113"/>,<Node id="3114"/> <Node id="3115"/>EARL<Node id="3119"/> <Node id="3120"/>OF<Node id="3122"/> <Node id="3123"/>CHATHAM<Node id="3130"/> <Node id="3131"/>1708<Node id="3135"/>-<Node id="3136"/>1778<Node id="3140"/> <Node id="3141"/>18<Node id="3143"/> <Node id="3144"/>Nov<Node id="3147"/>.<Node id="3148"/> <Node id="3149"/>1777<Node id="3153"/>
<Node id="3154"/></TextWithNodes>
<!-- The default annotation set -->

<AnnotationSet>
<Annotation EndNode="3154" StartNode="0" Type="Mention" Id="9999999">
<Feature>
<Name classname="java.lang.String">Class</Name>
<Value classname="java.lang.String">0</Value>
</Feature>
</Annotation>

<Annotation Id="7" Type="Token" StartNode="15" EndNode="23">
<Feature>
  <Name className="java.lang.String">string</Name>
  <Value className="java.lang.String">handheld</Value>
</Feature>
</Annotation>
<Annotation Id="36" Type="Token" StartNode="74" EndNode="86">
<Feature>
  <Name className="java.lang.String">string</Name>
  <Value className="java.lang.String">Organization</Value>
</Feature>
</Annotation>
<Annotation Id="43" Type="Token" StartNode="98" EndNode="106">
<Feature>
  <Name className="java.lang.String">string</Name>
  <Value className="java.lang.String">Products</Value>
</Feature>
</Annotation>
<Annotation Id="54" Type="Token" StartNode="123" EndNode="135">
<Feature>
  <Name className="java.lang.String">string</Name>
  <Value className="java.lang.String">Distribution</Value>
</Feature>
</Annotation>
<Annotation Id="59" Type="Token" StartNode="143" EndNode="151">
<Feature>
  <Name className="java.lang.String">string</Name>
  <Value className="java.lang.String">Message-</Value>
</Feature>
</Annotation>
<Annotation Id="78" Type="Token" StartNode="188" EndNode="198">
<Feature>
  <Name className="java.lang.String">string</Name>
  <Value className="java.lang.String">References</Value>
</Feature>
</Annotation>
<Annotation Id="73" Type="Token" StartNode="174" EndNode="182">
<Feature>
  <Name className="java.lang.String">string</Name>
  <Value className="java.lang.String">handheld</Value>
</Feature>
</Annotation>
<Annotation Id="90" Type="Token" StartNode="212" EndNode="219">
<Feature>
  <Name className="java.lang.String">string</Name>
  <Value className="java.lang.String">msuinfo</Value>
</Feature>
</Annotation>
<Annotation Id="99" Type="Token" StartNode="232" EndNode="249">
<Feature>
  <Name className="java.lang.String">string</Name>
  <Value className="java.lang.String">NNTP-Posting-Host</Value>
</Feature>
</Annotation>
<Annotation Id="111" Type="Token" StartNode="273" EndNode="280">
<Feature>
  <Name className="java.lang.String">string</Name>
  <Value className="java.lang.String">article</Value>
</Feature>
</Annotation>
<Annotation Id="104" Type="Token" StartNode="256" EndNode="264">
<Feature>
  <Name className="java.lang.String">string</Name>
  <Value className="java.lang.String">handheld</Value>
</Feature>
</Annotation>
<Annotation Id="122" Type="Token" StartNode="293" EndNode="300">
<Feature>
  <Name className="java.lang.String">string</Name>
  <Value className="java.lang.String">msuinfo</Value>
</Feature>
</Annotation>
<Annotation Id="142" Type="Token" StartNode="341" EndNode="349">
<Feature>
  <Name className="java.lang.String">string</Name>
  <Value className="java.lang.String">Gedaliah</Value>
</Feature>
</Annotation>
<Annotation Id="131" Type="Token" StartNode="313" EndNode="321">
<Feature>
  <Name className="java.lang.String">string</Name>
  <Value className="java.lang.String">friedenb</Value>
</Feature>
</Annotation>
<Annotation Id="156" Type="Token" StartNode="378" EndNode="385">
<Feature>
  <Name className="java.lang.String">string</Name>
  <Value className="java.lang.String">article</Value>
</Feature>
</Annotation>
<Annotation Id="146" Type="Token" StartNode="352" EndNode="363">
<Feature>
  <Name className="java.lang.String">string</Name>
  <Value className="java.lang.String">Friedenberg</Value>
</Feature>
</Annotation>
<Annotation Id="149" Type="Token" StartNode="365" EndNode="371">
<Feature>
  <Name className="java.lang.String">string</Name>
  <Value className="java.lang.String">writes</Value>
</Feature>
</Annotation>
<Annotation Id="165" Type="Token" StartNode="398" EndNode="404">
<Feature>
  <Name className="java.lang.String">string</Name>
  <Value className="java.lang.String">usenet</Value>
</Feature>
</Annotation>
<Annotation Id="178" Type="Token" StartNode="426" EndNode="435">
<Feature>
  <Name className="java.lang.String">string</Name>
  <Value className="java.lang.String">cleveland</Value>
</Feature>
</Annotation>
<Annotation Id="180" Type="Token" StartNode="436" EndNode="443">
<Feature>
  <Name className="java.lang.String">string</Name>
  <Value className="java.lang.String">Freenet</Value>
</Feature>
</Annotation>
<Annotation Id="192" Type="Token" StartNode="459" EndNode="466">
<Feature>
  <Name className="java.lang.String">string</Name>
  <Value className="java.lang.String">Redelfs</Value>
</Feature>
</Annotation>
<Annotation Id="195" Type="Token" StartNode="468" EndNode="474">
<Feature>
  <Name className="java.lang.String">string</Name>
  <Value className="java.lang.String">writes</Value>
</Feature>
</Annotation>
<Annotation Id="219" Type="Token" StartNode="512" EndNode="518">
<Feature>
  <Name className="java.lang.String">string</Name>
  <Value className="java.lang.String">rubbed</Value>
</Feature>
</Annotation>
<Annotation Id="215" Type="Token" StartNode="500" EndNode="507">
<Feature>
  <Name className="java.lang.String">string</Name>
  <Value className="java.lang.String">Brother</Value>
</Feature>
</Annotation>
<Annotation Id="227" Type="Token" StartNode="536" EndNode="544">
<Feature>
  <Name className="java.lang.String">string</Name>
  <Value className="java.lang.String">religion</Value>
</Feature>
</Annotation>
<Annotation Id="225" Type="Token" StartNode="527" EndNode="535">
<Feature>
  <Name className="java.lang.String">string</Name>
  <Value className="java.lang.String">minority</Value>
</Feature>
</Annotation>
<Annotation Id="249" Type="Token" StartNode="577" EndNode="584">
<Feature>
  <Name className="java.lang.String">string</Name>
  <Value className="java.lang.String">Mormons</Value>
</Feature>
</Annotation>
<Annotation Id="275" Type="Token" StartNode="624" EndNode="631">
<Feature>
  <Name className="java.lang.String">string</Name>
  <Value className="java.lang.String">Mormons</Value>
</Feature>
</Annotation>
<Annotation Id="277" Type="Token" StartNode="632" EndNode="641">
<Feature>
  <Name className="java.lang.String">string</Name>
  <Value className="java.lang.String">fortified</Value>
</Feature>
</Annotation>
<Annotation Id="304" Type="Token" StartNode="697" EndNode="704">
<Feature>
  <Name className="java.lang.String">string</Name>
  <Value className="java.lang.String">illegal</Value>
</Feature>
</Annotation>
<Annotation Id="306" Type="Token" StartNode="705" EndNode="713">
<Feature>
  <Name className="java.lang.String">string</Name>
  <Value className="java.lang.String">activity</Value>
</Feature>
</Annotation>
<Annotation Id="313" Type="Token" StartNode="725" EndNode="732">
<Feature>
  <Name className="java.lang.String">string</Name>
  <Value className="java.lang.String">deserve</Value>
</Feature>
</Annotation>
<Annotation Id="315" Type="Token" StartNode="733" EndNode="741">
<Feature>
  <Name className="java.lang.String">string</Name>
  <Value className="java.lang.String">whatever</Value>
</Feature>
</Annotation>
<Annotation Id="300" Type="Token" StartNode="685" EndNode="693">
<Feature>
  <Name className="java.lang.String">string</Name>
  <Value className="java.lang.String">involved</Value>
</Feature>
</Annotation>
<Annotation Id="342" Type="Token" StartNode="791" EndNode="797">
<Feature>
  <Name className="java.lang.String">string</Name>
  <Value className="java.lang.String">former</Value>
</Feature>
</Annotation>
<Annotation Id="350" Type="Token" StartNode="808" EndNode="816">
<Feature>
  <Name className="java.lang.String">string</Name>
  <Value className="java.lang.String">Innocent</Value>
</Feature>
</Annotation>
<Annotation Id="332" Type="Token" StartNode="771" EndNode="778">
<Feature>
  <Name className="java.lang.String">string</Name>
  <Value className="java.lang.String">brought</Value>
</Feature>
</Annotation>
<Annotation Id="377" Type="Token" StartNode="872" EndNode="878">
<Feature>
  <Name className="java.lang.String">string</Name>
  <Value className="java.lang.String">Rather</Value>
</Feature>
</Annotation>
<Annotation Id="358" Type="Token" StartNode="832" EndNode="838">
<Feature>
  <Name className="java.lang.String">string</Name>
  <Value className="java.lang.String">guilty</Value>
</Feature>
</Annotation>
<Annotation Id="354" Type="Token" StartNode="823" EndNode="829">
<Feature>
  <Name className="java.lang.String">string</Name>
  <Value className="java.lang.String">proven</Value>
</Feature>
</Annotation>
<Annotation Id="411" Type="Token" StartNode="948" EndNode="955">
<Feature>
  <Name className="java.lang.String">string</Name>
  <Value className="java.lang.String">brought</Value>
</Feature>
</Annotation>
<Annotation Id="409" Type="Token" StartNode="941" EndNode="947">
<Feature>
  <Name className="java.lang.String">string</Name>
  <Value className="java.lang.String">charge</Value>
</Feature>
</Annotation>
<Annotation Id="413" Type="Token" StartNode="956" EndNode="963">
<Feature>
  <Name className="java.lang.String">string</Name>
  <Value className="java.lang.String">against</Value>
</Feature>
</Annotation>
<Annotation Id="402" Type="Token" StartNode="923" EndNode="930">
<Feature>
  <Name className="java.lang.String">string</Name>
  <Value className="java.lang.String">evasion</Value>
</Feature>
</Annotation>
<Annotation Id="386" Type="Token" StartNode="893" EndNode="900">
<Feature>
  <Name className="java.lang.String">string</Name>
  <Value className="java.lang.String">country</Value>
</Feature>
</Annotation>
<Annotation Id="446" Type="Token" StartNode="1029" EndNode="1035">
<Feature>
  <Name className="java.lang.String">string</Name>
  <Value className="java.lang.String">making</Value>
</Feature>
</Annotation>
<Annotation Id="432" Type="Token" StartNode="1003" EndNode="1010">
<Feature>
  <Name className="java.lang.String">string</Name>
  <Value className="java.lang.String">country</Value>
</Feature>
</Annotation>
<Annotation Id="420" Type="Token" StartNode="973" EndNode="983">
<Feature>
  <Name className="java.lang.String">string</Name>
  <Value className="java.lang.String">punishable</Value>
</Feature>
</Annotation>
<Annotation Id="460" Type="Token" StartNode="1067" EndNode="1073">
<Feature>
  <Name className="java.lang.String">string</Name>
  <Value className="java.lang.String">really</Value>
</Feature>
</Annotation>
<Annotation Id="452" Type="Token" StartNode="1048" EndNode="1058">
<Feature>
  <Name className="java.lang.String">string</Name>
  <Value className="java.lang.String">suggestion</Value>
</Feature>
</Annotation>
<Annotation Id="450" Type="Token" StartNode="1038" EndNode="1047">
<Feature>
  <Name className="java.lang.String">string</Name>
  <Value className="java.lang.String">ludicrous</Value>
</Feature>
</Annotation>
<Annotation Id="505" Type="Token" StartNode="1166" EndNode="1174">
<Feature>
  <Name className="java.lang.String">string</Name>
  <Value className="java.lang.String">exercise</Value>
</Feature>
</Annotation>
<Annotation Id="497" Type="Token" StartNode="1140" EndNode="1148">
<Feature>
  <Name className="java.lang.String">string</Name>
  <Value className="java.lang.String">everyone</Value>
</Feature>
</Annotation>
<Annotation Id="499" Type="Token" StartNode="1149" EndNode="1156">
<Feature>
  <Name className="java.lang.String">string</Name>
  <Value className="java.lang.String">enjoyed</Value>
</Feature>
</Annotation>
<Annotation Id="493" Type="Token" StartNode="1126" EndNode="1133">
<Feature>
  <Name className="java.lang.String">string</Name>
  <Value className="java.lang.String">country</Value>
</Feature>
</Annotation>
<Annotation Id="548" Type="Token" StartNode="1252" EndNode="1259">
<Feature>
  <Name className="java.lang.String">string</Name>
  <Value className="java.lang.String">include</Value>
</Feature>
</Annotation>
<Annotation Id="558" Type="Token" StartNode="1280" EndNode="1286">
<Feature>
  <Name className="java.lang.String">string</Name>
  <Value className="java.lang.String">little</Value>
</Feature>
</Annotation>
<Annotation Id="556" Type="Token" StartNode="1273" EndNode="1279">
<Feature>
  <Name className="java.lang.String">string</Name>
  <Value className="java.lang.String">murder</Value>
</Feature>
</Annotation>
<Annotation Id="560" Type="Token" StartNode="1287" EndNode="1295">
<Feature>
  <Name className="java.lang.String">string</Name>
  <Value className="java.lang.String">children</Value>
</Feature>
</Annotation>
<Annotation Id="574" Type="Token" StartNode="1322" EndNode="1330">
<Feature>
  <Name className="java.lang.String">string</Name>
  <Value className="java.lang.String">officers</Value>
</Feature>
</Annotation>
<Annotation Id="568" Type="Token" StartNode="1308" EndNode="1315">
<Feature>
  <Name className="java.lang.String">string</Name>
  <Value className="java.lang.String">killing</Value>
</Feature>
</Annotation>
<Annotation Id="516" Type="Token" StartNode="1189" EndNode="1195">
<Feature>
  <Name className="java.lang.String">string</Name>
  <Value className="java.lang.String">rights</Value>
</Feature>
</Annotation>
<Annotation Id="520" Type="Token" StartNode="1199" EndNode="1206">
<Feature>
  <Name className="java.lang.String">string</Name>
  <Value className="java.lang.String">worship</Value>
</Feature>
</Annotation>
<Annotation Id="612" Type="Token" StartNode="1403" EndNode="1410">
<Feature>
  <Name className="java.lang.String">string</Name>
  <Value className="java.lang.String">claimed</Value>
</Feature>
</Annotation>
<Annotation Id="618" Type="Token" StartNode="1419" EndNode="1427">
<Feature>
  <Name className="java.lang.String">string</Name>
  <Value className="java.lang.String">grenades</Value>
</Feature>
</Annotation>
<Annotation Id="623" Type="Token" StartNode="1437" EndNode="1446">
<Feature>
  <Name className="java.lang.String">string</Name>
  <Value className="java.lang.String">launchers</Value>
</Feature>
</Annotation>
<Annotation Id="621" Type="Token" StartNode="1429" EndNode="1436">
<Feature>
  <Name className="java.lang.String">string</Name>
  <Value className="java.lang.String">grenade</Value>
</Feature>
</Annotation>
<Annotation Id="628" Type="Token" StartNode="1452" EndNode="1458">
<Feature>
  <Name className="java.lang.String">string</Name>
  <Value className="java.lang.String">rocket</Value>
</Feature>
</Annotation>
<Annotation Id="632" Type="Token" StartNode="1461" EndNode="1470">
<Feature>
  <Name className="java.lang.String">string</Name>
  <Value className="java.lang.String">launchers</Value>
</Feature>
</Annotation>
<Annotation Id="606" Type="Token" StartNode="1388" EndNode="1394">
<Feature>
  <Name className="java.lang.String">string</Name>
  <Value className="java.lang.String">Koresh</Value>
</Feature>
</Annotation>
<Annotation Id="686" Type="Token" StartNode="1574" EndNode="1580">
<Feature>
  <Name className="java.lang.String">string</Name>
  <Value className="java.lang.String">condem</Value>
</Feature>
</Annotation>
<Annotation Id="748" Type="Token" StartNode="1694" EndNode="1700">
<Feature>
  <Name className="java.lang.String">string</Name>
  <Value className="java.lang.String">course</Value>
</Feature>
</Annotation>
<Annotation Id="767" Type="Token" StartNode="1737" EndNode="1743">
<Feature>
  <Name className="java.lang.String">string</Name>
  <Value className="java.lang.String">broken</Value>
</Feature>
</Annotation>
<Annotation Id="757" Type="Token" StartNode="1714" EndNode="1721">
<Feature>
  <Name className="java.lang.String">string</Name>
  <Value className="java.lang.String">Mormons</Value>
</Feature>
</Annotation>
<Annotation Id="708" Type="Token" StartNode="1620" EndNode="1626">
<Feature>
  <Name className="java.lang.String">string</Name>
  <Value className="java.lang.String">stayed</Value>
</Feature>
</Annotation>
<Annotation Id="732" Type="Token" StartNode="1668" EndNode="1676">
<Feature>
  <Name className="java.lang.String">string</Name>
  <Value className="java.lang.String">murdered</Value>
</Feature>
</Annotation>
<Annotation Id="820" Type="Token" StartNode="1851" EndNode="1858">
<Feature>
  <Name className="java.lang.String">string</Name>
  <Value className="java.lang.String">overtly</Value>
</Feature>
</Annotation>
<Annotation Id="829" Type="Token" StartNode="1873" EndNode="1882">
<Feature>
  <Name className="java.lang.String">string</Name>
  <Value className="java.lang.String">judicious</Value>
</Feature>
</Annotation>
<Annotation Id="825" Type="Token" StartNode="1862" EndNode="1870">
<Feature>
  <Name className="java.lang.String">string</Name>
  <Value className="java.lang.String">breaking</Value>
</Feature>
</Annotation>
<Annotation Id="804" Type="Token" StartNode="1813" EndNode="1821">
<Feature>
  <Name className="java.lang.String">string</Name>
  <Value className="java.lang.String">remember</Value>
</Feature>
</Annotation>
<Annotation Id="810" Type="Token" StartNode="1830" EndNode="1837">
<Feature>
  <Name className="java.lang.String">string</Name>
  <Value className="java.lang.String">Mormons</Value>
</Feature>
</Annotation>
<Annotation Id="784" Type="Token" StartNode="1774" EndNode="1780">
<Feature>
  <Name className="java.lang.String">string</Name>
  <Value className="java.lang.String">before</Value>
</Feature>
</Annotation>
<Annotation Id="794" Type="Token" StartNode="1794" EndNode="1801">
<Feature>
  <Name className="java.lang.String">string</Name>
  <Value className="java.lang.String">explain</Value>
</Feature>
</Annotation>
<Annotation Id="792" Type="Token" StartNode="1787" EndNode="1793">
<Feature>
  <Name className="java.lang.String">string</Name>
  <Value className="java.lang.String">Please</Value>
</Feature>
</Annotation>
<Annotation Id="769" Type="Token" StartNode="1744" EndNode="1750">
<Feature>
  <Name className="java.lang.String">string</Name>
  <Value className="java.lang.String">record</Value>
</Feature>
</Annotation>
<Annotation Id="782" Type="Token" StartNode="1765" EndNode="1773">
<Feature>
  <Name className="java.lang.String">string</Name>
  <Value className="java.lang.String">happened</Value>
</Feature>
</Annotation>
<Annotation Id="889" Type="Token" StartNode="1989" EndNode="1995">
<Feature>
  <Name className="java.lang.String">string</Name>
  <Value className="java.lang.String">haters</Value>
</Feature>
</Annotation>
<Annotation Id="868" Type="Token" StartNode="1953" EndNode="1959">
<Feature>
  <Name className="java.lang.String">string</Name>
  <Value className="java.lang.String">memory</Value>
</Feature>
</Annotation>
<Annotation Id="849" Type="Token" StartNode="1915" EndNode="1923">
<Feature>
  <Name className="java.lang.String">string</Name>
  <Value className="java.lang.String">punished</Value>
</Feature>
</Annotation>
<Annotation Id="948" Type="Token" StartNode="2117" EndNode="2125">
<Feature>
  <Name className="java.lang.String">string</Name>
  <Value className="java.lang.String">religion</Value>
</Feature>
</Annotation>
<Annotation Id="940" Type="Token" StartNode="2095" EndNode="2104">
<Feature>
  <Name className="java.lang.String">string</Name>
  <Value className="java.lang.String">followups</Value>
</Feature>
</Annotation>
<Annotation Id="938" Type="Token" StartNode="2083" EndNode="2094">
<Feature>
  <Name className="java.lang.String">string</Name>
  <Value className="java.lang.String">Alternative</Value>
</Feature>
</Annotation>
<Annotation Id="922" Type="Token" StartNode="2053" EndNode="2062">
<Feature>
  <Name className="java.lang.String">string</Name>
  <Value className="java.lang.String">Followups</Value>
</Feature>
</Annotation>
<Annotation Id="994" Type="Token" StartNode="2232" EndNode="2239">
<Feature>
  <Name className="java.lang.String">string</Name>
  <Value className="java.lang.String">country</Value>
</Feature>
</Annotation>
<Annotation Id="997" Type="Token" StartNode="2241" EndNode="2247">
<Feature>
  <Name className="java.lang.String">string</Name>
  <Value className="java.lang.String">myself</Value>
</Feature>
</Annotation>
<Annotation Id="980" Type="Token" StartNode="2196" EndNode="2209">
<Feature>
  <Name className="java.lang.String">string</Name>
  <Value className="java.lang.String">simple-minded</Value>
</Feature>
</Annotation>
<Annotation Id="961" Type="Token" StartNode="2147" EndNode="2153">
<Feature>
  <Name className="java.lang.String">string</Name>
  <Value className="java.lang.String">tonite</Value>
</Feature>
</Annotation>
<Annotation Id="964" Type="Token" StartNode="2155" EndNode="2164">
<Feature>
  <Name className="java.lang.String">string</Name>
  <Value className="java.lang.String">heartless</Value>
</Feature>
</Annotation>
<Annotation Id="1102" Type="Token" StartNode="2414" EndNode="2422">
<Feature>
  <Name className="java.lang.String">string</Name>
  <Value className="java.lang.String">Gedaliah</Value>
</Feature>
</Annotation>
<Annotation Id="1117" Type="Token" StartNode="2465" EndNode="2476">
<Feature>
  <Name className="java.lang.String">string</Name>
  <Value className="java.lang.String">Engineering</Value>
</Feature>
</Annotation>
<Annotation Id="1115" Type="Token" StartNode="2454" EndNode="2464">
<Feature>
  <Name className="java.lang.String">string</Name>
  <Value className="java.lang.String">Mechanical</Value>
</Feature>
</Annotation>
<Annotation Id="1111" Type="Token" StartNode="2440" EndNode="2450">
<Feature>
  <Name className="java.lang.String">string</Name>
  <Value className="java.lang.String">Department</Value>
</Feature>
</Annotation>
<Annotation Id="1104" Type="Token" StartNode="2423" EndNode="2434">
<Feature>
  <Name className="java.lang.String">string</Name>
  <Value className="java.lang.String">Friedenberg</Value>
</Feature>
</Annotation>
<Annotation Id="1135" Type="Token" StartNode="2522" EndNode="2531">
<Feature>
  <Name className="java.lang.String">string</Name>
  <Value className="java.lang.String">Materials</Value>
</Feature>
</Annotation>
<Annotation Id="1131" Type="Token" StartNode="2508" EndNode="2517">
<Feature>
  <Name className="java.lang.String">string</Name>
  <Value className="java.lang.String">Mechanics</Value>
</Feature>
</Annotation>
<Annotation Id="1128" Type="Token" StartNode="2496" EndNode="2506">
<Feature>
  <Name className="java.lang.String">string</Name>
  <Value className="java.lang.String">Metallurgy</Value>
</Feature>
</Annotation>
<Annotation Id="1124" Type="Token" StartNode="2482" EndNode="2492">
<Feature>
  <Name className="java.lang.String">string</Name>
  <Value className="java.lang.String">Department</Value>
</Feature>
</Annotation>
<Annotation Id="1148" Type="Token" StartNode="2560" EndNode="2570">
<Feature>
  <Name className="java.lang.String">string</Name>
  <Value className="java.lang.String">University</Value>
</Feature>
</Annotation>
<Annotation Id="1144" Type="Token" StartNode="2545" EndNode="2553">
<Feature>
  <Name className="java.lang.String">string</Name>
  <Value className="java.lang.String">Michigan</Value>
</Feature>
</Annotation>
<Annotation Id="1137" Type="Token" StartNode="2532" EndNode="2539">
<Feature>
  <Name className="java.lang.String">string</Name>
  <Value className="java.lang.String">Science</Value>
</Feature>
</Annotation>
<Annotation Id="1034" Type="Token" StartNode="2295" EndNode="2304">
<Feature>
  <Name className="java.lang.String">string</Name>
  <Value className="java.lang.String">cleveland</Value>
</Feature>
</Annotation>
<Annotation Id="1036" Type="Token" StartNode="2305" EndNode="2312">
<Feature>
  <Name className="java.lang.String">string</Name>
  <Value className="java.lang.String">freenet</Value>
</Feature>
</Annotation>
<Annotation Id="1028" Type="Token" StartNode="2280" EndNode="2287">
<Feature>
  <Name className="java.lang.String">string</Name>
  <Value className="java.lang.String">Redelfs</Value>
</Feature>
</Annotation>
<Annotation Id="1081" Type="Token" StartNode="2384" EndNode="2391">
<Feature>
  <Name className="java.lang.String">string</Name>
  <Value className="java.lang.String">further</Value>
</Feature>
</Annotation>
<Annotation Id="1073" Type="Token" StartNode="2353" EndNode="2361">
<Feature>
  <Name className="java.lang.String">string</Name>
  <Value className="java.lang.String">opinions</Value>
</Feature>
</Annotation>
<Annotation Id="1079" Type="Token" StartNode="2376" EndNode="2383">
<Feature>
  <Name className="java.lang.String">string</Name>
  <Value className="java.lang.String">pending</Value>
</Feature>
</Annotation>
<Annotation Id="1077" Type="Token" StartNode="2366" EndNode="2375">
<Feature>
  <Name className="java.lang.String">string</Name>
  <Value className="java.lang.String">tentative</Value>
</Feature>
</Annotation>
<Annotation Id="1227" Type="Token" StartNode="2710" EndNode="2718">
<Feature>
  <Name className="java.lang.String">string</Name>
  <Value className="java.lang.String">handheld</Value>
</Feature>
</Annotation>
<Annotation Id="1187" Type="Token" StartNode="2613" EndNode="2621">
<Feature>
  <Name className="java.lang.String">string</Name>
  <Value className="java.lang.String">patience</Value>
</Feature>
</Annotation>
<Annotation Id="1189" Type="Token" StartNode="2622" EndNode="2628">
<Feature>
  <Name className="java.lang.String">string</Name>
  <Value className="java.lang.String">tonite</Value>
</Feature>
</Annotation>
<Annotation Id="1198" Type="Token" StartNode="2645" EndNode="2652">
<Feature>
  <Name className="java.lang.String">string</Name>
  <Value className="java.lang.String">deserve</Value>
</Feature>
</Annotation>
<Annotation Id="1206" Type="Token" StartNode="2668" EndNode="2677">
<Feature>
  <Name className="java.lang.String">string</Name>
  <Value className="java.lang.String">treatment</Value>
</Feature>
</Annotation>
<Annotation Id="1204" Type="Token" StartNode="2661" EndNode="2667">
<Feature>
  <Name className="java.lang.String">string</Name>
  <Value className="java.lang.String">better</Value>
</Feature>
</Annotation>
<Annotation Id="1373" Type="Token" StartNode="2930" EndNode="2937">
<Feature>
  <Name className="java.lang.String">string</Name>
  <Value className="java.lang.String">Clinton</Value>
</Feature>
</Annotation>
<Annotation Id="1366" Type="Token" StartNode="2915" EndNode="2921">
<Feature>
  <Name className="java.lang.String">string</Name>
  <Value className="java.lang.String">myself</Value>
</Feature>
</Annotation>
<Annotation Id="1344" Type="Token" StartNode="2873" EndNode="2882">
<Feature>
  <Name className="java.lang.String">string</Name>
  <Value className="java.lang.String">rethought</Value>
</Feature>
</Annotation>
<Annotation Id="1402" Type="Token" StartNode="2985" EndNode="2995">
<Feature>
  <Name className="java.lang.String">string</Name>
  <Value className="java.lang.String">Englishman</Value>
</Feature>
</Annotation>
<Annotation Id="1391" Type="Token" StartNode="2964" EndNode="2972">
<Feature>
  <Name className="java.lang.String">string</Name>
  <Value className="java.lang.String">American</Value>
</Feature>
</Annotation>
<Annotation Id="1316" Type="Token" StartNode="2808" EndNode="2814">
<Feature>
  <Name className="java.lang.String">string</Name>
  <Value className="java.lang.String">always</Value>
</Feature>
</Annotation>
<Annotation Id="1318" Type="Token" StartNode="2815" EndNode="2825">
<Feature>
  <Name className="java.lang.String">string</Name>
  <Value className="java.lang.String">rethinking</Value>
</Feature>
</Annotation>
<Annotation Id="1409" Type="Token" StartNode="3005" EndNode="3012">
<Feature>
  <Name className="java.lang.String">string</Name>
  <Value className="java.lang.String">foreign</Value>
</Feature>
</Annotation>
<Annotation Id="1415" Type="Token" StartNode="3023" EndNode="3029">
<Feature>
  <Name className="java.lang.String">string</Name>
  <Value className="java.lang.String">landed</Value>
</Feature>
</Annotation>
<Annotation Id="1423" Type="Token" StartNode="3038" EndNode="3045">
<Feature>
  <Name className="java.lang.String">string</Name>
  <Value className="java.lang.String">country</Value>
</Feature>
</Annotation>
<Annotation Id="1441" Type="Token" StartNode="3079" EndNode="3098">
<Feature>
  <Name className="java.lang.String">string</Name>
  <Value className="java.lang.String">never--never--never</Value>
</Feature>
</Annotation>
<Annotation Id="1445" Type="Token" StartNode="3101" EndNode="3108">
<Feature>
  <Name className="java.lang.String">string</Name>
  <Value className="java.lang.String">WILLIAM</Value>
</Feature>
</Annotation>
<Annotation Id="1454" Type="Token" StartNode="3123" EndNode="3130">
<Feature>
  <Name className="java.lang.String">string</Name>
  <Value className="java.lang.String">CHATHAM</Value>
</Feature>
</Annotation>
</AnnotationSet>
<AnnotationSet Name="Original markups"> </AnnotationSet>
</GateDocument>