<?xml version='1.0' encoding='UTF-8'?>
<GateDocument version="3">
<!-- The document's features-->

<GateDocumentFeatures>
<Feature>
  <Name className="java.lang.String">Original_document_content_on_load</Name>
  <Value className="java.lang.String">From: cdt@sw.stratus.com (C. D. Tavares)
Date: 22 Apr 1993 17:23:49 GMT
Organization: Stratus Computer, Inc.
Lines: 33
Distribution: world
Message-ID: &lt;1r6kb5$64f@transfer.stratus.com>
References: &lt;OAF.93Apr21181038@klosters.ai.mit.edu>
NNTP-Posting-Host: rocket.sw.stratus.com

In article &lt;OAF.93Apr21181038@klosters.ai.mit.edu>, oaf@zurich.ai.mit.edu (Oded Feingold) writes:

> Look at history.  Rep Leo Ryan (and some staffers) visited Jonestown,
> at the request of constituents who had relatives there.  Once
> Jonestown was discovered, and even though they killed Ryan and his
> entourage ... they all killed themselves, because Jim Jones knew he'd
> be busted...

> The only way to prevent such a problem would be never to investigate
> reports of child abuse or sexual mistreatment, or organizations buying
> full-auto conversion kits or shipping hand grenades via UPS, on the
> off chance of stumbling across cults that would kill themselves. ...
> 
> So, the only way the BATF/FBI could "save" those people, and future
> cults, is by ignoring such signs.

The paucity of this line of argument is that it is provably false.

Texas state officials COULD and DID investigate child abuse charges.
They COULD and DID apprehend Koresh peaceably.  The COULD and DID
impound his weapons for the duration.  And Koresh was NOT CONVICTED.

Note that child abuse and similar accusations are STATE matters, not
federal.  The state COULD and DID handle them properly and peaceably,
and furthermore violating no one's constitutional rights in the process.

So maybe the best way for BATF/FBI to save people is to mind their 
own fucking business.
-- 

cdt@rocket.sw.stratus.com   --If you believe that I speak for my company,
OR cdt@vos.stratus.com        write today for my special Investors' Packet...

</Value>
</Feature>
<Feature>
  <Name className="java.lang.String">gate.SourceURL</Name>
  <Value className="java.lang.String">file:/C:/Users/jian/Documents/NetBeansProjects/NoiseReductionTechniques/mideastPoliticsMix/negative226</Value>
</Feature>
</GateDocumentFeatures>
<!-- The document content area with serialized nodes -->

<TextWithNodes><Node id="0"/>From<Node id="4"/>:<Node id="5"/> <Node id="6"/>cdt<Node id="9"/>@<Node id="10"/>sw<Node id="12"/>.<Node id="13"/>stratus<Node id="20"/>.<Node id="21"/>com<Node id="24"/> <Node id="25"/>(<Node id="26"/>C<Node id="27"/>.<Node id="28"/> <Node id="29"/>D<Node id="30"/>.<Node id="31"/> <Node id="32"/>Tavares<Node id="39"/>)<Node id="40"/>
<Node id="41"/>Date<Node id="45"/>:<Node id="46"/> <Node id="47"/>22<Node id="49"/> <Node id="50"/>Apr<Node id="53"/> <Node id="54"/>1993<Node id="58"/> <Node id="59"/>17<Node id="61"/>:<Node id="62"/>23<Node id="64"/>:<Node id="65"/>49<Node id="67"/> <Node id="68"/>GMT<Node id="71"/>
<Node id="72"/>Organization<Node id="84"/>:<Node id="85"/> <Node id="86"/>Stratus<Node id="93"/> <Node id="94"/>Computer<Node id="102"/>,<Node id="103"/> <Node id="104"/>Inc<Node id="107"/>.<Node id="108"/>
<Node id="109"/>Lines<Node id="114"/>:<Node id="115"/> <Node id="116"/>33<Node id="118"/>
<Node id="119"/>Distribution<Node id="131"/>:<Node id="132"/> <Node id="133"/>world<Node id="138"/>
<Node id="139"/>Message-<Node id="147"/>ID<Node id="149"/>:<Node id="150"/> <Node id="151"/>&lt;<Node id="152"/>1<Node id="153"/>r<Node id="154"/>6<Node id="155"/>kb<Node id="157"/>5<Node id="158"/>$<Node id="159"/>64<Node id="161"/>f<Node id="162"/>@<Node id="163"/>transfer<Node id="171"/>.<Node id="172"/>stratus<Node id="179"/>.<Node id="180"/>com<Node id="183"/>&gt;<Node id="184"/>
<Node id="185"/>References<Node id="195"/>:<Node id="196"/> <Node id="197"/>&lt;<Node id="198"/>OAF<Node id="201"/>.<Node id="202"/>93<Node id="204"/>Apr<Node id="207"/>21181038<Node id="215"/>@<Node id="216"/>klosters<Node id="224"/>.<Node id="225"/>ai<Node id="227"/>.<Node id="228"/>mit<Node id="231"/>.<Node id="232"/>edu<Node id="235"/>&gt;<Node id="236"/>
<Node id="237"/>NNTP-Posting-Host<Node id="254"/>:<Node id="255"/> <Node id="256"/>rocket<Node id="262"/>.<Node id="263"/>sw<Node id="265"/>.<Node id="266"/>stratus<Node id="273"/>.<Node id="274"/>com<Node id="277"/>
<Node id="278"/>
<Node id="279"/>In<Node id="281"/> <Node id="282"/>article<Node id="289"/> <Node id="290"/>&lt;<Node id="291"/>OAF<Node id="294"/>.<Node id="295"/>93<Node id="297"/>Apr<Node id="300"/>21181038<Node id="308"/>@<Node id="309"/>klosters<Node id="317"/>.<Node id="318"/>ai<Node id="320"/>.<Node id="321"/>mit<Node id="324"/>.<Node id="325"/>edu<Node id="328"/>&gt;<Node id="329"/>,<Node id="330"/> <Node id="331"/>oaf<Node id="334"/>@<Node id="335"/>zurich<Node id="341"/>.<Node id="342"/>ai<Node id="344"/>.<Node id="345"/>mit<Node id="348"/>.<Node id="349"/>edu<Node id="352"/> <Node id="353"/>(<Node id="354"/>Oded<Node id="358"/> <Node id="359"/>Feingold<Node id="367"/>)<Node id="368"/> <Node id="369"/>writes<Node id="375"/>:<Node id="376"/>
<Node id="377"/>
<Node id="378"/>&gt;<Node id="379"/> <Node id="380"/>Look<Node id="384"/> <Node id="385"/>at<Node id="387"/> <Node id="388"/>history<Node id="395"/>.<Node id="396"/> <Node id="397"/> <Node id="398"/>Rep<Node id="401"/> <Node id="402"/>Leo<Node id="405"/> <Node id="406"/>Ryan<Node id="410"/> <Node id="411"/>(<Node id="412"/>and<Node id="415"/> <Node id="416"/>some<Node id="420"/> <Node id="421"/>staffers<Node id="429"/>)<Node id="430"/> <Node id="431"/>visited<Node id="438"/> <Node id="439"/>Jonestown<Node id="448"/>,<Node id="449"/>
<Node id="450"/>&gt;<Node id="451"/> <Node id="452"/>at<Node id="454"/> <Node id="455"/>the<Node id="458"/> <Node id="459"/>request<Node id="466"/> <Node id="467"/>of<Node id="469"/> <Node id="470"/>constituents<Node id="482"/> <Node id="483"/>who<Node id="486"/> <Node id="487"/>had<Node id="490"/> <Node id="491"/>relatives<Node id="500"/> <Node id="501"/>there<Node id="506"/>.<Node id="507"/> <Node id="508"/> <Node id="509"/>Once<Node id="513"/>
<Node id="514"/>&gt;<Node id="515"/> <Node id="516"/>Jonestown<Node id="525"/> <Node id="526"/>was<Node id="529"/> <Node id="530"/>discovered<Node id="540"/>,<Node id="541"/> <Node id="542"/>and<Node id="545"/> <Node id="546"/>even<Node id="550"/> <Node id="551"/>though<Node id="557"/> <Node id="558"/>they<Node id="562"/> <Node id="563"/>killed<Node id="569"/> <Node id="570"/>Ryan<Node id="574"/> <Node id="575"/>and<Node id="578"/> <Node id="579"/>his<Node id="582"/>
<Node id="583"/>&gt;<Node id="584"/> <Node id="585"/>entourage<Node id="594"/> <Node id="595"/>.<Node id="596"/>.<Node id="597"/>.<Node id="598"/> <Node id="599"/>they<Node id="603"/> <Node id="604"/>all<Node id="607"/> <Node id="608"/>killed<Node id="614"/> <Node id="615"/>themselves<Node id="625"/>,<Node id="626"/> <Node id="627"/>because<Node id="634"/> <Node id="635"/>Jim<Node id="638"/> <Node id="639"/>Jones<Node id="644"/> <Node id="645"/>knew<Node id="649"/> <Node id="650"/>he<Node id="652"/>'d<Node id="654"/>
<Node id="655"/>&gt;<Node id="656"/> <Node id="657"/>be<Node id="659"/> <Node id="660"/>busted<Node id="666"/>.<Node id="667"/>.<Node id="668"/>.<Node id="669"/>
<Node id="670"/>
<Node id="671"/>&gt;<Node id="672"/> <Node id="673"/>The<Node id="676"/> <Node id="677"/>only<Node id="681"/> <Node id="682"/>way<Node id="685"/> <Node id="686"/>to<Node id="688"/> <Node id="689"/>prevent<Node id="696"/> <Node id="697"/>such<Node id="701"/> <Node id="702"/>a<Node id="703"/> <Node id="704"/>problem<Node id="711"/> <Node id="712"/>would<Node id="717"/> <Node id="718"/>be<Node id="720"/> <Node id="721"/>never<Node id="726"/> <Node id="727"/>to<Node id="729"/> <Node id="730"/>investigate<Node id="741"/>
<Node id="742"/>&gt;<Node id="743"/> <Node id="744"/>reports<Node id="751"/> <Node id="752"/>of<Node id="754"/> <Node id="755"/>child<Node id="760"/> <Node id="761"/>abuse<Node id="766"/> <Node id="767"/>or<Node id="769"/> <Node id="770"/>sexual<Node id="776"/> <Node id="777"/>mistreatment<Node id="789"/>,<Node id="790"/> <Node id="791"/>or<Node id="793"/> <Node id="794"/>organizations<Node id="807"/> <Node id="808"/>buying<Node id="814"/>
<Node id="815"/>&gt;<Node id="816"/> <Node id="817"/>full-auto<Node id="826"/> <Node id="827"/>conversion<Node id="837"/> <Node id="838"/>kits<Node id="842"/> <Node id="843"/>or<Node id="845"/> <Node id="846"/>shipping<Node id="854"/> <Node id="855"/>hand<Node id="859"/> <Node id="860"/>grenades<Node id="868"/> <Node id="869"/>via<Node id="872"/> <Node id="873"/>UPS<Node id="876"/>,<Node id="877"/> <Node id="878"/>on<Node id="880"/> <Node id="881"/>the<Node id="884"/>
<Node id="885"/>&gt;<Node id="886"/> <Node id="887"/>off<Node id="890"/> <Node id="891"/>chance<Node id="897"/> <Node id="898"/>of<Node id="900"/> <Node id="901"/>stumbling<Node id="910"/> <Node id="911"/>across<Node id="917"/> <Node id="918"/>cults<Node id="923"/> <Node id="924"/>that<Node id="928"/> <Node id="929"/>would<Node id="934"/> <Node id="935"/>kill<Node id="939"/> <Node id="940"/>themselves<Node id="950"/>.<Node id="951"/> <Node id="952"/>.<Node id="953"/>.<Node id="954"/>.<Node id="955"/>
<Node id="956"/>&gt;<Node id="957"/> <Node id="958"/>
<Node id="959"/>&gt;<Node id="960"/> <Node id="961"/>So<Node id="963"/>,<Node id="964"/> <Node id="965"/>the<Node id="968"/> <Node id="969"/>only<Node id="973"/> <Node id="974"/>way<Node id="977"/> <Node id="978"/>the<Node id="981"/> <Node id="982"/>BATF<Node id="986"/>/<Node id="987"/>FBI<Node id="990"/> <Node id="991"/>could<Node id="996"/> <Node id="997"/>"<Node id="998"/>save<Node id="1002"/>"<Node id="1003"/> <Node id="1004"/>those<Node id="1009"/> <Node id="1010"/>people<Node id="1016"/>,<Node id="1017"/> <Node id="1018"/>and<Node id="1021"/> <Node id="1022"/>future<Node id="1028"/>
<Node id="1029"/>&gt;<Node id="1030"/> <Node id="1031"/>cults<Node id="1036"/>,<Node id="1037"/> <Node id="1038"/>is<Node id="1040"/> <Node id="1041"/>by<Node id="1043"/> <Node id="1044"/>ignoring<Node id="1052"/> <Node id="1053"/>such<Node id="1057"/> <Node id="1058"/>signs<Node id="1063"/>.<Node id="1064"/>
<Node id="1065"/>
<Node id="1066"/>The<Node id="1069"/> <Node id="1070"/>paucity<Node id="1077"/> <Node id="1078"/>of<Node id="1080"/> <Node id="1081"/>this<Node id="1085"/> <Node id="1086"/>line<Node id="1090"/> <Node id="1091"/>of<Node id="1093"/> <Node id="1094"/>argument<Node id="1102"/> <Node id="1103"/>is<Node id="1105"/> <Node id="1106"/>that<Node id="1110"/> <Node id="1111"/>it<Node id="1113"/> <Node id="1114"/>is<Node id="1116"/> <Node id="1117"/>provably<Node id="1125"/> <Node id="1126"/>false<Node id="1131"/>.<Node id="1132"/>
<Node id="1133"/>
<Node id="1134"/>Texas<Node id="1139"/> <Node id="1140"/>state<Node id="1145"/> <Node id="1146"/>officials<Node id="1155"/> <Node id="1156"/>COULD<Node id="1161"/> <Node id="1162"/>and<Node id="1165"/> <Node id="1166"/>DID<Node id="1169"/> <Node id="1170"/>investigate<Node id="1181"/> <Node id="1182"/>child<Node id="1187"/> <Node id="1188"/>abuse<Node id="1193"/> <Node id="1194"/>charges<Node id="1201"/>.<Node id="1202"/>
<Node id="1203"/>They<Node id="1207"/> <Node id="1208"/>COULD<Node id="1213"/> <Node id="1214"/>and<Node id="1217"/> <Node id="1218"/>DID<Node id="1221"/> <Node id="1222"/>apprehend<Node id="1231"/> <Node id="1232"/>Koresh<Node id="1238"/> <Node id="1239"/>peaceably<Node id="1248"/>.<Node id="1249"/> <Node id="1250"/> <Node id="1251"/>The<Node id="1254"/> <Node id="1255"/>COULD<Node id="1260"/> <Node id="1261"/>and<Node id="1264"/> <Node id="1265"/>DID<Node id="1268"/>
<Node id="1269"/>impound<Node id="1276"/> <Node id="1277"/>his<Node id="1280"/> <Node id="1281"/>weapons<Node id="1288"/> <Node id="1289"/>for<Node id="1292"/> <Node id="1293"/>the<Node id="1296"/> <Node id="1297"/>duration<Node id="1305"/>.<Node id="1306"/> <Node id="1307"/> <Node id="1308"/>And<Node id="1311"/> <Node id="1312"/>Koresh<Node id="1318"/> <Node id="1319"/>was<Node id="1322"/> <Node id="1323"/>NOT<Node id="1326"/> <Node id="1327"/>CONVICTED<Node id="1336"/>.<Node id="1337"/>
<Node id="1338"/>
<Node id="1339"/>Note<Node id="1343"/> <Node id="1344"/>that<Node id="1348"/> <Node id="1349"/>child<Node id="1354"/> <Node id="1355"/>abuse<Node id="1360"/> <Node id="1361"/>and<Node id="1364"/> <Node id="1365"/>similar<Node id="1372"/> <Node id="1373"/>accusations<Node id="1384"/> <Node id="1385"/>are<Node id="1388"/> <Node id="1389"/>STATE<Node id="1394"/> <Node id="1395"/>matters<Node id="1402"/>,<Node id="1403"/> <Node id="1404"/>not<Node id="1407"/>
<Node id="1408"/>federal<Node id="1415"/>.<Node id="1416"/> <Node id="1417"/> <Node id="1418"/>The<Node id="1421"/> <Node id="1422"/>state<Node id="1427"/> <Node id="1428"/>COULD<Node id="1433"/> <Node id="1434"/>and<Node id="1437"/> <Node id="1438"/>DID<Node id="1441"/> <Node id="1442"/>handle<Node id="1448"/> <Node id="1449"/>them<Node id="1453"/> <Node id="1454"/>properly<Node id="1462"/> <Node id="1463"/>and<Node id="1466"/> <Node id="1467"/>peaceably<Node id="1476"/>,<Node id="1477"/>
<Node id="1478"/>and<Node id="1481"/> <Node id="1482"/>furthermore<Node id="1493"/> <Node id="1494"/>violating<Node id="1503"/> <Node id="1504"/>no<Node id="1506"/> <Node id="1507"/>one<Node id="1510"/>'s<Node id="1512"/> <Node id="1513"/>constitutional<Node id="1527"/> <Node id="1528"/>rights<Node id="1534"/> <Node id="1535"/>in<Node id="1537"/> <Node id="1538"/>the<Node id="1541"/> <Node id="1542"/>process<Node id="1549"/>.<Node id="1550"/>
<Node id="1551"/>
<Node id="1552"/>So<Node id="1554"/> <Node id="1555"/>maybe<Node id="1560"/> <Node id="1561"/>the<Node id="1564"/> <Node id="1565"/>best<Node id="1569"/> <Node id="1570"/>way<Node id="1573"/> <Node id="1574"/>for<Node id="1577"/> <Node id="1578"/>BATF<Node id="1582"/>/<Node id="1583"/>FBI<Node id="1586"/> <Node id="1587"/>to<Node id="1589"/> <Node id="1590"/>save<Node id="1594"/> <Node id="1595"/>people<Node id="1601"/> <Node id="1602"/>is<Node id="1604"/> <Node id="1605"/>to<Node id="1607"/> <Node id="1608"/>mind<Node id="1612"/> <Node id="1613"/>their<Node id="1618"/> <Node id="1619"/>
<Node id="1620"/>own<Node id="1623"/> <Node id="1624"/>fucking<Node id="1631"/> <Node id="1632"/>business<Node id="1640"/>.<Node id="1641"/>
<Node id="1642"/>-<Node id="1643"/>-<Node id="1644"/> <Node id="1645"/>
<Node id="1646"/>
<Node id="1647"/>cdt<Node id="1650"/>@<Node id="1651"/>rocket<Node id="1657"/>.<Node id="1658"/>sw<Node id="1660"/>.<Node id="1661"/>stratus<Node id="1668"/>.<Node id="1669"/>com<Node id="1672"/> <Node id="1673"/> <Node id="1674"/> <Node id="1675"/>-<Node id="1676"/>-<Node id="1677"/>If<Node id="1679"/> <Node id="1680"/>you<Node id="1683"/> <Node id="1684"/>believe<Node id="1691"/> <Node id="1692"/>that<Node id="1696"/> <Node id="1697"/>I<Node id="1698"/> <Node id="1699"/>speak<Node id="1704"/> <Node id="1705"/>for<Node id="1708"/> <Node id="1709"/>my<Node id="1711"/> <Node id="1712"/>company<Node id="1719"/>,<Node id="1720"/>
<Node id="1721"/>OR<Node id="1723"/> <Node id="1724"/>cdt<Node id="1727"/>@<Node id="1728"/>vos<Node id="1731"/>.<Node id="1732"/>stratus<Node id="1739"/>.<Node id="1740"/>com<Node id="1743"/> <Node id="1744"/> <Node id="1745"/> <Node id="1746"/> <Node id="1747"/> <Node id="1748"/> <Node id="1749"/> <Node id="1750"/> <Node id="1751"/>write<Node id="1756"/> <Node id="1757"/>today<Node id="1762"/> <Node id="1763"/>for<Node id="1766"/> <Node id="1767"/>my<Node id="1769"/> <Node id="1770"/>special<Node id="1777"/> <Node id="1778"/>Investors<Node id="1787"/>'<Node id="1788"/> <Node id="1789"/>Packet<Node id="1795"/>.<Node id="1796"/>.<Node id="1797"/>.<Node id="1798"/>
<Node id="1799"/>
<Node id="1800"/></TextWithNodes>
<!-- The default annotation set -->

<AnnotationSet>
<Annotation EndNode="1800" StartNode="0" Type="Mention" Id="9999999">
<Feature>
<Name classname="java.lang.String">Class</Name>
<Value classname="java.lang.String">0</Value>
</Feature>
</Annotation>

<Annotation Id="7" Type="Token" StartNode="13" EndNode="20">
<Feature>
  <Name className="java.lang.String">string</Name>
  <Value className="java.lang.String">stratus</Value>
</Feature>
</Annotation>
<Annotation Id="18" Type="Token" StartNode="32" EndNode="39">
<Feature>
  <Name className="java.lang.String">string</Name>
  <Value className="java.lang.String">Tavares</Value>
</Feature>
</Annotation>
<Annotation Id="38" Type="Token" StartNode="72" EndNode="84">
<Feature>
  <Name className="java.lang.String">string</Name>
  <Value className="java.lang.String">Organization</Value>
</Feature>
</Annotation>
<Annotation Id="43" Type="Token" StartNode="94" EndNode="102">
<Feature>
  <Name className="java.lang.String">string</Name>
  <Value className="java.lang.String">Computer</Value>
</Feature>
</Annotation>
<Annotation Id="41" Type="Token" StartNode="86" EndNode="93">
<Feature>
  <Name className="java.lang.String">string</Name>
  <Value className="java.lang.String">Stratus</Value>
</Feature>
</Annotation>
<Annotation Id="54" Type="Token" StartNode="119" EndNode="131">
<Feature>
  <Name className="java.lang.String">string</Name>
  <Value className="java.lang.String">Distribution</Value>
</Feature>
</Annotation>
<Annotation Id="59" Type="Token" StartNode="139" EndNode="147">
<Feature>
  <Name className="java.lang.String">string</Name>
  <Value className="java.lang.String">Message-</Value>
</Feature>
</Annotation>
<Annotation Id="73" Type="Token" StartNode="163" EndNode="171">
<Feature>
  <Name className="java.lang.String">string</Name>
  <Value className="java.lang.String">transfer</Value>
</Feature>
</Annotation>
<Annotation Id="75" Type="Token" StartNode="172" EndNode="179">
<Feature>
  <Name className="java.lang.String">string</Name>
  <Value className="java.lang.String">stratus</Value>
</Feature>
</Annotation>
<Annotation Id="80" Type="Token" StartNode="185" EndNode="195">
<Feature>
  <Name className="java.lang.String">string</Name>
  <Value className="java.lang.String">References</Value>
</Feature>
</Annotation>
<Annotation Id="88" Type="Token" StartNode="207" EndNode="215">
</Annotation>
<Annotation Id="90" Type="Token" StartNode="216" EndNode="224">
<Feature>
  <Name className="java.lang.String">string</Name>
  <Value className="java.lang.String">klosters</Value>
</Feature>
</Annotation>
<Annotation Id="102" Type="Token" StartNode="256" EndNode="262">
<Feature>
  <Name className="java.lang.String">string</Name>
  <Value className="java.lang.String">rocket</Value>
</Feature>
</Annotation>
<Annotation Id="99" Type="Token" StartNode="237" EndNode="254">
<Feature>
  <Name className="java.lang.String">string</Name>
  <Value className="java.lang.String">NNTP-Posting-Host</Value>
</Feature>
</Annotation>
<Annotation Id="106" Type="Token" StartNode="266" EndNode="273">
<Feature>
  <Name className="java.lang.String">string</Name>
  <Value className="java.lang.String">stratus</Value>
</Feature>
</Annotation>
<Annotation Id="113" Type="Token" StartNode="282" EndNode="289">
<Feature>
  <Name className="java.lang.String">string</Name>
  <Value className="java.lang.String">article</Value>
</Feature>
</Annotation>
<Annotation Id="122" Type="Token" StartNode="309" EndNode="317">
<Feature>
  <Name className="java.lang.String">string</Name>
  <Value className="java.lang.String">klosters</Value>
</Feature>
</Annotation>
<Annotation Id="120" Type="Token" StartNode="300" EndNode="308">
</Annotation>
<Annotation Id="134" Type="Token" StartNode="335" EndNode="341">
<Feature>
  <Name className="java.lang.String">string</Name>
  <Value className="java.lang.String">zurich</Value>
</Feature>
</Annotation>
<Annotation Id="158" Type="Token" StartNode="388" EndNode="395">
<Feature>
  <Name className="java.lang.String">string</Name>
  <Value className="java.lang.String">history</Value>
</Feature>
</Annotation>
<Annotation Id="145" Type="Token" StartNode="359" EndNode="367">
<Feature>
  <Name className="java.lang.String">string</Name>
  <Value className="java.lang.String">Feingold</Value>
</Feature>
</Annotation>
<Annotation Id="148" Type="Token" StartNode="369" EndNode="375">
<Feature>
  <Name className="java.lang.String">string</Name>
  <Value className="java.lang.String">writes</Value>
</Feature>
</Annotation>
<Annotation Id="173" Type="Token" StartNode="421" EndNode="429">
<Feature>
  <Name className="java.lang.String">string</Name>
  <Value className="java.lang.String">staffers</Value>
</Feature>
</Annotation>
<Annotation Id="187" Type="Token" StartNode="459" EndNode="466">
<Feature>
  <Name className="java.lang.String">string</Name>
  <Value className="java.lang.String">request</Value>
</Feature>
</Annotation>
<Annotation Id="191" Type="Token" StartNode="470" EndNode="482">
<Feature>
  <Name className="java.lang.String">string</Name>
  <Value className="java.lang.String">constituents</Value>
</Feature>
</Annotation>
<Annotation Id="178" Type="Token" StartNode="439" EndNode="448">
<Feature>
  <Name className="java.lang.String">string</Name>
  <Value className="java.lang.String">Jonestown</Value>
</Feature>
</Annotation>
<Annotation Id="176" Type="Token" StartNode="431" EndNode="438">
<Feature>
  <Name className="java.lang.String">string</Name>
  <Value className="java.lang.String">visited</Value>
</Feature>
</Annotation>
<Annotation Id="207" Type="Token" StartNode="516" EndNode="525">
<Feature>
  <Name className="java.lang.String">string</Name>
  <Value className="java.lang.String">Jonestown</Value>
</Feature>
</Annotation>
<Annotation Id="197" Type="Token" StartNode="491" EndNode="500">
<Feature>
  <Name className="java.lang.String">string</Name>
  <Value className="java.lang.String">relatives</Value>
</Feature>
</Annotation>
<Annotation Id="222" Type="Token" StartNode="563" EndNode="569">
<Feature>
  <Name className="java.lang.String">string</Name>
  <Value className="java.lang.String">killed</Value>
</Feature>
</Annotation>
<Annotation Id="218" Type="Token" StartNode="551" EndNode="557">
<Feature>
  <Name className="java.lang.String">string</Name>
  <Value className="java.lang.String">though</Value>
</Feature>
</Annotation>
<Annotation Id="211" Type="Token" StartNode="530" EndNode="540">
<Feature>
  <Name className="java.lang.String">string</Name>
  <Value className="java.lang.String">discovered</Value>
</Feature>
</Annotation>
<Annotation Id="232" Type="Token" StartNode="585" EndNode="594">
<Feature>
  <Name className="java.lang.String">string</Name>
  <Value className="java.lang.String">entourage</Value>
</Feature>
</Annotation>
<Annotation Id="247" Type="Token" StartNode="627" EndNode="634">
<Feature>
  <Name className="java.lang.String">string</Name>
  <Value className="java.lang.String">because</Value>
</Feature>
</Annotation>
<Annotation Id="244" Type="Token" StartNode="615" EndNode="625">
<Feature>
  <Name className="java.lang.String">string</Name>
  <Value className="java.lang.String">themselves</Value>
</Feature>
</Annotation>
<Annotation Id="242" Type="Token" StartNode="608" EndNode="614">
<Feature>
  <Name className="java.lang.String">string</Name>
  <Value className="java.lang.String">killed</Value>
</Feature>
</Annotation>
<Annotation Id="279" Type="Token" StartNode="689" EndNode="696">
<Feature>
  <Name className="java.lang.String">string</Name>
  <Value className="java.lang.String">prevent</Value>
</Feature>
</Annotation>
<Annotation Id="285" Type="Token" StartNode="704" EndNode="711">
<Feature>
  <Name className="java.lang.String">string</Name>
  <Value className="java.lang.String">problem</Value>
</Feature>
</Annotation>
<Annotation Id="263" Type="Token" StartNode="660" EndNode="666">
<Feature>
  <Name className="java.lang.String">string</Name>
  <Value className="java.lang.String">busted</Value>
</Feature>
</Annotation>
<Annotation Id="309" Type="Token" StartNode="770" EndNode="776">
<Feature>
  <Name className="java.lang.String">string</Name>
  <Value className="java.lang.String">sexual</Value>
</Feature>
</Annotation>
<Annotation Id="311" Type="Token" StartNode="777" EndNode="789">
<Feature>
  <Name className="java.lang.String">string</Name>
  <Value className="java.lang.String">mistreatment</Value>
</Feature>
</Annotation>
<Annotation Id="316" Type="Token" StartNode="794" EndNode="807">
<Feature>
  <Name className="java.lang.String">string</Name>
  <Value className="java.lang.String">organizations</Value>
</Feature>
</Annotation>
<Annotation Id="318" Type="Token" StartNode="808" EndNode="814">
<Feature>
  <Name className="java.lang.String">string</Name>
  <Value className="java.lang.String">buying</Value>
</Feature>
</Annotation>
<Annotation Id="295" Type="Token" StartNode="730" EndNode="741">
<Feature>
  <Name className="java.lang.String">string</Name>
  <Value className="java.lang.String">investigate</Value>
</Feature>
</Annotation>
<Annotation Id="299" Type="Token" StartNode="744" EndNode="751">
<Feature>
  <Name className="java.lang.String">string</Name>
  <Value className="java.lang.String">reports</Value>
</Feature>
</Annotation>
<Annotation Id="349" Type="Token" StartNode="891" EndNode="897">
<Feature>
  <Name className="java.lang.String">string</Name>
  <Value className="java.lang.String">chance</Value>
</Feature>
</Annotation>
<Annotation Id="324" Type="Token" StartNode="827" EndNode="837">
<Feature>
  <Name className="java.lang.String">string</Name>
  <Value className="java.lang.String">conversion</Value>
</Feature>
</Annotation>
<Annotation Id="322" Type="Token" StartNode="817" EndNode="826">
<Feature>
  <Name className="java.lang.String">string</Name>
  <Value className="java.lang.String">full-auto</Value>
</Feature>
</Annotation>
<Annotation Id="334" Type="Token" StartNode="860" EndNode="868">
<Feature>
  <Name className="java.lang.String">string</Name>
  <Value className="java.lang.String">grenades</Value>
</Feature>
</Annotation>
<Annotation Id="330" Type="Token" StartNode="846" EndNode="854">
<Feature>
  <Name className="java.lang.String">string</Name>
  <Value className="java.lang.String">shipping</Value>
</Feature>
</Annotation>
<Annotation Id="353" Type="Token" StartNode="901" EndNode="910">
<Feature>
  <Name className="java.lang.String">string</Name>
  <Value className="java.lang.String">stumbling</Value>
</Feature>
</Annotation>
<Annotation Id="355" Type="Token" StartNode="911" EndNode="917">
<Feature>
  <Name className="java.lang.String">string</Name>
  <Value className="java.lang.String">across</Value>
</Feature>
</Annotation>
<Annotation Id="365" Type="Token" StartNode="940" EndNode="950">
<Feature>
  <Name className="java.lang.String">string</Name>
  <Value className="java.lang.String">themselves</Value>
</Feature>
</Annotation>
<Annotation Id="400" Type="Token" StartNode="1010" EndNode="1016">
<Feature>
  <Name className="java.lang.String">string</Name>
  <Value className="java.lang.String">people</Value>
</Feature>
</Annotation>
<Annotation Id="405" Type="Token" StartNode="1022" EndNode="1028">
<Feature>
  <Name className="java.lang.String">string</Name>
  <Value className="java.lang.String">future</Value>
</Feature>
</Annotation>
<Annotation Id="446" Type="Token" StartNode="1117" EndNode="1125">
<Feature>
  <Name className="java.lang.String">string</Name>
  <Value className="java.lang.String">provably</Value>
</Feature>
</Annotation>
<Annotation Id="436" Type="Token" StartNode="1094" EndNode="1102">
<Feature>
  <Name className="java.lang.String">string</Name>
  <Value className="java.lang.String">argument</Value>
</Feature>
</Annotation>
<Annotation Id="426" Type="Token" StartNode="1070" EndNode="1077">
<Feature>
  <Name className="java.lang.String">string</Name>
  <Value className="java.lang.String">paucity</Value>
</Feature>
</Annotation>
<Annotation Id="416" Type="Token" StartNode="1044" EndNode="1052">
<Feature>
  <Name className="java.lang.String">string</Name>
  <Value className="java.lang.String">ignoring</Value>
</Feature>
</Annotation>
<Annotation Id="470" Type="Token" StartNode="1194" EndNode="1201">
<Feature>
  <Name className="java.lang.String">string</Name>
  <Value className="java.lang.String">charges</Value>
</Feature>
</Annotation>
<Annotation Id="464" Type="Token" StartNode="1170" EndNode="1181">
<Feature>
  <Name className="java.lang.String">string</Name>
  <Value className="java.lang.String">investigate</Value>
</Feature>
</Annotation>
<Annotation Id="456" Type="Token" StartNode="1146" EndNode="1155">
<Feature>
  <Name className="java.lang.String">string</Name>
  <Value className="java.lang.String">officials</Value>
</Feature>
</Annotation>
<Annotation Id="507" Type="Token" StartNode="1297" EndNode="1305">
<Feature>
  <Name className="java.lang.String">string</Name>
  <Value className="java.lang.String">duration</Value>
</Feature>
</Annotation>
<Annotation Id="501" Type="Token" StartNode="1281" EndNode="1288">
<Feature>
  <Name className="java.lang.String">string</Name>
  <Value className="java.lang.String">weapons</Value>
</Feature>
</Annotation>
<Annotation Id="497" Type="Token" StartNode="1269" EndNode="1276">
<Feature>
  <Name className="java.lang.String">string</Name>
  <Value className="java.lang.String">impound</Value>
</Feature>
</Annotation>
<Annotation Id="485" Type="Token" StartNode="1239" EndNode="1248">
<Feature>
  <Name className="java.lang.String">string</Name>
  <Value className="java.lang.String">peaceably</Value>
</Feature>
</Annotation>
<Annotation Id="481" Type="Token" StartNode="1222" EndNode="1231">
<Feature>
  <Name className="java.lang.String">string</Name>
  <Value className="java.lang.String">apprehend</Value>
</Feature>
</Annotation>
<Annotation Id="483" Type="Token" StartNode="1232" EndNode="1238">
<Feature>
  <Name className="java.lang.String">string</Name>
  <Value className="java.lang.String">Koresh</Value>
</Feature>
</Annotation>
<Annotation Id="546" Type="Token" StartNode="1408" EndNode="1415">
<Feature>
  <Name className="java.lang.String">string</Name>
  <Value className="java.lang.String">federal</Value>
</Feature>
</Annotation>
<Annotation Id="564" Type="Token" StartNode="1454" EndNode="1462">
<Feature>
  <Name className="java.lang.String">string</Name>
  <Value className="java.lang.String">properly</Value>
</Feature>
</Annotation>
<Annotation Id="560" Type="Token" StartNode="1442" EndNode="1448">
<Feature>
  <Name className="java.lang.String">string</Name>
  <Value className="java.lang.String">handle</Value>
</Feature>
</Annotation>
<Annotation Id="575" Type="Token" StartNode="1494" EndNode="1503">
<Feature>
  <Name className="java.lang.String">string</Name>
  <Value className="java.lang.String">violating</Value>
</Feature>
</Annotation>
<Annotation Id="573" Type="Token" StartNode="1482" EndNode="1493">
<Feature>
  <Name className="java.lang.String">string</Name>
  <Value className="java.lang.String">furthermore</Value>
</Feature>
</Annotation>
<Annotation Id="568" Type="Token" StartNode="1467" EndNode="1476">
<Feature>
  <Name className="java.lang.String">string</Name>
  <Value className="java.lang.String">peaceably</Value>
</Feature>
</Annotation>
<Annotation Id="519" Type="Token" StartNode="1327" EndNode="1336">
<Feature>
  <Name className="java.lang.String">string</Name>
  <Value className="java.lang.String">CONVICTED</Value>
</Feature>
</Annotation>
<Annotation Id="513" Type="Token" StartNode="1312" EndNode="1318">
<Feature>
  <Name className="java.lang.String">string</Name>
  <Value className="java.lang.String">Koresh</Value>
</Feature>
</Annotation>
<Annotation Id="533" Type="Token" StartNode="1365" EndNode="1372">
<Feature>
  <Name className="java.lang.String">string</Name>
  <Value className="java.lang.String">similar</Value>
</Feature>
</Annotation>
<Annotation Id="535" Type="Token" StartNode="1373" EndNode="1384">
<Feature>
  <Name className="java.lang.String">string</Name>
  <Value className="java.lang.String">accusations</Value>
</Feature>
</Annotation>
<Annotation Id="541" Type="Token" StartNode="1395" EndNode="1402">
<Feature>
  <Name className="java.lang.String">string</Name>
  <Value className="java.lang.String">matters</Value>
</Feature>
</Annotation>
<Annotation Id="615" Type="Token" StartNode="1595" EndNode="1601">
<Feature>
  <Name className="java.lang.String">string</Name>
  <Value className="java.lang.String">people</Value>
</Feature>
</Annotation>
<Annotation Id="630" Type="Token" StartNode="1632" EndNode="1640">
<Feature>
  <Name className="java.lang.String">string</Name>
  <Value className="java.lang.String">business</Value>
</Feature>
</Annotation>
<Annotation Id="628" Type="Token" StartNode="1624" EndNode="1631">
<Feature>
  <Name className="java.lang.String">string</Name>
  <Value className="java.lang.String">fucking</Value>
</Feature>
</Annotation>
<Annotation Id="583" Type="Token" StartNode="1513" EndNode="1527">
<Feature>
  <Name className="java.lang.String">string</Name>
  <Value className="java.lang.String">constitutional</Value>
</Feature>
</Annotation>
<Annotation Id="585" Type="Token" StartNode="1528" EndNode="1534">
<Feature>
  <Name className="java.lang.String">string</Name>
  <Value className="java.lang.String">rights</Value>
</Feature>
</Annotation>
<Annotation Id="591" Type="Token" StartNode="1542" EndNode="1549">
<Feature>
  <Name className="java.lang.String">string</Name>
  <Value className="java.lang.String">process</Value>
</Feature>
</Annotation>
<Annotation Id="677" Type="Token" StartNode="1732" EndNode="1739">
<Feature>
  <Name className="java.lang.String">string</Name>
  <Value className="java.lang.String">stratus</Value>
</Feature>
</Annotation>
<Annotation Id="701" Type="Token" StartNode="1789" EndNode="1795">
<Feature>
  <Name className="java.lang.String">string</Name>
  <Value className="java.lang.String">Packet</Value>
</Feature>
</Annotation>
<Annotation Id="698" Type="Token" StartNode="1778" EndNode="1787">
<Feature>
  <Name className="java.lang.String">string</Name>
  <Value className="java.lang.String">Investors</Value>
</Feature>
</Annotation>
<Annotation Id="696" Type="Token" StartNode="1770" EndNode="1777">
<Feature>
  <Name className="java.lang.String">string</Name>
  <Value className="java.lang.String">special</Value>
</Feature>
</Annotation>
<Annotation Id="644" Type="Token" StartNode="1661" EndNode="1668">
<Feature>
  <Name className="java.lang.String">string</Name>
  <Value className="java.lang.String">stratus</Value>
</Feature>
</Annotation>
<Annotation Id="640" Type="Token" StartNode="1651" EndNode="1657">
<Feature>
  <Name className="java.lang.String">string</Name>
  <Value className="java.lang.String">rocket</Value>
</Feature>
</Annotation>
<Annotation Id="668" Type="Token" StartNode="1712" EndNode="1719">
<Feature>
  <Name className="java.lang.String">string</Name>
  <Value className="java.lang.String">company</Value>
</Feature>
</Annotation>
<Annotation Id="656" Type="Token" StartNode="1684" EndNode="1691">
<Feature>
  <Name className="java.lang.String">string</Name>
  <Value className="java.lang.String">believe</Value>
</Feature>
</Annotation>
</AnnotationSet>
<AnnotationSet Name="Original markups"> </AnnotationSet>
</GateDocument>