<?xml version='1.0' encoding='UTF-8'?>
<GateDocument version="3">
<!-- The document's features-->

<GateDocumentFeatures>
<Feature>
  <Name className="java.lang.String">Original_document_content_on_load</Name>
  <Value className="java.lang.String"><![CDATA[From: jviv@usmi01.midland.chevron.com (John Viveiros)
Message-ID: <1993Apr15.133921.5964@nntpserver.chevron.com>
Date: 15 Apr 93 13:39:21 GMT
References: <philC5E8Br.J1z@netcom.com> <606@vega.iii.com> <philC5Ht85.H48@netcom.com>
Sender: news@nntpserver.chevron.com (USENET News System)
Distribution: na
Organization: Chevron
Lines: 31

In article <philC5Ht85.H48@netcom.com> phil@netcom.com (Phil Ronzone) writes:
>Not at all. You are apparently just another member of the Religious Left.
>
>Show me all these environmental "disasters". Most of them aren't. And the
>natural disasters we have had individually far outweigh the man-made ones.
>
>Most of your so-called disasters (Love Canal, Times Beach, TMI) aren't disasters
>at all.
>
>So look, if you want to worship trees (or owls or snails or whatever), fine, do
>so. But DON'T try to push the scaredness of YOUR religious off onto me.
>
If you want to see environmental disasters, go to eastern Europe or some
parts of the FSU (former Soviet Union).  This is because they had no
environmental protection laws and were trying to increase productivity
at any expense to justify their political systems.  Luckily for us, some
of our politicians with vision passed some environmental laws.  That
isn't to say that they shouldn't be modified, but all I ever hear from
you is that the environmental laws were dreamed up by a bunch of
left-wing tree-huggers intent on putting us back on horseback.  Yes,
there are some of those, but a lot of us simply want to procede with
caution.

-- 
John Viveiros     (jviv@chevron.com)
Chevron USA        Standard disclaimer applies
Midland TX 
-- 
               NetNews userid for nntpserver.chevron.com

- Who said "No News is good news" ?
]]></Value>
</Feature>
<Feature>
  <Name className="java.lang.String">gate.SourceURL</Name>
  <Value className="java.lang.String">file:/C:/Users/jian/Documents/NetBeansProjects/NoiseReductionTechniques/mideastPoliticsMix/negative1153</Value>
</Feature>
</GateDocumentFeatures>
<!-- The document content area with serialized nodes -->

<TextWithNodes><Node id="0"/>From<Node id="4"/>:<Node id="5"/> <Node id="6"/>jviv<Node id="10"/>@<Node id="11"/>usmi<Node id="15"/>01<Node id="17"/>.<Node id="18"/>midland<Node id="25"/>.<Node id="26"/>chevron<Node id="33"/>.<Node id="34"/>com<Node id="37"/> <Node id="38"/>(<Node id="39"/>John<Node id="43"/> <Node id="44"/>Viveiros<Node id="52"/>)<Node id="53"/>
<Node id="54"/>Message-<Node id="62"/>ID<Node id="64"/>:<Node id="65"/> <Node id="66"/>&lt;<Node id="67"/>1993<Node id="71"/>Apr<Node id="74"/>15<Node id="76"/>.<Node id="77"/>133921<Node id="83"/>.<Node id="84"/>5964<Node id="88"/>@<Node id="89"/>nntpserver<Node id="99"/>.<Node id="100"/>chevron<Node id="107"/>.<Node id="108"/>com<Node id="111"/>&gt;<Node id="112"/>
<Node id="113"/>Date<Node id="117"/>:<Node id="118"/> <Node id="119"/>15<Node id="121"/> <Node id="122"/>Apr<Node id="125"/> <Node id="126"/>93<Node id="128"/> <Node id="129"/>13<Node id="131"/>:<Node id="132"/>39<Node id="134"/>:<Node id="135"/>21<Node id="137"/> <Node id="138"/>GMT<Node id="141"/>
<Node id="142"/>References<Node id="152"/>:<Node id="153"/> <Node id="154"/>&lt;<Node id="155"/>philC<Node id="160"/>5<Node id="161"/>E<Node id="162"/>8<Node id="163"/>Br<Node id="165"/>.<Node id="166"/>J<Node id="167"/>1<Node id="168"/>z<Node id="169"/>@<Node id="170"/>netcom<Node id="176"/>.<Node id="177"/>com<Node id="180"/>&gt;<Node id="181"/> <Node id="182"/>&lt;<Node id="183"/>606<Node id="186"/>@<Node id="187"/>vega<Node id="191"/>.<Node id="192"/>iii<Node id="195"/>.<Node id="196"/>com<Node id="199"/>&gt;<Node id="200"/> <Node id="201"/>&lt;<Node id="202"/>philC<Node id="207"/>5<Node id="208"/>Ht<Node id="210"/>85<Node id="212"/>.<Node id="213"/>H<Node id="214"/>48<Node id="216"/>@<Node id="217"/>netcom<Node id="223"/>.<Node id="224"/>com<Node id="227"/>&gt;<Node id="228"/>
<Node id="229"/>Sender<Node id="235"/>:<Node id="236"/> <Node id="237"/>news<Node id="241"/>@<Node id="242"/>nntpserver<Node id="252"/>.<Node id="253"/>chevron<Node id="260"/>.<Node id="261"/>com<Node id="264"/> <Node id="265"/>(<Node id="266"/>USENET<Node id="272"/> <Node id="273"/>News<Node id="277"/> <Node id="278"/>System<Node id="284"/>)<Node id="285"/>
<Node id="286"/>Distribution<Node id="298"/>:<Node id="299"/> <Node id="300"/>na<Node id="302"/>
<Node id="303"/>Organization<Node id="315"/>:<Node id="316"/> <Node id="317"/>Chevron<Node id="324"/>
<Node id="325"/>Lines<Node id="330"/>:<Node id="331"/> <Node id="332"/>31<Node id="334"/>
<Node id="335"/>
<Node id="336"/>In<Node id="338"/> <Node id="339"/>article<Node id="346"/> <Node id="347"/>&lt;<Node id="348"/>philC<Node id="353"/>5<Node id="354"/>Ht<Node id="356"/>85<Node id="358"/>.<Node id="359"/>H<Node id="360"/>48<Node id="362"/>@<Node id="363"/>netcom<Node id="369"/>.<Node id="370"/>com<Node id="373"/>&gt;<Node id="374"/> <Node id="375"/>phil<Node id="379"/>@<Node id="380"/>netcom<Node id="386"/>.<Node id="387"/>com<Node id="390"/> <Node id="391"/>(<Node id="392"/>Phil<Node id="396"/> <Node id="397"/>Ronzone<Node id="404"/>)<Node id="405"/> <Node id="406"/>writes<Node id="412"/>:<Node id="413"/>
<Node id="414"/>&gt;<Node id="415"/>Not<Node id="418"/> <Node id="419"/>at<Node id="421"/> <Node id="422"/>all<Node id="425"/>.<Node id="426"/> <Node id="427"/>You<Node id="430"/> <Node id="431"/>are<Node id="434"/> <Node id="435"/>apparently<Node id="445"/> <Node id="446"/>just<Node id="450"/> <Node id="451"/>another<Node id="458"/> <Node id="459"/>member<Node id="465"/> <Node id="466"/>of<Node id="468"/> <Node id="469"/>the<Node id="472"/> <Node id="473"/>Religious<Node id="482"/> <Node id="483"/>Left<Node id="487"/>.<Node id="488"/>
<Node id="489"/>&gt;<Node id="490"/>
<Node id="491"/>&gt;<Node id="492"/>Show<Node id="496"/> <Node id="497"/>me<Node id="499"/> <Node id="500"/>all<Node id="503"/> <Node id="504"/>these<Node id="509"/> <Node id="510"/>environmental<Node id="523"/> <Node id="524"/>"<Node id="525"/>disasters<Node id="534"/>"<Node id="535"/>.<Node id="536"/> <Node id="537"/>Most<Node id="541"/> <Node id="542"/>of<Node id="544"/> <Node id="545"/>them<Node id="549"/> <Node id="550"/>are<Node id="553"/>n't<Node id="556"/>.<Node id="557"/> <Node id="558"/>And<Node id="561"/> <Node id="562"/>the<Node id="565"/>
<Node id="566"/>&gt;<Node id="567"/>natural<Node id="574"/> <Node id="575"/>disasters<Node id="584"/> <Node id="585"/>we<Node id="587"/> <Node id="588"/>have<Node id="592"/> <Node id="593"/>had<Node id="596"/> <Node id="597"/>individually<Node id="609"/> <Node id="610"/>far<Node id="613"/> <Node id="614"/>outweigh<Node id="622"/> <Node id="623"/>the<Node id="626"/> <Node id="627"/>man-made<Node id="635"/> <Node id="636"/>ones<Node id="640"/>.<Node id="641"/>
<Node id="642"/>&gt;<Node id="643"/>
<Node id="644"/>&gt;<Node id="645"/>Most<Node id="649"/> <Node id="650"/>of<Node id="652"/> <Node id="653"/>your<Node id="657"/> <Node id="658"/>so-called<Node id="667"/> <Node id="668"/>disasters<Node id="677"/> <Node id="678"/>(<Node id="679"/>Love<Node id="683"/> <Node id="684"/>Canal<Node id="689"/>,<Node id="690"/> <Node id="691"/>Times<Node id="696"/> <Node id="697"/>Beach<Node id="702"/>,<Node id="703"/> <Node id="704"/>TMI<Node id="707"/>)<Node id="708"/> <Node id="709"/>are<Node id="712"/>n't<Node id="715"/> <Node id="716"/>disasters<Node id="725"/>
<Node id="726"/>&gt;<Node id="727"/>at<Node id="729"/> <Node id="730"/>all<Node id="733"/>.<Node id="734"/>
<Node id="735"/>&gt;<Node id="736"/>
<Node id="737"/>&gt;<Node id="738"/>So<Node id="740"/> <Node id="741"/>look<Node id="745"/>,<Node id="746"/> <Node id="747"/>if<Node id="749"/> <Node id="750"/>you<Node id="753"/> <Node id="754"/>want<Node id="758"/> <Node id="759"/>to<Node id="761"/> <Node id="762"/>worship<Node id="769"/> <Node id="770"/>trees<Node id="775"/> <Node id="776"/>(<Node id="777"/>or<Node id="779"/> <Node id="780"/>owls<Node id="784"/> <Node id="785"/>or<Node id="787"/> <Node id="788"/>snails<Node id="794"/> <Node id="795"/>or<Node id="797"/> <Node id="798"/>whatever<Node id="806"/>)<Node id="807"/>,<Node id="808"/> <Node id="809"/>fine<Node id="813"/>,<Node id="814"/> <Node id="815"/>do<Node id="817"/>
<Node id="818"/>&gt;<Node id="819"/>so<Node id="821"/>.<Node id="822"/> <Node id="823"/>But<Node id="826"/> <Node id="827"/>DO<Node id="829"/>N'T<Node id="832"/> <Node id="833"/>try<Node id="836"/> <Node id="837"/>to<Node id="839"/> <Node id="840"/>push<Node id="844"/> <Node id="845"/>the<Node id="848"/> <Node id="849"/>scaredness<Node id="859"/> <Node id="860"/>of<Node id="862"/> <Node id="863"/>YOUR<Node id="867"/> <Node id="868"/>religious<Node id="877"/> <Node id="878"/>off<Node id="881"/> <Node id="882"/>onto<Node id="886"/> <Node id="887"/>me<Node id="889"/>.<Node id="890"/>
<Node id="891"/>&gt;<Node id="892"/>
<Node id="893"/>If<Node id="895"/> <Node id="896"/>you<Node id="899"/> <Node id="900"/>want<Node id="904"/> <Node id="905"/>to<Node id="907"/> <Node id="908"/>see<Node id="911"/> <Node id="912"/>environmental<Node id="925"/> <Node id="926"/>disasters<Node id="935"/>,<Node id="936"/> <Node id="937"/>go<Node id="939"/> <Node id="940"/>to<Node id="942"/> <Node id="943"/>eastern<Node id="950"/> <Node id="951"/>Europe<Node id="957"/> <Node id="958"/>or<Node id="960"/> <Node id="961"/>some<Node id="965"/>
<Node id="966"/>parts<Node id="971"/> <Node id="972"/>of<Node id="974"/> <Node id="975"/>the<Node id="978"/> <Node id="979"/>FSU<Node id="982"/> <Node id="983"/>(<Node id="984"/>former<Node id="990"/> <Node id="991"/>Soviet<Node id="997"/> <Node id="998"/>Union<Node id="1003"/>)<Node id="1004"/>.<Node id="1005"/> <Node id="1006"/> <Node id="1007"/>This<Node id="1011"/> <Node id="1012"/>is<Node id="1014"/> <Node id="1015"/>because<Node id="1022"/> <Node id="1023"/>they<Node id="1027"/> <Node id="1028"/>had<Node id="1031"/> <Node id="1032"/>no<Node id="1034"/>
<Node id="1035"/>environmental<Node id="1048"/> <Node id="1049"/>protection<Node id="1059"/> <Node id="1060"/>laws<Node id="1064"/> <Node id="1065"/>and<Node id="1068"/> <Node id="1069"/>were<Node id="1073"/> <Node id="1074"/>trying<Node id="1080"/> <Node id="1081"/>to<Node id="1083"/> <Node id="1084"/>increase<Node id="1092"/> <Node id="1093"/>productivity<Node id="1105"/>
<Node id="1106"/>at<Node id="1108"/> <Node id="1109"/>any<Node id="1112"/> <Node id="1113"/>expense<Node id="1120"/> <Node id="1121"/>to<Node id="1123"/> <Node id="1124"/>justify<Node id="1131"/> <Node id="1132"/>their<Node id="1137"/> <Node id="1138"/>political<Node id="1147"/> <Node id="1148"/>systems<Node id="1155"/>.<Node id="1156"/> <Node id="1157"/> <Node id="1158"/>Luckily<Node id="1165"/> <Node id="1166"/>for<Node id="1169"/> <Node id="1170"/>us<Node id="1172"/>,<Node id="1173"/> <Node id="1174"/>some<Node id="1178"/>
<Node id="1179"/>of<Node id="1181"/> <Node id="1182"/>our<Node id="1185"/> <Node id="1186"/>politicians<Node id="1197"/> <Node id="1198"/>with<Node id="1202"/> <Node id="1203"/>vision<Node id="1209"/> <Node id="1210"/>passed<Node id="1216"/> <Node id="1217"/>some<Node id="1221"/> <Node id="1222"/>environmental<Node id="1235"/> <Node id="1236"/>laws<Node id="1240"/>.<Node id="1241"/> <Node id="1242"/> <Node id="1243"/>That<Node id="1247"/>
<Node id="1248"/>is<Node id="1250"/>n't<Node id="1253"/> <Node id="1254"/>to<Node id="1256"/> <Node id="1257"/>say<Node id="1260"/> <Node id="1261"/>that<Node id="1265"/> <Node id="1266"/>they<Node id="1270"/> <Node id="1271"/>should<Node id="1277"/>n't<Node id="1280"/> <Node id="1281"/>be<Node id="1283"/> <Node id="1284"/>modified<Node id="1292"/>,<Node id="1293"/> <Node id="1294"/>but<Node id="1297"/> <Node id="1298"/>all<Node id="1301"/> <Node id="1302"/>I<Node id="1303"/> <Node id="1304"/>ever<Node id="1308"/> <Node id="1309"/>hear<Node id="1313"/> <Node id="1314"/>from<Node id="1318"/>
<Node id="1319"/>you<Node id="1322"/> <Node id="1323"/>is<Node id="1325"/> <Node id="1326"/>that<Node id="1330"/> <Node id="1331"/>the<Node id="1334"/> <Node id="1335"/>environmental<Node id="1348"/> <Node id="1349"/>laws<Node id="1353"/> <Node id="1354"/>were<Node id="1358"/> <Node id="1359"/>dreamed<Node id="1366"/> <Node id="1367"/>up<Node id="1369"/> <Node id="1370"/>by<Node id="1372"/> <Node id="1373"/>a<Node id="1374"/> <Node id="1375"/>bunch<Node id="1380"/> <Node id="1381"/>of<Node id="1383"/>
<Node id="1384"/>left-wing<Node id="1393"/> <Node id="1394"/>tree-huggers<Node id="1406"/> <Node id="1407"/>intent<Node id="1413"/> <Node id="1414"/>on<Node id="1416"/> <Node id="1417"/>putting<Node id="1424"/> <Node id="1425"/>us<Node id="1427"/> <Node id="1428"/>back<Node id="1432"/> <Node id="1433"/>on<Node id="1435"/> <Node id="1436"/>horseback<Node id="1445"/>.<Node id="1446"/> <Node id="1447"/> <Node id="1448"/>Yes<Node id="1451"/>,<Node id="1452"/>
<Node id="1453"/>there<Node id="1458"/> <Node id="1459"/>are<Node id="1462"/> <Node id="1463"/>some<Node id="1467"/> <Node id="1468"/>of<Node id="1470"/> <Node id="1471"/>those<Node id="1476"/>,<Node id="1477"/> <Node id="1478"/>but<Node id="1481"/> <Node id="1482"/>a<Node id="1483"/> <Node id="1484"/>lot<Node id="1487"/> <Node id="1488"/>of<Node id="1490"/> <Node id="1491"/>us<Node id="1493"/> <Node id="1494"/>simply<Node id="1500"/> <Node id="1501"/>want<Node id="1505"/> <Node id="1506"/>to<Node id="1508"/> <Node id="1509"/>procede<Node id="1516"/> <Node id="1517"/>with<Node id="1521"/>
<Node id="1522"/>caution<Node id="1529"/>.<Node id="1530"/>
<Node id="1531"/>
<Node id="1532"/>-<Node id="1533"/>-<Node id="1534"/> <Node id="1535"/>
<Node id="1536"/>John<Node id="1540"/> <Node id="1541"/>Viveiros<Node id="1549"/> <Node id="1550"/> <Node id="1551"/> <Node id="1552"/> <Node id="1553"/> <Node id="1554"/>(<Node id="1555"/>jviv<Node id="1559"/>@<Node id="1560"/>chevron<Node id="1567"/>.<Node id="1568"/>com<Node id="1571"/>)<Node id="1572"/>
<Node id="1573"/>Chevron<Node id="1580"/> <Node id="1581"/>USA<Node id="1584"/> <Node id="1585"/> <Node id="1586"/> <Node id="1587"/> <Node id="1588"/> <Node id="1589"/> <Node id="1590"/> <Node id="1591"/> <Node id="1592"/>Standard<Node id="1600"/> <Node id="1601"/>disclaimer<Node id="1611"/> <Node id="1612"/>applies<Node id="1619"/>
<Node id="1620"/>Midland<Node id="1627"/> <Node id="1628"/>TX<Node id="1630"/> <Node id="1631"/>
<Node id="1632"/>-<Node id="1633"/>-<Node id="1634"/> <Node id="1635"/>
<Node id="1636"/> <Node id="1637"/> <Node id="1638"/> <Node id="1639"/> <Node id="1640"/> <Node id="1641"/> <Node id="1642"/> <Node id="1643"/> <Node id="1644"/> <Node id="1645"/> <Node id="1646"/> <Node id="1647"/> <Node id="1648"/> <Node id="1649"/> <Node id="1650"/> <Node id="1651"/>NetNews<Node id="1658"/> <Node id="1659"/>userid<Node id="1665"/> <Node id="1666"/>for<Node id="1669"/> <Node id="1670"/>nntpserver<Node id="1680"/>.<Node id="1681"/>chevron<Node id="1688"/>.<Node id="1689"/>com<Node id="1692"/>
<Node id="1693"/>
<Node id="1694"/>-<Node id="1695"/> <Node id="1696"/>Who<Node id="1699"/> <Node id="1700"/>said<Node id="1704"/> <Node id="1705"/>"<Node id="1706"/>No<Node id="1708"/> <Node id="1709"/>News<Node id="1713"/> <Node id="1714"/>is<Node id="1716"/> <Node id="1717"/>good<Node id="1721"/> <Node id="1722"/>news<Node id="1726"/>"<Node id="1727"/> <Node id="1728"/>?<Node id="1729"/>
<Node id="1730"/></TextWithNodes>
<!-- The default annotation set -->

<AnnotationSet>
<Annotation EndNode="1730" StartNode="0" Type="Mention" Id="9999999">
<Feature>
<Name classname="java.lang.String">Class</Name>
<Value classname="java.lang.String">0</Value>
</Feature>
</Annotation>

<Annotation Id="8" Type="Token" StartNode="18" EndNode="25">
<Feature>
  <Name className="java.lang.String">string</Name>
  <Value className="java.lang.String">midland</Value>
</Feature>
</Annotation>
<Annotation Id="10" Type="Token" StartNode="26" EndNode="33">
<Feature>
  <Name className="java.lang.String">string</Name>
  <Value className="java.lang.String">chevron</Value>
</Feature>
</Annotation>
<Annotation Id="17" Type="Token" StartNode="44" EndNode="52">
<Feature>
  <Name className="java.lang.String">string</Name>
  <Value className="java.lang.String">Viveiros</Value>
</Feature>
</Annotation>
<Annotation Id="20" Type="Token" StartNode="54" EndNode="62">
<Feature>
  <Name className="java.lang.String">string</Name>
  <Value className="java.lang.String">Message-</Value>
</Feature>
</Annotation>
<Annotation Id="29" Type="Token" StartNode="77" EndNode="83">
</Annotation>
<Annotation Id="35" Type="Token" StartNode="100" EndNode="107">
<Feature>
  <Name className="java.lang.String">string</Name>
  <Value className="java.lang.String">chevron</Value>
</Feature>
</Annotation>
<Annotation Id="33" Type="Token" StartNode="89" EndNode="99">
<Feature>
  <Name className="java.lang.String">string</Name>
  <Value className="java.lang.String">nntpserver</Value>
</Feature>
</Annotation>
<Annotation Id="57" Type="Token" StartNode="142" EndNode="152">
<Feature>
  <Name className="java.lang.String">string</Name>
  <Value className="java.lang.String">References</Value>
</Feature>
</Annotation>
<Annotation Id="71" Type="Token" StartNode="170" EndNode="176">
<Feature>
  <Name className="java.lang.String">string</Name>
  <Value className="java.lang.String">netcom</Value>
</Feature>
</Annotation>
<Annotation Id="95" Type="Token" StartNode="217" EndNode="223">
<Feature>
  <Name className="java.lang.String">string</Name>
  <Value className="java.lang.String">netcom</Value>
</Feature>
</Annotation>
<Annotation Id="100" Type="Token" StartNode="229" EndNode="235">
<Feature>
  <Name className="java.lang.String">string</Name>
  <Value className="java.lang.String">Sender</Value>
</Feature>
</Annotation>
<Annotation Id="107" Type="Token" StartNode="253" EndNode="260">
<Feature>
  <Name className="java.lang.String">string</Name>
  <Value className="java.lang.String">chevron</Value>
</Feature>
</Annotation>
<Annotation Id="105" Type="Token" StartNode="242" EndNode="252">
<Feature>
  <Name className="java.lang.String">string</Name>
  <Value className="java.lang.String">nntpserver</Value>
</Feature>
</Annotation>
<Annotation Id="119" Type="Token" StartNode="286" EndNode="298">
<Feature>
  <Name className="java.lang.String">string</Name>
  <Value className="java.lang.String">Distribution</Value>
</Feature>
</Annotation>
<Annotation Id="116" Type="Token" StartNode="278" EndNode="284">
<Feature>
  <Name className="java.lang.String">string</Name>
  <Value className="java.lang.String">System</Value>
</Feature>
</Annotation>
<Annotation Id="112" Type="Token" StartNode="266" EndNode="272">
<Feature>
  <Name className="java.lang.String">string</Name>
  <Value className="java.lang.String">USENET</Value>
</Feature>
</Annotation>
<Annotation Id="127" Type="Token" StartNode="317" EndNode="324">
<Feature>
  <Name className="java.lang.String">string</Name>
  <Value className="java.lang.String">Chevron</Value>
</Feature>
</Annotation>
<Annotation Id="124" Type="Token" StartNode="303" EndNode="315">
<Feature>
  <Name className="java.lang.String">string</Name>
  <Value className="java.lang.String">Organization</Value>
</Feature>
</Annotation>
<Annotation Id="137" Type="Token" StartNode="339" EndNode="346">
<Feature>
  <Name className="java.lang.String">string</Name>
  <Value className="java.lang.String">article</Value>
</Feature>
</Annotation>
<Annotation Id="155" Type="Token" StartNode="380" EndNode="386">
<Feature>
  <Name className="java.lang.String">string</Name>
  <Value className="java.lang.String">netcom</Value>
</Feature>
</Annotation>
<Annotation Id="148" Type="Token" StartNode="363" EndNode="369">
<Feature>
  <Name className="java.lang.String">string</Name>
  <Value className="java.lang.String">netcom</Value>
</Feature>
</Annotation>
<Annotation Id="162" Type="Token" StartNode="397" EndNode="404">
<Feature>
  <Name className="java.lang.String">string</Name>
  <Value className="java.lang.String">Ronzone</Value>
</Feature>
</Annotation>
<Annotation Id="165" Type="Token" StartNode="406" EndNode="412">
<Feature>
  <Name className="java.lang.String">string</Name>
  <Value className="java.lang.String">writes</Value>
</Feature>
</Annotation>
<Annotation Id="186" Type="Token" StartNode="459" EndNode="465">
<Feature>
  <Name className="java.lang.String">string</Name>
  <Value className="java.lang.String">member</Value>
</Feature>
</Annotation>
<Annotation Id="184" Type="Token" StartNode="451" EndNode="458">
<Feature>
  <Name className="java.lang.String">string</Name>
  <Value className="java.lang.String">another</Value>
</Feature>
</Annotation>
<Annotation Id="180" Type="Token" StartNode="435" EndNode="445">
<Feature>
  <Name className="java.lang.String">string</Name>
  <Value className="java.lang.String">apparently</Value>
</Feature>
</Annotation>
<Annotation Id="192" Type="Token" StartNode="473" EndNode="482">
<Feature>
  <Name className="java.lang.String">string</Name>
  <Value className="java.lang.String">Religious</Value>
</Feature>
</Annotation>
<Annotation Id="208" Type="Token" StartNode="510" EndNode="523">
<Feature>
  <Name className="java.lang.String">string</Name>
  <Value className="java.lang.String">environmental</Value>
</Feature>
</Annotation>
<Annotation Id="211" Type="Token" StartNode="525" EndNode="534">
<Feature>
  <Name className="java.lang.String">string</Name>
  <Value className="java.lang.String">disasters</Value>
</Feature>
</Annotation>
<Annotation Id="233" Type="Token" StartNode="575" EndNode="584">
<Feature>
  <Name className="java.lang.String">string</Name>
  <Value className="java.lang.String">disasters</Value>
</Feature>
</Annotation>
<Annotation Id="231" Type="Token" StartNode="567" EndNode="574">
<Feature>
  <Name className="java.lang.String">string</Name>
  <Value className="java.lang.String">natural</Value>
</Feature>
</Annotation>
<Annotation Id="249" Type="Token" StartNode="627" EndNode="635">
<Feature>
  <Name className="java.lang.String">string</Name>
  <Value className="java.lang.String">man-made</Value>
</Feature>
</Annotation>
<Annotation Id="245" Type="Token" StartNode="614" EndNode="622">
<Feature>
  <Name className="java.lang.String">string</Name>
  <Value className="java.lang.String">outweigh</Value>
</Feature>
</Annotation>
<Annotation Id="241" Type="Token" StartNode="597" EndNode="609">
<Feature>
  <Name className="java.lang.String">string</Name>
  <Value className="java.lang.String">individually</Value>
</Feature>
</Annotation>
<Annotation Id="285" Type="Token" StartNode="716" EndNode="725">
<Feature>
  <Name className="java.lang.String">string</Name>
  <Value className="java.lang.String">disasters</Value>
</Feature>
</Annotation>
<Annotation Id="263" Type="Token" StartNode="658" EndNode="667">
<Feature>
  <Name className="java.lang.String">string</Name>
  <Value className="java.lang.String">so-called</Value>
</Feature>
</Annotation>
<Annotation Id="265" Type="Token" StartNode="668" EndNode="677">
<Feature>
  <Name className="java.lang.String">string</Name>
  <Value className="java.lang.String">disasters</Value>
</Feature>
</Annotation>
<Annotation Id="309" Type="Token" StartNode="762" EndNode="769">
<Feature>
  <Name className="java.lang.String">string</Name>
  <Value className="java.lang.String">worship</Value>
</Feature>
</Annotation>
<Annotation Id="351" Type="Token" StartNode="849" EndNode="859">
<Feature>
  <Name className="java.lang.String">string</Name>
  <Value className="java.lang.String">scaredness</Value>
</Feature>
</Annotation>
<Annotation Id="324" Type="Token" StartNode="798" EndNode="806">
<Feature>
  <Name className="java.lang.String">string</Name>
  <Value className="java.lang.String">whatever</Value>
</Feature>
</Annotation>
<Annotation Id="320" Type="Token" StartNode="788" EndNode="794">
<Feature>
  <Name className="java.lang.String">string</Name>
  <Value className="java.lang.String">snails</Value>
</Feature>
</Annotation>
<Annotation Id="380" Type="Token" StartNode="926" EndNode="935">
<Feature>
  <Name className="java.lang.String">string</Name>
  <Value className="java.lang.String">disasters</Value>
</Feature>
</Annotation>
<Annotation Id="378" Type="Token" StartNode="912" EndNode="925">
<Feature>
  <Name className="java.lang.String">string</Name>
  <Value className="java.lang.String">environmental</Value>
</Feature>
</Annotation>
<Annotation Id="357" Type="Token" StartNode="868" EndNode="877">
<Feature>
  <Name className="java.lang.String">string</Name>
  <Value className="java.lang.String">religious</Value>
</Feature>
</Annotation>
<Annotation Id="406" Type="Token" StartNode="991" EndNode="997">
<Feature>
  <Name className="java.lang.String">string</Name>
  <Value className="java.lang.String">Soviet</Value>
</Feature>
</Annotation>
<Annotation Id="404" Type="Token" StartNode="984" EndNode="990">
<Feature>
  <Name className="java.lang.String">string</Name>
  <Value className="java.lang.String">former</Value>
</Feature>
</Annotation>
<Annotation Id="387" Type="Token" StartNode="943" EndNode="950">
<Feature>
  <Name className="java.lang.String">string</Name>
  <Value className="java.lang.String">eastern</Value>
</Feature>
</Annotation>
<Annotation Id="389" Type="Token" StartNode="951" EndNode="957">
<Feature>
  <Name className="java.lang.String">string</Name>
  <Value className="java.lang.String">Europe</Value>
</Feature>
</Annotation>
<Annotation Id="441" Type="Token" StartNode="1093" EndNode="1105">
<Feature>
  <Name className="java.lang.String">string</Name>
  <Value className="java.lang.String">productivity</Value>
</Feature>
</Annotation>
<Annotation Id="447" Type="Token" StartNode="1113" EndNode="1120">
<Feature>
  <Name className="java.lang.String">string</Name>
  <Value className="java.lang.String">expense</Value>
</Feature>
</Annotation>
<Annotation Id="435" Type="Token" StartNode="1074" EndNode="1080">
<Feature>
  <Name className="java.lang.String">string</Name>
  <Value className="java.lang.String">trying</Value>
</Feature>
</Annotation>
<Annotation Id="439" Type="Token" StartNode="1084" EndNode="1092">
<Feature>
  <Name className="java.lang.String">string</Name>
  <Value className="java.lang.String">increase</Value>
</Feature>
</Annotation>
<Annotation Id="425" Type="Token" StartNode="1035" EndNode="1048">
<Feature>
  <Name className="java.lang.String">string</Name>
  <Value className="java.lang.String">environmental</Value>
</Feature>
</Annotation>
<Annotation Id="427" Type="Token" StartNode="1049" EndNode="1059">
<Feature>
  <Name className="java.lang.String">string</Name>
  <Value className="java.lang.String">protection</Value>
</Feature>
</Annotation>
<Annotation Id="417" Type="Token" StartNode="1015" EndNode="1022">
<Feature>
  <Name className="java.lang.String">string</Name>
  <Value className="java.lang.String">because</Value>
</Feature>
</Annotation>
<Annotation Id="478" Type="Token" StartNode="1203" EndNode="1209">
<Feature>
  <Name className="java.lang.String">string</Name>
  <Value className="java.lang.String">vision</Value>
</Feature>
</Annotation>
<Annotation Id="474" Type="Token" StartNode="1186" EndNode="1197">
<Feature>
  <Name className="java.lang.String">string</Name>
  <Value className="java.lang.String">politicians</Value>
</Feature>
</Annotation>
<Annotation Id="461" Type="Token" StartNode="1158" EndNode="1165">
<Feature>
  <Name className="java.lang.String">string</Name>
  <Value className="java.lang.String">Luckily</Value>
</Feature>
</Annotation>
<Annotation Id="457" Type="Token" StartNode="1148" EndNode="1155">
<Feature>
  <Name className="java.lang.String">string</Name>
  <Value className="java.lang.String">systems</Value>
</Feature>
</Annotation>
<Annotation Id="455" Type="Token" StartNode="1138" EndNode="1147">
<Feature>
  <Name className="java.lang.String">string</Name>
  <Value className="java.lang.String">political</Value>
</Feature>
</Annotation>
<Annotation Id="451" Type="Token" StartNode="1124" EndNode="1131">
<Feature>
  <Name className="java.lang.String">string</Name>
  <Value className="java.lang.String">justify</Value>
</Feature>
</Annotation>
<Annotation Id="510" Type="Token" StartNode="1284" EndNode="1292">
<Feature>
  <Name className="java.lang.String">string</Name>
  <Value className="java.lang.String">modified</Value>
</Feature>
</Annotation>
<Annotation Id="484" Type="Token" StartNode="1222" EndNode="1235">
<Feature>
  <Name className="java.lang.String">string</Name>
  <Value className="java.lang.String">environmental</Value>
</Feature>
</Annotation>
<Annotation Id="480" Type="Token" StartNode="1210" EndNode="1216">
<Feature>
  <Name className="java.lang.String">string</Name>
  <Value className="java.lang.String">passed</Value>
</Feature>
</Annotation>
<Annotation Id="551" Type="Token" StartNode="1384" EndNode="1393">
<Feature>
  <Name className="java.lang.String">string</Name>
  <Value className="java.lang.String">left-wing</Value>
</Feature>
</Annotation>
<Annotation Id="559" Type="Token" StartNode="1417" EndNode="1424">
<Feature>
  <Name className="java.lang.String">string</Name>
  <Value className="java.lang.String">putting</Value>
</Feature>
</Annotation>
<Annotation Id="555" Type="Token" StartNode="1407" EndNode="1413">
<Feature>
  <Name className="java.lang.String">string</Name>
  <Value className="java.lang.String">intent</Value>
</Feature>
</Annotation>
<Annotation Id="553" Type="Token" StartNode="1394" EndNode="1406">
<Feature>
  <Name className="java.lang.String">string</Name>
  <Value className="java.lang.String">tree-huggers</Value>
</Feature>
</Annotation>
<Annotation Id="567" Type="Token" StartNode="1436" EndNode="1445">
<Feature>
  <Name className="java.lang.String">string</Name>
  <Value className="java.lang.String">horseback</Value>
</Feature>
</Annotation>
<Annotation Id="533" Type="Token" StartNode="1335" EndNode="1348">
<Feature>
  <Name className="java.lang.String">string</Name>
  <Value className="java.lang.String">environmental</Value>
</Feature>
</Annotation>
<Annotation Id="539" Type="Token" StartNode="1359" EndNode="1366">
<Feature>
  <Name className="java.lang.String">string</Name>
  <Value className="java.lang.String">dreamed</Value>
</Feature>
</Annotation>
<Annotation Id="615" Type="Token" StartNode="1541" EndNode="1549">
<Feature>
  <Name className="java.lang.String">string</Name>
  <Value className="java.lang.String">Viveiros</Value>
</Feature>
</Annotation>
<Annotation Id="624" Type="Token" StartNode="1560" EndNode="1567">
<Feature>
  <Name className="java.lang.String">string</Name>
  <Value className="java.lang.String">chevron</Value>
</Feature>
</Annotation>
<Annotation Id="629" Type="Token" StartNode="1573" EndNode="1580">
<Feature>
  <Name className="java.lang.String">string</Name>
  <Value className="java.lang.String">Chevron</Value>
</Feature>
</Annotation>
<Annotation Id="595" Type="Token" StartNode="1494" EndNode="1500">
<Feature>
  <Name className="java.lang.String">string</Name>
  <Value className="java.lang.String">simply</Value>
</Feature>
</Annotation>
<Annotation Id="601" Type="Token" StartNode="1509" EndNode="1516">
<Feature>
  <Name className="java.lang.String">string</Name>
  <Value className="java.lang.String">procede</Value>
</Feature>
</Annotation>
<Annotation Id="605" Type="Token" StartNode="1522" EndNode="1529">
<Feature>
  <Name className="java.lang.String">string</Name>
  <Value className="java.lang.String">caution</Value>
</Feature>
</Annotation>
<Annotation Id="678" Type="Token" StartNode="1681" EndNode="1688">
<Feature>
  <Name className="java.lang.String">string</Name>
  <Value className="java.lang.String">chevron</Value>
</Feature>
</Annotation>
<Annotation Id="676" Type="Token" StartNode="1670" EndNode="1680">
<Feature>
  <Name className="java.lang.String">string</Name>
  <Value className="java.lang.String">nntpserver</Value>
</Feature>
</Annotation>
<Annotation Id="672" Type="Token" StartNode="1659" EndNode="1665">
<Feature>
  <Name className="java.lang.String">string</Name>
  <Value className="java.lang.String">userid</Value>
</Feature>
</Annotation>
<Annotation Id="644" Type="Token" StartNode="1612" EndNode="1619">
<Feature>
  <Name className="java.lang.String">string</Name>
  <Value className="java.lang.String">applies</Value>
</Feature>
</Annotation>
<Annotation Id="646" Type="Token" StartNode="1620" EndNode="1627">
<Feature>
  <Name className="java.lang.String">string</Name>
  <Value className="java.lang.String">Midland</Value>
</Feature>
</Annotation>
<Annotation Id="640" Type="Token" StartNode="1592" EndNode="1600">
<Feature>
  <Name className="java.lang.String">string</Name>
  <Value className="java.lang.String">Standard</Value>
</Feature>
</Annotation>
<Annotation Id="642" Type="Token" StartNode="1601" EndNode="1611">
<Feature>
  <Name className="java.lang.String">string</Name>
  <Value className="java.lang.String">disclaimer</Value>
</Feature>
</Annotation>
<Annotation Id="670" Type="Token" StartNode="1651" EndNode="1658">
<Feature>
  <Name className="java.lang.String">string</Name>
  <Value className="java.lang.String">NetNews</Value>
</Feature>
</Annotation>
<Annotation Id="737" Type="Token" StartNode="1271" EndNode="1277">
<Feature>
  <Name className="java.lang.String">string</Name>
  <Value className="java.lang.String">should</Value>
</Feature>
</Annotation>
</AnnotationSet>
<AnnotationSet Name="Original markups"> </AnnotationSet>
</GateDocument>