<?xml version='1.0' encoding='UTF-8'?>
<GateDocument version="3">
<!-- The document's features-->

<GateDocumentFeatures>
<Feature>
  <Name className="java.lang.String">Original_document_content_on_load</Name>
  <Value className="java.lang.String">From: mlee@post.RoyalRoads.ca (Malcolm Lee)
Message-ID: &lt;1993Apr20.145458.820@ra.royalroads.ca>
Sender: mlee@ra.royalroads.ca (Malcolm Lee)
Organization: Royal Roads Military College, Victoria, B.C.
References: &lt;1993Apr19.165717.25790@ra.royalroads.ca> &lt;1r0ejoINNjfj@owl.csrv.uidaho.edu>
Date: Tue, 20 Apr 1993 14:54:58 GMT
Lines: 32


In article &lt;1r0ejoINNjfj@owl.csrv.uidaho.edu>, lanph872@crow.csrv.uidaho.edu (Rob Lanphier) writes:
|> Malcolm Lee (mlee@post.RoyalRoads.ca) wrote:
|> : What bothers me most is why people who have no religious affiliation 
|> : continue to persecute Jews?  Why this hatred of Jews?  The majority of
|> : people who persecute Jews are NOT Christians (I can't speak for all 
|> : Christians and there are bound to be a few who are on the anti-Semitism
|> : bandwagon.)
|> 
|> Do you even have anecdotal evidence to back this up?  The most blatent
|> persecution of the Jews in history was of course done by the Nazis before
|> and during World War II, a predominately Lutheran crowd.  Sure, many
|> Muslims in the Middle East consider the Israelites to be a thorn in their
|> side, but the most of the modern persecution of Jews has been at the hands
|> of Christians (at least as far as I'm aware).
|> 
|> Rob Lanphier
|> lanph872@uidaho.edu

Do you consider Neo-Nazis and white supremists to be Christian?  I'd hardly
classify them as Christian.  Do they follow the teachings of Christ?  Love
one another.  Love your neighbour as yourself.  Love your enemies.  Is Jesus
Christ their Lord and Saviour?  By the persecution of Jews, they are violating
all the precepts of what Christ died for.  They are in direct violation of
the teachings of Christ.  Even Jesus who was crucified by the Jewish leaders
of that time, loved His enemies by asking the Father for forgiveness of their
sins.  I am a Christian and I bear no animosity towards Jews or any one else.
The enemy is Satan, not our fellow man.

God be with you,

Malcolm Lee  :)
</Value>
</Feature>
<Feature>
  <Name className="java.lang.String">gate.SourceURL</Name>
  <Value className="java.lang.String">file:/C:/Users/jian/Documents/NetBeansProjects/NoiseReductionTechniques/mideastPoliticsMix/negative1263</Value>
</Feature>
</GateDocumentFeatures>
<!-- The document content area with serialized nodes -->

<TextWithNodes><Node id="0"/>From<Node id="4"/>:<Node id="5"/> <Node id="6"/>mlee<Node id="10"/>@<Node id="11"/>post<Node id="15"/>.<Node id="16"/>RoyalRoads<Node id="26"/>.<Node id="27"/>ca<Node id="29"/> <Node id="30"/>(<Node id="31"/>Malcolm<Node id="38"/> <Node id="39"/>Lee<Node id="42"/>)<Node id="43"/>
<Node id="44"/>Message-<Node id="52"/>ID<Node id="54"/>:<Node id="55"/> <Node id="56"/>&lt;<Node id="57"/>1993<Node id="61"/>Apr<Node id="64"/>20<Node id="66"/>.<Node id="67"/>145458<Node id="73"/>.<Node id="74"/>820<Node id="77"/>@<Node id="78"/>ra<Node id="80"/>.<Node id="81"/>royalroads<Node id="91"/>.<Node id="92"/>ca<Node id="94"/>&gt;<Node id="95"/>
<Node id="96"/>Sender<Node id="102"/>:<Node id="103"/> <Node id="104"/>mlee<Node id="108"/>@<Node id="109"/>ra<Node id="111"/>.<Node id="112"/>royalroads<Node id="122"/>.<Node id="123"/>ca<Node id="125"/> <Node id="126"/>(<Node id="127"/>Malcolm<Node id="134"/> <Node id="135"/>Lee<Node id="138"/>)<Node id="139"/>
<Node id="140"/>Organization<Node id="152"/>:<Node id="153"/> <Node id="154"/>Royal<Node id="159"/> <Node id="160"/>Roads<Node id="165"/> <Node id="166"/>Military<Node id="174"/> <Node id="175"/>College<Node id="182"/>,<Node id="183"/> <Node id="184"/>Victoria<Node id="192"/>,<Node id="193"/> <Node id="194"/>B<Node id="195"/>.<Node id="196"/>C<Node id="197"/>.<Node id="198"/>
<Node id="199"/>References<Node id="209"/>:<Node id="210"/> <Node id="211"/>&lt;<Node id="212"/>1993<Node id="216"/>Apr<Node id="219"/>19<Node id="221"/>.<Node id="222"/>165717<Node id="228"/>.<Node id="229"/>25790<Node id="234"/>@<Node id="235"/>ra<Node id="237"/>.<Node id="238"/>royalroads<Node id="248"/>.<Node id="249"/>ca<Node id="251"/>&gt;<Node id="252"/> <Node id="253"/>&lt;<Node id="254"/>1<Node id="255"/>r<Node id="256"/>0<Node id="257"/>ejoINNjfj<Node id="266"/>@<Node id="267"/>owl<Node id="270"/>.<Node id="271"/>csrv<Node id="275"/>.<Node id="276"/>uidaho<Node id="282"/>.<Node id="283"/>edu<Node id="286"/>&gt;<Node id="287"/>
<Node id="288"/>Date<Node id="292"/>:<Node id="293"/> <Node id="294"/>Tue<Node id="297"/>,<Node id="298"/> <Node id="299"/>20<Node id="301"/> <Node id="302"/>Apr<Node id="305"/> <Node id="306"/>1993<Node id="310"/> <Node id="311"/>14<Node id="313"/>:<Node id="314"/>54<Node id="316"/>:<Node id="317"/>58<Node id="319"/> <Node id="320"/>GMT<Node id="323"/>
<Node id="324"/>Lines<Node id="329"/>:<Node id="330"/> <Node id="331"/>32<Node id="333"/>
<Node id="334"/>
<Node id="335"/>
<Node id="336"/>In<Node id="338"/> <Node id="339"/>article<Node id="346"/> <Node id="347"/>&lt;<Node id="348"/>1<Node id="349"/>r<Node id="350"/>0<Node id="351"/>ejoINNjfj<Node id="360"/>@<Node id="361"/>owl<Node id="364"/>.<Node id="365"/>csrv<Node id="369"/>.<Node id="370"/>uidaho<Node id="376"/>.<Node id="377"/>edu<Node id="380"/>&gt;<Node id="381"/>,<Node id="382"/> <Node id="383"/>lanph<Node id="388"/>872<Node id="391"/>@<Node id="392"/>crow<Node id="396"/>.<Node id="397"/>csrv<Node id="401"/>.<Node id="402"/>uidaho<Node id="408"/>.<Node id="409"/>edu<Node id="412"/> <Node id="413"/>(<Node id="414"/>Rob<Node id="417"/> <Node id="418"/>Lanphier<Node id="426"/>)<Node id="427"/> <Node id="428"/>writes<Node id="434"/>:<Node id="435"/>
<Node id="436"/>|<Node id="437"/>&gt;<Node id="438"/> <Node id="439"/>Malcolm<Node id="446"/> <Node id="447"/>Lee<Node id="450"/> <Node id="451"/>(<Node id="452"/>mlee<Node id="456"/>@<Node id="457"/>post<Node id="461"/>.<Node id="462"/>RoyalRoads<Node id="472"/>.<Node id="473"/>ca<Node id="475"/>)<Node id="476"/> <Node id="477"/>wrote<Node id="482"/>:<Node id="483"/>
<Node id="484"/>|<Node id="485"/>&gt;<Node id="486"/> <Node id="487"/>:<Node id="488"/> <Node id="489"/>What<Node id="493"/> <Node id="494"/>bothers<Node id="501"/> <Node id="502"/>me<Node id="504"/> <Node id="505"/>most<Node id="509"/> <Node id="510"/>is<Node id="512"/> <Node id="513"/>why<Node id="516"/> <Node id="517"/>people<Node id="523"/> <Node id="524"/>who<Node id="527"/> <Node id="528"/>have<Node id="532"/> <Node id="533"/>no<Node id="535"/> <Node id="536"/>religious<Node id="545"/> <Node id="546"/>affiliation<Node id="557"/> <Node id="558"/>
<Node id="559"/>|<Node id="560"/>&gt;<Node id="561"/> <Node id="562"/>:<Node id="563"/> <Node id="564"/>continue<Node id="572"/> <Node id="573"/>to<Node id="575"/> <Node id="576"/>persecute<Node id="585"/> <Node id="586"/>Jews<Node id="590"/>?<Node id="591"/> <Node id="592"/> <Node id="593"/>Why<Node id="596"/> <Node id="597"/>this<Node id="601"/> <Node id="602"/>hatred<Node id="608"/> <Node id="609"/>of<Node id="611"/> <Node id="612"/>Jews<Node id="616"/>?<Node id="617"/> <Node id="618"/> <Node id="619"/>The<Node id="622"/> <Node id="623"/>majority<Node id="631"/> <Node id="632"/>of<Node id="634"/>
<Node id="635"/>|<Node id="636"/>&gt;<Node id="637"/> <Node id="638"/>:<Node id="639"/> <Node id="640"/>people<Node id="646"/> <Node id="647"/>who<Node id="650"/> <Node id="651"/>persecute<Node id="660"/> <Node id="661"/>Jews<Node id="665"/> <Node id="666"/>are<Node id="669"/> <Node id="670"/>NOT<Node id="673"/> <Node id="674"/>Christians<Node id="684"/> <Node id="685"/>(<Node id="686"/>I<Node id="687"/> <Node id="688"/>ca<Node id="690"/>n't<Node id="693"/> <Node id="694"/>speak<Node id="699"/> <Node id="700"/>for<Node id="703"/> <Node id="704"/>all<Node id="707"/> <Node id="708"/>
<Node id="709"/>|<Node id="710"/>&gt;<Node id="711"/> <Node id="712"/>:<Node id="713"/> <Node id="714"/>Christians<Node id="724"/> <Node id="725"/>and<Node id="728"/> <Node id="729"/>there<Node id="734"/> <Node id="735"/>are<Node id="738"/> <Node id="739"/>bound<Node id="744"/> <Node id="745"/>to<Node id="747"/> <Node id="748"/>be<Node id="750"/> <Node id="751"/>a<Node id="752"/> <Node id="753"/>few<Node id="756"/> <Node id="757"/>who<Node id="760"/> <Node id="761"/>are<Node id="764"/> <Node id="765"/>on<Node id="767"/> <Node id="768"/>the<Node id="771"/> <Node id="772"/>anti-<Node id="777"/>Semitism<Node id="785"/>
<Node id="786"/>|<Node id="787"/>&gt;<Node id="788"/> <Node id="789"/>:<Node id="790"/> <Node id="791"/>bandwagon<Node id="800"/>.<Node id="801"/>)<Node id="802"/>
<Node id="803"/>|<Node id="804"/>&gt;<Node id="805"/> <Node id="806"/>
<Node id="807"/>|<Node id="808"/>&gt;<Node id="809"/> <Node id="810"/>Do<Node id="812"/> <Node id="813"/>you<Node id="816"/> <Node id="817"/>even<Node id="821"/> <Node id="822"/>have<Node id="826"/> <Node id="827"/>anecdotal<Node id="836"/> <Node id="837"/>evidence<Node id="845"/> <Node id="846"/>to<Node id="848"/> <Node id="849"/>back<Node id="853"/> <Node id="854"/>this<Node id="858"/> <Node id="859"/>up<Node id="861"/>?<Node id="862"/> <Node id="863"/> <Node id="864"/>The<Node id="867"/> <Node id="868"/>most<Node id="872"/> <Node id="873"/>blatent<Node id="880"/>
<Node id="881"/>|<Node id="882"/>&gt;<Node id="883"/> <Node id="884"/>persecution<Node id="895"/> <Node id="896"/>of<Node id="898"/> <Node id="899"/>the<Node id="902"/> <Node id="903"/>Jews<Node id="907"/> <Node id="908"/>in<Node id="910"/> <Node id="911"/>history<Node id="918"/> <Node id="919"/>was<Node id="922"/> <Node id="923"/>of<Node id="925"/> <Node id="926"/>course<Node id="932"/> <Node id="933"/>done<Node id="937"/> <Node id="938"/>by<Node id="940"/> <Node id="941"/>the<Node id="944"/> <Node id="945"/>Nazis<Node id="950"/> <Node id="951"/>before<Node id="957"/>
<Node id="958"/>|<Node id="959"/>&gt;<Node id="960"/> <Node id="961"/>and<Node id="964"/> <Node id="965"/>during<Node id="971"/> <Node id="972"/>World<Node id="977"/> <Node id="978"/>War<Node id="981"/> <Node id="982"/>II<Node id="984"/>,<Node id="985"/> <Node id="986"/>a<Node id="987"/> <Node id="988"/>predominately<Node id="1001"/> <Node id="1002"/>Lutheran<Node id="1010"/> <Node id="1011"/>crowd<Node id="1016"/>.<Node id="1017"/> <Node id="1018"/> <Node id="1019"/>Sure<Node id="1023"/>,<Node id="1024"/> <Node id="1025"/>many<Node id="1029"/>
<Node id="1030"/>|<Node id="1031"/>&gt;<Node id="1032"/> <Node id="1033"/>Muslims<Node id="1040"/> <Node id="1041"/>in<Node id="1043"/> <Node id="1044"/>the<Node id="1047"/> <Node id="1048"/>Middle<Node id="1054"/> <Node id="1055"/>East<Node id="1059"/> <Node id="1060"/>consider<Node id="1068"/> <Node id="1069"/>the<Node id="1072"/> <Node id="1073"/>Israelites<Node id="1083"/> <Node id="1084"/>to<Node id="1086"/> <Node id="1087"/>be<Node id="1089"/> <Node id="1090"/>a<Node id="1091"/> <Node id="1092"/>thorn<Node id="1097"/> <Node id="1098"/>in<Node id="1100"/> <Node id="1101"/>their<Node id="1106"/>
<Node id="1107"/>|<Node id="1108"/>&gt;<Node id="1109"/> <Node id="1110"/>side<Node id="1114"/>,<Node id="1115"/> <Node id="1116"/>but<Node id="1119"/> <Node id="1120"/>the<Node id="1123"/> <Node id="1124"/>most<Node id="1128"/> <Node id="1129"/>of<Node id="1131"/> <Node id="1132"/>the<Node id="1135"/> <Node id="1136"/>modern<Node id="1142"/> <Node id="1143"/>persecution<Node id="1154"/> <Node id="1155"/>of<Node id="1157"/> <Node id="1158"/>Jews<Node id="1162"/> <Node id="1163"/>has<Node id="1166"/> <Node id="1167"/>been<Node id="1171"/> <Node id="1172"/>at<Node id="1174"/> <Node id="1175"/>the<Node id="1178"/> <Node id="1179"/>hands<Node id="1184"/>
<Node id="1185"/>|<Node id="1186"/>&gt;<Node id="1187"/> <Node id="1188"/>of<Node id="1190"/> <Node id="1191"/>Christians<Node id="1201"/> <Node id="1202"/>(<Node id="1203"/>at<Node id="1205"/> <Node id="1206"/>least<Node id="1211"/> <Node id="1212"/>as<Node id="1214"/> <Node id="1215"/>far<Node id="1218"/> <Node id="1219"/>as<Node id="1221"/> <Node id="1222"/>I<Node id="1223"/>'m<Node id="1225"/> <Node id="1226"/>aware<Node id="1231"/>)<Node id="1232"/>.<Node id="1233"/>
<Node id="1234"/>|<Node id="1235"/>&gt;<Node id="1236"/> <Node id="1237"/>
<Node id="1238"/>|<Node id="1239"/>&gt;<Node id="1240"/> <Node id="1241"/>Rob<Node id="1244"/> <Node id="1245"/>Lanphier<Node id="1253"/>
<Node id="1254"/>|<Node id="1255"/>&gt;<Node id="1256"/> <Node id="1257"/>lanph<Node id="1262"/>872<Node id="1265"/>@<Node id="1266"/>uidaho<Node id="1272"/>.<Node id="1273"/>edu<Node id="1276"/>
<Node id="1277"/>
<Node id="1278"/>Do<Node id="1280"/> <Node id="1281"/>you<Node id="1284"/> <Node id="1285"/>consider<Node id="1293"/> <Node id="1294"/>Neo-<Node id="1298"/>Nazis<Node id="1303"/> <Node id="1304"/>and<Node id="1307"/> <Node id="1308"/>white<Node id="1313"/> <Node id="1314"/>supremists<Node id="1324"/> <Node id="1325"/>to<Node id="1327"/> <Node id="1328"/>be<Node id="1330"/> <Node id="1331"/>Christian<Node id="1340"/>?<Node id="1341"/> <Node id="1342"/> <Node id="1343"/>I<Node id="1344"/>'d<Node id="1346"/> <Node id="1347"/>hardly<Node id="1353"/>
<Node id="1354"/>classify<Node id="1362"/> <Node id="1363"/>them<Node id="1367"/> <Node id="1368"/>as<Node id="1370"/> <Node id="1371"/>Christian<Node id="1380"/>.<Node id="1381"/> <Node id="1382"/> <Node id="1383"/>Do<Node id="1385"/> <Node id="1386"/>they<Node id="1390"/> <Node id="1391"/>follow<Node id="1397"/> <Node id="1398"/>the<Node id="1401"/> <Node id="1402"/>teachings<Node id="1411"/> <Node id="1412"/>of<Node id="1414"/> <Node id="1415"/>Christ<Node id="1421"/>?<Node id="1422"/> <Node id="1423"/> <Node id="1424"/>Love<Node id="1428"/>
<Node id="1429"/>one<Node id="1432"/> <Node id="1433"/>another<Node id="1440"/>.<Node id="1441"/> <Node id="1442"/> <Node id="1443"/>Love<Node id="1447"/> <Node id="1448"/>your<Node id="1452"/> <Node id="1453"/>neighbour<Node id="1462"/> <Node id="1463"/>as<Node id="1465"/> <Node id="1466"/>yourself<Node id="1474"/>.<Node id="1475"/> <Node id="1476"/> <Node id="1477"/>Love<Node id="1481"/> <Node id="1482"/>your<Node id="1486"/> <Node id="1487"/>enemies<Node id="1494"/>.<Node id="1495"/> <Node id="1496"/> <Node id="1497"/>Is<Node id="1499"/> <Node id="1500"/>Jesus<Node id="1505"/>
<Node id="1506"/>Christ<Node id="1512"/> <Node id="1513"/>their<Node id="1518"/> <Node id="1519"/>Lord<Node id="1523"/> <Node id="1524"/>and<Node id="1527"/> <Node id="1528"/>Saviour<Node id="1535"/>?<Node id="1536"/> <Node id="1537"/> <Node id="1538"/>By<Node id="1540"/> <Node id="1541"/>the<Node id="1544"/> <Node id="1545"/>persecution<Node id="1556"/> <Node id="1557"/>of<Node id="1559"/> <Node id="1560"/>Jews<Node id="1564"/>,<Node id="1565"/> <Node id="1566"/>they<Node id="1570"/> <Node id="1571"/>are<Node id="1574"/> <Node id="1575"/>violating<Node id="1584"/>
<Node id="1585"/>all<Node id="1588"/> <Node id="1589"/>the<Node id="1592"/> <Node id="1593"/>precepts<Node id="1601"/> <Node id="1602"/>of<Node id="1604"/> <Node id="1605"/>what<Node id="1609"/> <Node id="1610"/>Christ<Node id="1616"/> <Node id="1617"/>died<Node id="1621"/> <Node id="1622"/>for<Node id="1625"/>.<Node id="1626"/> <Node id="1627"/> <Node id="1628"/>They<Node id="1632"/> <Node id="1633"/>are<Node id="1636"/> <Node id="1637"/>in<Node id="1639"/> <Node id="1640"/>direct<Node id="1646"/> <Node id="1647"/>violation<Node id="1656"/> <Node id="1657"/>of<Node id="1659"/>
<Node id="1660"/>the<Node id="1663"/> <Node id="1664"/>teachings<Node id="1673"/> <Node id="1674"/>of<Node id="1676"/> <Node id="1677"/>Christ<Node id="1683"/>.<Node id="1684"/> <Node id="1685"/> <Node id="1686"/>Even<Node id="1690"/> <Node id="1691"/>Jesus<Node id="1696"/> <Node id="1697"/>who<Node id="1700"/> <Node id="1701"/>was<Node id="1704"/> <Node id="1705"/>crucified<Node id="1714"/> <Node id="1715"/>by<Node id="1717"/> <Node id="1718"/>the<Node id="1721"/> <Node id="1722"/>Jewish<Node id="1728"/> <Node id="1729"/>leaders<Node id="1736"/>
<Node id="1737"/>of<Node id="1739"/> <Node id="1740"/>that<Node id="1744"/> <Node id="1745"/>time<Node id="1749"/>,<Node id="1750"/> <Node id="1751"/>loved<Node id="1756"/> <Node id="1757"/>His<Node id="1760"/> <Node id="1761"/>enemies<Node id="1768"/> <Node id="1769"/>by<Node id="1771"/> <Node id="1772"/>asking<Node id="1778"/> <Node id="1779"/>the<Node id="1782"/> <Node id="1783"/>Father<Node id="1789"/> <Node id="1790"/>for<Node id="1793"/> <Node id="1794"/>forgiveness<Node id="1805"/> <Node id="1806"/>of<Node id="1808"/> <Node id="1809"/>their<Node id="1814"/>
<Node id="1815"/>sins<Node id="1819"/>.<Node id="1820"/> <Node id="1821"/> <Node id="1822"/>I<Node id="1823"/> <Node id="1824"/>am<Node id="1826"/> <Node id="1827"/>a<Node id="1828"/> <Node id="1829"/>Christian<Node id="1838"/> <Node id="1839"/>and<Node id="1842"/> <Node id="1843"/>I<Node id="1844"/> <Node id="1845"/>bear<Node id="1849"/> <Node id="1850"/>no<Node id="1852"/> <Node id="1853"/>animosity<Node id="1862"/> <Node id="1863"/>towards<Node id="1870"/> <Node id="1871"/>Jews<Node id="1875"/> <Node id="1876"/>or<Node id="1878"/> <Node id="1879"/>any<Node id="1882"/> <Node id="1883"/>one<Node id="1886"/> <Node id="1887"/>else<Node id="1891"/>.<Node id="1892"/>
<Node id="1893"/>The<Node id="1896"/> <Node id="1897"/>enemy<Node id="1902"/> <Node id="1903"/>is<Node id="1905"/> <Node id="1906"/>Satan<Node id="1911"/>,<Node id="1912"/> <Node id="1913"/>not<Node id="1916"/> <Node id="1917"/>our<Node id="1920"/> <Node id="1921"/>fellow<Node id="1927"/> <Node id="1928"/>man<Node id="1931"/>.<Node id="1932"/>
<Node id="1933"/>
<Node id="1934"/>God<Node id="1937"/> <Node id="1938"/>be<Node id="1940"/> <Node id="1941"/>with<Node id="1945"/> <Node id="1946"/>you<Node id="1949"/>,<Node id="1950"/>
<Node id="1951"/>
<Node id="1952"/>Malcolm<Node id="1959"/> <Node id="1960"/>Lee<Node id="1963"/> <Node id="1964"/> <Node id="1965"/>:<Node id="1966"/>)<Node id="1967"/>
<Node id="1968"/></TextWithNodes>
<!-- The default annotation set -->

<AnnotationSet>
<Annotation EndNode="1968" StartNode="0" Type="Mention" Id="9999999">
<Feature>
<Name classname="java.lang.String">Class</Name>
<Value classname="java.lang.String">0</Value>
</Feature>
</Annotation>

<Annotation Id="7" Type="Token" StartNode="16" EndNode="26">
<Feature>
  <Name className="java.lang.String">string</Name>
  <Value className="java.lang.String">RoyalRoads</Value>
</Feature>
</Annotation>
<Annotation Id="12" Type="Token" StartNode="31" EndNode="38">
<Feature>
  <Name className="java.lang.String">string</Name>
  <Value className="java.lang.String">Malcolm</Value>
</Feature>
</Annotation>
<Annotation Id="17" Type="Token" StartNode="44" EndNode="52">
<Feature>
  <Name className="java.lang.String">string</Name>
  <Value className="java.lang.String">Message-</Value>
</Feature>
</Annotation>
<Annotation Id="26" Type="Token" StartNode="67" EndNode="73">
</Annotation>
<Annotation Id="32" Type="Token" StartNode="81" EndNode="91">
<Feature>
  <Name className="java.lang.String">string</Name>
  <Value className="java.lang.String">royalroads</Value>
</Feature>
</Annotation>
<Annotation Id="37" Type="Token" StartNode="96" EndNode="102">
<Feature>
  <Name className="java.lang.String">string</Name>
  <Value className="java.lang.String">Sender</Value>
</Feature>
</Annotation>
<Annotation Id="44" Type="Token" StartNode="112" EndNode="122">
<Feature>
  <Name className="java.lang.String">string</Name>
  <Value className="java.lang.String">royalroads</Value>
</Feature>
</Annotation>
<Annotation Id="49" Type="Token" StartNode="127" EndNode="134">
<Feature>
  <Name className="java.lang.String">string</Name>
  <Value className="java.lang.String">Malcolm</Value>
</Feature>
</Annotation>
<Annotation Id="54" Type="Token" StartNode="140" EndNode="152">
<Feature>
  <Name className="java.lang.String">string</Name>
  <Value className="java.lang.String">Organization</Value>
</Feature>
</Annotation>
<Annotation Id="63" Type="Token" StartNode="175" EndNode="182">
<Feature>
  <Name className="java.lang.String">string</Name>
  <Value className="java.lang.String">College</Value>
</Feature>
</Annotation>
<Annotation Id="61" Type="Token" StartNode="166" EndNode="174">
<Feature>
  <Name className="java.lang.String">string</Name>
  <Value className="java.lang.String">Military</Value>
</Feature>
</Annotation>
<Annotation Id="66" Type="Token" StartNode="184" EndNode="192">
<Feature>
  <Name className="java.lang.String">string</Name>
  <Value className="java.lang.String">Victoria</Value>
</Feature>
</Annotation>
<Annotation Id="74" Type="Token" StartNode="199" EndNode="209">
<Feature>
  <Name className="java.lang.String">string</Name>
  <Value className="java.lang.String">References</Value>
</Feature>
</Annotation>
<Annotation Id="82" Type="Token" StartNode="222" EndNode="228">
</Annotation>
<Annotation Id="88" Type="Token" StartNode="238" EndNode="248">
<Feature>
  <Name className="java.lang.String">string</Name>
  <Value className="java.lang.String">royalroads</Value>
</Feature>
</Annotation>
<Annotation Id="103" Type="Token" StartNode="276" EndNode="282">
<Feature>
  <Name className="java.lang.String">string</Name>
  <Value className="java.lang.String">uidaho</Value>
</Feature>
</Annotation>
<Annotation Id="97" Type="Token" StartNode="257" EndNode="266">
<Feature>
  <Name className="java.lang.String">string</Name>
  <Value className="java.lang.String">ejoINNjfj</Value>
</Feature>
</Annotation>
<Annotation Id="137" Type="Token" StartNode="339" EndNode="346">
<Feature>
  <Name className="java.lang.String">string</Name>
  <Value className="java.lang.String">article</Value>
</Feature>
</Annotation>
<Annotation Id="143" Type="Token" StartNode="351" EndNode="360">
<Feature>
  <Name className="java.lang.String">string</Name>
  <Value className="java.lang.String">ejoINNjfj</Value>
</Feature>
</Annotation>
<Annotation Id="149" Type="Token" StartNode="370" EndNode="376">
<Feature>
  <Name className="java.lang.String">string</Name>
  <Value className="java.lang.String">uidaho</Value>
</Feature>
</Annotation>
<Annotation Id="169" Type="Token" StartNode="418" EndNode="426">
<Feature>
  <Name className="java.lang.String">string</Name>
  <Value className="java.lang.String">Lanphier</Value>
</Feature>
</Annotation>
<Annotation Id="172" Type="Token" StartNode="428" EndNode="434">
<Feature>
  <Name className="java.lang.String">string</Name>
  <Value className="java.lang.String">writes</Value>
</Feature>
</Annotation>
<Annotation Id="162" Type="Token" StartNode="402" EndNode="408">
<Feature>
  <Name className="java.lang.String">string</Name>
  <Value className="java.lang.String">uidaho</Value>
</Feature>
</Annotation>
<Annotation Id="187" Type="Token" StartNode="462" EndNode="472">
<Feature>
  <Name className="java.lang.String">string</Name>
  <Value className="java.lang.String">RoyalRoads</Value>
</Feature>
</Annotation>
<Annotation Id="178" Type="Token" StartNode="439" EndNode="446">
<Feature>
  <Name className="java.lang.String">string</Name>
  <Value className="java.lang.String">Malcolm</Value>
</Feature>
</Annotation>
<Annotation Id="202" Type="Token" StartNode="494" EndNode="501">
<Feature>
  <Name className="java.lang.String">string</Name>
  <Value className="java.lang.String">bothers</Value>
</Feature>
</Annotation>
<Annotation Id="220" Type="Token" StartNode="536" EndNode="545">
<Feature>
  <Name className="java.lang.String">string</Name>
  <Value className="java.lang.String">religious</Value>
</Feature>
</Annotation>
<Annotation Id="222" Type="Token" StartNode="546" EndNode="557">
<Feature>
  <Name className="java.lang.String">string</Name>
  <Value className="java.lang.String">affiliation</Value>
</Feature>
</Annotation>
<Annotation Id="212" Type="Token" StartNode="517" EndNode="523">
<Feature>
  <Name className="java.lang.String">string</Name>
  <Value className="java.lang.String">people</Value>
</Feature>
</Annotation>
<Annotation Id="234" Type="Token" StartNode="576" EndNode="585">
<Feature>
  <Name className="java.lang.String">string</Name>
  <Value className="java.lang.String">persecute</Value>
</Feature>
</Annotation>
<Annotation Id="230" Type="Token" StartNode="564" EndNode="572">
<Feature>
  <Name className="java.lang.String">string</Name>
  <Value className="java.lang.String">continue</Value>
</Feature>
</Annotation>
<Annotation Id="254" Type="Token" StartNode="623" EndNode="631">
<Feature>
  <Name className="java.lang.String">string</Name>
  <Value className="java.lang.String">majority</Value>
</Feature>
</Annotation>
<Annotation Id="244" Type="Token" StartNode="602" EndNode="608">
<Feature>
  <Name className="java.lang.String">string</Name>
  <Value className="java.lang.String">hatred</Value>
</Feature>
</Annotation>
<Annotation Id="275" Type="Token" StartNode="674" EndNode="684">
<Feature>
  <Name className="java.lang.String">string</Name>
  <Value className="java.lang.String">Christians</Value>
</Feature>
</Annotation>
<Annotation Id="263" Type="Token" StartNode="640" EndNode="646">
<Feature>
  <Name className="java.lang.String">string</Name>
  <Value className="java.lang.String">people</Value>
</Feature>
</Annotation>
<Annotation Id="267" Type="Token" StartNode="651" EndNode="660">
<Feature>
  <Name className="java.lang.String">string</Name>
  <Value className="java.lang.String">persecute</Value>
</Feature>
</Annotation>
<Annotation Id="296" Type="Token" StartNode="714" EndNode="724">
<Feature>
  <Name className="java.lang.String">string</Name>
  <Value className="java.lang.String">Christians</Value>
</Feature>
</Annotation>
<Annotation Id="351" Type="Token" StartNode="837" EndNode="845">
<Feature>
  <Name className="java.lang.String">string</Name>
  <Value className="java.lang.String">evidence</Value>
</Feature>
</Annotation>
<Annotation Id="349" Type="Token" StartNode="827" EndNode="836">
<Feature>
  <Name className="java.lang.String">string</Name>
  <Value className="java.lang.String">anecdotal</Value>
</Feature>
</Annotation>
<Annotation Id="323" Type="Token" StartNode="777" EndNode="785">
<Feature>
  <Name className="java.lang.String">string</Name>
  <Value className="java.lang.String">Semitism</Value>
</Feature>
</Annotation>
<Annotation Id="330" Type="Token" StartNode="791" EndNode="800">
<Feature>
  <Name className="java.lang.String">string</Name>
  <Value className="java.lang.String">bandwagon</Value>
</Feature>
</Annotation>
<Annotation Id="372" Type="Token" StartNode="884" EndNode="895">
<Feature>
  <Name className="java.lang.String">string</Name>
  <Value className="java.lang.String">persecution</Value>
</Feature>
</Annotation>
<Annotation Id="382" Type="Token" StartNode="911" EndNode="918">
<Feature>
  <Name className="java.lang.String">string</Name>
  <Value className="java.lang.String">history</Value>
</Feature>
</Annotation>
<Annotation Id="367" Type="Token" StartNode="873" EndNode="880">
<Feature>
  <Name className="java.lang.String">string</Name>
  <Value className="java.lang.String">blatent</Value>
</Feature>
</Annotation>
<Annotation Id="405" Type="Token" StartNode="965" EndNode="971">
<Feature>
  <Name className="java.lang.String">string</Name>
  <Value className="java.lang.String">during</Value>
</Feature>
</Annotation>
<Annotation Id="398" Type="Token" StartNode="951" EndNode="957">
<Feature>
  <Name className="java.lang.String">string</Name>
  <Value className="java.lang.String">before</Value>
</Feature>
</Annotation>
<Annotation Id="388" Type="Token" StartNode="926" EndNode="932">
<Feature>
  <Name className="java.lang.String">string</Name>
  <Value className="java.lang.String">course</Value>
</Feature>
</Annotation>
<Annotation Id="442" Type="Token" StartNode="1060" EndNode="1068">
<Feature>
  <Name className="java.lang.String">string</Name>
  <Value className="java.lang.String">consider</Value>
</Feature>
</Annotation>
<Annotation Id="446" Type="Token" StartNode="1073" EndNode="1083">
<Feature>
  <Name className="java.lang.String">string</Name>
  <Value className="java.lang.String">Israelites</Value>
</Feature>
</Annotation>
<Annotation Id="432" Type="Token" StartNode="1033" EndNode="1040">
<Feature>
  <Name className="java.lang.String">string</Name>
  <Value className="java.lang.String">Muslims</Value>
</Feature>
</Annotation>
<Annotation Id="438" Type="Token" StartNode="1048" EndNode="1054">
<Feature>
  <Name className="java.lang.String">string</Name>
  <Value className="java.lang.String">Middle</Value>
</Feature>
</Annotation>
<Annotation Id="416" Type="Token" StartNode="988" EndNode="1001">
<Feature>
  <Name className="java.lang.String">string</Name>
  <Value className="java.lang.String">predominately</Value>
</Feature>
</Annotation>
<Annotation Id="418" Type="Token" StartNode="1002" EndNode="1010">
<Feature>
  <Name className="java.lang.String">string</Name>
  <Value className="java.lang.String">Lutheran</Value>
</Feature>
</Annotation>
<Annotation Id="478" Type="Token" StartNode="1143" EndNode="1154">
<Feature>
  <Name className="java.lang.String">string</Name>
  <Value className="java.lang.String">persecution</Value>
</Feature>
</Annotation>
<Annotation Id="476" Type="Token" StartNode="1136" EndNode="1142">
<Feature>
  <Name className="java.lang.String">string</Name>
  <Value className="java.lang.String">modern</Value>
</Feature>
</Annotation>
<Annotation Id="499" Type="Token" StartNode="1191" EndNode="1201">
<Feature>
  <Name className="java.lang.String">string</Name>
  <Value className="java.lang.String">Christians</Value>
</Feature>
</Annotation>
<Annotation Id="546" Type="Token" StartNode="1285" EndNode="1293">
<Feature>
  <Name className="java.lang.String">string</Name>
  <Value className="java.lang.String">consider</Value>
</Feature>
</Annotation>
<Annotation Id="555" Type="Token" StartNode="1314" EndNode="1324">
<Feature>
  <Name className="java.lang.String">string</Name>
  <Value className="java.lang.String">supremists</Value>
</Feature>
</Annotation>
<Annotation Id="561" Type="Token" StartNode="1331" EndNode="1340">
<Feature>
  <Name className="java.lang.String">string</Name>
  <Value className="java.lang.String">Christian</Value>
</Feature>
</Annotation>
<Annotation Id="571" Type="Token" StartNode="1354" EndNode="1362">
<Feature>
  <Name className="java.lang.String">string</Name>
  <Value className="java.lang.String">classify</Value>
</Feature>
</Annotation>
<Annotation Id="569" Type="Token" StartNode="1347" EndNode="1353">
<Feature>
  <Name className="java.lang.String">string</Name>
  <Value className="java.lang.String">hardly</Value>
</Feature>
</Annotation>
<Annotation Id="529" Type="Token" StartNode="1245" EndNode="1253">
<Feature>
  <Name className="java.lang.String">string</Name>
  <Value className="java.lang.String">Lanphier</Value>
</Feature>
</Annotation>
<Annotation Id="537" Type="Token" StartNode="1266" EndNode="1272">
<Feature>
  <Name className="java.lang.String">string</Name>
  <Value className="java.lang.String">uidaho</Value>
</Feature>
</Annotation>
<Annotation Id="609" Type="Token" StartNode="1453" EndNode="1462">
<Feature>
  <Name className="java.lang.String">string</Name>
  <Value className="java.lang.String">neighbour</Value>
</Feature>
</Annotation>
<Annotation Id="613" Type="Token" StartNode="1466" EndNode="1474">
<Feature>
  <Name className="java.lang.String">string</Name>
  <Value className="java.lang.String">yourself</Value>
</Feature>
</Annotation>
<Annotation Id="621" Type="Token" StartNode="1487" EndNode="1494">
<Feature>
  <Name className="java.lang.String">string</Name>
  <Value className="java.lang.String">enemies</Value>
</Feature>
</Annotation>
<Annotation Id="629" Type="Token" StartNode="1506" EndNode="1512">
<Feature>
  <Name className="java.lang.String">string</Name>
  <Value className="java.lang.String">Christ</Value>
</Feature>
</Annotation>
<Annotation Id="637" Type="Token" StartNode="1528" EndNode="1535">
<Feature>
  <Name className="java.lang.String">string</Name>
  <Value className="java.lang.String">Saviour</Value>
</Feature>
</Annotation>
<Annotation Id="577" Type="Token" StartNode="1371" EndNode="1380">
<Feature>
  <Name className="java.lang.String">string</Name>
  <Value className="java.lang.String">Christian</Value>
</Feature>
</Annotation>
<Annotation Id="585" Type="Token" StartNode="1391" EndNode="1397">
<Feature>
  <Name className="java.lang.String">string</Name>
  <Value className="java.lang.String">follow</Value>
</Feature>
</Annotation>
<Annotation Id="589" Type="Token" StartNode="1402" EndNode="1411">
<Feature>
  <Name className="java.lang.String">string</Name>
  <Value className="java.lang.String">teachings</Value>
</Feature>
</Annotation>
<Annotation Id="593" Type="Token" StartNode="1415" EndNode="1421">
<Feature>
  <Name className="java.lang.String">string</Name>
  <Value className="java.lang.String">Christ</Value>
</Feature>
</Annotation>
<Annotation Id="601" Type="Token" StartNode="1433" EndNode="1440">
<Feature>
  <Name className="java.lang.String">string</Name>
  <Value className="java.lang.String">another</Value>
</Feature>
</Annotation>
<Annotation Id="684" Type="Token" StartNode="1647" EndNode="1656">
<Feature>
  <Name className="java.lang.String">string</Name>
  <Value className="java.lang.String">violation</Value>
</Feature>
</Annotation>
<Annotation Id="682" Type="Token" StartNode="1640" EndNode="1646">
<Feature>
  <Name className="java.lang.String">string</Name>
  <Value className="java.lang.String">direct</Value>
</Feature>
</Annotation>
<Annotation Id="694" Type="Token" StartNode="1677" EndNode="1683">
<Feature>
  <Name className="java.lang.String">string</Name>
  <Value className="java.lang.String">Christ</Value>
</Feature>
</Annotation>
<Annotation Id="690" Type="Token" StartNode="1664" EndNode="1673">
<Feature>
  <Name className="java.lang.String">string</Name>
  <Value className="java.lang.String">teachings</Value>
</Feature>
</Annotation>
<Annotation Id="645" Type="Token" StartNode="1545" EndNode="1556">
<Feature>
  <Name className="java.lang.String">string</Name>
  <Value className="java.lang.String">persecution</Value>
</Feature>
</Annotation>
<Annotation Id="668" Type="Token" StartNode="1610" EndNode="1616">
<Feature>
  <Name className="java.lang.String">string</Name>
  <Value className="java.lang.String">Christ</Value>
</Feature>
</Annotation>
<Annotation Id="662" Type="Token" StartNode="1593" EndNode="1601">
<Feature>
  <Name className="java.lang.String">string</Name>
  <Value className="java.lang.String">precepts</Value>
</Feature>
</Annotation>
<Annotation Id="656" Type="Token" StartNode="1575" EndNode="1584">
<Feature>
  <Name className="java.lang.String">string</Name>
  <Value className="java.lang.String">violating</Value>
</Feature>
</Annotation>
<Annotation Id="739" Type="Token" StartNode="1794" EndNode="1805">
<Feature>
  <Name className="java.lang.String">string</Name>
  <Value className="java.lang.String">forgiveness</Value>
</Feature>
</Annotation>
<Annotation Id="767" Type="Token" StartNode="1863" EndNode="1870">
<Feature>
  <Name className="java.lang.String">string</Name>
  <Value className="java.lang.String">towards</Value>
</Feature>
</Annotation>
<Annotation Id="765" Type="Token" StartNode="1853" EndNode="1862">
<Feature>
  <Name className="java.lang.String">string</Name>
  <Value className="java.lang.String">animosity</Value>
</Feature>
</Annotation>
<Annotation Id="755" Type="Token" StartNode="1829" EndNode="1838">
<Feature>
  <Name className="java.lang.String">string</Name>
  <Value className="java.lang.String">Christian</Value>
</Feature>
</Annotation>
<Annotation Id="712" Type="Token" StartNode="1722" EndNode="1728">
<Feature>
  <Name className="java.lang.String">string</Name>
  <Value className="java.lang.String">Jewish</Value>
</Feature>
</Annotation>
<Annotation Id="714" Type="Token" StartNode="1729" EndNode="1736">
<Feature>
  <Name className="java.lang.String">string</Name>
  <Value className="java.lang.String">leaders</Value>
</Feature>
</Annotation>
<Annotation Id="706" Type="Token" StartNode="1705" EndNode="1714">
<Feature>
  <Name className="java.lang.String">string</Name>
  <Value className="java.lang.String">crucified</Value>
</Feature>
</Annotation>
<Annotation Id="731" Type="Token" StartNode="1772" EndNode="1778">
<Feature>
  <Name className="java.lang.String">string</Name>
  <Value className="java.lang.String">asking</Value>
</Feature>
</Annotation>
<Annotation Id="735" Type="Token" StartNode="1783" EndNode="1789">
<Feature>
  <Name className="java.lang.String">string</Name>
  <Value className="java.lang.String">Father</Value>
</Feature>
</Annotation>
<Annotation Id="727" Type="Token" StartNode="1761" EndNode="1768">
<Feature>
  <Name className="java.lang.String">string</Name>
  <Value className="java.lang.String">enemies</Value>
</Feature>
</Annotation>
<Annotation Id="809" Type="Token" StartNode="1952" EndNode="1959">
<Feature>
  <Name className="java.lang.String">string</Name>
  <Value className="java.lang.String">Malcolm</Value>
</Feature>
</Annotation>
<Annotation Id="793" Type="Token" StartNode="1921" EndNode="1927">
<Feature>
  <Name className="java.lang.String">string</Name>
  <Value className="java.lang.String">fellow</Value>
</Feature>
</Annotation>
</AnnotationSet>
<AnnotationSet Name="Original markups"> </AnnotationSet>
</GateDocument>