<?xml version='1.0' encoding='UTF-8'?>
<GateDocument version="3">
<!-- The document's features-->

<GateDocumentFeatures>
<Feature>
  <Name className="java.lang.String">Original_document_content_on_load</Name>
  <Value className="java.lang.String">From: sera@zuma.UUCP (Serdar Argic)
Message-ID: &lt;9304051808@zuma.UUCP>
Date: 5 Apr 93 22:08:43 GMT
Article-I.D.: zuma.9304051808
References: &lt;1993Mar19.215728.24473@blaze.cs.jhu.edu>
Sender: news@anatolia.org
Reply-To: sera@zuma.UUCP (Serdar Argic)
Distribution: world
Lines: 34

In article &lt;1993Mar19.215728.24473@blaze.cs.jhu.edu> arromdee@jyusenkyou.cs.jhu.edu (Ken Arromdee) writes:

>Armenians did not genocide Turks.  

See, you are a compulsive liar.


Source: "Men Are Like That" by Leonard Ramsden Hartill. The Bobbs-Merrill
Company, Indianapolis (1926). (305 pages). 
(Memoirs of an Armenian officer who participated in the genocide of 2.5 
 million Muslim people)

p. 202 (first and second paragraphs).

"Some of the Tartars escaped of course. They found refuge in the 
 mountains or succeeded in crossing the border into Turkey. The 
 rest were killed. And so it is that the whole length of the 
 borderland of Russian Armenia from Nakhitchevan to Akhalkalaki 
 from the hot plains of Ararat to the cold mountain plateau of 
 the North were dotted with mute mournful ruins of Tartar villages. 
 They are quiet now, those villages, except for howling of wolves 
 and jackals that visit them to paw over the scattered bones of the 
 dead." 

                   (to be continued...)

Serdar Argic

                           'We closed the roads and mountain passes that 
                            might serve as ways of escape for the Turks 
                            and then proceeded in the work of extermination.'
                                                  (Ohanus Appressian - 1919)
                           'In Soviet Armenia today there no longer exists 
                            a single Turkish soul.' (Sahak Melkonian - 1920)
</Value>
</Feature>
<Feature>
  <Name className="java.lang.String">gate.SourceURL</Name>
  <Value className="java.lang.String">file:/C:/Users/jian/Documents/NetBeansProjects/NoiseReductionTechniques/mideastPoliticsMix/negative1249</Value>
</Feature>
</GateDocumentFeatures>
<!-- The document content area with serialized nodes -->

<TextWithNodes><Node id="0"/>From<Node id="4"/>:<Node id="5"/> <Node id="6"/>sera<Node id="10"/>@<Node id="11"/>zuma<Node id="15"/>.<Node id="16"/>UUCP<Node id="20"/> <Node id="21"/>(<Node id="22"/>Serdar<Node id="28"/> <Node id="29"/>Argic<Node id="34"/>)<Node id="35"/>
<Node id="36"/>Message-<Node id="44"/>ID<Node id="46"/>:<Node id="47"/> <Node id="48"/>&lt;<Node id="49"/>9304051808<Node id="59"/>@<Node id="60"/>zuma<Node id="64"/>.<Node id="65"/>UUCP<Node id="69"/>&gt;<Node id="70"/>
<Node id="71"/>Date<Node id="75"/>:<Node id="76"/> <Node id="77"/>5<Node id="78"/> <Node id="79"/>Apr<Node id="82"/> <Node id="83"/>93<Node id="85"/> <Node id="86"/>22<Node id="88"/>:<Node id="89"/>08<Node id="91"/>:<Node id="92"/>43<Node id="94"/> <Node id="95"/>GMT<Node id="98"/>
<Node id="99"/>Article-<Node id="107"/>I<Node id="108"/>.<Node id="109"/>D<Node id="110"/>.<Node id="111"/>:<Node id="112"/> <Node id="113"/>zuma<Node id="117"/>.<Node id="118"/>9304051808<Node id="128"/>
<Node id="129"/>References<Node id="139"/>:<Node id="140"/> <Node id="141"/>&lt;<Node id="142"/>1993<Node id="146"/>Mar<Node id="149"/>19<Node id="151"/>.<Node id="152"/>215728<Node id="158"/>.<Node id="159"/>24473<Node id="164"/>@<Node id="165"/>blaze<Node id="170"/>.<Node id="171"/>cs<Node id="173"/>.<Node id="174"/>jhu<Node id="177"/>.<Node id="178"/>edu<Node id="181"/>&gt;<Node id="182"/>
<Node id="183"/>Sender<Node id="189"/>:<Node id="190"/> <Node id="191"/>news<Node id="195"/>@<Node id="196"/>anatolia<Node id="204"/>.<Node id="205"/>org<Node id="208"/>
<Node id="209"/>Reply-<Node id="215"/>To<Node id="217"/>:<Node id="218"/> <Node id="219"/>sera<Node id="223"/>@<Node id="224"/>zuma<Node id="228"/>.<Node id="229"/>UUCP<Node id="233"/> <Node id="234"/>(<Node id="235"/>Serdar<Node id="241"/> <Node id="242"/>Argic<Node id="247"/>)<Node id="248"/>
<Node id="249"/>Distribution<Node id="261"/>:<Node id="262"/> <Node id="263"/>world<Node id="268"/>
<Node id="269"/>Lines<Node id="274"/>:<Node id="275"/> <Node id="276"/>34<Node id="278"/>
<Node id="279"/>
<Node id="280"/>In<Node id="282"/> <Node id="283"/>article<Node id="290"/> <Node id="291"/>&lt;<Node id="292"/>1993<Node id="296"/>Mar<Node id="299"/>19<Node id="301"/>.<Node id="302"/>215728<Node id="308"/>.<Node id="309"/>24473<Node id="314"/>@<Node id="315"/>blaze<Node id="320"/>.<Node id="321"/>cs<Node id="323"/>.<Node id="324"/>jhu<Node id="327"/>.<Node id="328"/>edu<Node id="331"/>&gt;<Node id="332"/> <Node id="333"/>arromdee<Node id="341"/>@<Node id="342"/>jyusenkyou<Node id="352"/>.<Node id="353"/>cs<Node id="355"/>.<Node id="356"/>jhu<Node id="359"/>.<Node id="360"/>edu<Node id="363"/> <Node id="364"/>(<Node id="365"/>Ken<Node id="368"/> <Node id="369"/>Arromdee<Node id="377"/>)<Node id="378"/> <Node id="379"/>writes<Node id="385"/>:<Node id="386"/>
<Node id="387"/>
<Node id="388"/>&gt;<Node id="389"/>Armenians<Node id="398"/> <Node id="399"/>did<Node id="402"/> <Node id="403"/>not<Node id="406"/> <Node id="407"/>genocide<Node id="415"/> <Node id="416"/>Turks<Node id="421"/>.<Node id="422"/> <Node id="423"/> <Node id="424"/>
<Node id="425"/>
<Node id="426"/>See<Node id="429"/>,<Node id="430"/> <Node id="431"/>you<Node id="434"/> <Node id="435"/>are<Node id="438"/> <Node id="439"/>a<Node id="440"/> <Node id="441"/>compulsive<Node id="451"/> <Node id="452"/>liar<Node id="456"/>.<Node id="457"/>
<Node id="458"/>
<Node id="459"/>
<Node id="460"/>Source<Node id="466"/>:<Node id="467"/> <Node id="468"/>"<Node id="469"/>Men<Node id="472"/> <Node id="473"/>Are<Node id="476"/> <Node id="477"/>Like<Node id="481"/> <Node id="482"/>That<Node id="486"/>"<Node id="487"/> <Node id="488"/>by<Node id="490"/> <Node id="491"/>Leonard<Node id="498"/> <Node id="499"/>Ramsden<Node id="506"/> <Node id="507"/>Hartill<Node id="514"/>.<Node id="515"/> <Node id="516"/>The<Node id="519"/> <Node id="520"/>Bobbs-<Node id="526"/>Merrill<Node id="533"/>
<Node id="534"/>Company<Node id="541"/>,<Node id="542"/> <Node id="543"/>Indianapolis<Node id="555"/> <Node id="556"/>(<Node id="557"/>1926<Node id="561"/>)<Node id="562"/>.<Node id="563"/> <Node id="564"/>(<Node id="565"/>305<Node id="568"/> <Node id="569"/>pages<Node id="574"/>)<Node id="575"/>.<Node id="576"/> <Node id="577"/>
<Node id="578"/>(<Node id="579"/>Memoirs<Node id="586"/> <Node id="587"/>of<Node id="589"/> <Node id="590"/>an<Node id="592"/> <Node id="593"/>Armenian<Node id="601"/> <Node id="602"/>officer<Node id="609"/> <Node id="610"/>who<Node id="613"/> <Node id="614"/>participated<Node id="626"/> <Node id="627"/>in<Node id="629"/> <Node id="630"/>the<Node id="633"/> <Node id="634"/>genocide<Node id="642"/> <Node id="643"/>of<Node id="645"/> <Node id="646"/>2<Node id="647"/>.<Node id="648"/>5<Node id="649"/> <Node id="650"/>
<Node id="651"/> <Node id="652"/>million<Node id="659"/> <Node id="660"/>Muslim<Node id="666"/> <Node id="667"/>people<Node id="673"/>)<Node id="674"/>
<Node id="675"/>
<Node id="676"/>p<Node id="677"/>.<Node id="678"/> <Node id="679"/>202<Node id="682"/> <Node id="683"/>(<Node id="684"/>first<Node id="689"/> <Node id="690"/>and<Node id="693"/> <Node id="694"/>second<Node id="700"/> <Node id="701"/>paragraphs<Node id="711"/>)<Node id="712"/>.<Node id="713"/>
<Node id="714"/>
<Node id="715"/>"<Node id="716"/>Some<Node id="720"/> <Node id="721"/>of<Node id="723"/> <Node id="724"/>the<Node id="727"/> <Node id="728"/>Tartars<Node id="735"/> <Node id="736"/>escaped<Node id="743"/> <Node id="744"/>of<Node id="746"/> <Node id="747"/>course<Node id="753"/>.<Node id="754"/> <Node id="755"/>They<Node id="759"/> <Node id="760"/>found<Node id="765"/> <Node id="766"/>refuge<Node id="772"/> <Node id="773"/>in<Node id="775"/> <Node id="776"/>the<Node id="779"/> <Node id="780"/>
<Node id="781"/> <Node id="782"/>mountains<Node id="791"/> <Node id="792"/>or<Node id="794"/> <Node id="795"/>succeeded<Node id="804"/> <Node id="805"/>in<Node id="807"/> <Node id="808"/>crossing<Node id="816"/> <Node id="817"/>the<Node id="820"/> <Node id="821"/>border<Node id="827"/> <Node id="828"/>into<Node id="832"/> <Node id="833"/>Turkey<Node id="839"/>.<Node id="840"/> <Node id="841"/>The<Node id="844"/> <Node id="845"/>
<Node id="846"/> <Node id="847"/>rest<Node id="851"/> <Node id="852"/>were<Node id="856"/> <Node id="857"/>killed<Node id="863"/>.<Node id="864"/> <Node id="865"/>And<Node id="868"/> <Node id="869"/>so<Node id="871"/> <Node id="872"/>it<Node id="874"/> <Node id="875"/>is<Node id="877"/> <Node id="878"/>that<Node id="882"/> <Node id="883"/>the<Node id="886"/> <Node id="887"/>whole<Node id="892"/> <Node id="893"/>length<Node id="899"/> <Node id="900"/>of<Node id="902"/> <Node id="903"/>the<Node id="906"/> <Node id="907"/>
<Node id="908"/> <Node id="909"/>borderland<Node id="919"/> <Node id="920"/>of<Node id="922"/> <Node id="923"/>Russian<Node id="930"/> <Node id="931"/>Armenia<Node id="938"/> <Node id="939"/>from<Node id="943"/> <Node id="944"/>Nakhitchevan<Node id="956"/> <Node id="957"/>to<Node id="959"/> <Node id="960"/>Akhalkalaki<Node id="971"/> <Node id="972"/>
<Node id="973"/> <Node id="974"/>from<Node id="978"/> <Node id="979"/>the<Node id="982"/> <Node id="983"/>hot<Node id="986"/> <Node id="987"/>plains<Node id="993"/> <Node id="994"/>of<Node id="996"/> <Node id="997"/>Ararat<Node id="1003"/> <Node id="1004"/>to<Node id="1006"/> <Node id="1007"/>the<Node id="1010"/> <Node id="1011"/>cold<Node id="1015"/> <Node id="1016"/>mountain<Node id="1024"/> <Node id="1025"/>plateau<Node id="1032"/> <Node id="1033"/>of<Node id="1035"/> <Node id="1036"/>
<Node id="1037"/> <Node id="1038"/>the<Node id="1041"/> <Node id="1042"/>North<Node id="1047"/> <Node id="1048"/>were<Node id="1052"/> <Node id="1053"/>dotted<Node id="1059"/> <Node id="1060"/>with<Node id="1064"/> <Node id="1065"/>mute<Node id="1069"/> <Node id="1070"/>mournful<Node id="1078"/> <Node id="1079"/>ruins<Node id="1084"/> <Node id="1085"/>of<Node id="1087"/> <Node id="1088"/>Tartar<Node id="1094"/> <Node id="1095"/>villages<Node id="1103"/>.<Node id="1104"/> <Node id="1105"/>
<Node id="1106"/> <Node id="1107"/>They<Node id="1111"/> <Node id="1112"/>are<Node id="1115"/> <Node id="1116"/>quiet<Node id="1121"/> <Node id="1122"/>now<Node id="1125"/>,<Node id="1126"/> <Node id="1127"/>those<Node id="1132"/> <Node id="1133"/>villages<Node id="1141"/>,<Node id="1142"/> <Node id="1143"/>except<Node id="1149"/> <Node id="1150"/>for<Node id="1153"/> <Node id="1154"/>howling<Node id="1161"/> <Node id="1162"/>of<Node id="1164"/> <Node id="1165"/>wolves<Node id="1171"/> <Node id="1172"/>
<Node id="1173"/> <Node id="1174"/>and<Node id="1177"/> <Node id="1178"/>jackals<Node id="1185"/> <Node id="1186"/>that<Node id="1190"/> <Node id="1191"/>visit<Node id="1196"/> <Node id="1197"/>them<Node id="1201"/> <Node id="1202"/>to<Node id="1204"/> <Node id="1205"/>paw<Node id="1208"/> <Node id="1209"/>over<Node id="1213"/> <Node id="1214"/>the<Node id="1217"/> <Node id="1218"/>scattered<Node id="1227"/> <Node id="1228"/>bones<Node id="1233"/> <Node id="1234"/>of<Node id="1236"/> <Node id="1237"/>the<Node id="1240"/> <Node id="1241"/>
<Node id="1242"/> <Node id="1243"/>dead<Node id="1247"/>.<Node id="1248"/>"<Node id="1249"/> <Node id="1250"/>
<Node id="1251"/>
<Node id="1252"/> <Node id="1253"/> <Node id="1254"/> <Node id="1255"/> <Node id="1256"/> <Node id="1257"/> <Node id="1258"/> <Node id="1259"/> <Node id="1260"/> <Node id="1261"/> <Node id="1262"/> <Node id="1263"/> <Node id="1264"/> <Node id="1265"/> <Node id="1266"/> <Node id="1267"/> <Node id="1268"/> <Node id="1269"/> <Node id="1270"/> <Node id="1271"/>(<Node id="1272"/>to<Node id="1274"/> <Node id="1275"/>be<Node id="1277"/> <Node id="1278"/>continued<Node id="1287"/>.<Node id="1288"/>.<Node id="1289"/>.<Node id="1290"/>)<Node id="1291"/>
<Node id="1292"/>
<Node id="1293"/>Serdar<Node id="1299"/> <Node id="1300"/>Argic<Node id="1305"/>
<Node id="1306"/>
<Node id="1307"/> <Node id="1308"/> <Node id="1309"/> <Node id="1310"/> <Node id="1311"/> <Node id="1312"/> <Node id="1313"/> <Node id="1314"/> <Node id="1315"/> <Node id="1316"/> <Node id="1317"/> <Node id="1318"/> <Node id="1319"/> <Node id="1320"/> <Node id="1321"/> <Node id="1322"/> <Node id="1323"/> <Node id="1324"/> <Node id="1325"/> <Node id="1326"/> <Node id="1327"/> <Node id="1328"/> <Node id="1329"/> <Node id="1330"/> <Node id="1331"/> <Node id="1332"/> <Node id="1333"/> <Node id="1334"/>'<Node id="1335"/>We<Node id="1337"/> <Node id="1338"/>closed<Node id="1344"/> <Node id="1345"/>the<Node id="1348"/> <Node id="1349"/>roads<Node id="1354"/> <Node id="1355"/>and<Node id="1358"/> <Node id="1359"/>mountain<Node id="1367"/> <Node id="1368"/>passes<Node id="1374"/> <Node id="1375"/>that<Node id="1379"/> <Node id="1380"/>
<Node id="1381"/> <Node id="1382"/> <Node id="1383"/> <Node id="1384"/> <Node id="1385"/> <Node id="1386"/> <Node id="1387"/> <Node id="1388"/> <Node id="1389"/> <Node id="1390"/> <Node id="1391"/> <Node id="1392"/> <Node id="1393"/> <Node id="1394"/> <Node id="1395"/> <Node id="1396"/> <Node id="1397"/> <Node id="1398"/> <Node id="1399"/> <Node id="1400"/> <Node id="1401"/> <Node id="1402"/> <Node id="1403"/> <Node id="1404"/> <Node id="1405"/> <Node id="1406"/> <Node id="1407"/> <Node id="1408"/> <Node id="1409"/>might<Node id="1414"/> <Node id="1415"/>serve<Node id="1420"/> <Node id="1421"/>as<Node id="1423"/> <Node id="1424"/>ways<Node id="1428"/> <Node id="1429"/>of<Node id="1431"/> <Node id="1432"/>escape<Node id="1438"/> <Node id="1439"/>for<Node id="1442"/> <Node id="1443"/>the<Node id="1446"/> <Node id="1447"/>Turks<Node id="1452"/> <Node id="1453"/>
<Node id="1454"/> <Node id="1455"/> <Node id="1456"/> <Node id="1457"/> <Node id="1458"/> <Node id="1459"/> <Node id="1460"/> <Node id="1461"/> <Node id="1462"/> <Node id="1463"/> <Node id="1464"/> <Node id="1465"/> <Node id="1466"/> <Node id="1467"/> <Node id="1468"/> <Node id="1469"/> <Node id="1470"/> <Node id="1471"/> <Node id="1472"/> <Node id="1473"/> <Node id="1474"/> <Node id="1475"/> <Node id="1476"/> <Node id="1477"/> <Node id="1478"/> <Node id="1479"/> <Node id="1480"/> <Node id="1481"/> <Node id="1482"/>and<Node id="1485"/> <Node id="1486"/>then<Node id="1490"/> <Node id="1491"/>proceeded<Node id="1500"/> <Node id="1501"/>in<Node id="1503"/> <Node id="1504"/>the<Node id="1507"/> <Node id="1508"/>work<Node id="1512"/> <Node id="1513"/>of<Node id="1515"/> <Node id="1516"/>extermination<Node id="1529"/>.<Node id="1530"/>'<Node id="1531"/>
<Node id="1532"/> <Node id="1533"/> <Node id="1534"/> <Node id="1535"/> <Node id="1536"/> <Node id="1537"/> <Node id="1538"/> <Node id="1539"/> <Node id="1540"/> <Node id="1541"/> <Node id="1542"/> <Node id="1543"/> <Node id="1544"/> <Node id="1545"/> <Node id="1546"/> <Node id="1547"/> <Node id="1548"/> <Node id="1549"/> <Node id="1550"/> <Node id="1551"/> <Node id="1552"/> <Node id="1553"/> <Node id="1554"/> <Node id="1555"/> <Node id="1556"/> <Node id="1557"/> <Node id="1558"/> <Node id="1559"/> <Node id="1560"/> <Node id="1561"/> <Node id="1562"/> <Node id="1563"/> <Node id="1564"/> <Node id="1565"/> <Node id="1566"/> <Node id="1567"/> <Node id="1568"/> <Node id="1569"/> <Node id="1570"/> <Node id="1571"/> <Node id="1572"/> <Node id="1573"/> <Node id="1574"/> <Node id="1575"/> <Node id="1576"/> <Node id="1577"/> <Node id="1578"/> <Node id="1579"/> <Node id="1580"/> <Node id="1581"/> <Node id="1582"/>(<Node id="1583"/>Ohanus<Node id="1589"/> <Node id="1590"/>Appressian<Node id="1600"/> <Node id="1601"/>-<Node id="1602"/> <Node id="1603"/>1919<Node id="1607"/>)<Node id="1608"/>
<Node id="1609"/> <Node id="1610"/> <Node id="1611"/> <Node id="1612"/> <Node id="1613"/> <Node id="1614"/> <Node id="1615"/> <Node id="1616"/> <Node id="1617"/> <Node id="1618"/> <Node id="1619"/> <Node id="1620"/> <Node id="1621"/> <Node id="1622"/> <Node id="1623"/> <Node id="1624"/> <Node id="1625"/> <Node id="1626"/> <Node id="1627"/> <Node id="1628"/> <Node id="1629"/> <Node id="1630"/> <Node id="1631"/> <Node id="1632"/> <Node id="1633"/> <Node id="1634"/> <Node id="1635"/> <Node id="1636"/>'<Node id="1637"/>In<Node id="1639"/> <Node id="1640"/>Soviet<Node id="1646"/> <Node id="1647"/>Armenia<Node id="1654"/> <Node id="1655"/>today<Node id="1660"/> <Node id="1661"/>there<Node id="1666"/> <Node id="1667"/>no<Node id="1669"/> <Node id="1670"/>longer<Node id="1676"/> <Node id="1677"/>exists<Node id="1683"/> <Node id="1684"/>
<Node id="1685"/> <Node id="1686"/> <Node id="1687"/> <Node id="1688"/> <Node id="1689"/> <Node id="1690"/> <Node id="1691"/> <Node id="1692"/> <Node id="1693"/> <Node id="1694"/> <Node id="1695"/> <Node id="1696"/> <Node id="1697"/> <Node id="1698"/> <Node id="1699"/> <Node id="1700"/> <Node id="1701"/> <Node id="1702"/> <Node id="1703"/> <Node id="1704"/> <Node id="1705"/> <Node id="1706"/> <Node id="1707"/> <Node id="1708"/> <Node id="1709"/> <Node id="1710"/> <Node id="1711"/> <Node id="1712"/> <Node id="1713"/>a<Node id="1714"/> <Node id="1715"/>single<Node id="1721"/> <Node id="1722"/>Turkish<Node id="1729"/> <Node id="1730"/>soul<Node id="1734"/>.<Node id="1735"/>'<Node id="1736"/> <Node id="1737"/>(<Node id="1738"/>Sahak<Node id="1743"/> <Node id="1744"/>Melkonian<Node id="1753"/> <Node id="1754"/>-<Node id="1755"/> <Node id="1756"/>1920<Node id="1760"/>)<Node id="1761"/>
<Node id="1762"/></TextWithNodes>
<!-- The default annotation set -->

<AnnotationSet>
<Annotation EndNode="1762" StartNode="0" Type="Mention" Id="9999999">
<Feature>
<Name classname="java.lang.String">Class</Name>
<Value classname="java.lang.String">0</Value>
</Feature>
</Annotation>

<Annotation Id="10" Type="Token" StartNode="22" EndNode="28">
<Feature>
  <Name className="java.lang.String">string</Name>
  <Value className="java.lang.String">Serdar</Value>
</Feature>
</Annotation>
<Annotation Id="15" Type="Token" StartNode="36" EndNode="44">
<Feature>
  <Name className="java.lang.String">string</Name>
  <Value className="java.lang.String">Message-</Value>
</Feature>
</Annotation>
<Annotation Id="20" Type="Token" StartNode="49" EndNode="59">
</Annotation>
<Annotation Id="44" Type="Token" StartNode="99" EndNode="107">
<Feature>
  <Name className="java.lang.String">string</Name>
  <Value className="java.lang.String">Article-</Value>
</Feature>
</Annotation>
<Annotation Id="55" Type="Token" StartNode="129" EndNode="139">
<Feature>
  <Name className="java.lang.String">string</Name>
  <Value className="java.lang.String">References</Value>
</Feature>
</Annotation>
<Annotation Id="53" Type="Token" StartNode="118" EndNode="128">
</Annotation>
<Annotation Id="63" Type="Token" StartNode="152" EndNode="158">
</Annotation>
<Annotation Id="76" Type="Token" StartNode="183" EndNode="189">
<Feature>
  <Name className="java.lang.String">string</Name>
  <Value className="java.lang.String">Sender</Value>
</Feature>
</Annotation>
<Annotation Id="85" Type="Token" StartNode="209" EndNode="215">
<Feature>
  <Name className="java.lang.String">string</Name>
  <Value className="java.lang.String">Reply-</Value>
</Feature>
</Annotation>
<Annotation Id="81" Type="Token" StartNode="196" EndNode="204">
<Feature>
  <Name className="java.lang.String">string</Name>
  <Value className="java.lang.String">anatolia</Value>
</Feature>
</Annotation>
<Annotation Id="101" Type="Token" StartNode="249" EndNode="261">
<Feature>
  <Name className="java.lang.String">string</Name>
  <Value className="java.lang.String">Distribution</Value>
</Feature>
</Annotation>
<Annotation Id="96" Type="Token" StartNode="235" EndNode="241">
<Feature>
  <Name className="java.lang.String">string</Name>
  <Value className="java.lang.String">Serdar</Value>
</Feature>
</Annotation>
<Annotation Id="114" Type="Token" StartNode="283" EndNode="290">
<Feature>
  <Name className="java.lang.String">string</Name>
  <Value className="java.lang.String">article</Value>
</Feature>
</Annotation>
<Annotation Id="121" Type="Token" StartNode="302" EndNode="308">
</Annotation>
<Annotation Id="136" Type="Token" StartNode="342" EndNode="352">
<Feature>
  <Name className="java.lang.String">string</Name>
  <Value className="java.lang.String">jyusenkyou</Value>
</Feature>
</Annotation>
<Annotation Id="134" Type="Token" StartNode="333" EndNode="341">
<Feature>
  <Name className="java.lang.String">string</Name>
  <Value className="java.lang.String">arromdee</Value>
</Feature>
</Annotation>
<Annotation Id="155" Type="Token" StartNode="389" EndNode="398">
<Feature>
  <Name className="java.lang.String">string</Name>
  <Value className="java.lang.String">Armenians</Value>
</Feature>
</Annotation>
<Annotation Id="147" Type="Token" StartNode="369" EndNode="377">
<Feature>
  <Name className="java.lang.String">string</Name>
  <Value className="java.lang.String">Arromdee</Value>
</Feature>
</Annotation>
<Annotation Id="150" Type="Token" StartNode="379" EndNode="385">
<Feature>
  <Name className="java.lang.String">string</Name>
  <Value className="java.lang.String">writes</Value>
</Feature>
</Annotation>
<Annotation Id="161" Type="Token" StartNode="407" EndNode="415">
<Feature>
  <Name className="java.lang.String">string</Name>
  <Value className="java.lang.String">genocide</Value>
</Feature>
</Annotation>
<Annotation Id="185" Type="Token" StartNode="460" EndNode="466">
<Feature>
  <Name className="java.lang.String">string</Name>
  <Value className="java.lang.String">Source</Value>
</Feature>
</Annotation>
<Annotation Id="178" Type="Token" StartNode="441" EndNode="451">
<Feature>
  <Name className="java.lang.String">string</Name>
  <Value className="java.lang.String">compulsive</Value>
</Feature>
</Annotation>
<Annotation Id="204" Type="Token" StartNode="507" EndNode="514">
<Feature>
  <Name className="java.lang.String">string</Name>
  <Value className="java.lang.String">Hartill</Value>
</Feature>
</Annotation>
<Annotation Id="200" Type="Token" StartNode="491" EndNode="498">
<Feature>
  <Name className="java.lang.String">string</Name>
  <Value className="java.lang.String">Leonard</Value>
</Feature>
</Annotation>
<Annotation Id="202" Type="Token" StartNode="499" EndNode="506">
<Feature>
  <Name className="java.lang.String">string</Name>
  <Value className="java.lang.String">Ramsden</Value>
</Feature>
</Annotation>
<Annotation Id="212" Type="Token" StartNode="534" EndNode="541">
<Feature>
  <Name className="java.lang.String">string</Name>
  <Value className="java.lang.String">Company</Value>
</Feature>
</Annotation>
<Annotation Id="215" Type="Token" StartNode="543" EndNode="555">
<Feature>
  <Name className="java.lang.String">string</Name>
  <Value className="java.lang.String">Indianapolis</Value>
</Feature>
</Annotation>
<Annotation Id="209" Type="Token" StartNode="520" EndNode="526">
<Feature>
  <Name className="java.lang.String">string</Name>
  <Value className="java.lang.String">Bobbs-</Value>
</Feature>
</Annotation>
<Annotation Id="210" Type="Token" StartNode="526" EndNode="533">
<Feature>
  <Name className="java.lang.String">string</Name>
  <Value className="java.lang.String">Merrill</Value>
</Feature>
</Annotation>
<Annotation Id="239" Type="Token" StartNode="602" EndNode="609">
<Feature>
  <Name className="java.lang.String">string</Name>
  <Value className="java.lang.String">officer</Value>
</Feature>
</Annotation>
<Annotation Id="237" Type="Token" StartNode="593" EndNode="601">
<Feature>
  <Name className="java.lang.String">string</Name>
  <Value className="java.lang.String">Armenian</Value>
</Feature>
</Annotation>
<Annotation Id="231" Type="Token" StartNode="579" EndNode="586">
<Feature>
  <Name className="java.lang.String">string</Name>
  <Value className="java.lang.String">Memoirs</Value>
</Feature>
</Annotation>
<Annotation Id="249" Type="Token" StartNode="634" EndNode="642">
<Feature>
  <Name className="java.lang.String">string</Name>
  <Value className="java.lang.String">genocide</Value>
</Feature>
</Annotation>
<Annotation Id="243" Type="Token" StartNode="614" EndNode="626">
<Feature>
  <Name className="java.lang.String">string</Name>
  <Value className="java.lang.String">participated</Value>
</Feature>
</Annotation>
<Annotation Id="279" Type="Token" StartNode="701" EndNode="711">
<Feature>
  <Name className="java.lang.String">string</Name>
  <Value className="java.lang.String">paragraphs</Value>
</Feature>
</Annotation>
<Annotation Id="277" Type="Token" StartNode="694" EndNode="700">
<Feature>
  <Name className="java.lang.String">string</Name>
  <Value className="java.lang.String">second</Value>
</Feature>
</Annotation>
<Annotation Id="259" Type="Token" StartNode="652" EndNode="659">
<Feature>
  <Name className="java.lang.String">string</Name>
  <Value className="java.lang.String">million</Value>
</Feature>
</Annotation>
<Annotation Id="263" Type="Token" StartNode="667" EndNode="673">
<Feature>
  <Name className="java.lang.String">string</Name>
  <Value className="java.lang.String">people</Value>
</Feature>
</Annotation>
<Annotation Id="261" Type="Token" StartNode="660" EndNode="666">
<Feature>
  <Name className="java.lang.String">string</Name>
  <Value className="java.lang.String">Muslim</Value>
</Feature>
</Annotation>
<Annotation Id="304" Type="Token" StartNode="766" EndNode="772">
<Feature>
  <Name className="java.lang.String">string</Name>
  <Value className="java.lang.String">refuge</Value>
</Feature>
</Annotation>
<Annotation Id="312" Type="Token" StartNode="782" EndNode="791">
<Feature>
  <Name className="java.lang.String">string</Name>
  <Value className="java.lang.String">mountains</Value>
</Feature>
</Annotation>
<Annotation Id="316" Type="Token" StartNode="795" EndNode="804">
<Feature>
  <Name className="java.lang.String">string</Name>
  <Value className="java.lang.String">succeeded</Value>
</Feature>
</Annotation>
<Annotation Id="291" Type="Token" StartNode="728" EndNode="735">
<Feature>
  <Name className="java.lang.String">string</Name>
  <Value className="java.lang.String">Tartars</Value>
</Feature>
</Annotation>
<Annotation Id="293" Type="Token" StartNode="736" EndNode="743">
<Feature>
  <Name className="java.lang.String">string</Name>
  <Value className="java.lang.String">escaped</Value>
</Feature>
</Annotation>
<Annotation Id="297" Type="Token" StartNode="747" EndNode="753">
<Feature>
  <Name className="java.lang.String">string</Name>
  <Value className="java.lang.String">course</Value>
</Feature>
</Annotation>
<Annotation Id="339" Type="Token" StartNode="857" EndNode="863">
<Feature>
  <Name className="java.lang.String">string</Name>
  <Value className="java.lang.String">killed</Value>
</Feature>
</Annotation>
<Annotation Id="324" Type="Token" StartNode="821" EndNode="827">
<Feature>
  <Name className="java.lang.String">string</Name>
  <Value className="java.lang.String">border</Value>
</Feature>
</Annotation>
<Annotation Id="320" Type="Token" StartNode="808" EndNode="816">
<Feature>
  <Name className="java.lang.String">string</Name>
  <Value className="java.lang.String">crossing</Value>
</Feature>
</Annotation>
<Annotation Id="328" Type="Token" StartNode="833" EndNode="839">
<Feature>
  <Name className="java.lang.String">string</Name>
  <Value className="java.lang.String">Turkey</Value>
</Feature>
</Annotation>
<Annotation Id="374" Type="Token" StartNode="944" EndNode="956">
<Feature>
  <Name className="java.lang.String">string</Name>
  <Value className="java.lang.String">Nakhitchevan</Value>
</Feature>
</Annotation>
<Annotation Id="368" Type="Token" StartNode="923" EndNode="930">
<Feature>
  <Name className="java.lang.String">string</Name>
  <Value className="java.lang.String">Russian</Value>
</Feature>
</Annotation>
<Annotation Id="370" Type="Token" StartNode="931" EndNode="938">
<Feature>
  <Name className="java.lang.String">string</Name>
  <Value className="java.lang.String">Armenia</Value>
</Feature>
</Annotation>
<Annotation Id="378" Type="Token" StartNode="960" EndNode="971">
<Feature>
  <Name className="java.lang.String">string</Name>
  <Value className="java.lang.String">Akhalkalaki</Value>
</Feature>
</Annotation>
<Annotation Id="356" Type="Token" StartNode="893" EndNode="899">
<Feature>
  <Name className="java.lang.String">string</Name>
  <Value className="java.lang.String">length</Value>
</Feature>
</Annotation>
<Annotation Id="364" Type="Token" StartNode="909" EndNode="919">
<Feature>
  <Name className="java.lang.String">string</Name>
  <Value className="java.lang.String">borderland</Value>
</Feature>
</Annotation>
<Annotation Id="414" Type="Token" StartNode="1053" EndNode="1059">
<Feature>
  <Name className="java.lang.String">string</Name>
  <Value className="java.lang.String">dotted</Value>
</Feature>
</Annotation>
<Annotation Id="402" Type="Token" StartNode="1025" EndNode="1032">
<Feature>
  <Name className="java.lang.String">string</Name>
  <Value className="java.lang.String">plateau</Value>
</Feature>
</Annotation>
<Annotation Id="400" Type="Token" StartNode="1016" EndNode="1024">
<Feature>
  <Name className="java.lang.String">string</Name>
  <Value className="java.lang.String">mountain</Value>
</Feature>
</Annotation>
<Annotation Id="392" Type="Token" StartNode="997" EndNode="1003">
<Feature>
  <Name className="java.lang.String">string</Name>
  <Value className="java.lang.String">Ararat</Value>
</Feature>
</Annotation>
<Annotation Id="388" Type="Token" StartNode="987" EndNode="993">
<Feature>
  <Name className="java.lang.String">string</Name>
  <Value className="java.lang.String">plains</Value>
</Feature>
</Annotation>
<Annotation Id="444" Type="Token" StartNode="1133" EndNode="1141">
<Feature>
  <Name className="java.lang.String">string</Name>
  <Value className="java.lang.String">villages</Value>
</Feature>
</Annotation>
<Annotation Id="447" Type="Token" StartNode="1143" EndNode="1149">
<Feature>
  <Name className="java.lang.String">string</Name>
  <Value className="java.lang.String">except</Value>
</Feature>
</Annotation>
<Annotation Id="426" Type="Token" StartNode="1088" EndNode="1094">
<Feature>
  <Name className="java.lang.String">string</Name>
  <Value className="java.lang.String">Tartar</Value>
</Feature>
</Annotation>
<Annotation Id="428" Type="Token" StartNode="1095" EndNode="1103">
<Feature>
  <Name className="java.lang.String">string</Name>
  <Value className="java.lang.String">villages</Value>
</Feature>
</Annotation>
<Annotation Id="420" Type="Token" StartNode="1070" EndNode="1078">
<Feature>
  <Name className="java.lang.String">string</Name>
  <Value className="java.lang.String">mournful</Value>
</Feature>
</Annotation>
<Annotation Id="477" Type="Token" StartNode="1218" EndNode="1227">
<Feature>
  <Name className="java.lang.String">string</Name>
  <Value className="java.lang.String">scattered</Value>
</Feature>
</Annotation>
<Annotation Id="461" Type="Token" StartNode="1178" EndNode="1185">
<Feature>
  <Name className="java.lang.String">string</Name>
  <Value className="java.lang.String">jackals</Value>
</Feature>
</Annotation>
<Annotation Id="455" Type="Token" StartNode="1165" EndNode="1171">
<Feature>
  <Name className="java.lang.String">string</Name>
  <Value className="java.lang.String">wolves</Value>
</Feature>
</Annotation>
<Annotation Id="451" Type="Token" StartNode="1154" EndNode="1161">
<Feature>
  <Name className="java.lang.String">string</Name>
  <Value className="java.lang.String">howling</Value>
</Feature>
</Annotation>
<Annotation Id="559" Type="Token" StartNode="1338" EndNode="1344">
<Feature>
  <Name className="java.lang.String">string</Name>
  <Value className="java.lang.String">closed</Value>
</Feature>
</Annotation>
<Annotation Id="567" Type="Token" StartNode="1359" EndNode="1367">
<Feature>
  <Name className="java.lang.String">string</Name>
  <Value className="java.lang.String">mountain</Value>
</Feature>
</Annotation>
<Annotation Id="569" Type="Token" StartNode="1368" EndNode="1374">
<Feature>
  <Name className="java.lang.String">string</Name>
  <Value className="java.lang.String">passes</Value>
</Feature>
</Annotation>
<Annotation Id="517" Type="Token" StartNode="1278" EndNode="1287">
<Feature>
  <Name className="java.lang.String">string</Name>
  <Value className="java.lang.String">continued</Value>
</Feature>
</Annotation>
<Annotation Id="524" Type="Token" StartNode="1293" EndNode="1299">
<Feature>
  <Name className="java.lang.String">string</Name>
  <Value className="java.lang.String">Serdar</Value>
</Feature>
</Annotation>
<Annotation Id="612" Type="Token" StartNode="1432" EndNode="1438">
<Feature>
  <Name className="java.lang.String">string</Name>
  <Value className="java.lang.String">escape</Value>
</Feature>
</Annotation>
<Annotation Id="653" Type="Token" StartNode="1491" EndNode="1500">
<Feature>
  <Name className="java.lang.String">string</Name>
  <Value className="java.lang.String">proceeded</Value>
</Feature>
</Annotation>
<Annotation Id="663" Type="Token" StartNode="1516" EndNode="1529">
<Feature>
  <Name className="java.lang.String">string</Name>
  <Value className="java.lang.String">extermination</Value>
</Feature>
</Annotation>
<Annotation Id="767" Type="Token" StartNode="1670" EndNode="1676">
<Feature>
  <Name className="java.lang.String">string</Name>
  <Value className="java.lang.String">longer</Value>
</Feature>
</Annotation>
<Annotation Id="759" Type="Token" StartNode="1647" EndNode="1654">
<Feature>
  <Name className="java.lang.String">string</Name>
  <Value className="java.lang.String">Armenia</Value>
</Feature>
</Annotation>
<Annotation Id="757" Type="Token" StartNode="1640" EndNode="1646">
<Feature>
  <Name className="java.lang.String">string</Name>
  <Value className="java.lang.String">Soviet</Value>
</Feature>
</Annotation>
<Annotation Id="718" Type="Token" StartNode="1583" EndNode="1589">
<Feature>
  <Name className="java.lang.String">string</Name>
  <Value className="java.lang.String">Ohanus</Value>
</Feature>
</Annotation>
<Annotation Id="720" Type="Token" StartNode="1590" EndNode="1600">
<Feature>
  <Name className="java.lang.String">string</Name>
  <Value className="java.lang.String">Appressian</Value>
</Feature>
</Annotation>
<Annotation Id="804" Type="Token" StartNode="1722" EndNode="1729">
<Feature>
  <Name className="java.lang.String">string</Name>
  <Value className="java.lang.String">Turkish</Value>
</Feature>
</Annotation>
<Annotation Id="802" Type="Token" StartNode="1715" EndNode="1721">
<Feature>
  <Name className="java.lang.String">string</Name>
  <Value className="java.lang.String">single</Value>
</Feature>
</Annotation>
<Annotation Id="813" Type="Token" StartNode="1744" EndNode="1753">
<Feature>
  <Name className="java.lang.String">string</Name>
  <Value className="java.lang.String">Melkonian</Value>
</Feature>
</Annotation>
<Annotation Id="769" Type="Token" StartNode="1677" EndNode="1683">
<Feature>
  <Name className="java.lang.String">string</Name>
  <Value className="java.lang.String">exists</Value>
</Feature>
</Annotation>
</AnnotationSet>
<AnnotationSet Name="Original markups"> </AnnotationSet>
</GateDocument>