<?xml version='1.0' encoding='UTF-8'?>
<GateDocument version="3">
<!-- The document's features-->

<GateDocumentFeatures>
<Feature>
  <Name className="java.lang.String">Original_document_content_on_load</Name>
  <Value className="java.lang.String"><![CDATA[From: chloupek@ohstpy.mps.ohio-state.edu
Message-ID: <851.2bd1c239@ohstpy.mps.ohio-state.edu>
Date: 18 Apr 93 21:03:53 EDT
References: <C5G1su.K27@wolves.Durham.NC.US> <C5G7vu.31C@news.cso.uiuc.edu> <1993Apr14.135948.3024@lynx.dac.northeastern.edu> <1qp5juINNgu5@senator-bedfellow.MIT.EDU>
Organization: The Ohio State University, Department of Physics
Lines: 57

In article <1qp5juINNgu5@senator-bedfellow.MIT.EDU>, wdstarr@athena.mit.edu (William December Starr) writes:
> In article <1993Apr14.135948.3024@lynx.dac.northeastern.edu>, 
> tfarrell@lynx.dac.northeastern.edu (Thomas Farrell) said:
> 
>> A good case? A F**KING GOOD CASE? The defense lawyer asked the victim
>> questions like "what kind of sexual perversions do you participate
>> in?"  and you think he made a good case?????
> 
> Speaking as someone who's only about six weeks and a $6,900 tuition bill
> away from becoming an unemployed slob with a law degree, I'd really like
> to see a transcript of this trial.  I'd especially like to know what
> happened immediately after the defense attorney asked that question
> (assuming that the reports that he did so are accurate... I'm not
> accusing Tom Farrell of making anything up, but this _is_ the sort of
> case that spawns garbled misquotes, false rumors and urban legends like
> tribbles).  It'd be nice to think that the prosecutor objected
> (irrelevant, prejudicial, inflammatory... take your pick) and that the
> judge upheld the objection.
>
I did hear this question asked during a radio news update of the case.  (They
were talking about the ongoing trial and had some audio clips).  Immediately
after the defense attorney asked the question, there was an "Objection!" heard
in the background.  The clip ended at that point so I don't know if the
objection was upheld.  I can't imagine NC is *that* bad. 

>> The arresting officer said the bastards told him they did it on
>> purpose and hoped the victim would die, and you think the defense made
>> a good case????? No wonder we're losing!  We're aparently not trying
>> to win!
> 
> Again, I'd like to see the transcript... I'd read the latter bit of that
> in the news media (the arresting officer testifying that one of the
> defendants calmly asked him about the condition of the "homo" and said
> that he hoped he'd die) but this is the first I've heard of the officer
> testifying that one of the defendants actually said that he did anything
> at all, let alone that he did it on purpose.
>
This I didn't hear as an audio clip but heard it reported a number of times on
news stories both during and after the trial.  Now the "we did it on purpose"
thing is stretching, I think it was something more like--he had it coming.  If
somebody else remebers better than I on this second point, feel free to
clarify.  
        
Frank

--------------------------------------------------------------------------

Frank R. Chloupek 
CHLOUPEK@ohstpy.mps.ohio-state.edu 
Department of Physics -- *The* Ohio State University
(Not just any Ohio State University) 

"There is only one hard-and-fast rule about the place to have a party:  
somebody else's place."
							--P.J. O'Rourke


]]></Value>
</Feature>
<Feature>
  <Name className="java.lang.String">gate.SourceURL</Name>
  <Value className="java.lang.String">file:/C:/Users/jian/Documents/NetBeansProjects/NoiseReductionTechniques/mideastPoliticsMix/negative1157</Value>
</Feature>
</GateDocumentFeatures>
<!-- The document content area with serialized nodes -->

<TextWithNodes><Node id="0"/>From<Node id="4"/>:<Node id="5"/> <Node id="6"/>chloupek<Node id="14"/>@<Node id="15"/>ohstpy<Node id="21"/>.<Node id="22"/>mps<Node id="25"/>.<Node id="26"/>ohio-state<Node id="36"/>.<Node id="37"/>edu<Node id="40"/>
<Node id="41"/>Message-<Node id="49"/>ID<Node id="51"/>:<Node id="52"/> <Node id="53"/>&lt;<Node id="54"/>851<Node id="57"/>.<Node id="58"/>2<Node id="59"/>bd<Node id="61"/>1<Node id="62"/>c<Node id="63"/>239<Node id="66"/>@<Node id="67"/>ohstpy<Node id="73"/>.<Node id="74"/>mps<Node id="77"/>.<Node id="78"/>ohio-state<Node id="88"/>.<Node id="89"/>edu<Node id="92"/>&gt;<Node id="93"/>
<Node id="94"/>Date<Node id="98"/>:<Node id="99"/> <Node id="100"/>18<Node id="102"/> <Node id="103"/>Apr<Node id="106"/> <Node id="107"/>93<Node id="109"/> <Node id="110"/>21<Node id="112"/>:<Node id="113"/>03<Node id="115"/>:<Node id="116"/>53<Node id="118"/> <Node id="119"/>EDT<Node id="122"/>
<Node id="123"/>References<Node id="133"/>:<Node id="134"/> <Node id="135"/>&lt;<Node id="136"/>C<Node id="137"/>5<Node id="138"/>G<Node id="139"/>1<Node id="140"/>su<Node id="142"/>.<Node id="143"/>K<Node id="144"/>27<Node id="146"/>@<Node id="147"/>wolves<Node id="153"/>.<Node id="154"/>Durham<Node id="160"/>.<Node id="161"/>NC<Node id="163"/>.<Node id="164"/>US<Node id="166"/>&gt;<Node id="167"/> <Node id="168"/>&lt;<Node id="169"/>C<Node id="170"/>5<Node id="171"/>G<Node id="172"/>7<Node id="173"/>vu<Node id="175"/>.<Node id="176"/>31<Node id="178"/>C<Node id="179"/>@<Node id="180"/>news<Node id="184"/>.<Node id="185"/>cso<Node id="188"/>.<Node id="189"/>uiuc<Node id="193"/>.<Node id="194"/>edu<Node id="197"/>&gt;<Node id="198"/> <Node id="199"/>&lt;<Node id="200"/>1993<Node id="204"/>Apr<Node id="207"/>14<Node id="209"/>.<Node id="210"/>135948<Node id="216"/>.<Node id="217"/>3024<Node id="221"/>@<Node id="222"/>lynx<Node id="226"/>.<Node id="227"/>dac<Node id="230"/>.<Node id="231"/>northeastern<Node id="243"/>.<Node id="244"/>edu<Node id="247"/>&gt;<Node id="248"/> <Node id="249"/>&lt;<Node id="250"/>1<Node id="251"/>qp<Node id="253"/>5<Node id="254"/>juINNgu<Node id="261"/>5<Node id="262"/>@<Node id="263"/>senator-bedfellow<Node id="280"/>.<Node id="281"/>MIT<Node id="284"/>.<Node id="285"/>EDU<Node id="288"/>&gt;<Node id="289"/>
<Node id="290"/>Organization<Node id="302"/>:<Node id="303"/> <Node id="304"/>The<Node id="307"/> <Node id="308"/>Ohio<Node id="312"/> <Node id="313"/>State<Node id="318"/> <Node id="319"/>University<Node id="329"/>,<Node id="330"/> <Node id="331"/>Department<Node id="341"/> <Node id="342"/>of<Node id="344"/> <Node id="345"/>Physics<Node id="352"/>
<Node id="353"/>Lines<Node id="358"/>:<Node id="359"/> <Node id="360"/>57<Node id="362"/>
<Node id="363"/>
<Node id="364"/>In<Node id="366"/> <Node id="367"/>article<Node id="374"/> <Node id="375"/>&lt;<Node id="376"/>1<Node id="377"/>qp<Node id="379"/>5<Node id="380"/>juINNgu<Node id="387"/>5<Node id="388"/>@<Node id="389"/>senator-bedfellow<Node id="406"/>.<Node id="407"/>MIT<Node id="410"/>.<Node id="411"/>EDU<Node id="414"/>&gt;<Node id="415"/>,<Node id="416"/> <Node id="417"/>wdstarr<Node id="424"/>@<Node id="425"/>athena<Node id="431"/>.<Node id="432"/>mit<Node id="435"/>.<Node id="436"/>edu<Node id="439"/> <Node id="440"/>(<Node id="441"/>William<Node id="448"/> <Node id="449"/>December<Node id="457"/> <Node id="458"/>Starr<Node id="463"/>)<Node id="464"/> <Node id="465"/>writes<Node id="471"/>:<Node id="472"/>
<Node id="473"/>&gt;<Node id="474"/> <Node id="475"/>In<Node id="477"/> <Node id="478"/>article<Node id="485"/> <Node id="486"/>&lt;<Node id="487"/>1993<Node id="491"/>Apr<Node id="494"/>14<Node id="496"/>.<Node id="497"/>135948<Node id="503"/>.<Node id="504"/>3024<Node id="508"/>@<Node id="509"/>lynx<Node id="513"/>.<Node id="514"/>dac<Node id="517"/>.<Node id="518"/>northeastern<Node id="530"/>.<Node id="531"/>edu<Node id="534"/>&gt;<Node id="535"/>,<Node id="536"/> <Node id="537"/>
<Node id="538"/>&gt;<Node id="539"/> <Node id="540"/>tfarrell<Node id="548"/>@<Node id="549"/>lynx<Node id="553"/>.<Node id="554"/>dac<Node id="557"/>.<Node id="558"/>northeastern<Node id="570"/>.<Node id="571"/>edu<Node id="574"/> <Node id="575"/>(<Node id="576"/>Thomas<Node id="582"/> <Node id="583"/>Farrell<Node id="590"/>)<Node id="591"/> <Node id="592"/>said<Node id="596"/>:<Node id="597"/>
<Node id="598"/>&gt;<Node id="599"/> <Node id="600"/>
<Node id="601"/>&gt;<Node id="602"/>&gt;<Node id="603"/> <Node id="604"/>A<Node id="605"/> <Node id="606"/>good<Node id="610"/> <Node id="611"/>case<Node id="615"/>?<Node id="616"/> <Node id="617"/>A<Node id="618"/> <Node id="619"/>F<Node id="620"/>*<Node id="621"/>*<Node id="622"/>KING<Node id="626"/> <Node id="627"/>GOOD<Node id="631"/> <Node id="632"/>CASE<Node id="636"/>?<Node id="637"/> <Node id="638"/>The<Node id="641"/> <Node id="642"/>defense<Node id="649"/> <Node id="650"/>lawyer<Node id="656"/> <Node id="657"/>asked<Node id="662"/> <Node id="663"/>the<Node id="666"/> <Node id="667"/>victim<Node id="673"/>
<Node id="674"/>&gt;<Node id="675"/>&gt;<Node id="676"/> <Node id="677"/>questions<Node id="686"/> <Node id="687"/>like<Node id="691"/> <Node id="692"/>"<Node id="693"/>what<Node id="697"/> <Node id="698"/>kind<Node id="702"/> <Node id="703"/>of<Node id="705"/> <Node id="706"/>sexual<Node id="712"/> <Node id="713"/>perversions<Node id="724"/> <Node id="725"/>do<Node id="727"/> <Node id="728"/>you<Node id="731"/> <Node id="732"/>participate<Node id="743"/>
<Node id="744"/>&gt;<Node id="745"/>&gt;<Node id="746"/> <Node id="747"/>in<Node id="749"/>?<Node id="750"/>"<Node id="751"/> <Node id="752"/> <Node id="753"/>and<Node id="756"/> <Node id="757"/>you<Node id="760"/> <Node id="761"/>think<Node id="766"/> <Node id="767"/>he<Node id="769"/> <Node id="770"/>made<Node id="774"/> <Node id="775"/>a<Node id="776"/> <Node id="777"/>good<Node id="781"/> <Node id="782"/>case<Node id="786"/>?<Node id="787"/>?<Node id="788"/>?<Node id="789"/>?<Node id="790"/>?<Node id="791"/>
<Node id="792"/>&gt;<Node id="793"/> <Node id="794"/>
<Node id="795"/>&gt;<Node id="796"/> <Node id="797"/>Speaking<Node id="805"/> <Node id="806"/>as<Node id="808"/> <Node id="809"/>someone<Node id="816"/> <Node id="817"/>who<Node id="820"/>'s<Node id="822"/> <Node id="823"/>only<Node id="827"/> <Node id="828"/>about<Node id="833"/> <Node id="834"/>six<Node id="837"/> <Node id="838"/>weeks<Node id="843"/> <Node id="844"/>and<Node id="847"/> <Node id="848"/>a<Node id="849"/> <Node id="850"/>$<Node id="851"/>6<Node id="852"/>,<Node id="853"/>900<Node id="856"/> <Node id="857"/>tuition<Node id="864"/> <Node id="865"/>bill<Node id="869"/>
<Node id="870"/>&gt;<Node id="871"/> <Node id="872"/>away<Node id="876"/> <Node id="877"/>from<Node id="881"/> <Node id="882"/>becoming<Node id="890"/> <Node id="891"/>an<Node id="893"/> <Node id="894"/>unemployed<Node id="904"/> <Node id="905"/>slob<Node id="909"/> <Node id="910"/>with<Node id="914"/> <Node id="915"/>a<Node id="916"/> <Node id="917"/>law<Node id="920"/> <Node id="921"/>degree<Node id="927"/>,<Node id="928"/> <Node id="929"/>I<Node id="930"/>'d<Node id="932"/> <Node id="933"/>really<Node id="939"/> <Node id="940"/>like<Node id="944"/>
<Node id="945"/>&gt;<Node id="946"/> <Node id="947"/>to<Node id="949"/> <Node id="950"/>see<Node id="953"/> <Node id="954"/>a<Node id="955"/> <Node id="956"/>transcript<Node id="966"/> <Node id="967"/>of<Node id="969"/> <Node id="970"/>this<Node id="974"/> <Node id="975"/>trial<Node id="980"/>.<Node id="981"/> <Node id="982"/> <Node id="983"/>I<Node id="984"/>'d<Node id="986"/> <Node id="987"/>especially<Node id="997"/> <Node id="998"/>like<Node id="1002"/> <Node id="1003"/>to<Node id="1005"/> <Node id="1006"/>know<Node id="1010"/> <Node id="1011"/>what<Node id="1015"/>
<Node id="1016"/>&gt;<Node id="1017"/> <Node id="1018"/>happened<Node id="1026"/> <Node id="1027"/>immediately<Node id="1038"/> <Node id="1039"/>after<Node id="1044"/> <Node id="1045"/>the<Node id="1048"/> <Node id="1049"/>defense<Node id="1056"/> <Node id="1057"/>attorney<Node id="1065"/> <Node id="1066"/>asked<Node id="1071"/> <Node id="1072"/>that<Node id="1076"/> <Node id="1077"/>question<Node id="1085"/>
<Node id="1086"/>&gt;<Node id="1087"/> <Node id="1088"/>(<Node id="1089"/>assuming<Node id="1097"/> <Node id="1098"/>that<Node id="1102"/> <Node id="1103"/>the<Node id="1106"/> <Node id="1107"/>reports<Node id="1114"/> <Node id="1115"/>that<Node id="1119"/> <Node id="1120"/>he<Node id="1122"/> <Node id="1123"/>did<Node id="1126"/> <Node id="1127"/>so<Node id="1129"/> <Node id="1130"/>are<Node id="1133"/> <Node id="1134"/>accurate<Node id="1142"/>.<Node id="1143"/>.<Node id="1144"/>.<Node id="1145"/> <Node id="1146"/>I<Node id="1147"/>'m<Node id="1149"/> <Node id="1150"/>not<Node id="1153"/>
<Node id="1154"/>&gt;<Node id="1155"/> <Node id="1156"/>accusing<Node id="1164"/> <Node id="1165"/>Tom<Node id="1168"/> <Node id="1169"/>Farrell<Node id="1176"/> <Node id="1177"/>of<Node id="1179"/> <Node id="1180"/>making<Node id="1186"/> <Node id="1187"/>anything<Node id="1195"/> <Node id="1196"/>up<Node id="1198"/>,<Node id="1199"/> <Node id="1200"/>but<Node id="1203"/> <Node id="1204"/>this<Node id="1208"/> <Node id="1209"/>_<Node id="1210"/>is<Node id="1212"/>_<Node id="1213"/> <Node id="1214"/>the<Node id="1217"/> <Node id="1218"/>sort<Node id="1222"/> <Node id="1223"/>of<Node id="1225"/>
<Node id="1226"/>&gt;<Node id="1227"/> <Node id="1228"/>case<Node id="1232"/> <Node id="1233"/>that<Node id="1237"/> <Node id="1238"/>spawns<Node id="1244"/> <Node id="1245"/>garbled<Node id="1252"/> <Node id="1253"/>misquotes<Node id="1262"/>,<Node id="1263"/> <Node id="1264"/>false<Node id="1269"/> <Node id="1270"/>rumors<Node id="1276"/> <Node id="1277"/>and<Node id="1280"/> <Node id="1281"/>urban<Node id="1286"/> <Node id="1287"/>legends<Node id="1294"/> <Node id="1295"/>like<Node id="1299"/>
<Node id="1300"/>&gt;<Node id="1301"/> <Node id="1302"/>tribbles<Node id="1310"/>)<Node id="1311"/>.<Node id="1312"/> <Node id="1313"/> <Node id="1314"/>It<Node id="1316"/>'d<Node id="1318"/> <Node id="1319"/>be<Node id="1321"/> <Node id="1322"/>nice<Node id="1326"/> <Node id="1327"/>to<Node id="1329"/> <Node id="1330"/>think<Node id="1335"/> <Node id="1336"/>that<Node id="1340"/> <Node id="1341"/>the<Node id="1344"/> <Node id="1345"/>prosecutor<Node id="1355"/> <Node id="1356"/>objected<Node id="1364"/>
<Node id="1365"/>&gt;<Node id="1366"/> <Node id="1367"/>(<Node id="1368"/>irrelevant<Node id="1378"/>,<Node id="1379"/> <Node id="1380"/>prejudicial<Node id="1391"/>,<Node id="1392"/> <Node id="1393"/>inflammatory<Node id="1405"/>.<Node id="1406"/>.<Node id="1407"/>.<Node id="1408"/> <Node id="1409"/>take<Node id="1413"/> <Node id="1414"/>your<Node id="1418"/> <Node id="1419"/>pick<Node id="1423"/>)<Node id="1424"/> <Node id="1425"/>and<Node id="1428"/> <Node id="1429"/>that<Node id="1433"/> <Node id="1434"/>the<Node id="1437"/>
<Node id="1438"/>&gt;<Node id="1439"/> <Node id="1440"/>judge<Node id="1445"/> <Node id="1446"/>upheld<Node id="1452"/> <Node id="1453"/>the<Node id="1456"/> <Node id="1457"/>objection<Node id="1466"/>.<Node id="1467"/>
<Node id="1468"/>&gt;<Node id="1469"/>
<Node id="1470"/>I<Node id="1471"/> <Node id="1472"/>did<Node id="1475"/> <Node id="1476"/>hear<Node id="1480"/> <Node id="1481"/>this<Node id="1485"/> <Node id="1486"/>question<Node id="1494"/> <Node id="1495"/>asked<Node id="1500"/> <Node id="1501"/>during<Node id="1507"/> <Node id="1508"/>a<Node id="1509"/> <Node id="1510"/>radio<Node id="1515"/> <Node id="1516"/>news<Node id="1520"/> <Node id="1521"/>update<Node id="1527"/> <Node id="1528"/>of<Node id="1530"/> <Node id="1531"/>the<Node id="1534"/> <Node id="1535"/>case<Node id="1539"/>.<Node id="1540"/> <Node id="1541"/> <Node id="1542"/>(<Node id="1543"/>They<Node id="1547"/>
<Node id="1548"/>were<Node id="1552"/> <Node id="1553"/>talking<Node id="1560"/> <Node id="1561"/>about<Node id="1566"/> <Node id="1567"/>the<Node id="1570"/> <Node id="1571"/>ongoing<Node id="1578"/> <Node id="1579"/>trial<Node id="1584"/> <Node id="1585"/>and<Node id="1588"/> <Node id="1589"/>had<Node id="1592"/> <Node id="1593"/>some<Node id="1597"/> <Node id="1598"/>audio<Node id="1603"/> <Node id="1604"/>clips<Node id="1609"/>)<Node id="1610"/>.<Node id="1611"/> <Node id="1612"/> <Node id="1613"/>Immediately<Node id="1624"/>
<Node id="1625"/>after<Node id="1630"/> <Node id="1631"/>the<Node id="1634"/> <Node id="1635"/>defense<Node id="1642"/> <Node id="1643"/>attorney<Node id="1651"/> <Node id="1652"/>asked<Node id="1657"/> <Node id="1658"/>the<Node id="1661"/> <Node id="1662"/>question<Node id="1670"/>,<Node id="1671"/> <Node id="1672"/>there<Node id="1677"/> <Node id="1678"/>was<Node id="1681"/> <Node id="1682"/>an<Node id="1684"/> <Node id="1685"/>"<Node id="1686"/>Objection<Node id="1695"/>!<Node id="1696"/>"<Node id="1697"/> <Node id="1698"/>heard<Node id="1703"/>
<Node id="1704"/>in<Node id="1706"/> <Node id="1707"/>the<Node id="1710"/> <Node id="1711"/>background<Node id="1721"/>.<Node id="1722"/> <Node id="1723"/> <Node id="1724"/>The<Node id="1727"/> <Node id="1728"/>clip<Node id="1732"/> <Node id="1733"/>ended<Node id="1738"/> <Node id="1739"/>at<Node id="1741"/> <Node id="1742"/>that<Node id="1746"/> <Node id="1747"/>point<Node id="1752"/> <Node id="1753"/>so<Node id="1755"/> <Node id="1756"/>I<Node id="1757"/> <Node id="1758"/>do<Node id="1760"/>n't<Node id="1763"/> <Node id="1764"/>know<Node id="1768"/> <Node id="1769"/>if<Node id="1771"/> <Node id="1772"/>the<Node id="1775"/>
<Node id="1776"/>objection<Node id="1785"/> <Node id="1786"/>was<Node id="1789"/> <Node id="1790"/>upheld<Node id="1796"/>.<Node id="1797"/> <Node id="1798"/> <Node id="1799"/>I<Node id="1800"/> <Node id="1801"/>ca<Node id="1803"/>n't<Node id="1806"/> <Node id="1807"/>imagine<Node id="1814"/> <Node id="1815"/>NC<Node id="1817"/> <Node id="1818"/>is<Node id="1820"/> <Node id="1821"/>*<Node id="1822"/>that<Node id="1826"/>*<Node id="1827"/> <Node id="1828"/>bad<Node id="1831"/>.<Node id="1832"/> <Node id="1833"/>
<Node id="1834"/>
<Node id="1835"/>&gt;<Node id="1836"/>&gt;<Node id="1837"/> <Node id="1838"/>The<Node id="1841"/> <Node id="1842"/>arresting<Node id="1851"/> <Node id="1852"/>officer<Node id="1859"/> <Node id="1860"/>said<Node id="1864"/> <Node id="1865"/>the<Node id="1868"/> <Node id="1869"/>bastards<Node id="1877"/> <Node id="1878"/>told<Node id="1882"/> <Node id="1883"/>him<Node id="1886"/> <Node id="1887"/>they<Node id="1891"/> <Node id="1892"/>did<Node id="1895"/> <Node id="1896"/>it<Node id="1898"/> <Node id="1899"/>on<Node id="1901"/>
<Node id="1902"/>&gt;<Node id="1903"/>&gt;<Node id="1904"/> <Node id="1905"/>purpose<Node id="1912"/> <Node id="1913"/>and<Node id="1916"/> <Node id="1917"/>hoped<Node id="1922"/> <Node id="1923"/>the<Node id="1926"/> <Node id="1927"/>victim<Node id="1933"/> <Node id="1934"/>would<Node id="1939"/> <Node id="1940"/>die<Node id="1943"/>,<Node id="1944"/> <Node id="1945"/>and<Node id="1948"/> <Node id="1949"/>you<Node id="1952"/> <Node id="1953"/>think<Node id="1958"/> <Node id="1959"/>the<Node id="1962"/> <Node id="1963"/>defense<Node id="1970"/> <Node id="1971"/>made<Node id="1975"/>
<Node id="1976"/>&gt;<Node id="1977"/>&gt;<Node id="1978"/> <Node id="1979"/>a<Node id="1980"/> <Node id="1981"/>good<Node id="1985"/> <Node id="1986"/>case<Node id="1990"/>?<Node id="1991"/>?<Node id="1992"/>?<Node id="1993"/>?<Node id="1994"/>?<Node id="1995"/> <Node id="1996"/>No<Node id="1998"/> <Node id="1999"/>wonder<Node id="2005"/> <Node id="2006"/>we<Node id="2008"/>'re<Node id="2011"/> <Node id="2012"/>losing<Node id="2018"/>!<Node id="2019"/> <Node id="2020"/> <Node id="2021"/>We<Node id="2023"/>'re<Node id="2026"/> <Node id="2027"/>aparently<Node id="2036"/> <Node id="2037"/>not<Node id="2040"/> <Node id="2041"/>trying<Node id="2047"/>
<Node id="2048"/>&gt;<Node id="2049"/>&gt;<Node id="2050"/> <Node id="2051"/>to<Node id="2053"/> <Node id="2054"/>win<Node id="2057"/>!<Node id="2058"/>
<Node id="2059"/>&gt;<Node id="2060"/> <Node id="2061"/>
<Node id="2062"/>&gt;<Node id="2063"/> <Node id="2064"/>Again<Node id="2069"/>,<Node id="2070"/> <Node id="2071"/>I<Node id="2072"/>'d<Node id="2074"/> <Node id="2075"/>like<Node id="2079"/> <Node id="2080"/>to<Node id="2082"/> <Node id="2083"/>see<Node id="2086"/> <Node id="2087"/>the<Node id="2090"/> <Node id="2091"/>transcript<Node id="2101"/>.<Node id="2102"/>.<Node id="2103"/>.<Node id="2104"/> <Node id="2105"/>I<Node id="2106"/>'d<Node id="2108"/> <Node id="2109"/>read<Node id="2113"/> <Node id="2114"/>the<Node id="2117"/> <Node id="2118"/>latter<Node id="2124"/> <Node id="2125"/>bit<Node id="2128"/> <Node id="2129"/>of<Node id="2131"/> <Node id="2132"/>that<Node id="2136"/>
<Node id="2137"/>&gt;<Node id="2138"/> <Node id="2139"/>in<Node id="2141"/> <Node id="2142"/>the<Node id="2145"/> <Node id="2146"/>news<Node id="2150"/> <Node id="2151"/>media<Node id="2156"/> <Node id="2157"/>(<Node id="2158"/>the<Node id="2161"/> <Node id="2162"/>arresting<Node id="2171"/> <Node id="2172"/>officer<Node id="2179"/> <Node id="2180"/>testifying<Node id="2190"/> <Node id="2191"/>that<Node id="2195"/> <Node id="2196"/>one<Node id="2199"/> <Node id="2200"/>of<Node id="2202"/> <Node id="2203"/>the<Node id="2206"/>
<Node id="2207"/>&gt;<Node id="2208"/> <Node id="2209"/>defendants<Node id="2219"/> <Node id="2220"/>calmly<Node id="2226"/> <Node id="2227"/>asked<Node id="2232"/> <Node id="2233"/>him<Node id="2236"/> <Node id="2237"/>about<Node id="2242"/> <Node id="2243"/>the<Node id="2246"/> <Node id="2247"/>condition<Node id="2256"/> <Node id="2257"/>of<Node id="2259"/> <Node id="2260"/>the<Node id="2263"/> <Node id="2264"/>"<Node id="2265"/>homo<Node id="2269"/>"<Node id="2270"/> <Node id="2271"/>and<Node id="2274"/> <Node id="2275"/>said<Node id="2279"/>
<Node id="2280"/>&gt;<Node id="2281"/> <Node id="2282"/>that<Node id="2286"/> <Node id="2287"/>he<Node id="2289"/> <Node id="2290"/>hoped<Node id="2295"/> <Node id="2296"/>he<Node id="2298"/>'d<Node id="2300"/> <Node id="2301"/>die<Node id="2304"/>)<Node id="2305"/> <Node id="2306"/>but<Node id="2309"/> <Node id="2310"/>this<Node id="2314"/> <Node id="2315"/>is<Node id="2317"/> <Node id="2318"/>the<Node id="2321"/> <Node id="2322"/>first<Node id="2327"/> <Node id="2328"/>I<Node id="2329"/>'ve<Node id="2332"/> <Node id="2333"/>heard<Node id="2338"/> <Node id="2339"/>of<Node id="2341"/> <Node id="2342"/>the<Node id="2345"/> <Node id="2346"/>officer<Node id="2353"/>
<Node id="2354"/>&gt;<Node id="2355"/> <Node id="2356"/>testifying<Node id="2366"/> <Node id="2367"/>that<Node id="2371"/> <Node id="2372"/>one<Node id="2375"/> <Node id="2376"/>of<Node id="2378"/> <Node id="2379"/>the<Node id="2382"/> <Node id="2383"/>defendants<Node id="2393"/> <Node id="2394"/>actually<Node id="2402"/> <Node id="2403"/>said<Node id="2407"/> <Node id="2408"/>that<Node id="2412"/> <Node id="2413"/>he<Node id="2415"/> <Node id="2416"/>did<Node id="2419"/> <Node id="2420"/>anything<Node id="2428"/>
<Node id="2429"/>&gt;<Node id="2430"/> <Node id="2431"/>at<Node id="2433"/> <Node id="2434"/>all<Node id="2437"/>,<Node id="2438"/> <Node id="2439"/>let<Node id="2442"/> <Node id="2443"/>alone<Node id="2448"/> <Node id="2449"/>that<Node id="2453"/> <Node id="2454"/>he<Node id="2456"/> <Node id="2457"/>did<Node id="2460"/> <Node id="2461"/>it<Node id="2463"/> <Node id="2464"/>on<Node id="2466"/> <Node id="2467"/>purpose<Node id="2474"/>.<Node id="2475"/>
<Node id="2476"/>&gt;<Node id="2477"/>
<Node id="2478"/>This<Node id="2482"/> <Node id="2483"/>I<Node id="2484"/> <Node id="2485"/>did<Node id="2488"/>n't<Node id="2491"/> <Node id="2492"/>hear<Node id="2496"/> <Node id="2497"/>as<Node id="2499"/> <Node id="2500"/>an<Node id="2502"/> <Node id="2503"/>audio<Node id="2508"/> <Node id="2509"/>clip<Node id="2513"/> <Node id="2514"/>but<Node id="2517"/> <Node id="2518"/>heard<Node id="2523"/> <Node id="2524"/>it<Node id="2526"/> <Node id="2527"/>reported<Node id="2535"/> <Node id="2536"/>a<Node id="2537"/> <Node id="2538"/>number<Node id="2544"/> <Node id="2545"/>of<Node id="2547"/> <Node id="2548"/>times<Node id="2553"/> <Node id="2554"/>on<Node id="2556"/>
<Node id="2557"/>news<Node id="2561"/> <Node id="2562"/>stories<Node id="2569"/> <Node id="2570"/>both<Node id="2574"/> <Node id="2575"/>during<Node id="2581"/> <Node id="2582"/>and<Node id="2585"/> <Node id="2586"/>after<Node id="2591"/> <Node id="2592"/>the<Node id="2595"/> <Node id="2596"/>trial<Node id="2601"/>.<Node id="2602"/> <Node id="2603"/> <Node id="2604"/>Now<Node id="2607"/> <Node id="2608"/>the<Node id="2611"/> <Node id="2612"/>"<Node id="2613"/>we<Node id="2615"/> <Node id="2616"/>did<Node id="2619"/> <Node id="2620"/>it<Node id="2622"/> <Node id="2623"/>on<Node id="2625"/> <Node id="2626"/>purpose<Node id="2633"/>"<Node id="2634"/>
<Node id="2635"/>thing<Node id="2640"/> <Node id="2641"/>is<Node id="2643"/> <Node id="2644"/>stretching<Node id="2654"/>,<Node id="2655"/> <Node id="2656"/>I<Node id="2657"/> <Node id="2658"/>think<Node id="2663"/> <Node id="2664"/>it<Node id="2666"/> <Node id="2667"/>was<Node id="2670"/> <Node id="2671"/>something<Node id="2680"/> <Node id="2681"/>more<Node id="2685"/> <Node id="2686"/>like--he<Node id="2694"/> <Node id="2695"/>had<Node id="2698"/> <Node id="2699"/>it<Node id="2701"/> <Node id="2702"/>coming<Node id="2708"/>.<Node id="2709"/> <Node id="2710"/> <Node id="2711"/>If<Node id="2713"/>
<Node id="2714"/>somebody<Node id="2722"/> <Node id="2723"/>else<Node id="2727"/> <Node id="2728"/>remebers<Node id="2736"/> <Node id="2737"/>better<Node id="2743"/> <Node id="2744"/>than<Node id="2748"/> <Node id="2749"/>I<Node id="2750"/> <Node id="2751"/>on<Node id="2753"/> <Node id="2754"/>this<Node id="2758"/> <Node id="2759"/>second<Node id="2765"/> <Node id="2766"/>point<Node id="2771"/>,<Node id="2772"/> <Node id="2773"/>feel<Node id="2777"/> <Node id="2778"/>free<Node id="2782"/> <Node id="2783"/>to<Node id="2785"/>
<Node id="2786"/>clarify<Node id="2793"/>.<Node id="2794"/> <Node id="2795"/> <Node id="2796"/>
<Node id="2797"/> <Node id="2798"/> <Node id="2799"/> <Node id="2800"/> <Node id="2801"/> <Node id="2802"/> <Node id="2803"/> <Node id="2804"/> <Node id="2805"/>
<Node id="2806"/>Frank<Node id="2811"/>
<Node id="2812"/>
<Node id="2813"/>-<Node id="2814"/>-<Node id="2815"/>-<Node id="2816"/>-<Node id="2817"/>-<Node id="2818"/>-<Node id="2819"/>-<Node id="2820"/>-<Node id="2821"/>-<Node id="2822"/>-<Node id="2823"/>-<Node id="2824"/>-<Node id="2825"/>-<Node id="2826"/>-<Node id="2827"/>-<Node id="2828"/>-<Node id="2829"/>-<Node id="2830"/>-<Node id="2831"/>-<Node id="2832"/>-<Node id="2833"/>-<Node id="2834"/>-<Node id="2835"/>-<Node id="2836"/>-<Node id="2837"/>-<Node id="2838"/>-<Node id="2839"/>-<Node id="2840"/>-<Node id="2841"/>-<Node id="2842"/>-<Node id="2843"/>-<Node id="2844"/>-<Node id="2845"/>-<Node id="2846"/>-<Node id="2847"/>-<Node id="2848"/>-<Node id="2849"/>-<Node id="2850"/>-<Node id="2851"/>-<Node id="2852"/>-<Node id="2853"/>-<Node id="2854"/>-<Node id="2855"/>-<Node id="2856"/>-<Node id="2857"/>-<Node id="2858"/>-<Node id="2859"/>-<Node id="2860"/>-<Node id="2861"/>-<Node id="2862"/>-<Node id="2863"/>-<Node id="2864"/>-<Node id="2865"/>-<Node id="2866"/>-<Node id="2867"/>-<Node id="2868"/>-<Node id="2869"/>-<Node id="2870"/>-<Node id="2871"/>-<Node id="2872"/>-<Node id="2873"/>-<Node id="2874"/>-<Node id="2875"/>-<Node id="2876"/>-<Node id="2877"/>-<Node id="2878"/>-<Node id="2879"/>-<Node id="2880"/>-<Node id="2881"/>-<Node id="2882"/>-<Node id="2883"/>-<Node id="2884"/>-<Node id="2885"/>-<Node id="2886"/>-<Node id="2887"/>
<Node id="2888"/>
<Node id="2889"/>Frank<Node id="2894"/> <Node id="2895"/>R<Node id="2896"/>.<Node id="2897"/> <Node id="2898"/>Chloupek<Node id="2906"/> <Node id="2907"/>
<Node id="2908"/>CHLOUPEK<Node id="2916"/>@<Node id="2917"/>ohstpy<Node id="2923"/>.<Node id="2924"/>mps<Node id="2927"/>.<Node id="2928"/>ohio-state<Node id="2938"/>.<Node id="2939"/>edu<Node id="2942"/> <Node id="2943"/>
<Node id="2944"/>Department<Node id="2954"/> <Node id="2955"/>of<Node id="2957"/> <Node id="2958"/>Physics<Node id="2965"/> <Node id="2966"/>-<Node id="2967"/>-<Node id="2968"/> <Node id="2969"/>*<Node id="2970"/>The<Node id="2973"/>*<Node id="2974"/> <Node id="2975"/>Ohio<Node id="2979"/> <Node id="2980"/>State<Node id="2985"/> <Node id="2986"/>University<Node id="2996"/>
<Node id="2997"/>(<Node id="2998"/>Not<Node id="3001"/> <Node id="3002"/>just<Node id="3006"/> <Node id="3007"/>any<Node id="3010"/> <Node id="3011"/>Ohio<Node id="3015"/> <Node id="3016"/>State<Node id="3021"/> <Node id="3022"/>University<Node id="3032"/>)<Node id="3033"/> <Node id="3034"/>
<Node id="3035"/>
<Node id="3036"/>"<Node id="3037"/>There<Node id="3042"/> <Node id="3043"/>is<Node id="3045"/> <Node id="3046"/>only<Node id="3050"/> <Node id="3051"/>one<Node id="3054"/> <Node id="3055"/>hard-and-fast<Node id="3068"/> <Node id="3069"/>rule<Node id="3073"/> <Node id="3074"/>about<Node id="3079"/> <Node id="3080"/>the<Node id="3083"/> <Node id="3084"/>place<Node id="3089"/> <Node id="3090"/>to<Node id="3092"/> <Node id="3093"/>have<Node id="3097"/> <Node id="3098"/>a<Node id="3099"/> <Node id="3100"/>party<Node id="3105"/>:<Node id="3106"/> <Node id="3107"/> <Node id="3108"/>
<Node id="3109"/>somebody<Node id="3117"/> <Node id="3118"/>else<Node id="3122"/>'s<Node id="3124"/> <Node id="3125"/>place<Node id="3130"/>.<Node id="3131"/>"<Node id="3132"/>
<Node id="3133"/>	<Node id="3134"/>	<Node id="3135"/>	<Node id="3136"/>	<Node id="3137"/>	<Node id="3138"/>	<Node id="3139"/>	<Node id="3140"/>-<Node id="3141"/>-<Node id="3142"/>P<Node id="3143"/>.<Node id="3144"/>J<Node id="3145"/>.<Node id="3146"/> <Node id="3147"/>O<Node id="3148"/>'<Node id="3149"/>Rourke<Node id="3155"/>
<Node id="3156"/>
<Node id="3157"/>
<Node id="3158"/></TextWithNodes>
<!-- The default annotation set -->

<AnnotationSet>
<Annotation EndNode="3158" StartNode="0" Type="Mention" Id="9999999">
<Feature>
<Name classname="java.lang.String">Class</Name>
<Value classname="java.lang.String">0</Value>
</Feature>
</Annotation>

<Annotation Id="3" Type="Token" StartNode="6" EndNode="14">
<Feature>
  <Name className="java.lang.String">string</Name>
  <Value className="java.lang.String">chloupek</Value>
</Feature>
</Annotation>
<Annotation Id="5" Type="Token" StartNode="15" EndNode="21">
<Feature>
  <Name className="java.lang.String">string</Name>
  <Value className="java.lang.String">ohstpy</Value>
</Feature>
</Annotation>
<Annotation Id="9" Type="Token" StartNode="26" EndNode="36">
<Feature>
  <Name className="java.lang.String">string</Name>
  <Value className="java.lang.String">ohio-state</Value>
</Feature>
</Annotation>
<Annotation Id="13" Type="Token" StartNode="41" EndNode="49">
<Feature>
  <Name className="java.lang.String">string</Name>
  <Value className="java.lang.String">Message-</Value>
</Feature>
</Annotation>
<Annotation Id="26" Type="Token" StartNode="67" EndNode="73">
<Feature>
  <Name className="java.lang.String">string</Name>
  <Value className="java.lang.String">ohstpy</Value>
</Feature>
</Annotation>
<Annotation Id="30" Type="Token" StartNode="78" EndNode="88">
<Feature>
  <Name className="java.lang.String">string</Name>
  <Value className="java.lang.String">ohio-state</Value>
</Feature>
</Annotation>
<Annotation Id="52" Type="Token" StartNode="123" EndNode="133">
<Feature>
  <Name className="java.lang.String">string</Name>
  <Value className="java.lang.String">References</Value>
</Feature>
</Annotation>
<Annotation Id="65" Type="Token" StartNode="147" EndNode="153">
<Feature>
  <Name className="java.lang.String">string</Name>
  <Value className="java.lang.String">wolves</Value>
</Feature>
</Annotation>
<Annotation Id="67" Type="Token" StartNode="154" EndNode="160">
<Feature>
  <Name className="java.lang.String">string</Name>
  <Value className="java.lang.String">Durham</Value>
</Feature>
</Annotation>
<Annotation Id="98" Type="Token" StartNode="210" EndNode="216">
</Annotation>
<Annotation Id="106" Type="Token" StartNode="231" EndNode="243">
<Feature>
  <Name className="java.lang.String">string</Name>
  <Value className="java.lang.String">northeastern</Value>
</Feature>
</Annotation>
<Annotation Id="118" Type="Token" StartNode="263" EndNode="280">
<Feature>
  <Name className="java.lang.String">string</Name>
  <Value className="java.lang.String">senator-bedfellow</Value>
</Feature>
</Annotation>
<Annotation Id="115" Type="Token" StartNode="254" EndNode="261">
<Feature>
  <Name className="java.lang.String">string</Name>
  <Value className="java.lang.String">juINNgu</Value>
</Feature>
</Annotation>
<Annotation Id="125" Type="Token" StartNode="290" EndNode="302">
<Feature>
  <Name className="java.lang.String">string</Name>
  <Value className="java.lang.String">Organization</Value>
</Feature>
</Annotation>
<Annotation Id="137" Type="Token" StartNode="331" EndNode="341">
<Feature>
  <Name className="java.lang.String">string</Name>
  <Value className="java.lang.String">Department</Value>
</Feature>
</Annotation>
<Annotation Id="141" Type="Token" StartNode="345" EndNode="352">
<Feature>
  <Name className="java.lang.String">string</Name>
  <Value className="java.lang.String">Physics</Value>
</Feature>
</Annotation>
<Annotation Id="134" Type="Token" StartNode="319" EndNode="329">
<Feature>
  <Name className="java.lang.String">string</Name>
  <Value className="java.lang.String">University</Value>
</Feature>
</Annotation>
<Annotation Id="157" Type="Token" StartNode="380" EndNode="387">
<Feature>
  <Name className="java.lang.String">string</Name>
  <Value className="java.lang.String">juINNgu</Value>
</Feature>
</Annotation>
<Annotation Id="151" Type="Token" StartNode="367" EndNode="374">
<Feature>
  <Name className="java.lang.String">string</Name>
  <Value className="java.lang.String">article</Value>
</Feature>
</Annotation>
<Annotation Id="170" Type="Token" StartNode="425" EndNode="431">
<Feature>
  <Name className="java.lang.String">string</Name>
  <Value className="java.lang.String">athena</Value>
</Feature>
</Annotation>
<Annotation Id="168" Type="Token" StartNode="417" EndNode="424">
<Feature>
  <Name className="java.lang.String">string</Name>
  <Value className="java.lang.String">wdstarr</Value>
</Feature>
</Annotation>
<Annotation Id="160" Type="Token" StartNode="389" EndNode="406">
<Feature>
  <Name className="java.lang.String">string</Name>
  <Value className="java.lang.String">senator-bedfellow</Value>
</Feature>
</Annotation>
<Annotation Id="184" Type="Token" StartNode="465" EndNode="471">
<Feature>
  <Name className="java.lang.String">string</Name>
  <Value className="java.lang.String">writes</Value>
</Feature>
</Annotation>
<Annotation Id="191" Type="Token" StartNode="478" EndNode="485">
<Feature>
  <Name className="java.lang.String">string</Name>
  <Value className="java.lang.String">article</Value>
</Feature>
</Annotation>
<Annotation Id="179" Type="Token" StartNode="449" EndNode="457">
<Feature>
  <Name className="java.lang.String">string</Name>
  <Value className="java.lang.String">December</Value>
</Feature>
</Annotation>
<Annotation Id="177" Type="Token" StartNode="441" EndNode="448">
<Feature>
  <Name className="java.lang.String">string</Name>
  <Value className="java.lang.String">William</Value>
</Feature>
</Annotation>
<Annotation Id="206" Type="Token" StartNode="518" EndNode="530">
<Feature>
  <Name className="java.lang.String">string</Name>
  <Value className="java.lang.String">northeastern</Value>
</Feature>
</Annotation>
<Annotation Id="198" Type="Token" StartNode="497" EndNode="503">
</Annotation>
<Annotation Id="221" Type="Token" StartNode="558" EndNode="570">
<Feature>
  <Name className="java.lang.String">string</Name>
  <Value className="java.lang.String">northeastern</Value>
</Feature>
</Annotation>
<Annotation Id="215" Type="Token" StartNode="540" EndNode="548">
<Feature>
  <Name className="java.lang.String">string</Name>
  <Value className="java.lang.String">tfarrell</Value>
</Feature>
</Annotation>
<Annotation Id="228" Type="Token" StartNode="583" EndNode="590">
<Feature>
  <Name className="java.lang.String">string</Name>
  <Value className="java.lang.String">Farrell</Value>
</Feature>
</Annotation>
<Annotation Id="226" Type="Token" StartNode="576" EndNode="582">
<Feature>
  <Name className="java.lang.String">string</Name>
  <Value className="java.lang.String">Thomas</Value>
</Feature>
</Annotation>
<Annotation Id="274" Type="Token" StartNode="677" EndNode="686">
<Feature>
  <Name className="java.lang.String">string</Name>
  <Value className="java.lang.String">questions</Value>
</Feature>
</Annotation>
<Annotation Id="287" Type="Token" StartNode="713" EndNode="724">
<Feature>
  <Name className="java.lang.String">string</Name>
  <Value className="java.lang.String">perversions</Value>
</Feature>
</Annotation>
<Annotation Id="285" Type="Token" StartNode="706" EndNode="712">
<Feature>
  <Name className="java.lang.String">string</Name>
  <Value className="java.lang.String">sexual</Value>
</Feature>
</Annotation>
<Annotation Id="263" Type="Token" StartNode="650" EndNode="656">
<Feature>
  <Name className="java.lang.String">string</Name>
  <Value className="java.lang.String">lawyer</Value>
</Feature>
</Annotation>
<Annotation Id="261" Type="Token" StartNode="642" EndNode="649">
<Feature>
  <Name className="java.lang.String">string</Name>
  <Value className="java.lang.String">defense</Value>
</Feature>
</Annotation>
<Annotation Id="269" Type="Token" StartNode="667" EndNode="673">
<Feature>
  <Name className="java.lang.String">string</Name>
  <Value className="java.lang.String">victim</Value>
</Feature>
</Annotation>
<Annotation Id="293" Type="Token" StartNode="732" EndNode="743">
<Feature>
  <Name className="java.lang.String">string</Name>
  <Value className="java.lang.String">participate</Value>
</Feature>
</Annotation>
<Annotation Id="333" Type="Token" StartNode="809" EndNode="816">
<Feature>
  <Name className="java.lang.String">string</Name>
  <Value className="java.lang.String">someone</Value>
</Feature>
</Annotation>
<Annotation Id="329" Type="Token" StartNode="797" EndNode="805">
<Feature>
  <Name className="java.lang.String">string</Name>
  <Value className="java.lang.String">Speaking</Value>
</Feature>
</Annotation>
<Annotation Id="370" Type="Token" StartNode="894" EndNode="904">
<Feature>
  <Name className="java.lang.String">string</Name>
  <Value className="java.lang.String">unemployed</Value>
</Feature>
</Annotation>
<Annotation Id="380" Type="Token" StartNode="921" EndNode="927">
<Feature>
  <Name className="java.lang.String">string</Name>
  <Value className="java.lang.String">degree</Value>
</Feature>
</Annotation>
<Annotation Id="356" Type="Token" StartNode="857" EndNode="864">
<Feature>
  <Name className="java.lang.String">string</Name>
  <Value className="java.lang.String">tuition</Value>
</Feature>
</Annotation>
<Annotation Id="366" Type="Token" StartNode="882" EndNode="890">
<Feature>
  <Name className="java.lang.String">string</Name>
  <Value className="java.lang.String">becoming</Value>
</Feature>
</Annotation>
<Annotation Id="413" Type="Token" StartNode="987" EndNode="997">
<Feature>
  <Name className="java.lang.String">string</Name>
  <Value className="java.lang.String">especially</Value>
</Feature>
</Annotation>
<Annotation Id="399" Type="Token" StartNode="956" EndNode="966">
<Feature>
  <Name className="java.lang.String">string</Name>
  <Value className="java.lang.String">transcript</Value>
</Feature>
</Annotation>
<Annotation Id="387" Type="Token" StartNode="933" EndNode="939">
<Feature>
  <Name className="java.lang.String">string</Name>
  <Value className="java.lang.String">really</Value>
</Feature>
</Annotation>
<Annotation Id="441" Type="Token" StartNode="1077" EndNode="1085">
<Feature>
  <Name className="java.lang.String">string</Name>
  <Value className="java.lang.String">question</Value>
</Feature>
</Annotation>
<Annotation Id="446" Type="Token" StartNode="1089" EndNode="1097">
<Feature>
  <Name className="java.lang.String">string</Name>
  <Value className="java.lang.String">assuming</Value>
</Feature>
</Annotation>
<Annotation Id="433" Type="Token" StartNode="1049" EndNode="1056">
<Feature>
  <Name className="java.lang.String">string</Name>
  <Value className="java.lang.String">defense</Value>
</Feature>
</Annotation>
<Annotation Id="435" Type="Token" StartNode="1057" EndNode="1065">
<Feature>
  <Name className="java.lang.String">string</Name>
  <Value className="java.lang.String">attorney</Value>
</Feature>
</Annotation>
<Annotation Id="425" Type="Token" StartNode="1018" EndNode="1026">
<Feature>
  <Name className="java.lang.String">string</Name>
  <Value className="java.lang.String">happened</Value>
</Feature>
</Annotation>
<Annotation Id="427" Type="Token" StartNode="1027" EndNode="1038">
<Feature>
  <Name className="java.lang.String">string</Name>
  <Value className="java.lang.String">immediately</Value>
</Feature>
</Annotation>
<Annotation Id="477" Type="Token" StartNode="1156" EndNode="1164">
<Feature>
  <Name className="java.lang.String">string</Name>
  <Value className="java.lang.String">accusing</Value>
</Feature>
</Annotation>
<Annotation Id="464" Type="Token" StartNode="1134" EndNode="1142">
<Feature>
  <Name className="java.lang.String">string</Name>
  <Value className="java.lang.String">accurate</Value>
</Feature>
</Annotation>
<Annotation Id="452" Type="Token" StartNode="1107" EndNode="1114">
<Feature>
  <Name className="java.lang.String">string</Name>
  <Value className="java.lang.String">reports</Value>
</Feature>
</Annotation>
<Annotation Id="485" Type="Token" StartNode="1180" EndNode="1186">
<Feature>
  <Name className="java.lang.String">string</Name>
  <Value className="java.lang.String">making</Value>
</Feature>
</Annotation>
<Annotation Id="487" Type="Token" StartNode="1187" EndNode="1195">
<Feature>
  <Name className="java.lang.String">string</Name>
  <Value className="java.lang.String">anything</Value>
</Feature>
</Annotation>
<Annotation Id="481" Type="Token" StartNode="1169" EndNode="1176">
<Feature>
  <Name className="java.lang.String">string</Name>
  <Value className="java.lang.String">Farrell</Value>
</Feature>
</Annotation>
<Annotation Id="556" Type="Token" StartNode="1356" EndNode="1364">
<Feature>
  <Name className="java.lang.String">string</Name>
  <Value className="java.lang.String">objected</Value>
</Feature>
</Annotation>
<Annotation Id="554" Type="Token" StartNode="1345" EndNode="1355">
<Feature>
  <Name className="java.lang.String">string</Name>
  <Value className="java.lang.String">prosecutor</Value>
</Feature>
</Annotation>
<Annotation Id="567" Type="Token" StartNode="1393" EndNode="1405">
<Feature>
  <Name className="java.lang.String">string</Name>
  <Value className="java.lang.String">inflammatory</Value>
</Feature>
</Annotation>
<Annotation Id="564" Type="Token" StartNode="1380" EndNode="1391">
<Feature>
  <Name className="java.lang.String">string</Name>
  <Value className="java.lang.String">prejudicial</Value>
</Feature>
</Annotation>
<Annotation Id="561" Type="Token" StartNode="1368" EndNode="1378">
<Feature>
  <Name className="java.lang.String">string</Name>
  <Value className="java.lang.String">irrelevant</Value>
</Feature>
</Annotation>
<Annotation Id="516" Type="Token" StartNode="1253" EndNode="1262">
<Feature>
  <Name className="java.lang.String">string</Name>
  <Value className="java.lang.String">misquotes</Value>
</Feature>
</Annotation>
<Annotation Id="512" Type="Token" StartNode="1238" EndNode="1244">
<Feature>
  <Name className="java.lang.String">string</Name>
  <Value className="java.lang.String">spawns</Value>
</Feature>
</Annotation>
<Annotation Id="514" Type="Token" StartNode="1245" EndNode="1252">
<Feature>
  <Name className="java.lang.String">string</Name>
  <Value className="java.lang.String">garbled</Value>
</Feature>
</Annotation>
<Annotation Id="527" Type="Token" StartNode="1287" EndNode="1294">
<Feature>
  <Name className="java.lang.String">string</Name>
  <Value className="java.lang.String">legends</Value>
</Feature>
</Annotation>
<Annotation Id="521" Type="Token" StartNode="1270" EndNode="1276">
<Feature>
  <Name className="java.lang.String">string</Name>
  <Value className="java.lang.String">rumors</Value>
</Feature>
</Annotation>
<Annotation Id="533" Type="Token" StartNode="1302" EndNode="1310">
<Feature>
  <Name className="java.lang.String">string</Name>
  <Value className="java.lang.String">tribbles</Value>
</Feature>
</Annotation>
<Annotation Id="610" Type="Token" StartNode="1501" EndNode="1507">
<Feature>
  <Name className="java.lang.String">string</Name>
  <Value className="java.lang.String">during</Value>
</Feature>
</Annotation>
<Annotation Id="618" Type="Token" StartNode="1521" EndNode="1527">
<Feature>
  <Name className="java.lang.String">string</Name>
  <Value className="java.lang.String">update</Value>
</Feature>
</Annotation>
<Annotation Id="633" Type="Token" StartNode="1553" EndNode="1560">
<Feature>
  <Name className="java.lang.String">string</Name>
  <Value className="java.lang.String">talking</Value>
</Feature>
</Annotation>
<Annotation Id="639" Type="Token" StartNode="1571" EndNode="1578">
<Feature>
  <Name className="java.lang.String">string</Name>
  <Value className="java.lang.String">ongoing</Value>
</Feature>
</Annotation>
<Annotation Id="589" Type="Token" StartNode="1446" EndNode="1452">
<Feature>
  <Name className="java.lang.String">string</Name>
  <Value className="java.lang.String">upheld</Value>
</Feature>
</Annotation>
<Annotation Id="593" Type="Token" StartNode="1457" EndNode="1466">
<Feature>
  <Name className="java.lang.String">string</Name>
  <Value className="java.lang.String">objection</Value>
</Feature>
</Annotation>
<Annotation Id="606" Type="Token" StartNode="1486" EndNode="1494">
<Feature>
  <Name className="java.lang.String">string</Name>
  <Value className="java.lang.String">question</Value>
</Feature>
</Annotation>
<Annotation Id="680" Type="Token" StartNode="1686" EndNode="1695">
<Feature>
  <Name className="java.lang.String">string</Name>
  <Value className="java.lang.String">Objection</Value>
</Feature>
</Annotation>
<Annotation Id="690" Type="Token" StartNode="1711" EndNode="1721">
<Feature>
  <Name className="java.lang.String">string</Name>
  <Value className="java.lang.String">background</Value>
</Feature>
</Annotation>
<Annotation Id="670" Type="Token" StartNode="1662" EndNode="1670">
<Feature>
  <Name className="java.lang.String">string</Name>
  <Value className="java.lang.String">question</Value>
</Feature>
</Annotation>
<Annotation Id="664" Type="Token" StartNode="1643" EndNode="1651">
<Feature>
  <Name className="java.lang.String">string</Name>
  <Value className="java.lang.String">attorney</Value>
</Feature>
</Annotation>
<Annotation Id="662" Type="Token" StartNode="1635" EndNode="1642">
<Feature>
  <Name className="java.lang.String">string</Name>
  <Value className="java.lang.String">defense</Value>
</Feature>
</Annotation>
<Annotation Id="656" Type="Token" StartNode="1613" EndNode="1624">
<Feature>
  <Name className="java.lang.String">string</Name>
  <Value className="java.lang.String">Immediately</Value>
</Feature>
</Annotation>
<Annotation Id="762" Type="Token" StartNode="1869" EndNode="1877">
<Feature>
  <Name className="java.lang.String">string</Name>
  <Value className="java.lang.String">bastards</Value>
</Feature>
</Annotation>
<Annotation Id="754" Type="Token" StartNode="1842" EndNode="1851">
<Feature>
  <Name className="java.lang.String">string</Name>
  <Value className="java.lang.String">arresting</Value>
</Feature>
</Annotation>
<Annotation Id="756" Type="Token" StartNode="1852" EndNode="1859">
<Feature>
  <Name className="java.lang.String">string</Name>
  <Value className="java.lang.String">officer</Value>
</Feature>
</Annotation>
<Annotation Id="734" Type="Token" StartNode="1807" EndNode="1814">
<Feature>
  <Name className="java.lang.String">string</Name>
  <Value className="java.lang.String">imagine</Value>
</Feature>
</Annotation>
<Annotation Id="720" Type="Token" StartNode="1776" EndNode="1785">
<Feature>
  <Name className="java.lang.String">string</Name>
  <Value className="java.lang.String">objection</Value>
</Feature>
</Annotation>
<Annotation Id="724" Type="Token" StartNode="1790" EndNode="1796">
<Feature>
  <Name className="java.lang.String">string</Name>
  <Value className="java.lang.String">upheld</Value>
</Feature>
</Annotation>
<Annotation Id="822" Type="Token" StartNode="1999" EndNode="2005">
<Feature>
  <Name className="java.lang.String">string</Name>
  <Value className="java.lang.String">wonder</Value>
</Feature>
</Annotation>
<Annotation Id="828" Type="Token" StartNode="2012" EndNode="2018">
<Feature>
  <Name className="java.lang.String">string</Name>
  <Value className="java.lang.String">losing</Value>
</Feature>
</Annotation>
<Annotation Id="802" Type="Token" StartNode="1963" EndNode="1970">
<Feature>
  <Name className="java.lang.String">string</Name>
  <Value className="java.lang.String">defense</Value>
</Feature>
</Annotation>
<Annotation Id="787" Type="Token" StartNode="1927" EndNode="1933">
<Feature>
  <Name className="java.lang.String">string</Name>
  <Value className="java.lang.String">victim</Value>
</Feature>
</Annotation>
<Annotation Id="779" Type="Token" StartNode="1905" EndNode="1912">
<Feature>
  <Name className="java.lang.String">string</Name>
  <Value className="java.lang.String">purpose</Value>
</Feature>
</Annotation>
<Annotation Id="883" Type="Token" StartNode="2118" EndNode="2124">
<Feature>
  <Name className="java.lang.String">string</Name>
  <Value className="java.lang.String">latter</Value>
</Feature>
</Annotation>
<Annotation Id="870" Type="Token" StartNode="2091" EndNode="2101">
<Feature>
  <Name className="java.lang.String">string</Name>
  <Value className="java.lang.String">transcript</Value>
</Feature>
</Annotation>
<Annotation Id="836" Type="Token" StartNode="2027" EndNode="2036">
<Feature>
  <Name className="java.lang.String">string</Name>
  <Value className="java.lang.String">aparently</Value>
</Feature>
</Annotation>
<Annotation Id="840" Type="Token" StartNode="2041" EndNode="2047">
<Feature>
  <Name className="java.lang.String">string</Name>
  <Value className="java.lang.String">trying</Value>
</Feature>
</Annotation>
<Annotation Id="932" Type="Token" StartNode="2247" EndNode="2256">
<Feature>
  <Name className="java.lang.String">string</Name>
  <Value className="java.lang.String">condition</Value>
</Feature>
</Annotation>
<Annotation Id="922" Type="Token" StartNode="2220" EndNode="2226">
<Feature>
  <Name className="java.lang.String">string</Name>
  <Value className="java.lang.String">calmly</Value>
</Feature>
</Annotation>
<Annotation Id="920" Type="Token" StartNode="2209" EndNode="2219">
<Feature>
  <Name className="java.lang.String">string</Name>
  <Value className="java.lang.String">defendants</Value>
</Feature>
</Annotation>
<Annotation Id="908" Type="Token" StartNode="2180" EndNode="2190">
<Feature>
  <Name className="java.lang.String">string</Name>
  <Value className="java.lang.String">testifying</Value>
</Feature>
</Annotation>
<Annotation Id="906" Type="Token" StartNode="2172" EndNode="2179">
<Feature>
  <Name className="java.lang.String">string</Name>
  <Value className="java.lang.String">officer</Value>
</Feature>
</Annotation>
<Annotation Id="904" Type="Token" StartNode="2162" EndNode="2171">
<Feature>
  <Name className="java.lang.String">string</Name>
  <Value className="java.lang.String">arresting</Value>
</Feature>
</Annotation>
<Annotation Id="1007" Type="Token" StartNode="2420" EndNode="2428">
<Feature>
  <Name className="java.lang.String">string</Name>
  <Value className="java.lang.String">anything</Value>
</Feature>
</Annotation>
<Annotation Id="995" Type="Token" StartNode="2383" EndNode="2393">
<Feature>
  <Name className="java.lang.String">string</Name>
  <Value className="java.lang.String">defendants</Value>
</Feature>
</Annotation>
<Annotation Id="997" Type="Token" StartNode="2394" EndNode="2402">
<Feature>
  <Name className="java.lang.String">string</Name>
  <Value className="java.lang.String">actually</Value>
</Feature>
</Annotation>
<Annotation Id="985" Type="Token" StartNode="2356" EndNode="2366">
<Feature>
  <Name className="java.lang.String">string</Name>
  <Value className="java.lang.String">testifying</Value>
</Feature>
</Annotation>
<Annotation Id="981" Type="Token" StartNode="2346" EndNode="2353">
<Feature>
  <Name className="java.lang.String">string</Name>
  <Value className="java.lang.String">officer</Value>
</Feature>
</Annotation>
<Annotation Id="1102" Type="Token" StartNode="2626" EndNode="2633">
<Feature>
  <Name className="java.lang.String">string</Name>
  <Value className="java.lang.String">purpose</Value>
</Feature>
</Annotation>
<Annotation Id="1109" Type="Token" StartNode="2644" EndNode="2654">
<Feature>
  <Name className="java.lang.String">string</Name>
  <Value className="java.lang.String">stretching</Value>
</Feature>
</Annotation>
<Annotation Id="1130" Type="Token" StartNode="2702" EndNode="2708">
<Feature>
  <Name className="java.lang.String">string</Name>
  <Value className="java.lang.String">coming</Value>
</Feature>
</Annotation>
<Annotation Id="1124" Type="Token" StartNode="2686" EndNode="2694">
<Feature>
  <Name className="java.lang.String">string</Name>
  <Value className="java.lang.String">like--he</Value>
</Feature>
</Annotation>
<Annotation Id="1120" Type="Token" StartNode="2671" EndNode="2680">
<Feature>
  <Name className="java.lang.String">string</Name>
  <Value className="java.lang.String">something</Value>
</Feature>
</Annotation>
<Annotation Id="1142" Type="Token" StartNode="2737" EndNode="2743">
<Feature>
  <Name className="java.lang.String">string</Name>
  <Value className="java.lang.String">better</Value>
</Feature>
</Annotation>
<Annotation Id="1140" Type="Token" StartNode="2728" EndNode="2736">
<Feature>
  <Name className="java.lang.String">string</Name>
  <Value className="java.lang.String">remebers</Value>
</Feature>
</Annotation>
<Annotation Id="1136" Type="Token" StartNode="2714" EndNode="2722">
<Feature>
  <Name className="java.lang.String">string</Name>
  <Value className="java.lang.String">somebody</Value>
</Feature>
</Annotation>
<Annotation Id="1030" Type="Token" StartNode="2467" EndNode="2474">
<Feature>
  <Name className="java.lang.String">string</Name>
  <Value className="java.lang.String">purpose</Value>
</Feature>
</Annotation>
<Annotation Id="1059" Type="Token" StartNode="2527" EndNode="2535">
<Feature>
  <Name className="java.lang.String">string</Name>
  <Value className="java.lang.String">reported</Value>
</Feature>
</Annotation>
<Annotation Id="1063" Type="Token" StartNode="2538" EndNode="2544">
<Feature>
  <Name className="java.lang.String">string</Name>
  <Value className="java.lang.String">number</Value>
</Feature>
</Annotation>
<Annotation Id="1073" Type="Token" StartNode="2562" EndNode="2569">
<Feature>
  <Name className="java.lang.String">string</Name>
  <Value className="java.lang.String">stories</Value>
</Feature>
</Annotation>
<Annotation Id="1077" Type="Token" StartNode="2575" EndNode="2581">
<Feature>
  <Name className="java.lang.String">string</Name>
  <Value className="java.lang.String">during</Value>
</Feature>
</Annotation>
<Annotation Id="1261" Type="Token" StartNode="2898" EndNode="2906">
<Feature>
  <Name className="java.lang.String">string</Name>
  <Value className="java.lang.String">Chloupek</Value>
</Feature>
</Annotation>
<Annotation Id="1270" Type="Token" StartNode="2928" EndNode="2938">
<Feature>
  <Name className="java.lang.String">string</Name>
  <Value className="java.lang.String">ohio-state</Value>
</Feature>
</Annotation>
<Annotation Id="1266" Type="Token" StartNode="2917" EndNode="2923">
<Feature>
  <Name className="java.lang.String">string</Name>
  <Value className="java.lang.String">ohstpy</Value>
</Feature>
</Annotation>
<Annotation Id="1264" Type="Token" StartNode="2908" EndNode="2916">
<Feature>
  <Name className="java.lang.String">string</Name>
  <Value className="java.lang.String">CHLOUPEK</Value>
</Feature>
</Annotation>
<Annotation Id="1279" Type="Token" StartNode="2958" EndNode="2965">
<Feature>
  <Name className="java.lang.String">string</Name>
  <Value className="java.lang.String">Physics</Value>
</Feature>
</Annotation>
<Annotation Id="1275" Type="Token" StartNode="2944" EndNode="2954">
<Feature>
  <Name className="java.lang.String">string</Name>
  <Value className="java.lang.String">Department</Value>
</Feature>
</Annotation>
<Annotation Id="1152" Type="Token" StartNode="2759" EndNode="2765">
<Feature>
  <Name className="java.lang.String">string</Name>
  <Value className="java.lang.String">second</Value>
</Feature>
</Annotation>
<Annotation Id="1163" Type="Token" StartNode="2786" EndNode="2793">
<Feature>
  <Name className="java.lang.String">string</Name>
  <Value className="java.lang.String">clarify</Value>
</Feature>
</Annotation>
<Annotation Id="1366" Type="Token" StartNode="3149" EndNode="3155">
<Feature>
  <Name className="java.lang.String">string</Name>
  <Value className="java.lang.String">Rourke</Value>
</Feature>
</Annotation>
<Annotation Id="1305" Type="Token" StartNode="3022" EndNode="3032">
<Feature>
  <Name className="java.lang.String">string</Name>
  <Value className="java.lang.String">University</Value>
</Feature>
</Annotation>
<Annotation Id="1292" Type="Token" StartNode="2986" EndNode="2996">
<Feature>
  <Name className="java.lang.String">string</Name>
  <Value className="java.lang.String">University</Value>
</Feature>
</Annotation>
<Annotation Id="1340" Type="Token" StartNode="3109" EndNode="3117">
<Feature>
  <Name className="java.lang.String">string</Name>
  <Value className="java.lang.String">somebody</Value>
</Feature>
</Annotation>
<Annotation Id="1319" Type="Token" StartNode="3055" EndNode="3068">
<Feature>
  <Name className="java.lang.String">string</Name>
  <Value className="java.lang.String">hard-and-fast</Value>
</Feature>
</Annotation>
</AnnotationSet>
<AnnotationSet Name="Original markups"> </AnnotationSet>
</GateDocument>