<?xml version='1.0' encoding='UTF-8'?>
<GateDocument version="3">
<!-- The document's features-->

<GateDocumentFeatures>
<Feature>
  <Name className="java.lang.String">Original_document_content_on_load</Name>
  <Value className="java.lang.String">From: mserv@mozart.cc.iup.edu (Mail Server)
Message-ID: &lt;Apr.22.00.56.18.1993.2076@geneva.rutgers.edu>
Date: 22 Apr 93 04:56:19 GMT
Sender: hedrick@geneva.rutgers.edu
Lines: 39
Approved: christian@aramis.rutgers.edu

dlecoint@garnet.acns.fsu.edu (Darius_Lecointe) writes:

>I find it interesting that cls never answered any of the questions posed. 
>Then he goes on the make statements which make me shudder.  He has
>established a two-tiered God.  One set of rules for the Jews (his people)
>and another set for the saved Gentiles (his people).  Why would God
>discriminate?  Does the Jew who accepts Jesus now have to live under the
>Gentile rules.
> 
>God has one set of rules for all his people.  Paul was never against the
>law.  In fact he says repeatedly that faith establishes rather that annuls
>the law.  Paul's point is germane to both Jews and Greeks.  The Law can
>never be used as an instrument of salvation.  And please do not combine
>the ceremonial and moral laws in one.
> 
>In Matt 5:14-19 Christ plainly says what He came to do and you say He was
>only saying that for the Jews's benefit.  Your Christ must be a
>politician, speaking from both sides of His mouth.  As Paul said, "I have
>not so learned Christ."  Forget all the theology, just do what Jesus says.
> Your excuses will not hold up in a court of law on earth, far less in
>God's judgement hall.

Pardon me for being a little confused, but at the beginning of your second 
paragraph, you say, "God has one set of rules for all his people," yet at the 
end of the same paragraph you declare, "please do not combine the ceremonial 
and moral laws in one."  Not only do I not understand where in the Bible you 
find the declaration that there are 2 laws (ceremonial and moral), but I am 
also unclear on whether you think it is bad to have 2 sets of laws in the first 
place.  If it's bad to have 2 sets of laws, how can there be a ceremonial law 
that is different from the moral law (and vice versa)?

I would also be interested in your comments on the passage in I Cor. 10:1-16, 
where Paul teaches different rules for covering you head while praying 
depending on whether you are a man or a woman.  Do you think the apostles can 
prescribe different sets of rules for men and women?  If so, then why not for 
Jews and Gentiles?  Also, why did Paul, who was so opposed to circumcising 
Gentiles, voluntarily circumcise Timothy?

- Mark
</Value>
</Feature>
<Feature>
  <Name className="java.lang.String">gate.SourceURL</Name>
  <Value className="java.lang.String">file:/C:/Users/jian/Documents/NetBeansProjects/NoiseReductionTechniques/mideastPoliticsMix/negative161</Value>
</Feature>
</GateDocumentFeatures>
<!-- The document content area with serialized nodes -->

<TextWithNodes><Node id="0"/>From<Node id="4"/>:<Node id="5"/> <Node id="6"/>mserv<Node id="11"/>@<Node id="12"/>mozart<Node id="18"/>.<Node id="19"/>cc<Node id="21"/>.<Node id="22"/>iup<Node id="25"/>.<Node id="26"/>edu<Node id="29"/> <Node id="30"/>(<Node id="31"/>Mail<Node id="35"/> <Node id="36"/>Server<Node id="42"/>)<Node id="43"/>
<Node id="44"/>Message-<Node id="52"/>ID<Node id="54"/>:<Node id="55"/> <Node id="56"/>&lt;<Node id="57"/>Apr<Node id="60"/>.<Node id="61"/>22<Node id="63"/>.<Node id="64"/>00<Node id="66"/>.<Node id="67"/>56<Node id="69"/>.<Node id="70"/>18<Node id="72"/>.<Node id="73"/>1993<Node id="77"/>.<Node id="78"/>2076<Node id="82"/>@<Node id="83"/>geneva<Node id="89"/>.<Node id="90"/>rutgers<Node id="97"/>.<Node id="98"/>edu<Node id="101"/>&gt;<Node id="102"/>
<Node id="103"/>Date<Node id="107"/>:<Node id="108"/> <Node id="109"/>22<Node id="111"/> <Node id="112"/>Apr<Node id="115"/> <Node id="116"/>93<Node id="118"/> <Node id="119"/>04<Node id="121"/>:<Node id="122"/>56<Node id="124"/>:<Node id="125"/>19<Node id="127"/> <Node id="128"/>GMT<Node id="131"/>
<Node id="132"/>Sender<Node id="138"/>:<Node id="139"/> <Node id="140"/>hedrick<Node id="147"/>@<Node id="148"/>geneva<Node id="154"/>.<Node id="155"/>rutgers<Node id="162"/>.<Node id="163"/>edu<Node id="166"/>
<Node id="167"/>Lines<Node id="172"/>:<Node id="173"/> <Node id="174"/>39<Node id="176"/>
<Node id="177"/>Approved<Node id="185"/>:<Node id="186"/> <Node id="187"/>christian<Node id="196"/>@<Node id="197"/>aramis<Node id="203"/>.<Node id="204"/>rutgers<Node id="211"/>.<Node id="212"/>edu<Node id="215"/>
<Node id="216"/>
<Node id="217"/>dlecoint<Node id="225"/>@<Node id="226"/>garnet<Node id="232"/>.<Node id="233"/>acns<Node id="237"/>.<Node id="238"/>fsu<Node id="241"/>.<Node id="242"/>edu<Node id="245"/> <Node id="246"/>(<Node id="247"/>Darius<Node id="253"/>_<Node id="254"/>Lecointe<Node id="262"/>)<Node id="263"/> <Node id="264"/>writes<Node id="270"/>:<Node id="271"/>
<Node id="272"/>
<Node id="273"/>&gt;<Node id="274"/>I<Node id="275"/> <Node id="276"/>find<Node id="280"/> <Node id="281"/>it<Node id="283"/> <Node id="284"/>interesting<Node id="295"/> <Node id="296"/>that<Node id="300"/> <Node id="301"/>cls<Node id="304"/> <Node id="305"/>never<Node id="310"/> <Node id="311"/>answered<Node id="319"/> <Node id="320"/>any<Node id="323"/> <Node id="324"/>of<Node id="326"/> <Node id="327"/>the<Node id="330"/> <Node id="331"/>questions<Node id="340"/> <Node id="341"/>posed<Node id="346"/>.<Node id="347"/> <Node id="348"/>
<Node id="349"/>&gt;<Node id="350"/>Then<Node id="354"/> <Node id="355"/>he<Node id="357"/> <Node id="358"/>goes<Node id="362"/> <Node id="363"/>on<Node id="365"/> <Node id="366"/>the<Node id="369"/> <Node id="370"/>make<Node id="374"/> <Node id="375"/>statements<Node id="385"/> <Node id="386"/>which<Node id="391"/> <Node id="392"/>make<Node id="396"/> <Node id="397"/>me<Node id="399"/> <Node id="400"/>shudder<Node id="407"/>.<Node id="408"/> <Node id="409"/> <Node id="410"/>He<Node id="412"/> <Node id="413"/>has<Node id="416"/>
<Node id="417"/>&gt;<Node id="418"/>established<Node id="429"/> <Node id="430"/>a<Node id="431"/> <Node id="432"/>two-tiered<Node id="442"/> <Node id="443"/>God<Node id="446"/>.<Node id="447"/> <Node id="448"/> <Node id="449"/>One<Node id="452"/> <Node id="453"/>set<Node id="456"/> <Node id="457"/>of<Node id="459"/> <Node id="460"/>rules<Node id="465"/> <Node id="466"/>for<Node id="469"/> <Node id="470"/>the<Node id="473"/> <Node id="474"/>Jews<Node id="478"/> <Node id="479"/>(<Node id="480"/>his<Node id="483"/> <Node id="484"/>people<Node id="490"/>)<Node id="491"/>
<Node id="492"/>&gt;<Node id="493"/>and<Node id="496"/> <Node id="497"/>another<Node id="504"/> <Node id="505"/>set<Node id="508"/> <Node id="509"/>for<Node id="512"/> <Node id="513"/>the<Node id="516"/> <Node id="517"/>saved<Node id="522"/> <Node id="523"/>Gentiles<Node id="531"/> <Node id="532"/>(<Node id="533"/>his<Node id="536"/> <Node id="537"/>people<Node id="543"/>)<Node id="544"/>.<Node id="545"/> <Node id="546"/> <Node id="547"/>Why<Node id="550"/> <Node id="551"/>would<Node id="556"/> <Node id="557"/>God<Node id="560"/>
<Node id="561"/>&gt;<Node id="562"/>discriminate<Node id="574"/>?<Node id="575"/> <Node id="576"/> <Node id="577"/>Does<Node id="581"/> <Node id="582"/>the<Node id="585"/> <Node id="586"/>Jew<Node id="589"/> <Node id="590"/>who<Node id="593"/> <Node id="594"/>accepts<Node id="601"/> <Node id="602"/>Jesus<Node id="607"/> <Node id="608"/>now<Node id="611"/> <Node id="612"/>have<Node id="616"/> <Node id="617"/>to<Node id="619"/> <Node id="620"/>live<Node id="624"/> <Node id="625"/>under<Node id="630"/> <Node id="631"/>the<Node id="634"/>
<Node id="635"/>&gt;<Node id="636"/>Gentile<Node id="643"/> <Node id="644"/>rules<Node id="649"/>.<Node id="650"/>
<Node id="651"/>&gt;<Node id="652"/> <Node id="653"/>
<Node id="654"/>&gt;<Node id="655"/>God<Node id="658"/> <Node id="659"/>has<Node id="662"/> <Node id="663"/>one<Node id="666"/> <Node id="667"/>set<Node id="670"/> <Node id="671"/>of<Node id="673"/> <Node id="674"/>rules<Node id="679"/> <Node id="680"/>for<Node id="683"/> <Node id="684"/>all<Node id="687"/> <Node id="688"/>his<Node id="691"/> <Node id="692"/>people<Node id="698"/>.<Node id="699"/> <Node id="700"/> <Node id="701"/>Paul<Node id="705"/> <Node id="706"/>was<Node id="709"/> <Node id="710"/>never<Node id="715"/> <Node id="716"/>against<Node id="723"/> <Node id="724"/>the<Node id="727"/>
<Node id="728"/>&gt;<Node id="729"/>law<Node id="732"/>.<Node id="733"/> <Node id="734"/> <Node id="735"/>In<Node id="737"/> <Node id="738"/>fact<Node id="742"/> <Node id="743"/>he<Node id="745"/> <Node id="746"/>says<Node id="750"/> <Node id="751"/>repeatedly<Node id="761"/> <Node id="762"/>that<Node id="766"/> <Node id="767"/>faith<Node id="772"/> <Node id="773"/>establishes<Node id="784"/> <Node id="785"/>rather<Node id="791"/> <Node id="792"/>that<Node id="796"/> <Node id="797"/>annuls<Node id="803"/>
<Node id="804"/>&gt;<Node id="805"/>the<Node id="808"/> <Node id="809"/>law<Node id="812"/>.<Node id="813"/> <Node id="814"/> <Node id="815"/>Paul<Node id="819"/>'s<Node id="821"/> <Node id="822"/>point<Node id="827"/> <Node id="828"/>is<Node id="830"/> <Node id="831"/>germane<Node id="838"/> <Node id="839"/>to<Node id="841"/> <Node id="842"/>both<Node id="846"/> <Node id="847"/>Jews<Node id="851"/> <Node id="852"/>and<Node id="855"/> <Node id="856"/>Greeks<Node id="862"/>.<Node id="863"/> <Node id="864"/> <Node id="865"/>The<Node id="868"/> <Node id="869"/>Law<Node id="872"/> <Node id="873"/>can<Node id="876"/>
<Node id="877"/>&gt;<Node id="878"/>never<Node id="883"/> <Node id="884"/>be<Node id="886"/> <Node id="887"/>used<Node id="891"/> <Node id="892"/>as<Node id="894"/> <Node id="895"/>an<Node id="897"/> <Node id="898"/>instrument<Node id="908"/> <Node id="909"/>of<Node id="911"/> <Node id="912"/>salvation<Node id="921"/>.<Node id="922"/> <Node id="923"/> <Node id="924"/>And<Node id="927"/> <Node id="928"/>please<Node id="934"/> <Node id="935"/>do<Node id="937"/> <Node id="938"/>not<Node id="941"/> <Node id="942"/>combine<Node id="949"/>
<Node id="950"/>&gt;<Node id="951"/>the<Node id="954"/> <Node id="955"/>ceremonial<Node id="965"/> <Node id="966"/>and<Node id="969"/> <Node id="970"/>moral<Node id="975"/> <Node id="976"/>laws<Node id="980"/> <Node id="981"/>in<Node id="983"/> <Node id="984"/>one<Node id="987"/>.<Node id="988"/>
<Node id="989"/>&gt;<Node id="990"/> <Node id="991"/>
<Node id="992"/>&gt;<Node id="993"/>In<Node id="995"/> <Node id="996"/>Matt<Node id="1000"/> <Node id="1001"/>5<Node id="1002"/>:<Node id="1003"/>14<Node id="1005"/>-<Node id="1006"/>19<Node id="1008"/> <Node id="1009"/>Christ<Node id="1015"/> <Node id="1016"/>plainly<Node id="1023"/> <Node id="1024"/>says<Node id="1028"/> <Node id="1029"/>what<Node id="1033"/> <Node id="1034"/>He<Node id="1036"/> <Node id="1037"/>came<Node id="1041"/> <Node id="1042"/>to<Node id="1044"/> <Node id="1045"/>do<Node id="1047"/> <Node id="1048"/>and<Node id="1051"/> <Node id="1052"/>you<Node id="1055"/> <Node id="1056"/>say<Node id="1059"/> <Node id="1060"/>He<Node id="1062"/> <Node id="1063"/>was<Node id="1066"/>
<Node id="1067"/>&gt;<Node id="1068"/>only<Node id="1072"/> <Node id="1073"/>saying<Node id="1079"/> <Node id="1080"/>that<Node id="1084"/> <Node id="1085"/>for<Node id="1088"/> <Node id="1089"/>the<Node id="1092"/> <Node id="1093"/>Jews<Node id="1097"/>'s<Node id="1099"/> <Node id="1100"/>benefit<Node id="1107"/>.<Node id="1108"/> <Node id="1109"/> <Node id="1110"/>Your<Node id="1114"/> <Node id="1115"/>Christ<Node id="1121"/> <Node id="1122"/>must<Node id="1126"/> <Node id="1127"/>be<Node id="1129"/> <Node id="1130"/>a<Node id="1131"/>
<Node id="1132"/>&gt;<Node id="1133"/>politician<Node id="1143"/>,<Node id="1144"/> <Node id="1145"/>speaking<Node id="1153"/> <Node id="1154"/>from<Node id="1158"/> <Node id="1159"/>both<Node id="1163"/> <Node id="1164"/>sides<Node id="1169"/> <Node id="1170"/>of<Node id="1172"/> <Node id="1173"/>His<Node id="1176"/> <Node id="1177"/>mouth<Node id="1182"/>.<Node id="1183"/> <Node id="1184"/> <Node id="1185"/>As<Node id="1187"/> <Node id="1188"/>Paul<Node id="1192"/> <Node id="1193"/>said<Node id="1197"/>,<Node id="1198"/> <Node id="1199"/>"<Node id="1200"/>I<Node id="1201"/> <Node id="1202"/>have<Node id="1206"/>
<Node id="1207"/>&gt;<Node id="1208"/>not<Node id="1211"/> <Node id="1212"/>so<Node id="1214"/> <Node id="1215"/>learned<Node id="1222"/> <Node id="1223"/>Christ<Node id="1229"/>.<Node id="1230"/>"<Node id="1231"/> <Node id="1232"/> <Node id="1233"/>Forget<Node id="1239"/> <Node id="1240"/>all<Node id="1243"/> <Node id="1244"/>the<Node id="1247"/> <Node id="1248"/>theology<Node id="1256"/>,<Node id="1257"/> <Node id="1258"/>just<Node id="1262"/> <Node id="1263"/>do<Node id="1265"/> <Node id="1266"/>what<Node id="1270"/> <Node id="1271"/>Jesus<Node id="1276"/> <Node id="1277"/>says<Node id="1281"/>.<Node id="1282"/>
<Node id="1283"/>&gt;<Node id="1284"/> <Node id="1285"/>Your<Node id="1289"/> <Node id="1290"/>excuses<Node id="1297"/> <Node id="1298"/>will<Node id="1302"/> <Node id="1303"/>not<Node id="1306"/> <Node id="1307"/>hold<Node id="1311"/> <Node id="1312"/>up<Node id="1314"/> <Node id="1315"/>in<Node id="1317"/> <Node id="1318"/>a<Node id="1319"/> <Node id="1320"/>court<Node id="1325"/> <Node id="1326"/>of<Node id="1328"/> <Node id="1329"/>law<Node id="1332"/> <Node id="1333"/>on<Node id="1335"/> <Node id="1336"/>earth<Node id="1341"/>,<Node id="1342"/> <Node id="1343"/>far<Node id="1346"/> <Node id="1347"/>less<Node id="1351"/> <Node id="1352"/>in<Node id="1354"/>
<Node id="1355"/>&gt;<Node id="1356"/>God<Node id="1359"/>'s<Node id="1361"/> <Node id="1362"/>judgement<Node id="1371"/> <Node id="1372"/>hall<Node id="1376"/>.<Node id="1377"/>
<Node id="1378"/>
<Node id="1379"/>Pardon<Node id="1385"/> <Node id="1386"/>me<Node id="1388"/> <Node id="1389"/>for<Node id="1392"/> <Node id="1393"/>being<Node id="1398"/> <Node id="1399"/>a<Node id="1400"/> <Node id="1401"/>little<Node id="1407"/> <Node id="1408"/>confused<Node id="1416"/>,<Node id="1417"/> <Node id="1418"/>but<Node id="1421"/> <Node id="1422"/>at<Node id="1424"/> <Node id="1425"/>the<Node id="1428"/> <Node id="1429"/>beginning<Node id="1438"/> <Node id="1439"/>of<Node id="1441"/> <Node id="1442"/>your<Node id="1446"/> <Node id="1447"/>second<Node id="1453"/> <Node id="1454"/>
<Node id="1455"/>paragraph<Node id="1464"/>,<Node id="1465"/> <Node id="1466"/>you<Node id="1469"/> <Node id="1470"/>say<Node id="1473"/>,<Node id="1474"/> <Node id="1475"/>"<Node id="1476"/>God<Node id="1479"/> <Node id="1480"/>has<Node id="1483"/> <Node id="1484"/>one<Node id="1487"/> <Node id="1488"/>set<Node id="1491"/> <Node id="1492"/>of<Node id="1494"/> <Node id="1495"/>rules<Node id="1500"/> <Node id="1501"/>for<Node id="1504"/> <Node id="1505"/>all<Node id="1508"/> <Node id="1509"/>his<Node id="1512"/> <Node id="1513"/>people<Node id="1519"/>,<Node id="1520"/>"<Node id="1521"/> <Node id="1522"/>yet<Node id="1525"/> <Node id="1526"/>at<Node id="1528"/> <Node id="1529"/>the<Node id="1532"/> <Node id="1533"/>
<Node id="1534"/>end<Node id="1537"/> <Node id="1538"/>of<Node id="1540"/> <Node id="1541"/>the<Node id="1544"/> <Node id="1545"/>same<Node id="1549"/> <Node id="1550"/>paragraph<Node id="1559"/> <Node id="1560"/>you<Node id="1563"/> <Node id="1564"/>declare<Node id="1571"/>,<Node id="1572"/> <Node id="1573"/>"<Node id="1574"/>please<Node id="1580"/> <Node id="1581"/>do<Node id="1583"/> <Node id="1584"/>not<Node id="1587"/> <Node id="1588"/>combine<Node id="1595"/> <Node id="1596"/>the<Node id="1599"/> <Node id="1600"/>ceremonial<Node id="1610"/> <Node id="1611"/>
<Node id="1612"/>and<Node id="1615"/> <Node id="1616"/>moral<Node id="1621"/> <Node id="1622"/>laws<Node id="1626"/> <Node id="1627"/>in<Node id="1629"/> <Node id="1630"/>one<Node id="1633"/>.<Node id="1634"/>"<Node id="1635"/> <Node id="1636"/> <Node id="1637"/>Not<Node id="1640"/> <Node id="1641"/>only<Node id="1645"/> <Node id="1646"/>do<Node id="1648"/> <Node id="1649"/>I<Node id="1650"/> <Node id="1651"/>not<Node id="1654"/> <Node id="1655"/>understand<Node id="1665"/> <Node id="1666"/>where<Node id="1671"/> <Node id="1672"/>in<Node id="1674"/> <Node id="1675"/>the<Node id="1678"/> <Node id="1679"/>Bible<Node id="1684"/> <Node id="1685"/>you<Node id="1688"/> <Node id="1689"/>
<Node id="1690"/>find<Node id="1694"/> <Node id="1695"/>the<Node id="1698"/> <Node id="1699"/>declaration<Node id="1710"/> <Node id="1711"/>that<Node id="1715"/> <Node id="1716"/>there<Node id="1721"/> <Node id="1722"/>are<Node id="1725"/> <Node id="1726"/>2<Node id="1727"/> <Node id="1728"/>laws<Node id="1732"/> <Node id="1733"/>(<Node id="1734"/>ceremonial<Node id="1744"/> <Node id="1745"/>and<Node id="1748"/> <Node id="1749"/>moral<Node id="1754"/>)<Node id="1755"/>,<Node id="1756"/> <Node id="1757"/>but<Node id="1760"/> <Node id="1761"/>I<Node id="1762"/> <Node id="1763"/>am<Node id="1765"/> <Node id="1766"/>
<Node id="1767"/>also<Node id="1771"/> <Node id="1772"/>unclear<Node id="1779"/> <Node id="1780"/>on<Node id="1782"/> <Node id="1783"/>whether<Node id="1790"/> <Node id="1791"/>you<Node id="1794"/> <Node id="1795"/>think<Node id="1800"/> <Node id="1801"/>it<Node id="1803"/> <Node id="1804"/>is<Node id="1806"/> <Node id="1807"/>bad<Node id="1810"/> <Node id="1811"/>to<Node id="1813"/> <Node id="1814"/>have<Node id="1818"/> <Node id="1819"/>2<Node id="1820"/> <Node id="1821"/>sets<Node id="1825"/> <Node id="1826"/>of<Node id="1828"/> <Node id="1829"/>laws<Node id="1833"/> <Node id="1834"/>in<Node id="1836"/> <Node id="1837"/>the<Node id="1840"/> <Node id="1841"/>first<Node id="1846"/> <Node id="1847"/>
<Node id="1848"/>place<Node id="1853"/>.<Node id="1854"/> <Node id="1855"/> <Node id="1856"/>If<Node id="1858"/> <Node id="1859"/>it<Node id="1861"/>'s<Node id="1863"/> <Node id="1864"/>bad<Node id="1867"/> <Node id="1868"/>to<Node id="1870"/> <Node id="1871"/>have<Node id="1875"/> <Node id="1876"/>2<Node id="1877"/> <Node id="1878"/>sets<Node id="1882"/> <Node id="1883"/>of<Node id="1885"/> <Node id="1886"/>laws<Node id="1890"/>,<Node id="1891"/> <Node id="1892"/>how<Node id="1895"/> <Node id="1896"/>can<Node id="1899"/> <Node id="1900"/>there<Node id="1905"/> <Node id="1906"/>be<Node id="1908"/> <Node id="1909"/>a<Node id="1910"/> <Node id="1911"/>ceremonial<Node id="1921"/> <Node id="1922"/>law<Node id="1925"/> <Node id="1926"/>
<Node id="1927"/>that<Node id="1931"/> <Node id="1932"/>is<Node id="1934"/> <Node id="1935"/>different<Node id="1944"/> <Node id="1945"/>from<Node id="1949"/> <Node id="1950"/>the<Node id="1953"/> <Node id="1954"/>moral<Node id="1959"/> <Node id="1960"/>law<Node id="1963"/> <Node id="1964"/>(<Node id="1965"/>and<Node id="1968"/> <Node id="1969"/>vice<Node id="1973"/> <Node id="1974"/>versa<Node id="1979"/>)<Node id="1980"/>?<Node id="1981"/>
<Node id="1982"/>
<Node id="1983"/>I<Node id="1984"/> <Node id="1985"/>would<Node id="1990"/> <Node id="1991"/>also<Node id="1995"/> <Node id="1996"/>be<Node id="1998"/> <Node id="1999"/>interested<Node id="2009"/> <Node id="2010"/>in<Node id="2012"/> <Node id="2013"/>your<Node id="2017"/> <Node id="2018"/>comments<Node id="2026"/> <Node id="2027"/>on<Node id="2029"/> <Node id="2030"/>the<Node id="2033"/> <Node id="2034"/>passage<Node id="2041"/> <Node id="2042"/>in<Node id="2044"/> <Node id="2045"/>I<Node id="2046"/> <Node id="2047"/>Cor<Node id="2050"/>.<Node id="2051"/> <Node id="2052"/>10<Node id="2054"/>:<Node id="2055"/>1<Node id="2056"/>-<Node id="2057"/>16<Node id="2059"/>,<Node id="2060"/> <Node id="2061"/>
<Node id="2062"/>where<Node id="2067"/> <Node id="2068"/>Paul<Node id="2072"/> <Node id="2073"/>teaches<Node id="2080"/> <Node id="2081"/>different<Node id="2090"/> <Node id="2091"/>rules<Node id="2096"/> <Node id="2097"/>for<Node id="2100"/> <Node id="2101"/>covering<Node id="2109"/> <Node id="2110"/>you<Node id="2113"/> <Node id="2114"/>head<Node id="2118"/> <Node id="2119"/>while<Node id="2124"/> <Node id="2125"/>praying<Node id="2132"/> <Node id="2133"/>
<Node id="2134"/>depending<Node id="2143"/> <Node id="2144"/>on<Node id="2146"/> <Node id="2147"/>whether<Node id="2154"/> <Node id="2155"/>you<Node id="2158"/> <Node id="2159"/>are<Node id="2162"/> <Node id="2163"/>a<Node id="2164"/> <Node id="2165"/>man<Node id="2168"/> <Node id="2169"/>or<Node id="2171"/> <Node id="2172"/>a<Node id="2173"/> <Node id="2174"/>woman<Node id="2179"/>.<Node id="2180"/> <Node id="2181"/> <Node id="2182"/>Do<Node id="2184"/> <Node id="2185"/>you<Node id="2188"/> <Node id="2189"/>think<Node id="2194"/> <Node id="2195"/>the<Node id="2198"/> <Node id="2199"/>apostles<Node id="2207"/> <Node id="2208"/>can<Node id="2211"/> <Node id="2212"/>
<Node id="2213"/>prescribe<Node id="2222"/> <Node id="2223"/>different<Node id="2232"/> <Node id="2233"/>sets<Node id="2237"/> <Node id="2238"/>of<Node id="2240"/> <Node id="2241"/>rules<Node id="2246"/> <Node id="2247"/>for<Node id="2250"/> <Node id="2251"/>men<Node id="2254"/> <Node id="2255"/>and<Node id="2258"/> <Node id="2259"/>women<Node id="2264"/>?<Node id="2265"/> <Node id="2266"/> <Node id="2267"/>If<Node id="2269"/> <Node id="2270"/>so<Node id="2272"/>,<Node id="2273"/> <Node id="2274"/>then<Node id="2278"/> <Node id="2279"/>why<Node id="2282"/> <Node id="2283"/>not<Node id="2286"/> <Node id="2287"/>for<Node id="2290"/> <Node id="2291"/>
<Node id="2292"/>Jews<Node id="2296"/> <Node id="2297"/>and<Node id="2300"/> <Node id="2301"/>Gentiles<Node id="2309"/>?<Node id="2310"/> <Node id="2311"/> <Node id="2312"/>Also<Node id="2316"/>,<Node id="2317"/> <Node id="2318"/>why<Node id="2321"/> <Node id="2322"/>did<Node id="2325"/> <Node id="2326"/>Paul<Node id="2330"/>,<Node id="2331"/> <Node id="2332"/>who<Node id="2335"/> <Node id="2336"/>was<Node id="2339"/> <Node id="2340"/>so<Node id="2342"/> <Node id="2343"/>opposed<Node id="2350"/> <Node id="2351"/>to<Node id="2353"/> <Node id="2354"/>circumcising<Node id="2366"/> <Node id="2367"/>
<Node id="2368"/>Gentiles<Node id="2376"/>,<Node id="2377"/> <Node id="2378"/>voluntarily<Node id="2389"/> <Node id="2390"/>circumcise<Node id="2400"/> <Node id="2401"/>Timothy<Node id="2408"/>?<Node id="2409"/>
<Node id="2410"/>
<Node id="2411"/>-<Node id="2412"/> <Node id="2413"/>Mark<Node id="2417"/>
<Node id="2418"/></TextWithNodes>
<!-- The default annotation set -->

<AnnotationSet>
<Annotation EndNode="2418" StartNode="0" Type="Mention" Id="9999999">
<Feature>
<Name classname="java.lang.String">Class</Name>
<Value classname="java.lang.String">0</Value>
</Feature>
</Annotation>

<Annotation Id="5" Type="Token" StartNode="12" EndNode="18">
<Feature>
  <Name className="java.lang.String">string</Name>
  <Value className="java.lang.String">mozart</Value>
</Feature>
</Annotation>
<Annotation Id="16" Type="Token" StartNode="36" EndNode="42">
<Feature>
  <Name className="java.lang.String">string</Name>
  <Value className="java.lang.String">Server</Value>
</Feature>
</Annotation>
<Annotation Id="19" Type="Token" StartNode="44" EndNode="52">
<Feature>
  <Name className="java.lang.String">string</Name>
  <Value className="java.lang.String">Message-</Value>
</Feature>
</Annotation>
<Annotation Id="38" Type="Token" StartNode="83" EndNode="89">
<Feature>
  <Name className="java.lang.String">string</Name>
  <Value className="java.lang.String">geneva</Value>
</Feature>
</Annotation>
<Annotation Id="40" Type="Token" StartNode="90" EndNode="97">
<Feature>
  <Name className="java.lang.String">string</Name>
  <Value className="java.lang.String">rutgers</Value>
</Feature>
</Annotation>
<Annotation Id="62" Type="Token" StartNode="132" EndNode="138">
<Feature>
  <Name className="java.lang.String">string</Name>
  <Value className="java.lang.String">Sender</Value>
</Feature>
</Annotation>
<Annotation Id="69" Type="Token" StartNode="155" EndNode="162">
<Feature>
  <Name className="java.lang.String">string</Name>
  <Value className="java.lang.String">rutgers</Value>
</Feature>
</Annotation>
<Annotation Id="65" Type="Token" StartNode="140" EndNode="147">
<Feature>
  <Name className="java.lang.String">string</Name>
  <Value className="java.lang.String">hedrick</Value>
</Feature>
</Annotation>
<Annotation Id="67" Type="Token" StartNode="148" EndNode="154">
<Feature>
  <Name className="java.lang.String">string</Name>
  <Value className="java.lang.String">geneva</Value>
</Feature>
</Annotation>
<Annotation Id="78" Type="Token" StartNode="177" EndNode="185">
<Feature>
  <Name className="java.lang.String">string</Name>
  <Value className="java.lang.String">Approved</Value>
</Feature>
</Annotation>
<Annotation Id="85" Type="Token" StartNode="204" EndNode="211">
<Feature>
  <Name className="java.lang.String">string</Name>
  <Value className="java.lang.String">rutgers</Value>
</Feature>
</Annotation>
<Annotation Id="81" Type="Token" StartNode="187" EndNode="196">
<Feature>
  <Name className="java.lang.String">string</Name>
  <Value className="java.lang.String">christian</Value>
</Feature>
</Annotation>
<Annotation Id="83" Type="Token" StartNode="197" EndNode="203">
<Feature>
  <Name className="java.lang.String">string</Name>
  <Value className="java.lang.String">aramis</Value>
</Feature>
</Annotation>
<Annotation Id="92" Type="Token" StartNode="226" EndNode="232">
<Feature>
  <Name className="java.lang.String">string</Name>
  <Value className="java.lang.String">garnet</Value>
</Feature>
</Annotation>
<Annotation Id="90" Type="Token" StartNode="217" EndNode="225">
<Feature>
  <Name className="java.lang.String">string</Name>
  <Value className="java.lang.String">dlecoint</Value>
</Feature>
</Annotation>
<Annotation Id="103" Type="Token" StartNode="254" EndNode="262">
<Feature>
  <Name className="java.lang.String">string</Name>
  <Value className="java.lang.String">Lecointe</Value>
</Feature>
</Annotation>
<Annotation Id="101" Type="Token" StartNode="247" EndNode="253">
<Feature>
  <Name className="java.lang.String">string</Name>
  <Value className="java.lang.String">Darius</Value>
</Feature>
</Annotation>
<Annotation Id="106" Type="Token" StartNode="264" EndNode="270">
<Feature>
  <Name className="java.lang.String">string</Name>
  <Value className="java.lang.String">writes</Value>
</Feature>
</Annotation>
<Annotation Id="117" Type="Token" StartNode="284" EndNode="295">
<Feature>
  <Name className="java.lang.String">string</Name>
  <Value className="java.lang.String">interesting</Value>
</Feature>
</Annotation>
<Annotation Id="125" Type="Token" StartNode="311" EndNode="319">
<Feature>
  <Name className="java.lang.String">string</Name>
  <Value className="java.lang.String">answered</Value>
</Feature>
</Annotation>
<Annotation Id="133" Type="Token" StartNode="331" EndNode="340">
<Feature>
  <Name className="java.lang.String">string</Name>
  <Value className="java.lang.String">questions</Value>
</Feature>
</Annotation>
<Annotation Id="152" Type="Token" StartNode="375" EndNode="385">
<Feature>
  <Name className="java.lang.String">string</Name>
  <Value className="java.lang.String">statements</Value>
</Feature>
</Annotation>
<Annotation Id="169" Type="Token" StartNode="418" EndNode="429">
<Feature>
  <Name className="java.lang.String">string</Name>
  <Value className="java.lang.String">established</Value>
</Feature>
</Annotation>
<Annotation Id="173" Type="Token" StartNode="432" EndNode="442">
<Feature>
  <Name className="java.lang.String">string</Name>
  <Value className="java.lang.String">two-tiered</Value>
</Feature>
</Annotation>
<Annotation Id="160" Type="Token" StartNode="400" EndNode="407">
<Feature>
  <Name className="java.lang.String">string</Name>
  <Value className="java.lang.String">shudder</Value>
</Feature>
</Annotation>
<Annotation Id="202" Type="Token" StartNode="497" EndNode="504">
<Feature>
  <Name className="java.lang.String">string</Name>
  <Value className="java.lang.String">another</Value>
</Feature>
</Annotation>
<Annotation Id="196" Type="Token" StartNode="484" EndNode="490">
<Feature>
  <Name className="java.lang.String">string</Name>
  <Value className="java.lang.String">people</Value>
</Feature>
</Annotation>
<Annotation Id="217" Type="Token" StartNode="537" EndNode="543">
<Feature>
  <Name className="java.lang.String">string</Name>
  <Value className="java.lang.String">people</Value>
</Feature>
</Annotation>
<Annotation Id="212" Type="Token" StartNode="523" EndNode="531">
<Feature>
  <Name className="java.lang.String">string</Name>
  <Value className="java.lang.String">Gentiles</Value>
</Feature>
</Annotation>
<Annotation Id="229" Type="Token" StartNode="562" EndNode="574">
<Feature>
  <Name className="java.lang.String">string</Name>
  <Value className="java.lang.String">discriminate</Value>
</Feature>
</Annotation>
<Annotation Id="241" Type="Token" StartNode="594" EndNode="601">
<Feature>
  <Name className="java.lang.String">string</Name>
  <Value className="java.lang.String">accepts</Value>
</Feature>
</Annotation>
<Annotation Id="285" Type="Token" StartNode="692" EndNode="698">
<Feature>
  <Name className="java.lang.String">string</Name>
  <Value className="java.lang.String">people</Value>
</Feature>
</Annotation>
<Annotation Id="258" Type="Token" StartNode="636" EndNode="643">
<Feature>
  <Name className="java.lang.String">string</Name>
  <Value className="java.lang.String">Gentile</Value>
</Feature>
</Annotation>
<Annotation Id="312" Type="Token" StartNode="751" EndNode="761">
<Feature>
  <Name className="java.lang.String">string</Name>
  <Value className="java.lang.String">repeatedly</Value>
</Feature>
</Annotation>
<Annotation Id="318" Type="Token" StartNode="773" EndNode="784">
<Feature>
  <Name className="java.lang.String">string</Name>
  <Value className="java.lang.String">establishes</Value>
</Feature>
</Annotation>
<Annotation Id="295" Type="Token" StartNode="716" EndNode="723">
<Feature>
  <Name className="java.lang.String">string</Name>
  <Value className="java.lang.String">against</Value>
</Feature>
</Annotation>
<Annotation Id="341" Type="Token" StartNode="831" EndNode="838">
<Feature>
  <Name className="java.lang.String">string</Name>
  <Value className="java.lang.String">germane</Value>
</Feature>
</Annotation>
<Annotation Id="351" Type="Token" StartNode="856" EndNode="862">
<Feature>
  <Name className="java.lang.String">string</Name>
  <Value className="java.lang.String">Greeks</Value>
</Feature>
</Annotation>
<Annotation Id="324" Type="Token" StartNode="797" EndNode="803">
<Feature>
  <Name className="java.lang.String">string</Name>
  <Value className="java.lang.String">annuls</Value>
</Feature>
</Annotation>
<Annotation Id="320" Type="Token" StartNode="785" EndNode="791">
<Feature>
  <Name className="java.lang.String">string</Name>
  <Value className="java.lang.String">rather</Value>
</Feature>
</Annotation>
<Annotation Id="372" Type="Token" StartNode="898" EndNode="908">
<Feature>
  <Name className="java.lang.String">string</Name>
  <Value className="java.lang.String">instrument</Value>
</Feature>
</Annotation>
<Annotation Id="382" Type="Token" StartNode="928" EndNode="934">
<Feature>
  <Name className="java.lang.String">string</Name>
  <Value className="java.lang.String">please</Value>
</Feature>
</Annotation>
<Annotation Id="376" Type="Token" StartNode="912" EndNode="921">
<Feature>
  <Name className="java.lang.String">string</Name>
  <Value className="java.lang.String">salvation</Value>
</Feature>
</Annotation>
<Annotation Id="393" Type="Token" StartNode="955" EndNode="965">
<Feature>
  <Name className="java.lang.String">string</Name>
  <Value className="java.lang.String">ceremonial</Value>
</Feature>
</Annotation>
<Annotation Id="388" Type="Token" StartNode="942" EndNode="949">
<Feature>
  <Name className="java.lang.String">string</Name>
  <Value className="java.lang.String">combine</Value>
</Feature>
</Annotation>
<Annotation Id="420" Type="Token" StartNode="1009" EndNode="1015">
<Feature>
  <Name className="java.lang.String">string</Name>
  <Value className="java.lang.String">Christ</Value>
</Feature>
</Annotation>
<Annotation Id="422" Type="Token" StartNode="1016" EndNode="1023">
<Feature>
  <Name className="java.lang.String">string</Name>
  <Value className="java.lang.String">plainly</Value>
</Feature>
</Annotation>
<Annotation Id="479" Type="Token" StartNode="1145" EndNode="1153">
<Feature>
  <Name className="java.lang.String">string</Name>
  <Value className="java.lang.String">speaking</Value>
</Feature>
</Annotation>
<Annotation Id="476" Type="Token" StartNode="1133" EndNode="1143">
<Feature>
  <Name className="java.lang.String">string</Name>
  <Value className="java.lang.String">politician</Value>
</Feature>
</Annotation>
<Annotation Id="467" Type="Token" StartNode="1115" EndNode="1121">
<Feature>
  <Name className="java.lang.String">string</Name>
  <Value className="java.lang.String">Christ</Value>
</Feature>
</Annotation>
<Annotation Id="461" Type="Token" StartNode="1100" EndNode="1107">
<Feature>
  <Name className="java.lang.String">string</Name>
  <Value className="java.lang.String">benefit</Value>
</Feature>
</Annotation>
<Annotation Id="449" Type="Token" StartNode="1073" EndNode="1079">
<Feature>
  <Name className="java.lang.String">string</Name>
  <Value className="java.lang.String">saying</Value>
</Feature>
</Annotation>
<Annotation Id="519" Type="Token" StartNode="1233" EndNode="1239">
<Feature>
  <Name className="java.lang.String">string</Name>
  <Value className="java.lang.String">Forget</Value>
</Feature>
</Annotation>
<Annotation Id="512" Type="Token" StartNode="1215" EndNode="1222">
<Feature>
  <Name className="java.lang.String">string</Name>
  <Value className="java.lang.String">learned</Value>
</Feature>
</Annotation>
<Annotation Id="514" Type="Token" StartNode="1223" EndNode="1229">
<Feature>
  <Name className="java.lang.String">string</Name>
  <Value className="java.lang.String">Christ</Value>
</Feature>
</Annotation>
<Annotation Id="525" Type="Token" StartNode="1248" EndNode="1256">
<Feature>
  <Name className="java.lang.String">string</Name>
  <Value className="java.lang.String">theology</Value>
</Feature>
</Annotation>
<Annotation Id="543" Type="Token" StartNode="1290" EndNode="1297">
<Feature>
  <Name className="java.lang.String">string</Name>
  <Value className="java.lang.String">excuses</Value>
</Feature>
</Annotation>
<Annotation Id="615" Type="Token" StartNode="1455" EndNode="1464">
<Feature>
  <Name className="java.lang.String">string</Name>
  <Value className="java.lang.String">paragraph</Value>
</Feature>
</Annotation>
<Annotation Id="612" Type="Token" StartNode="1447" EndNode="1453">
<Feature>
  <Name className="java.lang.String">string</Name>
  <Value className="java.lang.String">second</Value>
</Feature>
</Annotation>
<Annotation Id="579" Type="Token" StartNode="1362" EndNode="1371">
<Feature>
  <Name className="java.lang.String">string</Name>
  <Value className="java.lang.String">judgement</Value>
</Feature>
</Annotation>
<Annotation Id="585" Type="Token" StartNode="1379" EndNode="1385">
<Feature>
  <Name className="java.lang.String">string</Name>
  <Value className="java.lang.String">Pardon</Value>
</Feature>
</Annotation>
<Annotation Id="595" Type="Token" StartNode="1401" EndNode="1407">
<Feature>
  <Name className="java.lang.String">string</Name>
  <Value className="java.lang.String">little</Value>
</Feature>
</Annotation>
<Annotation Id="597" Type="Token" StartNode="1408" EndNode="1416">
<Feature>
  <Name className="java.lang.String">string</Name>
  <Value className="java.lang.String">confused</Value>
</Feature>
</Annotation>
<Annotation Id="606" Type="Token" StartNode="1429" EndNode="1438">
<Feature>
  <Name className="java.lang.String">string</Name>
  <Value className="java.lang.String">beginning</Value>
</Feature>
</Annotation>
<Annotation Id="679" Type="Token" StartNode="1600" EndNode="1610">
<Feature>
  <Name className="java.lang.String">string</Name>
  <Value className="java.lang.String">ceremonial</Value>
</Feature>
</Annotation>
<Annotation Id="675" Type="Token" StartNode="1588" EndNode="1595">
<Feature>
  <Name className="java.lang.String">string</Name>
  <Value className="java.lang.String">combine</Value>
</Feature>
</Annotation>
<Annotation Id="642" Type="Token" StartNode="1513" EndNode="1519">
<Feature>
  <Name className="java.lang.String">string</Name>
  <Value className="java.lang.String">people</Value>
</Feature>
</Annotation>
<Annotation Id="669" Type="Token" StartNode="1574" EndNode="1580">
<Feature>
  <Name className="java.lang.String">string</Name>
  <Value className="java.lang.String">please</Value>
</Feature>
</Annotation>
<Annotation Id="665" Type="Token" StartNode="1564" EndNode="1571">
<Feature>
  <Name className="java.lang.String">string</Name>
  <Value className="java.lang.String">declare</Value>
</Feature>
</Annotation>
<Annotation Id="661" Type="Token" StartNode="1550" EndNode="1559">
<Feature>
  <Name className="java.lang.String">string</Name>
  <Value className="java.lang.String">paragraph</Value>
</Feature>
</Annotation>
<Annotation Id="752" Type="Token" StartNode="1772" EndNode="1779">
<Feature>
  <Name className="java.lang.String">string</Name>
  <Value className="java.lang.String">unclear</Value>
</Feature>
</Annotation>
<Annotation Id="756" Type="Token" StartNode="1783" EndNode="1790">
<Feature>
  <Name className="java.lang.String">string</Name>
  <Value className="java.lang.String">whether</Value>
</Feature>
</Annotation>
<Annotation Id="705" Type="Token" StartNode="1655" EndNode="1665">
<Feature>
  <Name className="java.lang.String">string</Name>
  <Value className="java.lang.String">understand</Value>
</Feature>
</Annotation>
<Annotation Id="735" Type="Token" StartNode="1734" EndNode="1744">
<Feature>
  <Name className="java.lang.String">string</Name>
  <Value className="java.lang.String">ceremonial</Value>
</Feature>
</Annotation>
<Annotation Id="722" Type="Token" StartNode="1699" EndNode="1710">
<Feature>
  <Name className="java.lang.String">string</Name>
  <Value className="java.lang.String">declaration</Value>
</Feature>
</Annotation>
<Annotation Id="822" Type="Token" StartNode="1911" EndNode="1921">
<Feature>
  <Name className="java.lang.String">string</Name>
  <Value className="java.lang.String">ceremonial</Value>
</Feature>
</Annotation>
<Annotation Id="831" Type="Token" StartNode="1935" EndNode="1944">
<Feature>
  <Name className="java.lang.String">string</Name>
  <Value className="java.lang.String">different</Value>
</Feature>
</Annotation>
<Annotation Id="892" Type="Token" StartNode="2073" EndNode="2080">
<Feature>
  <Name className="java.lang.String">string</Name>
  <Value className="java.lang.String">teaches</Value>
</Feature>
</Annotation>
<Annotation Id="894" Type="Token" StartNode="2081" EndNode="2090">
<Feature>
  <Name className="java.lang.String">string</Name>
  <Value className="java.lang.String">different</Value>
</Feature>
</Annotation>
<Annotation Id="865" Type="Token" StartNode="2018" EndNode="2026">
<Feature>
  <Name className="java.lang.String">string</Name>
  <Value className="java.lang.String">comments</Value>
</Feature>
</Annotation>
<Annotation Id="871" Type="Token" StartNode="2034" EndNode="2041">
<Feature>
  <Name className="java.lang.String">string</Name>
  <Value className="java.lang.String">passage</Value>
</Feature>
</Annotation>
<Annotation Id="859" Type="Token" StartNode="1999" EndNode="2009">
<Feature>
  <Name className="java.lang.String">string</Name>
  <Value className="java.lang.String">interested</Value>
</Feature>
</Annotation>
<Annotation Id="948" Type="Token" StartNode="2223" EndNode="2232">
<Feature>
  <Name className="java.lang.String">string</Name>
  <Value className="java.lang.String">different</Value>
</Feature>
</Annotation>
<Annotation Id="946" Type="Token" StartNode="2213" EndNode="2222">
<Feature>
  <Name className="java.lang.String">string</Name>
  <Value className="java.lang.String">prescribe</Value>
</Feature>
</Annotation>
<Annotation Id="941" Type="Token" StartNode="2199" EndNode="2207">
<Feature>
  <Name className="java.lang.String">string</Name>
  <Value className="java.lang.String">apostles</Value>
</Feature>
</Annotation>
<Annotation Id="915" Type="Token" StartNode="2147" EndNode="2154">
<Feature>
  <Name className="java.lang.String">string</Name>
  <Value className="java.lang.String">whether</Value>
</Feature>
</Annotation>
<Annotation Id="911" Type="Token" StartNode="2134" EndNode="2143">
<Feature>
  <Name className="java.lang.String">string</Name>
  <Value className="java.lang.String">depending</Value>
</Feature>
</Annotation>
<Annotation Id="908" Type="Token" StartNode="2125" EndNode="2132">
<Feature>
  <Name className="java.lang.String">string</Name>
  <Value className="java.lang.String">praying</Value>
</Feature>
</Annotation>
<Annotation Id="900" Type="Token" StartNode="2101" EndNode="2109">
<Feature>
  <Name className="java.lang.String">string</Name>
  <Value className="java.lang.String">covering</Value>
</Feature>
</Annotation>
<Annotation Id="1016" Type="Token" StartNode="2390" EndNode="2400">
<Feature>
  <Name className="java.lang.String">string</Name>
  <Value className="java.lang.String">circumcise</Value>
</Feature>
</Annotation>
<Annotation Id="1018" Type="Token" StartNode="2401" EndNode="2408">
<Feature>
  <Name className="java.lang.String">string</Name>
  <Value className="java.lang.String">Timothy</Value>
</Feature>
</Annotation>
<Annotation Id="1008" Type="Token" StartNode="2354" EndNode="2366">
<Feature>
  <Name className="java.lang.String">string</Name>
  <Value className="java.lang.String">circumcising</Value>
</Feature>
</Annotation>
<Annotation Id="1011" Type="Token" StartNode="2368" EndNode="2376">
<Feature>
  <Name className="java.lang.String">string</Name>
  <Value className="java.lang.String">Gentiles</Value>
</Feature>
</Annotation>
<Annotation Id="1014" Type="Token" StartNode="2378" EndNode="2389">
<Feature>
  <Name className="java.lang.String">string</Name>
  <Value className="java.lang.String">voluntarily</Value>
</Feature>
</Annotation>
<Annotation Id="1004" Type="Token" StartNode="2343" EndNode="2350">
<Feature>
  <Name className="java.lang.String">string</Name>
  <Value className="java.lang.String">opposed</Value>
</Feature>
</Annotation>
<Annotation Id="984" Type="Token" StartNode="2301" EndNode="2309">
<Feature>
  <Name className="java.lang.String">string</Name>
  <Value className="java.lang.String">Gentiles</Value>
</Feature>
</Annotation>
</AnnotationSet>
<AnnotationSet Name="Original markups"> </AnnotationSet>
</GateDocument>