<?xml version='1.0' encoding='UTF-8'?>
<GateDocument version="3">
<!-- The document's features-->

<GateDocumentFeatures>
<Feature>
  <Name className="java.lang.String">Original_document_content_on_load</Name>
  <Value className="java.lang.String">From: piatt@gdc.COM (Gary Piatt)
Message-ID: &lt;852@esun179.gdc.com>
Date: 20 Apr 93 12:26:51 GMT
References: &lt;15430@optilink.COM>
Sender: news@gdc.com
Organization: General DataComm Ind. Inc., Middlebury, CT 06762
Lines: 14
Nntp-Posting-Host: esun228
X-Newsreader: TIN [version 1.1 PL9]

Clayton Cramer (cramer@optilink.COM) wrote:
:    [...]     When you and the rest of the homosexual community
: pass laws to impose your moral codes on me, by requiring me to
: hire, rent to, or otherwise associate with a homosexual against
: my will, yes, you are in my face.  Until homosexuals stop trying
: to impose their morals on me, I will be in your face about this.

Ahh, what's good for the goose is not necessarily what's good for
the gander.  You don't want homosexuals to impose their moral codes
(such diabolical ideas as equal rights) on you, yet you are willing
to impose your moral codes on them.  Do I detect a double standard?

-garison

</Value>
</Feature>
<Feature>
  <Name className="java.lang.String">gate.SourceURL</Name>
  <Value className="java.lang.String">file:/C:/Users/jian/Documents/NetBeansProjects/NoiseReductionTechniques/mideastPoliticsMix/negative141</Value>
</Feature>
</GateDocumentFeatures>
<!-- The document content area with serialized nodes -->

<TextWithNodes><Node id="0"/>From<Node id="4"/>:<Node id="5"/> <Node id="6"/>piatt<Node id="11"/>@<Node id="12"/>gdc<Node id="15"/>.<Node id="16"/>COM<Node id="19"/> <Node id="20"/>(<Node id="21"/>Gary<Node id="25"/> <Node id="26"/>Piatt<Node id="31"/>)<Node id="32"/>
<Node id="33"/>Message-<Node id="41"/>ID<Node id="43"/>:<Node id="44"/> <Node id="45"/>&lt;<Node id="46"/>852<Node id="49"/>@<Node id="50"/>esun<Node id="54"/>179<Node id="57"/>.<Node id="58"/>gdc<Node id="61"/>.<Node id="62"/>com<Node id="65"/>&gt;<Node id="66"/>
<Node id="67"/>Date<Node id="71"/>:<Node id="72"/> <Node id="73"/>20<Node id="75"/> <Node id="76"/>Apr<Node id="79"/> <Node id="80"/>93<Node id="82"/> <Node id="83"/>12<Node id="85"/>:<Node id="86"/>26<Node id="88"/>:<Node id="89"/>51<Node id="91"/> <Node id="92"/>GMT<Node id="95"/>
<Node id="96"/>References<Node id="106"/>:<Node id="107"/> <Node id="108"/>&lt;<Node id="109"/>15430<Node id="114"/>@<Node id="115"/>optilink<Node id="123"/>.<Node id="124"/>COM<Node id="127"/>&gt;<Node id="128"/>
<Node id="129"/>Sender<Node id="135"/>:<Node id="136"/> <Node id="137"/>news<Node id="141"/>@<Node id="142"/>gdc<Node id="145"/>.<Node id="146"/>com<Node id="149"/>
<Node id="150"/>Organization<Node id="162"/>:<Node id="163"/> <Node id="164"/>General<Node id="171"/> <Node id="172"/>DataComm<Node id="180"/> <Node id="181"/>Ind<Node id="184"/>.<Node id="185"/> <Node id="186"/>Inc<Node id="189"/>.<Node id="190"/>,<Node id="191"/> <Node id="192"/>Middlebury<Node id="202"/>,<Node id="203"/> <Node id="204"/>CT<Node id="206"/> <Node id="207"/>06762<Node id="212"/>
<Node id="213"/>Lines<Node id="218"/>:<Node id="219"/> <Node id="220"/>14<Node id="222"/>
<Node id="223"/>Nntp-<Node id="228"/>Posting-<Node id="236"/>Host<Node id="240"/>:<Node id="241"/> <Node id="242"/>esun<Node id="246"/>228<Node id="249"/>
<Node id="250"/>X-Newsreader<Node id="262"/>:<Node id="263"/> <Node id="264"/>TIN<Node id="267"/> <Node id="268"/>[<Node id="269"/>version<Node id="276"/> <Node id="277"/>1<Node id="278"/>.<Node id="279"/>1<Node id="280"/> <Node id="281"/>PL<Node id="283"/>9<Node id="284"/>]<Node id="285"/>
<Node id="286"/>
<Node id="287"/>Clayton<Node id="294"/> <Node id="295"/>Cramer<Node id="301"/> <Node id="302"/>(<Node id="303"/>cramer<Node id="309"/>@<Node id="310"/>optilink<Node id="318"/>.<Node id="319"/>COM<Node id="322"/>)<Node id="323"/> <Node id="324"/>wrote<Node id="329"/>:<Node id="330"/>
<Node id="331"/>:<Node id="332"/> <Node id="333"/> <Node id="334"/> <Node id="335"/> <Node id="336"/>[<Node id="337"/>.<Node id="338"/>.<Node id="339"/>.<Node id="340"/>]<Node id="341"/> <Node id="342"/> <Node id="343"/> <Node id="344"/> <Node id="345"/> <Node id="346"/>When<Node id="350"/> <Node id="351"/>you<Node id="354"/> <Node id="355"/>and<Node id="358"/> <Node id="359"/>the<Node id="362"/> <Node id="363"/>rest<Node id="367"/> <Node id="368"/>of<Node id="370"/> <Node id="371"/>the<Node id="374"/> <Node id="375"/>homosexual<Node id="385"/> <Node id="386"/>community<Node id="395"/>
<Node id="396"/>:<Node id="397"/> <Node id="398"/>pass<Node id="402"/> <Node id="403"/>laws<Node id="407"/> <Node id="408"/>to<Node id="410"/> <Node id="411"/>impose<Node id="417"/> <Node id="418"/>your<Node id="422"/> <Node id="423"/>moral<Node id="428"/> <Node id="429"/>codes<Node id="434"/> <Node id="435"/>on<Node id="437"/> <Node id="438"/>me<Node id="440"/>,<Node id="441"/> <Node id="442"/>by<Node id="444"/> <Node id="445"/>requiring<Node id="454"/> <Node id="455"/>me<Node id="457"/> <Node id="458"/>to<Node id="460"/>
<Node id="461"/>:<Node id="462"/> <Node id="463"/>hire<Node id="467"/>,<Node id="468"/> <Node id="469"/>rent<Node id="473"/> <Node id="474"/>to<Node id="476"/>,<Node id="477"/> <Node id="478"/>or<Node id="480"/> <Node id="481"/>otherwise<Node id="490"/> <Node id="491"/>associate<Node id="500"/> <Node id="501"/>with<Node id="505"/> <Node id="506"/>a<Node id="507"/> <Node id="508"/>homosexual<Node id="518"/> <Node id="519"/>against<Node id="526"/>
<Node id="527"/>:<Node id="528"/> <Node id="529"/>my<Node id="531"/> <Node id="532"/>will<Node id="536"/>,<Node id="537"/> <Node id="538"/>yes<Node id="541"/>,<Node id="542"/> <Node id="543"/>you<Node id="546"/> <Node id="547"/>are<Node id="550"/> <Node id="551"/>in<Node id="553"/> <Node id="554"/>my<Node id="556"/> <Node id="557"/>face<Node id="561"/>.<Node id="562"/> <Node id="563"/> <Node id="564"/>Until<Node id="569"/> <Node id="570"/>homosexuals<Node id="581"/> <Node id="582"/>stop<Node id="586"/> <Node id="587"/>trying<Node id="593"/>
<Node id="594"/>:<Node id="595"/> <Node id="596"/>to<Node id="598"/> <Node id="599"/>impose<Node id="605"/> <Node id="606"/>their<Node id="611"/> <Node id="612"/>morals<Node id="618"/> <Node id="619"/>on<Node id="621"/> <Node id="622"/>me<Node id="624"/>,<Node id="625"/> <Node id="626"/>I<Node id="627"/> <Node id="628"/>will<Node id="632"/> <Node id="633"/>be<Node id="635"/> <Node id="636"/>in<Node id="638"/> <Node id="639"/>your<Node id="643"/> <Node id="644"/>face<Node id="648"/> <Node id="649"/>about<Node id="654"/> <Node id="655"/>this<Node id="659"/>.<Node id="660"/>
<Node id="661"/>
<Node id="662"/>Ahh<Node id="665"/>,<Node id="666"/> <Node id="667"/>what<Node id="671"/>'s<Node id="673"/> <Node id="674"/>good<Node id="678"/> <Node id="679"/>for<Node id="682"/> <Node id="683"/>the<Node id="686"/> <Node id="687"/>goose<Node id="692"/> <Node id="693"/>is<Node id="695"/> <Node id="696"/>not<Node id="699"/> <Node id="700"/>necessarily<Node id="711"/> <Node id="712"/>what<Node id="716"/>'s<Node id="718"/> <Node id="719"/>good<Node id="723"/> <Node id="724"/>for<Node id="727"/>
<Node id="728"/>the<Node id="731"/> <Node id="732"/>gander<Node id="738"/>.<Node id="739"/> <Node id="740"/> <Node id="741"/>You<Node id="744"/> <Node id="745"/>do<Node id="747"/>n't<Node id="750"/> <Node id="751"/>want<Node id="755"/> <Node id="756"/>homosexuals<Node id="767"/> <Node id="768"/>to<Node id="770"/> <Node id="771"/>impose<Node id="777"/> <Node id="778"/>their<Node id="783"/> <Node id="784"/>moral<Node id="789"/> <Node id="790"/>codes<Node id="795"/>
<Node id="796"/>(<Node id="797"/>such<Node id="801"/> <Node id="802"/>diabolical<Node id="812"/> <Node id="813"/>ideas<Node id="818"/> <Node id="819"/>as<Node id="821"/> <Node id="822"/>equal<Node id="827"/> <Node id="828"/>rights<Node id="834"/>)<Node id="835"/> <Node id="836"/>on<Node id="838"/> <Node id="839"/>you<Node id="842"/>,<Node id="843"/> <Node id="844"/>yet<Node id="847"/> <Node id="848"/>you<Node id="851"/> <Node id="852"/>are<Node id="855"/> <Node id="856"/>willing<Node id="863"/>
<Node id="864"/>to<Node id="866"/> <Node id="867"/>impose<Node id="873"/> <Node id="874"/>your<Node id="878"/> <Node id="879"/>moral<Node id="884"/> <Node id="885"/>codes<Node id="890"/> <Node id="891"/>on<Node id="893"/> <Node id="894"/>them<Node id="898"/>.<Node id="899"/> <Node id="900"/> <Node id="901"/>Do<Node id="903"/> <Node id="904"/>I<Node id="905"/> <Node id="906"/>detect<Node id="912"/> <Node id="913"/>a<Node id="914"/> <Node id="915"/>double<Node id="921"/> <Node id="922"/>standard<Node id="930"/>?<Node id="931"/>
<Node id="932"/>
<Node id="933"/>-<Node id="934"/>garison<Node id="941"/>
<Node id="942"/>
<Node id="943"/></TextWithNodes>
<!-- The default annotation set -->

<AnnotationSet>
<Annotation EndNode="943" StartNode="0" Type="Mention" Id="9999999">
<Feature>
<Name classname="java.lang.String">Class</Name>
<Value classname="java.lang.String">0</Value>
</Feature>
</Annotation>

<Annotation Id="15" Type="Token" StartNode="33" EndNode="41">
<Feature>
  <Name className="java.lang.String">string</Name>
  <Value className="java.lang.String">Message-</Value>
</Feature>
</Annotation>
<Annotation Id="47" Type="Token" StartNode="96" EndNode="106">
<Feature>
  <Name className="java.lang.String">string</Name>
  <Value className="java.lang.String">References</Value>
</Feature>
</Annotation>
<Annotation Id="53" Type="Token" StartNode="115" EndNode="123">
<Feature>
  <Name className="java.lang.String">string</Name>
  <Value className="java.lang.String">optilink</Value>
</Feature>
</Annotation>
<Annotation Id="58" Type="Token" StartNode="129" EndNode="135">
<Feature>
  <Name className="java.lang.String">string</Name>
  <Value className="java.lang.String">Sender</Value>
</Feature>
</Annotation>
<Annotation Id="70" Type="Token" StartNode="164" EndNode="171">
<Feature>
  <Name className="java.lang.String">string</Name>
  <Value className="java.lang.String">General</Value>
</Feature>
</Annotation>
<Annotation Id="67" Type="Token" StartNode="150" EndNode="162">
<Feature>
  <Name className="java.lang.String">string</Name>
  <Value className="java.lang.String">Organization</Value>
</Feature>
</Annotation>
<Annotation Id="72" Type="Token" StartNode="172" EndNode="180">
<Feature>
  <Name className="java.lang.String">string</Name>
  <Value className="java.lang.String">DataComm</Value>
</Feature>
</Annotation>
<Annotation Id="81" Type="Token" StartNode="192" EndNode="202">
<Feature>
  <Name className="java.lang.String">string</Name>
  <Value className="java.lang.String">Middlebury</Value>
</Feature>
</Annotation>
<Annotation Id="94" Type="Token" StartNode="228" EndNode="236">
<Feature>
  <Name className="java.lang.String">string</Name>
  <Value className="java.lang.String">Posting-</Value>
</Feature>
</Annotation>
<Annotation Id="101" Type="Token" StartNode="250" EndNode="262">
<Feature>
  <Name className="java.lang.String">string</Name>
  <Value className="java.lang.String">X-Newsreader</Value>
</Feature>
</Annotation>
<Annotation Id="107" Type="Token" StartNode="269" EndNode="276">
<Feature>
  <Name className="java.lang.String">string</Name>
  <Value className="java.lang.String">version</Value>
</Feature>
</Annotation>
<Annotation Id="118" Type="Token" StartNode="287" EndNode="294">
<Feature>
  <Name className="java.lang.String">string</Name>
  <Value className="java.lang.String">Clayton</Value>
</Feature>
</Annotation>
<Annotation Id="125" Type="Token" StartNode="310" EndNode="318">
<Feature>
  <Name className="java.lang.String">string</Name>
  <Value className="java.lang.String">optilink</Value>
</Feature>
</Annotation>
<Annotation Id="123" Type="Token" StartNode="303" EndNode="309">
<Feature>
  <Name className="java.lang.String">string</Name>
  <Value className="java.lang.String">cramer</Value>
</Feature>
</Annotation>
<Annotation Id="120" Type="Token" StartNode="295" EndNode="301">
<Feature>
  <Name className="java.lang.String">string</Name>
  <Value className="java.lang.String">Cramer</Value>
</Feature>
</Annotation>
<Annotation Id="174" Type="Token" StartNode="411" EndNode="417">
<Feature>
  <Name className="java.lang.String">string</Name>
  <Value className="java.lang.String">impose</Value>
</Feature>
</Annotation>
<Annotation Id="162" Type="Token" StartNode="375" EndNode="385">
<Feature>
  <Name className="java.lang.String">string</Name>
  <Value className="java.lang.String">homosexual</Value>
</Feature>
</Annotation>
<Annotation Id="164" Type="Token" StartNode="386" EndNode="395">
<Feature>
  <Name className="java.lang.String">string</Name>
  <Value className="java.lang.String">community</Value>
</Feature>
</Annotation>
<Annotation Id="189" Type="Token" StartNode="445" EndNode="454">
<Feature>
  <Name className="java.lang.String">string</Name>
  <Value className="java.lang.String">requiring</Value>
</Feature>
</Annotation>
<Annotation Id="207" Type="Token" StartNode="481" EndNode="490">
<Feature>
  <Name className="java.lang.String">string</Name>
  <Value className="java.lang.String">otherwise</Value>
</Feature>
</Annotation>
<Annotation Id="217" Type="Token" StartNode="519" EndNode="526">
<Feature>
  <Name className="java.lang.String">string</Name>
  <Value className="java.lang.String">against</Value>
</Feature>
</Annotation>
<Annotation Id="215" Type="Token" StartNode="508" EndNode="518">
<Feature>
  <Name className="java.lang.String">string</Name>
  <Value className="java.lang.String">homosexual</Value>
</Feature>
</Annotation>
<Annotation Id="209" Type="Token" StartNode="491" EndNode="500">
<Feature>
  <Name className="java.lang.String">string</Name>
  <Value className="java.lang.String">associate</Value>
</Feature>
</Annotation>
<Annotation Id="253" Type="Token" StartNode="599" EndNode="605">
<Feature>
  <Name className="java.lang.String">string</Name>
  <Value className="java.lang.String">impose</Value>
</Feature>
</Annotation>
<Annotation Id="247" Type="Token" StartNode="587" EndNode="593">
<Feature>
  <Name className="java.lang.String">string</Name>
  <Value className="java.lang.String">trying</Value>
</Feature>
</Annotation>
<Annotation Id="243" Type="Token" StartNode="570" EndNode="581">
<Feature>
  <Name className="java.lang.String">string</Name>
  <Value className="java.lang.String">homosexuals</Value>
</Feature>
</Annotation>
<Annotation Id="257" Type="Token" StartNode="612" EndNode="618">
<Feature>
  <Name className="java.lang.String">string</Name>
  <Value className="java.lang.String">morals</Value>
</Feature>
</Annotation>
<Annotation Id="313" Type="Token" StartNode="732" EndNode="738">
<Feature>
  <Name className="java.lang.String">string</Name>
  <Value className="java.lang.String">gander</Value>
</Feature>
</Annotation>
<Annotation Id="301" Type="Token" StartNode="700" EndNode="711">
<Feature>
  <Name className="java.lang.String">string</Name>
  <Value className="java.lang.String">necessarily</Value>
</Feature>
</Annotation>
<Annotation Id="340" Type="Token" StartNode="802" EndNode="812">
<Feature>
  <Name className="java.lang.String">string</Name>
  <Value className="java.lang.String">diabolical</Value>
</Feature>
</Annotation>
<Annotation Id="348" Type="Token" StartNode="828" EndNode="834">
<Feature>
  <Name className="java.lang.String">string</Name>
  <Value className="java.lang.String">rights</Value>
</Feature>
</Annotation>
<Annotation Id="325" Type="Token" StartNode="756" EndNode="767">
<Feature>
  <Name className="java.lang.String">string</Name>
  <Value className="java.lang.String">homosexuals</Value>
</Feature>
</Annotation>
<Annotation Id="329" Type="Token" StartNode="771" EndNode="777">
<Feature>
  <Name className="java.lang.String">string</Name>
  <Value className="java.lang.String">impose</Value>
</Feature>
</Annotation>
<Annotation Id="366" Type="Token" StartNode="867" EndNode="873">
<Feature>
  <Name className="java.lang.String">string</Name>
  <Value className="java.lang.String">impose</Value>
</Feature>
</Annotation>
<Annotation Id="362" Type="Token" StartNode="856" EndNode="863">
<Feature>
  <Name className="java.lang.String">string</Name>
  <Value className="java.lang.String">willing</Value>
</Feature>
</Annotation>
<Annotation Id="395" Type="Token" StartNode="934" EndNode="941">
<Feature>
  <Name className="java.lang.String">string</Name>
  <Value className="java.lang.String">garison</Value>
</Feature>
</Annotation>
<Annotation Id="384" Type="Token" StartNode="906" EndNode="912">
<Feature>
  <Name className="java.lang.String">string</Name>
  <Value className="java.lang.String">detect</Value>
</Feature>
</Annotation>
<Annotation Id="390" Type="Token" StartNode="922" EndNode="930">
<Feature>
  <Name className="java.lang.String">string</Name>
  <Value className="java.lang.String">standard</Value>
</Feature>
</Annotation>
<Annotation Id="388" Type="Token" StartNode="915" EndNode="921">
<Feature>
  <Name className="java.lang.String">string</Name>
  <Value className="java.lang.String">double</Value>
</Feature>
</Annotation>
</AnnotationSet>
<AnnotationSet Name="Original markups"> </AnnotationSet>
</GateDocument>