<?xml version='1.0' encoding='UTF-8'?>
<GateDocument version="3">
<!-- The document's features-->

<GateDocumentFeatures>
<Feature>
  <Name className="java.lang.String">Original_document_content_on_load</Name>
  <Value className="java.lang.String">From: sandvik@newton.apple.com (Kent Sandvik)
Message-ID: &lt;May.23.04.55.54.1993.20021@athos.rutgers.edu>
Date: 23 May 93 08:55:56 GMT
Sender: hedrick@athos.rutgers.edu
Organization: Cookamunga Tourist Bureau
Lines: 23
Approved: christian@aramis.rutgers.edu

In article &lt;May.16.01.56.14.1993.6674@geneva.rutgers.edu>,
sfp@lemur.cit.cornell.edu (Sheila Patterson) wrote:
> As for the atheists/agnostics who read this list: if you aren't
> christian and if you have no intention of ever becoming one why on
> earth do you waste your time and mine by participating on a christian
> discussion list ?

I don't think we should draw borders around newsgroups, christians
are free to read and post entries on the atheist newsgroups, and 
muslims are free to so so in other groups as well.

It's up to each individual to define their time schedule concerning 
postings. The problems we all have noticed on various newsgroups
is the evangelistical method of telling that 'I am right, and you are
wrong'. This is true of both theists and atheists.

Hopefully a more constructive dialogue between the groups 
would help concerning assumptions and colorization of views.

Cheers,
Kent
---
sandvik@newton.apple.com. ALink: KSAND -- Private activities on the net.
</Value>
</Feature>
<Feature>
  <Name className="java.lang.String">gate.SourceURL</Name>
  <Value className="java.lang.String">file:/C:/Users/jian/Documents/NetBeansProjects/NoiseReductionTechniques/mideastPoliticsMix/negative1100</Value>
</Feature>
</GateDocumentFeatures>
<!-- The document content area with serialized nodes -->

<TextWithNodes><Node id="0"/>From<Node id="4"/>:<Node id="5"/> <Node id="6"/>sandvik<Node id="13"/>@<Node id="14"/>newton<Node id="20"/>.<Node id="21"/>apple<Node id="26"/>.<Node id="27"/>com<Node id="30"/> <Node id="31"/>(<Node id="32"/>Kent<Node id="36"/> <Node id="37"/>Sandvik<Node id="44"/>)<Node id="45"/>
<Node id="46"/>Message-<Node id="54"/>ID<Node id="56"/>:<Node id="57"/> <Node id="58"/>&lt;<Node id="59"/>May<Node id="62"/>.<Node id="63"/>23<Node id="65"/>.<Node id="66"/>04<Node id="68"/>.<Node id="69"/>55<Node id="71"/>.<Node id="72"/>54<Node id="74"/>.<Node id="75"/>1993<Node id="79"/>.<Node id="80"/>20021<Node id="85"/>@<Node id="86"/>athos<Node id="91"/>.<Node id="92"/>rutgers<Node id="99"/>.<Node id="100"/>edu<Node id="103"/>&gt;<Node id="104"/>
<Node id="105"/>Date<Node id="109"/>:<Node id="110"/> <Node id="111"/>23<Node id="113"/> <Node id="114"/>May<Node id="117"/> <Node id="118"/>93<Node id="120"/> <Node id="121"/>08<Node id="123"/>:<Node id="124"/>55<Node id="126"/>:<Node id="127"/>56<Node id="129"/> <Node id="130"/>GMT<Node id="133"/>
<Node id="134"/>Sender<Node id="140"/>:<Node id="141"/> <Node id="142"/>hedrick<Node id="149"/>@<Node id="150"/>athos<Node id="155"/>.<Node id="156"/>rutgers<Node id="163"/>.<Node id="164"/>edu<Node id="167"/>
<Node id="168"/>Organization<Node id="180"/>:<Node id="181"/> <Node id="182"/>Cookamunga<Node id="192"/> <Node id="193"/>Tourist<Node id="200"/> <Node id="201"/>Bureau<Node id="207"/>
<Node id="208"/>Lines<Node id="213"/>:<Node id="214"/> <Node id="215"/>23<Node id="217"/>
<Node id="218"/>Approved<Node id="226"/>:<Node id="227"/> <Node id="228"/>christian<Node id="237"/>@<Node id="238"/>aramis<Node id="244"/>.<Node id="245"/>rutgers<Node id="252"/>.<Node id="253"/>edu<Node id="256"/>
<Node id="257"/>
<Node id="258"/>In<Node id="260"/> <Node id="261"/>article<Node id="268"/> <Node id="269"/>&lt;<Node id="270"/>May<Node id="273"/>.<Node id="274"/>16<Node id="276"/>.<Node id="277"/>01<Node id="279"/>.<Node id="280"/>56<Node id="282"/>.<Node id="283"/>14<Node id="285"/>.<Node id="286"/>1993<Node id="290"/>.<Node id="291"/>6674<Node id="295"/>@<Node id="296"/>geneva<Node id="302"/>.<Node id="303"/>rutgers<Node id="310"/>.<Node id="311"/>edu<Node id="314"/>&gt;<Node id="315"/>,<Node id="316"/>
<Node id="317"/>sfp<Node id="320"/>@<Node id="321"/>lemur<Node id="326"/>.<Node id="327"/>cit<Node id="330"/>.<Node id="331"/>cornell<Node id="338"/>.<Node id="339"/>edu<Node id="342"/> <Node id="343"/>(<Node id="344"/>Sheila<Node id="350"/> <Node id="351"/>Patterson<Node id="360"/>)<Node id="361"/> <Node id="362"/>wrote<Node id="367"/>:<Node id="368"/>
<Node id="369"/>&gt;<Node id="370"/> <Node id="371"/>As<Node id="373"/> <Node id="374"/>for<Node id="377"/> <Node id="378"/>the<Node id="381"/> <Node id="382"/>atheists<Node id="390"/>/<Node id="391"/>agnostics<Node id="400"/> <Node id="401"/>who<Node id="404"/> <Node id="405"/>read<Node id="409"/> <Node id="410"/>this<Node id="414"/> <Node id="415"/>list<Node id="419"/>:<Node id="420"/> <Node id="421"/>if<Node id="423"/> <Node id="424"/>you<Node id="427"/> <Node id="428"/>are<Node id="431"/>n't<Node id="434"/>
<Node id="435"/>&gt;<Node id="436"/> <Node id="437"/>christian<Node id="446"/> <Node id="447"/>and<Node id="450"/> <Node id="451"/>if<Node id="453"/> <Node id="454"/>you<Node id="457"/> <Node id="458"/>have<Node id="462"/> <Node id="463"/>no<Node id="465"/> <Node id="466"/>intention<Node id="475"/> <Node id="476"/>of<Node id="478"/> <Node id="479"/>ever<Node id="483"/> <Node id="484"/>becoming<Node id="492"/> <Node id="493"/>one<Node id="496"/> <Node id="497"/>why<Node id="500"/> <Node id="501"/>on<Node id="503"/>
<Node id="504"/>&gt;<Node id="505"/> <Node id="506"/>earth<Node id="511"/> <Node id="512"/>do<Node id="514"/> <Node id="515"/>you<Node id="518"/> <Node id="519"/>waste<Node id="524"/> <Node id="525"/>your<Node id="529"/> <Node id="530"/>time<Node id="534"/> <Node id="535"/>and<Node id="538"/> <Node id="539"/>mine<Node id="543"/> <Node id="544"/>by<Node id="546"/> <Node id="547"/>participating<Node id="560"/> <Node id="561"/>on<Node id="563"/> <Node id="564"/>a<Node id="565"/> <Node id="566"/>christian<Node id="575"/>
<Node id="576"/>&gt;<Node id="577"/> <Node id="578"/>discussion<Node id="588"/> <Node id="589"/>list<Node id="593"/> <Node id="594"/>?<Node id="595"/>
<Node id="596"/>
<Node id="597"/>I<Node id="598"/> <Node id="599"/>do<Node id="601"/>n't<Node id="604"/> <Node id="605"/>think<Node id="610"/> <Node id="611"/>we<Node id="613"/> <Node id="614"/>should<Node id="620"/> <Node id="621"/>draw<Node id="625"/> <Node id="626"/>borders<Node id="633"/> <Node id="634"/>around<Node id="640"/> <Node id="641"/>newsgroups<Node id="651"/>,<Node id="652"/> <Node id="653"/>christians<Node id="663"/>
<Node id="664"/>are<Node id="667"/> <Node id="668"/>free<Node id="672"/> <Node id="673"/>to<Node id="675"/> <Node id="676"/>read<Node id="680"/> <Node id="681"/>and<Node id="684"/> <Node id="685"/>post<Node id="689"/> <Node id="690"/>entries<Node id="697"/> <Node id="698"/>on<Node id="700"/> <Node id="701"/>the<Node id="704"/> <Node id="705"/>atheist<Node id="712"/> <Node id="713"/>newsgroups<Node id="723"/>,<Node id="724"/> <Node id="725"/>and<Node id="728"/> <Node id="729"/>
<Node id="730"/>muslims<Node id="737"/> <Node id="738"/>are<Node id="741"/> <Node id="742"/>free<Node id="746"/> <Node id="747"/>to<Node id="749"/> <Node id="750"/>so<Node id="752"/> <Node id="753"/>so<Node id="755"/> <Node id="756"/>in<Node id="758"/> <Node id="759"/>other<Node id="764"/> <Node id="765"/>groups<Node id="771"/> <Node id="772"/>as<Node id="774"/> <Node id="775"/>well<Node id="779"/>.<Node id="780"/>
<Node id="781"/>
<Node id="782"/>It<Node id="784"/>'s<Node id="786"/> <Node id="787"/>up<Node id="789"/> <Node id="790"/>to<Node id="792"/> <Node id="793"/>each<Node id="797"/> <Node id="798"/>individual<Node id="808"/> <Node id="809"/>to<Node id="811"/> <Node id="812"/>define<Node id="818"/> <Node id="819"/>their<Node id="824"/> <Node id="825"/>time<Node id="829"/> <Node id="830"/>schedule<Node id="838"/> <Node id="839"/>concerning<Node id="849"/> <Node id="850"/>
<Node id="851"/>postings<Node id="859"/>.<Node id="860"/> <Node id="861"/>The<Node id="864"/> <Node id="865"/>problems<Node id="873"/> <Node id="874"/>we<Node id="876"/> <Node id="877"/>all<Node id="880"/> <Node id="881"/>have<Node id="885"/> <Node id="886"/>noticed<Node id="893"/> <Node id="894"/>on<Node id="896"/> <Node id="897"/>various<Node id="904"/> <Node id="905"/>newsgroups<Node id="915"/>
<Node id="916"/>is<Node id="918"/> <Node id="919"/>the<Node id="922"/> <Node id="923"/>evangelistical<Node id="937"/> <Node id="938"/>method<Node id="944"/> <Node id="945"/>of<Node id="947"/> <Node id="948"/>telling<Node id="955"/> <Node id="956"/>that<Node id="960"/> <Node id="961"/>'<Node id="962"/>I<Node id="963"/> <Node id="964"/>am<Node id="966"/> <Node id="967"/>right<Node id="972"/>,<Node id="973"/> <Node id="974"/>and<Node id="977"/> <Node id="978"/>you<Node id="981"/> <Node id="982"/>are<Node id="985"/>
<Node id="986"/>wrong<Node id="991"/>'<Node id="992"/>.<Node id="993"/> <Node id="994"/>This<Node id="998"/> <Node id="999"/>is<Node id="1001"/> <Node id="1002"/>true<Node id="1006"/> <Node id="1007"/>of<Node id="1009"/> <Node id="1010"/>both<Node id="1014"/> <Node id="1015"/>theists<Node id="1022"/> <Node id="1023"/>and<Node id="1026"/> <Node id="1027"/>atheists<Node id="1035"/>.<Node id="1036"/>
<Node id="1037"/>
<Node id="1038"/>Hopefully<Node id="1047"/> <Node id="1048"/>a<Node id="1049"/> <Node id="1050"/>more<Node id="1054"/> <Node id="1055"/>constructive<Node id="1067"/> <Node id="1068"/>dialogue<Node id="1076"/> <Node id="1077"/>between<Node id="1084"/> <Node id="1085"/>the<Node id="1088"/> <Node id="1089"/>groups<Node id="1095"/> <Node id="1096"/>
<Node id="1097"/>would<Node id="1102"/> <Node id="1103"/>help<Node id="1107"/> <Node id="1108"/>concerning<Node id="1118"/> <Node id="1119"/>assumptions<Node id="1130"/> <Node id="1131"/>and<Node id="1134"/> <Node id="1135"/>colorization<Node id="1147"/> <Node id="1148"/>of<Node id="1150"/> <Node id="1151"/>views<Node id="1156"/>.<Node id="1157"/>
<Node id="1158"/>
<Node id="1159"/>Cheers<Node id="1165"/>,<Node id="1166"/>
<Node id="1167"/>Kent<Node id="1171"/>
<Node id="1172"/>-<Node id="1173"/>-<Node id="1174"/>-<Node id="1175"/>
<Node id="1176"/>sandvik<Node id="1183"/>@<Node id="1184"/>newton<Node id="1190"/>.<Node id="1191"/>apple<Node id="1196"/>.<Node id="1197"/>com<Node id="1200"/>.<Node id="1201"/> <Node id="1202"/>ALink<Node id="1207"/>:<Node id="1208"/> <Node id="1209"/>KSAND<Node id="1214"/> <Node id="1215"/>-<Node id="1216"/>-<Node id="1217"/> <Node id="1218"/>Private<Node id="1225"/> <Node id="1226"/>activities<Node id="1236"/> <Node id="1237"/>on<Node id="1239"/> <Node id="1240"/>the<Node id="1243"/> <Node id="1244"/>net<Node id="1247"/>.<Node id="1248"/>
<Node id="1249"/></TextWithNodes>
<!-- The default annotation set -->

<AnnotationSet>
<Annotation EndNode="1249" StartNode="0" Type="Mention" Id="9999999">
<Feature>
<Name classname="java.lang.String">Class</Name>
<Value classname="java.lang.String">0</Value>
</Feature>
</Annotation>

<Annotation Id="3" Type="Token" StartNode="6" EndNode="13">
<Feature>
  <Name className="java.lang.String">string</Name>
  <Value className="java.lang.String">sandvik</Value>
</Feature>
</Annotation>
<Annotation Id="5" Type="Token" StartNode="14" EndNode="20">
<Feature>
  <Name className="java.lang.String">string</Name>
  <Value className="java.lang.String">newton</Value>
</Feature>
</Annotation>
<Annotation Id="14" Type="Token" StartNode="37" EndNode="44">
<Feature>
  <Name className="java.lang.String">string</Name>
  <Value className="java.lang.String">Sandvik</Value>
</Feature>
</Annotation>
<Annotation Id="17" Type="Token" StartNode="46" EndNode="54">
<Feature>
  <Name className="java.lang.String">string</Name>
  <Value className="java.lang.String">Message-</Value>
</Feature>
</Annotation>
<Annotation Id="38" Type="Token" StartNode="92" EndNode="99">
<Feature>
  <Name className="java.lang.String">string</Name>
  <Value className="java.lang.String">rutgers</Value>
</Feature>
</Annotation>
<Annotation Id="63" Type="Token" StartNode="142" EndNode="149">
<Feature>
  <Name className="java.lang.String">string</Name>
  <Value className="java.lang.String">hedrick</Value>
</Feature>
</Annotation>
<Annotation Id="60" Type="Token" StartNode="134" EndNode="140">
<Feature>
  <Name className="java.lang.String">string</Name>
  <Value className="java.lang.String">Sender</Value>
</Feature>
</Annotation>
<Annotation Id="71" Type="Token" StartNode="168" EndNode="180">
<Feature>
  <Name className="java.lang.String">string</Name>
  <Value className="java.lang.String">Organization</Value>
</Feature>
</Annotation>
<Annotation Id="67" Type="Token" StartNode="156" EndNode="163">
<Feature>
  <Name className="java.lang.String">string</Name>
  <Value className="java.lang.String">rutgers</Value>
</Feature>
</Annotation>
<Annotation Id="76" Type="Token" StartNode="193" EndNode="200">
<Feature>
  <Name className="java.lang.String">string</Name>
  <Value className="java.lang.String">Tourist</Value>
</Feature>
</Annotation>
<Annotation Id="78" Type="Token" StartNode="201" EndNode="207">
<Feature>
  <Name className="java.lang.String">string</Name>
  <Value className="java.lang.String">Bureau</Value>
</Feature>
</Annotation>
<Annotation Id="74" Type="Token" StartNode="182" EndNode="192">
<Feature>
  <Name className="java.lang.String">string</Name>
  <Value className="java.lang.String">Cookamunga</Value>
</Feature>
</Annotation>
<Annotation Id="85" Type="Token" StartNode="218" EndNode="226">
<Feature>
  <Name className="java.lang.String">string</Name>
  <Value className="java.lang.String">Approved</Value>
</Feature>
</Annotation>
<Annotation Id="92" Type="Token" StartNode="245" EndNode="252">
<Feature>
  <Name className="java.lang.String">string</Name>
  <Value className="java.lang.String">rutgers</Value>
</Feature>
</Annotation>
<Annotation Id="88" Type="Token" StartNode="228" EndNode="237">
<Feature>
  <Name className="java.lang.String">string</Name>
  <Value className="java.lang.String">christian</Value>
</Feature>
</Annotation>
<Annotation Id="90" Type="Token" StartNode="238" EndNode="244">
<Feature>
  <Name className="java.lang.String">string</Name>
  <Value className="java.lang.String">aramis</Value>
</Feature>
</Annotation>
<Annotation Id="99" Type="Token" StartNode="261" EndNode="268">
<Feature>
  <Name className="java.lang.String">string</Name>
  <Value className="java.lang.String">article</Value>
</Feature>
</Annotation>
<Annotation Id="118" Type="Token" StartNode="303" EndNode="310">
<Feature>
  <Name className="java.lang.String">string</Name>
  <Value className="java.lang.String">rutgers</Value>
</Feature>
</Annotation>
<Annotation Id="116" Type="Token" StartNode="296" EndNode="302">
<Feature>
  <Name className="java.lang.String">string</Name>
  <Value className="java.lang.String">geneva</Value>
</Feature>
</Annotation>
<Annotation Id="137" Type="Token" StartNode="351" EndNode="360">
<Feature>
  <Name className="java.lang.String">string</Name>
  <Value className="java.lang.String">Patterson</Value>
</Feature>
</Annotation>
<Annotation Id="130" Type="Token" StartNode="331" EndNode="338">
<Feature>
  <Name className="java.lang.String">string</Name>
  <Value className="java.lang.String">cornell</Value>
</Feature>
</Annotation>
<Annotation Id="135" Type="Token" StartNode="344" EndNode="350">
<Feature>
  <Name className="java.lang.String">string</Name>
  <Value className="java.lang.String">Sheila</Value>
</Feature>
</Annotation>
<Annotation Id="153" Type="Token" StartNode="391" EndNode="400">
<Feature>
  <Name className="java.lang.String">string</Name>
  <Value className="java.lang.String">agnostics</Value>
</Feature>
</Annotation>
<Annotation Id="151" Type="Token" StartNode="382" EndNode="390">
<Feature>
  <Name className="java.lang.String">string</Name>
  <Value className="java.lang.String">atheists</Value>
</Feature>
</Annotation>
<Annotation Id="174" Type="Token" StartNode="437" EndNode="446">
<Feature>
  <Name className="java.lang.String">string</Name>
  <Value className="java.lang.String">christian</Value>
</Feature>
</Annotation>
<Annotation Id="186" Type="Token" StartNode="466" EndNode="475">
<Feature>
  <Name className="java.lang.String">string</Name>
  <Value className="java.lang.String">intention</Value>
</Feature>
</Annotation>
<Annotation Id="192" Type="Token" StartNode="484" EndNode="492">
<Feature>
  <Name className="java.lang.String">string</Name>
  <Value className="java.lang.String">becoming</Value>
</Feature>
</Annotation>
<Annotation Id="220" Type="Token" StartNode="547" EndNode="560">
<Feature>
  <Name className="java.lang.String">string</Name>
  <Value className="java.lang.String">participating</Value>
</Feature>
</Annotation>
<Annotation Id="230" Type="Token" StartNode="578" EndNode="588">
<Feature>
  <Name className="java.lang.String">string</Name>
  <Value className="java.lang.String">discussion</Value>
</Feature>
</Annotation>
<Annotation Id="226" Type="Token" StartNode="566" EndNode="575">
<Feature>
  <Name className="java.lang.String">string</Name>
  <Value className="java.lang.String">christian</Value>
</Feature>
</Annotation>
<Annotation Id="255" Type="Token" StartNode="641" EndNode="651">
<Feature>
  <Name className="java.lang.String">string</Name>
  <Value className="java.lang.String">newsgroups</Value>
</Feature>
</Annotation>
<Annotation Id="253" Type="Token" StartNode="634" EndNode="640">
<Feature>
  <Name className="java.lang.String">string</Name>
  <Value className="java.lang.String">around</Value>
</Feature>
</Annotation>
<Annotation Id="251" Type="Token" StartNode="626" EndNode="633">
<Feature>
  <Name className="java.lang.String">string</Name>
  <Value className="java.lang.String">borders</Value>
</Feature>
</Annotation>
<Annotation Id="247" Type="Token" StartNode="614" EndNode="620">
<Feature>
  <Name className="java.lang.String">string</Name>
  <Value className="java.lang.String">should</Value>
</Feature>
</Annotation>
<Annotation Id="272" Type="Token" StartNode="690" EndNode="697">
<Feature>
  <Name className="java.lang.String">string</Name>
  <Value className="java.lang.String">entries</Value>
</Feature>
</Annotation>
<Annotation Id="278" Type="Token" StartNode="705" EndNode="712">
<Feature>
  <Name className="java.lang.String">string</Name>
  <Value className="java.lang.String">atheist</Value>
</Feature>
</Annotation>
<Annotation Id="280" Type="Token" StartNode="713" EndNode="723">
<Feature>
  <Name className="java.lang.String">string</Name>
  <Value className="java.lang.String">newsgroups</Value>
</Feature>
</Annotation>
<Annotation Id="286" Type="Token" StartNode="730" EndNode="737">
<Feature>
  <Name className="java.lang.String">string</Name>
  <Value className="java.lang.String">muslims</Value>
</Feature>
</Annotation>
<Annotation Id="258" Type="Token" StartNode="653" EndNode="663">
<Feature>
  <Name className="java.lang.String">string</Name>
  <Value className="java.lang.String">christians</Value>
</Feature>
</Annotation>
<Annotation Id="302" Type="Token" StartNode="765" EndNode="771">
<Feature>
  <Name className="java.lang.String">string</Name>
  <Value className="java.lang.String">groups</Value>
</Feature>
</Annotation>
<Annotation Id="340" Type="Token" StartNode="865" EndNode="873">
<Feature>
  <Name className="java.lang.String">string</Name>
  <Value className="java.lang.String">problems</Value>
</Feature>
</Annotation>
<Annotation Id="348" Type="Token" StartNode="886" EndNode="893">
<Feature>
  <Name className="java.lang.String">string</Name>
  <Value className="java.lang.String">noticed</Value>
</Feature>
</Annotation>
<Annotation Id="324" Type="Token" StartNode="812" EndNode="818">
<Feature>
  <Name className="java.lang.String">string</Name>
  <Value className="java.lang.String">define</Value>
</Feature>
</Annotation>
<Annotation Id="320" Type="Token" StartNode="798" EndNode="808">
<Feature>
  <Name className="java.lang.String">string</Name>
  <Value className="java.lang.String">individual</Value>
</Feature>
</Annotation>
<Annotation Id="335" Type="Token" StartNode="851" EndNode="859">
<Feature>
  <Name className="java.lang.String">string</Name>
  <Value className="java.lang.String">postings</Value>
</Feature>
</Annotation>
<Annotation Id="332" Type="Token" StartNode="839" EndNode="849">
<Feature>
  <Name className="java.lang.String">string</Name>
  <Value className="java.lang.String">concerning</Value>
</Feature>
</Annotation>
<Annotation Id="330" Type="Token" StartNode="830" EndNode="838">
<Feature>
  <Name className="java.lang.String">string</Name>
  <Value className="java.lang.String">schedule</Value>
</Feature>
</Annotation>
<Annotation Id="352" Type="Token" StartNode="897" EndNode="904">
<Feature>
  <Name className="java.lang.String">string</Name>
  <Value className="java.lang.String">various</Value>
</Feature>
</Annotation>
<Annotation Id="354" Type="Token" StartNode="905" EndNode="915">
<Feature>
  <Name className="java.lang.String">string</Name>
  <Value className="java.lang.String">newsgroups</Value>
</Feature>
</Annotation>
<Annotation Id="366" Type="Token" StartNode="948" EndNode="955">
<Feature>
  <Name className="java.lang.String">string</Name>
  <Value className="java.lang.String">telling</Value>
</Feature>
</Annotation>
<Annotation Id="360" Type="Token" StartNode="923" EndNode="937">
<Feature>
  <Name className="java.lang.String">string</Name>
  <Value className="java.lang.String">evangelistical</Value>
</Feature>
</Annotation>
<Annotation Id="362" Type="Token" StartNode="938" EndNode="944">
<Feature>
  <Name className="java.lang.String">string</Name>
  <Value className="java.lang.String">method</Value>
</Feature>
</Annotation>
<Annotation Id="414" Type="Token" StartNode="1068" EndNode="1076">
<Feature>
  <Name className="java.lang.String">string</Name>
  <Value className="java.lang.String">dialogue</Value>
</Feature>
</Annotation>
<Annotation Id="412" Type="Token" StartNode="1055" EndNode="1067">
<Feature>
  <Name className="java.lang.String">string</Name>
  <Value className="java.lang.String">constructive</Value>
</Feature>
</Annotation>
<Annotation Id="402" Type="Token" StartNode="1027" EndNode="1035">
<Feature>
  <Name className="java.lang.String">string</Name>
  <Value className="java.lang.String">atheists</Value>
</Feature>
</Annotation>
<Annotation Id="406" Type="Token" StartNode="1038" EndNode="1047">
<Feature>
  <Name className="java.lang.String">string</Name>
  <Value className="java.lang.String">Hopefully</Value>
</Feature>
</Annotation>
<Annotation Id="398" Type="Token" StartNode="1015" EndNode="1022">
<Feature>
  <Name className="java.lang.String">string</Name>
  <Value className="java.lang.String">theists</Value>
</Feature>
</Annotation>
<Annotation Id="441" Type="Token" StartNode="1159" EndNode="1165">
<Feature>
  <Name className="java.lang.String">string</Name>
  <Value className="java.lang.String">Cheers</Value>
</Feature>
</Annotation>
<Annotation Id="433" Type="Token" StartNode="1135" EndNode="1147">
<Feature>
  <Name className="java.lang.String">string</Name>
  <Value className="java.lang.String">colorization</Value>
</Feature>
</Annotation>
<Annotation Id="427" Type="Token" StartNode="1108" EndNode="1118">
<Feature>
  <Name className="java.lang.String">string</Name>
  <Value className="java.lang.String">concerning</Value>
</Feature>
</Annotation>
<Annotation Id="429" Type="Token" StartNode="1119" EndNode="1130">
<Feature>
  <Name className="java.lang.String">string</Name>
  <Value className="java.lang.String">assumptions</Value>
</Feature>
</Annotation>
<Annotation Id="416" Type="Token" StartNode="1077" EndNode="1084">
<Feature>
  <Name className="java.lang.String">string</Name>
  <Value className="java.lang.String">between</Value>
</Feature>
</Annotation>
<Annotation Id="420" Type="Token" StartNode="1089" EndNode="1095">
<Feature>
  <Name className="java.lang.String">string</Name>
  <Value className="java.lang.String">groups</Value>
</Feature>
</Annotation>
<Annotation Id="469" Type="Token" StartNode="1226" EndNode="1236">
<Feature>
  <Name className="java.lang.String">string</Name>
  <Value className="java.lang.String">activities</Value>
</Feature>
</Annotation>
<Annotation Id="467" Type="Token" StartNode="1218" EndNode="1225">
<Feature>
  <Name className="java.lang.String">string</Name>
  <Value className="java.lang.String">Private</Value>
</Feature>
</Annotation>
<Annotation Id="452" Type="Token" StartNode="1184" EndNode="1190">
<Feature>
  <Name className="java.lang.String">string</Name>
  <Value className="java.lang.String">newton</Value>
</Feature>
</Annotation>
<Annotation Id="450" Type="Token" StartNode="1176" EndNode="1183">
<Feature>
  <Name className="java.lang.String">string</Name>
  <Value className="java.lang.String">sandvik</Value>
</Feature>
</Annotation>
</AnnotationSet>
<AnnotationSet Name="Original markups"> </AnnotationSet>
</GateDocument>