<?xml version='1.0' encoding='UTF-8'?>
<GateDocument version="3">
<!-- The document's features-->

<GateDocumentFeatures>
<Feature>
  <Name className="java.lang.String">Original_document_content_on_load</Name>
  <Value className="java.lang.String">From: creps@lateran.ucs.indiana.edu (Stephen A. Creps)
Message-ID: &lt;May.13.02.29.11.1993.1487@geneva.rutgers.edu>
Date: 13 May 93 06:29:12 GMT
Sender: hedrick@geneva.rutgers.edu
Organization: Indiana University
Lines: 44
Approved: christian@aramis.rutgers.edu

In article &lt;May.11.02.38.56.1993.28319@athos.rutgers.edu> Eugene.Bigelow@ebay.sun.com writes:
>As St. Augustine said, "I did not invent original sin, which the
>Catholic faith holds from ancient time; but you, who deny it, without a
>doubt are a follower of a new heresy."  (De nuptiis, lib. 11.c.12)]
>
>Why is it fair to punish you, me and the rest of humanity because of
>what Adam and Eve did? Suppose your parents committed some crime before
>you were born and one day the cops come to your door and throw you in
>jail for it. Would you really think that is fair? I know I wouldn't.

   You may not think that it is fair, but how many sins do you know of
that affect only the sinner?  Is it fair for us even to be able to get
into Heaven?  Do we have a _right_ to Heaven, even if we were to lead
sinless lives?  Anyway, your argument seems to be saying, "If _I_ were
God, I certainly wouldn't do things that way; therefore, God doesn't do
things that way."

	Isaiah 55:8-9:

	"For my thoughts are not your thoughts, neither are your ways my
	ways, saith the LORD.  For as the heavens are higher than the
	earth, so are my ways higher than your ways, and my thoughts
	than your thoughts."

   Original Sin is biblical:

	Romans 5:12-14:

	"Wherefore, as by one man sin entered into the world, and death
	by sin; and so death passed upon all men, for that all have
	sinned: (For until the law sin was in the world: but sin is not
	imputed when there is no law.  Nevertheless death reigned from
	Adam to Moses, even over them that had not sinned after the
	similitude of Adam's transgression, who is the figure of him
	that was to come."

	1 Corinthians 15:22:

	"For as in Adam all die, even so in Christ shall all be made
	alive."

-	-	-	-	-	-	-	-	-	-
Steve Creps, Indiana University
creps@lateran.ucs.indiana.edu
</Value>
</Feature>
<Feature>
  <Name className="java.lang.String">gate.SourceURL</Name>
  <Value className="java.lang.String">file:/C:/Users/jian/Documents/NetBeansProjects/NoiseReductionTechniques/mideastPoliticsMix/negative1040</Value>
</Feature>
</GateDocumentFeatures>
<!-- The document content area with serialized nodes -->

<TextWithNodes><Node id="0"/>From<Node id="4"/>:<Node id="5"/> <Node id="6"/>creps<Node id="11"/>@<Node id="12"/>lateran<Node id="19"/>.<Node id="20"/>ucs<Node id="23"/>.<Node id="24"/>indiana<Node id="31"/>.<Node id="32"/>edu<Node id="35"/> <Node id="36"/>(<Node id="37"/>Stephen<Node id="44"/> <Node id="45"/>A<Node id="46"/>.<Node id="47"/> <Node id="48"/>Creps<Node id="53"/>)<Node id="54"/>
<Node id="55"/>Message-<Node id="63"/>ID<Node id="65"/>:<Node id="66"/> <Node id="67"/>&lt;<Node id="68"/>May<Node id="71"/>.<Node id="72"/>13<Node id="74"/>.<Node id="75"/>02<Node id="77"/>.<Node id="78"/>29<Node id="80"/>.<Node id="81"/>11<Node id="83"/>.<Node id="84"/>1993<Node id="88"/>.<Node id="89"/>1487<Node id="93"/>@<Node id="94"/>geneva<Node id="100"/>.<Node id="101"/>rutgers<Node id="108"/>.<Node id="109"/>edu<Node id="112"/>&gt;<Node id="113"/>
<Node id="114"/>Date<Node id="118"/>:<Node id="119"/> <Node id="120"/>13<Node id="122"/> <Node id="123"/>May<Node id="126"/> <Node id="127"/>93<Node id="129"/> <Node id="130"/>06<Node id="132"/>:<Node id="133"/>29<Node id="135"/>:<Node id="136"/>12<Node id="138"/> <Node id="139"/>GMT<Node id="142"/>
<Node id="143"/>Sender<Node id="149"/>:<Node id="150"/> <Node id="151"/>hedrick<Node id="158"/>@<Node id="159"/>geneva<Node id="165"/>.<Node id="166"/>rutgers<Node id="173"/>.<Node id="174"/>edu<Node id="177"/>
<Node id="178"/>Organization<Node id="190"/>:<Node id="191"/> <Node id="192"/>Indiana<Node id="199"/> <Node id="200"/>University<Node id="210"/>
<Node id="211"/>Lines<Node id="216"/>:<Node id="217"/> <Node id="218"/>44<Node id="220"/>
<Node id="221"/>Approved<Node id="229"/>:<Node id="230"/> <Node id="231"/>christian<Node id="240"/>@<Node id="241"/>aramis<Node id="247"/>.<Node id="248"/>rutgers<Node id="255"/>.<Node id="256"/>edu<Node id="259"/>
<Node id="260"/>
<Node id="261"/>In<Node id="263"/> <Node id="264"/>article<Node id="271"/> <Node id="272"/>&lt;<Node id="273"/>May<Node id="276"/>.<Node id="277"/>11<Node id="279"/>.<Node id="280"/>02<Node id="282"/>.<Node id="283"/>38<Node id="285"/>.<Node id="286"/>56<Node id="288"/>.<Node id="289"/>1993<Node id="293"/>.<Node id="294"/>28319<Node id="299"/>@<Node id="300"/>athos<Node id="305"/>.<Node id="306"/>rutgers<Node id="313"/>.<Node id="314"/>edu<Node id="317"/>&gt;<Node id="318"/> <Node id="319"/>Eugene<Node id="325"/>.<Node id="326"/>Bigelow<Node id="333"/>@<Node id="334"/>ebay<Node id="338"/>.<Node id="339"/>sun<Node id="342"/>.<Node id="343"/>com<Node id="346"/> <Node id="347"/>writes<Node id="353"/>:<Node id="354"/>
<Node id="355"/>&gt;<Node id="356"/>As<Node id="358"/> <Node id="359"/>St<Node id="361"/>.<Node id="362"/> <Node id="363"/>Augustine<Node id="372"/> <Node id="373"/>said<Node id="377"/>,<Node id="378"/> <Node id="379"/>"<Node id="380"/>I<Node id="381"/> <Node id="382"/>did<Node id="385"/> <Node id="386"/>not<Node id="389"/> <Node id="390"/>invent<Node id="396"/> <Node id="397"/>original<Node id="405"/> <Node id="406"/>sin<Node id="409"/>,<Node id="410"/> <Node id="411"/>which<Node id="416"/> <Node id="417"/>the<Node id="420"/>
<Node id="421"/>&gt;<Node id="422"/>Catholic<Node id="430"/> <Node id="431"/>faith<Node id="436"/> <Node id="437"/>holds<Node id="442"/> <Node id="443"/>from<Node id="447"/> <Node id="448"/>ancient<Node id="455"/> <Node id="456"/>time<Node id="460"/>;<Node id="461"/> <Node id="462"/>but<Node id="465"/> <Node id="466"/>you<Node id="469"/>,<Node id="470"/> <Node id="471"/>who<Node id="474"/> <Node id="475"/>deny<Node id="479"/> <Node id="480"/>it<Node id="482"/>,<Node id="483"/> <Node id="484"/>without<Node id="491"/> <Node id="492"/>a<Node id="493"/>
<Node id="494"/>&gt;<Node id="495"/>doubt<Node id="500"/> <Node id="501"/>are<Node id="504"/> <Node id="505"/>a<Node id="506"/> <Node id="507"/>follower<Node id="515"/> <Node id="516"/>of<Node id="518"/> <Node id="519"/>a<Node id="520"/> <Node id="521"/>new<Node id="524"/> <Node id="525"/>heresy<Node id="531"/>.<Node id="532"/>"<Node id="533"/> <Node id="534"/> <Node id="535"/>(<Node id="536"/>De<Node id="538"/> <Node id="539"/>nuptiis<Node id="546"/>,<Node id="547"/> <Node id="548"/>lib<Node id="551"/>.<Node id="552"/> <Node id="553"/>11<Node id="555"/>.<Node id="556"/>c<Node id="557"/>.<Node id="558"/>12<Node id="560"/>)<Node id="561"/>]<Node id="562"/>
<Node id="563"/>&gt;<Node id="564"/>
<Node id="565"/>&gt;<Node id="566"/>Why<Node id="569"/> <Node id="570"/>is<Node id="572"/> <Node id="573"/>it<Node id="575"/> <Node id="576"/>fair<Node id="580"/> <Node id="581"/>to<Node id="583"/> <Node id="584"/>punish<Node id="590"/> <Node id="591"/>you<Node id="594"/>,<Node id="595"/> <Node id="596"/>me<Node id="598"/> <Node id="599"/>and<Node id="602"/> <Node id="603"/>the<Node id="606"/> <Node id="607"/>rest<Node id="611"/> <Node id="612"/>of<Node id="614"/> <Node id="615"/>humanity<Node id="623"/> <Node id="624"/>because<Node id="631"/> <Node id="632"/>of<Node id="634"/>
<Node id="635"/>&gt;<Node id="636"/>what<Node id="640"/> <Node id="641"/>Adam<Node id="645"/> <Node id="646"/>and<Node id="649"/> <Node id="650"/>Eve<Node id="653"/> <Node id="654"/>did<Node id="657"/>?<Node id="658"/> <Node id="659"/>Suppose<Node id="666"/> <Node id="667"/>your<Node id="671"/> <Node id="672"/>parents<Node id="679"/> <Node id="680"/>committed<Node id="689"/> <Node id="690"/>some<Node id="694"/> <Node id="695"/>crime<Node id="700"/> <Node id="701"/>before<Node id="707"/>
<Node id="708"/>&gt;<Node id="709"/>you<Node id="712"/> <Node id="713"/>were<Node id="717"/> <Node id="718"/>born<Node id="722"/> <Node id="723"/>and<Node id="726"/> <Node id="727"/>one<Node id="730"/> <Node id="731"/>day<Node id="734"/> <Node id="735"/>the<Node id="738"/> <Node id="739"/>cops<Node id="743"/> <Node id="744"/>come<Node id="748"/> <Node id="749"/>to<Node id="751"/> <Node id="752"/>your<Node id="756"/> <Node id="757"/>door<Node id="761"/> <Node id="762"/>and<Node id="765"/> <Node id="766"/>throw<Node id="771"/> <Node id="772"/>you<Node id="775"/> <Node id="776"/>in<Node id="778"/>
<Node id="779"/>&gt;<Node id="780"/>jail<Node id="784"/> <Node id="785"/>for<Node id="788"/> <Node id="789"/>it<Node id="791"/>.<Node id="792"/> <Node id="793"/>Would<Node id="798"/> <Node id="799"/>you<Node id="802"/> <Node id="803"/>really<Node id="809"/> <Node id="810"/>think<Node id="815"/> <Node id="816"/>that<Node id="820"/> <Node id="821"/>is<Node id="823"/> <Node id="824"/>fair<Node id="828"/>?<Node id="829"/> <Node id="830"/>I<Node id="831"/> <Node id="832"/>know<Node id="836"/> <Node id="837"/>I<Node id="838"/> <Node id="839"/>would<Node id="844"/>n't<Node id="847"/>.<Node id="848"/>
<Node id="849"/>
<Node id="850"/> <Node id="851"/> <Node id="852"/> <Node id="853"/>You<Node id="856"/> <Node id="857"/>may<Node id="860"/> <Node id="861"/>not<Node id="864"/> <Node id="865"/>think<Node id="870"/> <Node id="871"/>that<Node id="875"/> <Node id="876"/>it<Node id="878"/> <Node id="879"/>is<Node id="881"/> <Node id="882"/>fair<Node id="886"/>,<Node id="887"/> <Node id="888"/>but<Node id="891"/> <Node id="892"/>how<Node id="895"/> <Node id="896"/>many<Node id="900"/> <Node id="901"/>sins<Node id="905"/> <Node id="906"/>do<Node id="908"/> <Node id="909"/>you<Node id="912"/> <Node id="913"/>know<Node id="917"/> <Node id="918"/>of<Node id="920"/>
<Node id="921"/>that<Node id="925"/> <Node id="926"/>affect<Node id="932"/> <Node id="933"/>only<Node id="937"/> <Node id="938"/>the<Node id="941"/> <Node id="942"/>sinner<Node id="948"/>?<Node id="949"/> <Node id="950"/> <Node id="951"/>Is<Node id="953"/> <Node id="954"/>it<Node id="956"/> <Node id="957"/>fair<Node id="961"/> <Node id="962"/>for<Node id="965"/> <Node id="966"/>us<Node id="968"/> <Node id="969"/>even<Node id="973"/> <Node id="974"/>to<Node id="976"/> <Node id="977"/>be<Node id="979"/> <Node id="980"/>able<Node id="984"/> <Node id="985"/>to<Node id="987"/> <Node id="988"/>get<Node id="991"/>
<Node id="992"/>into<Node id="996"/> <Node id="997"/>Heaven<Node id="1003"/>?<Node id="1004"/> <Node id="1005"/> <Node id="1006"/>Do<Node id="1008"/> <Node id="1009"/>we<Node id="1011"/> <Node id="1012"/>have<Node id="1016"/> <Node id="1017"/>a<Node id="1018"/> <Node id="1019"/>_<Node id="1020"/>right<Node id="1025"/>_<Node id="1026"/> <Node id="1027"/>to<Node id="1029"/> <Node id="1030"/>Heaven<Node id="1036"/>,<Node id="1037"/> <Node id="1038"/>even<Node id="1042"/> <Node id="1043"/>if<Node id="1045"/> <Node id="1046"/>we<Node id="1048"/> <Node id="1049"/>were<Node id="1053"/> <Node id="1054"/>to<Node id="1056"/> <Node id="1057"/>lead<Node id="1061"/>
<Node id="1062"/>sinless<Node id="1069"/> <Node id="1070"/>lives<Node id="1075"/>?<Node id="1076"/> <Node id="1077"/> <Node id="1078"/>Anyway<Node id="1084"/>,<Node id="1085"/> <Node id="1086"/>your<Node id="1090"/> <Node id="1091"/>argument<Node id="1099"/> <Node id="1100"/>seems<Node id="1105"/> <Node id="1106"/>to<Node id="1108"/> <Node id="1109"/>be<Node id="1111"/> <Node id="1112"/>saying<Node id="1118"/>,<Node id="1119"/> <Node id="1120"/>"<Node id="1121"/>If<Node id="1123"/> <Node id="1124"/>_<Node id="1125"/>I<Node id="1126"/>_<Node id="1127"/> <Node id="1128"/>were<Node id="1132"/>
<Node id="1133"/>God<Node id="1136"/>,<Node id="1137"/> <Node id="1138"/>I<Node id="1139"/> <Node id="1140"/>certainly<Node id="1149"/> <Node id="1150"/>would<Node id="1155"/>n't<Node id="1158"/> <Node id="1159"/>do<Node id="1161"/> <Node id="1162"/>things<Node id="1168"/> <Node id="1169"/>that<Node id="1173"/> <Node id="1174"/>way<Node id="1177"/>;<Node id="1178"/> <Node id="1179"/>therefore<Node id="1188"/>,<Node id="1189"/> <Node id="1190"/>God<Node id="1193"/> <Node id="1194"/>does<Node id="1198"/>n't<Node id="1201"/> <Node id="1202"/>do<Node id="1204"/>
<Node id="1205"/>things<Node id="1211"/> <Node id="1212"/>that<Node id="1216"/> <Node id="1217"/>way<Node id="1220"/>.<Node id="1221"/>"<Node id="1222"/>
<Node id="1223"/>
<Node id="1224"/>	<Node id="1225"/>Isaiah<Node id="1231"/> <Node id="1232"/>55<Node id="1234"/>:<Node id="1235"/>8<Node id="1236"/>-<Node id="1237"/>9<Node id="1238"/>:<Node id="1239"/>
<Node id="1240"/>
<Node id="1241"/>	<Node id="1242"/>"<Node id="1243"/>For<Node id="1246"/> <Node id="1247"/>my<Node id="1249"/> <Node id="1250"/>thoughts<Node id="1258"/> <Node id="1259"/>are<Node id="1262"/> <Node id="1263"/>not<Node id="1266"/> <Node id="1267"/>your<Node id="1271"/> <Node id="1272"/>thoughts<Node id="1280"/>,<Node id="1281"/> <Node id="1282"/>neither<Node id="1289"/> <Node id="1290"/>are<Node id="1293"/> <Node id="1294"/>your<Node id="1298"/> <Node id="1299"/>ways<Node id="1303"/> <Node id="1304"/>my<Node id="1306"/>
<Node id="1307"/>	<Node id="1308"/>ways<Node id="1312"/>,<Node id="1313"/> <Node id="1314"/>saith<Node id="1319"/> <Node id="1320"/>the<Node id="1323"/> <Node id="1324"/>LORD<Node id="1328"/>.<Node id="1329"/> <Node id="1330"/> <Node id="1331"/>For<Node id="1334"/> <Node id="1335"/>as<Node id="1337"/> <Node id="1338"/>the<Node id="1341"/> <Node id="1342"/>heavens<Node id="1349"/> <Node id="1350"/>are<Node id="1353"/> <Node id="1354"/>higher<Node id="1360"/> <Node id="1361"/>than<Node id="1365"/> <Node id="1366"/>the<Node id="1369"/>
<Node id="1370"/>	<Node id="1371"/>earth<Node id="1376"/>,<Node id="1377"/> <Node id="1378"/>so<Node id="1380"/> <Node id="1381"/>are<Node id="1384"/> <Node id="1385"/>my<Node id="1387"/> <Node id="1388"/>ways<Node id="1392"/> <Node id="1393"/>higher<Node id="1399"/> <Node id="1400"/>than<Node id="1404"/> <Node id="1405"/>your<Node id="1409"/> <Node id="1410"/>ways<Node id="1414"/>,<Node id="1415"/> <Node id="1416"/>and<Node id="1419"/> <Node id="1420"/>my<Node id="1422"/> <Node id="1423"/>thoughts<Node id="1431"/>
<Node id="1432"/>	<Node id="1433"/>than<Node id="1437"/> <Node id="1438"/>your<Node id="1442"/> <Node id="1443"/>thoughts<Node id="1451"/>.<Node id="1452"/>"<Node id="1453"/>
<Node id="1454"/>
<Node id="1455"/> <Node id="1456"/> <Node id="1457"/> <Node id="1458"/>Original<Node id="1466"/> <Node id="1467"/>Sin<Node id="1470"/> <Node id="1471"/>is<Node id="1473"/> <Node id="1474"/>biblical<Node id="1482"/>:<Node id="1483"/>
<Node id="1484"/>
<Node id="1485"/>	<Node id="1486"/>Romans<Node id="1492"/> <Node id="1493"/>5<Node id="1494"/>:<Node id="1495"/>12<Node id="1497"/>-<Node id="1498"/>14<Node id="1500"/>:<Node id="1501"/>
<Node id="1502"/>
<Node id="1503"/>	<Node id="1504"/>"<Node id="1505"/>Wherefore<Node id="1514"/>,<Node id="1515"/> <Node id="1516"/>as<Node id="1518"/> <Node id="1519"/>by<Node id="1521"/> <Node id="1522"/>one<Node id="1525"/> <Node id="1526"/>man<Node id="1529"/> <Node id="1530"/>sin<Node id="1533"/> <Node id="1534"/>entered<Node id="1541"/> <Node id="1542"/>into<Node id="1546"/> <Node id="1547"/>the<Node id="1550"/> <Node id="1551"/>world<Node id="1556"/>,<Node id="1557"/> <Node id="1558"/>and<Node id="1561"/> <Node id="1562"/>death<Node id="1567"/>
<Node id="1568"/>	<Node id="1569"/>by<Node id="1571"/> <Node id="1572"/>sin<Node id="1575"/>;<Node id="1576"/> <Node id="1577"/>and<Node id="1580"/> <Node id="1581"/>so<Node id="1583"/> <Node id="1584"/>death<Node id="1589"/> <Node id="1590"/>passed<Node id="1596"/> <Node id="1597"/>upon<Node id="1601"/> <Node id="1602"/>all<Node id="1605"/> <Node id="1606"/>men<Node id="1609"/>,<Node id="1610"/> <Node id="1611"/>for<Node id="1614"/> <Node id="1615"/>that<Node id="1619"/> <Node id="1620"/>all<Node id="1623"/> <Node id="1624"/>have<Node id="1628"/>
<Node id="1629"/>	<Node id="1630"/>sinned<Node id="1636"/>:<Node id="1637"/> <Node id="1638"/>(<Node id="1639"/>For<Node id="1642"/> <Node id="1643"/>until<Node id="1648"/> <Node id="1649"/>the<Node id="1652"/> <Node id="1653"/>law<Node id="1656"/> <Node id="1657"/>sin<Node id="1660"/> <Node id="1661"/>was<Node id="1664"/> <Node id="1665"/>in<Node id="1667"/> <Node id="1668"/>the<Node id="1671"/> <Node id="1672"/>world<Node id="1677"/>:<Node id="1678"/> <Node id="1679"/>but<Node id="1682"/> <Node id="1683"/>sin<Node id="1686"/> <Node id="1687"/>is<Node id="1689"/> <Node id="1690"/>not<Node id="1693"/>
<Node id="1694"/>	<Node id="1695"/>imputed<Node id="1702"/> <Node id="1703"/>when<Node id="1707"/> <Node id="1708"/>there<Node id="1713"/> <Node id="1714"/>is<Node id="1716"/> <Node id="1717"/>no<Node id="1719"/> <Node id="1720"/>law<Node id="1723"/>.<Node id="1724"/> <Node id="1725"/> <Node id="1726"/>Nevertheless<Node id="1738"/> <Node id="1739"/>death<Node id="1744"/> <Node id="1745"/>reigned<Node id="1752"/> <Node id="1753"/>from<Node id="1757"/>
<Node id="1758"/>	<Node id="1759"/>Adam<Node id="1763"/> <Node id="1764"/>to<Node id="1766"/> <Node id="1767"/>Moses<Node id="1772"/>,<Node id="1773"/> <Node id="1774"/>even<Node id="1778"/> <Node id="1779"/>over<Node id="1783"/> <Node id="1784"/>them<Node id="1788"/> <Node id="1789"/>that<Node id="1793"/> <Node id="1794"/>had<Node id="1797"/> <Node id="1798"/>not<Node id="1801"/> <Node id="1802"/>sinned<Node id="1808"/> <Node id="1809"/>after<Node id="1814"/> <Node id="1815"/>the<Node id="1818"/>
<Node id="1819"/>	<Node id="1820"/>similitude<Node id="1830"/> <Node id="1831"/>of<Node id="1833"/> <Node id="1834"/>Adam<Node id="1838"/>'s<Node id="1840"/> <Node id="1841"/>transgression<Node id="1854"/>,<Node id="1855"/> <Node id="1856"/>who<Node id="1859"/> <Node id="1860"/>is<Node id="1862"/> <Node id="1863"/>the<Node id="1866"/> <Node id="1867"/>figure<Node id="1873"/> <Node id="1874"/>of<Node id="1876"/> <Node id="1877"/>him<Node id="1880"/>
<Node id="1881"/>	<Node id="1882"/>that<Node id="1886"/> <Node id="1887"/>was<Node id="1890"/> <Node id="1891"/>to<Node id="1893"/> <Node id="1894"/>come<Node id="1898"/>.<Node id="1899"/>"<Node id="1900"/>
<Node id="1901"/>
<Node id="1902"/>	<Node id="1903"/>1<Node id="1904"/> <Node id="1905"/>Corinthians<Node id="1916"/> <Node id="1917"/>15<Node id="1919"/>:<Node id="1920"/>22<Node id="1922"/>:<Node id="1923"/>
<Node id="1924"/>
<Node id="1925"/>	<Node id="1926"/>"<Node id="1927"/>For<Node id="1930"/> <Node id="1931"/>as<Node id="1933"/> <Node id="1934"/>in<Node id="1936"/> <Node id="1937"/>Adam<Node id="1941"/> <Node id="1942"/>all<Node id="1945"/> <Node id="1946"/>die<Node id="1949"/>,<Node id="1950"/> <Node id="1951"/>even<Node id="1955"/> <Node id="1956"/>so<Node id="1958"/> <Node id="1959"/>in<Node id="1961"/> <Node id="1962"/>Christ<Node id="1968"/> <Node id="1969"/>shall<Node id="1974"/> <Node id="1975"/>all<Node id="1978"/> <Node id="1979"/>be<Node id="1981"/> <Node id="1982"/>made<Node id="1986"/>
<Node id="1987"/>	<Node id="1988"/>alive<Node id="1993"/>.<Node id="1994"/>"<Node id="1995"/>
<Node id="1996"/>
<Node id="1997"/>-<Node id="1998"/>	<Node id="1999"/>-<Node id="2000"/>	<Node id="2001"/>-<Node id="2002"/>	<Node id="2003"/>-<Node id="2004"/>	<Node id="2005"/>-<Node id="2006"/>	<Node id="2007"/>-<Node id="2008"/>	<Node id="2009"/>-<Node id="2010"/>	<Node id="2011"/>-<Node id="2012"/>	<Node id="2013"/>-<Node id="2014"/>	<Node id="2015"/>-<Node id="2016"/>
<Node id="2017"/>Steve<Node id="2022"/> <Node id="2023"/>Creps<Node id="2028"/>,<Node id="2029"/> <Node id="2030"/>Indiana<Node id="2037"/> <Node id="2038"/>University<Node id="2048"/>
<Node id="2049"/>creps<Node id="2054"/>@<Node id="2055"/>lateran<Node id="2062"/>.<Node id="2063"/>ucs<Node id="2066"/>.<Node id="2067"/>indiana<Node id="2074"/>.<Node id="2075"/>edu<Node id="2078"/>
<Node id="2079"/></TextWithNodes>
<!-- The default annotation set -->

<AnnotationSet>
<Annotation EndNode="2079" StartNode="0" Type="Mention" Id="9999999">
<Feature>
<Name classname="java.lang.String">Class</Name>
<Value classname="java.lang.String">0</Value>
</Feature>
</Annotation>

<Annotation Id="5" Type="Token" StartNode="12" EndNode="19">
<Feature>
  <Name className="java.lang.String">string</Name>
  <Value className="java.lang.String">lateran</Value>
</Feature>
</Annotation>
<Annotation Id="9" Type="Token" StartNode="24" EndNode="31">
<Feature>
  <Name className="java.lang.String">string</Name>
  <Value className="java.lang.String">indiana</Value>
</Feature>
</Annotation>
<Annotation Id="14" Type="Token" StartNode="37" EndNode="44">
<Feature>
  <Name className="java.lang.String">string</Name>
  <Value className="java.lang.String">Stephen</Value>
</Feature>
</Annotation>
<Annotation Id="22" Type="Token" StartNode="55" EndNode="63">
<Feature>
  <Name className="java.lang.String">string</Name>
  <Value className="java.lang.String">Message-</Value>
</Feature>
</Annotation>
<Annotation Id="43" Type="Token" StartNode="101" EndNode="108">
<Feature>
  <Name className="java.lang.String">string</Name>
  <Value className="java.lang.String">rutgers</Value>
</Feature>
</Annotation>
<Annotation Id="41" Type="Token" StartNode="94" EndNode="100">
<Feature>
  <Name className="java.lang.String">string</Name>
  <Value className="java.lang.String">geneva</Value>
</Feature>
</Annotation>
<Annotation Id="68" Type="Token" StartNode="151" EndNode="158">
<Feature>
  <Name className="java.lang.String">string</Name>
  <Value className="java.lang.String">hedrick</Value>
</Feature>
</Annotation>
<Annotation Id="70" Type="Token" StartNode="159" EndNode="165">
<Feature>
  <Name className="java.lang.String">string</Name>
  <Value className="java.lang.String">geneva</Value>
</Feature>
</Annotation>
<Annotation Id="65" Type="Token" StartNode="143" EndNode="149">
<Feature>
  <Name className="java.lang.String">string</Name>
  <Value className="java.lang.String">Sender</Value>
</Feature>
</Annotation>
<Annotation Id="76" Type="Token" StartNode="178" EndNode="190">
<Feature>
  <Name className="java.lang.String">string</Name>
  <Value className="java.lang.String">Organization</Value>
</Feature>
</Annotation>
<Annotation Id="79" Type="Token" StartNode="192" EndNode="199">
<Feature>
  <Name className="java.lang.String">string</Name>
  <Value className="java.lang.String">Indiana</Value>
</Feature>
</Annotation>
<Annotation Id="72" Type="Token" StartNode="166" EndNode="173">
<Feature>
  <Name className="java.lang.String">string</Name>
  <Value className="java.lang.String">rutgers</Value>
</Feature>
</Annotation>
<Annotation Id="81" Type="Token" StartNode="200" EndNode="210">
<Feature>
  <Name className="java.lang.String">string</Name>
  <Value className="java.lang.String">University</Value>
</Feature>
</Annotation>
<Annotation Id="93" Type="Token" StartNode="241" EndNode="247">
<Feature>
  <Name className="java.lang.String">string</Name>
  <Value className="java.lang.String">aramis</Value>
</Feature>
</Annotation>
<Annotation Id="95" Type="Token" StartNode="248" EndNode="255">
<Feature>
  <Name className="java.lang.String">string</Name>
  <Value className="java.lang.String">rutgers</Value>
</Feature>
</Annotation>
<Annotation Id="88" Type="Token" StartNode="221" EndNode="229">
<Feature>
  <Name className="java.lang.String">string</Name>
  <Value className="java.lang.String">Approved</Value>
</Feature>
</Annotation>
<Annotation Id="91" Type="Token" StartNode="231" EndNode="240">
<Feature>
  <Name className="java.lang.String">string</Name>
  <Value className="java.lang.String">christian</Value>
</Feature>
</Annotation>
<Annotation Id="102" Type="Token" StartNode="264" EndNode="271">
<Feature>
  <Name className="java.lang.String">string</Name>
  <Value className="java.lang.String">article</Value>
</Feature>
</Annotation>
<Annotation Id="126" Type="Token" StartNode="319" EndNode="325">
<Feature>
  <Name className="java.lang.String">string</Name>
  <Value className="java.lang.String">Eugene</Value>
</Feature>
</Annotation>
<Annotation Id="121" Type="Token" StartNode="306" EndNode="313">
<Feature>
  <Name className="java.lang.String">string</Name>
  <Value className="java.lang.String">rutgers</Value>
</Feature>
</Annotation>
<Annotation Id="136" Type="Token" StartNode="347" EndNode="353">
<Feature>
  <Name className="java.lang.String">string</Name>
  <Value className="java.lang.String">writes</Value>
</Feature>
</Annotation>
<Annotation Id="128" Type="Token" StartNode="326" EndNode="333">
<Feature>
  <Name className="java.lang.String">string</Name>
  <Value className="java.lang.String">Bigelow</Value>
</Feature>
</Annotation>
<Annotation Id="157" Type="Token" StartNode="390" EndNode="396">
<Feature>
  <Name className="java.lang.String">string</Name>
  <Value className="java.lang.String">invent</Value>
</Feature>
</Annotation>
<Annotation Id="159" Type="Token" StartNode="397" EndNode="405">
<Feature>
  <Name className="java.lang.String">string</Name>
  <Value className="java.lang.String">original</Value>
</Feature>
</Annotation>
<Annotation Id="145" Type="Token" StartNode="363" EndNode="372">
<Feature>
  <Name className="java.lang.String">string</Name>
  <Value className="java.lang.String">Augustine</Value>
</Feature>
</Annotation>
<Annotation Id="169" Type="Token" StartNode="422" EndNode="430">
<Feature>
  <Name className="java.lang.String">string</Name>
  <Value className="java.lang.String">Catholic</Value>
</Feature>
</Annotation>
<Annotation Id="177" Type="Token" StartNode="448" EndNode="455">
<Feature>
  <Name className="java.lang.String">string</Name>
  <Value className="java.lang.String">ancient</Value>
</Feature>
</Annotation>
<Annotation Id="205" Type="Token" StartNode="507" EndNode="515">
<Feature>
  <Name className="java.lang.String">string</Name>
  <Value className="java.lang.String">follower</Value>
</Feature>
</Annotation>
<Annotation Id="194" Type="Token" StartNode="484" EndNode="491">
<Feature>
  <Name className="java.lang.String">string</Name>
  <Value className="java.lang.String">without</Value>
</Feature>
</Annotation>
<Annotation Id="221" Type="Token" StartNode="539" EndNode="546">
<Feature>
  <Name className="java.lang.String">string</Name>
  <Value className="java.lang.String">nuptiis</Value>
</Feature>
</Annotation>
<Annotation Id="213" Type="Token" StartNode="525" EndNode="531">
<Feature>
  <Name className="java.lang.String">string</Name>
  <Value className="java.lang.String">heresy</Value>
</Feature>
</Annotation>
<Annotation Id="248" Type="Token" StartNode="584" EndNode="590">
<Feature>
  <Name className="java.lang.String">string</Name>
  <Value className="java.lang.String">punish</Value>
</Feature>
</Annotation>
<Annotation Id="281" Type="Token" StartNode="659" EndNode="666">
<Feature>
  <Name className="java.lang.String">string</Name>
  <Value className="java.lang.String">Suppose</Value>
</Feature>
</Annotation>
<Annotation Id="287" Type="Token" StartNode="680" EndNode="689">
<Feature>
  <Name className="java.lang.String">string</Name>
  <Value className="java.lang.String">committed</Value>
</Feature>
</Annotation>
<Annotation Id="285" Type="Token" StartNode="672" EndNode="679">
<Feature>
  <Name className="java.lang.String">string</Name>
  <Value className="java.lang.String">parents</Value>
</Feature>
</Annotation>
<Annotation Id="263" Type="Token" StartNode="615" EndNode="623">
<Feature>
  <Name className="java.lang.String">string</Name>
  <Value className="java.lang.String">humanity</Value>
</Feature>
</Annotation>
<Annotation Id="265" Type="Token" StartNode="624" EndNode="631">
<Feature>
  <Name className="java.lang.String">string</Name>
  <Value className="java.lang.String">because</Value>
</Feature>
</Annotation>
<Annotation Id="293" Type="Token" StartNode="701" EndNode="707">
<Feature>
  <Name className="java.lang.String">string</Name>
  <Value className="java.lang.String">before</Value>
</Feature>
</Annotation>
<Annotation Id="340" Type="Token" StartNode="803" EndNode="809">
<Feature>
  <Name className="java.lang.String">string</Name>
  <Value className="java.lang.String">really</Value>
</Feature>
</Annotation>
<Annotation Id="401" Type="Token" StartNode="926" EndNode="932">
<Feature>
  <Name className="java.lang.String">string</Name>
  <Value className="java.lang.String">affect</Value>
</Feature>
</Annotation>
<Annotation Id="407" Type="Token" StartNode="942" EndNode="948">
<Feature>
  <Name className="java.lang.String">string</Name>
  <Value className="java.lang.String">sinner</Value>
</Feature>
</Annotation>
<Annotation Id="435" Type="Token" StartNode="997" EndNode="1003">
<Feature>
  <Name className="java.lang.String">string</Name>
  <Value className="java.lang.String">Heaven</Value>
</Feature>
</Annotation>
<Annotation Id="479" Type="Token" StartNode="1091" EndNode="1099">
<Feature>
  <Name className="java.lang.String">string</Name>
  <Value className="java.lang.String">argument</Value>
</Feature>
</Annotation>
<Annotation Id="474" Type="Token" StartNode="1078" EndNode="1084">
<Feature>
  <Name className="java.lang.String">string</Name>
  <Value className="java.lang.String">Anyway</Value>
</Feature>
</Annotation>
<Annotation Id="468" Type="Token" StartNode="1062" EndNode="1069">
<Feature>
  <Name className="java.lang.String">string</Name>
  <Value className="java.lang.String">sinless</Value>
</Feature>
</Annotation>
<Annotation Id="453" Type="Token" StartNode="1030" EndNode="1036">
<Feature>
  <Name className="java.lang.String">string</Name>
  <Value className="java.lang.String">Heaven</Value>
</Feature>
</Annotation>
<Annotation Id="504" Type="Token" StartNode="1140" EndNode="1149">
<Feature>
  <Name className="java.lang.String">string</Name>
  <Value className="java.lang.String">certainly</Value>
</Feature>
</Annotation>
<Annotation Id="487" Type="Token" StartNode="1112" EndNode="1118">
<Feature>
  <Name className="java.lang.String">string</Name>
  <Value className="java.lang.String">saying</Value>
</Feature>
</Annotation>
<Annotation Id="556" Type="Token" StartNode="1250" EndNode="1258">
<Feature>
  <Name className="java.lang.String">string</Name>
  <Value className="java.lang.String">thoughts</Value>
</Feature>
</Annotation>
<Annotation Id="567" Type="Token" StartNode="1282" EndNode="1289">
<Feature>
  <Name className="java.lang.String">string</Name>
  <Value className="java.lang.String">neither</Value>
</Feature>
</Annotation>
<Annotation Id="564" Type="Token" StartNode="1272" EndNode="1280">
<Feature>
  <Name className="java.lang.String">string</Name>
  <Value className="java.lang.String">thoughts</Value>
</Feature>
</Annotation>
<Annotation Id="519" Type="Token" StartNode="1179" EndNode="1188">
<Feature>
  <Name className="java.lang.String">string</Name>
  <Value className="java.lang.String">therefore</Value>
</Feature>
</Annotation>
<Annotation Id="512" Type="Token" StartNode="1162" EndNode="1168">
<Feature>
  <Name className="java.lang.String">string</Name>
  <Value className="java.lang.String">things</Value>
</Feature>
</Annotation>
<Annotation Id="530" Type="Token" StartNode="1205" EndNode="1211">
<Feature>
  <Name className="java.lang.String">string</Name>
  <Value className="java.lang.String">things</Value>
</Feature>
</Annotation>
<Annotation Id="540" Type="Token" StartNode="1225" EndNode="1231">
<Feature>
  <Name className="java.lang.String">string</Name>
  <Value className="java.lang.String">Isaiah</Value>
</Feature>
</Annotation>
<Annotation Id="617" Type="Token" StartNode="1393" EndNode="1399">
<Feature>
  <Name className="java.lang.String">string</Name>
  <Value className="java.lang.String">higher</Value>
</Feature>
</Annotation>
<Annotation Id="630" Type="Token" StartNode="1423" EndNode="1431">
<Feature>
  <Name className="java.lang.String">string</Name>
  <Value className="java.lang.String">thoughts</Value>
</Feature>
</Annotation>
<Annotation Id="637" Type="Token" StartNode="1443" EndNode="1451">
<Feature>
  <Name className="java.lang.String">string</Name>
  <Value className="java.lang.String">thoughts</Value>
</Feature>
</Annotation>
<Annotation Id="595" Type="Token" StartNode="1342" EndNode="1349">
<Feature>
  <Name className="java.lang.String">string</Name>
  <Value className="java.lang.String">heavens</Value>
</Feature>
</Annotation>
<Annotation Id="599" Type="Token" StartNode="1354" EndNode="1360">
<Feature>
  <Name className="java.lang.String">string</Name>
  <Value className="java.lang.String">higher</Value>
</Feature>
</Annotation>
<Annotation Id="681" Type="Token" StartNode="1534" EndNode="1541">
<Feature>
  <Name className="java.lang.String">string</Name>
  <Value className="java.lang.String">entered</Value>
</Feature>
</Annotation>
<Annotation Id="651" Type="Token" StartNode="1474" EndNode="1482">
<Feature>
  <Name className="java.lang.String">string</Name>
  <Value className="java.lang.String">biblical</Value>
</Feature>
</Annotation>
<Annotation Id="645" Type="Token" StartNode="1458" EndNode="1466">
<Feature>
  <Name className="java.lang.String">string</Name>
  <Value className="java.lang.String">Original</Value>
</Feature>
</Annotation>
<Annotation Id="668" Type="Token" StartNode="1505" EndNode="1514">
<Feature>
  <Name className="java.lang.String">string</Name>
  <Value className="java.lang.String">Wherefore</Value>
</Feature>
</Annotation>
<Annotation Id="656" Type="Token" StartNode="1486" EndNode="1492">
<Feature>
  <Name className="java.lang.String">string</Name>
  <Value className="java.lang.String">Romans</Value>
</Feature>
</Annotation>
<Annotation Id="756" Type="Token" StartNode="1695" EndNode="1702">
<Feature>
  <Name className="java.lang.String">string</Name>
  <Value className="java.lang.String">imputed</Value>
</Feature>
</Annotation>
<Annotation Id="706" Type="Token" StartNode="1590" EndNode="1596">
<Feature>
  <Name className="java.lang.String">string</Name>
  <Value className="java.lang.String">passed</Value>
</Feature>
</Annotation>
<Annotation Id="724" Type="Token" StartNode="1630" EndNode="1636">
<Feature>
  <Name className="java.lang.String">string</Name>
  <Value className="java.lang.String">sinned</Value>
</Feature>
</Annotation>
<Annotation Id="822" Type="Token" StartNode="1867" EndNode="1873">
<Feature>
  <Name className="java.lang.String">string</Name>
  <Value className="java.lang.String">figure</Value>
</Feature>
</Annotation>
<Annotation Id="805" Type="Token" StartNode="1820" EndNode="1830">
<Feature>
  <Name className="java.lang.String">string</Name>
  <Value className="java.lang.String">similitude</Value>
</Feature>
</Annotation>
<Annotation Id="813" Type="Token" StartNode="1841" EndNode="1854">
<Feature>
  <Name className="java.lang.String">string</Name>
  <Value className="java.lang.String">transgression</Value>
</Feature>
</Annotation>
<Annotation Id="798" Type="Token" StartNode="1802" EndNode="1808">
<Feature>
  <Name className="java.lang.String">string</Name>
  <Value className="java.lang.String">sinned</Value>
</Feature>
</Annotation>
<Annotation Id="774" Type="Token" StartNode="1745" EndNode="1752">
<Feature>
  <Name className="java.lang.String">string</Name>
  <Value className="java.lang.String">reigned</Value>
</Feature>
</Annotation>
<Annotation Id="770" Type="Token" StartNode="1726" EndNode="1738">
<Feature>
  <Name className="java.lang.String">string</Name>
  <Value className="java.lang.String">Nevertheless</Value>
</Feature>
</Annotation>
<Annotation Id="872" Type="Token" StartNode="1962" EndNode="1968">
<Feature>
  <Name className="java.lang.String">string</Name>
  <Value className="java.lang.String">Christ</Value>
</Feature>
</Annotation>
<Annotation Id="843" Type="Token" StartNode="1905" EndNode="1916">
<Feature>
  <Name className="java.lang.String">string</Name>
  <Value className="java.lang.String">Corinthians</Value>
</Feature>
</Annotation>
<Annotation Id="923" Type="Token" StartNode="2067" EndNode="2074">
<Feature>
  <Name className="java.lang.String">string</Name>
  <Value className="java.lang.String">indiana</Value>
</Feature>
</Annotation>
<Annotation Id="919" Type="Token" StartNode="2055" EndNode="2062">
<Feature>
  <Name className="java.lang.String">string</Name>
  <Value className="java.lang.String">lateran</Value>
</Feature>
</Annotation>
<Annotation Id="915" Type="Token" StartNode="2038" EndNode="2048">
<Feature>
  <Name className="java.lang.String">string</Name>
  <Value className="java.lang.String">University</Value>
</Feature>
</Annotation>
<Annotation Id="913" Type="Token" StartNode="2030" EndNode="2037">
<Feature>
  <Name className="java.lang.String">string</Name>
  <Value className="java.lang.String">Indiana</Value>
</Feature>
</Annotation>
</AnnotationSet>
<AnnotationSet Name="Original markups"> </AnnotationSet>
</GateDocument>