<?xml version='1.0' encoding='UTF-8'?>
<GateDocument version="3">
<!-- The document's features-->

<GateDocumentFeatures>
<Feature>
  <Name className="java.lang.String">Original_document_content_on_load</Name>
  <Value className="java.lang.String">From: tbrent@ecn.purdue.edu (Timothy J Brent)
Message-ID: &lt;Apr.23.02.55.31.1993.3123@geneva.rutgers.edu>
Date: 23 Apr 93 06:55:31 GMT
Sender: hedrick@geneva.rutgers.edu
Organization: Purdue University Engineering Computer Network
Lines: 12
Approved: christian@aramis.rutgers.edu

I have stated before that I do not consider myself an atheist, but 
definitely do not believe in the christian god.  The recent discussion
about atheists and hell, combined with a post to another group (to the
effect of 'you will all go to hell') has me interested in the consensus 
as to how a god might judge men.  As a catholic, I was told that a jew,
buddhist, etc. might go to heaven, but obviously some people do not
believe this.  Even more see atheists and pagans (I assume I would be 
lumped into this category) to be hellbound.  I know you believe only
god can judge, and I do not ask you to, just for your opinions.

Thanks,
-Tim
</Value>
</Feature>
<Feature>
  <Name className="java.lang.String">gate.SourceURL</Name>
  <Value className="java.lang.String">file:/C:/Users/jian/Documents/NetBeansProjects/NoiseReductionTechniques/mideastPoliticsMix/negative158</Value>
</Feature>
</GateDocumentFeatures>
<!-- The document content area with serialized nodes -->

<TextWithNodes><Node id="0"/>From<Node id="4"/>:<Node id="5"/> <Node id="6"/>tbrent<Node id="12"/>@<Node id="13"/>ecn<Node id="16"/>.<Node id="17"/>purdue<Node id="23"/>.<Node id="24"/>edu<Node id="27"/> <Node id="28"/>(<Node id="29"/>Timothy<Node id="36"/> <Node id="37"/>J<Node id="38"/> <Node id="39"/>Brent<Node id="44"/>)<Node id="45"/>
<Node id="46"/>Message-<Node id="54"/>ID<Node id="56"/>:<Node id="57"/> <Node id="58"/>&lt;<Node id="59"/>Apr<Node id="62"/>.<Node id="63"/>23<Node id="65"/>.<Node id="66"/>02<Node id="68"/>.<Node id="69"/>55<Node id="71"/>.<Node id="72"/>31<Node id="74"/>.<Node id="75"/>1993<Node id="79"/>.<Node id="80"/>3123<Node id="84"/>@<Node id="85"/>geneva<Node id="91"/>.<Node id="92"/>rutgers<Node id="99"/>.<Node id="100"/>edu<Node id="103"/>&gt;<Node id="104"/>
<Node id="105"/>Date<Node id="109"/>:<Node id="110"/> <Node id="111"/>23<Node id="113"/> <Node id="114"/>Apr<Node id="117"/> <Node id="118"/>93<Node id="120"/> <Node id="121"/>06<Node id="123"/>:<Node id="124"/>55<Node id="126"/>:<Node id="127"/>31<Node id="129"/> <Node id="130"/>GMT<Node id="133"/>
<Node id="134"/>Sender<Node id="140"/>:<Node id="141"/> <Node id="142"/>hedrick<Node id="149"/>@<Node id="150"/>geneva<Node id="156"/>.<Node id="157"/>rutgers<Node id="164"/>.<Node id="165"/>edu<Node id="168"/>
<Node id="169"/>Organization<Node id="181"/>:<Node id="182"/> <Node id="183"/>Purdue<Node id="189"/> <Node id="190"/>University<Node id="200"/> <Node id="201"/>Engineering<Node id="212"/> <Node id="213"/>Computer<Node id="221"/> <Node id="222"/>Network<Node id="229"/>
<Node id="230"/>Lines<Node id="235"/>:<Node id="236"/> <Node id="237"/>12<Node id="239"/>
<Node id="240"/>Approved<Node id="248"/>:<Node id="249"/> <Node id="250"/>christian<Node id="259"/>@<Node id="260"/>aramis<Node id="266"/>.<Node id="267"/>rutgers<Node id="274"/>.<Node id="275"/>edu<Node id="278"/>
<Node id="279"/>
<Node id="280"/>I<Node id="281"/> <Node id="282"/>have<Node id="286"/> <Node id="287"/>stated<Node id="293"/> <Node id="294"/>before<Node id="300"/> <Node id="301"/>that<Node id="305"/> <Node id="306"/>I<Node id="307"/> <Node id="308"/>do<Node id="310"/> <Node id="311"/>not<Node id="314"/> <Node id="315"/>consider<Node id="323"/> <Node id="324"/>myself<Node id="330"/> <Node id="331"/>an<Node id="333"/> <Node id="334"/>atheist<Node id="341"/>,<Node id="342"/> <Node id="343"/>but<Node id="346"/> <Node id="347"/>
<Node id="348"/>definitely<Node id="358"/> <Node id="359"/>do<Node id="361"/> <Node id="362"/>not<Node id="365"/> <Node id="366"/>believe<Node id="373"/> <Node id="374"/>in<Node id="376"/> <Node id="377"/>the<Node id="380"/> <Node id="381"/>christian<Node id="390"/> <Node id="391"/>god<Node id="394"/>.<Node id="395"/> <Node id="396"/> <Node id="397"/>The<Node id="400"/> <Node id="401"/>recent<Node id="407"/> <Node id="408"/>discussion<Node id="418"/>
<Node id="419"/>about<Node id="424"/> <Node id="425"/>atheists<Node id="433"/> <Node id="434"/>and<Node id="437"/> <Node id="438"/>hell<Node id="442"/>,<Node id="443"/> <Node id="444"/>combined<Node id="452"/> <Node id="453"/>with<Node id="457"/> <Node id="458"/>a<Node id="459"/> <Node id="460"/>post<Node id="464"/> <Node id="465"/>to<Node id="467"/> <Node id="468"/>another<Node id="475"/> <Node id="476"/>group<Node id="481"/> <Node id="482"/>(<Node id="483"/>to<Node id="485"/> <Node id="486"/>the<Node id="489"/>
<Node id="490"/>effect<Node id="496"/> <Node id="497"/>of<Node id="499"/> <Node id="500"/>'<Node id="501"/>you<Node id="504"/> <Node id="505"/>will<Node id="509"/> <Node id="510"/>all<Node id="513"/> <Node id="514"/>go<Node id="516"/> <Node id="517"/>to<Node id="519"/> <Node id="520"/>hell<Node id="524"/>'<Node id="525"/>)<Node id="526"/> <Node id="527"/>has<Node id="530"/> <Node id="531"/>me<Node id="533"/> <Node id="534"/>interested<Node id="544"/> <Node id="545"/>in<Node id="547"/> <Node id="548"/>the<Node id="551"/> <Node id="552"/>consensus<Node id="561"/> <Node id="562"/>
<Node id="563"/>as<Node id="565"/> <Node id="566"/>to<Node id="568"/> <Node id="569"/>how<Node id="572"/> <Node id="573"/>a<Node id="574"/> <Node id="575"/>god<Node id="578"/> <Node id="579"/>might<Node id="584"/> <Node id="585"/>judge<Node id="590"/> <Node id="591"/>men<Node id="594"/>.<Node id="595"/> <Node id="596"/> <Node id="597"/>As<Node id="599"/> <Node id="600"/>a<Node id="601"/> <Node id="602"/>catholic<Node id="610"/>,<Node id="611"/> <Node id="612"/>I<Node id="613"/> <Node id="614"/>was<Node id="617"/> <Node id="618"/>told<Node id="622"/> <Node id="623"/>that<Node id="627"/> <Node id="628"/>a<Node id="629"/> <Node id="630"/>jew<Node id="633"/>,<Node id="634"/>
<Node id="635"/>buddhist<Node id="643"/>,<Node id="644"/> <Node id="645"/>etc<Node id="648"/>.<Node id="649"/> <Node id="650"/>might<Node id="655"/> <Node id="656"/>go<Node id="658"/> <Node id="659"/>to<Node id="661"/> <Node id="662"/>heaven<Node id="668"/>,<Node id="669"/> <Node id="670"/>but<Node id="673"/> <Node id="674"/>obviously<Node id="683"/> <Node id="684"/>some<Node id="688"/> <Node id="689"/>people<Node id="695"/> <Node id="696"/>do<Node id="698"/> <Node id="699"/>not<Node id="702"/>
<Node id="703"/>believe<Node id="710"/> <Node id="711"/>this<Node id="715"/>.<Node id="716"/> <Node id="717"/> <Node id="718"/>Even<Node id="722"/> <Node id="723"/>more<Node id="727"/> <Node id="728"/>see<Node id="731"/> <Node id="732"/>atheists<Node id="740"/> <Node id="741"/>and<Node id="744"/> <Node id="745"/>pagans<Node id="751"/> <Node id="752"/>(<Node id="753"/>I<Node id="754"/> <Node id="755"/>assume<Node id="761"/> <Node id="762"/>I<Node id="763"/> <Node id="764"/>would<Node id="769"/> <Node id="770"/>be<Node id="772"/> <Node id="773"/>
<Node id="774"/>lumped<Node id="780"/> <Node id="781"/>into<Node id="785"/> <Node id="786"/>this<Node id="790"/> <Node id="791"/>category<Node id="799"/>)<Node id="800"/> <Node id="801"/>to<Node id="803"/> <Node id="804"/>be<Node id="806"/> <Node id="807"/>hellbound<Node id="816"/>.<Node id="817"/> <Node id="818"/> <Node id="819"/>I<Node id="820"/> <Node id="821"/>know<Node id="825"/> <Node id="826"/>you<Node id="829"/> <Node id="830"/>believe<Node id="837"/> <Node id="838"/>only<Node id="842"/>
<Node id="843"/>god<Node id="846"/> <Node id="847"/>can<Node id="850"/> <Node id="851"/>judge<Node id="856"/>,<Node id="857"/> <Node id="858"/>and<Node id="861"/> <Node id="862"/>I<Node id="863"/> <Node id="864"/>do<Node id="866"/> <Node id="867"/>not<Node id="870"/> <Node id="871"/>ask<Node id="874"/> <Node id="875"/>you<Node id="878"/> <Node id="879"/>to<Node id="881"/>,<Node id="882"/> <Node id="883"/>just<Node id="887"/> <Node id="888"/>for<Node id="891"/> <Node id="892"/>your<Node id="896"/> <Node id="897"/>opinions<Node id="905"/>.<Node id="906"/>
<Node id="907"/>
<Node id="908"/>Thanks<Node id="914"/>,<Node id="915"/>
<Node id="916"/>-<Node id="917"/>Tim<Node id="920"/>
<Node id="921"/></TextWithNodes>
<!-- The default annotation set -->

<AnnotationSet>
<Annotation EndNode="921" StartNode="0" Type="Mention" Id="9999999">
<Feature>
<Name classname="java.lang.String">Class</Name>
<Value classname="java.lang.String">0</Value>
</Feature>
</Annotation>

<Annotation Id="3" Type="Token" StartNode="6" EndNode="12">
<Feature>
  <Name className="java.lang.String">string</Name>
  <Value className="java.lang.String">tbrent</Value>
</Feature>
</Annotation>
<Annotation Id="7" Type="Token" StartNode="17" EndNode="23">
<Feature>
  <Name className="java.lang.String">string</Name>
  <Value className="java.lang.String">purdue</Value>
</Feature>
</Annotation>
<Annotation Id="12" Type="Token" StartNode="29" EndNode="36">
<Feature>
  <Name className="java.lang.String">string</Name>
  <Value className="java.lang.String">Timothy</Value>
</Feature>
</Annotation>
<Annotation Id="19" Type="Token" StartNode="46" EndNode="54">
<Feature>
  <Name className="java.lang.String">string</Name>
  <Value className="java.lang.String">Message-</Value>
</Feature>
</Annotation>
<Annotation Id="38" Type="Token" StartNode="85" EndNode="91">
<Feature>
  <Name className="java.lang.String">string</Name>
  <Value className="java.lang.String">geneva</Value>
</Feature>
</Annotation>
<Annotation Id="40" Type="Token" StartNode="92" EndNode="99">
<Feature>
  <Name className="java.lang.String">string</Name>
  <Value className="java.lang.String">rutgers</Value>
</Feature>
</Annotation>
<Annotation Id="62" Type="Token" StartNode="134" EndNode="140">
<Feature>
  <Name className="java.lang.String">string</Name>
  <Value className="java.lang.String">Sender</Value>
</Feature>
</Annotation>
<Annotation Id="69" Type="Token" StartNode="157" EndNode="164">
<Feature>
  <Name className="java.lang.String">string</Name>
  <Value className="java.lang.String">rutgers</Value>
</Feature>
</Annotation>
<Annotation Id="65" Type="Token" StartNode="142" EndNode="149">
<Feature>
  <Name className="java.lang.String">string</Name>
  <Value className="java.lang.String">hedrick</Value>
</Feature>
</Annotation>
<Annotation Id="67" Type="Token" StartNode="150" EndNode="156">
<Feature>
  <Name className="java.lang.String">string</Name>
  <Value className="java.lang.String">geneva</Value>
</Feature>
</Annotation>
<Annotation Id="76" Type="Token" StartNode="183" EndNode="189">
<Feature>
  <Name className="java.lang.String">string</Name>
  <Value className="java.lang.String">Purdue</Value>
</Feature>
</Annotation>
<Annotation Id="78" Type="Token" StartNode="190" EndNode="200">
<Feature>
  <Name className="java.lang.String">string</Name>
  <Value className="java.lang.String">University</Value>
</Feature>
</Annotation>
<Annotation Id="73" Type="Token" StartNode="169" EndNode="181">
<Feature>
  <Name className="java.lang.String">string</Name>
  <Value className="java.lang.String">Organization</Value>
</Feature>
</Annotation>
<Annotation Id="84" Type="Token" StartNode="222" EndNode="229">
<Feature>
  <Name className="java.lang.String">string</Name>
  <Value className="java.lang.String">Network</Value>
</Feature>
</Annotation>
<Annotation Id="80" Type="Token" StartNode="201" EndNode="212">
<Feature>
  <Name className="java.lang.String">string</Name>
  <Value className="java.lang.String">Engineering</Value>
</Feature>
</Annotation>
<Annotation Id="82" Type="Token" StartNode="213" EndNode="221">
<Feature>
  <Name className="java.lang.String">string</Name>
  <Value className="java.lang.String">Computer</Value>
</Feature>
</Annotation>
<Annotation Id="94" Type="Token" StartNode="250" EndNode="259">
<Feature>
  <Name className="java.lang.String">string</Name>
  <Value className="java.lang.String">christian</Value>
</Feature>
</Annotation>
<Annotation Id="91" Type="Token" StartNode="240" EndNode="248">
<Feature>
  <Name className="java.lang.String">string</Name>
  <Value className="java.lang.String">Approved</Value>
</Feature>
</Annotation>
<Annotation Id="98" Type="Token" StartNode="267" EndNode="274">
<Feature>
  <Name className="java.lang.String">string</Name>
  <Value className="java.lang.String">rutgers</Value>
</Feature>
</Annotation>
<Annotation Id="96" Type="Token" StartNode="260" EndNode="266">
<Feature>
  <Name className="java.lang.String">string</Name>
  <Value className="java.lang.String">aramis</Value>
</Feature>
</Annotation>
<Annotation Id="109" Type="Token" StartNode="294" EndNode="300">
<Feature>
  <Name className="java.lang.String">string</Name>
  <Value className="java.lang.String">before</Value>
</Feature>
</Annotation>
<Annotation Id="107" Type="Token" StartNode="287" EndNode="293">
<Feature>
  <Name className="java.lang.String">string</Name>
  <Value className="java.lang.String">stated</Value>
</Feature>
</Annotation>
<Annotation Id="119" Type="Token" StartNode="315" EndNode="323">
<Feature>
  <Name className="java.lang.String">string</Name>
  <Value className="java.lang.String">consider</Value>
</Feature>
</Annotation>
<Annotation Id="125" Type="Token" StartNode="334" EndNode="341">
<Feature>
  <Name className="java.lang.String">string</Name>
  <Value className="java.lang.String">atheist</Value>
</Feature>
</Annotation>
<Annotation Id="121" Type="Token" StartNode="324" EndNode="330">
<Feature>
  <Name className="java.lang.String">string</Name>
  <Value className="java.lang.String">myself</Value>
</Feature>
</Annotation>
<Annotation Id="137" Type="Token" StartNode="366" EndNode="373">
<Feature>
  <Name className="java.lang.String">string</Name>
  <Value className="java.lang.String">believe</Value>
</Feature>
</Annotation>
<Annotation Id="143" Type="Token" StartNode="381" EndNode="390">
<Feature>
  <Name className="java.lang.String">string</Name>
  <Value className="java.lang.String">christian</Value>
</Feature>
</Annotation>
<Annotation Id="131" Type="Token" StartNode="348" EndNode="358">
<Feature>
  <Name className="java.lang.String">string</Name>
  <Value className="java.lang.String">definitely</Value>
</Feature>
</Annotation>
<Annotation Id="153" Type="Token" StartNode="408" EndNode="418">
<Feature>
  <Name className="java.lang.String">string</Name>
  <Value className="java.lang.String">discussion</Value>
</Feature>
</Annotation>
<Annotation Id="157" Type="Token" StartNode="425" EndNode="433">
<Feature>
  <Name className="java.lang.String">string</Name>
  <Value className="java.lang.String">atheists</Value>
</Feature>
</Annotation>
<Annotation Id="151" Type="Token" StartNode="401" EndNode="407">
<Feature>
  <Name className="java.lang.String">string</Name>
  <Value className="java.lang.String">recent</Value>
</Feature>
</Annotation>
<Annotation Id="174" Type="Token" StartNode="468" EndNode="475">
<Feature>
  <Name className="java.lang.String">string</Name>
  <Value className="java.lang.String">another</Value>
</Feature>
</Annotation>
<Annotation Id="164" Type="Token" StartNode="444" EndNode="452">
<Feature>
  <Name className="java.lang.String">string</Name>
  <Value className="java.lang.String">combined</Value>
</Feature>
</Annotation>
<Annotation Id="183" Type="Token" StartNode="490" EndNode="496">
<Feature>
  <Name className="java.lang.String">string</Name>
  <Value className="java.lang.String">effect</Value>
</Feature>
</Annotation>
<Annotation Id="206" Type="Token" StartNode="534" EndNode="544">
<Feature>
  <Name className="java.lang.String">string</Name>
  <Value className="java.lang.String">interested</Value>
</Feature>
</Annotation>
<Annotation Id="212" Type="Token" StartNode="552" EndNode="561">
<Feature>
  <Name className="java.lang.String">string</Name>
  <Value className="java.lang.String">consensus</Value>
</Feature>
</Annotation>
<Annotation Id="237" Type="Token" StartNode="602" EndNode="610">
<Feature>
  <Name className="java.lang.String">string</Name>
  <Value className="java.lang.String">catholic</Value>
</Feature>
</Annotation>
<Annotation Id="253" Type="Token" StartNode="635" EndNode="643">
<Feature>
  <Name className="java.lang.String">string</Name>
  <Value className="java.lang.String">buddhist</Value>
</Feature>
</Annotation>
<Annotation Id="274" Type="Token" StartNode="689" EndNode="695">
<Feature>
  <Name className="java.lang.String">string</Name>
  <Value className="java.lang.String">people</Value>
</Feature>
</Annotation>
<Annotation Id="280" Type="Token" StartNode="703" EndNode="710">
<Feature>
  <Name className="java.lang.String">string</Name>
  <Value className="java.lang.String">believe</Value>
</Feature>
</Annotation>
<Annotation Id="265" Type="Token" StartNode="662" EndNode="668">
<Feature>
  <Name className="java.lang.String">string</Name>
  <Value className="java.lang.String">heaven</Value>
</Feature>
</Annotation>
<Annotation Id="270" Type="Token" StartNode="674" EndNode="683">
<Feature>
  <Name className="java.lang.String">string</Name>
  <Value className="java.lang.String">obviously</Value>
</Feature>
</Annotation>
<Annotation Id="310" Type="Token" StartNode="774" EndNode="780">
<Feature>
  <Name className="java.lang.String">string</Name>
  <Value className="java.lang.String">lumped</Value>
</Feature>
</Annotation>
<Annotation Id="316" Type="Token" StartNode="791" EndNode="799">
<Feature>
  <Name className="java.lang.String">string</Name>
  <Value className="java.lang.String">category</Value>
</Feature>
</Annotation>
<Annotation Id="292" Type="Token" StartNode="732" EndNode="740">
<Feature>
  <Name className="java.lang.String">string</Name>
  <Value className="java.lang.String">atheists</Value>
</Feature>
</Annotation>
<Annotation Id="296" Type="Token" StartNode="745" EndNode="751">
<Feature>
  <Name className="java.lang.String">string</Name>
  <Value className="java.lang.String">pagans</Value>
</Feature>
</Annotation>
<Annotation Id="301" Type="Token" StartNode="755" EndNode="761">
<Feature>
  <Name className="java.lang.String">string</Name>
  <Value className="java.lang.String">assume</Value>
</Feature>
</Annotation>
<Annotation Id="323" Type="Token" StartNode="807" EndNode="816">
<Feature>
  <Name className="java.lang.String">string</Name>
  <Value className="java.lang.String">hellbound</Value>
</Feature>
</Annotation>
<Annotation Id="333" Type="Token" StartNode="830" EndNode="837">
<Feature>
  <Name className="java.lang.String">string</Name>
  <Value className="java.lang.String">believe</Value>
</Feature>
</Annotation>
<Annotation Id="369" Type="Token" StartNode="908" EndNode="914">
<Feature>
  <Name className="java.lang.String">string</Name>
  <Value className="java.lang.String">Thanks</Value>
</Feature>
</Annotation>
<Annotation Id="365" Type="Token" StartNode="897" EndNode="905">
<Feature>
  <Name className="java.lang.String">string</Name>
  <Value className="java.lang.String">opinions</Value>
</Feature>
</Annotation>
</AnnotationSet>
<AnnotationSet Name="Original markups"> </AnnotationSet>
</GateDocument>