<?xml version='1.0' encoding='UTF-8'?>
<GateDocument version="3">
<!-- The document's features-->

<GateDocumentFeatures>
<Feature>
  <Name className="java.lang.String">Original_document_content_on_load</Name>
  <Value className="java.lang.String"><![CDATA[From: andy@SAIL.Stanford.EDU (Andy Freeman)
Message-ID: <1993Apr15.165952.25970@CSD-NewsHost.Stanford.EDU>
Sender: news@CSD-NewsHost.Stanford.EDU
Organization: Computer Science Department,  Stanford University.
References: <1qft1f$p74@vela.acs.oakland.edu> <1993Apr14.225910.14964@CSD-NewsHost.Stanford.EDU> <1qibs0$flk@vela.acs.oakland.edu>
Date: Thu, 15 Apr 1993 16:59:52 GMT
Lines: 52

In article <1qibs0$flk@vela.acs.oakland.edu> awesley@vela.acs.oakland.edu (awesley) writes:
>In article <1993Apr14.225910.14964@CSD-NewsHost.Stanford.EDU> andy@SAIL.Stanford.EDU (Andy Freeman) writes:
i]>>Since there was no sniper fire, doing nothing was equally effective,
>>as was yelling "stop that".  Of course, if one wants to credit the
>>tanks with stopping non-existent sniper fire, we might was well credit 
>>it with stopping an invasion by Martians.  
>> 
>>See "Firearms, Violence and Civil Disorders" (from SRI) and "Sniping 
>>Incidents - A New Pattern of Violence" (from Brandeis University's 
>>Lemberg Center for the Study of Violence).
>
>>>>There was precisely ONE
>>>>verified sniper in the 67 riots, a drunk firing a pistol out a window.
>
>Actually, there was only one confirmed sniper to >die< in Detroit,
>according to Sauter & Hines, _Nightmare in Detroit, A Rebellion & It's

What sources did Sauter and Hines use?  In Congressional hearings
later, the newspaper folk admitted that their reports were completely
wrong.  (Some of their excuses are understandable, while others amount
to gross negligence.  Then there's their "we lied".)  As far as I
know, they never did the followup.

>>So?  People other than snipers can shoot firemen.  If they are,
>>shooting at "snipers" can't help.  Blowing big holes in buildings that
>>don't contain "sniper nests" or worrying about travelling "sniper
>>squads" is a complete waste of time.
>
>Interesting.  Just curious, they do you believe that tanks did blow
>big holes in buildings in Detroit 67?

I don't have any relevant knowledge about the counter-sniper tactics
or what the govt did with the big war toys.  That's why I've only
commented on what they couldn't have accomplished, no matter what
they did.

>>Nope - the "sniper" fire was coming from other police/guard positions.
>
>The guard certainly needed to learn.  But I don't agree with the
>idea that there were no snipers at all.  From p. 121 of Sauter & Hines:
>
>     "Despite the force of the National Guard in alliance with the
>Army troops, the snipers did not stop.  The snipers boldly lay siege to the
>Fifth Precent police station and took pot shots at the Seventh.  Firemen
>were under constant harassment from snipers fired from half-closed
>darkened windows in high apartment buildings and from roof-tops."

Not in Detroit, not during the 60s.  That's newspaper copy and they
admitted later that they were wrong.

-andy
--
]]></Value>
</Feature>
<Feature>
  <Name className="java.lang.String">gate.SourceURL</Name>
  <Value className="java.lang.String">file:/C:/Users/jian/Documents/NetBeansProjects/NoiseReductionTechniques/mideastPoliticsMix/negative309</Value>
</Feature>
</GateDocumentFeatures>
<!-- The document content area with serialized nodes -->

<TextWithNodes><Node id="0"/>From<Node id="4"/>:<Node id="5"/> <Node id="6"/>andy<Node id="10"/>@<Node id="11"/>SAIL<Node id="15"/>.<Node id="16"/>Stanford<Node id="24"/>.<Node id="25"/>EDU<Node id="28"/> <Node id="29"/>(<Node id="30"/>Andy<Node id="34"/> <Node id="35"/>Freeman<Node id="42"/>)<Node id="43"/>
<Node id="44"/>Message-<Node id="52"/>ID<Node id="54"/>:<Node id="55"/> <Node id="56"/>&lt;<Node id="57"/>1993<Node id="61"/>Apr<Node id="64"/>15<Node id="66"/>.<Node id="67"/>165952<Node id="73"/>.<Node id="74"/>25970<Node id="79"/>@<Node id="80"/>CSD-NewsHost<Node id="92"/>.<Node id="93"/>Stanford<Node id="101"/>.<Node id="102"/>EDU<Node id="105"/>&gt;<Node id="106"/>
<Node id="107"/>Sender<Node id="113"/>:<Node id="114"/> <Node id="115"/>news<Node id="119"/>@<Node id="120"/>CSD-NewsHost<Node id="132"/>.<Node id="133"/>Stanford<Node id="141"/>.<Node id="142"/>EDU<Node id="145"/>
<Node id="146"/>Organization<Node id="158"/>:<Node id="159"/> <Node id="160"/>Computer<Node id="168"/> <Node id="169"/>Science<Node id="176"/> <Node id="177"/>Department<Node id="187"/>,<Node id="188"/> <Node id="189"/> <Node id="190"/>Stanford<Node id="198"/> <Node id="199"/>University<Node id="209"/>.<Node id="210"/>
<Node id="211"/>References<Node id="221"/>:<Node id="222"/> <Node id="223"/>&lt;<Node id="224"/>1<Node id="225"/>qft<Node id="228"/>1<Node id="229"/>f<Node id="230"/>$<Node id="231"/>p<Node id="232"/>74<Node id="234"/>@<Node id="235"/>vela<Node id="239"/>.<Node id="240"/>acs<Node id="243"/>.<Node id="244"/>oakland<Node id="251"/>.<Node id="252"/>edu<Node id="255"/>&gt;<Node id="256"/> <Node id="257"/>&lt;<Node id="258"/>1993<Node id="262"/>Apr<Node id="265"/>14<Node id="267"/>.<Node id="268"/>225910<Node id="274"/>.<Node id="275"/>14964<Node id="280"/>@<Node id="281"/>CSD-NewsHost<Node id="293"/>.<Node id="294"/>Stanford<Node id="302"/>.<Node id="303"/>EDU<Node id="306"/>&gt;<Node id="307"/> <Node id="308"/>&lt;<Node id="309"/>1<Node id="310"/>qibs<Node id="314"/>0<Node id="315"/>$<Node id="316"/>flk<Node id="319"/>@<Node id="320"/>vela<Node id="324"/>.<Node id="325"/>acs<Node id="328"/>.<Node id="329"/>oakland<Node id="336"/>.<Node id="337"/>edu<Node id="340"/>&gt;<Node id="341"/>
<Node id="342"/>Date<Node id="346"/>:<Node id="347"/> <Node id="348"/>Thu<Node id="351"/>,<Node id="352"/> <Node id="353"/>15<Node id="355"/> <Node id="356"/>Apr<Node id="359"/> <Node id="360"/>1993<Node id="364"/> <Node id="365"/>16<Node id="367"/>:<Node id="368"/>59<Node id="370"/>:<Node id="371"/>52<Node id="373"/> <Node id="374"/>GMT<Node id="377"/>
<Node id="378"/>Lines<Node id="383"/>:<Node id="384"/> <Node id="385"/>52<Node id="387"/>
<Node id="388"/>
<Node id="389"/>In<Node id="391"/> <Node id="392"/>article<Node id="399"/> <Node id="400"/>&lt;<Node id="401"/>1<Node id="402"/>qibs<Node id="406"/>0<Node id="407"/>$<Node id="408"/>flk<Node id="411"/>@<Node id="412"/>vela<Node id="416"/>.<Node id="417"/>acs<Node id="420"/>.<Node id="421"/>oakland<Node id="428"/>.<Node id="429"/>edu<Node id="432"/>&gt;<Node id="433"/> <Node id="434"/>awesley<Node id="441"/>@<Node id="442"/>vela<Node id="446"/>.<Node id="447"/>acs<Node id="450"/>.<Node id="451"/>oakland<Node id="458"/>.<Node id="459"/>edu<Node id="462"/> <Node id="463"/>(<Node id="464"/>awesley<Node id="471"/>)<Node id="472"/> <Node id="473"/>writes<Node id="479"/>:<Node id="480"/>
<Node id="481"/>&gt;<Node id="482"/>In<Node id="484"/> <Node id="485"/>article<Node id="492"/> <Node id="493"/>&lt;<Node id="494"/>1993<Node id="498"/>Apr<Node id="501"/>14<Node id="503"/>.<Node id="504"/>225910<Node id="510"/>.<Node id="511"/>14964<Node id="516"/>@<Node id="517"/>CSD-NewsHost<Node id="529"/>.<Node id="530"/>Stanford<Node id="538"/>.<Node id="539"/>EDU<Node id="542"/>&gt;<Node id="543"/> <Node id="544"/>andy<Node id="548"/>@<Node id="549"/>SAIL<Node id="553"/>.<Node id="554"/>Stanford<Node id="562"/>.<Node id="563"/>EDU<Node id="566"/> <Node id="567"/>(<Node id="568"/>Andy<Node id="572"/> <Node id="573"/>Freeman<Node id="580"/>)<Node id="581"/> <Node id="582"/>writes<Node id="588"/>:<Node id="589"/>
<Node id="590"/>i<Node id="591"/>]<Node id="592"/>&gt;<Node id="593"/>&gt;<Node id="594"/>Since<Node id="599"/> <Node id="600"/>there<Node id="605"/> <Node id="606"/>was<Node id="609"/> <Node id="610"/>no<Node id="612"/> <Node id="613"/>sniper<Node id="619"/> <Node id="620"/>fire<Node id="624"/>,<Node id="625"/> <Node id="626"/>doing<Node id="631"/> <Node id="632"/>nothing<Node id="639"/> <Node id="640"/>was<Node id="643"/> <Node id="644"/>equally<Node id="651"/> <Node id="652"/>effective<Node id="661"/>,<Node id="662"/>
<Node id="663"/>&gt;<Node id="664"/>&gt;<Node id="665"/>as<Node id="667"/> <Node id="668"/>was<Node id="671"/> <Node id="672"/>yelling<Node id="679"/> <Node id="680"/>"<Node id="681"/>stop<Node id="685"/> <Node id="686"/>that<Node id="690"/>"<Node id="691"/>.<Node id="692"/> <Node id="693"/> <Node id="694"/>Of<Node id="696"/> <Node id="697"/>course<Node id="703"/>,<Node id="704"/> <Node id="705"/>if<Node id="707"/> <Node id="708"/>one<Node id="711"/> <Node id="712"/>wants<Node id="717"/> <Node id="718"/>to<Node id="720"/> <Node id="721"/>credit<Node id="727"/> <Node id="728"/>the<Node id="731"/>
<Node id="732"/>&gt;<Node id="733"/>&gt;<Node id="734"/>tanks<Node id="739"/> <Node id="740"/>with<Node id="744"/> <Node id="745"/>stopping<Node id="753"/> <Node id="754"/>non-existent<Node id="766"/> <Node id="767"/>sniper<Node id="773"/> <Node id="774"/>fire<Node id="778"/>,<Node id="779"/> <Node id="780"/>we<Node id="782"/> <Node id="783"/>might<Node id="788"/> <Node id="789"/>was<Node id="792"/> <Node id="793"/>well<Node id="797"/> <Node id="798"/>credit<Node id="804"/> <Node id="805"/>
<Node id="806"/>&gt;<Node id="807"/>&gt;<Node id="808"/>it<Node id="810"/> <Node id="811"/>with<Node id="815"/> <Node id="816"/>stopping<Node id="824"/> <Node id="825"/>an<Node id="827"/> <Node id="828"/>invasion<Node id="836"/> <Node id="837"/>by<Node id="839"/> <Node id="840"/>Martians<Node id="848"/>.<Node id="849"/> <Node id="850"/> <Node id="851"/>
<Node id="852"/>&gt;<Node id="853"/>&gt;<Node id="854"/> <Node id="855"/>
<Node id="856"/>&gt;<Node id="857"/>&gt;<Node id="858"/>See<Node id="861"/> <Node id="862"/>"<Node id="863"/>Firearms<Node id="871"/>,<Node id="872"/> <Node id="873"/>Violence<Node id="881"/> <Node id="882"/>and<Node id="885"/> <Node id="886"/>Civil<Node id="891"/> <Node id="892"/>Disorders<Node id="901"/>"<Node id="902"/> <Node id="903"/>(<Node id="904"/>from<Node id="908"/> <Node id="909"/>SRI<Node id="912"/>)<Node id="913"/> <Node id="914"/>and<Node id="917"/> <Node id="918"/>"<Node id="919"/>Sniping<Node id="926"/> <Node id="927"/>
<Node id="928"/>&gt;<Node id="929"/>&gt;<Node id="930"/>Incidents<Node id="939"/> <Node id="940"/>-<Node id="941"/> <Node id="942"/>A<Node id="943"/> <Node id="944"/>New<Node id="947"/> <Node id="948"/>Pattern<Node id="955"/> <Node id="956"/>of<Node id="958"/> <Node id="959"/>Violence<Node id="967"/>"<Node id="968"/> <Node id="969"/>(<Node id="970"/>from<Node id="974"/> <Node id="975"/>Brandeis<Node id="983"/> <Node id="984"/>University<Node id="994"/>'s<Node id="996"/> <Node id="997"/>
<Node id="998"/>&gt;<Node id="999"/>&gt;<Node id="1000"/>Lemberg<Node id="1007"/> <Node id="1008"/>Center<Node id="1014"/> <Node id="1015"/>for<Node id="1018"/> <Node id="1019"/>the<Node id="1022"/> <Node id="1023"/>Study<Node id="1028"/> <Node id="1029"/>of<Node id="1031"/> <Node id="1032"/>Violence<Node id="1040"/>)<Node id="1041"/>.<Node id="1042"/>
<Node id="1043"/>&gt;<Node id="1044"/>
<Node id="1045"/>&gt;<Node id="1046"/>&gt;<Node id="1047"/>&gt;<Node id="1048"/>&gt;<Node id="1049"/>There<Node id="1054"/> <Node id="1055"/>was<Node id="1058"/> <Node id="1059"/>precisely<Node id="1068"/> <Node id="1069"/>ONE<Node id="1072"/>
<Node id="1073"/>&gt;<Node id="1074"/>&gt;<Node id="1075"/>&gt;<Node id="1076"/>&gt;<Node id="1077"/>verified<Node id="1085"/> <Node id="1086"/>sniper<Node id="1092"/> <Node id="1093"/>in<Node id="1095"/> <Node id="1096"/>the<Node id="1099"/> <Node id="1100"/>67<Node id="1102"/> <Node id="1103"/>riots<Node id="1108"/>,<Node id="1109"/> <Node id="1110"/>a<Node id="1111"/> <Node id="1112"/>drunk<Node id="1117"/> <Node id="1118"/>firing<Node id="1124"/> <Node id="1125"/>a<Node id="1126"/> <Node id="1127"/>pistol<Node id="1133"/> <Node id="1134"/>out<Node id="1137"/> <Node id="1138"/>a<Node id="1139"/> <Node id="1140"/>window<Node id="1146"/>.<Node id="1147"/>
<Node id="1148"/>&gt;<Node id="1149"/>
<Node id="1150"/>&gt;<Node id="1151"/>Actually<Node id="1159"/>,<Node id="1160"/> <Node id="1161"/>there<Node id="1166"/> <Node id="1167"/>was<Node id="1170"/> <Node id="1171"/>only<Node id="1175"/> <Node id="1176"/>one<Node id="1179"/> <Node id="1180"/>confirmed<Node id="1189"/> <Node id="1190"/>sniper<Node id="1196"/> <Node id="1197"/>to<Node id="1199"/> <Node id="1200"/>&gt;<Node id="1201"/>die<Node id="1204"/>&lt;<Node id="1205"/> <Node id="1206"/>in<Node id="1208"/> <Node id="1209"/>Detroit<Node id="1216"/>,<Node id="1217"/>
<Node id="1218"/>&gt;<Node id="1219"/>according<Node id="1228"/> <Node id="1229"/>to<Node id="1231"/> <Node id="1232"/>Sauter<Node id="1238"/> <Node id="1239"/>&amp;<Node id="1240"/> <Node id="1241"/>Hines<Node id="1246"/>,<Node id="1247"/> <Node id="1248"/>_<Node id="1249"/>Nightmare<Node id="1258"/> <Node id="1259"/>in<Node id="1261"/> <Node id="1262"/>Detroit<Node id="1269"/>,<Node id="1270"/> <Node id="1271"/>A<Node id="1272"/> <Node id="1273"/>Rebellion<Node id="1282"/> <Node id="1283"/>&amp;<Node id="1284"/> <Node id="1285"/>It<Node id="1287"/>'s<Node id="1289"/>
<Node id="1290"/>
<Node id="1291"/>What<Node id="1295"/> <Node id="1296"/>sources<Node id="1303"/> <Node id="1304"/>did<Node id="1307"/> <Node id="1308"/>Sauter<Node id="1314"/> <Node id="1315"/>and<Node id="1318"/> <Node id="1319"/>Hines<Node id="1324"/> <Node id="1325"/>use<Node id="1328"/>?<Node id="1329"/> <Node id="1330"/> <Node id="1331"/>In<Node id="1333"/> <Node id="1334"/>Congressional<Node id="1347"/> <Node id="1348"/>hearings<Node id="1356"/>
<Node id="1357"/>later<Node id="1362"/>,<Node id="1363"/> <Node id="1364"/>the<Node id="1367"/> <Node id="1368"/>newspaper<Node id="1377"/> <Node id="1378"/>folk<Node id="1382"/> <Node id="1383"/>admitted<Node id="1391"/> <Node id="1392"/>that<Node id="1396"/> <Node id="1397"/>their<Node id="1402"/> <Node id="1403"/>reports<Node id="1410"/> <Node id="1411"/>were<Node id="1415"/> <Node id="1416"/>completely<Node id="1426"/>
<Node id="1427"/>wrong<Node id="1432"/>.<Node id="1433"/> <Node id="1434"/> <Node id="1435"/>(<Node id="1436"/>Some<Node id="1440"/> <Node id="1441"/>of<Node id="1443"/> <Node id="1444"/>their<Node id="1449"/> <Node id="1450"/>excuses<Node id="1457"/> <Node id="1458"/>are<Node id="1461"/> <Node id="1462"/>understandable<Node id="1476"/>,<Node id="1477"/> <Node id="1478"/>while<Node id="1483"/> <Node id="1484"/>others<Node id="1490"/> <Node id="1491"/>amount<Node id="1497"/>
<Node id="1498"/>to<Node id="1500"/> <Node id="1501"/>gross<Node id="1506"/> <Node id="1507"/>negligence<Node id="1517"/>.<Node id="1518"/> <Node id="1519"/> <Node id="1520"/>Then<Node id="1524"/> <Node id="1525"/>there<Node id="1530"/>'s<Node id="1532"/> <Node id="1533"/>their<Node id="1538"/> <Node id="1539"/>"<Node id="1540"/>we<Node id="1542"/> <Node id="1543"/>lied<Node id="1547"/>"<Node id="1548"/>.<Node id="1549"/>)<Node id="1550"/> <Node id="1551"/> <Node id="1552"/>As<Node id="1554"/> <Node id="1555"/>far<Node id="1558"/> <Node id="1559"/>as<Node id="1561"/> <Node id="1562"/>I<Node id="1563"/>
<Node id="1564"/>know<Node id="1568"/>,<Node id="1569"/> <Node id="1570"/>they<Node id="1574"/> <Node id="1575"/>never<Node id="1580"/> <Node id="1581"/>did<Node id="1584"/> <Node id="1585"/>the<Node id="1588"/> <Node id="1589"/>followup<Node id="1597"/>.<Node id="1598"/>
<Node id="1599"/>
<Node id="1600"/>&gt;<Node id="1601"/>&gt;<Node id="1602"/>So<Node id="1604"/>?<Node id="1605"/> <Node id="1606"/> <Node id="1607"/>People<Node id="1613"/> <Node id="1614"/>other<Node id="1619"/> <Node id="1620"/>than<Node id="1624"/> <Node id="1625"/>snipers<Node id="1632"/> <Node id="1633"/>can<Node id="1636"/> <Node id="1637"/>shoot<Node id="1642"/> <Node id="1643"/>firemen<Node id="1650"/>.<Node id="1651"/> <Node id="1652"/> <Node id="1653"/>If<Node id="1655"/> <Node id="1656"/>they<Node id="1660"/> <Node id="1661"/>are<Node id="1664"/>,<Node id="1665"/>
<Node id="1666"/>&gt;<Node id="1667"/>&gt;<Node id="1668"/>shooting<Node id="1676"/> <Node id="1677"/>at<Node id="1679"/> <Node id="1680"/>"<Node id="1681"/>snipers<Node id="1688"/>"<Node id="1689"/> <Node id="1690"/>ca<Node id="1692"/>n't<Node id="1695"/> <Node id="1696"/>help<Node id="1700"/>.<Node id="1701"/> <Node id="1702"/> <Node id="1703"/>Blowing<Node id="1710"/> <Node id="1711"/>big<Node id="1714"/> <Node id="1715"/>holes<Node id="1720"/> <Node id="1721"/>in<Node id="1723"/> <Node id="1724"/>buildings<Node id="1733"/> <Node id="1734"/>that<Node id="1738"/>
<Node id="1739"/>&gt;<Node id="1740"/>&gt;<Node id="1741"/>do<Node id="1743"/>n't<Node id="1746"/> <Node id="1747"/>contain<Node id="1754"/> <Node id="1755"/>"<Node id="1756"/>sniper<Node id="1762"/> <Node id="1763"/>nests<Node id="1768"/>"<Node id="1769"/> <Node id="1770"/>or<Node id="1772"/> <Node id="1773"/>worrying<Node id="1781"/> <Node id="1782"/>about<Node id="1787"/> <Node id="1788"/>travelling<Node id="1798"/> <Node id="1799"/>"<Node id="1800"/>sniper<Node id="1806"/>
<Node id="1807"/>&gt;<Node id="1808"/>&gt;<Node id="1809"/>squads<Node id="1815"/>"<Node id="1816"/> <Node id="1817"/>is<Node id="1819"/> <Node id="1820"/>a<Node id="1821"/> <Node id="1822"/>complete<Node id="1830"/> <Node id="1831"/>waste<Node id="1836"/> <Node id="1837"/>of<Node id="1839"/> <Node id="1840"/>time<Node id="1844"/>.<Node id="1845"/>
<Node id="1846"/>&gt;<Node id="1847"/>
<Node id="1848"/>&gt;<Node id="1849"/>Interesting<Node id="1860"/>.<Node id="1861"/> <Node id="1862"/> <Node id="1863"/>Just<Node id="1867"/> <Node id="1868"/>curious<Node id="1875"/>,<Node id="1876"/> <Node id="1877"/>they<Node id="1881"/> <Node id="1882"/>do<Node id="1884"/> <Node id="1885"/>you<Node id="1888"/> <Node id="1889"/>believe<Node id="1896"/> <Node id="1897"/>that<Node id="1901"/> <Node id="1902"/>tanks<Node id="1907"/> <Node id="1908"/>did<Node id="1911"/> <Node id="1912"/>blow<Node id="1916"/>
<Node id="1917"/>&gt;<Node id="1918"/>big<Node id="1921"/> <Node id="1922"/>holes<Node id="1927"/> <Node id="1928"/>in<Node id="1930"/> <Node id="1931"/>buildings<Node id="1940"/> <Node id="1941"/>in<Node id="1943"/> <Node id="1944"/>Detroit<Node id="1951"/> <Node id="1952"/>67<Node id="1954"/>?<Node id="1955"/>
<Node id="1956"/>
<Node id="1957"/>I<Node id="1958"/> <Node id="1959"/>do<Node id="1961"/>n't<Node id="1964"/> <Node id="1965"/>have<Node id="1969"/> <Node id="1970"/>any<Node id="1973"/> <Node id="1974"/>relevant<Node id="1982"/> <Node id="1983"/>knowledge<Node id="1992"/> <Node id="1993"/>about<Node id="1998"/> <Node id="1999"/>the<Node id="2002"/> <Node id="2003"/>counter-sniper<Node id="2017"/> <Node id="2018"/>tactics<Node id="2025"/>
<Node id="2026"/>or<Node id="2028"/> <Node id="2029"/>what<Node id="2033"/> <Node id="2034"/>the<Node id="2037"/> <Node id="2038"/>govt<Node id="2042"/> <Node id="2043"/>did<Node id="2046"/> <Node id="2047"/>with<Node id="2051"/> <Node id="2052"/>the<Node id="2055"/> <Node id="2056"/>big<Node id="2059"/> <Node id="2060"/>war<Node id="2063"/> <Node id="2064"/>toys<Node id="2068"/>.<Node id="2069"/> <Node id="2070"/> <Node id="2071"/>That<Node id="2075"/>'s<Node id="2077"/> <Node id="2078"/>why<Node id="2081"/> <Node id="2082"/>I<Node id="2083"/>'ve<Node id="2086"/> <Node id="2087"/>only<Node id="2091"/>
<Node id="2092"/>commented<Node id="2101"/> <Node id="2102"/>on<Node id="2104"/> <Node id="2105"/>what<Node id="2109"/> <Node id="2110"/>they<Node id="2114"/> <Node id="2115"/>could<Node id="2120"/>n't<Node id="2123"/> <Node id="2124"/>have<Node id="2128"/> <Node id="2129"/>accomplished<Node id="2141"/>,<Node id="2142"/> <Node id="2143"/>no<Node id="2145"/> <Node id="2146"/>matter<Node id="2152"/> <Node id="2153"/>what<Node id="2157"/>
<Node id="2158"/>they<Node id="2162"/> <Node id="2163"/>did<Node id="2166"/>.<Node id="2167"/>
<Node id="2168"/>
<Node id="2169"/>&gt;<Node id="2170"/>&gt;<Node id="2171"/>Nope<Node id="2175"/> <Node id="2176"/>-<Node id="2177"/> <Node id="2178"/>the<Node id="2181"/> <Node id="2182"/>"<Node id="2183"/>sniper<Node id="2189"/>"<Node id="2190"/> <Node id="2191"/>fire<Node id="2195"/> <Node id="2196"/>was<Node id="2199"/> <Node id="2200"/>coming<Node id="2206"/> <Node id="2207"/>from<Node id="2211"/> <Node id="2212"/>other<Node id="2217"/> <Node id="2218"/>police<Node id="2224"/>/<Node id="2225"/>guard<Node id="2230"/> <Node id="2231"/>positions<Node id="2240"/>.<Node id="2241"/>
<Node id="2242"/>&gt;<Node id="2243"/>
<Node id="2244"/>&gt;<Node id="2245"/>The<Node id="2248"/> <Node id="2249"/>guard<Node id="2254"/> <Node id="2255"/>certainly<Node id="2264"/> <Node id="2265"/>needed<Node id="2271"/> <Node id="2272"/>to<Node id="2274"/> <Node id="2275"/>learn<Node id="2280"/>.<Node id="2281"/> <Node id="2282"/> <Node id="2283"/>But<Node id="2286"/> <Node id="2287"/>I<Node id="2288"/> <Node id="2289"/>do<Node id="2291"/>n't<Node id="2294"/> <Node id="2295"/>agree<Node id="2300"/> <Node id="2301"/>with<Node id="2305"/> <Node id="2306"/>the<Node id="2309"/>
<Node id="2310"/>&gt;<Node id="2311"/>idea<Node id="2315"/> <Node id="2316"/>that<Node id="2320"/> <Node id="2321"/>there<Node id="2326"/> <Node id="2327"/>were<Node id="2331"/> <Node id="2332"/>no<Node id="2334"/> <Node id="2335"/>snipers<Node id="2342"/> <Node id="2343"/>at<Node id="2345"/> <Node id="2346"/>all<Node id="2349"/>.<Node id="2350"/> <Node id="2351"/> <Node id="2352"/>From<Node id="2356"/> <Node id="2357"/>p<Node id="2358"/>.<Node id="2359"/> <Node id="2360"/>121<Node id="2363"/> <Node id="2364"/>of<Node id="2366"/> <Node id="2367"/>Sauter<Node id="2373"/> <Node id="2374"/>&amp;<Node id="2375"/> <Node id="2376"/>Hines<Node id="2381"/>:<Node id="2382"/>
<Node id="2383"/>&gt;<Node id="2384"/>
<Node id="2385"/>&gt;<Node id="2386"/> <Node id="2387"/> <Node id="2388"/> <Node id="2389"/> <Node id="2390"/> <Node id="2391"/>"<Node id="2392"/>Despite<Node id="2399"/> <Node id="2400"/>the<Node id="2403"/> <Node id="2404"/>force<Node id="2409"/> <Node id="2410"/>of<Node id="2412"/> <Node id="2413"/>the<Node id="2416"/> <Node id="2417"/>National<Node id="2425"/> <Node id="2426"/>Guard<Node id="2431"/> <Node id="2432"/>in<Node id="2434"/> <Node id="2435"/>alliance<Node id="2443"/> <Node id="2444"/>with<Node id="2448"/> <Node id="2449"/>the<Node id="2452"/>
<Node id="2453"/>&gt;<Node id="2454"/>Army<Node id="2458"/> <Node id="2459"/>troops<Node id="2465"/>,<Node id="2466"/> <Node id="2467"/>the<Node id="2470"/> <Node id="2471"/>snipers<Node id="2478"/> <Node id="2479"/>did<Node id="2482"/> <Node id="2483"/>not<Node id="2486"/> <Node id="2487"/>stop<Node id="2491"/>.<Node id="2492"/> <Node id="2493"/> <Node id="2494"/>The<Node id="2497"/> <Node id="2498"/>snipers<Node id="2505"/> <Node id="2506"/>boldly<Node id="2512"/> <Node id="2513"/>lay<Node id="2516"/> <Node id="2517"/>siege<Node id="2522"/> <Node id="2523"/>to<Node id="2525"/> <Node id="2526"/>the<Node id="2529"/>
<Node id="2530"/>&gt;<Node id="2531"/>Fifth<Node id="2536"/> <Node id="2537"/>Precent<Node id="2544"/> <Node id="2545"/>police<Node id="2551"/> <Node id="2552"/>station<Node id="2559"/> <Node id="2560"/>and<Node id="2563"/> <Node id="2564"/>took<Node id="2568"/> <Node id="2569"/>pot<Node id="2572"/> <Node id="2573"/>shots<Node id="2578"/> <Node id="2579"/>at<Node id="2581"/> <Node id="2582"/>the<Node id="2585"/> <Node id="2586"/>Seventh<Node id="2593"/>.<Node id="2594"/> <Node id="2595"/> <Node id="2596"/>Firemen<Node id="2603"/>
<Node id="2604"/>&gt;<Node id="2605"/>were<Node id="2609"/> <Node id="2610"/>under<Node id="2615"/> <Node id="2616"/>constant<Node id="2624"/> <Node id="2625"/>harassment<Node id="2635"/> <Node id="2636"/>from<Node id="2640"/> <Node id="2641"/>snipers<Node id="2648"/> <Node id="2649"/>fired<Node id="2654"/> <Node id="2655"/>from<Node id="2659"/> <Node id="2660"/>half-closed<Node id="2671"/>
<Node id="2672"/>&gt;<Node id="2673"/>darkened<Node id="2681"/> <Node id="2682"/>windows<Node id="2689"/> <Node id="2690"/>in<Node id="2692"/> <Node id="2693"/>high<Node id="2697"/> <Node id="2698"/>apartment<Node id="2707"/> <Node id="2708"/>buildings<Node id="2717"/> <Node id="2718"/>and<Node id="2721"/> <Node id="2722"/>from<Node id="2726"/> <Node id="2727"/>roof-tops<Node id="2736"/>.<Node id="2737"/>"<Node id="2738"/>
<Node id="2739"/>
<Node id="2740"/>Not<Node id="2743"/> <Node id="2744"/>in<Node id="2746"/> <Node id="2747"/>Detroit<Node id="2754"/>,<Node id="2755"/> <Node id="2756"/>not<Node id="2759"/> <Node id="2760"/>during<Node id="2766"/> <Node id="2767"/>the<Node id="2770"/> <Node id="2771"/>60<Node id="2773"/>s<Node id="2774"/>.<Node id="2775"/> <Node id="2776"/> <Node id="2777"/>That<Node id="2781"/>'s<Node id="2783"/> <Node id="2784"/>newspaper<Node id="2793"/> <Node id="2794"/>copy<Node id="2798"/> <Node id="2799"/>and<Node id="2802"/> <Node id="2803"/>they<Node id="2807"/>
<Node id="2808"/>admitted<Node id="2816"/> <Node id="2817"/>later<Node id="2822"/> <Node id="2823"/>that<Node id="2827"/> <Node id="2828"/>they<Node id="2832"/> <Node id="2833"/>were<Node id="2837"/> <Node id="2838"/>wrong<Node id="2843"/>.<Node id="2844"/>
<Node id="2845"/>
<Node id="2846"/>-<Node id="2847"/>andy<Node id="2851"/>
<Node id="2852"/>-<Node id="2853"/>-<Node id="2854"/>
<Node id="2855"/></TextWithNodes>
<!-- The default annotation set -->

<AnnotationSet>
<Annotation EndNode="2855" StartNode="0" Type="Mention" Id="9999999">
<Feature>
<Name classname="java.lang.String">Class</Name>
<Value classname="java.lang.String">0</Value>
</Feature>
</Annotation>

<Annotation Id="7" Type="Token" StartNode="16" EndNode="24">
<Feature>
  <Name className="java.lang.String">string</Name>
  <Value className="java.lang.String">Stanford</Value>
</Feature>
</Annotation>
<Annotation Id="14" Type="Token" StartNode="35" EndNode="42">
<Feature>
  <Name className="java.lang.String">string</Name>
  <Value className="java.lang.String">Freeman</Value>
</Feature>
</Annotation>
<Annotation Id="17" Type="Token" StartNode="44" EndNode="52">
<Feature>
  <Name className="java.lang.String">string</Name>
  <Value className="java.lang.String">Message-</Value>
</Feature>
</Annotation>
<Annotation Id="26" Type="Token" StartNode="67" EndNode="73">
</Annotation>
<Annotation Id="30" Type="Token" StartNode="80" EndNode="92">
<Feature>
  <Name className="java.lang.String">string</Name>
  <Value className="java.lang.String">CSD-NewsHost</Value>
</Feature>
</Annotation>
<Annotation Id="32" Type="Token" StartNode="93" EndNode="101">
<Feature>
  <Name className="java.lang.String">string</Name>
  <Value className="java.lang.String">Stanford</Value>
</Feature>
</Annotation>
<Annotation Id="37" Type="Token" StartNode="107" EndNode="113">
<Feature>
  <Name className="java.lang.String">string</Name>
  <Value className="java.lang.String">Sender</Value>
</Feature>
</Annotation>
<Annotation Id="42" Type="Token" StartNode="120" EndNode="132">
<Feature>
  <Name className="java.lang.String">string</Name>
  <Value className="java.lang.String">CSD-NewsHost</Value>
</Feature>
</Annotation>
<Annotation Id="44" Type="Token" StartNode="133" EndNode="141">
<Feature>
  <Name className="java.lang.String">string</Name>
  <Value className="java.lang.String">Stanford</Value>
</Feature>
</Annotation>
<Annotation Id="51" Type="Token" StartNode="160" EndNode="168">
<Feature>
  <Name className="java.lang.String">string</Name>
  <Value className="java.lang.String">Computer</Value>
</Feature>
</Annotation>
<Annotation Id="48" Type="Token" StartNode="146" EndNode="158">
<Feature>
  <Name className="java.lang.String">string</Name>
  <Value className="java.lang.String">Organization</Value>
</Feature>
</Annotation>
<Annotation Id="55" Type="Token" StartNode="177" EndNode="187">
<Feature>
  <Name className="java.lang.String">string</Name>
  <Value className="java.lang.String">Department</Value>
</Feature>
</Annotation>
<Annotation Id="53" Type="Token" StartNode="169" EndNode="176">
<Feature>
  <Name className="java.lang.String">string</Name>
  <Value className="java.lang.String">Science</Value>
</Feature>
</Annotation>
<Annotation Id="59" Type="Token" StartNode="190" EndNode="198">
<Feature>
  <Name className="java.lang.String">string</Name>
  <Value className="java.lang.String">Stanford</Value>
</Feature>
</Annotation>
<Annotation Id="61" Type="Token" StartNode="199" EndNode="209">
<Feature>
  <Name className="java.lang.String">string</Name>
  <Value className="java.lang.String">University</Value>
</Feature>
</Annotation>
<Annotation Id="64" Type="Token" StartNode="211" EndNode="221">
<Feature>
  <Name className="java.lang.String">string</Name>
  <Value className="java.lang.String">References</Value>
</Feature>
</Annotation>
<Annotation Id="80" Type="Token" StartNode="244" EndNode="251">
<Feature>
  <Name className="java.lang.String">string</Name>
  <Value className="java.lang.String">oakland</Value>
</Feature>
</Annotation>
<Annotation Id="94" Type="Token" StartNode="281" EndNode="293">
<Feature>
  <Name className="java.lang.String">string</Name>
  <Value className="java.lang.String">CSD-NewsHost</Value>
</Feature>
</Annotation>
<Annotation Id="90" Type="Token" StartNode="268" EndNode="274">
</Annotation>
<Annotation Id="96" Type="Token" StartNode="294" EndNode="302">
<Feature>
  <Name className="java.lang.String">string</Name>
  <Value className="java.lang.String">Stanford</Value>
</Feature>
</Annotation>
<Annotation Id="112" Type="Token" StartNode="329" EndNode="336">
<Feature>
  <Name className="java.lang.String">string</Name>
  <Value className="java.lang.String">oakland</Value>
</Feature>
</Annotation>
<Annotation Id="158" Type="Token" StartNode="421" EndNode="428">
<Feature>
  <Name className="java.lang.String">string</Name>
  <Value className="java.lang.String">oakland</Value>
</Feature>
</Annotation>
<Annotation Id="145" Type="Token" StartNode="392" EndNode="399">
<Feature>
  <Name className="java.lang.String">string</Name>
  <Value className="java.lang.String">article</Value>
</Feature>
</Annotation>
<Annotation Id="169" Type="Token" StartNode="451" EndNode="458">
<Feature>
  <Name className="java.lang.String">string</Name>
  <Value className="java.lang.String">oakland</Value>
</Feature>
</Annotation>
<Annotation Id="174" Type="Token" StartNode="464" EndNode="471">
<Feature>
  <Name className="java.lang.String">string</Name>
  <Value className="java.lang.String">awesley</Value>
</Feature>
</Annotation>
<Annotation Id="163" Type="Token" StartNode="434" EndNode="441">
<Feature>
  <Name className="java.lang.String">string</Name>
  <Value className="java.lang.String">awesley</Value>
</Feature>
</Annotation>
<Annotation Id="190" Type="Token" StartNode="504" EndNode="510">
</Annotation>
<Annotation Id="177" Type="Token" StartNode="473" EndNode="479">
<Feature>
  <Name className="java.lang.String">string</Name>
  <Value className="java.lang.String">writes</Value>
</Feature>
</Annotation>
<Annotation Id="183" Type="Token" StartNode="485" EndNode="492">
<Feature>
  <Name className="java.lang.String">string</Name>
  <Value className="java.lang.String">article</Value>
</Feature>
</Annotation>
<Annotation Id="205" Type="Token" StartNode="554" EndNode="562">
<Feature>
  <Name className="java.lang.String">string</Name>
  <Value className="java.lang.String">Stanford</Value>
</Feature>
</Annotation>
<Annotation Id="196" Type="Token" StartNode="530" EndNode="538">
<Feature>
  <Name className="java.lang.String">string</Name>
  <Value className="java.lang.String">Stanford</Value>
</Feature>
</Annotation>
<Annotation Id="194" Type="Token" StartNode="517" EndNode="529">
<Feature>
  <Name className="java.lang.String">string</Name>
  <Value className="java.lang.String">CSD-NewsHost</Value>
</Feature>
</Annotation>
<Annotation Id="212" Type="Token" StartNode="573" EndNode="580">
<Feature>
  <Name className="java.lang.String">string</Name>
  <Value className="java.lang.String">Freeman</Value>
</Feature>
</Annotation>
<Annotation Id="215" Type="Token" StartNode="582" EndNode="588">
<Feature>
  <Name className="java.lang.String">string</Name>
  <Value className="java.lang.String">writes</Value>
</Feature>
</Annotation>
<Annotation Id="237" Type="Token" StartNode="632" EndNode="639">
<Feature>
  <Name className="java.lang.String">string</Name>
  <Value className="java.lang.String">nothing</Value>
</Feature>
</Annotation>
<Annotation Id="230" Type="Token" StartNode="613" EndNode="619">
<Feature>
  <Name className="java.lang.String">string</Name>
  <Value className="java.lang.String">sniper</Value>
</Feature>
</Annotation>
<Annotation Id="252" Type="Token" StartNode="672" EndNode="679">
<Feature>
  <Name className="java.lang.String">string</Name>
  <Value className="java.lang.String">yelling</Value>
</Feature>
</Annotation>
<Annotation Id="243" Type="Token" StartNode="652" EndNode="661">
<Feature>
  <Name className="java.lang.String">string</Name>
  <Value className="java.lang.String">effective</Value>
</Feature>
</Annotation>
<Annotation Id="241" Type="Token" StartNode="644" EndNode="651">
<Feature>
  <Name className="java.lang.String">string</Name>
  <Value className="java.lang.String">equally</Value>
</Feature>
</Annotation>
<Annotation Id="275" Type="Token" StartNode="721" EndNode="727">
<Feature>
  <Name className="java.lang.String">string</Name>
  <Value className="java.lang.String">credit</Value>
</Feature>
</Annotation>
<Annotation Id="287" Type="Token" StartNode="754" EndNode="766">
<Feature>
  <Name className="java.lang.String">string</Name>
  <Value className="java.lang.String">non-existent</Value>
</Feature>
</Annotation>
<Annotation Id="285" Type="Token" StartNode="745" EndNode="753">
<Feature>
  <Name className="java.lang.String">string</Name>
  <Value className="java.lang.String">stopping</Value>
</Feature>
</Annotation>
<Annotation Id="264" Type="Token" StartNode="697" EndNode="703">
<Feature>
  <Name className="java.lang.String">string</Name>
  <Value className="java.lang.String">course</Value>
</Feature>
</Annotation>
<Annotation Id="311" Type="Token" StartNode="816" EndNode="824">
<Feature>
  <Name className="java.lang.String">string</Name>
  <Value className="java.lang.String">stopping</Value>
</Feature>
</Annotation>
<Annotation Id="315" Type="Token" StartNode="828" EndNode="836">
<Feature>
  <Name className="java.lang.String">string</Name>
  <Value className="java.lang.String">invasion</Value>
</Feature>
</Annotation>
<Annotation Id="319" Type="Token" StartNode="840" EndNode="848">
<Feature>
  <Name className="java.lang.String">string</Name>
  <Value className="java.lang.String">Martians</Value>
</Feature>
</Annotation>
<Annotation Id="289" Type="Token" StartNode="767" EndNode="773">
<Feature>
  <Name className="java.lang.String">string</Name>
  <Value className="java.lang.String">sniper</Value>
</Feature>
</Annotation>
<Annotation Id="302" Type="Token" StartNode="798" EndNode="804">
<Feature>
  <Name className="java.lang.String">string</Name>
  <Value className="java.lang.String">credit</Value>
</Feature>
</Annotation>
<Annotation Id="342" Type="Token" StartNode="892" EndNode="901">
<Feature>
  <Name className="java.lang.String">string</Name>
  <Value className="java.lang.String">Disorders</Value>
</Feature>
</Annotation>
<Annotation Id="336" Type="Token" StartNode="873" EndNode="881">
<Feature>
  <Name className="java.lang.String">string</Name>
  <Value className="java.lang.String">Violence</Value>
</Feature>
</Annotation>
<Annotation Id="333" Type="Token" StartNode="863" EndNode="871">
<Feature>
  <Name className="java.lang.String">string</Name>
  <Value className="java.lang.String">Firearms</Value>
</Feature>
</Annotation>
<Annotation Id="371" Type="Token" StartNode="959" EndNode="967">
<Feature>
  <Name className="java.lang.String">string</Name>
  <Value className="java.lang.String">Violence</Value>
</Feature>
</Annotation>
<Annotation Id="377" Type="Token" StartNode="975" EndNode="983">
<Feature>
  <Name className="java.lang.String">string</Name>
  <Value className="java.lang.String">Brandeis</Value>
</Feature>
</Annotation>
<Annotation Id="379" Type="Token" StartNode="984" EndNode="994">
<Feature>
  <Name className="java.lang.String">string</Name>
  <Value className="java.lang.String">University</Value>
</Feature>
</Annotation>
<Annotation Id="359" Type="Token" StartNode="930" EndNode="939">
<Feature>
  <Name className="java.lang.String">string</Name>
  <Value className="java.lang.String">Incidents</Value>
</Feature>
</Annotation>
<Annotation Id="354" Type="Token" StartNode="919" EndNode="926">
<Feature>
  <Name className="java.lang.String">string</Name>
  <Value className="java.lang.String">Sniping</Value>
</Feature>
</Annotation>
<Annotation Id="367" Type="Token" StartNode="948" EndNode="955">
<Feature>
  <Name className="java.lang.String">string</Name>
  <Value className="java.lang.String">Pattern</Value>
</Feature>
</Annotation>
<Annotation Id="412" Type="Token" StartNode="1059" EndNode="1068">
<Feature>
  <Name className="java.lang.String">string</Name>
  <Value className="java.lang.String">precisely</Value>
</Feature>
</Annotation>
<Annotation Id="398" Type="Token" StartNode="1032" EndNode="1040">
<Feature>
  <Name className="java.lang.String">string</Name>
  <Value className="java.lang.String">Violence</Value>
</Feature>
</Annotation>
<Annotation Id="386" Type="Token" StartNode="1000" EndNode="1007">
<Feature>
  <Name className="java.lang.String">string</Name>
  <Value className="java.lang.String">Lemberg</Value>
</Feature>
</Annotation>
<Annotation Id="388" Type="Token" StartNode="1008" EndNode="1014">
<Feature>
  <Name className="java.lang.String">string</Name>
  <Value className="java.lang.String">Center</Value>
</Feature>
</Annotation>
<Annotation Id="441" Type="Token" StartNode="1127" EndNode="1133">
<Feature>
  <Name className="java.lang.String">string</Name>
  <Value className="java.lang.String">pistol</Value>
</Feature>
</Annotation>
<Annotation Id="447" Type="Token" StartNode="1140" EndNode="1146">
<Feature>
  <Name className="java.lang.String">string</Name>
  <Value className="java.lang.String">window</Value>
</Feature>
</Annotation>
<Annotation Id="437" Type="Token" StartNode="1118" EndNode="1124">
<Feature>
  <Name className="java.lang.String">string</Name>
  <Value className="java.lang.String">firing</Value>
</Feature>
</Annotation>
<Annotation Id="420" Type="Token" StartNode="1077" EndNode="1085">
<Feature>
  <Name className="java.lang.String">string</Name>
  <Value className="java.lang.String">verified</Value>
</Feature>
</Annotation>
<Annotation Id="422" Type="Token" StartNode="1086" EndNode="1092">
<Feature>
  <Name className="java.lang.String">string</Name>
  <Value className="java.lang.String">sniper</Value>
</Feature>
</Annotation>
<Annotation Id="476" Type="Token" StartNode="1209" EndNode="1216">
<Feature>
  <Name className="java.lang.String">string</Name>
  <Value className="java.lang.String">Detroit</Value>
</Feature>
</Annotation>
<Annotation Id="466" Type="Token" StartNode="1190" EndNode="1196">
<Feature>
  <Name className="java.lang.String">string</Name>
  <Value className="java.lang.String">sniper</Value>
</Feature>
</Annotation>
<Annotation Id="464" Type="Token" StartNode="1180" EndNode="1189">
<Feature>
  <Name className="java.lang.String">string</Name>
  <Value className="java.lang.String">confirmed</Value>
</Feature>
</Annotation>
<Annotation Id="453" Type="Token" StartNode="1151" EndNode="1159">
<Feature>
  <Name className="java.lang.String">string</Name>
  <Value className="java.lang.String">Actually</Value>
</Feature>
</Annotation>
<Annotation Id="501" Type="Token" StartNode="1273" EndNode="1282">
<Feature>
  <Name className="java.lang.String">string</Name>
  <Value className="java.lang.String">Rebellion</Value>
</Feature>
</Annotation>
<Annotation Id="496" Type="Token" StartNode="1262" EndNode="1269">
<Feature>
  <Name className="java.lang.String">string</Name>
  <Value className="java.lang.String">Detroit</Value>
</Feature>
</Annotation>
<Annotation Id="492" Type="Token" StartNode="1249" EndNode="1258">
<Feature>
  <Name className="java.lang.String">string</Name>
  <Value className="java.lang.String">Nightmare</Value>
</Feature>
</Annotation>
<Annotation Id="484" Type="Token" StartNode="1232" EndNode="1238">
<Feature>
  <Name className="java.lang.String">string</Name>
  <Value className="java.lang.String">Sauter</Value>
</Feature>
</Annotation>
<Annotation Id="480" Type="Token" StartNode="1219" EndNode="1228">
<Feature>
  <Name className="java.lang.String">string</Name>
  <Value className="java.lang.String">according</Value>
</Feature>
</Annotation>
<Annotation Id="551" Type="Token" StartNode="1416" EndNode="1426">
<Feature>
  <Name className="java.lang.String">string</Name>
  <Value className="java.lang.String">completely</Value>
</Feature>
</Annotation>
<Annotation Id="547" Type="Token" StartNode="1403" EndNode="1410">
<Feature>
  <Name className="java.lang.String">string</Name>
  <Value className="java.lang.String">reports</Value>
</Feature>
</Annotation>
<Annotation Id="564" Type="Token" StartNode="1450" EndNode="1457">
<Feature>
  <Name className="java.lang.String">string</Name>
  <Value className="java.lang.String">excuses</Value>
</Feature>
</Annotation>
<Annotation Id="575" Type="Token" StartNode="1491" EndNode="1497">
<Feature>
  <Name className="java.lang.String">string</Name>
  <Value className="java.lang.String">amount</Value>
</Feature>
</Annotation>
<Annotation Id="573" Type="Token" StartNode="1484" EndNode="1490">
<Feature>
  <Name className="java.lang.String">string</Name>
  <Value className="java.lang.String">others</Value>
</Feature>
</Annotation>
<Annotation Id="568" Type="Token" StartNode="1462" EndNode="1476">
<Feature>
  <Name className="java.lang.String">string</Name>
  <Value className="java.lang.String">understandable</Value>
</Feature>
</Annotation>
<Annotation Id="516" Type="Token" StartNode="1308" EndNode="1314">
<Feature>
  <Name className="java.lang.String">string</Name>
  <Value className="java.lang.String">Sauter</Value>
</Feature>
</Annotation>
<Annotation Id="512" Type="Token" StartNode="1296" EndNode="1303">
<Feature>
  <Name className="java.lang.String">string</Name>
  <Value className="java.lang.String">sources</Value>
</Feature>
</Annotation>
<Annotation Id="528" Type="Token" StartNode="1334" EndNode="1347">
<Feature>
  <Name className="java.lang.String">string</Name>
  <Value className="java.lang.String">Congressional</Value>
</Feature>
</Annotation>
<Annotation Id="530" Type="Token" StartNode="1348" EndNode="1356">
<Feature>
  <Name className="java.lang.String">string</Name>
  <Value className="java.lang.String">hearings</Value>
</Feature>
</Annotation>
<Annotation Id="541" Type="Token" StartNode="1383" EndNode="1391">
<Feature>
  <Name className="java.lang.String">string</Name>
  <Value className="java.lang.String">admitted</Value>
</Feature>
</Annotation>
<Annotation Id="537" Type="Token" StartNode="1368" EndNode="1377">
<Feature>
  <Name className="java.lang.String">string</Name>
  <Value className="java.lang.String">newspaper</Value>
</Feature>
</Annotation>
<Annotation Id="621" Type="Token" StartNode="1589" EndNode="1597">
<Feature>
  <Name className="java.lang.String">string</Name>
  <Value className="java.lang.String">followup</Value>
</Feature>
</Annotation>
<Annotation Id="631" Type="Token" StartNode="1607" EndNode="1613">
<Feature>
  <Name className="java.lang.String">string</Name>
  <Value className="java.lang.String">People</Value>
</Feature>
</Annotation>
<Annotation Id="637" Type="Token" StartNode="1625" EndNode="1632">
<Feature>
  <Name className="java.lang.String">string</Name>
  <Value className="java.lang.String">snipers</Value>
</Feature>
</Annotation>
<Annotation Id="581" Type="Token" StartNode="1507" EndNode="1517">
<Feature>
  <Name className="java.lang.String">string</Name>
  <Value className="java.lang.String">negligence</Value>
</Feature>
</Annotation>
<Annotation Id="680" Type="Token" StartNode="1724" EndNode="1733">
<Feature>
  <Name className="java.lang.String">string</Name>
  <Value className="java.lang.String">buildings</Value>
</Feature>
</Annotation>
<Annotation Id="672" Type="Token" StartNode="1703" EndNode="1710">
<Feature>
  <Name className="java.lang.String">string</Name>
  <Value className="java.lang.String">Blowing</Value>
</Feature>
</Annotation>
<Annotation Id="700" Type="Token" StartNode="1773" EndNode="1781">
<Feature>
  <Name className="java.lang.String">string</Name>
  <Value className="java.lang.String">worrying</Value>
</Feature>
</Annotation>
<Annotation Id="693" Type="Token" StartNode="1756" EndNode="1762">
<Feature>
  <Name className="java.lang.String">string</Name>
  <Value className="java.lang.String">sniper</Value>
</Feature>
</Annotation>
<Annotation Id="690" Type="Token" StartNode="1747" EndNode="1754">
<Feature>
  <Name className="java.lang.String">string</Name>
  <Value className="java.lang.String">contain</Value>
</Feature>
</Annotation>
<Annotation Id="643" Type="Token" StartNode="1643" EndNode="1650">
<Feature>
  <Name className="java.lang.String">string</Name>
  <Value className="java.lang.String">firemen</Value>
</Feature>
</Annotation>
<Annotation Id="661" Type="Token" StartNode="1681" EndNode="1688">
<Feature>
  <Name className="java.lang.String">string</Name>
  <Value className="java.lang.String">snipers</Value>
</Feature>
</Annotation>
<Annotation Id="656" Type="Token" StartNode="1668" EndNode="1676">
<Feature>
  <Name className="java.lang.String">string</Name>
  <Value className="java.lang.String">shooting</Value>
</Feature>
</Annotation>
<Annotation Id="745" Type="Token" StartNode="1889" EndNode="1896">
<Feature>
  <Name className="java.lang.String">string</Name>
  <Value className="java.lang.String">believe</Value>
</Feature>
</Annotation>
<Annotation Id="736" Type="Token" StartNode="1868" EndNode="1875">
<Feature>
  <Name className="java.lang.String">string</Name>
  <Value className="java.lang.String">curious</Value>
</Feature>
</Annotation>
<Annotation Id="762" Type="Token" StartNode="1931" EndNode="1940">
<Feature>
  <Name className="java.lang.String">string</Name>
  <Value className="java.lang.String">buildings</Value>
</Feature>
</Annotation>
<Annotation Id="766" Type="Token" StartNode="1944" EndNode="1951">
<Feature>
  <Name className="java.lang.String">string</Name>
  <Value className="java.lang.String">Detroit</Value>
</Feature>
</Annotation>
<Annotation Id="718" Type="Token" StartNode="1822" EndNode="1830">
<Feature>
  <Name className="java.lang.String">string</Name>
  <Value className="java.lang.String">complete</Value>
</Feature>
</Annotation>
<Annotation Id="704" Type="Token" StartNode="1788" EndNode="1798">
<Feature>
  <Name className="java.lang.String">string</Name>
  <Value className="java.lang.String">travelling</Value>
</Feature>
</Annotation>
<Annotation Id="707" Type="Token" StartNode="1800" EndNode="1806">
<Feature>
  <Name className="java.lang.String">string</Name>
  <Value className="java.lang.String">sniper</Value>
</Feature>
</Annotation>
<Annotation Id="711" Type="Token" StartNode="1809" EndNode="1815">
<Feature>
  <Name className="java.lang.String">string</Name>
  <Value className="java.lang.String">squads</Value>
</Feature>
</Annotation>
<Annotation Id="730" Type="Token" StartNode="1849" EndNode="1860">
<Feature>
  <Name className="java.lang.String">string</Name>
  <Value className="java.lang.String">Interesting</Value>
</Feature>
</Annotation>
<Annotation Id="828" Type="Token" StartNode="2092" EndNode="2101">
<Feature>
  <Name className="java.lang.String">string</Name>
  <Value className="java.lang.String">commented</Value>
</Feature>
</Annotation>
<Annotation Id="790" Type="Token" StartNode="2003" EndNode="2017">
<Feature>
  <Name className="java.lang.String">string</Name>
  <Value className="java.lang.String">counter-sniper</Value>
</Feature>
</Annotation>
<Annotation Id="784" Type="Token" StartNode="1983" EndNode="1992">
<Feature>
  <Name className="java.lang.String">string</Name>
  <Value className="java.lang.String">knowledge</Value>
</Feature>
</Annotation>
<Annotation Id="792" Type="Token" StartNode="2018" EndNode="2025">
<Feature>
  <Name className="java.lang.String">string</Name>
  <Value className="java.lang.String">tactics</Value>
</Feature>
</Annotation>
<Annotation Id="782" Type="Token" StartNode="1974" EndNode="1982">
<Feature>
  <Name className="java.lang.String">string</Name>
  <Value className="java.lang.String">relevant</Value>
</Feature>
</Annotation>
<Annotation Id="883" Type="Token" StartNode="2231" EndNode="2240">
<Feature>
  <Name className="java.lang.String">string</Name>
  <Value className="java.lang.String">positions</Value>
</Feature>
</Annotation>
<Annotation Id="893" Type="Token" StartNode="2255" EndNode="2264">
<Feature>
  <Name className="java.lang.String">string</Name>
  <Value className="java.lang.String">certainly</Value>
</Feature>
</Annotation>
<Annotation Id="895" Type="Token" StartNode="2265" EndNode="2271">
<Feature>
  <Name className="java.lang.String">string</Name>
  <Value className="java.lang.String">needed</Value>
</Feature>
</Annotation>
<Annotation Id="866" Type="Token" StartNode="2183" EndNode="2189">
<Feature>
  <Name className="java.lang.String">string</Name>
  <Value className="java.lang.String">sniper</Value>
</Feature>
</Annotation>
<Annotation Id="873" Type="Token" StartNode="2200" EndNode="2206">
<Feature>
  <Name className="java.lang.String">string</Name>
  <Value className="java.lang.String">coming</Value>
</Feature>
</Annotation>
<Annotation Id="879" Type="Token" StartNode="2218" EndNode="2224">
<Feature>
  <Name className="java.lang.String">string</Name>
  <Value className="java.lang.String">police</Value>
</Feature>
</Annotation>
<Annotation Id="842" Type="Token" StartNode="2129" EndNode="2141">
<Feature>
  <Name className="java.lang.String">string</Name>
  <Value className="java.lang.String">accomplished</Value>
</Feature>
</Annotation>
<Annotation Id="847" Type="Token" StartNode="2146" EndNode="2152">
<Feature>
  <Name className="java.lang.String">string</Name>
  <Value className="java.lang.String">matter</Value>
</Feature>
</Annotation>
<Annotation Id="945" Type="Token" StartNode="2367" EndNode="2373">
<Feature>
  <Name className="java.lang.String">string</Name>
  <Value className="java.lang.String">Sauter</Value>
</Feature>
</Annotation>
<Annotation Id="928" Type="Token" StartNode="2335" EndNode="2342">
<Feature>
  <Name className="java.lang.String">string</Name>
  <Value className="java.lang.String">snipers</Value>
</Feature>
</Annotation>
<Annotation Id="1018" Type="Token" StartNode="2537" EndNode="2544">
<Feature>
  <Name className="java.lang.String">string</Name>
  <Value className="java.lang.String">Precent</Value>
</Feature>
</Annotation>
<Annotation Id="1020" Type="Token" StartNode="2545" EndNode="2551">
<Feature>
  <Name className="java.lang.String">string</Name>
  <Value className="java.lang.String">police</Value>
</Feature>
</Annotation>
<Annotation Id="1022" Type="Token" StartNode="2552" EndNode="2559">
<Feature>
  <Name className="java.lang.String">string</Name>
  <Value className="java.lang.String">station</Value>
</Feature>
</Annotation>
<Annotation Id="1003" Type="Token" StartNode="2498" EndNode="2505">
<Feature>
  <Name className="java.lang.String">string</Name>
  <Value className="java.lang.String">snipers</Value>
</Feature>
</Annotation>
<Annotation Id="1005" Type="Token" StartNode="2506" EndNode="2512">
<Feature>
  <Name className="java.lang.String">string</Name>
  <Value className="java.lang.String">boldly</Value>
</Feature>
</Annotation>
<Annotation Id="986" Type="Token" StartNode="2459" EndNode="2465">
<Feature>
  <Name className="java.lang.String">string</Name>
  <Value className="java.lang.String">troops</Value>
</Feature>
</Annotation>
<Annotation Id="991" Type="Token" StartNode="2471" EndNode="2478">
<Feature>
  <Name className="java.lang.String">string</Name>
  <Value className="java.lang.String">snipers</Value>
</Feature>
</Annotation>
<Annotation Id="977" Type="Token" StartNode="2435" EndNode="2443">
<Feature>
  <Name className="java.lang.String">string</Name>
  <Value className="java.lang.String">alliance</Value>
</Feature>
</Annotation>
<Annotation Id="971" Type="Token" StartNode="2417" EndNode="2425">
<Feature>
  <Name className="java.lang.String">string</Name>
  <Value className="java.lang.String">National</Value>
</Feature>
</Annotation>
<Annotation Id="961" Type="Token" StartNode="2392" EndNode="2399">
<Feature>
  <Name className="java.lang.String">string</Name>
  <Value className="java.lang.String">Despite</Value>
</Feature>
</Annotation>
<Annotation Id="1092" Type="Token" StartNode="2760" EndNode="2766">
<Feature>
  <Name className="java.lang.String">string</Name>
  <Value className="java.lang.String">during</Value>
</Feature>
</Annotation>
<Annotation Id="1113" Type="Token" StartNode="2808" EndNode="2816">
<Feature>
  <Name className="java.lang.String">string</Name>
  <Value className="java.lang.String">admitted</Value>
</Feature>
</Annotation>
<Annotation Id="1105" Type="Token" StartNode="2784" EndNode="2793">
<Feature>
  <Name className="java.lang.String">string</Name>
  <Value className="java.lang.String">newspaper</Value>
</Feature>
</Annotation>
<Annotation Id="1036" Type="Token" StartNode="2586" EndNode="2593">
<Feature>
  <Name className="java.lang.String">string</Name>
  <Value className="java.lang.String">Seventh</Value>
</Feature>
</Annotation>
<Annotation Id="1049" Type="Token" StartNode="2625" EndNode="2635">
<Feature>
  <Name className="java.lang.String">string</Name>
  <Value className="java.lang.String">harassment</Value>
</Feature>
</Annotation>
<Annotation Id="1053" Type="Token" StartNode="2641" EndNode="2648">
<Feature>
  <Name className="java.lang.String">string</Name>
  <Value className="java.lang.String">snipers</Value>
</Feature>
</Annotation>
<Annotation Id="1040" Type="Token" StartNode="2596" EndNode="2603">
<Feature>
  <Name className="java.lang.String">string</Name>
  <Value className="java.lang.String">Firemen</Value>
</Feature>
</Annotation>
<Annotation Id="1047" Type="Token" StartNode="2616" EndNode="2624">
<Feature>
  <Name className="java.lang.String">string</Name>
  <Value className="java.lang.String">constant</Value>
</Feature>
</Annotation>
<Annotation Id="1064" Type="Token" StartNode="2682" EndNode="2689">
<Feature>
  <Name className="java.lang.String">string</Name>
  <Value className="java.lang.String">windows</Value>
</Feature>
</Annotation>
<Annotation Id="1070" Type="Token" StartNode="2698" EndNode="2707">
<Feature>
  <Name className="java.lang.String">string</Name>
  <Value className="java.lang.String">apartment</Value>
</Feature>
</Annotation>
<Annotation Id="1059" Type="Token" StartNode="2660" EndNode="2671">
<Feature>
  <Name className="java.lang.String">string</Name>
  <Value className="java.lang.String">half-closed</Value>
</Feature>
</Annotation>
<Annotation Id="1062" Type="Token" StartNode="2673" EndNode="2681">
<Feature>
  <Name className="java.lang.String">string</Name>
  <Value className="java.lang.String">darkened</Value>
</Feature>
</Annotation>
<Annotation Id="1087" Type="Token" StartNode="2747" EndNode="2754">
<Feature>
  <Name className="java.lang.String">string</Name>
  <Value className="java.lang.String">Detroit</Value>
</Feature>
</Annotation>
<Annotation Id="1072" Type="Token" StartNode="2708" EndNode="2717">
<Feature>
  <Name className="java.lang.String">string</Name>
  <Value className="java.lang.String">buildings</Value>
</Feature>
</Annotation>
<Annotation Id="1078" Type="Token" StartNode="2727" EndNode="2736">
<Feature>
  <Name className="java.lang.String">string</Name>
  <Value className="java.lang.String">roof-tops</Value>
</Feature>
</Annotation>
</AnnotationSet>
<AnnotationSet Name="Original markups"> </AnnotationSet>
</GateDocument>