<?xml version='1.0' encoding='UTF-8'?>
<GateDocument version="3">
<!-- The document's features-->

<GateDocumentFeatures>
<Feature>
  <Name className="java.lang.String">Original_document_content_on_load</Name>
  <Value className="java.lang.String">Message-ID: &lt;1993Apr15.171640.3116@msus1.msus.edu>
From: stigaard@mhd.moorhead.msus.edu
Date: 15 Apr 93 17:16:40 -0600
Reply-To: stigaard@mhd.moorhead.msus.edu
References: &lt;1pumpt$c03@usenet.INS.CWRU.Edu> &lt;1qhl95$2ij@usenet.INS.CWRU.Edu>,&lt;1qi59v$fku@agate.berkeley.edu>
Organization: Moorhead State University, Moorhead, MN
Nntp-Posting-Host: 134.29.97.2
Lines: 23

>>>667
>>>the neighbor of the beast
>>
>>No, 667 is across the street from the beast.  664 and 668 are the
>>neighbors of the beast.
>
>I think some people are still not clear on this:
>667 is *not* the neighbor of the beast, but, rather, across the
>street. It is, in fact, 668 which is the neighbor of the beast.

no, sheesh, didn't you know 666 is the beast's apartment?  667 is across the
hall from the beast, and is his neighbor along with the rest of the 6th floor.

>Justin (still trying to figure out what this has to do with alt.discordia)

This doesn't seem discordant to you?

-----------------------     ----------------------     -----------------------
	-Paul W. Stigaard, Lokean Discordian Libertarian
  !XOA!		internet:  stigaard@mhd1.moorhead.msus.edu
 (fnord)       Episkopos and Chair, Moorhead State University Campus Discordians
		Rectal neufotomist at large
     "If I left a quote here, someone would think it meant something."
</Value>
</Feature>
<Feature>
  <Name className="java.lang.String">gate.SourceURL</Name>
  <Value className="java.lang.String">file:/C:/Users/jian/Documents/NetBeansProjects/NoiseReductionTechniques/mideastPoliticsMix/negative335</Value>
</Feature>
</GateDocumentFeatures>
<!-- The document content area with serialized nodes -->

<TextWithNodes><Node id="0"/>Message-<Node id="8"/>ID<Node id="10"/>:<Node id="11"/> <Node id="12"/>&lt;<Node id="13"/>1993<Node id="17"/>Apr<Node id="20"/>15<Node id="22"/>.<Node id="23"/>171640<Node id="29"/>.<Node id="30"/>3116<Node id="34"/>@<Node id="35"/>msus<Node id="39"/>1<Node id="40"/>.<Node id="41"/>msus<Node id="45"/>.<Node id="46"/>edu<Node id="49"/>&gt;<Node id="50"/>
<Node id="51"/>From<Node id="55"/>:<Node id="56"/> <Node id="57"/>stigaard<Node id="65"/>@<Node id="66"/>mhd<Node id="69"/>.<Node id="70"/>moorhead<Node id="78"/>.<Node id="79"/>msus<Node id="83"/>.<Node id="84"/>edu<Node id="87"/>
<Node id="88"/>Date<Node id="92"/>:<Node id="93"/> <Node id="94"/>15<Node id="96"/> <Node id="97"/>Apr<Node id="100"/> <Node id="101"/>93<Node id="103"/> <Node id="104"/>17<Node id="106"/>:<Node id="107"/>16<Node id="109"/>:<Node id="110"/>40<Node id="112"/> <Node id="113"/>-<Node id="114"/>0600<Node id="118"/>
<Node id="119"/>Reply-<Node id="125"/>To<Node id="127"/>:<Node id="128"/> <Node id="129"/>stigaard<Node id="137"/>@<Node id="138"/>mhd<Node id="141"/>.<Node id="142"/>moorhead<Node id="150"/>.<Node id="151"/>msus<Node id="155"/>.<Node id="156"/>edu<Node id="159"/>
<Node id="160"/>References<Node id="170"/>:<Node id="171"/> <Node id="172"/>&lt;<Node id="173"/>1<Node id="174"/>pumpt<Node id="179"/>$<Node id="180"/>c<Node id="181"/>03<Node id="183"/>@<Node id="184"/>usenet<Node id="190"/>.<Node id="191"/>INS<Node id="194"/>.<Node id="195"/>CWRU<Node id="199"/>.<Node id="200"/>Edu<Node id="203"/>&gt;<Node id="204"/> <Node id="205"/>&lt;<Node id="206"/>1<Node id="207"/>qhl<Node id="210"/>95<Node id="212"/>$<Node id="213"/>2<Node id="214"/>ij<Node id="216"/>@<Node id="217"/>usenet<Node id="223"/>.<Node id="224"/>INS<Node id="227"/>.<Node id="228"/>CWRU<Node id="232"/>.<Node id="233"/>Edu<Node id="236"/>&gt;<Node id="237"/>,<Node id="238"/>&lt;<Node id="239"/>1<Node id="240"/>qi<Node id="242"/>59<Node id="244"/>v<Node id="245"/>$<Node id="246"/>fku<Node id="249"/>@<Node id="250"/>agate<Node id="255"/>.<Node id="256"/>berkeley<Node id="264"/>.<Node id="265"/>edu<Node id="268"/>&gt;<Node id="269"/>
<Node id="270"/>Organization<Node id="282"/>:<Node id="283"/> <Node id="284"/>Moorhead<Node id="292"/> <Node id="293"/>State<Node id="298"/> <Node id="299"/>University<Node id="309"/>,<Node id="310"/> <Node id="311"/>Moorhead<Node id="319"/>,<Node id="320"/> <Node id="321"/>MN<Node id="323"/>
<Node id="324"/>Nntp-<Node id="329"/>Posting-<Node id="337"/>Host<Node id="341"/>:<Node id="342"/> <Node id="343"/>134<Node id="346"/>.<Node id="347"/>29<Node id="349"/>.<Node id="350"/>97<Node id="352"/>.<Node id="353"/>2<Node id="354"/>
<Node id="355"/>Lines<Node id="360"/>:<Node id="361"/> <Node id="362"/>23<Node id="364"/>
<Node id="365"/>
<Node id="366"/>&gt;<Node id="367"/>&gt;<Node id="368"/>&gt;<Node id="369"/>667<Node id="372"/>
<Node id="373"/>&gt;<Node id="374"/>&gt;<Node id="375"/>&gt;<Node id="376"/>the<Node id="379"/> <Node id="380"/>neighbor<Node id="388"/> <Node id="389"/>of<Node id="391"/> <Node id="392"/>the<Node id="395"/> <Node id="396"/>beast<Node id="401"/>
<Node id="402"/>&gt;<Node id="403"/>&gt;<Node id="404"/>
<Node id="405"/>&gt;<Node id="406"/>&gt;<Node id="407"/>No<Node id="409"/>,<Node id="410"/> <Node id="411"/>667<Node id="414"/> <Node id="415"/>is<Node id="417"/> <Node id="418"/>across<Node id="424"/> <Node id="425"/>the<Node id="428"/> <Node id="429"/>street<Node id="435"/> <Node id="436"/>from<Node id="440"/> <Node id="441"/>the<Node id="444"/> <Node id="445"/>beast<Node id="450"/>.<Node id="451"/> <Node id="452"/> <Node id="453"/>664<Node id="456"/> <Node id="457"/>and<Node id="460"/> <Node id="461"/>668<Node id="464"/> <Node id="465"/>are<Node id="468"/> <Node id="469"/>the<Node id="472"/>
<Node id="473"/>&gt;<Node id="474"/>&gt;<Node id="475"/>neighbors<Node id="484"/> <Node id="485"/>of<Node id="487"/> <Node id="488"/>the<Node id="491"/> <Node id="492"/>beast<Node id="497"/>.<Node id="498"/>
<Node id="499"/>&gt;<Node id="500"/>
<Node id="501"/>&gt;<Node id="502"/>I<Node id="503"/> <Node id="504"/>think<Node id="509"/> <Node id="510"/>some<Node id="514"/> <Node id="515"/>people<Node id="521"/> <Node id="522"/>are<Node id="525"/> <Node id="526"/>still<Node id="531"/> <Node id="532"/>not<Node id="535"/> <Node id="536"/>clear<Node id="541"/> <Node id="542"/>on<Node id="544"/> <Node id="545"/>this<Node id="549"/>:<Node id="550"/>
<Node id="551"/>&gt;<Node id="552"/>667<Node id="555"/> <Node id="556"/>is<Node id="558"/> <Node id="559"/>*<Node id="560"/>not<Node id="563"/>*<Node id="564"/> <Node id="565"/>the<Node id="568"/> <Node id="569"/>neighbor<Node id="577"/> <Node id="578"/>of<Node id="580"/> <Node id="581"/>the<Node id="584"/> <Node id="585"/>beast<Node id="590"/>,<Node id="591"/> <Node id="592"/>but<Node id="595"/>,<Node id="596"/> <Node id="597"/>rather<Node id="603"/>,<Node id="604"/> <Node id="605"/>across<Node id="611"/> <Node id="612"/>the<Node id="615"/>
<Node id="616"/>&gt;<Node id="617"/>street<Node id="623"/>.<Node id="624"/> <Node id="625"/>It<Node id="627"/> <Node id="628"/>is<Node id="630"/>,<Node id="631"/> <Node id="632"/>in<Node id="634"/> <Node id="635"/>fact<Node id="639"/>,<Node id="640"/> <Node id="641"/>668<Node id="644"/> <Node id="645"/>which<Node id="650"/> <Node id="651"/>is<Node id="653"/> <Node id="654"/>the<Node id="657"/> <Node id="658"/>neighbor<Node id="666"/> <Node id="667"/>of<Node id="669"/> <Node id="670"/>the<Node id="673"/> <Node id="674"/>beast<Node id="679"/>.<Node id="680"/>
<Node id="681"/>
<Node id="682"/>no<Node id="684"/>,<Node id="685"/> <Node id="686"/>sheesh<Node id="692"/>,<Node id="693"/> <Node id="694"/>did<Node id="697"/>n't<Node id="700"/> <Node id="701"/>you<Node id="704"/> <Node id="705"/>know<Node id="709"/> <Node id="710"/>666<Node id="713"/> <Node id="714"/>is<Node id="716"/> <Node id="717"/>the<Node id="720"/> <Node id="721"/>beast<Node id="726"/>'s<Node id="728"/> <Node id="729"/>apartment<Node id="738"/>?<Node id="739"/> <Node id="740"/> <Node id="741"/>667<Node id="744"/> <Node id="745"/>is<Node id="747"/> <Node id="748"/>across<Node id="754"/> <Node id="755"/>the<Node id="758"/>
<Node id="759"/>hall<Node id="763"/> <Node id="764"/>from<Node id="768"/> <Node id="769"/>the<Node id="772"/> <Node id="773"/>beast<Node id="778"/>,<Node id="779"/> <Node id="780"/>and<Node id="783"/> <Node id="784"/>is<Node id="786"/> <Node id="787"/>his<Node id="790"/> <Node id="791"/>neighbor<Node id="799"/> <Node id="800"/>along<Node id="805"/> <Node id="806"/>with<Node id="810"/> <Node id="811"/>the<Node id="814"/> <Node id="815"/>rest<Node id="819"/> <Node id="820"/>of<Node id="822"/> <Node id="823"/>the<Node id="826"/> <Node id="827"/>6th<Node id="830"/> <Node id="831"/>floor<Node id="836"/>.<Node id="837"/>
<Node id="838"/>
<Node id="839"/>&gt;<Node id="840"/>Justin<Node id="846"/> <Node id="847"/>(<Node id="848"/>still<Node id="853"/> <Node id="854"/>trying<Node id="860"/> <Node id="861"/>to<Node id="863"/> <Node id="864"/>figure<Node id="870"/> <Node id="871"/>out<Node id="874"/> <Node id="875"/>what<Node id="879"/> <Node id="880"/>this<Node id="884"/> <Node id="885"/>has<Node id="888"/> <Node id="889"/>to<Node id="891"/> <Node id="892"/>do<Node id="894"/> <Node id="895"/>with<Node id="899"/> <Node id="900"/>alt<Node id="903"/>.<Node id="904"/>discordia<Node id="913"/>)<Node id="914"/>
<Node id="915"/>
<Node id="916"/>This<Node id="920"/> <Node id="921"/>does<Node id="925"/>n't<Node id="928"/> <Node id="929"/>seem<Node id="933"/> <Node id="934"/>discordant<Node id="944"/> <Node id="945"/>to<Node id="947"/> <Node id="948"/>you<Node id="951"/>?<Node id="952"/>
<Node id="953"/>
<Node id="954"/>-<Node id="955"/>-<Node id="956"/>-<Node id="957"/>-<Node id="958"/>-<Node id="959"/>-<Node id="960"/>-<Node id="961"/>-<Node id="962"/>-<Node id="963"/>-<Node id="964"/>-<Node id="965"/>-<Node id="966"/>-<Node id="967"/>-<Node id="968"/>-<Node id="969"/>-<Node id="970"/>-<Node id="971"/>-<Node id="972"/>-<Node id="973"/>-<Node id="974"/>-<Node id="975"/>-<Node id="976"/>-<Node id="977"/> <Node id="978"/> <Node id="979"/> <Node id="980"/> <Node id="981"/> <Node id="982"/>-<Node id="983"/>-<Node id="984"/>-<Node id="985"/>-<Node id="986"/>-<Node id="987"/>-<Node id="988"/>-<Node id="989"/>-<Node id="990"/>-<Node id="991"/>-<Node id="992"/>-<Node id="993"/>-<Node id="994"/>-<Node id="995"/>-<Node id="996"/>-<Node id="997"/>-<Node id="998"/>-<Node id="999"/>-<Node id="1000"/>-<Node id="1001"/>-<Node id="1002"/>-<Node id="1003"/>-<Node id="1004"/> <Node id="1005"/> <Node id="1006"/> <Node id="1007"/> <Node id="1008"/> <Node id="1009"/>-<Node id="1010"/>-<Node id="1011"/>-<Node id="1012"/>-<Node id="1013"/>-<Node id="1014"/>-<Node id="1015"/>-<Node id="1016"/>-<Node id="1017"/>-<Node id="1018"/>-<Node id="1019"/>-<Node id="1020"/>-<Node id="1021"/>-<Node id="1022"/>-<Node id="1023"/>-<Node id="1024"/>-<Node id="1025"/>-<Node id="1026"/>-<Node id="1027"/>-<Node id="1028"/>-<Node id="1029"/>-<Node id="1030"/>-<Node id="1031"/>-<Node id="1032"/>
<Node id="1033"/>	<Node id="1034"/>-<Node id="1035"/>Paul<Node id="1039"/> <Node id="1040"/>W<Node id="1041"/>.<Node id="1042"/> <Node id="1043"/>Stigaard<Node id="1051"/>,<Node id="1052"/> <Node id="1053"/>Lokean<Node id="1059"/> <Node id="1060"/>Discordian<Node id="1070"/> <Node id="1071"/>Libertarian<Node id="1082"/>
<Node id="1083"/> <Node id="1084"/> <Node id="1085"/>!<Node id="1086"/>XOA<Node id="1089"/>!<Node id="1090"/>	<Node id="1091"/>	<Node id="1092"/>internet<Node id="1100"/>:<Node id="1101"/> <Node id="1102"/> <Node id="1103"/>stigaard<Node id="1111"/>@<Node id="1112"/>mhd<Node id="1115"/>1<Node id="1116"/>.<Node id="1117"/>moorhead<Node id="1125"/>.<Node id="1126"/>msus<Node id="1130"/>.<Node id="1131"/>edu<Node id="1134"/>
<Node id="1135"/> <Node id="1136"/>(<Node id="1137"/>fnord<Node id="1142"/>)<Node id="1143"/> <Node id="1144"/> <Node id="1145"/> <Node id="1146"/> <Node id="1147"/> <Node id="1148"/> <Node id="1149"/> <Node id="1150"/>Episkopos<Node id="1159"/> <Node id="1160"/>and<Node id="1163"/> <Node id="1164"/>Chair<Node id="1169"/>,<Node id="1170"/> <Node id="1171"/>Moorhead<Node id="1179"/> <Node id="1180"/>State<Node id="1185"/> <Node id="1186"/>University<Node id="1196"/> <Node id="1197"/>Campus<Node id="1203"/> <Node id="1204"/>Discordians<Node id="1215"/>
<Node id="1216"/>	<Node id="1217"/>	<Node id="1218"/>Rectal<Node id="1224"/> <Node id="1225"/>neufotomist<Node id="1236"/> <Node id="1237"/>at<Node id="1239"/> <Node id="1240"/>large<Node id="1245"/>
<Node id="1246"/> <Node id="1247"/> <Node id="1248"/> <Node id="1249"/> <Node id="1250"/> <Node id="1251"/>"<Node id="1252"/>If<Node id="1254"/> <Node id="1255"/>I<Node id="1256"/> <Node id="1257"/>left<Node id="1261"/> <Node id="1262"/>a<Node id="1263"/> <Node id="1264"/>quote<Node id="1269"/> <Node id="1270"/>here<Node id="1274"/>,<Node id="1275"/> <Node id="1276"/>someone<Node id="1283"/> <Node id="1284"/>would<Node id="1289"/> <Node id="1290"/>think<Node id="1295"/> <Node id="1296"/>it<Node id="1298"/> <Node id="1299"/>meant<Node id="1304"/> <Node id="1305"/>something<Node id="1314"/>.<Node id="1315"/>"<Node id="1316"/>
<Node id="1317"/></TextWithNodes>
<!-- The default annotation set -->

<AnnotationSet>
<Annotation EndNode="1317" StartNode="0" Type="Mention" Id="9999999">
<Feature>
<Name classname="java.lang.String">Class</Name>
<Value classname="java.lang.String">0</Value>
</Feature>
</Annotation>

<Annotation Id="0" Type="Token" StartNode="0" EndNode="8">
<Feature>
  <Name className="java.lang.String">string</Name>
  <Value className="java.lang.String">Message-</Value>
</Feature>
</Annotation>
<Annotation Id="9" Type="Token" StartNode="23" EndNode="29">
</Annotation>
<Annotation Id="24" Type="Token" StartNode="57" EndNode="65">
<Feature>
  <Name className="java.lang.String">string</Name>
  <Value className="java.lang.String">stigaard</Value>
</Feature>
</Annotation>
<Annotation Id="28" Type="Token" StartNode="70" EndNode="78">
<Feature>
  <Name className="java.lang.String">string</Name>
  <Value className="java.lang.String">moorhead</Value>
</Feature>
</Annotation>
<Annotation Id="52" Type="Token" StartNode="119" EndNode="125">
<Feature>
  <Name className="java.lang.String">string</Name>
  <Value className="java.lang.String">Reply-</Value>
</Feature>
</Annotation>
<Annotation Id="56" Type="Token" StartNode="129" EndNode="137">
<Feature>
  <Name className="java.lang.String">string</Name>
  <Value className="java.lang.String">stigaard</Value>
</Feature>
</Annotation>
<Annotation Id="60" Type="Token" StartNode="142" EndNode="150">
<Feature>
  <Name className="java.lang.String">string</Name>
  <Value className="java.lang.String">moorhead</Value>
</Feature>
</Annotation>
<Annotation Id="66" Type="Token" StartNode="160" EndNode="170">
<Feature>
  <Name className="java.lang.String">string</Name>
  <Value className="java.lang.String">References</Value>
</Feature>
</Annotation>
<Annotation Id="76" Type="Token" StartNode="184" EndNode="190">
<Feature>
  <Name className="java.lang.String">string</Name>
  <Value className="java.lang.String">usenet</Value>
</Feature>
</Annotation>
<Annotation Id="93" Type="Token" StartNode="217" EndNode="223">
<Feature>
  <Name className="java.lang.String">string</Name>
  <Value className="java.lang.String">usenet</Value>
</Feature>
</Annotation>
<Annotation Id="117" Type="Token" StartNode="270" EndNode="282">
<Feature>
  <Name className="java.lang.String">string</Name>
  <Value className="java.lang.String">Organization</Value>
</Feature>
</Annotation>
<Annotation Id="112" Type="Token" StartNode="256" EndNode="264">
<Feature>
  <Name className="java.lang.String">string</Name>
  <Value className="java.lang.String">berkeley</Value>
</Feature>
</Annotation>
<Annotation Id="127" Type="Token" StartNode="311" EndNode="319">
<Feature>
  <Name className="java.lang.String">string</Name>
  <Value className="java.lang.String">Moorhead</Value>
</Feature>
</Annotation>
<Annotation Id="124" Type="Token" StartNode="299" EndNode="309">
<Feature>
  <Name className="java.lang.String">string</Name>
  <Value className="java.lang.String">University</Value>
</Feature>
</Annotation>
<Annotation Id="120" Type="Token" StartNode="284" EndNode="292">
<Feature>
  <Name className="java.lang.String">string</Name>
  <Value className="java.lang.String">Moorhead</Value>
</Feature>
</Annotation>
<Annotation Id="133" Type="Token" StartNode="329" EndNode="337">
<Feature>
  <Name className="java.lang.String">string</Name>
  <Value className="java.lang.String">Posting-</Value>
</Feature>
</Annotation>
<Annotation Id="161" Type="Token" StartNode="380" EndNode="388">
<Feature>
  <Name className="java.lang.String">string</Name>
  <Value className="java.lang.String">neighbor</Value>
</Feature>
</Annotation>
<Annotation Id="185" Type="Token" StartNode="429" EndNode="435">
<Feature>
  <Name className="java.lang.String">string</Name>
  <Value className="java.lang.String">street</Value>
</Feature>
</Annotation>
<Annotation Id="181" Type="Token" StartNode="418" EndNode="424">
<Feature>
  <Name className="java.lang.String">string</Name>
  <Value className="java.lang.String">across</Value>
</Feature>
</Annotation>
<Annotation Id="207" Type="Token" StartNode="475" EndNode="484">
<Feature>
  <Name className="java.lang.String">string</Name>
  <Value className="java.lang.String">neighbors</Value>
</Feature>
</Annotation>
<Annotation Id="225" Type="Token" StartNode="515" EndNode="521">
<Feature>
  <Name className="java.lang.String">string</Name>
  <Value className="java.lang.String">people</Value>
</Feature>
</Annotation>
<Annotation Id="251" Type="Token" StartNode="569" EndNode="577">
<Feature>
  <Name className="java.lang.String">string</Name>
  <Value className="java.lang.String">neighbor</Value>
</Feature>
</Annotation>
<Annotation Id="263" Type="Token" StartNode="597" EndNode="603">
<Feature>
  <Name className="java.lang.String">string</Name>
  <Value className="java.lang.String">rather</Value>
</Feature>
</Annotation>
<Annotation Id="266" Type="Token" StartNode="605" EndNode="611">
<Feature>
  <Name className="java.lang.String">string</Name>
  <Value className="java.lang.String">across</Value>
</Feature>
</Annotation>
<Annotation Id="271" Type="Token" StartNode="617" EndNode="623">
<Feature>
  <Name className="java.lang.String">string</Name>
  <Value className="java.lang.String">street</Value>
</Feature>
</Annotation>
<Annotation Id="305" Type="Token" StartNode="686" EndNode="692">
<Feature>
  <Name className="java.lang.String">string</Name>
  <Value className="java.lang.String">sheesh</Value>
</Feature>
</Annotation>
<Annotation Id="292" Type="Token" StartNode="658" EndNode="666">
<Feature>
  <Name className="java.lang.String">string</Name>
  <Value className="java.lang.String">neighbor</Value>
</Feature>
</Annotation>
<Annotation Id="326" Type="Token" StartNode="729" EndNode="738">
<Feature>
  <Name className="java.lang.String">string</Name>
  <Value className="java.lang.String">apartment</Value>
</Feature>
</Annotation>
<Annotation Id="334" Type="Token" StartNode="748" EndNode="754">
<Feature>
  <Name className="java.lang.String">string</Name>
  <Value className="java.lang.String">across</Value>
</Feature>
</Annotation>
<Annotation Id="375" Type="Token" StartNode="840" EndNode="846">
<Feature>
  <Name className="java.lang.String">string</Name>
  <Value className="java.lang.String">Justin</Value>
</Feature>
</Annotation>
<Annotation Id="380" Type="Token" StartNode="854" EndNode="860">
<Feature>
  <Name className="java.lang.String">string</Name>
  <Value className="java.lang.String">trying</Value>
</Feature>
</Annotation>
<Annotation Id="353" Type="Token" StartNode="791" EndNode="799">
<Feature>
  <Name className="java.lang.String">string</Name>
  <Value className="java.lang.String">neighbor</Value>
</Feature>
</Annotation>
<Annotation Id="414" Type="Token" StartNode="934" EndNode="944">
<Feature>
  <Name className="java.lang.String">string</Name>
  <Value className="java.lang.String">discordant</Value>
</Feature>
</Annotation>
<Annotation Id="402" Type="Token" StartNode="904" EndNode="913">
<Feature>
  <Name className="java.lang.String">string</Name>
  <Value className="java.lang.String">discordia</Value>
</Feature>
</Annotation>
<Annotation Id="384" Type="Token" StartNode="864" EndNode="870">
<Feature>
  <Name className="java.lang.String">string</Name>
  <Value className="java.lang.String">figure</Value>
</Feature>
</Annotation>
<Annotation Id="508" Type="Token" StartNode="1043" EndNode="1051">
<Feature>
  <Name className="java.lang.String">string</Name>
  <Value className="java.lang.String">Stigaard</Value>
</Feature>
</Annotation>
<Annotation Id="511" Type="Token" StartNode="1053" EndNode="1059">
<Feature>
  <Name className="java.lang.String">string</Name>
  <Value className="java.lang.String">Lokean</Value>
</Feature>
</Annotation>
<Annotation Id="550" Type="Token" StartNode="1150" EndNode="1159">
<Feature>
  <Name className="java.lang.String">string</Name>
  <Value className="java.lang.String">Episkopos</Value>
</Feature>
</Annotation>
<Annotation Id="557" Type="Token" StartNode="1171" EndNode="1179">
<Feature>
  <Name className="java.lang.String">string</Name>
  <Value className="java.lang.String">Moorhead</Value>
</Feature>
</Annotation>
<Annotation Id="565" Type="Token" StartNode="1204" EndNode="1215">
<Feature>
  <Name className="java.lang.String">string</Name>
  <Value className="java.lang.String">Discordians</Value>
</Feature>
</Annotation>
<Annotation Id="563" Type="Token" StartNode="1197" EndNode="1203">
<Feature>
  <Name className="java.lang.String">string</Name>
  <Value className="java.lang.String">Campus</Value>
</Feature>
</Annotation>
<Annotation Id="561" Type="Token" StartNode="1186" EndNode="1196">
<Feature>
  <Name className="java.lang.String">string</Name>
  <Value className="java.lang.String">University</Value>
</Feature>
</Annotation>
<Annotation Id="571" Type="Token" StartNode="1225" EndNode="1236">
<Feature>
  <Name className="java.lang.String">string</Name>
  <Value className="java.lang.String">neufotomist</Value>
</Feature>
</Annotation>
<Annotation Id="569" Type="Token" StartNode="1218" EndNode="1224">
<Feature>
  <Name className="java.lang.String">string</Name>
  <Value className="java.lang.String">Rectal</Value>
</Feature>
</Annotation>
<Annotation Id="513" Type="Token" StartNode="1060" EndNode="1070">
<Feature>
  <Name className="java.lang.String">string</Name>
  <Value className="java.lang.String">Discordian</Value>
</Feature>
</Annotation>
<Annotation Id="515" Type="Token" StartNode="1071" EndNode="1082">
<Feature>
  <Name className="java.lang.String">string</Name>
  <Value className="java.lang.String">Libertarian</Value>
</Feature>
</Annotation>
<Annotation Id="524" Type="Token" StartNode="1092" EndNode="1100">
<Feature>
  <Name className="java.lang.String">string</Name>
  <Value className="java.lang.String">internet</Value>
</Feature>
</Annotation>
<Annotation Id="533" Type="Token" StartNode="1117" EndNode="1125">
<Feature>
  <Name className="java.lang.String">string</Name>
  <Value className="java.lang.String">moorhead</Value>
</Feature>
</Annotation>
<Annotation Id="528" Type="Token" StartNode="1103" EndNode="1111">
<Feature>
  <Name className="java.lang.String">string</Name>
  <Value className="java.lang.String">stigaard</Value>
</Feature>
</Annotation>
<Annotation Id="596" Type="Token" StartNode="1276" EndNode="1283">
<Feature>
  <Name className="java.lang.String">string</Name>
  <Value className="java.lang.String">someone</Value>
</Feature>
</Annotation>
<Annotation Id="606" Type="Token" StartNode="1305" EndNode="1314">
<Feature>
  <Name className="java.lang.String">string</Name>
  <Value className="java.lang.String">something</Value>
</Feature>
</Annotation>
</AnnotationSet>
<AnnotationSet Name="Original markups"> </AnnotationSet>
</GateDocument>