<?xml version='1.0' encoding='UTF-8'?>
<GateDocument version="3">
<!-- The document's features-->

<GateDocumentFeatures>
<Feature>
  <Name className="java.lang.String">Original_document_content_on_load</Name>
  <Value className="java.lang.String"><![CDATA[From: holland@CS.ColoState.EDU (douglas craig holland)
Sender: news@yuma.ACNS.ColoState.EDU (News Account)
Message-ID: <Apr15.032620.75908@yuma.ACNS.ColoState.EDU>
Date: Thu, 15 Apr 1993 03:26:20 GMT
References: <shepardC5FtLs.681@netcom.com> <1993Apr13.221936.28301@watson.ibm.com>
Nntp-Posting-Host: beethoven.cs.colostate.edu
Organization: Colorado State University, Computer Science Department
Lines: 102

In article <1993Apr13.221936.28301@watson.ibm.com> mjp@vnet.ibm.com (Michael J. Phelps) writes:
>
>In article <shepardC5FtLs.681@netcom.com>, shepard@netcom.com (Mark Shepard)
>writes:
>|> How effective are personal defense products like mace, pepper-spray,
>|> tasers and other non-lethal "stun" devices compared to handguns?
>|> Any statistics on #'s and types in use?
>|> 
>|> These products seem very attractive compared to handguns
>|> because, being non-lethal, they are more "forgiving" of accident or
>|> mistakes/wrongful shooting (such as the Yoshi Hattori case), and
>|> allow the justice system to deal with the criminal (rather than
>|> criminals simply being _dead_, which has a certain "vigilante feel"
>|> which seems to bother anti-gun people).
>
>The "more forgiving" nature also has its down side; it allows a criminal
>to use them w/o the ADW [assault with a deadly weapon] charge.  They also
>can have lethal or dangerous side effects -
> - some people have violent reactions to mace/pepper sprays
> - stun guns can harm people with weak hearts
> - people have suffered eye damage from mace; the stuff that is available
>   now is less concentrated than it used to be.
> - some of the spray propellents are flammable
>
>|> 
>|> The arguments I see _against_ these non-lethal weapons compared to
>|> handguns are lack of range, lack of "stopping power" or effectiveness,
>|> and limited "ammo".  True?  How about cost?
>
>Sprays
>
>- using any of the spray based [eg mace, pepper] indoors is bound to
>  affect anyone else in the room (like the victim) due to the nature
>  of the stuff.
>
>- using the sprays outdoors in any sort of breeze mitigates its 
>  effectiveness.
>
>- from reading various articles, it appears that mace, especially the
>  mace available to citizens, is pretty ineffective on people under
>  the influence of drugs or alcohol.
>
>- pepper spray appears to be more effective, but has the inherent spray
>  delivery problem.  It still does not appear to be anything better than
>  a distraction that might buy you time to run like hell [if you can].
>
>Consider that running like hell isn't always a viable solution.  For
>example, if you are dressed in boots and the assailent is dressed in
>sneakers .. you might have a tough time outrunning them!
>
>Tasars and Stun Guns
>
>- require contact with skin for max effectiveness; a jacket [like a 
>  leather one] will mitigate its effectiveness
>
>- the user must be extremely close to the assailent; that puts them
>  at a considerable risk of injury. 
>
>- the user must keep the stun gun in contact with the assailent for some
>  non negligible period of time.
>
>- tasar darts can be pulled out.
>
>Consider the problem a small women would have keeping a stun gun in 
>contact with a average size man for any length of time w/o sustaining
>serious injury.
>
>|> 
>|> Have any anti-gun groups suggested non-lethal weapons, to counter
>|> the pro-gun argument that people will be left defenseless?
>
>I haven't heard of any.  Generally they contend that people don't
>need to [or aren't able] to defend themselves.
>
>|> 
>|> And, what legal restrictions/licensing apply to non-lethal devices?
>
>Civilian ownership of stun guns is frequently illegal [NY].  The sprays
>are also illegal in some states.  Believe it or not, they are still 
>illegal in NY, although about half the state thinks they are legal!
>[I believe that NY almost legalized them; i have heard that the reason
>they didn't was due to their ineffectiveness]
>
>I feel that the sprays are better than nothing, but only if the user
>does not believe the hype ["this'll drop 'em in their tracks" stuff]
>and uses it as a diversion o_n_l_y .
>- 
>|> 
>|> 	MarkS
>|> --
>|> Mark Shepard | shepard@netcom.com | Portola Valley, CA
>
>-- 
>Michael Phelps, (external) mjp@vnet.ibm.com ..
>                (internal) mjp@bwa.kgn.ibm.com .. mjp at kgnvmy         
> (and last but not least a disclaimer)  These opinions are mine..       

What about guns with non-lethal bullets, like rubber or plastic bullets. Would
those work very well in stopping an attack?

						Doug Holland

]]></Value>
</Feature>
<Feature>
  <Name className="java.lang.String">gate.SourceURL</Name>
  <Value className="java.lang.String">file:/C:/Users/jian/Documents/NetBeansProjects/NoiseReductionTechniques/mideastPoliticsMix/negative1131</Value>
</Feature>
</GateDocumentFeatures>
<!-- The document content area with serialized nodes -->

<TextWithNodes><Node id="0"/>From<Node id="4"/>:<Node id="5"/> <Node id="6"/>holland<Node id="13"/>@<Node id="14"/>CS<Node id="16"/>.<Node id="17"/>ColoState<Node id="26"/>.<Node id="27"/>EDU<Node id="30"/> <Node id="31"/>(<Node id="32"/>douglas<Node id="39"/> <Node id="40"/>craig<Node id="45"/> <Node id="46"/>holland<Node id="53"/>)<Node id="54"/>
<Node id="55"/>Sender<Node id="61"/>:<Node id="62"/> <Node id="63"/>news<Node id="67"/>@<Node id="68"/>yuma<Node id="72"/>.<Node id="73"/>ACNS<Node id="77"/>.<Node id="78"/>ColoState<Node id="87"/>.<Node id="88"/>EDU<Node id="91"/> <Node id="92"/>(<Node id="93"/>News<Node id="97"/> <Node id="98"/>Account<Node id="105"/>)<Node id="106"/>
<Node id="107"/>Message-<Node id="115"/>ID<Node id="117"/>:<Node id="118"/> <Node id="119"/>&lt;<Node id="120"/>Apr<Node id="123"/>15<Node id="125"/>.<Node id="126"/>032620<Node id="132"/>.<Node id="133"/>75908<Node id="138"/>@<Node id="139"/>yuma<Node id="143"/>.<Node id="144"/>ACNS<Node id="148"/>.<Node id="149"/>ColoState<Node id="158"/>.<Node id="159"/>EDU<Node id="162"/>&gt;<Node id="163"/>
<Node id="164"/>Date<Node id="168"/>:<Node id="169"/> <Node id="170"/>Thu<Node id="173"/>,<Node id="174"/> <Node id="175"/>15<Node id="177"/> <Node id="178"/>Apr<Node id="181"/> <Node id="182"/>1993<Node id="186"/> <Node id="187"/>03<Node id="189"/>:<Node id="190"/>26<Node id="192"/>:<Node id="193"/>20<Node id="195"/> <Node id="196"/>GMT<Node id="199"/>
<Node id="200"/>References<Node id="210"/>:<Node id="211"/> <Node id="212"/>&lt;<Node id="213"/>shepardC<Node id="221"/>5<Node id="222"/>FtLs<Node id="226"/>.<Node id="227"/>681<Node id="230"/>@<Node id="231"/>netcom<Node id="237"/>.<Node id="238"/>com<Node id="241"/>&gt;<Node id="242"/> <Node id="243"/>&lt;<Node id="244"/>1993<Node id="248"/>Apr<Node id="251"/>13<Node id="253"/>.<Node id="254"/>221936<Node id="260"/>.<Node id="261"/>28301<Node id="266"/>@<Node id="267"/>watson<Node id="273"/>.<Node id="274"/>ibm<Node id="277"/>.<Node id="278"/>com<Node id="281"/>&gt;<Node id="282"/>
<Node id="283"/>Nntp-<Node id="288"/>Posting-<Node id="296"/>Host<Node id="300"/>:<Node id="301"/> <Node id="302"/>beethoven<Node id="311"/>.<Node id="312"/>cs<Node id="314"/>.<Node id="315"/>colostate<Node id="324"/>.<Node id="325"/>edu<Node id="328"/>
<Node id="329"/>Organization<Node id="341"/>:<Node id="342"/> <Node id="343"/>Colorado<Node id="351"/> <Node id="352"/>State<Node id="357"/> <Node id="358"/>University<Node id="368"/>,<Node id="369"/> <Node id="370"/>Computer<Node id="378"/> <Node id="379"/>Science<Node id="386"/> <Node id="387"/>Department<Node id="397"/>
<Node id="398"/>Lines<Node id="403"/>:<Node id="404"/> <Node id="405"/>102<Node id="408"/>
<Node id="409"/>
<Node id="410"/>In<Node id="412"/> <Node id="413"/>article<Node id="420"/> <Node id="421"/>&lt;<Node id="422"/>1993<Node id="426"/>Apr<Node id="429"/>13<Node id="431"/>.<Node id="432"/>221936<Node id="438"/>.<Node id="439"/>28301<Node id="444"/>@<Node id="445"/>watson<Node id="451"/>.<Node id="452"/>ibm<Node id="455"/>.<Node id="456"/>com<Node id="459"/>&gt;<Node id="460"/> <Node id="461"/>mjp<Node id="464"/>@<Node id="465"/>vnet<Node id="469"/>.<Node id="470"/>ibm<Node id="473"/>.<Node id="474"/>com<Node id="477"/> <Node id="478"/>(<Node id="479"/>Michael<Node id="486"/> <Node id="487"/>J<Node id="488"/>.<Node id="489"/> <Node id="490"/>Phelps<Node id="496"/>)<Node id="497"/> <Node id="498"/>writes<Node id="504"/>:<Node id="505"/>
<Node id="506"/>&gt;<Node id="507"/>
<Node id="508"/>&gt;<Node id="509"/>In<Node id="511"/> <Node id="512"/>article<Node id="519"/> <Node id="520"/>&lt;<Node id="521"/>shepardC<Node id="529"/>5<Node id="530"/>FtLs<Node id="534"/>.<Node id="535"/>681<Node id="538"/>@<Node id="539"/>netcom<Node id="545"/>.<Node id="546"/>com<Node id="549"/>&gt;<Node id="550"/>,<Node id="551"/> <Node id="552"/>shepard<Node id="559"/>@<Node id="560"/>netcom<Node id="566"/>.<Node id="567"/>com<Node id="570"/> <Node id="571"/>(<Node id="572"/>Mark<Node id="576"/> <Node id="577"/>Shepard<Node id="584"/>)<Node id="585"/>
<Node id="586"/>&gt;<Node id="587"/>writes<Node id="593"/>:<Node id="594"/>
<Node id="595"/>&gt;<Node id="596"/>|<Node id="597"/>&gt;<Node id="598"/> <Node id="599"/>How<Node id="602"/> <Node id="603"/>effective<Node id="612"/> <Node id="613"/>are<Node id="616"/> <Node id="617"/>personal<Node id="625"/> <Node id="626"/>defense<Node id="633"/> <Node id="634"/>products<Node id="642"/> <Node id="643"/>like<Node id="647"/> <Node id="648"/>mace<Node id="652"/>,<Node id="653"/> <Node id="654"/>pepper-spray<Node id="666"/>,<Node id="667"/>
<Node id="668"/>&gt;<Node id="669"/>|<Node id="670"/>&gt;<Node id="671"/> <Node id="672"/>tasers<Node id="678"/> <Node id="679"/>and<Node id="682"/> <Node id="683"/>other<Node id="688"/> <Node id="689"/>non-lethal<Node id="699"/> <Node id="700"/>"<Node id="701"/>stun<Node id="705"/>"<Node id="706"/> <Node id="707"/>devices<Node id="714"/> <Node id="715"/>compared<Node id="723"/> <Node id="724"/>to<Node id="726"/> <Node id="727"/>handguns<Node id="735"/>?<Node id="736"/>
<Node id="737"/>&gt;<Node id="738"/>|<Node id="739"/>&gt;<Node id="740"/> <Node id="741"/>Any<Node id="744"/> <Node id="745"/>statistics<Node id="755"/> <Node id="756"/>on<Node id="758"/> <Node id="759"/>#<Node id="760"/>'s<Node id="762"/> <Node id="763"/>and<Node id="766"/> <Node id="767"/>types<Node id="772"/> <Node id="773"/>in<Node id="775"/> <Node id="776"/>use<Node id="779"/>?<Node id="780"/>
<Node id="781"/>&gt;<Node id="782"/>|<Node id="783"/>&gt;<Node id="784"/> <Node id="785"/>
<Node id="786"/>&gt;<Node id="787"/>|<Node id="788"/>&gt;<Node id="789"/> <Node id="790"/>These<Node id="795"/> <Node id="796"/>products<Node id="804"/> <Node id="805"/>seem<Node id="809"/> <Node id="810"/>very<Node id="814"/> <Node id="815"/>attractive<Node id="825"/> <Node id="826"/>compared<Node id="834"/> <Node id="835"/>to<Node id="837"/> <Node id="838"/>handguns<Node id="846"/>
<Node id="847"/>&gt;<Node id="848"/>|<Node id="849"/>&gt;<Node id="850"/> <Node id="851"/>because<Node id="858"/>,<Node id="859"/> <Node id="860"/>being<Node id="865"/> <Node id="866"/>non-lethal<Node id="876"/>,<Node id="877"/> <Node id="878"/>they<Node id="882"/> <Node id="883"/>are<Node id="886"/> <Node id="887"/>more<Node id="891"/> <Node id="892"/>"<Node id="893"/>forgiving<Node id="902"/>"<Node id="903"/> <Node id="904"/>of<Node id="906"/> <Node id="907"/>accident<Node id="915"/> <Node id="916"/>or<Node id="918"/>
<Node id="919"/>&gt;<Node id="920"/>|<Node id="921"/>&gt;<Node id="922"/> <Node id="923"/>mistakes<Node id="931"/>/<Node id="932"/>wrongful<Node id="940"/> <Node id="941"/>shooting<Node id="949"/> <Node id="950"/>(<Node id="951"/>such<Node id="955"/> <Node id="956"/>as<Node id="958"/> <Node id="959"/>the<Node id="962"/> <Node id="963"/>Yoshi<Node id="968"/> <Node id="969"/>Hattori<Node id="976"/> <Node id="977"/>case<Node id="981"/>)<Node id="982"/>,<Node id="983"/> <Node id="984"/>and<Node id="987"/>
<Node id="988"/>&gt;<Node id="989"/>|<Node id="990"/>&gt;<Node id="991"/> <Node id="992"/>allow<Node id="997"/> <Node id="998"/>the<Node id="1001"/> <Node id="1002"/>justice<Node id="1009"/> <Node id="1010"/>system<Node id="1016"/> <Node id="1017"/>to<Node id="1019"/> <Node id="1020"/>deal<Node id="1024"/> <Node id="1025"/>with<Node id="1029"/> <Node id="1030"/>the<Node id="1033"/> <Node id="1034"/>criminal<Node id="1042"/> <Node id="1043"/>(<Node id="1044"/>rather<Node id="1050"/> <Node id="1051"/>than<Node id="1055"/>
<Node id="1056"/>&gt;<Node id="1057"/>|<Node id="1058"/>&gt;<Node id="1059"/> <Node id="1060"/>criminals<Node id="1069"/> <Node id="1070"/>simply<Node id="1076"/> <Node id="1077"/>being<Node id="1082"/> <Node id="1083"/>_<Node id="1084"/>dead<Node id="1088"/>_<Node id="1089"/>,<Node id="1090"/> <Node id="1091"/>which<Node id="1096"/> <Node id="1097"/>has<Node id="1100"/> <Node id="1101"/>a<Node id="1102"/> <Node id="1103"/>certain<Node id="1110"/> <Node id="1111"/>"<Node id="1112"/>vigilante<Node id="1121"/> <Node id="1122"/>feel<Node id="1126"/>"<Node id="1127"/>
<Node id="1128"/>&gt;<Node id="1129"/>|<Node id="1130"/>&gt;<Node id="1131"/> <Node id="1132"/>which<Node id="1137"/> <Node id="1138"/>seems<Node id="1143"/> <Node id="1144"/>to<Node id="1146"/> <Node id="1147"/>bother<Node id="1153"/> <Node id="1154"/>anti-gun<Node id="1162"/> <Node id="1163"/>people<Node id="1169"/>)<Node id="1170"/>.<Node id="1171"/>
<Node id="1172"/>&gt;<Node id="1173"/>
<Node id="1174"/>&gt;<Node id="1175"/>The<Node id="1178"/> <Node id="1179"/>"<Node id="1180"/>more<Node id="1184"/> <Node id="1185"/>forgiving<Node id="1194"/>"<Node id="1195"/> <Node id="1196"/>nature<Node id="1202"/> <Node id="1203"/>also<Node id="1207"/> <Node id="1208"/>has<Node id="1211"/> <Node id="1212"/>its<Node id="1215"/> <Node id="1216"/>down<Node id="1220"/> <Node id="1221"/>side<Node id="1225"/>;<Node id="1226"/> <Node id="1227"/>it<Node id="1229"/> <Node id="1230"/>allows<Node id="1236"/> <Node id="1237"/>a<Node id="1238"/> <Node id="1239"/>criminal<Node id="1247"/>
<Node id="1248"/>&gt;<Node id="1249"/>to<Node id="1251"/> <Node id="1252"/>use<Node id="1255"/> <Node id="1256"/>them<Node id="1260"/> <Node id="1261"/>w<Node id="1262"/>/<Node id="1263"/>o<Node id="1264"/> <Node id="1265"/>the<Node id="1268"/> <Node id="1269"/>ADW<Node id="1272"/> <Node id="1273"/>[<Node id="1274"/>assault<Node id="1281"/> <Node id="1282"/>with<Node id="1286"/> <Node id="1287"/>a<Node id="1288"/> <Node id="1289"/>deadly<Node id="1295"/> <Node id="1296"/>weapon<Node id="1302"/>]<Node id="1303"/> <Node id="1304"/>charge<Node id="1310"/>.<Node id="1311"/> <Node id="1312"/> <Node id="1313"/>They<Node id="1317"/> <Node id="1318"/>also<Node id="1322"/>
<Node id="1323"/>&gt;<Node id="1324"/>can<Node id="1327"/> <Node id="1328"/>have<Node id="1332"/> <Node id="1333"/>lethal<Node id="1339"/> <Node id="1340"/>or<Node id="1342"/> <Node id="1343"/>dangerous<Node id="1352"/> <Node id="1353"/>side<Node id="1357"/> <Node id="1358"/>effects<Node id="1365"/> <Node id="1366"/>-<Node id="1367"/>
<Node id="1368"/>&gt;<Node id="1369"/> <Node id="1370"/>-<Node id="1371"/> <Node id="1372"/>some<Node id="1376"/> <Node id="1377"/>people<Node id="1383"/> <Node id="1384"/>have<Node id="1388"/> <Node id="1389"/>violent<Node id="1396"/> <Node id="1397"/>reactions<Node id="1406"/> <Node id="1407"/>to<Node id="1409"/> <Node id="1410"/>mace<Node id="1414"/>/<Node id="1415"/>pepper<Node id="1421"/> <Node id="1422"/>sprays<Node id="1428"/>
<Node id="1429"/>&gt;<Node id="1430"/> <Node id="1431"/>-<Node id="1432"/> <Node id="1433"/>stun<Node id="1437"/> <Node id="1438"/>guns<Node id="1442"/> <Node id="1443"/>can<Node id="1446"/> <Node id="1447"/>harm<Node id="1451"/> <Node id="1452"/>people<Node id="1458"/> <Node id="1459"/>with<Node id="1463"/> <Node id="1464"/>weak<Node id="1468"/> <Node id="1469"/>hearts<Node id="1475"/>
<Node id="1476"/>&gt;<Node id="1477"/> <Node id="1478"/>-<Node id="1479"/> <Node id="1480"/>people<Node id="1486"/> <Node id="1487"/>have<Node id="1491"/> <Node id="1492"/>suffered<Node id="1500"/> <Node id="1501"/>eye<Node id="1504"/> <Node id="1505"/>damage<Node id="1511"/> <Node id="1512"/>from<Node id="1516"/> <Node id="1517"/>mace<Node id="1521"/>;<Node id="1522"/> <Node id="1523"/>the<Node id="1526"/> <Node id="1527"/>stuff<Node id="1532"/> <Node id="1533"/>that<Node id="1537"/> <Node id="1538"/>is<Node id="1540"/> <Node id="1541"/>available<Node id="1550"/>
<Node id="1551"/>&gt;<Node id="1552"/> <Node id="1553"/> <Node id="1554"/> <Node id="1555"/>now<Node id="1558"/> <Node id="1559"/>is<Node id="1561"/> <Node id="1562"/>less<Node id="1566"/> <Node id="1567"/>concentrated<Node id="1579"/> <Node id="1580"/>than<Node id="1584"/> <Node id="1585"/>it<Node id="1587"/> <Node id="1588"/>used<Node id="1592"/> <Node id="1593"/>to<Node id="1595"/> <Node id="1596"/>be<Node id="1598"/>.<Node id="1599"/>
<Node id="1600"/>&gt;<Node id="1601"/> <Node id="1602"/>-<Node id="1603"/> <Node id="1604"/>some<Node id="1608"/> <Node id="1609"/>of<Node id="1611"/> <Node id="1612"/>the<Node id="1615"/> <Node id="1616"/>spray<Node id="1621"/> <Node id="1622"/>propellents<Node id="1633"/> <Node id="1634"/>are<Node id="1637"/> <Node id="1638"/>flammable<Node id="1647"/>
<Node id="1648"/>&gt;<Node id="1649"/>
<Node id="1650"/>&gt;<Node id="1651"/>|<Node id="1652"/>&gt;<Node id="1653"/> <Node id="1654"/>
<Node id="1655"/>&gt;<Node id="1656"/>|<Node id="1657"/>&gt;<Node id="1658"/> <Node id="1659"/>The<Node id="1662"/> <Node id="1663"/>arguments<Node id="1672"/> <Node id="1673"/>I<Node id="1674"/> <Node id="1675"/>see<Node id="1678"/> <Node id="1679"/>_<Node id="1680"/>against<Node id="1687"/>_<Node id="1688"/> <Node id="1689"/>these<Node id="1694"/> <Node id="1695"/>non-lethal<Node id="1705"/> <Node id="1706"/>weapons<Node id="1713"/> <Node id="1714"/>compared<Node id="1722"/> <Node id="1723"/>to<Node id="1725"/>
<Node id="1726"/>&gt;<Node id="1727"/>|<Node id="1728"/>&gt;<Node id="1729"/> <Node id="1730"/>handguns<Node id="1738"/> <Node id="1739"/>are<Node id="1742"/> <Node id="1743"/>lack<Node id="1747"/> <Node id="1748"/>of<Node id="1750"/> <Node id="1751"/>range<Node id="1756"/>,<Node id="1757"/> <Node id="1758"/>lack<Node id="1762"/> <Node id="1763"/>of<Node id="1765"/> <Node id="1766"/>"<Node id="1767"/>stopping<Node id="1775"/> <Node id="1776"/>power<Node id="1781"/>"<Node id="1782"/> <Node id="1783"/>or<Node id="1785"/> <Node id="1786"/>effectiveness<Node id="1799"/>,<Node id="1800"/>
<Node id="1801"/>&gt;<Node id="1802"/>|<Node id="1803"/>&gt;<Node id="1804"/> <Node id="1805"/>and<Node id="1808"/> <Node id="1809"/>limited<Node id="1816"/> <Node id="1817"/>"<Node id="1818"/>ammo<Node id="1822"/>"<Node id="1823"/>.<Node id="1824"/> <Node id="1825"/> <Node id="1826"/>True<Node id="1830"/>?<Node id="1831"/> <Node id="1832"/> <Node id="1833"/>How<Node id="1836"/> <Node id="1837"/>about<Node id="1842"/> <Node id="1843"/>cost<Node id="1847"/>?<Node id="1848"/>
<Node id="1849"/>&gt;<Node id="1850"/>
<Node id="1851"/>&gt;<Node id="1852"/>Sprays<Node id="1858"/>
<Node id="1859"/>&gt;<Node id="1860"/>
<Node id="1861"/>&gt;<Node id="1862"/>-<Node id="1863"/> <Node id="1864"/>using<Node id="1869"/> <Node id="1870"/>any<Node id="1873"/> <Node id="1874"/>of<Node id="1876"/> <Node id="1877"/>the<Node id="1880"/> <Node id="1881"/>spray<Node id="1886"/> <Node id="1887"/>based<Node id="1892"/> <Node id="1893"/>[<Node id="1894"/>eg<Node id="1896"/> <Node id="1897"/>mace<Node id="1901"/>,<Node id="1902"/> <Node id="1903"/>pepper<Node id="1909"/>]<Node id="1910"/> <Node id="1911"/>indoors<Node id="1918"/> <Node id="1919"/>is<Node id="1921"/> <Node id="1922"/>bound<Node id="1927"/> <Node id="1928"/>to<Node id="1930"/>
<Node id="1931"/>&gt;<Node id="1932"/> <Node id="1933"/> <Node id="1934"/>affect<Node id="1940"/> <Node id="1941"/>anyone<Node id="1947"/> <Node id="1948"/>else<Node id="1952"/> <Node id="1953"/>in<Node id="1955"/> <Node id="1956"/>the<Node id="1959"/> <Node id="1960"/>room<Node id="1964"/> <Node id="1965"/>(<Node id="1966"/>like<Node id="1970"/> <Node id="1971"/>the<Node id="1974"/> <Node id="1975"/>victim<Node id="1981"/>)<Node id="1982"/> <Node id="1983"/>due<Node id="1986"/> <Node id="1987"/>to<Node id="1989"/> <Node id="1990"/>the<Node id="1993"/> <Node id="1994"/>nature<Node id="2000"/>
<Node id="2001"/>&gt;<Node id="2002"/> <Node id="2003"/> <Node id="2004"/>of<Node id="2006"/> <Node id="2007"/>the<Node id="2010"/> <Node id="2011"/>stuff<Node id="2016"/>.<Node id="2017"/>
<Node id="2018"/>&gt;<Node id="2019"/>
<Node id="2020"/>&gt;<Node id="2021"/>-<Node id="2022"/> <Node id="2023"/>using<Node id="2028"/> <Node id="2029"/>the<Node id="2032"/> <Node id="2033"/>sprays<Node id="2039"/> <Node id="2040"/>outdoors<Node id="2048"/> <Node id="2049"/>in<Node id="2051"/> <Node id="2052"/>any<Node id="2055"/> <Node id="2056"/>sort<Node id="2060"/> <Node id="2061"/>of<Node id="2063"/> <Node id="2064"/>breeze<Node id="2070"/> <Node id="2071"/>mitigates<Node id="2080"/> <Node id="2081"/>its<Node id="2084"/> <Node id="2085"/>
<Node id="2086"/>&gt;<Node id="2087"/> <Node id="2088"/> <Node id="2089"/>effectiveness<Node id="2102"/>.<Node id="2103"/>
<Node id="2104"/>&gt;<Node id="2105"/>
<Node id="2106"/>&gt;<Node id="2107"/>-<Node id="2108"/> <Node id="2109"/>from<Node id="2113"/> <Node id="2114"/>reading<Node id="2121"/> <Node id="2122"/>various<Node id="2129"/> <Node id="2130"/>articles<Node id="2138"/>,<Node id="2139"/> <Node id="2140"/>it<Node id="2142"/> <Node id="2143"/>appears<Node id="2150"/> <Node id="2151"/>that<Node id="2155"/> <Node id="2156"/>mace<Node id="2160"/>,<Node id="2161"/> <Node id="2162"/>especially<Node id="2172"/> <Node id="2173"/>the<Node id="2176"/>
<Node id="2177"/>&gt;<Node id="2178"/> <Node id="2179"/> <Node id="2180"/>mace<Node id="2184"/> <Node id="2185"/>available<Node id="2194"/> <Node id="2195"/>to<Node id="2197"/> <Node id="2198"/>citizens<Node id="2206"/>,<Node id="2207"/> <Node id="2208"/>is<Node id="2210"/> <Node id="2211"/>pretty<Node id="2217"/> <Node id="2218"/>ineffective<Node id="2229"/> <Node id="2230"/>on<Node id="2232"/> <Node id="2233"/>people<Node id="2239"/> <Node id="2240"/>under<Node id="2245"/>
<Node id="2246"/>&gt;<Node id="2247"/> <Node id="2248"/> <Node id="2249"/>the<Node id="2252"/> <Node id="2253"/>influence<Node id="2262"/> <Node id="2263"/>of<Node id="2265"/> <Node id="2266"/>drugs<Node id="2271"/> <Node id="2272"/>or<Node id="2274"/> <Node id="2275"/>alcohol<Node id="2282"/>.<Node id="2283"/>
<Node id="2284"/>&gt;<Node id="2285"/>
<Node id="2286"/>&gt;<Node id="2287"/>-<Node id="2288"/> <Node id="2289"/>pepper<Node id="2295"/> <Node id="2296"/>spray<Node id="2301"/> <Node id="2302"/>appears<Node id="2309"/> <Node id="2310"/>to<Node id="2312"/> <Node id="2313"/>be<Node id="2315"/> <Node id="2316"/>more<Node id="2320"/> <Node id="2321"/>effective<Node id="2330"/>,<Node id="2331"/> <Node id="2332"/>but<Node id="2335"/> <Node id="2336"/>has<Node id="2339"/> <Node id="2340"/>the<Node id="2343"/> <Node id="2344"/>inherent<Node id="2352"/> <Node id="2353"/>spray<Node id="2358"/>
<Node id="2359"/>&gt;<Node id="2360"/> <Node id="2361"/> <Node id="2362"/>delivery<Node id="2370"/> <Node id="2371"/>problem<Node id="2378"/>.<Node id="2379"/> <Node id="2380"/> <Node id="2381"/>It<Node id="2383"/> <Node id="2384"/>still<Node id="2389"/> <Node id="2390"/>does<Node id="2394"/> <Node id="2395"/>not<Node id="2398"/> <Node id="2399"/>appear<Node id="2405"/> <Node id="2406"/>to<Node id="2408"/> <Node id="2409"/>be<Node id="2411"/> <Node id="2412"/>anything<Node id="2420"/> <Node id="2421"/>better<Node id="2427"/> <Node id="2428"/>than<Node id="2432"/>
<Node id="2433"/>&gt;<Node id="2434"/> <Node id="2435"/> <Node id="2436"/>a<Node id="2437"/> <Node id="2438"/>distraction<Node id="2449"/> <Node id="2450"/>that<Node id="2454"/> <Node id="2455"/>might<Node id="2460"/> <Node id="2461"/>buy<Node id="2464"/> <Node id="2465"/>you<Node id="2468"/> <Node id="2469"/>time<Node id="2473"/> <Node id="2474"/>to<Node id="2476"/> <Node id="2477"/>run<Node id="2480"/> <Node id="2481"/>like<Node id="2485"/> <Node id="2486"/>hell<Node id="2490"/> <Node id="2491"/>[<Node id="2492"/>if<Node id="2494"/> <Node id="2495"/>you<Node id="2498"/> <Node id="2499"/>can<Node id="2502"/>]<Node id="2503"/>.<Node id="2504"/>
<Node id="2505"/>&gt;<Node id="2506"/>
<Node id="2507"/>&gt;<Node id="2508"/>Consider<Node id="2516"/> <Node id="2517"/>that<Node id="2521"/> <Node id="2522"/>running<Node id="2529"/> <Node id="2530"/>like<Node id="2534"/> <Node id="2535"/>hell<Node id="2539"/> <Node id="2540"/>is<Node id="2542"/>n't<Node id="2545"/> <Node id="2546"/>always<Node id="2552"/> <Node id="2553"/>a<Node id="2554"/> <Node id="2555"/>viable<Node id="2561"/> <Node id="2562"/>solution<Node id="2570"/>.<Node id="2571"/> <Node id="2572"/> <Node id="2573"/>For<Node id="2576"/>
<Node id="2577"/>&gt;<Node id="2578"/>example<Node id="2585"/>,<Node id="2586"/> <Node id="2587"/>if<Node id="2589"/> <Node id="2590"/>you<Node id="2593"/> <Node id="2594"/>are<Node id="2597"/> <Node id="2598"/>dressed<Node id="2605"/> <Node id="2606"/>in<Node id="2608"/> <Node id="2609"/>boots<Node id="2614"/> <Node id="2615"/>and<Node id="2618"/> <Node id="2619"/>the<Node id="2622"/> <Node id="2623"/>assailent<Node id="2632"/> <Node id="2633"/>is<Node id="2635"/> <Node id="2636"/>dressed<Node id="2643"/> <Node id="2644"/>in<Node id="2646"/>
<Node id="2647"/>&gt;<Node id="2648"/>sneakers<Node id="2656"/> <Node id="2657"/>.<Node id="2658"/>.<Node id="2659"/> <Node id="2660"/>you<Node id="2663"/> <Node id="2664"/>might<Node id="2669"/> <Node id="2670"/>have<Node id="2674"/> <Node id="2675"/>a<Node id="2676"/> <Node id="2677"/>tough<Node id="2682"/> <Node id="2683"/>time<Node id="2687"/> <Node id="2688"/>outrunning<Node id="2698"/> <Node id="2699"/>them<Node id="2703"/>!<Node id="2704"/>
<Node id="2705"/>&gt;<Node id="2706"/>
<Node id="2707"/>&gt;<Node id="2708"/>Tasars<Node id="2714"/> <Node id="2715"/>and<Node id="2718"/> <Node id="2719"/>Stun<Node id="2723"/> <Node id="2724"/>Guns<Node id="2728"/>
<Node id="2729"/>&gt;<Node id="2730"/>
<Node id="2731"/>&gt;<Node id="2732"/>-<Node id="2733"/> <Node id="2734"/>require<Node id="2741"/> <Node id="2742"/>contact<Node id="2749"/> <Node id="2750"/>with<Node id="2754"/> <Node id="2755"/>skin<Node id="2759"/> <Node id="2760"/>for<Node id="2763"/> <Node id="2764"/>max<Node id="2767"/> <Node id="2768"/>effectiveness<Node id="2781"/>;<Node id="2782"/> <Node id="2783"/>a<Node id="2784"/> <Node id="2785"/>jacket<Node id="2791"/> <Node id="2792"/>[<Node id="2793"/>like<Node id="2797"/> <Node id="2798"/>a<Node id="2799"/> <Node id="2800"/>
<Node id="2801"/>&gt;<Node id="2802"/> <Node id="2803"/> <Node id="2804"/>leather<Node id="2811"/> <Node id="2812"/>one<Node id="2815"/>]<Node id="2816"/> <Node id="2817"/>will<Node id="2821"/> <Node id="2822"/>mitigate<Node id="2830"/> <Node id="2831"/>its<Node id="2834"/> <Node id="2835"/>effectiveness<Node id="2848"/>
<Node id="2849"/>&gt;<Node id="2850"/>
<Node id="2851"/>&gt;<Node id="2852"/>-<Node id="2853"/> <Node id="2854"/>the<Node id="2857"/> <Node id="2858"/>user<Node id="2862"/> <Node id="2863"/>must<Node id="2867"/> <Node id="2868"/>be<Node id="2870"/> <Node id="2871"/>extremely<Node id="2880"/> <Node id="2881"/>close<Node id="2886"/> <Node id="2887"/>to<Node id="2889"/> <Node id="2890"/>the<Node id="2893"/> <Node id="2894"/>assailent<Node id="2903"/>;<Node id="2904"/> <Node id="2905"/>that<Node id="2909"/> <Node id="2910"/>puts<Node id="2914"/> <Node id="2915"/>them<Node id="2919"/>
<Node id="2920"/>&gt;<Node id="2921"/> <Node id="2922"/> <Node id="2923"/>at<Node id="2925"/> <Node id="2926"/>a<Node id="2927"/> <Node id="2928"/>considerable<Node id="2940"/> <Node id="2941"/>risk<Node id="2945"/> <Node id="2946"/>of<Node id="2948"/> <Node id="2949"/>injury<Node id="2955"/>.<Node id="2956"/> <Node id="2957"/>
<Node id="2958"/>&gt;<Node id="2959"/>
<Node id="2960"/>&gt;<Node id="2961"/>-<Node id="2962"/> <Node id="2963"/>the<Node id="2966"/> <Node id="2967"/>user<Node id="2971"/> <Node id="2972"/>must<Node id="2976"/> <Node id="2977"/>keep<Node id="2981"/> <Node id="2982"/>the<Node id="2985"/> <Node id="2986"/>stun<Node id="2990"/> <Node id="2991"/>gun<Node id="2994"/> <Node id="2995"/>in<Node id="2997"/> <Node id="2998"/>contact<Node id="3005"/> <Node id="3006"/>with<Node id="3010"/> <Node id="3011"/>the<Node id="3014"/> <Node id="3015"/>assailent<Node id="3024"/> <Node id="3025"/>for<Node id="3028"/> <Node id="3029"/>some<Node id="3033"/>
<Node id="3034"/>&gt;<Node id="3035"/> <Node id="3036"/> <Node id="3037"/>non<Node id="3040"/> <Node id="3041"/>negligible<Node id="3051"/> <Node id="3052"/>period<Node id="3058"/> <Node id="3059"/>of<Node id="3061"/> <Node id="3062"/>time<Node id="3066"/>.<Node id="3067"/>
<Node id="3068"/>&gt;<Node id="3069"/>
<Node id="3070"/>&gt;<Node id="3071"/>-<Node id="3072"/> <Node id="3073"/>tasar<Node id="3078"/> <Node id="3079"/>darts<Node id="3084"/> <Node id="3085"/>can<Node id="3088"/> <Node id="3089"/>be<Node id="3091"/> <Node id="3092"/>pulled<Node id="3098"/> <Node id="3099"/>out<Node id="3102"/>.<Node id="3103"/>
<Node id="3104"/>&gt;<Node id="3105"/>
<Node id="3106"/>&gt;<Node id="3107"/>Consider<Node id="3115"/> <Node id="3116"/>the<Node id="3119"/> <Node id="3120"/>problem<Node id="3127"/> <Node id="3128"/>a<Node id="3129"/> <Node id="3130"/>small<Node id="3135"/> <Node id="3136"/>women<Node id="3141"/> <Node id="3142"/>would<Node id="3147"/> <Node id="3148"/>have<Node id="3152"/> <Node id="3153"/>keeping<Node id="3160"/> <Node id="3161"/>a<Node id="3162"/> <Node id="3163"/>stun<Node id="3167"/> <Node id="3168"/>gun<Node id="3171"/> <Node id="3172"/>in<Node id="3174"/> <Node id="3175"/>
<Node id="3176"/>&gt;<Node id="3177"/>contact<Node id="3184"/> <Node id="3185"/>with<Node id="3189"/> <Node id="3190"/>a<Node id="3191"/> <Node id="3192"/>average<Node id="3199"/> <Node id="3200"/>size<Node id="3204"/> <Node id="3205"/>man<Node id="3208"/> <Node id="3209"/>for<Node id="3212"/> <Node id="3213"/>any<Node id="3216"/> <Node id="3217"/>length<Node id="3223"/> <Node id="3224"/>of<Node id="3226"/> <Node id="3227"/>time<Node id="3231"/> <Node id="3232"/>w<Node id="3233"/>/<Node id="3234"/>o<Node id="3235"/> <Node id="3236"/>sustaining<Node id="3246"/>
<Node id="3247"/>&gt;<Node id="3248"/>serious<Node id="3255"/> <Node id="3256"/>injury<Node id="3262"/>.<Node id="3263"/>
<Node id="3264"/>&gt;<Node id="3265"/>
<Node id="3266"/>&gt;<Node id="3267"/>|<Node id="3268"/>&gt;<Node id="3269"/> <Node id="3270"/>
<Node id="3271"/>&gt;<Node id="3272"/>|<Node id="3273"/>&gt;<Node id="3274"/> <Node id="3275"/>Have<Node id="3279"/> <Node id="3280"/>any<Node id="3283"/> <Node id="3284"/>anti-gun<Node id="3292"/> <Node id="3293"/>groups<Node id="3299"/> <Node id="3300"/>suggested<Node id="3309"/> <Node id="3310"/>non-lethal<Node id="3320"/> <Node id="3321"/>weapons<Node id="3328"/>,<Node id="3329"/> <Node id="3330"/>to<Node id="3332"/> <Node id="3333"/>counter<Node id="3340"/>
<Node id="3341"/>&gt;<Node id="3342"/>|<Node id="3343"/>&gt;<Node id="3344"/> <Node id="3345"/>the<Node id="3348"/> <Node id="3349"/>pro-gun<Node id="3356"/> <Node id="3357"/>argument<Node id="3365"/> <Node id="3366"/>that<Node id="3370"/> <Node id="3371"/>people<Node id="3377"/> <Node id="3378"/>will<Node id="3382"/> <Node id="3383"/>be<Node id="3385"/> <Node id="3386"/>left<Node id="3390"/> <Node id="3391"/>defenseless<Node id="3402"/>?<Node id="3403"/>
<Node id="3404"/>&gt;<Node id="3405"/>
<Node id="3406"/>&gt;<Node id="3407"/>I<Node id="3408"/> <Node id="3409"/>have<Node id="3413"/>n't<Node id="3416"/> <Node id="3417"/>heard<Node id="3422"/> <Node id="3423"/>of<Node id="3425"/> <Node id="3426"/>any<Node id="3429"/>.<Node id="3430"/> <Node id="3431"/> <Node id="3432"/>Generally<Node id="3441"/> <Node id="3442"/>they<Node id="3446"/> <Node id="3447"/>contend<Node id="3454"/> <Node id="3455"/>that<Node id="3459"/> <Node id="3460"/>people<Node id="3466"/> <Node id="3467"/>do<Node id="3469"/>n't<Node id="3472"/>
<Node id="3473"/>&gt;<Node id="3474"/>need<Node id="3478"/> <Node id="3479"/>to<Node id="3481"/> <Node id="3482"/>[<Node id="3483"/>or<Node id="3485"/> <Node id="3486"/>are<Node id="3489"/>n't<Node id="3492"/> <Node id="3493"/>able<Node id="3497"/>]<Node id="3498"/> <Node id="3499"/>to<Node id="3501"/> <Node id="3502"/>defend<Node id="3508"/> <Node id="3509"/>themselves<Node id="3519"/>.<Node id="3520"/>
<Node id="3521"/>&gt;<Node id="3522"/>
<Node id="3523"/>&gt;<Node id="3524"/>|<Node id="3525"/>&gt;<Node id="3526"/> <Node id="3527"/>
<Node id="3528"/>&gt;<Node id="3529"/>|<Node id="3530"/>&gt;<Node id="3531"/> <Node id="3532"/>And<Node id="3535"/>,<Node id="3536"/> <Node id="3537"/>what<Node id="3541"/> <Node id="3542"/>legal<Node id="3547"/> <Node id="3548"/>restrictions<Node id="3560"/>/<Node id="3561"/>licensing<Node id="3570"/> <Node id="3571"/>apply<Node id="3576"/> <Node id="3577"/>to<Node id="3579"/> <Node id="3580"/>non-lethal<Node id="3590"/> <Node id="3591"/>devices<Node id="3598"/>?<Node id="3599"/>
<Node id="3600"/>&gt;<Node id="3601"/>
<Node id="3602"/>&gt;<Node id="3603"/>Civilian<Node id="3611"/> <Node id="3612"/>ownership<Node id="3621"/> <Node id="3622"/>of<Node id="3624"/> <Node id="3625"/>stun<Node id="3629"/> <Node id="3630"/>guns<Node id="3634"/> <Node id="3635"/>is<Node id="3637"/> <Node id="3638"/>frequently<Node id="3648"/> <Node id="3649"/>illegal<Node id="3656"/> <Node id="3657"/>[<Node id="3658"/>NY<Node id="3660"/>]<Node id="3661"/>.<Node id="3662"/> <Node id="3663"/> <Node id="3664"/>The<Node id="3667"/> <Node id="3668"/>sprays<Node id="3674"/>
<Node id="3675"/>&gt;<Node id="3676"/>are<Node id="3679"/> <Node id="3680"/>also<Node id="3684"/> <Node id="3685"/>illegal<Node id="3692"/> <Node id="3693"/>in<Node id="3695"/> <Node id="3696"/>some<Node id="3700"/> <Node id="3701"/>states<Node id="3707"/>.<Node id="3708"/> <Node id="3709"/> <Node id="3710"/>Believe<Node id="3717"/> <Node id="3718"/>it<Node id="3720"/> <Node id="3721"/>or<Node id="3723"/> <Node id="3724"/>not<Node id="3727"/>,<Node id="3728"/> <Node id="3729"/>they<Node id="3733"/> <Node id="3734"/>are<Node id="3737"/> <Node id="3738"/>still<Node id="3743"/> <Node id="3744"/>
<Node id="3745"/>&gt;<Node id="3746"/>illegal<Node id="3753"/> <Node id="3754"/>in<Node id="3756"/> <Node id="3757"/>NY<Node id="3759"/>,<Node id="3760"/> <Node id="3761"/>although<Node id="3769"/> <Node id="3770"/>about<Node id="3775"/> <Node id="3776"/>half<Node id="3780"/> <Node id="3781"/>the<Node id="3784"/> <Node id="3785"/>state<Node id="3790"/> <Node id="3791"/>thinks<Node id="3797"/> <Node id="3798"/>they<Node id="3802"/> <Node id="3803"/>are<Node id="3806"/> <Node id="3807"/>legal<Node id="3812"/>!<Node id="3813"/>
<Node id="3814"/>&gt;<Node id="3815"/>[<Node id="3816"/>I<Node id="3817"/> <Node id="3818"/>believe<Node id="3825"/> <Node id="3826"/>that<Node id="3830"/> <Node id="3831"/>NY<Node id="3833"/> <Node id="3834"/>almost<Node id="3840"/> <Node id="3841"/>legalized<Node id="3850"/> <Node id="3851"/>them<Node id="3855"/>;<Node id="3856"/> <Node id="3857"/>i<Node id="3858"/> <Node id="3859"/>have<Node id="3863"/> <Node id="3864"/>heard<Node id="3869"/> <Node id="3870"/>that<Node id="3874"/> <Node id="3875"/>the<Node id="3878"/> <Node id="3879"/>reason<Node id="3885"/>
<Node id="3886"/>&gt;<Node id="3887"/>they<Node id="3891"/> <Node id="3892"/>did<Node id="3895"/>n't<Node id="3898"/> <Node id="3899"/>was<Node id="3902"/> <Node id="3903"/>due<Node id="3906"/> <Node id="3907"/>to<Node id="3909"/> <Node id="3910"/>their<Node id="3915"/> <Node id="3916"/>ineffectiveness<Node id="3931"/>]<Node id="3932"/>
<Node id="3933"/>&gt;<Node id="3934"/>
<Node id="3935"/>&gt;<Node id="3936"/>I<Node id="3937"/> <Node id="3938"/>feel<Node id="3942"/> <Node id="3943"/>that<Node id="3947"/> <Node id="3948"/>the<Node id="3951"/> <Node id="3952"/>sprays<Node id="3958"/> <Node id="3959"/>are<Node id="3962"/> <Node id="3963"/>better<Node id="3969"/> <Node id="3970"/>than<Node id="3974"/> <Node id="3975"/>nothing<Node id="3982"/>,<Node id="3983"/> <Node id="3984"/>but<Node id="3987"/> <Node id="3988"/>only<Node id="3992"/> <Node id="3993"/>if<Node id="3995"/> <Node id="3996"/>the<Node id="3999"/> <Node id="4000"/>user<Node id="4004"/>
<Node id="4005"/>&gt;<Node id="4006"/>does<Node id="4010"/> <Node id="4011"/>not<Node id="4014"/> <Node id="4015"/>believe<Node id="4022"/> <Node id="4023"/>the<Node id="4026"/> <Node id="4027"/>hype<Node id="4031"/> <Node id="4032"/>[<Node id="4033"/>"<Node id="4034"/>this<Node id="4038"/>'ll<Node id="4041"/> <Node id="4042"/>drop<Node id="4046"/> <Node id="4047"/>'em<Node id="4050"/> <Node id="4051"/>in<Node id="4053"/> <Node id="4054"/>their<Node id="4059"/> <Node id="4060"/>tracks<Node id="4066"/>"<Node id="4067"/> <Node id="4068"/>stuff<Node id="4073"/>]<Node id="4074"/>
<Node id="4075"/>&gt;<Node id="4076"/>and<Node id="4079"/> <Node id="4080"/>uses<Node id="4084"/> <Node id="4085"/>it<Node id="4087"/> <Node id="4088"/>as<Node id="4090"/> <Node id="4091"/>a<Node id="4092"/> <Node id="4093"/>diversion<Node id="4102"/> <Node id="4103"/>o<Node id="4104"/>_<Node id="4105"/>n<Node id="4106"/>_<Node id="4107"/>l<Node id="4108"/>_<Node id="4109"/>y<Node id="4110"/> <Node id="4111"/>.<Node id="4112"/>
<Node id="4113"/>&gt;<Node id="4114"/>-<Node id="4115"/> <Node id="4116"/>
<Node id="4117"/>&gt;<Node id="4118"/>|<Node id="4119"/>&gt;<Node id="4120"/> <Node id="4121"/>
<Node id="4122"/>&gt;<Node id="4123"/>|<Node id="4124"/>&gt;<Node id="4125"/> <Node id="4126"/>	<Node id="4127"/>MarkS<Node id="4132"/>
<Node id="4133"/>&gt;<Node id="4134"/>|<Node id="4135"/>&gt;<Node id="4136"/> <Node id="4137"/>-<Node id="4138"/>-<Node id="4139"/>
<Node id="4140"/>&gt;<Node id="4141"/>|<Node id="4142"/>&gt;<Node id="4143"/> <Node id="4144"/>Mark<Node id="4148"/> <Node id="4149"/>Shepard<Node id="4156"/> <Node id="4157"/>|<Node id="4158"/> <Node id="4159"/>shepard<Node id="4166"/>@<Node id="4167"/>netcom<Node id="4173"/>.<Node id="4174"/>com<Node id="4177"/> <Node id="4178"/>|<Node id="4179"/> <Node id="4180"/>Portola<Node id="4187"/> <Node id="4188"/>Valley<Node id="4194"/>,<Node id="4195"/> <Node id="4196"/>CA<Node id="4198"/>
<Node id="4199"/>&gt;<Node id="4200"/>
<Node id="4201"/>&gt;<Node id="4202"/>-<Node id="4203"/>-<Node id="4204"/> <Node id="4205"/>
<Node id="4206"/>&gt;<Node id="4207"/>Michael<Node id="4214"/> <Node id="4215"/>Phelps<Node id="4221"/>,<Node id="4222"/> <Node id="4223"/>(<Node id="4224"/>external<Node id="4232"/>)<Node id="4233"/> <Node id="4234"/>mjp<Node id="4237"/>@<Node id="4238"/>vnet<Node id="4242"/>.<Node id="4243"/>ibm<Node id="4246"/>.<Node id="4247"/>com<Node id="4250"/> <Node id="4251"/>.<Node id="4252"/>.<Node id="4253"/>
<Node id="4254"/>&gt;<Node id="4255"/> <Node id="4256"/> <Node id="4257"/> <Node id="4258"/> <Node id="4259"/> <Node id="4260"/> <Node id="4261"/> <Node id="4262"/> <Node id="4263"/> <Node id="4264"/> <Node id="4265"/> <Node id="4266"/> <Node id="4267"/> <Node id="4268"/> <Node id="4269"/> <Node id="4270"/> <Node id="4271"/>(<Node id="4272"/>internal<Node id="4280"/>)<Node id="4281"/> <Node id="4282"/>mjp<Node id="4285"/>@<Node id="4286"/>bwa<Node id="4289"/>.<Node id="4290"/>kgn<Node id="4293"/>.<Node id="4294"/>ibm<Node id="4297"/>.<Node id="4298"/>com<Node id="4301"/> <Node id="4302"/>.<Node id="4303"/>.<Node id="4304"/> <Node id="4305"/>mjp<Node id="4308"/> <Node id="4309"/>at<Node id="4311"/> <Node id="4312"/>kgnvmy<Node id="4318"/> <Node id="4319"/> <Node id="4320"/> <Node id="4321"/> <Node id="4322"/> <Node id="4323"/> <Node id="4324"/> <Node id="4325"/> <Node id="4326"/> <Node id="4327"/>
<Node id="4328"/>&gt;<Node id="4329"/> <Node id="4330"/>(<Node id="4331"/>and<Node id="4334"/> <Node id="4335"/>last<Node id="4339"/> <Node id="4340"/>but<Node id="4343"/> <Node id="4344"/>not<Node id="4347"/> <Node id="4348"/>least<Node id="4353"/> <Node id="4354"/>a<Node id="4355"/> <Node id="4356"/>disclaimer<Node id="4366"/>)<Node id="4367"/> <Node id="4368"/> <Node id="4369"/>These<Node id="4374"/> <Node id="4375"/>opinions<Node id="4383"/> <Node id="4384"/>are<Node id="4387"/> <Node id="4388"/>mine<Node id="4392"/>.<Node id="4393"/>.<Node id="4394"/> <Node id="4395"/> <Node id="4396"/> <Node id="4397"/> <Node id="4398"/> <Node id="4399"/> <Node id="4400"/> <Node id="4401"/>
<Node id="4402"/>
<Node id="4403"/>What<Node id="4407"/> <Node id="4408"/>about<Node id="4413"/> <Node id="4414"/>guns<Node id="4418"/> <Node id="4419"/>with<Node id="4423"/> <Node id="4424"/>non-lethal<Node id="4434"/> <Node id="4435"/>bullets<Node id="4442"/>,<Node id="4443"/> <Node id="4444"/>like<Node id="4448"/> <Node id="4449"/>rubber<Node id="4455"/> <Node id="4456"/>or<Node id="4458"/> <Node id="4459"/>plastic<Node id="4466"/> <Node id="4467"/>bullets<Node id="4474"/>.<Node id="4475"/> <Node id="4476"/>Would<Node id="4481"/>
<Node id="4482"/>those<Node id="4487"/> <Node id="4488"/>work<Node id="4492"/> <Node id="4493"/>very<Node id="4497"/> <Node id="4498"/>well<Node id="4502"/> <Node id="4503"/>in<Node id="4505"/> <Node id="4506"/>stopping<Node id="4514"/> <Node id="4515"/>an<Node id="4517"/> <Node id="4518"/>attack<Node id="4524"/>?<Node id="4525"/>
<Node id="4526"/>
<Node id="4527"/>	<Node id="4528"/>	<Node id="4529"/>	<Node id="4530"/>	<Node id="4531"/>	<Node id="4532"/>	<Node id="4533"/>Doug<Node id="4537"/> <Node id="4538"/>Holland<Node id="4545"/>
<Node id="4546"/>
<Node id="4547"/></TextWithNodes>
<!-- The default annotation set -->

<AnnotationSet>
<Annotation EndNode="4547" StartNode="0" Type="Mention" Id="9999999">
<Feature>
<Name classname="java.lang.String">Class</Name>
<Value classname="java.lang.String">0</Value>
</Feature>
</Annotation>

<Annotation Id="3" Type="Token" StartNode="6" EndNode="13">
<Feature>
  <Name className="java.lang.String">string</Name>
  <Value className="java.lang.String">holland</Value>
</Feature>
</Annotation>
<Annotation Id="7" Type="Token" StartNode="17" EndNode="26">
<Feature>
  <Name className="java.lang.String">string</Name>
  <Value className="java.lang.String">ColoState</Value>
</Feature>
</Annotation>
<Annotation Id="12" Type="Token" StartNode="32" EndNode="39">
<Feature>
  <Name className="java.lang.String">string</Name>
  <Value className="java.lang.String">douglas</Value>
</Feature>
</Annotation>
<Annotation Id="16" Type="Token" StartNode="46" EndNode="53">
<Feature>
  <Name className="java.lang.String">string</Name>
  <Value className="java.lang.String">holland</Value>
</Feature>
</Annotation>
<Annotation Id="19" Type="Token" StartNode="55" EndNode="61">
<Feature>
  <Name className="java.lang.String">string</Name>
  <Value className="java.lang.String">Sender</Value>
</Feature>
</Annotation>
<Annotation Id="28" Type="Token" StartNode="78" EndNode="87">
<Feature>
  <Name className="java.lang.String">string</Name>
  <Value className="java.lang.String">ColoState</Value>
</Feature>
</Annotation>
<Annotation Id="35" Type="Token" StartNode="98" EndNode="105">
<Feature>
  <Name className="java.lang.String">string</Name>
  <Value className="java.lang.String">Account</Value>
</Feature>
</Annotation>
<Annotation Id="38" Type="Token" StartNode="107" EndNode="115">
<Feature>
  <Name className="java.lang.String">string</Name>
  <Value className="java.lang.String">Message-</Value>
</Feature>
</Annotation>
<Annotation Id="46" Type="Token" StartNode="126" EndNode="132">
</Annotation>
<Annotation Id="54" Type="Token" StartNode="149" EndNode="158">
<Feature>
  <Name className="java.lang.String">string</Name>
  <Value className="java.lang.String">ColoState</Value>
</Feature>
</Annotation>
<Annotation Id="79" Type="Token" StartNode="200" EndNode="210">
<Feature>
  <Name className="java.lang.String">string</Name>
  <Value className="java.lang.String">References</Value>
</Feature>
</Annotation>
<Annotation Id="83" Type="Token" StartNode="213" EndNode="221">
<Feature>
  <Name className="java.lang.String">string</Name>
  <Value className="java.lang.String">shepardC</Value>
</Feature>
</Annotation>
<Annotation Id="89" Type="Token" StartNode="231" EndNode="237">
<Feature>
  <Name className="java.lang.String">string</Name>
  <Value className="java.lang.String">netcom</Value>
</Feature>
</Annotation>
<Annotation Id="103" Type="Token" StartNode="267" EndNode="273">
<Feature>
  <Name className="java.lang.String">string</Name>
  <Value className="java.lang.String">watson</Value>
</Feature>
</Annotation>
<Annotation Id="99" Type="Token" StartNode="254" EndNode="260">
</Annotation>
<Annotation Id="111" Type="Token" StartNode="288" EndNode="296">
<Feature>
  <Name className="java.lang.String">string</Name>
  <Value className="java.lang.String">Posting-</Value>
</Feature>
</Annotation>
<Annotation Id="119" Type="Token" StartNode="315" EndNode="324">
<Feature>
  <Name className="java.lang.String">string</Name>
  <Value className="java.lang.String">colostate</Value>
</Feature>
</Annotation>
<Annotation Id="115" Type="Token" StartNode="302" EndNode="311">
<Feature>
  <Name className="java.lang.String">string</Name>
  <Value className="java.lang.String">beethoven</Value>
</Feature>
</Annotation>
<Annotation Id="126" Type="Token" StartNode="343" EndNode="351">
<Feature>
  <Name className="java.lang.String">string</Name>
  <Value className="java.lang.String">Colorado</Value>
</Feature>
</Annotation>
<Annotation Id="123" Type="Token" StartNode="329" EndNode="341">
<Feature>
  <Name className="java.lang.String">string</Name>
  <Value className="java.lang.String">Organization</Value>
</Feature>
</Annotation>
<Annotation Id="137" Type="Token" StartNode="387" EndNode="397">
<Feature>
  <Name className="java.lang.String">string</Name>
  <Value className="java.lang.String">Department</Value>
</Feature>
</Annotation>
<Annotation Id="130" Type="Token" StartNode="358" EndNode="368">
<Feature>
  <Name className="java.lang.String">string</Name>
  <Value className="java.lang.String">University</Value>
</Feature>
</Annotation>
<Annotation Id="133" Type="Token" StartNode="370" EndNode="378">
<Feature>
  <Name className="java.lang.String">string</Name>
  <Value className="java.lang.String">Computer</Value>
</Feature>
</Annotation>
<Annotation Id="135" Type="Token" StartNode="379" EndNode="386">
<Feature>
  <Name className="java.lang.String">string</Name>
  <Value className="java.lang.String">Science</Value>
</Feature>
</Annotation>
<Annotation Id="154" Type="Token" StartNode="432" EndNode="438">
</Annotation>
<Annotation Id="158" Type="Token" StartNode="445" EndNode="451">
<Feature>
  <Name className="java.lang.String">string</Name>
  <Value className="java.lang.String">watson</Value>
</Feature>
</Annotation>
<Annotation Id="147" Type="Token" StartNode="413" EndNode="420">
<Feature>
  <Name className="java.lang.String">string</Name>
  <Value className="java.lang.String">article</Value>
</Feature>
</Annotation>
<Annotation Id="174" Type="Token" StartNode="479" EndNode="486">
<Feature>
  <Name className="java.lang.String">string</Name>
  <Value className="java.lang.String">Michael</Value>
</Feature>
</Annotation>
<Annotation Id="190" Type="Token" StartNode="512" EndNode="519">
<Feature>
  <Name className="java.lang.String">string</Name>
  <Value className="java.lang.String">article</Value>
</Feature>
</Annotation>
<Annotation Id="179" Type="Token" StartNode="490" EndNode="496">
<Feature>
  <Name className="java.lang.String">string</Name>
  <Value className="java.lang.String">Phelps</Value>
</Feature>
</Annotation>
<Annotation Id="182" Type="Token" StartNode="498" EndNode="504">
<Feature>
  <Name className="java.lang.String">string</Name>
  <Value className="java.lang.String">writes</Value>
</Feature>
</Annotation>
<Annotation Id="205" Type="Token" StartNode="552" EndNode="559">
<Feature>
  <Name className="java.lang.String">string</Name>
  <Value className="java.lang.String">shepard</Value>
</Feature>
</Annotation>
<Annotation Id="207" Type="Token" StartNode="560" EndNode="566">
<Feature>
  <Name className="java.lang.String">string</Name>
  <Value className="java.lang.String">netcom</Value>
</Feature>
</Annotation>
<Annotation Id="199" Type="Token" StartNode="539" EndNode="545">
<Feature>
  <Name className="java.lang.String">string</Name>
  <Value className="java.lang.String">netcom</Value>
</Feature>
</Annotation>
<Annotation Id="193" Type="Token" StartNode="521" EndNode="529">
<Feature>
  <Name className="java.lang.String">string</Name>
  <Value className="java.lang.String">shepardC</Value>
</Feature>
</Annotation>
<Annotation Id="218" Type="Token" StartNode="587" EndNode="593">
<Feature>
  <Name className="java.lang.String">string</Name>
  <Value className="java.lang.String">writes</Value>
</Feature>
</Annotation>
<Annotation Id="214" Type="Token" StartNode="577" EndNode="584">
<Feature>
  <Name className="java.lang.String">string</Name>
  <Value className="java.lang.String">Shepard</Value>
</Feature>
</Annotation>
<Annotation Id="235" Type="Token" StartNode="634" EndNode="642">
<Feature>
  <Name className="java.lang.String">string</Name>
  <Value className="java.lang.String">products</Value>
</Feature>
</Annotation>
<Annotation Id="233" Type="Token" StartNode="626" EndNode="633">
<Feature>
  <Name className="java.lang.String">string</Name>
  <Value className="java.lang.String">defense</Value>
</Feature>
</Annotation>
<Annotation Id="231" Type="Token" StartNode="617" EndNode="625">
<Feature>
  <Name className="java.lang.String">string</Name>
  <Value className="java.lang.String">personal</Value>
</Feature>
</Annotation>
<Annotation Id="227" Type="Token" StartNode="603" EndNode="612">
<Feature>
  <Name className="java.lang.String">string</Name>
  <Value className="java.lang.String">effective</Value>
</Feature>
</Annotation>
<Annotation Id="255" Type="Token" StartNode="689" EndNode="699">
<Feature>
  <Name className="java.lang.String">string</Name>
  <Value className="java.lang.String">non-lethal</Value>
</Feature>
</Annotation>
<Annotation Id="249" Type="Token" StartNode="672" EndNode="678">
<Feature>
  <Name className="java.lang.String">string</Name>
  <Value className="java.lang.String">tasers</Value>
</Feature>
</Annotation>
<Annotation Id="242" Type="Token" StartNode="654" EndNode="666">
<Feature>
  <Name className="java.lang.String">string</Name>
  <Value className="java.lang.String">pepper-spray</Value>
</Feature>
</Annotation>
<Annotation Id="276" Type="Token" StartNode="745" EndNode="755">
<Feature>
  <Name className="java.lang.String">string</Name>
  <Value className="java.lang.String">statistics</Value>
</Feature>
</Annotation>
<Annotation Id="263" Type="Token" StartNode="715" EndNode="723">
<Feature>
  <Name className="java.lang.String">string</Name>
  <Value className="java.lang.String">compared</Value>
</Feature>
</Annotation>
<Annotation Id="261" Type="Token" StartNode="707" EndNode="714">
<Feature>
  <Name className="java.lang.String">string</Name>
  <Value className="java.lang.String">devices</Value>
</Feature>
</Annotation>
<Annotation Id="267" Type="Token" StartNode="727" EndNode="735">
<Feature>
  <Name className="java.lang.String">string</Name>
  <Value className="java.lang.String">handguns</Value>
</Feature>
</Annotation>
<Annotation Id="304" Type="Token" StartNode="796" EndNode="804">
<Feature>
  <Name className="java.lang.String">string</Name>
  <Value className="java.lang.String">products</Value>
</Feature>
</Annotation>
<Annotation Id="310" Type="Token" StartNode="815" EndNode="825">
<Feature>
  <Name className="java.lang.String">string</Name>
  <Value className="java.lang.String">attractive</Value>
</Feature>
</Annotation>
<Annotation Id="312" Type="Token" StartNode="826" EndNode="834">
<Feature>
  <Name className="java.lang.String">string</Name>
  <Value className="java.lang.String">compared</Value>
</Feature>
</Annotation>
<Annotation Id="316" Type="Token" StartNode="838" EndNode="846">
<Feature>
  <Name className="java.lang.String">string</Name>
  <Value className="java.lang.String">handguns</Value>
</Feature>
</Annotation>
<Annotation Id="342" Type="Token" StartNode="907" EndNode="915">
<Feature>
  <Name className="java.lang.String">string</Name>
  <Value className="java.lang.String">accident</Value>
</Feature>
</Annotation>
<Annotation Id="337" Type="Token" StartNode="893" EndNode="902">
<Feature>
  <Name className="java.lang.String">string</Name>
  <Value className="java.lang.String">forgiving</Value>
</Feature>
</Annotation>
<Annotation Id="350" Type="Token" StartNode="923" EndNode="931">
<Feature>
  <Name className="java.lang.String">string</Name>
  <Value className="java.lang.String">mistakes</Value>
</Feature>
</Annotation>
<Annotation Id="327" Type="Token" StartNode="866" EndNode="876">
<Feature>
  <Name className="java.lang.String">string</Name>
  <Value className="java.lang.String">non-lethal</Value>
</Feature>
</Annotation>
<Annotation Id="322" Type="Token" StartNode="851" EndNode="858">
<Feature>
  <Name className="java.lang.String">string</Name>
  <Value className="java.lang.String">because</Value>
</Feature>
</Annotation>
<Annotation Id="381" Type="Token" StartNode="1002" EndNode="1009">
<Feature>
  <Name className="java.lang.String">string</Name>
  <Value className="java.lang.String">justice</Value>
</Feature>
</Annotation>
<Annotation Id="383" Type="Token" StartNode="1010" EndNode="1016">
<Feature>
  <Name className="java.lang.String">string</Name>
  <Value className="java.lang.String">system</Value>
</Feature>
</Annotation>
<Annotation Id="352" Type="Token" StartNode="932" EndNode="940">
<Feature>
  <Name className="java.lang.String">string</Name>
  <Value className="java.lang.String">wrongful</Value>
</Feature>
</Annotation>
<Annotation Id="354" Type="Token" StartNode="941" EndNode="949">
<Feature>
  <Name className="java.lang.String">string</Name>
  <Value className="java.lang.String">shooting</Value>
</Feature>
</Annotation>
<Annotation Id="365" Type="Token" StartNode="969" EndNode="976">
<Feature>
  <Name className="java.lang.String">string</Name>
  <Value className="java.lang.String">Hattori</Value>
</Feature>
</Annotation>
<Annotation Id="406" Type="Token" StartNode="1070" EndNode="1076">
<Feature>
  <Name className="java.lang.String">string</Name>
  <Value className="java.lang.String">simply</Value>
</Feature>
</Annotation>
<Annotation Id="404" Type="Token" StartNode="1060" EndNode="1069">
<Feature>
  <Name className="java.lang.String">string</Name>
  <Value className="java.lang.String">criminals</Value>
</Feature>
</Annotation>
<Annotation Id="393" Type="Token" StartNode="1034" EndNode="1042">
<Feature>
  <Name className="java.lang.String">string</Name>
  <Value className="java.lang.String">criminal</Value>
</Feature>
</Annotation>
<Annotation Id="396" Type="Token" StartNode="1044" EndNode="1050">
<Feature>
  <Name className="java.lang.String">string</Name>
  <Value className="java.lang.String">rather</Value>
</Feature>
</Annotation>
<Annotation Id="441" Type="Token" StartNode="1154" EndNode="1162">
<Feature>
  <Name className="java.lang.String">string</Name>
  <Value className="java.lang.String">anti-gun</Value>
</Feature>
</Annotation>
<Annotation Id="443" Type="Token" StartNode="1163" EndNode="1169">
<Feature>
  <Name className="java.lang.String">string</Name>
  <Value className="java.lang.String">people</Value>
</Feature>
</Annotation>
<Annotation Id="439" Type="Token" StartNode="1147" EndNode="1153">
<Feature>
  <Name className="java.lang.String">string</Name>
  <Value className="java.lang.String">bother</Value>
</Feature>
</Annotation>
<Annotation Id="424" Type="Token" StartNode="1112" EndNode="1121">
<Feature>
  <Name className="java.lang.String">string</Name>
  <Value className="java.lang.String">vigilante</Value>
</Feature>
</Annotation>
<Annotation Id="421" Type="Token" StartNode="1103" EndNode="1110">
<Feature>
  <Name className="java.lang.String">string</Name>
  <Value className="java.lang.String">certain</Value>
</Feature>
</Annotation>
<Annotation Id="477" Type="Token" StartNode="1239" EndNode="1247">
<Feature>
  <Name className="java.lang.String">string</Name>
  <Value className="java.lang.String">criminal</Value>
</Feature>
</Annotation>
<Annotation Id="473" Type="Token" StartNode="1230" EndNode="1236">
<Feature>
  <Name className="java.lang.String">string</Name>
  <Value className="java.lang.String">allows</Value>
</Feature>
</Annotation>
<Annotation Id="458" Type="Token" StartNode="1196" EndNode="1202">
<Feature>
  <Name className="java.lang.String">string</Name>
  <Value className="java.lang.String">nature</Value>
</Feature>
</Annotation>
<Annotation Id="455" Type="Token" StartNode="1185" EndNode="1194">
<Feature>
  <Name className="java.lang.String">string</Name>
  <Value className="java.lang.String">forgiving</Value>
</Feature>
</Annotation>
<Annotation Id="506" Type="Token" StartNode="1304" EndNode="1310">
<Feature>
  <Name className="java.lang.String">string</Name>
  <Value className="java.lang.String">charge</Value>
</Feature>
</Annotation>
<Annotation Id="501" Type="Token" StartNode="1289" EndNode="1295">
<Feature>
  <Name className="java.lang.String">string</Name>
  <Value className="java.lang.String">deadly</Value>
</Feature>
</Annotation>
<Annotation Id="503" Type="Token" StartNode="1296" EndNode="1302">
<Feature>
  <Name className="java.lang.String">string</Name>
  <Value className="java.lang.String">weapon</Value>
</Feature>
</Annotation>
<Annotation Id="495" Type="Token" StartNode="1274" EndNode="1281">
<Feature>
  <Name className="java.lang.String">string</Name>
  <Value className="java.lang.String">assault</Value>
</Feature>
</Annotation>
<Annotation Id="551" Type="Token" StartNode="1422" EndNode="1428">
<Feature>
  <Name className="java.lang.String">string</Name>
  <Value className="java.lang.String">sprays</Value>
</Feature>
</Annotation>
<Annotation Id="549" Type="Token" StartNode="1415" EndNode="1421">
<Feature>
  <Name className="java.lang.String">string</Name>
  <Value className="java.lang.String">pepper</Value>
</Feature>
</Annotation>
<Annotation Id="565" Type="Token" StartNode="1452" EndNode="1458">
<Feature>
  <Name className="java.lang.String">string</Name>
  <Value className="java.lang.String">people</Value>
</Feature>
</Annotation>
<Annotation Id="571" Type="Token" StartNode="1469" EndNode="1475">
<Feature>
  <Name className="java.lang.String">string</Name>
  <Value className="java.lang.String">hearts</Value>
</Feature>
</Annotation>
<Annotation Id="519" Type="Token" StartNode="1333" EndNode="1339">
<Feature>
  <Name className="java.lang.String">string</Name>
  <Value className="java.lang.String">lethal</Value>
</Feature>
</Annotation>
<Annotation Id="527" Type="Token" StartNode="1358" EndNode="1365">
<Feature>
  <Name className="java.lang.String">string</Name>
  <Value className="java.lang.String">effects</Value>
</Feature>
</Annotation>
<Annotation Id="523" Type="Token" StartNode="1343" EndNode="1352">
<Feature>
  <Name className="java.lang.String">string</Name>
  <Value className="java.lang.String">dangerous</Value>
</Feature>
</Annotation>
<Annotation Id="541" Type="Token" StartNode="1389" EndNode="1396">
<Feature>
  <Name className="java.lang.String">string</Name>
  <Value className="java.lang.String">violent</Value>
</Feature>
</Annotation>
<Annotation Id="543" Type="Token" StartNode="1397" EndNode="1406">
<Feature>
  <Name className="java.lang.String">string</Name>
  <Value className="java.lang.String">reactions</Value>
</Feature>
</Annotation>
<Annotation Id="537" Type="Token" StartNode="1377" EndNode="1383">
<Feature>
  <Name className="java.lang.String">string</Name>
  <Value className="java.lang.String">people</Value>
</Feature>
</Annotation>
<Annotation Id="612" Type="Token" StartNode="1567" EndNode="1579">
<Feature>
  <Name className="java.lang.String">string</Name>
  <Value className="java.lang.String">concentrated</Value>
</Feature>
</Annotation>
<Annotation Id="637" Type="Token" StartNode="1622" EndNode="1633">
<Feature>
  <Name className="java.lang.String">string</Name>
  <Value className="java.lang.String">propellents</Value>
</Feature>
</Annotation>
<Annotation Id="577" Type="Token" StartNode="1480" EndNode="1486">
<Feature>
  <Name className="java.lang.String">string</Name>
  <Value className="java.lang.String">people</Value>
</Feature>
</Annotation>
<Annotation Id="581" Type="Token" StartNode="1492" EndNode="1500">
<Feature>
  <Name className="java.lang.String">string</Name>
  <Value className="java.lang.String">suffered</Value>
</Feature>
</Annotation>
<Annotation Id="585" Type="Token" StartNode="1505" EndNode="1511">
<Feature>
  <Name className="java.lang.String">string</Name>
  <Value className="java.lang.String">damage</Value>
</Feature>
</Annotation>
<Annotation Id="600" Type="Token" StartNode="1541" EndNode="1550">
<Feature>
  <Name className="java.lang.String">string</Name>
  <Value className="java.lang.String">available</Value>
</Feature>
</Annotation>
<Annotation Id="680" Type="Token" StartNode="1730" EndNode="1738">
<Feature>
  <Name className="java.lang.String">string</Name>
  <Value className="java.lang.String">handguns</Value>
</Feature>
</Annotation>
<Annotation Id="672" Type="Token" StartNode="1714" EndNode="1722">
<Feature>
  <Name className="java.lang.String">string</Name>
  <Value className="java.lang.String">compared</Value>
</Feature>
</Annotation>
<Annotation Id="703" Type="Token" StartNode="1786" EndNode="1799">
<Feature>
  <Name className="java.lang.String">string</Name>
  <Value className="java.lang.String">effectiveness</Value>
</Feature>
</Annotation>
<Annotation Id="696" Type="Token" StartNode="1767" EndNode="1775">
<Feature>
  <Name className="java.lang.String">string</Name>
  <Value className="java.lang.String">stopping</Value>
</Feature>
</Annotation>
<Annotation Id="641" Type="Token" StartNode="1638" EndNode="1647">
<Feature>
  <Name className="java.lang.String">string</Name>
  <Value className="java.lang.String">flammable</Value>
</Feature>
</Annotation>
<Annotation Id="668" Type="Token" StartNode="1695" EndNode="1705">
<Feature>
  <Name className="java.lang.String">string</Name>
  <Value className="java.lang.String">non-lethal</Value>
</Feature>
</Annotation>
<Annotation Id="670" Type="Token" StartNode="1706" EndNode="1713">
<Feature>
  <Name className="java.lang.String">string</Name>
  <Value className="java.lang.String">weapons</Value>
</Feature>
</Annotation>
<Annotation Id="663" Type="Token" StartNode="1680" EndNode="1687">
<Feature>
  <Name className="java.lang.String">string</Name>
  <Value className="java.lang.String">against</Value>
</Feature>
</Annotation>
<Annotation Id="656" Type="Token" StartNode="1663" EndNode="1672">
<Feature>
  <Name className="java.lang.String">string</Name>
  <Value className="java.lang.String">arguments</Value>
</Feature>
</Annotation>
<Annotation Id="762" Type="Token" StartNode="1911" EndNode="1918">
<Feature>
  <Name className="java.lang.String">string</Name>
  <Value className="java.lang.String">indoors</Value>
</Feature>
</Annotation>
<Annotation Id="759" Type="Token" StartNode="1903" EndNode="1909">
<Feature>
  <Name className="java.lang.String">string</Name>
  <Value className="java.lang.String">pepper</Value>
</Feature>
</Annotation>
<Annotation Id="712" Type="Token" StartNode="1809" EndNode="1816">
<Feature>
  <Name className="java.lang.String">string</Name>
  <Value className="java.lang.String">limited</Value>
</Feature>
</Annotation>
<Annotation Id="734" Type="Token" StartNode="1852" EndNode="1858">
<Feature>
  <Name className="java.lang.String">string</Name>
  <Value className="java.lang.String">Sprays</Value>
</Feature>
</Annotation>
<Annotation Id="820" Type="Token" StartNode="2033" EndNode="2039">
<Feature>
  <Name className="java.lang.String">string</Name>
  <Value className="java.lang.String">sprays</Value>
</Feature>
</Annotation>
<Annotation Id="822" Type="Token" StartNode="2040" EndNode="2048">
<Feature>
  <Name className="java.lang.String">string</Name>
  <Value className="java.lang.String">outdoors</Value>
</Feature>
</Annotation>
<Annotation Id="790" Type="Token" StartNode="1975" EndNode="1981">
<Feature>
  <Name className="java.lang.String">string</Name>
  <Value className="java.lang.String">victim</Value>
</Feature>
</Annotation>
<Annotation Id="799" Type="Token" StartNode="1994" EndNode="2000">
<Feature>
  <Name className="java.lang.String">string</Name>
  <Value className="java.lang.String">nature</Value>
</Feature>
</Annotation>
<Annotation Id="775" Type="Token" StartNode="1941" EndNode="1947">
<Feature>
  <Name className="java.lang.String">string</Name>
  <Value className="java.lang.String">anyone</Value>
</Feature>
</Annotation>
<Annotation Id="773" Type="Token" StartNode="1934" EndNode="1940">
<Feature>
  <Name className="java.lang.String">string</Name>
  <Value className="java.lang.String">affect</Value>
</Feature>
</Annotation>
<Annotation Id="881" Type="Token" StartNode="2198" EndNode="2206">
<Feature>
  <Name className="java.lang.String">string</Name>
  <Value className="java.lang.String">citizens</Value>
</Feature>
</Annotation>
<Annotation Id="886" Type="Token" StartNode="2211" EndNode="2217">
<Feature>
  <Name className="java.lang.String">string</Name>
  <Value className="java.lang.String">pretty</Value>
</Feature>
</Annotation>
<Annotation Id="888" Type="Token" StartNode="2218" EndNode="2229">
<Feature>
  <Name className="java.lang.String">string</Name>
  <Value className="java.lang.String">ineffective</Value>
</Feature>
</Annotation>
<Annotation Id="892" Type="Token" StartNode="2233" EndNode="2239">
<Feature>
  <Name className="java.lang.String">string</Name>
  <Value className="java.lang.String">people</Value>
</Feature>
</Annotation>
<Annotation Id="868" Type="Token" StartNode="2162" EndNode="2172">
<Feature>
  <Name className="java.lang.String">string</Name>
  <Value className="java.lang.String">especially</Value>
</Feature>
</Annotation>
<Annotation Id="877" Type="Token" StartNode="2185" EndNode="2194">
<Feature>
  <Name className="java.lang.String">string</Name>
  <Value className="java.lang.String">available</Value>
</Feature>
</Annotation>
<Annotation Id="854" Type="Token" StartNode="2122" EndNode="2129">
<Feature>
  <Name className="java.lang.String">string</Name>
  <Value className="java.lang.String">various</Value>
</Feature>
</Annotation>
<Annotation Id="852" Type="Token" StartNode="2114" EndNode="2121">
<Feature>
  <Name className="java.lang.String">string</Name>
  <Value className="java.lang.String">reading</Value>
</Feature>
</Annotation>
<Annotation Id="856" Type="Token" StartNode="2130" EndNode="2138">
<Feature>
  <Name className="java.lang.String">string</Name>
  <Value className="java.lang.String">articles</Value>
</Feature>
</Annotation>
<Annotation Id="861" Type="Token" StartNode="2143" EndNode="2150">
<Feature>
  <Name className="java.lang.String">string</Name>
  <Value className="java.lang.String">appears</Value>
</Feature>
</Annotation>
<Annotation Id="834" Type="Token" StartNode="2071" EndNode="2080">
<Feature>
  <Name className="java.lang.String">string</Name>
  <Value className="java.lang.String">mitigates</Value>
</Feature>
</Annotation>
<Annotation Id="832" Type="Token" StartNode="2064" EndNode="2070">
<Feature>
  <Name className="java.lang.String">string</Name>
  <Value className="java.lang.String">breeze</Value>
</Feature>
</Annotation>
<Annotation Id="842" Type="Token" StartNode="2089" EndNode="2102">
<Feature>
  <Name className="java.lang.String">string</Name>
  <Value className="java.lang.String">effectiveness</Value>
</Feature>
</Annotation>
<Annotation Id="959" Type="Token" StartNode="2399" EndNode="2405">
<Feature>
  <Name className="java.lang.String">string</Name>
  <Value className="java.lang.String">appear</Value>
</Feature>
</Annotation>
<Annotation Id="945" Type="Token" StartNode="2362" EndNode="2370">
<Feature>
  <Name className="java.lang.String">string</Name>
  <Value className="java.lang.String">delivery</Value>
</Feature>
</Annotation>
<Annotation Id="947" Type="Token" StartNode="2371" EndNode="2378">
<Feature>
  <Name className="java.lang.String">string</Name>
  <Value className="java.lang.String">problem</Value>
</Feature>
</Annotation>
<Annotation Id="938" Type="Token" StartNode="2344" EndNode="2352">
<Feature>
  <Name className="java.lang.String">string</Name>
  <Value className="java.lang.String">inherent</Value>
</Feature>
</Annotation>
<Annotation Id="929" Type="Token" StartNode="2321" EndNode="2330">
<Feature>
  <Name className="java.lang.String">string</Name>
  <Value className="java.lang.String">effective</Value>
</Feature>
</Annotation>
<Annotation Id="921" Type="Token" StartNode="2302" EndNode="2309">
<Feature>
  <Name className="java.lang.String">string</Name>
  <Value className="java.lang.String">appears</Value>
</Feature>
</Annotation>
<Annotation Id="917" Type="Token" StartNode="2289" EndNode="2295">
<Feature>
  <Name className="java.lang.String">string</Name>
  <Value className="java.lang.String">pepper</Value>
</Feature>
</Annotation>
<Annotation Id="909" Type="Token" StartNode="2275" EndNode="2282">
<Feature>
  <Name className="java.lang.String">string</Name>
  <Value className="java.lang.String">alcohol</Value>
</Feature>
</Annotation>
<Annotation Id="901" Type="Token" StartNode="2253" EndNode="2262">
<Feature>
  <Name className="java.lang.String">string</Name>
  <Value className="java.lang.String">influence</Value>
</Feature>
</Annotation>
<Annotation Id="1022" Type="Token" StartNode="2546" EndNode="2552">
<Feature>
  <Name className="java.lang.String">string</Name>
  <Value className="java.lang.String">always</Value>
</Feature>
</Annotation>
<Annotation Id="1008" Type="Token" StartNode="2508" EndNode="2516">
<Feature>
  <Name className="java.lang.String">string</Name>
  <Value className="java.lang.String">Consider</Value>
</Feature>
</Annotation>
<Annotation Id="1012" Type="Token" StartNode="2522" EndNode="2529">
<Feature>
  <Name className="java.lang.String">string</Name>
  <Value className="java.lang.String">running</Value>
</Feature>
</Annotation>
<Annotation Id="976" Type="Token" StartNode="2438" EndNode="2449">
<Feature>
  <Name className="java.lang.String">string</Name>
  <Value className="java.lang.String">distraction</Value>
</Feature>
</Annotation>
<Annotation Id="967" Type="Token" StartNode="2421" EndNode="2427">
<Feature>
  <Name className="java.lang.String">string</Name>
  <Value className="java.lang.String">better</Value>
</Feature>
</Annotation>
<Annotation Id="965" Type="Token" StartNode="2412" EndNode="2420">
<Feature>
  <Name className="java.lang.String">string</Name>
  <Value className="java.lang.String">anything</Value>
</Feature>
</Annotation>
<Annotation Id="1101" Type="Token" StartNode="2734" EndNode="2741">
<Feature>
  <Name className="java.lang.String">string</Name>
  <Value className="java.lang.String">require</Value>
</Feature>
</Annotation>
<Annotation Id="1103" Type="Token" StartNode="2742" EndNode="2749">
<Feature>
  <Name className="java.lang.String">string</Name>
  <Value className="java.lang.String">contact</Value>
</Feature>
</Annotation>
<Annotation Id="1088" Type="Token" StartNode="2708" EndNode="2714">
<Feature>
  <Name className="java.lang.String">string</Name>
  <Value className="java.lang.String">Tasars</Value>
</Feature>
</Annotation>
<Annotation Id="1118" Type="Token" StartNode="2785" EndNode="2791">
<Feature>
  <Name className="java.lang.String">string</Name>
  <Value className="java.lang.String">jacket</Value>
</Feature>
</Annotation>
<Annotation Id="1113" Type="Token" StartNode="2768" EndNode="2781">
<Feature>
  <Name className="java.lang.String">string</Name>
  <Value className="java.lang.String">effectiveness</Value>
</Feature>
</Annotation>
<Annotation Id="1129" Type="Token" StartNode="2804" EndNode="2811">
<Feature>
  <Name className="java.lang.String">string</Name>
  <Value className="java.lang.String">leather</Value>
</Feature>
</Annotation>
<Annotation Id="1140" Type="Token" StartNode="2835" EndNode="2848">
<Feature>
  <Name className="java.lang.String">string</Name>
  <Value className="java.lang.String">effectiveness</Value>
</Feature>
</Annotation>
<Annotation Id="1136" Type="Token" StartNode="2822" EndNode="2830">
<Feature>
  <Name className="java.lang.String">string</Name>
  <Value className="java.lang.String">mitigate</Value>
</Feature>
</Annotation>
<Annotation Id="1035" Type="Token" StartNode="2578" EndNode="2585">
<Feature>
  <Name className="java.lang.String">string</Name>
  <Value className="java.lang.String">example</Value>
</Feature>
</Annotation>
<Annotation Id="1026" Type="Token" StartNode="2555" EndNode="2561">
<Feature>
  <Name className="java.lang.String">string</Name>
  <Value className="java.lang.String">viable</Value>
</Feature>
</Annotation>
<Annotation Id="1028" Type="Token" StartNode="2562" EndNode="2570">
<Feature>
  <Name className="java.lang.String">string</Name>
  <Value className="java.lang.String">solution</Value>
</Feature>
</Annotation>
<Annotation Id="1054" Type="Token" StartNode="2623" EndNode="2632">
<Feature>
  <Name className="java.lang.String">string</Name>
  <Value className="java.lang.String">assailent</Value>
</Feature>
</Annotation>
<Annotation Id="1044" Type="Token" StartNode="2598" EndNode="2605">
<Feature>
  <Name className="java.lang.String">string</Name>
  <Value className="java.lang.String">dressed</Value>
</Feature>
</Annotation>
<Annotation Id="1058" Type="Token" StartNode="2636" EndNode="2643">
<Feature>
  <Name className="java.lang.String">string</Name>
  <Value className="java.lang.String">dressed</Value>
</Feature>
</Annotation>
<Annotation Id="1063" Type="Token" StartNode="2648" EndNode="2656">
<Feature>
  <Name className="java.lang.String">string</Name>
  <Value className="java.lang.String">sneakers</Value>
</Feature>
</Annotation>
<Annotation Id="1080" Type="Token" StartNode="2688" EndNode="2698">
<Feature>
  <Name className="java.lang.String">string</Name>
  <Value className="java.lang.String">outrunning</Value>
</Feature>
</Annotation>
<Annotation Id="1216" Type="Token" StartNode="3015" EndNode="3024">
<Feature>
  <Name className="java.lang.String">string</Name>
  <Value className="java.lang.String">assailent</Value>
</Feature>
</Annotation>
<Annotation Id="1229" Type="Token" StartNode="3052" EndNode="3058">
<Feature>
  <Name className="java.lang.String">string</Name>
  <Value className="java.lang.String">period</Value>
</Feature>
</Annotation>
<Annotation Id="1227" Type="Token" StartNode="3041" EndNode="3051">
<Feature>
  <Name className="java.lang.String">string</Name>
  <Value className="java.lang.String">negligible</Value>
</Feature>
</Annotation>
<Annotation Id="1249" Type="Token" StartNode="3092" EndNode="3098">
<Feature>
  <Name className="java.lang.String">string</Name>
  <Value className="java.lang.String">pulled</Value>
</Feature>
</Annotation>
<Annotation Id="1261" Type="Token" StartNode="3120" EndNode="3127">
<Feature>
  <Name className="java.lang.String">string</Name>
  <Value className="java.lang.String">problem</Value>
</Feature>
</Annotation>
<Annotation Id="1257" Type="Token" StartNode="3107" EndNode="3115">
<Feature>
  <Name className="java.lang.String">string</Name>
  <Value className="java.lang.String">Consider</Value>
</Feature>
</Annotation>
<Annotation Id="1273" Type="Token" StartNode="3153" EndNode="3160">
<Feature>
  <Name className="java.lang.String">string</Name>
  <Value className="java.lang.String">keeping</Value>
</Feature>
</Annotation>
<Annotation Id="1155" Type="Token" StartNode="2871" EndNode="2880">
<Feature>
  <Name className="java.lang.String">string</Name>
  <Value className="java.lang.String">extremely</Value>
</Feature>
</Annotation>
<Annotation Id="1163" Type="Token" StartNode="2894" EndNode="2903">
<Feature>
  <Name className="java.lang.String">string</Name>
  <Value className="java.lang.String">assailent</Value>
</Feature>
</Annotation>
<Annotation Id="1179" Type="Token" StartNode="2928" EndNode="2940">
<Feature>
  <Name className="java.lang.String">string</Name>
  <Value className="java.lang.String">considerable</Value>
</Feature>
</Annotation>
<Annotation Id="1185" Type="Token" StartNode="2949" EndNode="2955">
<Feature>
  <Name className="java.lang.String">string</Name>
  <Value className="java.lang.String">injury</Value>
</Feature>
</Annotation>
<Annotation Id="1210" Type="Token" StartNode="2998" EndNode="3005">
<Feature>
  <Name className="java.lang.String">string</Name>
  <Value className="java.lang.String">contact</Value>
</Feature>
</Annotation>
<Annotation Id="1369" Type="Token" StartNode="3391" EndNode="3402">
<Feature>
  <Name className="java.lang.String">string</Name>
  <Value className="java.lang.String">defenseless</Value>
</Feature>
</Annotation>
<Annotation Id="1361" Type="Token" StartNode="3371" EndNode="3377">
<Feature>
  <Name className="java.lang.String">string</Name>
  <Value className="java.lang.String">people</Value>
</Feature>
</Annotation>
<Annotation Id="1357" Type="Token" StartNode="3357" EndNode="3365">
<Feature>
  <Name className="java.lang.String">string</Name>
  <Value className="java.lang.String">argument</Value>
</Feature>
</Annotation>
<Annotation Id="1355" Type="Token" StartNode="3349" EndNode="3356">
<Feature>
  <Name className="java.lang.String">string</Name>
  <Value className="java.lang.String">pro-gun</Value>
</Feature>
</Annotation>
<Annotation Id="1347" Type="Token" StartNode="3333" EndNode="3340">
<Feature>
  <Name className="java.lang.String">string</Name>
  <Value className="java.lang.String">counter</Value>
</Feature>
</Annotation>
<Annotation Id="1397" Type="Token" StartNode="3460" EndNode="3466">
<Feature>
  <Name className="java.lang.String">string</Name>
  <Value className="java.lang.String">people</Value>
</Feature>
</Annotation>
<Annotation Id="1393" Type="Token" StartNode="3447" EndNode="3454">
<Feature>
  <Name className="java.lang.String">string</Name>
  <Value className="java.lang.String">contend</Value>
</Feature>
</Annotation>
<Annotation Id="1389" Type="Token" StartNode="3432" EndNode="3441">
<Feature>
  <Name className="java.lang.String">string</Name>
  <Value className="java.lang.String">Generally</Value>
</Feature>
</Annotation>
<Annotation Id="1311" Type="Token" StartNode="3236" EndNode="3246">
<Feature>
  <Name className="java.lang.String">string</Name>
  <Value className="java.lang.String">sustaining</Value>
</Feature>
</Annotation>
<Annotation Id="1301" Type="Token" StartNode="3217" EndNode="3223">
<Feature>
  <Name className="java.lang.String">string</Name>
  <Value className="java.lang.String">length</Value>
</Feature>
</Annotation>
<Annotation Id="1291" Type="Token" StartNode="3192" EndNode="3199">
<Feature>
  <Name className="java.lang.String">string</Name>
  <Value className="java.lang.String">average</Value>
</Feature>
</Annotation>
<Annotation Id="1285" Type="Token" StartNode="3177" EndNode="3184">
<Feature>
  <Name className="java.lang.String">string</Name>
  <Value className="java.lang.String">contact</Value>
</Feature>
</Annotation>
<Annotation Id="1336" Type="Token" StartNode="3293" EndNode="3299">
<Feature>
  <Name className="java.lang.String">string</Name>
  <Value className="java.lang.String">groups</Value>
</Feature>
</Annotation>
<Annotation Id="1338" Type="Token" StartNode="3300" EndNode="3309">
<Feature>
  <Name className="java.lang.String">string</Name>
  <Value className="java.lang.String">suggested</Value>
</Feature>
</Annotation>
<Annotation Id="1340" Type="Token" StartNode="3310" EndNode="3320">
<Feature>
  <Name className="java.lang.String">string</Name>
  <Value className="java.lang.String">non-lethal</Value>
</Feature>
</Annotation>
<Annotation Id="1342" Type="Token" StartNode="3321" EndNode="3328">
<Feature>
  <Name className="java.lang.String">string</Name>
  <Value className="java.lang.String">weapons</Value>
</Feature>
</Annotation>
<Annotation Id="1334" Type="Token" StartNode="3284" EndNode="3292">
<Feature>
  <Name className="java.lang.String">string</Name>
  <Value className="java.lang.String">anti-gun</Value>
</Feature>
</Annotation>
<Annotation Id="1314" Type="Token" StartNode="3248" EndNode="3255">
<Feature>
  <Name className="java.lang.String">string</Name>
  <Value className="java.lang.String">serious</Value>
</Feature>
</Annotation>
<Annotation Id="1316" Type="Token" StartNode="3256" EndNode="3262">
<Feature>
  <Name className="java.lang.String">string</Name>
  <Value className="java.lang.String">injury</Value>
</Feature>
</Annotation>
<Annotation Id="1490" Type="Token" StartNode="3685" EndNode="3692">
<Feature>
  <Name className="java.lang.String">string</Name>
  <Value className="java.lang.String">illegal</Value>
</Feature>
</Annotation>
<Annotation Id="1500" Type="Token" StartNode="3710" EndNode="3717">
<Feature>
  <Name className="java.lang.String">string</Name>
  <Value className="java.lang.String">Believe</Value>
</Feature>
</Annotation>
<Annotation Id="1496" Type="Token" StartNode="3701" EndNode="3707">
<Feature>
  <Name className="java.lang.String">string</Name>
  <Value className="java.lang.String">states</Value>
</Feature>
</Annotation>
<Annotation Id="1473" Type="Token" StartNode="3649" EndNode="3656">
<Feature>
  <Name className="java.lang.String">string</Name>
  <Value className="java.lang.String">illegal</Value>
</Feature>
</Annotation>
<Annotation Id="1483" Type="Token" StartNode="3668" EndNode="3674">
<Feature>
  <Name className="java.lang.String">string</Name>
  <Value className="java.lang.String">sprays</Value>
</Feature>
</Annotation>
<Annotation Id="1524" Type="Token" StartNode="3761" EndNode="3769">
<Feature>
  <Name className="java.lang.String">string</Name>
  <Value className="java.lang.String">although</Value>
</Feature>
</Annotation>
<Annotation Id="1534" Type="Token" StartNode="3791" EndNode="3797">
<Feature>
  <Name className="java.lang.String">string</Name>
  <Value className="java.lang.String">thinks</Value>
</Feature>
</Annotation>
<Annotation Id="1517" Type="Token" StartNode="3746" EndNode="3753">
<Feature>
  <Name className="java.lang.String">string</Name>
  <Value className="java.lang.String">illegal</Value>
</Feature>
</Annotation>
<Annotation Id="1422" Type="Token" StartNode="3509" EndNode="3519">
<Feature>
  <Name className="java.lang.String">string</Name>
  <Value className="java.lang.String">themselves</Value>
</Feature>
</Annotation>
<Annotation Id="1420" Type="Token" StartNode="3502" EndNode="3508">
<Feature>
  <Name className="java.lang.String">string</Name>
  <Value className="java.lang.String">defend</Value>
</Feature>
</Annotation>
<Annotation Id="1459" Type="Token" StartNode="3603" EndNode="3611">
<Feature>
  <Name className="java.lang.String">string</Name>
  <Value className="java.lang.String">Civilian</Value>
</Feature>
</Annotation>
<Annotation Id="1461" Type="Token" StartNode="3612" EndNode="3621">
<Feature>
  <Name className="java.lang.String">string</Name>
  <Value className="java.lang.String">ownership</Value>
</Feature>
</Annotation>
<Annotation Id="1471" Type="Token" StartNode="3638" EndNode="3648">
<Feature>
  <Name className="java.lang.String">string</Name>
  <Value className="java.lang.String">frequently</Value>
</Feature>
</Annotation>
<Annotation Id="1443" Type="Token" StartNode="3548" EndNode="3560">
<Feature>
  <Name className="java.lang.String">string</Name>
  <Value className="java.lang.String">restrictions</Value>
</Feature>
</Annotation>
<Annotation Id="1445" Type="Token" StartNode="3561" EndNode="3570">
<Feature>
  <Name className="java.lang.String">string</Name>
  <Value className="java.lang.String">licensing</Value>
</Feature>
</Annotation>
<Annotation Id="1451" Type="Token" StartNode="3580" EndNode="3590">
<Feature>
  <Name className="java.lang.String">string</Name>
  <Value className="java.lang.String">non-lethal</Value>
</Feature>
</Annotation>
<Annotation Id="1453" Type="Token" StartNode="3591" EndNode="3598">
<Feature>
  <Name className="java.lang.String">string</Name>
  <Value className="java.lang.String">devices</Value>
</Feature>
</Annotation>
<Annotation Id="1648" Type="Token" StartNode="4060" EndNode="4066">
<Feature>
  <Name className="java.lang.String">string</Name>
  <Value className="java.lang.String">tracks</Value>
</Feature>
</Annotation>
<Annotation Id="1609" Type="Token" StartNode="3975" EndNode="3982">
<Feature>
  <Name className="java.lang.String">string</Name>
  <Value className="java.lang.String">nothing</Value>
</Feature>
</Annotation>
<Annotation Id="1601" Type="Token" StartNode="3952" EndNode="3958">
<Feature>
  <Name className="java.lang.String">string</Name>
  <Value className="java.lang.String">sprays</Value>
</Feature>
</Annotation>
<Annotation Id="1605" Type="Token" StartNode="3963" EndNode="3969">
<Feature>
  <Name className="java.lang.String">string</Name>
  <Value className="java.lang.String">better</Value>
</Feature>
</Annotation>
<Annotation Id="1627" Type="Token" StartNode="4015" EndNode="4022">
<Feature>
  <Name className="java.lang.String">string</Name>
  <Value className="java.lang.String">believe</Value>
</Feature>
</Annotation>
<Annotation Id="1570" Type="Token" StartNode="3879" EndNode="3885">
<Feature>
  <Name className="java.lang.String">string</Name>
  <Value className="java.lang.String">reason</Value>
</Feature>
</Annotation>
<Annotation Id="1587" Type="Token" StartNode="3916" EndNode="3931">
<Feature>
  <Name className="java.lang.String">string</Name>
  <Value className="java.lang.String">ineffectiveness</Value>
</Feature>
</Annotation>
<Annotation Id="1547" Type="Token" StartNode="3818" EndNode="3825">
<Feature>
  <Name className="java.lang.String">string</Name>
  <Value className="java.lang.String">believe</Value>
</Feature>
</Annotation>
<Annotation Id="1553" Type="Token" StartNode="3834" EndNode="3840">
<Feature>
  <Name className="java.lang.String">string</Name>
  <Value className="java.lang.String">almost</Value>
</Feature>
</Annotation>
<Annotation Id="1555" Type="Token" StartNode="3841" EndNode="3850">
<Feature>
  <Name className="java.lang.String">string</Name>
  <Value className="java.lang.String">legalized</Value>
</Feature>
</Annotation>
<Annotation Id="1771" Type="Token" StartNode="4272" EndNode="4280">
<Feature>
  <Name className="java.lang.String">string</Name>
  <Value className="java.lang.String">internal</Value>
</Feature>
</Annotation>
<Annotation Id="1791" Type="Token" StartNode="4312" EndNode="4318">
<Feature>
  <Name className="java.lang.String">string</Name>
  <Value className="java.lang.String">kgnvmy</Value>
</Feature>
</Annotation>
<Annotation Id="1733" Type="Token" StartNode="4207" EndNode="4214">
<Feature>
  <Name className="java.lang.String">string</Name>
  <Value className="java.lang.String">Michael</Value>
</Feature>
</Annotation>
<Annotation Id="1735" Type="Token" StartNode="4215" EndNode="4221">
<Feature>
  <Name className="java.lang.String">string</Name>
  <Value className="java.lang.String">Phelps</Value>
</Feature>
</Annotation>
<Annotation Id="1739" Type="Token" StartNode="4224" EndNode="4232">
<Feature>
  <Name className="java.lang.String">string</Name>
  <Value className="java.lang.String">external</Value>
</Feature>
</Annotation>
<Annotation Id="1710" Type="Token" StartNode="4159" EndNode="4166">
<Feature>
  <Name className="java.lang.String">string</Name>
  <Value className="java.lang.String">shepard</Value>
</Feature>
</Annotation>
<Annotation Id="1706" Type="Token" StartNode="4149" EndNode="4156">
<Feature>
  <Name className="java.lang.String">string</Name>
  <Value className="java.lang.String">Shepard</Value>
</Feature>
</Annotation>
<Annotation Id="1718" Type="Token" StartNode="4180" EndNode="4187">
<Feature>
  <Name className="java.lang.String">string</Name>
  <Value className="java.lang.String">Portola</Value>
</Feature>
</Annotation>
<Annotation Id="1712" Type="Token" StartNode="4167" EndNode="4173">
<Feature>
  <Name className="java.lang.String">string</Name>
  <Value className="java.lang.String">netcom</Value>
</Feature>
</Annotation>
<Annotation Id="1720" Type="Token" StartNode="4188" EndNode="4194">
<Feature>
  <Name className="java.lang.String">string</Name>
  <Value className="java.lang.String">Valley</Value>
</Feature>
</Annotation>
<Annotation Id="1665" Type="Token" StartNode="4093" EndNode="4102">
<Feature>
  <Name className="java.lang.String">string</Name>
  <Value className="java.lang.String">diversion</Value>
</Feature>
</Annotation>
<Annotation Id="1891" Type="Token" StartNode="4538" EndNode="4545">
<Feature>
  <Name className="java.lang.String">string</Name>
  <Value className="java.lang.String">Holland</Value>
</Feature>
</Annotation>
<Annotation Id="1875" Type="Token" StartNode="4506" EndNode="4514">
<Feature>
  <Name className="java.lang.String">string</Name>
  <Value className="java.lang.String">stopping</Value>
</Feature>
</Annotation>
<Annotation Id="1879" Type="Token" StartNode="4518" EndNode="4524">
<Feature>
  <Name className="java.lang.String">string</Name>
  <Value className="java.lang.String">attack</Value>
</Feature>
</Annotation>
<Annotation Id="1858" Type="Token" StartNode="4459" EndNode="4466">
<Feature>
  <Name className="java.lang.String">string</Name>
  <Value className="java.lang.String">plastic</Value>
</Feature>
</Annotation>
<Annotation Id="1860" Type="Token" StartNode="4467" EndNode="4474">
<Feature>
  <Name className="java.lang.String">string</Name>
  <Value className="java.lang.String">bullets</Value>
</Feature>
</Annotation>
<Annotation Id="1854" Type="Token" StartNode="4449" EndNode="4455">
<Feature>
  <Name className="java.lang.String">string</Name>
  <Value className="java.lang.String">rubber</Value>
</Feature>
</Annotation>
<Annotation Id="1849" Type="Token" StartNode="4435" EndNode="4442">
<Feature>
  <Name className="java.lang.String">string</Name>
  <Value className="java.lang.String">bullets</Value>
</Feature>
</Annotation>
<Annotation Id="1847" Type="Token" StartNode="4424" EndNode="4434">
<Feature>
  <Name className="java.lang.String">string</Name>
  <Value className="java.lang.String">non-lethal</Value>
</Feature>
</Annotation>
<Annotation Id="1823" Type="Token" StartNode="4375" EndNode="4383">
<Feature>
  <Name className="java.lang.String">string</Name>
  <Value className="java.lang.String">opinions</Value>
</Feature>
</Annotation>
<Annotation Id="1817" Type="Token" StartNode="4356" EndNode="4366">
<Feature>
  <Name className="java.lang.String">string</Name>
  <Value className="java.lang.String">disclaimer</Value>
</Feature>
</Annotation>
</AnnotationSet>
<AnnotationSet Name="Original markups"> </AnnotationSet>
</GateDocument>