<?xml version='1.0' encoding='UTF-8'?>
<GateDocument version="3">
<!-- The document's features-->

<GateDocumentFeatures>
<Feature>
  <Name className="java.lang.String">Original_document_content_on_load</Name>
  <Value className="java.lang.String"><![CDATA[From: john@anasazi.com (John R. Moore)
Organization: Anasazi Inc, Phoenix AZ USA
Date: Fri, 23 Apr 1993 15:42:20 GMT
Message-ID: <john.735579740@misty>
References: <viking.734512792@ponderous.cc.iastate.edu> <briand.734719796@misty> <1993Apr21.193916.26597@gtephx.UUCP> <1993Apr23.021906.9481@organpipe.uug.arizona.edu>
Sender: usenet@anasazi.com (Usenet News)
Lines: 25

aguilar@helium.gas.uug.arizona.edu (christopher j aguilar) writes:

]In article <1993Apr21.193916.26597@gtephx.UUCP> forda@gtephx.UUCP (Andrew Ford @ AGCS, Phoenix, Arizona) writes:
]>
]> [Stuff about crime deleted...]
]>
]>BTW, PHX, like LA, has large hispanic and black communities.
]                              ^^^^^^^^^^^^^^^^^^^^^^^^^^^^^^^
]    Now what in the world does this have to do with anything?
Because the hispanic communities in Phoenix are high crime areas.
Likewise, in LA, CERTAIN hispanic communities (with immigrants from certain 
countries) had high participation in the looting after the riot. Others,
which comprise hispanics with several generations of residency in the US,
were peaceful.

]Now, check out my .sig (or are you too stupid to learn spanish?)
What is this.... a bit of pro-hispanic bigotry? Want me to put a .sig
in morse code and challenge you to learn it?

Get a life.... give up on the victimology trip!
-- 
John Moore NJ7E, 7525 Clearwater Pkwy, Scottsdale, AZ 85253  (602-951-9326)
john@anasazi.com ncar!noao!asuvax!anasaz!john anasaz!john@asuvax.eas.asu.edu
- Democracy is two wolves and a sheep using majority vote to decide what -
- to have for dinner. SUPPORT THE BILL OF RIGHTS - INCLUDING THE 2nd! -
]]></Value>
</Feature>
<Feature>
  <Name className="java.lang.String">gate.SourceURL</Name>
  <Value className="java.lang.String">file:/C:/Users/jian/Documents/NetBeansProjects/NoiseReductionTechniques/mideastPoliticsMix/negative28</Value>
</Feature>
</GateDocumentFeatures>
<!-- The document content area with serialized nodes -->

<TextWithNodes><Node id="0"/>From<Node id="4"/>:<Node id="5"/> <Node id="6"/>john<Node id="10"/>@<Node id="11"/>anasazi<Node id="18"/>.<Node id="19"/>com<Node id="22"/> <Node id="23"/>(<Node id="24"/>John<Node id="28"/> <Node id="29"/>R<Node id="30"/>.<Node id="31"/> <Node id="32"/>Moore<Node id="37"/>)<Node id="38"/>
<Node id="39"/>Organization<Node id="51"/>:<Node id="52"/> <Node id="53"/>Anasazi<Node id="60"/> <Node id="61"/>Inc<Node id="64"/>,<Node id="65"/> <Node id="66"/>Phoenix<Node id="73"/> <Node id="74"/>AZ<Node id="76"/> <Node id="77"/>USA<Node id="80"/>
<Node id="81"/>Date<Node id="85"/>:<Node id="86"/> <Node id="87"/>Fri<Node id="90"/>,<Node id="91"/> <Node id="92"/>23<Node id="94"/> <Node id="95"/>Apr<Node id="98"/> <Node id="99"/>1993<Node id="103"/> <Node id="104"/>15<Node id="106"/>:<Node id="107"/>42<Node id="109"/>:<Node id="110"/>20<Node id="112"/> <Node id="113"/>GMT<Node id="116"/>
<Node id="117"/>Message-<Node id="125"/>ID<Node id="127"/>:<Node id="128"/> <Node id="129"/>&lt;<Node id="130"/>john<Node id="134"/>.<Node id="135"/>735579740<Node id="144"/>@<Node id="145"/>misty<Node id="150"/>&gt;<Node id="151"/>
<Node id="152"/>References<Node id="162"/>:<Node id="163"/> <Node id="164"/>&lt;<Node id="165"/>viking<Node id="171"/>.<Node id="172"/>734512792<Node id="181"/>@<Node id="182"/>ponderous<Node id="191"/>.<Node id="192"/>cc<Node id="194"/>.<Node id="195"/>iastate<Node id="202"/>.<Node id="203"/>edu<Node id="206"/>&gt;<Node id="207"/> <Node id="208"/>&lt;<Node id="209"/>briand<Node id="215"/>.<Node id="216"/>734719796<Node id="225"/>@<Node id="226"/>misty<Node id="231"/>&gt;<Node id="232"/> <Node id="233"/>&lt;<Node id="234"/>1993<Node id="238"/>Apr<Node id="241"/>21<Node id="243"/>.<Node id="244"/>193916<Node id="250"/>.<Node id="251"/>26597<Node id="256"/>@<Node id="257"/>gtephx<Node id="263"/>.<Node id="264"/>UUCP<Node id="268"/>&gt;<Node id="269"/> <Node id="270"/>&lt;<Node id="271"/>1993<Node id="275"/>Apr<Node id="278"/>23<Node id="280"/>.<Node id="281"/>021906<Node id="287"/>.<Node id="288"/>9481<Node id="292"/>@<Node id="293"/>organpipe<Node id="302"/>.<Node id="303"/>uug<Node id="306"/>.<Node id="307"/>arizona<Node id="314"/>.<Node id="315"/>edu<Node id="318"/>&gt;<Node id="319"/>
<Node id="320"/>Sender<Node id="326"/>:<Node id="327"/> <Node id="328"/>usenet<Node id="334"/>@<Node id="335"/>anasazi<Node id="342"/>.<Node id="343"/>com<Node id="346"/> <Node id="347"/>(<Node id="348"/>Usenet<Node id="354"/> <Node id="355"/>News<Node id="359"/>)<Node id="360"/>
<Node id="361"/>Lines<Node id="366"/>:<Node id="367"/> <Node id="368"/>25<Node id="370"/>
<Node id="371"/>
<Node id="372"/>aguilar<Node id="379"/>@<Node id="380"/>helium<Node id="386"/>.<Node id="387"/>gas<Node id="390"/>.<Node id="391"/>uug<Node id="394"/>.<Node id="395"/>arizona<Node id="402"/>.<Node id="403"/>edu<Node id="406"/> <Node id="407"/>(<Node id="408"/>christopher<Node id="419"/> <Node id="420"/>j<Node id="421"/> <Node id="422"/>aguilar<Node id="429"/>)<Node id="430"/> <Node id="431"/>writes<Node id="437"/>:<Node id="438"/>
<Node id="439"/>
<Node id="440"/>]<Node id="441"/>In<Node id="443"/> <Node id="444"/>article<Node id="451"/> <Node id="452"/>&lt;<Node id="453"/>1993<Node id="457"/>Apr<Node id="460"/>21<Node id="462"/>.<Node id="463"/>193916<Node id="469"/>.<Node id="470"/>26597<Node id="475"/>@<Node id="476"/>gtephx<Node id="482"/>.<Node id="483"/>UUCP<Node id="487"/>&gt;<Node id="488"/> <Node id="489"/>forda<Node id="494"/>@<Node id="495"/>gtephx<Node id="501"/>.<Node id="502"/>UUCP<Node id="506"/> <Node id="507"/>(<Node id="508"/>Andrew<Node id="514"/> <Node id="515"/>Ford<Node id="519"/> <Node id="520"/>@<Node id="521"/> <Node id="522"/>AGCS<Node id="526"/>,<Node id="527"/> <Node id="528"/>Phoenix<Node id="535"/>,<Node id="536"/> <Node id="537"/>Arizona<Node id="544"/>)<Node id="545"/> <Node id="546"/>writes<Node id="552"/>:<Node id="553"/>
<Node id="554"/>]<Node id="555"/>&gt;<Node id="556"/>
<Node id="557"/>]<Node id="558"/>&gt;<Node id="559"/> <Node id="560"/>[<Node id="561"/>Stuff<Node id="566"/> <Node id="567"/>about<Node id="572"/> <Node id="573"/>crime<Node id="578"/> <Node id="579"/>deleted<Node id="586"/>.<Node id="587"/>.<Node id="588"/>.<Node id="589"/>]<Node id="590"/>
<Node id="591"/>]<Node id="592"/>&gt;<Node id="593"/>
<Node id="594"/>]<Node id="595"/>&gt;<Node id="596"/>BTW<Node id="599"/>,<Node id="600"/> <Node id="601"/>PHX<Node id="604"/>,<Node id="605"/> <Node id="606"/>like<Node id="610"/> <Node id="611"/>LA<Node id="613"/>,<Node id="614"/> <Node id="615"/>has<Node id="618"/> <Node id="619"/>large<Node id="624"/> <Node id="625"/>hispanic<Node id="633"/> <Node id="634"/>and<Node id="637"/> <Node id="638"/>black<Node id="643"/> <Node id="644"/>communities<Node id="655"/>.<Node id="656"/>
<Node id="657"/>]<Node id="658"/> <Node id="659"/> <Node id="660"/> <Node id="661"/> <Node id="662"/> <Node id="663"/> <Node id="664"/> <Node id="665"/> <Node id="666"/> <Node id="667"/> <Node id="668"/> <Node id="669"/> <Node id="670"/> <Node id="671"/> <Node id="672"/> <Node id="673"/> <Node id="674"/> <Node id="675"/> <Node id="676"/> <Node id="677"/> <Node id="678"/> <Node id="679"/> <Node id="680"/> <Node id="681"/> <Node id="682"/> <Node id="683"/> <Node id="684"/> <Node id="685"/> <Node id="686"/> <Node id="687"/> <Node id="688"/>^<Node id="689"/>^<Node id="690"/>^<Node id="691"/>^<Node id="692"/>^<Node id="693"/>^<Node id="694"/>^<Node id="695"/>^<Node id="696"/>^<Node id="697"/>^<Node id="698"/>^<Node id="699"/>^<Node id="700"/>^<Node id="701"/>^<Node id="702"/>^<Node id="703"/>^<Node id="704"/>^<Node id="705"/>^<Node id="706"/>^<Node id="707"/>^<Node id="708"/>^<Node id="709"/>^<Node id="710"/>^<Node id="711"/>^<Node id="712"/>^<Node id="713"/>^<Node id="714"/>^<Node id="715"/>^<Node id="716"/>^<Node id="717"/>^<Node id="718"/>^<Node id="719"/>
<Node id="720"/>]<Node id="721"/> <Node id="722"/> <Node id="723"/> <Node id="724"/> <Node id="725"/>Now<Node id="728"/> <Node id="729"/>what<Node id="733"/> <Node id="734"/>in<Node id="736"/> <Node id="737"/>the<Node id="740"/> <Node id="741"/>world<Node id="746"/> <Node id="747"/>does<Node id="751"/> <Node id="752"/>this<Node id="756"/> <Node id="757"/>have<Node id="761"/> <Node id="762"/>to<Node id="764"/> <Node id="765"/>do<Node id="767"/> <Node id="768"/>with<Node id="772"/> <Node id="773"/>anything<Node id="781"/>?<Node id="782"/>
<Node id="783"/>Because<Node id="790"/> <Node id="791"/>the<Node id="794"/> <Node id="795"/>hispanic<Node id="803"/> <Node id="804"/>communities<Node id="815"/> <Node id="816"/>in<Node id="818"/> <Node id="819"/>Phoenix<Node id="826"/> <Node id="827"/>are<Node id="830"/> <Node id="831"/>high<Node id="835"/> <Node id="836"/>crime<Node id="841"/> <Node id="842"/>areas<Node id="847"/>.<Node id="848"/>
<Node id="849"/>Likewise<Node id="857"/>,<Node id="858"/> <Node id="859"/>in<Node id="861"/> <Node id="862"/>LA<Node id="864"/>,<Node id="865"/> <Node id="866"/>CERTAIN<Node id="873"/> <Node id="874"/>hispanic<Node id="882"/> <Node id="883"/>communities<Node id="894"/> <Node id="895"/>(<Node id="896"/>with<Node id="900"/> <Node id="901"/>immigrants<Node id="911"/> <Node id="912"/>from<Node id="916"/> <Node id="917"/>certain<Node id="924"/> <Node id="925"/>
<Node id="926"/>countries<Node id="935"/>)<Node id="936"/> <Node id="937"/>had<Node id="940"/> <Node id="941"/>high<Node id="945"/> <Node id="946"/>participation<Node id="959"/> <Node id="960"/>in<Node id="962"/> <Node id="963"/>the<Node id="966"/> <Node id="967"/>looting<Node id="974"/> <Node id="975"/>after<Node id="980"/> <Node id="981"/>the<Node id="984"/> <Node id="985"/>riot<Node id="989"/>.<Node id="990"/> <Node id="991"/>Others<Node id="997"/>,<Node id="998"/>
<Node id="999"/>which<Node id="1004"/> <Node id="1005"/>comprise<Node id="1013"/> <Node id="1014"/>hispanics<Node id="1023"/> <Node id="1024"/>with<Node id="1028"/> <Node id="1029"/>several<Node id="1036"/> <Node id="1037"/>generations<Node id="1048"/> <Node id="1049"/>of<Node id="1051"/> <Node id="1052"/>residency<Node id="1061"/> <Node id="1062"/>in<Node id="1064"/> <Node id="1065"/>the<Node id="1068"/> <Node id="1069"/>US<Node id="1071"/>,<Node id="1072"/>
<Node id="1073"/>were<Node id="1077"/> <Node id="1078"/>peaceful<Node id="1086"/>.<Node id="1087"/>
<Node id="1088"/>
<Node id="1089"/>]<Node id="1090"/>Now<Node id="1093"/>,<Node id="1094"/> <Node id="1095"/>check<Node id="1100"/> <Node id="1101"/>out<Node id="1104"/> <Node id="1105"/>my<Node id="1107"/> <Node id="1108"/>.<Node id="1109"/>sig<Node id="1112"/> <Node id="1113"/>(<Node id="1114"/>or<Node id="1116"/> <Node id="1117"/>are<Node id="1120"/> <Node id="1121"/>you<Node id="1124"/> <Node id="1125"/>too<Node id="1128"/> <Node id="1129"/>stupid<Node id="1135"/> <Node id="1136"/>to<Node id="1138"/> <Node id="1139"/>learn<Node id="1144"/> <Node id="1145"/>spanish<Node id="1152"/>?<Node id="1153"/>)<Node id="1154"/>
<Node id="1155"/>What<Node id="1159"/> <Node id="1160"/>is<Node id="1162"/> <Node id="1163"/>this<Node id="1167"/>.<Node id="1168"/>.<Node id="1169"/>.<Node id="1170"/>.<Node id="1171"/> <Node id="1172"/>a<Node id="1173"/> <Node id="1174"/>bit<Node id="1177"/> <Node id="1178"/>of<Node id="1180"/> <Node id="1181"/>pro-hispanic<Node id="1193"/> <Node id="1194"/>bigotry<Node id="1201"/>?<Node id="1202"/> <Node id="1203"/>Want<Node id="1207"/> <Node id="1208"/>me<Node id="1210"/> <Node id="1211"/>to<Node id="1213"/> <Node id="1214"/>put<Node id="1217"/> <Node id="1218"/>a<Node id="1219"/> <Node id="1220"/>.<Node id="1221"/>sig<Node id="1224"/>
<Node id="1225"/>in<Node id="1227"/> <Node id="1228"/>morse<Node id="1233"/> <Node id="1234"/>code<Node id="1238"/> <Node id="1239"/>and<Node id="1242"/> <Node id="1243"/>challenge<Node id="1252"/> <Node id="1253"/>you<Node id="1256"/> <Node id="1257"/>to<Node id="1259"/> <Node id="1260"/>learn<Node id="1265"/> <Node id="1266"/>it<Node id="1268"/>?<Node id="1269"/>
<Node id="1270"/>
<Node id="1271"/>Get<Node id="1274"/> <Node id="1275"/>a<Node id="1276"/> <Node id="1277"/>life<Node id="1281"/>.<Node id="1282"/>.<Node id="1283"/>.<Node id="1284"/>.<Node id="1285"/> <Node id="1286"/>give<Node id="1290"/> <Node id="1291"/>up<Node id="1293"/> <Node id="1294"/>on<Node id="1296"/> <Node id="1297"/>the<Node id="1300"/> <Node id="1301"/>victimology<Node id="1312"/> <Node id="1313"/>trip<Node id="1317"/>!<Node id="1318"/>
<Node id="1319"/>-<Node id="1320"/>-<Node id="1321"/> <Node id="1322"/>
<Node id="1323"/>John<Node id="1327"/> <Node id="1328"/>Moore<Node id="1333"/> <Node id="1334"/>NJ<Node id="1336"/>7<Node id="1337"/>E<Node id="1338"/>,<Node id="1339"/> <Node id="1340"/>7525<Node id="1344"/> <Node id="1345"/>Clearwater<Node id="1355"/> <Node id="1356"/>Pkwy<Node id="1360"/>,<Node id="1361"/> <Node id="1362"/>Scottsdale<Node id="1372"/>,<Node id="1373"/> <Node id="1374"/>AZ<Node id="1376"/> <Node id="1377"/>85253<Node id="1382"/> <Node id="1383"/> <Node id="1384"/>(<Node id="1385"/>602<Node id="1388"/>-<Node id="1389"/>951<Node id="1392"/>-<Node id="1393"/>9326<Node id="1397"/>)<Node id="1398"/>
<Node id="1399"/>john<Node id="1403"/>@<Node id="1404"/>anasazi<Node id="1411"/>.<Node id="1412"/>com<Node id="1415"/> <Node id="1416"/>ncar<Node id="1420"/>!<Node id="1421"/>noao<Node id="1425"/>!<Node id="1426"/>asuvax<Node id="1432"/>!<Node id="1433"/>anasaz<Node id="1439"/>!<Node id="1440"/>john<Node id="1444"/> <Node id="1445"/>anasaz<Node id="1451"/>!<Node id="1452"/>john<Node id="1456"/>@<Node id="1457"/>asuvax<Node id="1463"/>.<Node id="1464"/>eas<Node id="1467"/>.<Node id="1468"/>asu<Node id="1471"/>.<Node id="1472"/>edu<Node id="1475"/>
<Node id="1476"/>-<Node id="1477"/> <Node id="1478"/>Democracy<Node id="1487"/> <Node id="1488"/>is<Node id="1490"/> <Node id="1491"/>two<Node id="1494"/> <Node id="1495"/>wolves<Node id="1501"/> <Node id="1502"/>and<Node id="1505"/> <Node id="1506"/>a<Node id="1507"/> <Node id="1508"/>sheep<Node id="1513"/> <Node id="1514"/>using<Node id="1519"/> <Node id="1520"/>majority<Node id="1528"/> <Node id="1529"/>vote<Node id="1533"/> <Node id="1534"/>to<Node id="1536"/> <Node id="1537"/>decide<Node id="1543"/> <Node id="1544"/>what<Node id="1548"/> <Node id="1549"/>-<Node id="1550"/>
<Node id="1551"/>-<Node id="1552"/> <Node id="1553"/>to<Node id="1555"/> <Node id="1556"/>have<Node id="1560"/> <Node id="1561"/>for<Node id="1564"/> <Node id="1565"/>dinner<Node id="1571"/>.<Node id="1572"/> <Node id="1573"/>SUPPORT<Node id="1580"/> <Node id="1581"/>THE<Node id="1584"/> <Node id="1585"/>BILL<Node id="1589"/> <Node id="1590"/>OF<Node id="1592"/> <Node id="1593"/>RIGHTS<Node id="1599"/> <Node id="1600"/>-<Node id="1601"/> <Node id="1602"/>INCLUDING<Node id="1611"/> <Node id="1612"/>THE<Node id="1615"/> <Node id="1616"/>2nd<Node id="1619"/>!<Node id="1620"/> <Node id="1621"/>-<Node id="1622"/>
<Node id="1623"/></TextWithNodes>
<!-- The default annotation set -->

<AnnotationSet>
<Annotation EndNode="1623" StartNode="0" Type="Mention" Id="9999999">
<Feature>
<Name classname="java.lang.String">Class</Name>
<Value classname="java.lang.String">0</Value>
</Feature>
</Annotation>

<Annotation Id="5" Type="Token" StartNode="11" EndNode="18">
<Feature>
  <Name className="java.lang.String">string</Name>
  <Value className="java.lang.String">anasazi</Value>
</Feature>
</Annotation>
<Annotation Id="18" Type="Token" StartNode="39" EndNode="51">
<Feature>
  <Name className="java.lang.String">string</Name>
  <Value className="java.lang.String">Organization</Value>
</Feature>
</Annotation>
<Annotation Id="21" Type="Token" StartNode="53" EndNode="60">
<Feature>
  <Name className="java.lang.String">string</Name>
  <Value className="java.lang.String">Anasazi</Value>
</Feature>
</Annotation>
<Annotation Id="26" Type="Token" StartNode="66" EndNode="73">
<Feature>
  <Name className="java.lang.String">string</Name>
  <Value className="java.lang.String">Phoenix</Value>
</Feature>
</Annotation>
<Annotation Id="52" Type="Token" StartNode="117" EndNode="125">
<Feature>
  <Name className="java.lang.String">string</Name>
  <Value className="java.lang.String">Message-</Value>
</Feature>
</Annotation>
<Annotation Id="59" Type="Token" StartNode="135" EndNode="144">
</Annotation>
<Annotation Id="68" Type="Token" StartNode="165" EndNode="171">
<Feature>
  <Name className="java.lang.String">string</Name>
  <Value className="java.lang.String">viking</Value>
</Feature>
</Annotation>
<Annotation Id="70" Type="Token" StartNode="172" EndNode="181">
</Annotation>
<Annotation Id="64" Type="Token" StartNode="152" EndNode="162">
<Feature>
  <Name className="java.lang.String">string</Name>
  <Value className="java.lang.String">References</Value>
</Feature>
</Annotation>
<Annotation Id="76" Type="Token" StartNode="195" EndNode="202">
<Feature>
  <Name className="java.lang.String">string</Name>
  <Value className="java.lang.String">iastate</Value>
</Feature>
</Annotation>
<Annotation Id="72" Type="Token" StartNode="182" EndNode="191">
<Feature>
  <Name className="java.lang.String">string</Name>
  <Value className="java.lang.String">ponderous</Value>
</Feature>
</Annotation>
<Annotation Id="84" Type="Token" StartNode="216" EndNode="225">
</Annotation>
<Annotation Id="82" Type="Token" StartNode="209" EndNode="215">
<Feature>
  <Name className="java.lang.String">string</Name>
  <Value className="java.lang.String">briand</Value>
</Feature>
</Annotation>
<Annotation Id="94" Type="Token" StartNode="244" EndNode="250">
</Annotation>
<Annotation Id="98" Type="Token" StartNode="257" EndNode="263">
<Feature>
  <Name className="java.lang.String">string</Name>
  <Value className="java.lang.String">gtephx</Value>
</Feature>
</Annotation>
<Annotation Id="108" Type="Token" StartNode="281" EndNode="287">
</Annotation>
<Annotation Id="116" Type="Token" StartNode="307" EndNode="314">
<Feature>
  <Name className="java.lang.String">string</Name>
  <Value className="java.lang.String">arizona</Value>
</Feature>
</Annotation>
<Annotation Id="112" Type="Token" StartNode="293" EndNode="302">
<Feature>
  <Name className="java.lang.String">string</Name>
  <Value className="java.lang.String">organpipe</Value>
</Feature>
</Annotation>
<Annotation Id="126" Type="Token" StartNode="335" EndNode="342">
<Feature>
  <Name className="java.lang.String">string</Name>
  <Value className="java.lang.String">anasazi</Value>
</Feature>
</Annotation>
<Annotation Id="124" Type="Token" StartNode="328" EndNode="334">
<Feature>
  <Name className="java.lang.String">string</Name>
  <Value className="java.lang.String">usenet</Value>
</Feature>
</Annotation>
<Annotation Id="121" Type="Token" StartNode="320" EndNode="326">
<Feature>
  <Name className="java.lang.String">string</Name>
  <Value className="java.lang.String">Sender</Value>
</Feature>
</Annotation>
<Annotation Id="142" Type="Token" StartNode="372" EndNode="379">
<Feature>
  <Name className="java.lang.String">string</Name>
  <Value className="java.lang.String">aguilar</Value>
</Feature>
</Annotation>
<Annotation Id="131" Type="Token" StartNode="348" EndNode="354">
<Feature>
  <Name className="java.lang.String">string</Name>
  <Value className="java.lang.String">Usenet</Value>
</Feature>
</Annotation>
<Annotation Id="155" Type="Token" StartNode="408" EndNode="419">
<Feature>
  <Name className="java.lang.String">string</Name>
  <Value className="java.lang.String">christopher</Value>
</Feature>
</Annotation>
<Annotation Id="159" Type="Token" StartNode="422" EndNode="429">
<Feature>
  <Name className="java.lang.String">string</Name>
  <Value className="java.lang.String">aguilar</Value>
</Feature>
</Annotation>
<Annotation Id="144" Type="Token" StartNode="380" EndNode="386">
<Feature>
  <Name className="java.lang.String">string</Name>
  <Value className="java.lang.String">helium</Value>
</Feature>
</Annotation>
<Annotation Id="150" Type="Token" StartNode="395" EndNode="402">
<Feature>
  <Name className="java.lang.String">string</Name>
  <Value className="java.lang.String">arizona</Value>
</Feature>
</Annotation>
<Annotation Id="169" Type="Token" StartNode="444" EndNode="451">
<Feature>
  <Name className="java.lang.String">string</Name>
  <Value className="java.lang.String">article</Value>
</Feature>
</Annotation>
<Annotation Id="162" Type="Token" StartNode="431" EndNode="437">
<Feature>
  <Name className="java.lang.String">string</Name>
  <Value className="java.lang.String">writes</Value>
</Feature>
</Annotation>
<Annotation Id="187" Type="Token" StartNode="495" EndNode="501">
<Feature>
  <Name className="java.lang.String">string</Name>
  <Value className="java.lang.String">gtephx</Value>
</Feature>
</Annotation>
<Annotation Id="176" Type="Token" StartNode="463" EndNode="469">
</Annotation>
<Annotation Id="180" Type="Token" StartNode="476" EndNode="482">
<Feature>
  <Name className="java.lang.String">string</Name>
  <Value className="java.lang.String">gtephx</Value>
</Feature>
</Annotation>
<Annotation Id="204" Type="Token" StartNode="537" EndNode="544">
<Feature>
  <Name className="java.lang.String">string</Name>
  <Value className="java.lang.String">Arizona</Value>
</Feature>
</Annotation>
<Annotation Id="207" Type="Token" StartNode="546" EndNode="552">
<Feature>
  <Name className="java.lang.String">string</Name>
  <Value className="java.lang.String">writes</Value>
</Feature>
</Annotation>
<Annotation Id="201" Type="Token" StartNode="528" EndNode="535">
<Feature>
  <Name className="java.lang.String">string</Name>
  <Value className="java.lang.String">Phoenix</Value>
</Feature>
</Annotation>
<Annotation Id="192" Type="Token" StartNode="508" EndNode="514">
<Feature>
  <Name className="java.lang.String">string</Name>
  <Value className="java.lang.String">Andrew</Value>
</Feature>
</Annotation>
<Annotation Id="223" Type="Token" StartNode="579" EndNode="586">
<Feature>
  <Name className="java.lang.String">string</Name>
  <Value className="java.lang.String">deleted</Value>
</Feature>
</Annotation>
<Annotation Id="255" Type="Token" StartNode="644" EndNode="655">
<Feature>
  <Name className="java.lang.String">string</Name>
  <Value className="java.lang.String">communities</Value>
</Feature>
</Annotation>
<Annotation Id="249" Type="Token" StartNode="625" EndNode="633">
<Feature>
  <Name className="java.lang.String">string</Name>
  <Value className="java.lang.String">hispanic</Value>
</Feature>
</Annotation>
<Annotation Id="351" Type="Token" StartNode="783" EndNode="790">
<Feature>
  <Name className="java.lang.String">string</Name>
  <Value className="java.lang.String">Because</Value>
</Feature>
</Annotation>
<Annotation Id="348" Type="Token" StartNode="773" EndNode="781">
<Feature>
  <Name className="java.lang.String">string</Name>
  <Value className="java.lang.String">anything</Value>
</Feature>
</Annotation>
<Annotation Id="372" Type="Token" StartNode="849" EndNode="857">
<Feature>
  <Name className="java.lang.String">string</Name>
  <Value className="java.lang.String">Likewise</Value>
</Feature>
</Annotation>
<Annotation Id="380" Type="Token" StartNode="866" EndNode="873">
<Feature>
  <Name className="java.lang.String">string</Name>
  <Value className="java.lang.String">CERTAIN</Value>
</Feature>
</Annotation>
<Annotation Id="382" Type="Token" StartNode="874" EndNode="882">
<Feature>
  <Name className="java.lang.String">string</Name>
  <Value className="java.lang.String">hispanic</Value>
</Feature>
</Annotation>
<Annotation Id="357" Type="Token" StartNode="804" EndNode="815">
<Feature>
  <Name className="java.lang.String">string</Name>
  <Value className="java.lang.String">communities</Value>
</Feature>
</Annotation>
<Annotation Id="355" Type="Token" StartNode="795" EndNode="803">
<Feature>
  <Name className="java.lang.String">string</Name>
  <Value className="java.lang.String">hispanic</Value>
</Feature>
</Annotation>
<Annotation Id="361" Type="Token" StartNode="819" EndNode="826">
<Feature>
  <Name className="java.lang.String">string</Name>
  <Value className="java.lang.String">Phoenix</Value>
</Feature>
</Annotation>
<Annotation Id="409" Type="Token" StartNode="967" EndNode="974">
<Feature>
  <Name className="java.lang.String">string</Name>
  <Value className="java.lang.String">looting</Value>
</Feature>
</Annotation>
<Annotation Id="403" Type="Token" StartNode="946" EndNode="959">
<Feature>
  <Name className="java.lang.String">string</Name>
  <Value className="java.lang.String">participation</Value>
</Feature>
</Annotation>
<Annotation Id="393" Type="Token" StartNode="917" EndNode="924">
<Feature>
  <Name className="java.lang.String">string</Name>
  <Value className="java.lang.String">certain</Value>
</Feature>
</Annotation>
<Annotation Id="396" Type="Token" StartNode="926" EndNode="935">
<Feature>
  <Name className="java.lang.String">string</Name>
  <Value className="java.lang.String">countries</Value>
</Feature>
</Annotation>
<Annotation Id="384" Type="Token" StartNode="883" EndNode="894">
<Feature>
  <Name className="java.lang.String">string</Name>
  <Value className="java.lang.String">communities</Value>
</Feature>
</Annotation>
<Annotation Id="389" Type="Token" StartNode="901" EndNode="911">
<Feature>
  <Name className="java.lang.String">string</Name>
  <Value className="java.lang.String">immigrants</Value>
</Feature>
</Annotation>
<Annotation Id="446" Type="Token" StartNode="1078" EndNode="1086">
<Feature>
  <Name className="java.lang.String">string</Name>
  <Value className="java.lang.String">peaceful</Value>
</Feature>
</Annotation>
<Annotation Id="435" Type="Token" StartNode="1052" EndNode="1061">
<Feature>
  <Name className="java.lang.String">string</Name>
  <Value className="java.lang.String">residency</Value>
</Feature>
</Annotation>
<Annotation Id="425" Type="Token" StartNode="1014" EndNode="1023">
<Feature>
  <Name className="java.lang.String">string</Name>
  <Value className="java.lang.String">hispanics</Value>
</Feature>
</Annotation>
<Annotation Id="429" Type="Token" StartNode="1029" EndNode="1036">
<Feature>
  <Name className="java.lang.String">string</Name>
  <Value className="java.lang.String">several</Value>
</Feature>
</Annotation>
<Annotation Id="431" Type="Token" StartNode="1037" EndNode="1048">
<Feature>
  <Name className="java.lang.String">string</Name>
  <Value className="java.lang.String">generations</Value>
</Feature>
</Annotation>
<Annotation Id="418" Type="Token" StartNode="991" EndNode="997">
<Feature>
  <Name className="java.lang.String">string</Name>
  <Value className="java.lang.String">Others</Value>
</Feature>
</Annotation>
<Annotation Id="423" Type="Token" StartNode="1005" EndNode="1013">
<Feature>
  <Name className="java.lang.String">string</Name>
  <Value className="java.lang.String">comprise</Value>
</Feature>
</Annotation>
<Annotation Id="478" Type="Token" StartNode="1145" EndNode="1152">
<Feature>
  <Name className="java.lang.String">string</Name>
  <Value className="java.lang.String">spanish</Value>
</Feature>
</Annotation>
<Annotation Id="472" Type="Token" StartNode="1129" EndNode="1135">
<Feature>
  <Name className="java.lang.String">string</Name>
  <Value className="java.lang.String">stupid</Value>
</Feature>
</Annotation>
<Annotation Id="500" Type="Token" StartNode="1194" EndNode="1201">
<Feature>
  <Name className="java.lang.String">string</Name>
  <Value className="java.lang.String">bigotry</Value>
</Feature>
</Annotation>
<Annotation Id="498" Type="Token" StartNode="1181" EndNode="1193">
<Feature>
  <Name className="java.lang.String">string</Name>
  <Value className="java.lang.String">pro-hispanic</Value>
</Feature>
</Annotation>
<Annotation Id="554" Type="Token" StartNode="1301" EndNode="1312">
<Feature>
  <Name className="java.lang.String">string</Name>
  <Value className="java.lang.String">victimology</Value>
</Feature>
</Annotation>
<Annotation Id="574" Type="Token" StartNode="1345" EndNode="1355">
<Feature>
  <Name className="java.lang.String">string</Name>
  <Value className="java.lang.String">Clearwater</Value>
</Feature>
</Annotation>
<Annotation Id="524" Type="Token" StartNode="1243" EndNode="1252">
<Feature>
  <Name className="java.lang.String">string</Name>
  <Value className="java.lang.String">challenge</Value>
</Feature>
</Annotation>
<Annotation Id="611" Type="Token" StartNode="1445" EndNode="1451">
<Feature>
  <Name className="java.lang.String">string</Name>
  <Value className="java.lang.String">anasaz</Value>
</Feature>
</Annotation>
<Annotation Id="615" Type="Token" StartNode="1457" EndNode="1463">
<Feature>
  <Name className="java.lang.String">string</Name>
  <Value className="java.lang.String">asuvax</Value>
</Feature>
</Annotation>
<Annotation Id="625" Type="Token" StartNode="1478" EndNode="1487">
<Feature>
  <Name className="java.lang.String">string</Name>
  <Value className="java.lang.String">Democracy</Value>
</Feature>
</Annotation>
<Annotation Id="631" Type="Token" StartNode="1495" EndNode="1501">
<Feature>
  <Name className="java.lang.String">string</Name>
  <Value className="java.lang.String">wolves</Value>
</Feature>
</Annotation>
<Annotation Id="579" Type="Token" StartNode="1362" EndNode="1372">
<Feature>
  <Name className="java.lang.String">string</Name>
  <Value className="java.lang.String">Scottsdale</Value>
</Feature>
</Annotation>
<Annotation Id="597" Type="Token" StartNode="1404" EndNode="1411">
<Feature>
  <Name className="java.lang.String">string</Name>
  <Value className="java.lang.String">anasazi</Value>
</Feature>
</Annotation>
<Annotation Id="605" Type="Token" StartNode="1426" EndNode="1432">
<Feature>
  <Name className="java.lang.String">string</Name>
  <Value className="java.lang.String">asuvax</Value>
</Feature>
</Annotation>
<Annotation Id="607" Type="Token" StartNode="1433" EndNode="1439">
<Feature>
  <Name className="java.lang.String">string</Name>
  <Value className="java.lang.String">anasaz</Value>
</Feature>
</Annotation>
<Annotation Id="676" Type="Token" StartNode="1602" EndNode="1611">
<Feature>
  <Name className="java.lang.String">string</Name>
  <Value className="java.lang.String">INCLUDING</Value>
</Feature>
</Annotation>
<Annotation Id="672" Type="Token" StartNode="1593" EndNode="1599">
<Feature>
  <Name className="java.lang.String">string</Name>
  <Value className="java.lang.String">RIGHTS</Value>
</Feature>
</Annotation>
<Annotation Id="647" Type="Token" StartNode="1537" EndNode="1543">
<Feature>
  <Name className="java.lang.String">string</Name>
  <Value className="java.lang.String">decide</Value>
</Feature>
</Annotation>
<Annotation Id="641" Type="Token" StartNode="1520" EndNode="1528">
<Feature>
  <Name className="java.lang.String">string</Name>
  <Value className="java.lang.String">majority</Value>
</Feature>
</Annotation>
<Annotation Id="664" Type="Token" StartNode="1573" EndNode="1580">
<Feature>
  <Name className="java.lang.String">string</Name>
  <Value className="java.lang.String">SUPPORT</Value>
</Feature>
</Annotation>
<Annotation Id="661" Type="Token" StartNode="1565" EndNode="1571">
<Feature>
  <Name className="java.lang.String">string</Name>
  <Value className="java.lang.String">dinner</Value>
</Feature>
</Annotation>
</AnnotationSet>
<AnnotationSet Name="Original markups"> </AnnotationSet>
</GateDocument>