<?xml version='1.0' encoding='UTF-8'?>
<GateDocument version="3">
<!-- The document's features-->

<GateDocumentFeatures>
<Feature>
  <Name className="java.lang.String">Original_document_content_on_load</Name>
  <Value className="java.lang.String">From: demon@desire.wright.edu (Not a Boomer)
Message-ID: &lt;1993Apr20.124624.8764@desire.wright.edu>
Date: 20 Apr 93 12:46:24 EST
References: &lt;9649@kielo.uta.fi>
Distribution: world
Organization: ACME Products
Lines: 10

In article &lt;9649@kielo.uta.fi>, csfraw@vehka.cs.uta.fi (Francis Akoto) writes:
> I would like to know Clintons background. Is he Anglo-saxon, Irish, Italian
> hispanic etc.

	He's 1/2 liar, 1/2 cheat and 1/2 demagogue.

Brett
________________________________________________________________________________
	"There's nothing so passionate as a vested interest disguised as an
intellectual conviction."  Sean O'Casey in _The White Plague_ by Frank Herbert.
</Value>
</Feature>
<Feature>
  <Name className="java.lang.String">gate.SourceURL</Name>
  <Value className="java.lang.String">file:/C:/Users/jian/Documents/NetBeansProjects/NoiseReductionTechniques/mideastPoliticsMix/negative1175</Value>
</Feature>
</GateDocumentFeatures>
<!-- The document content area with serialized nodes -->

<TextWithNodes><Node id="0"/>From<Node id="4"/>:<Node id="5"/> <Node id="6"/>demon<Node id="11"/>@<Node id="12"/>desire<Node id="18"/>.<Node id="19"/>wright<Node id="25"/>.<Node id="26"/>edu<Node id="29"/> <Node id="30"/>(<Node id="31"/>Not<Node id="34"/> <Node id="35"/>a<Node id="36"/> <Node id="37"/>Boomer<Node id="43"/>)<Node id="44"/>
<Node id="45"/>Message-<Node id="53"/>ID<Node id="55"/>:<Node id="56"/> <Node id="57"/>&lt;<Node id="58"/>1993<Node id="62"/>Apr<Node id="65"/>20<Node id="67"/>.<Node id="68"/>124624<Node id="74"/>.<Node id="75"/>8764<Node id="79"/>@<Node id="80"/>desire<Node id="86"/>.<Node id="87"/>wright<Node id="93"/>.<Node id="94"/>edu<Node id="97"/>&gt;<Node id="98"/>
<Node id="99"/>Date<Node id="103"/>:<Node id="104"/> <Node id="105"/>20<Node id="107"/> <Node id="108"/>Apr<Node id="111"/> <Node id="112"/>93<Node id="114"/> <Node id="115"/>12<Node id="117"/>:<Node id="118"/>46<Node id="120"/>:<Node id="121"/>24<Node id="123"/> <Node id="124"/>EST<Node id="127"/>
<Node id="128"/>References<Node id="138"/>:<Node id="139"/> <Node id="140"/>&lt;<Node id="141"/>9649<Node id="145"/>@<Node id="146"/>kielo<Node id="151"/>.<Node id="152"/>uta<Node id="155"/>.<Node id="156"/>fi<Node id="158"/>&gt;<Node id="159"/>
<Node id="160"/>Distribution<Node id="172"/>:<Node id="173"/> <Node id="174"/>world<Node id="179"/>
<Node id="180"/>Organization<Node id="192"/>:<Node id="193"/> <Node id="194"/>ACME<Node id="198"/> <Node id="199"/>Products<Node id="207"/>
<Node id="208"/>Lines<Node id="213"/>:<Node id="214"/> <Node id="215"/>10<Node id="217"/>
<Node id="218"/>
<Node id="219"/>In<Node id="221"/> <Node id="222"/>article<Node id="229"/> <Node id="230"/>&lt;<Node id="231"/>9649<Node id="235"/>@<Node id="236"/>kielo<Node id="241"/>.<Node id="242"/>uta<Node id="245"/>.<Node id="246"/>fi<Node id="248"/>&gt;<Node id="249"/>,<Node id="250"/> <Node id="251"/>csfraw<Node id="257"/>@<Node id="258"/>vehka<Node id="263"/>.<Node id="264"/>cs<Node id="266"/>.<Node id="267"/>uta<Node id="270"/>.<Node id="271"/>fi<Node id="273"/> <Node id="274"/>(<Node id="275"/>Francis<Node id="282"/> <Node id="283"/>Akoto<Node id="288"/>)<Node id="289"/> <Node id="290"/>writes<Node id="296"/>:<Node id="297"/>
<Node id="298"/>&gt;<Node id="299"/> <Node id="300"/>I<Node id="301"/> <Node id="302"/>would<Node id="307"/> <Node id="308"/>like<Node id="312"/> <Node id="313"/>to<Node id="315"/> <Node id="316"/>know<Node id="320"/> <Node id="321"/>Clintons<Node id="329"/> <Node id="330"/>background<Node id="340"/>.<Node id="341"/> <Node id="342"/>Is<Node id="344"/> <Node id="345"/>he<Node id="347"/> <Node id="348"/>Anglo-saxon<Node id="359"/>,<Node id="360"/> <Node id="361"/>Irish<Node id="366"/>,<Node id="367"/> <Node id="368"/>Italian<Node id="375"/>
<Node id="376"/>&gt;<Node id="377"/> <Node id="378"/>hispanic<Node id="386"/> <Node id="387"/>etc<Node id="390"/>.<Node id="391"/>
<Node id="392"/>
<Node id="393"/>	<Node id="394"/>He<Node id="396"/>'s<Node id="398"/> <Node id="399"/>1<Node id="400"/>/<Node id="401"/>2<Node id="402"/> <Node id="403"/>liar<Node id="407"/>,<Node id="408"/> <Node id="409"/>1<Node id="410"/>/<Node id="411"/>2<Node id="412"/> <Node id="413"/>cheat<Node id="418"/> <Node id="419"/>and<Node id="422"/> <Node id="423"/>1<Node id="424"/>/<Node id="425"/>2<Node id="426"/> <Node id="427"/>demagogue<Node id="436"/>.<Node id="437"/>
<Node id="438"/>
<Node id="439"/>Brett<Node id="444"/>
<Node id="445"/>_<Node id="446"/>_<Node id="447"/>_<Node id="448"/>_<Node id="449"/>_<Node id="450"/>_<Node id="451"/>_<Node id="452"/>_<Node id="453"/>_<Node id="454"/>_<Node id="455"/>_<Node id="456"/>_<Node id="457"/>_<Node id="458"/>_<Node id="459"/>_<Node id="460"/>_<Node id="461"/>_<Node id="462"/>_<Node id="463"/>_<Node id="464"/>_<Node id="465"/>_<Node id="466"/>_<Node id="467"/>_<Node id="468"/>_<Node id="469"/>_<Node id="470"/>_<Node id="471"/>_<Node id="472"/>_<Node id="473"/>_<Node id="474"/>_<Node id="475"/>_<Node id="476"/>_<Node id="477"/>_<Node id="478"/>_<Node id="479"/>_<Node id="480"/>_<Node id="481"/>_<Node id="482"/>_<Node id="483"/>_<Node id="484"/>_<Node id="485"/>_<Node id="486"/>_<Node id="487"/>_<Node id="488"/>_<Node id="489"/>_<Node id="490"/>_<Node id="491"/>_<Node id="492"/>_<Node id="493"/>_<Node id="494"/>_<Node id="495"/>_<Node id="496"/>_<Node id="497"/>_<Node id="498"/>_<Node id="499"/>_<Node id="500"/>_<Node id="501"/>_<Node id="502"/>_<Node id="503"/>_<Node id="504"/>_<Node id="505"/>_<Node id="506"/>_<Node id="507"/>_<Node id="508"/>_<Node id="509"/>_<Node id="510"/>_<Node id="511"/>_<Node id="512"/>_<Node id="513"/>_<Node id="514"/>_<Node id="515"/>_<Node id="516"/>_<Node id="517"/>_<Node id="518"/>_<Node id="519"/>_<Node id="520"/>_<Node id="521"/>_<Node id="522"/>_<Node id="523"/>_<Node id="524"/>_<Node id="525"/>
<Node id="526"/>	<Node id="527"/>"<Node id="528"/>There<Node id="533"/>'s<Node id="535"/> <Node id="536"/>nothing<Node id="543"/> <Node id="544"/>so<Node id="546"/> <Node id="547"/>passionate<Node id="557"/> <Node id="558"/>as<Node id="560"/> <Node id="561"/>a<Node id="562"/> <Node id="563"/>vested<Node id="569"/> <Node id="570"/>interest<Node id="578"/> <Node id="579"/>disguised<Node id="588"/> <Node id="589"/>as<Node id="591"/> <Node id="592"/>an<Node id="594"/>
<Node id="595"/>intellectual<Node id="607"/> <Node id="608"/>conviction<Node id="618"/>.<Node id="619"/>"<Node id="620"/> <Node id="621"/> <Node id="622"/>Sean<Node id="626"/> <Node id="627"/>O<Node id="628"/>'<Node id="629"/>Casey<Node id="634"/> <Node id="635"/>in<Node id="637"/> <Node id="638"/>_<Node id="639"/>The<Node id="642"/> <Node id="643"/>White<Node id="648"/> <Node id="649"/>Plague<Node id="655"/>_<Node id="656"/> <Node id="657"/>by<Node id="659"/> <Node id="660"/>Frank<Node id="665"/> <Node id="666"/>Herbert<Node id="673"/>.<Node id="674"/>
<Node id="675"/></TextWithNodes>
<!-- The default annotation set -->

<AnnotationSet>
<Annotation EndNode="675" StartNode="0" Type="Mention" Id="9999999">
<Feature>
<Name classname="java.lang.String">Class</Name>
<Value classname="java.lang.String">0</Value>
</Feature>
</Annotation>

<Annotation Id="5" Type="Token" StartNode="12" EndNode="18">
<Feature>
  <Name className="java.lang.String">string</Name>
  <Value className="java.lang.String">desire</Value>
</Feature>
</Annotation>
<Annotation Id="7" Type="Token" StartNode="19" EndNode="25">
<Feature>
  <Name className="java.lang.String">string</Name>
  <Value className="java.lang.String">wright</Value>
</Feature>
</Annotation>
<Annotation Id="16" Type="Token" StartNode="37" EndNode="43">
<Feature>
  <Name className="java.lang.String">string</Name>
  <Value className="java.lang.String">Boomer</Value>
</Feature>
</Annotation>
<Annotation Id="19" Type="Token" StartNode="45" EndNode="53">
<Feature>
  <Name className="java.lang.String">string</Name>
  <Value className="java.lang.String">Message-</Value>
</Feature>
</Annotation>
<Annotation Id="28" Type="Token" StartNode="68" EndNode="74">
</Annotation>
<Annotation Id="34" Type="Token" StartNode="87" EndNode="93">
<Feature>
  <Name className="java.lang.String">string</Name>
  <Value className="java.lang.String">wright</Value>
</Feature>
</Annotation>
<Annotation Id="32" Type="Token" StartNode="80" EndNode="86">
<Feature>
  <Name className="java.lang.String">string</Name>
  <Value className="java.lang.String">desire</Value>
</Feature>
</Annotation>
<Annotation Id="56" Type="Token" StartNode="128" EndNode="138">
<Feature>
  <Name className="java.lang.String">string</Name>
  <Value className="java.lang.String">References</Value>
</Feature>
</Annotation>
<Annotation Id="69" Type="Token" StartNode="160" EndNode="172">
<Feature>
  <Name className="java.lang.String">string</Name>
  <Value className="java.lang.String">Distribution</Value>
</Feature>
</Annotation>
<Annotation Id="79" Type="Token" StartNode="199" EndNode="207">
<Feature>
  <Name className="java.lang.String">string</Name>
  <Value className="java.lang.String">Products</Value>
</Feature>
</Annotation>
<Annotation Id="74" Type="Token" StartNode="180" EndNode="192">
<Feature>
  <Name className="java.lang.String">string</Name>
  <Value className="java.lang.String">Organization</Value>
</Feature>
</Annotation>
<Annotation Id="89" Type="Token" StartNode="222" EndNode="229">
<Feature>
  <Name className="java.lang.String">string</Name>
  <Value className="java.lang.String">article</Value>
</Feature>
</Annotation>
<Annotation Id="102" Type="Token" StartNode="251" EndNode="257">
<Feature>
  <Name className="java.lang.String">string</Name>
  <Value className="java.lang.String">csfraw</Value>
</Feature>
</Annotation>
<Annotation Id="118" Type="Token" StartNode="290" EndNode="296">
<Feature>
  <Name className="java.lang.String">string</Name>
  <Value className="java.lang.String">writes</Value>
</Feature>
</Annotation>
<Annotation Id="113" Type="Token" StartNode="275" EndNode="282">
<Feature>
  <Name className="java.lang.String">string</Name>
  <Value className="java.lang.String">Francis</Value>
</Feature>
</Annotation>
<Annotation Id="142" Type="Token" StartNode="348" EndNode="359">
<Feature>
  <Name className="java.lang.String">string</Name>
  <Value className="java.lang.String">Anglo-saxon</Value>
</Feature>
</Annotation>
<Annotation Id="133" Type="Token" StartNode="321" EndNode="329">
<Feature>
  <Name className="java.lang.String">string</Name>
  <Value className="java.lang.String">Clintons</Value>
</Feature>
</Annotation>
<Annotation Id="135" Type="Token" StartNode="330" EndNode="340">
<Feature>
  <Name className="java.lang.String">string</Name>
  <Value className="java.lang.String">background</Value>
</Feature>
</Annotation>
<Annotation Id="152" Type="Token" StartNode="378" EndNode="386">
<Feature>
  <Name className="java.lang.String">string</Name>
  <Value className="java.lang.String">hispanic</Value>
</Feature>
</Annotation>
<Annotation Id="148" Type="Token" StartNode="368" EndNode="375">
<Feature>
  <Name className="java.lang.String">string</Name>
  <Value className="java.lang.String">Italian</Value>
</Feature>
</Annotation>
<Annotation Id="182" Type="Token" StartNode="427" EndNode="436">
<Feature>
  <Name className="java.lang.String">string</Name>
  <Value className="java.lang.String">demagogue</Value>
</Feature>
</Annotation>
<Annotation Id="275" Type="Token" StartNode="536" EndNode="543">
<Feature>
  <Name className="java.lang.String">string</Name>
  <Value className="java.lang.String">nothing</Value>
</Feature>
</Annotation>
<Annotation Id="279" Type="Token" StartNode="547" EndNode="557">
<Feature>
  <Name className="java.lang.String">string</Name>
  <Value className="java.lang.String">passionate</Value>
</Feature>
</Annotation>
<Annotation Id="287" Type="Token" StartNode="570" EndNode="578">
<Feature>
  <Name className="java.lang.String">string</Name>
  <Value className="java.lang.String">interest</Value>
</Feature>
</Annotation>
<Annotation Id="285" Type="Token" StartNode="563" EndNode="569">
<Feature>
  <Name className="java.lang.String">string</Name>
  <Value className="java.lang.String">vested</Value>
</Feature>
</Annotation>
<Annotation Id="315" Type="Token" StartNode="649" EndNode="655">
<Feature>
  <Name className="java.lang.String">string</Name>
  <Value className="java.lang.String">Plague</Value>
</Feature>
</Annotation>
<Annotation Id="289" Type="Token" StartNode="579" EndNode="588">
<Feature>
  <Name className="java.lang.String">string</Name>
  <Value className="java.lang.String">disguised</Value>
</Feature>
</Annotation>
<Annotation Id="295" Type="Token" StartNode="595" EndNode="607">
<Feature>
  <Name className="java.lang.String">string</Name>
  <Value className="java.lang.String">intellectual</Value>
</Feature>
</Annotation>
<Annotation Id="297" Type="Token" StartNode="608" EndNode="618">
<Feature>
  <Name className="java.lang.String">string</Name>
  <Value className="java.lang.String">conviction</Value>
</Feature>
</Annotation>
<Annotation Id="322" Type="Token" StartNode="666" EndNode="673">
<Feature>
  <Name className="java.lang.String">string</Name>
  <Value className="java.lang.String">Herbert</Value>
</Feature>
</Annotation>
</AnnotationSet>
<AnnotationSet Name="Original markups"> </AnnotationSet>
</GateDocument>