<?xml version='1.0' encoding='UTF-8'?>
<GateDocument version="3">
<!-- The document's features-->

<GateDocumentFeatures>
<Feature>
  <Name className="java.lang.String">Original_document_content_on_load</Name>
  <Value className="java.lang.String"><![CDATA[From: rlglende@netcom.com (Robert Lewis Glendenning)
Message-ID: <rlglendeC5sL8y.F7A@netcom.com>
Organization: Netcom - Online Communication Services (408 241-9760 guest)
References: <C5rusq.M6M@news.cso.uiuc.edu> <1993Apr20.030234.66491@cc.usu.edu> <C5sI9G.Hx@dscomsa.desy.de>
Date: Tue, 20 Apr 1993 17:14:58 GMT
Lines: 66

In article <C5sI9G.Hx@dscomsa.desy.de> hallam@zeus02.desy.de writes:
>
>
>The above conveniently ignores the murder of four BATF agents by the
>Branch Davidians in an unprovoked ambush.
>
>Any government that allows tinpot dictators to set up shop and declare
>a private state has drifted into anarchy. There are laws to control
>the ownership of guns and the BATF had good reason to beleive that
>they were being violated. They set out to obtain a legal warrant and 
>attempted to serve it only to be met with gunfire when they rang
>the doorbell.
>
>The paranoid assertion that the BATF fired first in an unprovoked
>assault assumes that the BATF were on a death wish. Had they
>expected the B-D to be anything other than peacefull citizens who
>would accept a search authorized by a court they would have turned up
>in a tank and broken the door down on day one.

So, you approve of the BATF launching a 100-person raid, complete
with flack jackets, men hidden in horse trailers, stun grenades,
semi-auto weapons on peaceful citizens?  who would also accept
a search authoried by a court?

There is still no proof that the Branch Davidians had illegal weapons.
Nothing else was in the jurisdiction of the BATF, unless they were
thought to have a still, or be smoking untaxed cigarettes.

The automatic firearms violation is a TAX matter !  You don't serve
no-knock warrants on someone with .50 CAL MGs.  It isn't necessary
(they can't flush a machine gun down a toilet, you know), and it isn't
smart (if you are right, you got a good chance of getting blown away.
if you are wrong, you shouldn't have done it.)

>
>The stupidity was the attempt to serve a warant on the place by
>ludicrously underarmed and unprotected police. 

The stupidity was indeed related to this.  But the stupidity may have been to
attempt to serve the warrant by ludicrously over-armed, over-protected
and over-confident gestapo.  Escalation isn't automatically brilliant.

IT WAS A TAX MATTER !  YOU CAN"T FLUSH MGs DOWN THE TOILET !
YOU DON"T NEED NO-KNOCK WARRANTS FOR EVERYTHING.

Actually, IMHO nothing justifies them, but that is another argument .
>
>
>If anyone on the net cares to suggest a sure fire method of bringing
>the murderes of four police officers to justice perhaps we could
>hear it.
>
There wasn't any murder of police officers.  There was probable cause
to arrest them for murder perhaps.  We US citizens are innocent until proven
guilty.

There also wasn't any killing until the BATF screwed up real bad.

>
>Phill Hallam-Baker
>

Lew
-- 
Lew Glendenning		rlglende@netcom.com
"Perspective is worth 80 IQ points."	Niels Bohr (or somebody like that).
]]></Value>
</Feature>
<Feature>
  <Name className="java.lang.String">gate.SourceURL</Name>
  <Value className="java.lang.String">file:/C:/Users/jian/Documents/NetBeansProjects/NoiseReductionTechniques/mideastPoliticsMix/negative1169</Value>
</Feature>
</GateDocumentFeatures>
<!-- The document content area with serialized nodes -->

<TextWithNodes><Node id="0"/>From<Node id="4"/>:<Node id="5"/> <Node id="6"/>rlglende<Node id="14"/>@<Node id="15"/>netcom<Node id="21"/>.<Node id="22"/>com<Node id="25"/> <Node id="26"/>(<Node id="27"/>Robert<Node id="33"/> <Node id="34"/>Lewis<Node id="39"/> <Node id="40"/>Glendenning<Node id="51"/>)<Node id="52"/>
<Node id="53"/>Message-<Node id="61"/>ID<Node id="63"/>:<Node id="64"/> <Node id="65"/>&lt;<Node id="66"/>rlglendeC<Node id="75"/>5<Node id="76"/>sL<Node id="78"/>8<Node id="79"/>y<Node id="80"/>.<Node id="81"/>F<Node id="82"/>7<Node id="83"/>A<Node id="84"/>@<Node id="85"/>netcom<Node id="91"/>.<Node id="92"/>com<Node id="95"/>&gt;<Node id="96"/>
<Node id="97"/>Organization<Node id="109"/>:<Node id="110"/> <Node id="111"/>Netcom<Node id="117"/> <Node id="118"/>-<Node id="119"/> <Node id="120"/>Online<Node id="126"/> <Node id="127"/>Communication<Node id="140"/> <Node id="141"/>Services<Node id="149"/> <Node id="150"/>(<Node id="151"/>408<Node id="154"/> <Node id="155"/>241<Node id="158"/>-<Node id="159"/>9760<Node id="163"/> <Node id="164"/>guest<Node id="169"/>)<Node id="170"/>
<Node id="171"/>References<Node id="181"/>:<Node id="182"/> <Node id="183"/>&lt;<Node id="184"/>C<Node id="185"/>5<Node id="186"/>rusq<Node id="190"/>.<Node id="191"/>M<Node id="192"/>6<Node id="193"/>M<Node id="194"/>@<Node id="195"/>news<Node id="199"/>.<Node id="200"/>cso<Node id="203"/>.<Node id="204"/>uiuc<Node id="208"/>.<Node id="209"/>edu<Node id="212"/>&gt;<Node id="213"/> <Node id="214"/>&lt;<Node id="215"/>1993<Node id="219"/>Apr<Node id="222"/>20<Node id="224"/>.<Node id="225"/>030234<Node id="231"/>.<Node id="232"/>66491<Node id="237"/>@<Node id="238"/>cc<Node id="240"/>.<Node id="241"/>usu<Node id="244"/>.<Node id="245"/>edu<Node id="248"/>&gt;<Node id="249"/> <Node id="250"/>&lt;<Node id="251"/>C<Node id="252"/>5<Node id="253"/>sI<Node id="255"/>9<Node id="256"/>G<Node id="257"/>.<Node id="258"/>Hx<Node id="260"/>@<Node id="261"/>dscomsa<Node id="268"/>.<Node id="269"/>desy<Node id="273"/>.<Node id="274"/>de<Node id="276"/>&gt;<Node id="277"/>
<Node id="278"/>Date<Node id="282"/>:<Node id="283"/> <Node id="284"/>Tue<Node id="287"/>,<Node id="288"/> <Node id="289"/>20<Node id="291"/> <Node id="292"/>Apr<Node id="295"/> <Node id="296"/>1993<Node id="300"/> <Node id="301"/>17<Node id="303"/>:<Node id="304"/>14<Node id="306"/>:<Node id="307"/>58<Node id="309"/> <Node id="310"/>GMT<Node id="313"/>
<Node id="314"/>Lines<Node id="319"/>:<Node id="320"/> <Node id="321"/>66<Node id="323"/>
<Node id="324"/>
<Node id="325"/>In<Node id="327"/> <Node id="328"/>article<Node id="335"/> <Node id="336"/>&lt;<Node id="337"/>C<Node id="338"/>5<Node id="339"/>sI<Node id="341"/>9<Node id="342"/>G<Node id="343"/>.<Node id="344"/>Hx<Node id="346"/>@<Node id="347"/>dscomsa<Node id="354"/>.<Node id="355"/>desy<Node id="359"/>.<Node id="360"/>de<Node id="362"/>&gt;<Node id="363"/> <Node id="364"/>hallam<Node id="370"/>@<Node id="371"/>zeus<Node id="375"/>02<Node id="377"/>.<Node id="378"/>desy<Node id="382"/>.<Node id="383"/>de<Node id="385"/> <Node id="386"/>writes<Node id="392"/>:<Node id="393"/>
<Node id="394"/>&gt;<Node id="395"/>
<Node id="396"/>&gt;<Node id="397"/>
<Node id="398"/>&gt;<Node id="399"/>The<Node id="402"/> <Node id="403"/>above<Node id="408"/> <Node id="409"/>conveniently<Node id="421"/> <Node id="422"/>ignores<Node id="429"/> <Node id="430"/>the<Node id="433"/> <Node id="434"/>murder<Node id="440"/> <Node id="441"/>of<Node id="443"/> <Node id="444"/>four<Node id="448"/> <Node id="449"/>BATF<Node id="453"/> <Node id="454"/>agents<Node id="460"/> <Node id="461"/>by<Node id="463"/> <Node id="464"/>the<Node id="467"/>
<Node id="468"/>&gt;<Node id="469"/>Branch<Node id="475"/> <Node id="476"/>Davidians<Node id="485"/> <Node id="486"/>in<Node id="488"/> <Node id="489"/>an<Node id="491"/> <Node id="492"/>unprovoked<Node id="502"/> <Node id="503"/>ambush<Node id="509"/>.<Node id="510"/>
<Node id="511"/>&gt;<Node id="512"/>
<Node id="513"/>&gt;<Node id="514"/>Any<Node id="517"/> <Node id="518"/>government<Node id="528"/> <Node id="529"/>that<Node id="533"/> <Node id="534"/>allows<Node id="540"/> <Node id="541"/>tinpot<Node id="547"/> <Node id="548"/>dictators<Node id="557"/> <Node id="558"/>to<Node id="560"/> <Node id="561"/>set<Node id="564"/> <Node id="565"/>up<Node id="567"/> <Node id="568"/>shop<Node id="572"/> <Node id="573"/>and<Node id="576"/> <Node id="577"/>declare<Node id="584"/>
<Node id="585"/>&gt;<Node id="586"/>a<Node id="587"/> <Node id="588"/>private<Node id="595"/> <Node id="596"/>state<Node id="601"/> <Node id="602"/>has<Node id="605"/> <Node id="606"/>drifted<Node id="613"/> <Node id="614"/>into<Node id="618"/> <Node id="619"/>anarchy<Node id="626"/>.<Node id="627"/> <Node id="628"/>There<Node id="633"/> <Node id="634"/>are<Node id="637"/> <Node id="638"/>laws<Node id="642"/> <Node id="643"/>to<Node id="645"/> <Node id="646"/>control<Node id="653"/>
<Node id="654"/>&gt;<Node id="655"/>the<Node id="658"/> <Node id="659"/>ownership<Node id="668"/> <Node id="669"/>of<Node id="671"/> <Node id="672"/>guns<Node id="676"/> <Node id="677"/>and<Node id="680"/> <Node id="681"/>the<Node id="684"/> <Node id="685"/>BATF<Node id="689"/> <Node id="690"/>had<Node id="693"/> <Node id="694"/>good<Node id="698"/> <Node id="699"/>reason<Node id="705"/> <Node id="706"/>to<Node id="708"/> <Node id="709"/>beleive<Node id="716"/> <Node id="717"/>that<Node id="721"/>
<Node id="722"/>&gt;<Node id="723"/>they<Node id="727"/> <Node id="728"/>were<Node id="732"/> <Node id="733"/>being<Node id="738"/> <Node id="739"/>violated<Node id="747"/>.<Node id="748"/> <Node id="749"/>They<Node id="753"/> <Node id="754"/>set<Node id="757"/> <Node id="758"/>out<Node id="761"/> <Node id="762"/>to<Node id="764"/> <Node id="765"/>obtain<Node id="771"/> <Node id="772"/>a<Node id="773"/> <Node id="774"/>legal<Node id="779"/> <Node id="780"/>warrant<Node id="787"/> <Node id="788"/>and<Node id="791"/> <Node id="792"/>
<Node id="793"/>&gt;<Node id="794"/>attempted<Node id="803"/> <Node id="804"/>to<Node id="806"/> <Node id="807"/>serve<Node id="812"/> <Node id="813"/>it<Node id="815"/> <Node id="816"/>only<Node id="820"/> <Node id="821"/>to<Node id="823"/> <Node id="824"/>be<Node id="826"/> <Node id="827"/>met<Node id="830"/> <Node id="831"/>with<Node id="835"/> <Node id="836"/>gunfire<Node id="843"/> <Node id="844"/>when<Node id="848"/> <Node id="849"/>they<Node id="853"/> <Node id="854"/>rang<Node id="858"/>
<Node id="859"/>&gt;<Node id="860"/>the<Node id="863"/> <Node id="864"/>doorbell<Node id="872"/>.<Node id="873"/>
<Node id="874"/>&gt;<Node id="875"/>
<Node id="876"/>&gt;<Node id="877"/>The<Node id="880"/> <Node id="881"/>paranoid<Node id="889"/> <Node id="890"/>assertion<Node id="899"/> <Node id="900"/>that<Node id="904"/> <Node id="905"/>the<Node id="908"/> <Node id="909"/>BATF<Node id="913"/> <Node id="914"/>fired<Node id="919"/> <Node id="920"/>first<Node id="925"/> <Node id="926"/>in<Node id="928"/> <Node id="929"/>an<Node id="931"/> <Node id="932"/>unprovoked<Node id="942"/>
<Node id="943"/>&gt;<Node id="944"/>assault<Node id="951"/> <Node id="952"/>assumes<Node id="959"/> <Node id="960"/>that<Node id="964"/> <Node id="965"/>the<Node id="968"/> <Node id="969"/>BATF<Node id="973"/> <Node id="974"/>were<Node id="978"/> <Node id="979"/>on<Node id="981"/> <Node id="982"/>a<Node id="983"/> <Node id="984"/>death<Node id="989"/> <Node id="990"/>wish<Node id="994"/>.<Node id="995"/> <Node id="996"/>Had<Node id="999"/> <Node id="1000"/>they<Node id="1004"/>
<Node id="1005"/>&gt;<Node id="1006"/>expected<Node id="1014"/> <Node id="1015"/>the<Node id="1018"/> <Node id="1019"/>B-D<Node id="1022"/> <Node id="1023"/>to<Node id="1025"/> <Node id="1026"/>be<Node id="1028"/> <Node id="1029"/>anything<Node id="1037"/> <Node id="1038"/>other<Node id="1043"/> <Node id="1044"/>than<Node id="1048"/> <Node id="1049"/>peacefull<Node id="1058"/> <Node id="1059"/>citizens<Node id="1067"/> <Node id="1068"/>who<Node id="1071"/>
<Node id="1072"/>&gt;<Node id="1073"/>would<Node id="1078"/> <Node id="1079"/>accept<Node id="1085"/> <Node id="1086"/>a<Node id="1087"/> <Node id="1088"/>search<Node id="1094"/> <Node id="1095"/>authorized<Node id="1105"/> <Node id="1106"/>by<Node id="1108"/> <Node id="1109"/>a<Node id="1110"/> <Node id="1111"/>court<Node id="1116"/> <Node id="1117"/>they<Node id="1121"/> <Node id="1122"/>would<Node id="1127"/> <Node id="1128"/>have<Node id="1132"/> <Node id="1133"/>turned<Node id="1139"/> <Node id="1140"/>up<Node id="1142"/>
<Node id="1143"/>&gt;<Node id="1144"/>in<Node id="1146"/> <Node id="1147"/>a<Node id="1148"/> <Node id="1149"/>tank<Node id="1153"/> <Node id="1154"/>and<Node id="1157"/> <Node id="1158"/>broken<Node id="1164"/> <Node id="1165"/>the<Node id="1168"/> <Node id="1169"/>door<Node id="1173"/> <Node id="1174"/>down<Node id="1178"/> <Node id="1179"/>on<Node id="1181"/> <Node id="1182"/>day<Node id="1185"/> <Node id="1186"/>one<Node id="1189"/>.<Node id="1190"/>
<Node id="1191"/>
<Node id="1192"/>So<Node id="1194"/>,<Node id="1195"/> <Node id="1196"/>you<Node id="1199"/> <Node id="1200"/>approve<Node id="1207"/> <Node id="1208"/>of<Node id="1210"/> <Node id="1211"/>the<Node id="1214"/> <Node id="1215"/>BATF<Node id="1219"/> <Node id="1220"/>launching<Node id="1229"/> <Node id="1230"/>a<Node id="1231"/> <Node id="1232"/>100<Node id="1235"/>-<Node id="1236"/>person<Node id="1242"/> <Node id="1243"/>raid<Node id="1247"/>,<Node id="1248"/> <Node id="1249"/>complete<Node id="1257"/>
<Node id="1258"/>with<Node id="1262"/> <Node id="1263"/>flack<Node id="1268"/> <Node id="1269"/>jackets<Node id="1276"/>,<Node id="1277"/> <Node id="1278"/>men<Node id="1281"/> <Node id="1282"/>hidden<Node id="1288"/> <Node id="1289"/>in<Node id="1291"/> <Node id="1292"/>horse<Node id="1297"/> <Node id="1298"/>trailers<Node id="1306"/>,<Node id="1307"/> <Node id="1308"/>stun<Node id="1312"/> <Node id="1313"/>grenades<Node id="1321"/>,<Node id="1322"/>
<Node id="1323"/>semi-auto<Node id="1332"/> <Node id="1333"/>weapons<Node id="1340"/> <Node id="1341"/>on<Node id="1343"/> <Node id="1344"/>peaceful<Node id="1352"/> <Node id="1353"/>citizens<Node id="1361"/>?<Node id="1362"/> <Node id="1363"/> <Node id="1364"/>who<Node id="1367"/> <Node id="1368"/>would<Node id="1373"/> <Node id="1374"/>also<Node id="1378"/> <Node id="1379"/>accept<Node id="1385"/>
<Node id="1386"/>a<Node id="1387"/> <Node id="1388"/>search<Node id="1394"/> <Node id="1395"/>authoried<Node id="1404"/> <Node id="1405"/>by<Node id="1407"/> <Node id="1408"/>a<Node id="1409"/> <Node id="1410"/>court<Node id="1415"/>?<Node id="1416"/>
<Node id="1417"/>
<Node id="1418"/>There<Node id="1423"/> <Node id="1424"/>is<Node id="1426"/> <Node id="1427"/>still<Node id="1432"/> <Node id="1433"/>no<Node id="1435"/> <Node id="1436"/>proof<Node id="1441"/> <Node id="1442"/>that<Node id="1446"/> <Node id="1447"/>the<Node id="1450"/> <Node id="1451"/>Branch<Node id="1457"/> <Node id="1458"/>Davidians<Node id="1467"/> <Node id="1468"/>had<Node id="1471"/> <Node id="1472"/>illegal<Node id="1479"/> <Node id="1480"/>weapons<Node id="1487"/>.<Node id="1488"/>
<Node id="1489"/>Nothing<Node id="1496"/> <Node id="1497"/>else<Node id="1501"/> <Node id="1502"/>was<Node id="1505"/> <Node id="1506"/>in<Node id="1508"/> <Node id="1509"/>the<Node id="1512"/> <Node id="1513"/>jurisdiction<Node id="1525"/> <Node id="1526"/>of<Node id="1528"/> <Node id="1529"/>the<Node id="1532"/> <Node id="1533"/>BATF<Node id="1537"/>,<Node id="1538"/> <Node id="1539"/>unless<Node id="1545"/> <Node id="1546"/>they<Node id="1550"/> <Node id="1551"/>were<Node id="1555"/>
<Node id="1556"/>thought<Node id="1563"/> <Node id="1564"/>to<Node id="1566"/> <Node id="1567"/>have<Node id="1571"/> <Node id="1572"/>a<Node id="1573"/> <Node id="1574"/>still<Node id="1579"/>,<Node id="1580"/> <Node id="1581"/>or<Node id="1583"/> <Node id="1584"/>be<Node id="1586"/> <Node id="1587"/>smoking<Node id="1594"/> <Node id="1595"/>untaxed<Node id="1602"/> <Node id="1603"/>cigarettes<Node id="1613"/>.<Node id="1614"/>
<Node id="1615"/>
<Node id="1616"/>The<Node id="1619"/> <Node id="1620"/>automatic<Node id="1629"/> <Node id="1630"/>firearms<Node id="1638"/> <Node id="1639"/>violation<Node id="1648"/> <Node id="1649"/>is<Node id="1651"/> <Node id="1652"/>a<Node id="1653"/> <Node id="1654"/>TAX<Node id="1657"/> <Node id="1658"/>matter<Node id="1664"/> <Node id="1665"/>!<Node id="1666"/> <Node id="1667"/> <Node id="1668"/>You<Node id="1671"/> <Node id="1672"/>do<Node id="1674"/>n't<Node id="1677"/> <Node id="1678"/>serve<Node id="1683"/>
<Node id="1684"/>no-knock<Node id="1692"/> <Node id="1693"/>warrants<Node id="1701"/> <Node id="1702"/>on<Node id="1704"/> <Node id="1705"/>someone<Node id="1712"/> <Node id="1713"/>with<Node id="1717"/> <Node id="1718"/>.<Node id="1719"/>50<Node id="1721"/> <Node id="1722"/>CAL<Node id="1725"/> <Node id="1726"/>MGs<Node id="1729"/>.<Node id="1730"/> <Node id="1731"/> <Node id="1732"/>It<Node id="1734"/> <Node id="1735"/>is<Node id="1737"/>n't<Node id="1740"/> <Node id="1741"/>necessary<Node id="1750"/>
<Node id="1751"/>(<Node id="1752"/>they<Node id="1756"/> <Node id="1757"/>ca<Node id="1759"/>n't<Node id="1762"/> <Node id="1763"/>flush<Node id="1768"/> <Node id="1769"/>a<Node id="1770"/> <Node id="1771"/>machine<Node id="1778"/> <Node id="1779"/>gun<Node id="1782"/> <Node id="1783"/>down<Node id="1787"/> <Node id="1788"/>a<Node id="1789"/> <Node id="1790"/>toilet<Node id="1796"/>,<Node id="1797"/> <Node id="1798"/>you<Node id="1801"/> <Node id="1802"/>know<Node id="1806"/>)<Node id="1807"/>,<Node id="1808"/> <Node id="1809"/>and<Node id="1812"/> <Node id="1813"/>it<Node id="1815"/> <Node id="1816"/>is<Node id="1818"/>n't<Node id="1821"/>
<Node id="1822"/>smart<Node id="1827"/> <Node id="1828"/>(<Node id="1829"/>if<Node id="1831"/> <Node id="1832"/>you<Node id="1835"/> <Node id="1836"/>are<Node id="1839"/> <Node id="1840"/>right<Node id="1845"/>,<Node id="1846"/> <Node id="1847"/>you<Node id="1850"/> <Node id="1851"/>got<Node id="1854"/> <Node id="1855"/>a<Node id="1856"/> <Node id="1857"/>good<Node id="1861"/> <Node id="1862"/>chance<Node id="1868"/> <Node id="1869"/>of<Node id="1871"/> <Node id="1872"/>getting<Node id="1879"/> <Node id="1880"/>blown<Node id="1885"/> <Node id="1886"/>away<Node id="1890"/>.<Node id="1891"/>
<Node id="1892"/>if<Node id="1894"/> <Node id="1895"/>you<Node id="1898"/> <Node id="1899"/>are<Node id="1902"/> <Node id="1903"/>wrong<Node id="1908"/>,<Node id="1909"/> <Node id="1910"/>you<Node id="1913"/> <Node id="1914"/>should<Node id="1920"/>n't<Node id="1923"/> <Node id="1924"/>have<Node id="1928"/> <Node id="1929"/>done<Node id="1933"/> <Node id="1934"/>it<Node id="1936"/>.<Node id="1937"/>)<Node id="1938"/>
<Node id="1939"/>
<Node id="1940"/>&gt;<Node id="1941"/>
<Node id="1942"/>&gt;<Node id="1943"/>The<Node id="1946"/> <Node id="1947"/>stupidity<Node id="1956"/> <Node id="1957"/>was<Node id="1960"/> <Node id="1961"/>the<Node id="1964"/> <Node id="1965"/>attempt<Node id="1972"/> <Node id="1973"/>to<Node id="1975"/> <Node id="1976"/>serve<Node id="1981"/> <Node id="1982"/>a<Node id="1983"/> <Node id="1984"/>warant<Node id="1990"/> <Node id="1991"/>on<Node id="1993"/> <Node id="1994"/>the<Node id="1997"/> <Node id="1998"/>place<Node id="2003"/> <Node id="2004"/>by<Node id="2006"/>
<Node id="2007"/>&gt;<Node id="2008"/>ludicrously<Node id="2019"/> <Node id="2020"/>underarmed<Node id="2030"/> <Node id="2031"/>and<Node id="2034"/> <Node id="2035"/>unprotected<Node id="2046"/> <Node id="2047"/>police<Node id="2053"/>.<Node id="2054"/> <Node id="2055"/>
<Node id="2056"/>
<Node id="2057"/>The<Node id="2060"/> <Node id="2061"/>stupidity<Node id="2070"/> <Node id="2071"/>was<Node id="2074"/> <Node id="2075"/>indeed<Node id="2081"/> <Node id="2082"/>related<Node id="2089"/> <Node id="2090"/>to<Node id="2092"/> <Node id="2093"/>this<Node id="2097"/>.<Node id="2098"/> <Node id="2099"/> <Node id="2100"/>But<Node id="2103"/> <Node id="2104"/>the<Node id="2107"/> <Node id="2108"/>stupidity<Node id="2117"/> <Node id="2118"/>may<Node id="2121"/> <Node id="2122"/>have<Node id="2126"/> <Node id="2127"/>been<Node id="2131"/> <Node id="2132"/>to<Node id="2134"/>
<Node id="2135"/>attempt<Node id="2142"/> <Node id="2143"/>to<Node id="2145"/> <Node id="2146"/>serve<Node id="2151"/> <Node id="2152"/>the<Node id="2155"/> <Node id="2156"/>warrant<Node id="2163"/> <Node id="2164"/>by<Node id="2166"/> <Node id="2167"/>ludicrously<Node id="2178"/> <Node id="2179"/>over-armed<Node id="2189"/>,<Node id="2190"/> <Node id="2191"/>over-protected<Node id="2205"/>
<Node id="2206"/>and<Node id="2209"/> <Node id="2210"/>over-confident<Node id="2224"/> <Node id="2225"/>gestapo<Node id="2232"/>.<Node id="2233"/> <Node id="2234"/> <Node id="2235"/>Escalation<Node id="2245"/> <Node id="2246"/>is<Node id="2248"/>n't<Node id="2251"/> <Node id="2252"/>automatically<Node id="2265"/> <Node id="2266"/>brilliant<Node id="2275"/>.<Node id="2276"/>
<Node id="2277"/>
<Node id="2278"/>IT<Node id="2280"/> <Node id="2281"/>WAS<Node id="2284"/> <Node id="2285"/>A<Node id="2286"/> <Node id="2287"/>TAX<Node id="2290"/> <Node id="2291"/>MATTER<Node id="2297"/> <Node id="2298"/>!<Node id="2299"/> <Node id="2300"/> <Node id="2301"/>YOU<Node id="2304"/> <Node id="2305"/>CAN<Node id="2308"/>"<Node id="2309"/>T<Node id="2310"/> <Node id="2311"/>FLUSH<Node id="2316"/> <Node id="2317"/>MGs<Node id="2320"/> <Node id="2321"/>DOWN<Node id="2325"/> <Node id="2326"/>THE<Node id="2329"/> <Node id="2330"/>TOILET<Node id="2336"/> <Node id="2337"/>!<Node id="2338"/>
<Node id="2339"/>YOU<Node id="2342"/> <Node id="2343"/>DON<Node id="2346"/>"<Node id="2347"/>T<Node id="2348"/> <Node id="2349"/>NEED<Node id="2353"/> <Node id="2354"/>NO-KNOCK<Node id="2362"/> <Node id="2363"/>WARRANTS<Node id="2371"/> <Node id="2372"/>FOR<Node id="2375"/> <Node id="2376"/>EVERYTHING<Node id="2386"/>.<Node id="2387"/>
<Node id="2388"/>
<Node id="2389"/>Actually<Node id="2397"/>,<Node id="2398"/> <Node id="2399"/>IMHO<Node id="2403"/> <Node id="2404"/>nothing<Node id="2411"/> <Node id="2412"/>justifies<Node id="2421"/> <Node id="2422"/>them<Node id="2426"/>,<Node id="2427"/> <Node id="2428"/>but<Node id="2431"/> <Node id="2432"/>that<Node id="2436"/> <Node id="2437"/>is<Node id="2439"/> <Node id="2440"/>another<Node id="2447"/> <Node id="2448"/>argument<Node id="2456"/> <Node id="2457"/>.<Node id="2458"/>
<Node id="2459"/>&gt;<Node id="2460"/>
<Node id="2461"/>&gt;<Node id="2462"/>
<Node id="2463"/>&gt;<Node id="2464"/>If<Node id="2466"/> <Node id="2467"/>anyone<Node id="2473"/> <Node id="2474"/>on<Node id="2476"/> <Node id="2477"/>the<Node id="2480"/> <Node id="2481"/>net<Node id="2484"/> <Node id="2485"/>cares<Node id="2490"/> <Node id="2491"/>to<Node id="2493"/> <Node id="2494"/>suggest<Node id="2501"/> <Node id="2502"/>a<Node id="2503"/> <Node id="2504"/>sure<Node id="2508"/> <Node id="2509"/>fire<Node id="2513"/> <Node id="2514"/>method<Node id="2520"/> <Node id="2521"/>of<Node id="2523"/> <Node id="2524"/>bringing<Node id="2532"/>
<Node id="2533"/>&gt;<Node id="2534"/>the<Node id="2537"/> <Node id="2538"/>murderes<Node id="2546"/> <Node id="2547"/>of<Node id="2549"/> <Node id="2550"/>four<Node id="2554"/> <Node id="2555"/>police<Node id="2561"/> <Node id="2562"/>officers<Node id="2570"/> <Node id="2571"/>to<Node id="2573"/> <Node id="2574"/>justice<Node id="2581"/> <Node id="2582"/>perhaps<Node id="2589"/> <Node id="2590"/>we<Node id="2592"/> <Node id="2593"/>could<Node id="2598"/>
<Node id="2599"/>&gt;<Node id="2600"/>hear<Node id="2604"/> <Node id="2605"/>it<Node id="2607"/>.<Node id="2608"/>
<Node id="2609"/>&gt;<Node id="2610"/>
<Node id="2611"/>There<Node id="2616"/> <Node id="2617"/>was<Node id="2620"/>n't<Node id="2623"/> <Node id="2624"/>any<Node id="2627"/> <Node id="2628"/>murder<Node id="2634"/> <Node id="2635"/>of<Node id="2637"/> <Node id="2638"/>police<Node id="2644"/> <Node id="2645"/>officers<Node id="2653"/>.<Node id="2654"/> <Node id="2655"/> <Node id="2656"/>There<Node id="2661"/> <Node id="2662"/>was<Node id="2665"/> <Node id="2666"/>probable<Node id="2674"/> <Node id="2675"/>cause<Node id="2680"/>
<Node id="2681"/>to<Node id="2683"/> <Node id="2684"/>arrest<Node id="2690"/> <Node id="2691"/>them<Node id="2695"/> <Node id="2696"/>for<Node id="2699"/> <Node id="2700"/>murder<Node id="2706"/> <Node id="2707"/>perhaps<Node id="2714"/>.<Node id="2715"/> <Node id="2716"/> <Node id="2717"/>We<Node id="2719"/> <Node id="2720"/>US<Node id="2722"/> <Node id="2723"/>citizens<Node id="2731"/> <Node id="2732"/>are<Node id="2735"/> <Node id="2736"/>innocent<Node id="2744"/> <Node id="2745"/>until<Node id="2750"/> <Node id="2751"/>proven<Node id="2757"/>
<Node id="2758"/>guilty<Node id="2764"/>.<Node id="2765"/>
<Node id="2766"/>
<Node id="2767"/>There<Node id="2772"/> <Node id="2773"/>also<Node id="2777"/> <Node id="2778"/>was<Node id="2781"/>n't<Node id="2784"/> <Node id="2785"/>any<Node id="2788"/> <Node id="2789"/>killing<Node id="2796"/> <Node id="2797"/>until<Node id="2802"/> <Node id="2803"/>the<Node id="2806"/> <Node id="2807"/>BATF<Node id="2811"/> <Node id="2812"/>screwed<Node id="2819"/> <Node id="2820"/>up<Node id="2822"/> <Node id="2823"/>real<Node id="2827"/> <Node id="2828"/>bad<Node id="2831"/>.<Node id="2832"/>
<Node id="2833"/>
<Node id="2834"/>&gt;<Node id="2835"/>
<Node id="2836"/>&gt;<Node id="2837"/>Phill<Node id="2842"/> <Node id="2843"/>Hallam-<Node id="2850"/>Baker<Node id="2855"/>
<Node id="2856"/>&gt;<Node id="2857"/>
<Node id="2858"/>
<Node id="2859"/>Lew<Node id="2862"/>
<Node id="2863"/>-<Node id="2864"/>-<Node id="2865"/> <Node id="2866"/>
<Node id="2867"/>Lew<Node id="2870"/> <Node id="2871"/>Glendenning<Node id="2882"/>	<Node id="2883"/>	<Node id="2884"/>rlglende<Node id="2892"/>@<Node id="2893"/>netcom<Node id="2899"/>.<Node id="2900"/>com<Node id="2903"/>
<Node id="2904"/>"<Node id="2905"/>Perspective<Node id="2916"/> <Node id="2917"/>is<Node id="2919"/> <Node id="2920"/>worth<Node id="2925"/> <Node id="2926"/>80<Node id="2928"/> <Node id="2929"/>IQ<Node id="2931"/> <Node id="2932"/>points<Node id="2938"/>.<Node id="2939"/>"<Node id="2940"/>	<Node id="2941"/>Niels<Node id="2946"/> <Node id="2947"/>Bohr<Node id="2951"/> <Node id="2952"/>(<Node id="2953"/>or<Node id="2955"/> <Node id="2956"/>somebody<Node id="2964"/> <Node id="2965"/>like<Node id="2969"/> <Node id="2970"/>that<Node id="2974"/>)<Node id="2975"/>.<Node id="2976"/>
<Node id="2977"/></TextWithNodes>
<!-- The default annotation set -->

<AnnotationSet>
<Annotation EndNode="2977" StartNode="0" Type="Mention" Id="9999999">
<Feature>
<Name classname="java.lang.String">Class</Name>
<Value classname="java.lang.String">0</Value>
</Feature>
</Annotation>

<Annotation Id="3" Type="Token" StartNode="6" EndNode="14">
<Feature>
  <Name className="java.lang.String">string</Name>
  <Value className="java.lang.String">rlglende</Value>
</Feature>
</Annotation>
<Annotation Id="5" Type="Token" StartNode="15" EndNode="21">
<Feature>
  <Name className="java.lang.String">string</Name>
  <Value className="java.lang.String">netcom</Value>
</Feature>
</Annotation>
<Annotation Id="10" Type="Token" StartNode="27" EndNode="33">
<Feature>
  <Name className="java.lang.String">string</Name>
  <Value className="java.lang.String">Robert</Value>
</Feature>
</Annotation>
<Annotation Id="14" Type="Token" StartNode="40" EndNode="51">
<Feature>
  <Name className="java.lang.String">string</Name>
  <Value className="java.lang.String">Glendenning</Value>
</Feature>
</Annotation>
<Annotation Id="17" Type="Token" StartNode="53" EndNode="61">
<Feature>
  <Name className="java.lang.String">string</Name>
  <Value className="java.lang.String">Message-</Value>
</Feature>
</Annotation>
<Annotation Id="22" Type="Token" StartNode="66" EndNode="75">
<Feature>
  <Name className="java.lang.String">string</Name>
  <Value className="java.lang.String">rlglendeC</Value>
</Feature>
</Annotation>
<Annotation Id="32" Type="Token" StartNode="85" EndNode="91">
<Feature>
  <Name className="java.lang.String">string</Name>
  <Value className="java.lang.String">netcom</Value>
</Feature>
</Annotation>
<Annotation Id="37" Type="Token" StartNode="97" EndNode="109">
<Feature>
  <Name className="java.lang.String">string</Name>
  <Value className="java.lang.String">Organization</Value>
</Feature>
</Annotation>
<Annotation Id="40" Type="Token" StartNode="111" EndNode="117">
<Feature>
  <Name className="java.lang.String">string</Name>
  <Value className="java.lang.String">Netcom</Value>
</Feature>
</Annotation>
<Annotation Id="46" Type="Token" StartNode="127" EndNode="140">
<Feature>
  <Name className="java.lang.String">string</Name>
  <Value className="java.lang.String">Communication</Value>
</Feature>
</Annotation>
<Annotation Id="44" Type="Token" StartNode="120" EndNode="126">
<Feature>
  <Name className="java.lang.String">string</Name>
  <Value className="java.lang.String">Online</Value>
</Feature>
</Annotation>
<Annotation Id="48" Type="Token" StartNode="141" EndNode="149">
<Feature>
  <Name className="java.lang.String">string</Name>
  <Value className="java.lang.String">Services</Value>
</Feature>
</Annotation>
<Annotation Id="60" Type="Token" StartNode="171" EndNode="181">
<Feature>
  <Name className="java.lang.String">string</Name>
  <Value className="java.lang.String">References</Value>
</Feature>
</Annotation>
<Annotation Id="86" Type="Token" StartNode="225" EndNode="231">
</Annotation>
<Annotation Id="106" Type="Token" StartNode="261" EndNode="268">
<Feature>
  <Name className="java.lang.String">string</Name>
  <Value className="java.lang.String">dscomsa</Value>
</Feature>
</Annotation>
<Annotation Id="141" Type="Token" StartNode="328" EndNode="335">
<Feature>
  <Name className="java.lang.String">string</Name>
  <Value className="java.lang.String">article</Value>
</Feature>
</Annotation>
<Annotation Id="152" Type="Token" StartNode="347" EndNode="354">
<Feature>
  <Name className="java.lang.String">string</Name>
  <Value className="java.lang.String">dscomsa</Value>
</Feature>
</Annotation>
<Annotation Id="159" Type="Token" StartNode="364" EndNode="370">
<Feature>
  <Name className="java.lang.String">string</Name>
  <Value className="java.lang.String">hallam</Value>
</Feature>
</Annotation>
<Annotation Id="168" Type="Token" StartNode="386" EndNode="392">
<Feature>
  <Name className="java.lang.String">string</Name>
  <Value className="java.lang.String">writes</Value>
</Feature>
</Annotation>
<Annotation Id="186" Type="Token" StartNode="434" EndNode="440">
<Feature>
  <Name className="java.lang.String">string</Name>
  <Value className="java.lang.String">murder</Value>
</Feature>
</Annotation>
<Annotation Id="182" Type="Token" StartNode="422" EndNode="429">
<Feature>
  <Name className="java.lang.String">string</Name>
  <Value className="java.lang.String">ignores</Value>
</Feature>
</Annotation>
<Annotation Id="180" Type="Token" StartNode="409" EndNode="421">
<Feature>
  <Name className="java.lang.String">string</Name>
  <Value className="java.lang.String">conveniently</Value>
</Feature>
</Annotation>
<Annotation Id="201" Type="Token" StartNode="469" EndNode="475">
<Feature>
  <Name className="java.lang.String">string</Name>
  <Value className="java.lang.String">Branch</Value>
</Feature>
</Annotation>
<Annotation Id="203" Type="Token" StartNode="476" EndNode="485">
<Feature>
  <Name className="java.lang.String">string</Name>
  <Value className="java.lang.String">Davidians</Value>
</Feature>
</Annotation>
<Annotation Id="194" Type="Token" StartNode="454" EndNode="460">
<Feature>
  <Name className="java.lang.String">string</Name>
  <Value className="java.lang.String">agents</Value>
</Feature>
</Annotation>
<Annotation Id="223" Type="Token" StartNode="534" EndNode="540">
<Feature>
  <Name className="java.lang.String">string</Name>
  <Value className="java.lang.String">allows</Value>
</Feature>
</Annotation>
<Annotation Id="219" Type="Token" StartNode="518" EndNode="528">
<Feature>
  <Name className="java.lang.String">string</Name>
  <Value className="java.lang.String">government</Value>
</Feature>
</Annotation>
<Annotation Id="209" Type="Token" StartNode="492" EndNode="502">
<Feature>
  <Name className="java.lang.String">string</Name>
  <Value className="java.lang.String">unprovoked</Value>
</Feature>
</Annotation>
<Annotation Id="211" Type="Token" StartNode="503" EndNode="509">
<Feature>
  <Name className="java.lang.String">string</Name>
  <Value className="java.lang.String">ambush</Value>
</Feature>
</Annotation>
<Annotation Id="239" Type="Token" StartNode="577" EndNode="584">
<Feature>
  <Name className="java.lang.String">string</Name>
  <Value className="java.lang.String">declare</Value>
</Feature>
</Annotation>
<Annotation Id="227" Type="Token" StartNode="548" EndNode="557">
<Feature>
  <Name className="java.lang.String">string</Name>
  <Value className="java.lang.String">dictators</Value>
</Feature>
</Annotation>
<Annotation Id="225" Type="Token" StartNode="541" EndNode="547">
<Feature>
  <Name className="java.lang.String">string</Name>
  <Value className="java.lang.String">tinpot</Value>
</Feature>
</Annotation>
<Annotation Id="254" Type="Token" StartNode="619" EndNode="626">
<Feature>
  <Name className="java.lang.String">string</Name>
  <Value className="java.lang.String">anarchy</Value>
</Feature>
</Annotation>
<Annotation Id="250" Type="Token" StartNode="606" EndNode="613">
<Feature>
  <Name className="java.lang.String">string</Name>
  <Value className="java.lang.String">drifted</Value>
</Feature>
</Annotation>
<Annotation Id="244" Type="Token" StartNode="588" EndNode="595">
<Feature>
  <Name className="java.lang.String">string</Name>
  <Value className="java.lang.String">private</Value>
</Feature>
</Annotation>
<Annotation Id="286" Type="Token" StartNode="699" EndNode="705">
<Feature>
  <Name className="java.lang.String">string</Name>
  <Value className="java.lang.String">reason</Value>
</Feature>
</Annotation>
<Annotation Id="265" Type="Token" StartNode="646" EndNode="653">
<Feature>
  <Name className="java.lang.String">string</Name>
  <Value className="java.lang.String">control</Value>
</Feature>
</Annotation>
<Annotation Id="270" Type="Token" StartNode="659" EndNode="668">
<Feature>
  <Name className="java.lang.String">string</Name>
  <Value className="java.lang.String">ownership</Value>
</Feature>
</Annotation>
<Annotation Id="312" Type="Token" StartNode="765" EndNode="771">
<Feature>
  <Name className="java.lang.String">string</Name>
  <Value className="java.lang.String">obtain</Value>
</Feature>
</Annotation>
<Annotation Id="318" Type="Token" StartNode="780" EndNode="787">
<Feature>
  <Name className="java.lang.String">string</Name>
  <Value className="java.lang.String">warrant</Value>
</Feature>
</Annotation>
<Annotation Id="290" Type="Token" StartNode="709" EndNode="716">
<Feature>
  <Name className="java.lang.String">string</Name>
  <Value className="java.lang.String">beleive</Value>
</Feature>
</Annotation>
<Annotation Id="301" Type="Token" StartNode="739" EndNode="747">
<Feature>
  <Name className="java.lang.String">string</Name>
  <Value className="java.lang.String">violated</Value>
</Feature>
</Annotation>
<Annotation Id="342" Type="Token" StartNode="836" EndNode="843">
<Feature>
  <Name className="java.lang.String">string</Name>
  <Value className="java.lang.String">gunfire</Value>
</Feature>
</Annotation>
<Annotation Id="324" Type="Token" StartNode="794" EndNode="803">
<Feature>
  <Name className="java.lang.String">string</Name>
  <Value className="java.lang.String">attempted</Value>
</Feature>
</Annotation>
<Annotation Id="382" Type="Token" StartNode="944" EndNode="951">
<Feature>
  <Name className="java.lang.String">string</Name>
  <Value className="java.lang.String">assault</Value>
</Feature>
</Annotation>
<Annotation Id="379" Type="Token" StartNode="932" EndNode="942">
<Feature>
  <Name className="java.lang.String">string</Name>
  <Value className="java.lang.String">unprovoked</Value>
</Feature>
</Annotation>
<Annotation Id="353" Type="Token" StartNode="864" EndNode="872">
<Feature>
  <Name className="java.lang.String">string</Name>
  <Value className="java.lang.String">doorbell</Value>
</Feature>
</Annotation>
<Annotation Id="361" Type="Token" StartNode="881" EndNode="889">
<Feature>
  <Name className="java.lang.String">string</Name>
  <Value className="java.lang.String">paranoid</Value>
</Feature>
</Annotation>
<Annotation Id="363" Type="Token" StartNode="890" EndNode="899">
<Feature>
  <Name className="java.lang.String">string</Name>
  <Value className="java.lang.String">assertion</Value>
</Feature>
</Annotation>
<Annotation Id="408" Type="Token" StartNode="1006" EndNode="1014">
<Feature>
  <Name className="java.lang.String">string</Name>
  <Value className="java.lang.String">expected</Value>
</Feature>
</Annotation>
<Annotation Id="384" Type="Token" StartNode="952" EndNode="959">
<Feature>
  <Name className="java.lang.String">string</Name>
  <Value className="java.lang.String">assumes</Value>
</Feature>
</Annotation>
<Annotation Id="433" Type="Token" StartNode="1079" EndNode="1085">
<Feature>
  <Name className="java.lang.String">string</Name>
  <Value className="java.lang.String">accept</Value>
</Feature>
</Annotation>
<Annotation Id="437" Type="Token" StartNode="1088" EndNode="1094">
<Feature>
  <Name className="java.lang.String">string</Name>
  <Value className="java.lang.String">search</Value>
</Feature>
</Annotation>
<Annotation Id="439" Type="Token" StartNode="1095" EndNode="1105">
<Feature>
  <Name className="java.lang.String">string</Name>
  <Value className="java.lang.String">authorized</Value>
</Feature>
</Annotation>
<Annotation Id="424" Type="Token" StartNode="1049" EndNode="1058">
<Feature>
  <Name className="java.lang.String">string</Name>
  <Value className="java.lang.String">peacefull</Value>
</Feature>
</Annotation>
<Annotation Id="426" Type="Token" StartNode="1059" EndNode="1067">
<Feature>
  <Name className="java.lang.String">string</Name>
  <Value className="java.lang.String">citizens</Value>
</Feature>
</Annotation>
<Annotation Id="418" Type="Token" StartNode="1029" EndNode="1037">
<Feature>
  <Name className="java.lang.String">string</Name>
  <Value className="java.lang.String">anything</Value>
</Feature>
</Annotation>
<Annotation Id="466" Type="Token" StartNode="1158" EndNode="1164">
<Feature>
  <Name className="java.lang.String">string</Name>
  <Value className="java.lang.String">broken</Value>
</Feature>
</Annotation>
<Annotation Id="453" Type="Token" StartNode="1133" EndNode="1139">
<Feature>
  <Name className="java.lang.String">string</Name>
  <Value className="java.lang.String">turned</Value>
</Feature>
</Annotation>
<Annotation Id="506" Type="Token" StartNode="1249" EndNode="1257">
<Feature>
  <Name className="java.lang.String">string</Name>
  <Value className="java.lang.String">complete</Value>
</Feature>
</Annotation>
<Annotation Id="501" Type="Token" StartNode="1236" EndNode="1242">
<Feature>
  <Name className="java.lang.String">string</Name>
  <Value className="java.lang.String">person</Value>
</Feature>
</Annotation>
<Annotation Id="495" Type="Token" StartNode="1220" EndNode="1229">
<Feature>
  <Name className="java.lang.String">string</Name>
  <Value className="java.lang.String">launching</Value>
</Feature>
</Annotation>
<Annotation Id="487" Type="Token" StartNode="1200" EndNode="1207">
<Feature>
  <Name className="java.lang.String">string</Name>
  <Value className="java.lang.String">approve</Value>
</Feature>
</Annotation>
<Annotation Id="549" Type="Token" StartNode="1379" EndNode="1385">
<Feature>
  <Name className="java.lang.String">string</Name>
  <Value className="java.lang.String">accept</Value>
</Feature>
</Annotation>
<Annotation Id="555" Type="Token" StartNode="1395" EndNode="1404">
<Feature>
  <Name className="java.lang.String">string</Name>
  <Value className="java.lang.String">authoried</Value>
</Feature>
</Annotation>
<Annotation Id="553" Type="Token" StartNode="1388" EndNode="1394">
<Feature>
  <Name className="java.lang.String">string</Name>
  <Value className="java.lang.String">search</Value>
</Feature>
</Annotation>
<Annotation Id="517" Type="Token" StartNode="1282" EndNode="1288">
<Feature>
  <Name className="java.lang.String">string</Name>
  <Value className="java.lang.String">hidden</Value>
</Feature>
</Annotation>
<Annotation Id="512" Type="Token" StartNode="1269" EndNode="1276">
<Feature>
  <Name className="java.lang.String">string</Name>
  <Value className="java.lang.String">jackets</Value>
</Feature>
</Annotation>
<Annotation Id="523" Type="Token" StartNode="1298" EndNode="1306">
<Feature>
  <Name className="java.lang.String">string</Name>
  <Value className="java.lang.String">trailers</Value>
</Feature>
</Annotation>
<Annotation Id="533" Type="Token" StartNode="1333" EndNode="1340">
<Feature>
  <Name className="java.lang.String">string</Name>
  <Value className="java.lang.String">weapons</Value>
</Feature>
</Annotation>
<Annotation Id="528" Type="Token" StartNode="1313" EndNode="1321">
<Feature>
  <Name className="java.lang.String">string</Name>
  <Value className="java.lang.String">grenades</Value>
</Feature>
</Annotation>
<Annotation Id="531" Type="Token" StartNode="1323" EndNode="1332">
<Feature>
  <Name className="java.lang.String">string</Name>
  <Value className="java.lang.String">semi-auto</Value>
</Feature>
</Annotation>
<Annotation Id="537" Type="Token" StartNode="1344" EndNode="1352">
<Feature>
  <Name className="java.lang.String">string</Name>
  <Value className="java.lang.String">peaceful</Value>
</Feature>
</Annotation>
<Annotation Id="539" Type="Token" StartNode="1353" EndNode="1361">
<Feature>
  <Name className="java.lang.String">string</Name>
  <Value className="java.lang.String">citizens</Value>
</Feature>
</Annotation>
<Annotation Id="609" Type="Token" StartNode="1539" EndNode="1545">
<Feature>
  <Name className="java.lang.String">string</Name>
  <Value className="java.lang.String">unless</Value>
</Feature>
</Annotation>
<Annotation Id="615" Type="Token" StartNode="1556" EndNode="1563">
<Feature>
  <Name className="java.lang.String">string</Name>
  <Value className="java.lang.String">thought</Value>
</Feature>
</Annotation>
<Annotation Id="630" Type="Token" StartNode="1587" EndNode="1594">
<Feature>
  <Name className="java.lang.String">string</Name>
  <Value className="java.lang.String">smoking</Value>
</Feature>
</Annotation>
<Annotation Id="634" Type="Token" StartNode="1603" EndNode="1613">
<Feature>
  <Name className="java.lang.String">string</Name>
  <Value className="java.lang.String">cigarettes</Value>
</Feature>
</Annotation>
<Annotation Id="632" Type="Token" StartNode="1595" EndNode="1602">
<Feature>
  <Name className="java.lang.String">string</Name>
  <Value className="java.lang.String">untaxed</Value>
</Feature>
</Annotation>
<Annotation Id="579" Type="Token" StartNode="1451" EndNode="1457">
<Feature>
  <Name className="java.lang.String">string</Name>
  <Value className="java.lang.String">Branch</Value>
</Feature>
</Annotation>
<Annotation Id="581" Type="Token" StartNode="1458" EndNode="1467">
<Feature>
  <Name className="java.lang.String">string</Name>
  <Value className="java.lang.String">Davidians</Value>
</Feature>
</Annotation>
<Annotation Id="585" Type="Token" StartNode="1472" EndNode="1479">
<Feature>
  <Name className="java.lang.String">string</Name>
  <Value className="java.lang.String">illegal</Value>
</Feature>
</Annotation>
<Annotation Id="587" Type="Token" StartNode="1480" EndNode="1487">
<Feature>
  <Name className="java.lang.String">string</Name>
  <Value className="java.lang.String">weapons</Value>
</Feature>
</Annotation>
<Annotation Id="590" Type="Token" StartNode="1489" EndNode="1496">
<Feature>
  <Name className="java.lang.String">string</Name>
  <Value className="java.lang.String">Nothing</Value>
</Feature>
</Annotation>
<Annotation Id="600" Type="Token" StartNode="1513" EndNode="1525">
<Feature>
  <Name className="java.lang.String">string</Name>
  <Value className="java.lang.String">jurisdiction</Value>
</Feature>
</Annotation>
<Annotation Id="703" Type="Token" StartNode="1771" EndNode="1778">
<Feature>
  <Name className="java.lang.String">string</Name>
  <Value className="java.lang.String">machine</Value>
</Feature>
</Annotation>
<Annotation Id="690" Type="Token" StartNode="1741" EndNode="1750">
<Feature>
  <Name className="java.lang.String">string</Name>
  <Value className="java.lang.String">necessary</Value>
</Feature>
</Annotation>
<Annotation Id="652" Type="Token" StartNode="1658" EndNode="1664">
<Feature>
  <Name className="java.lang.String">string</Name>
  <Value className="java.lang.String">matter</Value>
</Feature>
</Annotation>
<Annotation Id="644" Type="Token" StartNode="1639" EndNode="1648">
<Feature>
  <Name className="java.lang.String">string</Name>
  <Value className="java.lang.String">violation</Value>
</Feature>
</Annotation>
<Annotation Id="640" Type="Token" StartNode="1620" EndNode="1629">
<Feature>
  <Name className="java.lang.String">string</Name>
  <Value className="java.lang.String">automatic</Value>
</Feature>
</Annotation>
<Annotation Id="642" Type="Token" StartNode="1630" EndNode="1638">
<Feature>
  <Name className="java.lang.String">string</Name>
  <Value className="java.lang.String">firearms</Value>
</Feature>
</Annotation>
<Annotation Id="671" Type="Token" StartNode="1705" EndNode="1712">
<Feature>
  <Name className="java.lang.String">string</Name>
  <Value className="java.lang.String">someone</Value>
</Feature>
</Annotation>
<Annotation Id="665" Type="Token" StartNode="1684" EndNode="1692">
<Feature>
  <Name className="java.lang.String">string</Name>
  <Value className="java.lang.String">no-knock</Value>
</Feature>
</Annotation>
<Annotation Id="667" Type="Token" StartNode="1693" EndNode="1701">
<Feature>
  <Name className="java.lang.String">string</Name>
  <Value className="java.lang.String">warrants</Value>
</Feature>
</Annotation>
<Annotation Id="748" Type="Token" StartNode="1862" EndNode="1868">
<Feature>
  <Name className="java.lang.String">string</Name>
  <Value className="java.lang.String">chance</Value>
</Feature>
</Annotation>
<Annotation Id="752" Type="Token" StartNode="1872" EndNode="1879">
<Feature>
  <Name className="java.lang.String">string</Name>
  <Value className="java.lang.String">getting</Value>
</Feature>
</Annotation>
<Annotation Id="711" Type="Token" StartNode="1790" EndNode="1796">
<Feature>
  <Name className="java.lang.String">string</Name>
  <Value className="java.lang.String">toilet</Value>
</Feature>
</Annotation>
<Annotation Id="821" Type="Token" StartNode="2047" EndNode="2053">
<Feature>
  <Name className="java.lang.String">string</Name>
  <Value className="java.lang.String">police</Value>
</Feature>
</Annotation>
<Annotation Id="819" Type="Token" StartNode="2035" EndNode="2046">
<Feature>
  <Name className="java.lang.String">string</Name>
  <Value className="java.lang.String">unprotected</Value>
</Feature>
</Annotation>
<Annotation Id="828" Type="Token" StartNode="2061" EndNode="2070">
<Feature>
  <Name className="java.lang.String">string</Name>
  <Value className="java.lang.String">stupidity</Value>
</Feature>
</Annotation>
<Annotation Id="802" Type="Token" StartNode="1984" EndNode="1990">
<Feature>
  <Name className="java.lang.String">string</Name>
  <Value className="java.lang.String">warant</Value>
</Feature>
</Annotation>
<Annotation Id="813" Type="Token" StartNode="2008" EndNode="2019">
<Feature>
  <Name className="java.lang.String">string</Name>
  <Value className="java.lang.String">ludicrously</Value>
</Feature>
</Annotation>
<Annotation Id="815" Type="Token" StartNode="2020" EndNode="2030">
<Feature>
  <Name className="java.lang.String">string</Name>
  <Value className="java.lang.String">underarmed</Value>
</Feature>
</Annotation>
<Annotation Id="788" Type="Token" StartNode="1947" EndNode="1956">
<Feature>
  <Name className="java.lang.String">string</Name>
  <Value className="java.lang.String">stupidity</Value>
</Feature>
</Annotation>
<Annotation Id="794" Type="Token" StartNode="1965" EndNode="1972">
<Feature>
  <Name className="java.lang.String">string</Name>
  <Value className="java.lang.String">attempt</Value>
</Feature>
</Annotation>
<Annotation Id="883" Type="Token" StartNode="2235" EndNode="2245">
<Feature>
  <Name className="java.lang.String">string</Name>
  <Value className="java.lang.String">Escalation</Value>
</Feature>
</Annotation>
<Annotation Id="889" Type="Token" StartNode="2252" EndNode="2265">
<Feature>
  <Name className="java.lang.String">string</Name>
  <Value className="java.lang.String">automatically</Value>
</Feature>
</Annotation>
<Annotation Id="891" Type="Token" StartNode="2266" EndNode="2275">
<Feature>
  <Name className="java.lang.String">string</Name>
  <Value className="java.lang.String">brilliant</Value>
</Feature>
</Annotation>
<Annotation Id="864" Type="Token" StartNode="2156" EndNode="2163">
<Feature>
  <Name className="java.lang.String">string</Name>
  <Value className="java.lang.String">warrant</Value>
</Feature>
</Annotation>
<Annotation Id="868" Type="Token" StartNode="2167" EndNode="2178">
<Feature>
  <Name className="java.lang.String">string</Name>
  <Value className="java.lang.String">ludicrously</Value>
</Feature>
</Annotation>
<Annotation Id="870" Type="Token" StartNode="2179" EndNode="2189">
<Feature>
  <Name className="java.lang.String">string</Name>
  <Value className="java.lang.String">over-armed</Value>
</Feature>
</Annotation>
<Annotation Id="873" Type="Token" StartNode="2191" EndNode="2205">
<Feature>
  <Name className="java.lang.String">string</Name>
  <Value className="java.lang.String">over-protected</Value>
</Feature>
</Annotation>
<Annotation Id="877" Type="Token" StartNode="2210" EndNode="2224">
<Feature>
  <Name className="java.lang.String">string</Name>
  <Value className="java.lang.String">over-confident</Value>
</Feature>
</Annotation>
<Annotation Id="879" Type="Token" StartNode="2225" EndNode="2232">
<Feature>
  <Name className="java.lang.String">string</Name>
  <Value className="java.lang.String">gestapo</Value>
</Feature>
</Annotation>
<Annotation Id="856" Type="Token" StartNode="2135" EndNode="2142">
<Feature>
  <Name className="java.lang.String">string</Name>
  <Value className="java.lang.String">attempt</Value>
</Feature>
</Annotation>
<Annotation Id="834" Type="Token" StartNode="2082" EndNode="2089">
<Feature>
  <Name className="java.lang.String">string</Name>
  <Value className="java.lang.String">related</Value>
</Feature>
</Annotation>
<Annotation Id="832" Type="Token" StartNode="2075" EndNode="2081">
<Feature>
  <Name className="java.lang.String">string</Name>
  <Value className="java.lang.String">indeed</Value>
</Feature>
</Annotation>
<Annotation Id="846" Type="Token" StartNode="2108" EndNode="2117">
<Feature>
  <Name className="java.lang.String">string</Name>
  <Value className="java.lang.String">stupidity</Value>
</Feature>
</Annotation>
<Annotation Id="949" Type="Token" StartNode="2404" EndNode="2411">
<Feature>
  <Name className="java.lang.String">string</Name>
  <Value className="java.lang.String">nothing</Value>
</Feature>
</Annotation>
<Annotation Id="951" Type="Token" StartNode="2412" EndNode="2421">
<Feature>
  <Name className="java.lang.String">string</Name>
  <Value className="java.lang.String">justifies</Value>
</Feature>
</Annotation>
<Annotation Id="944" Type="Token" StartNode="2389" EndNode="2397">
<Feature>
  <Name className="java.lang.String">string</Name>
  <Value className="java.lang.String">Actually</Value>
</Feature>
</Annotation>
<Annotation Id="940" Type="Token" StartNode="2376" EndNode="2386">
<Feature>
  <Name className="java.lang.String">string</Name>
  <Value className="java.lang.String">EVERYTHING</Value>
</Feature>
</Annotation>
<Annotation Id="936" Type="Token" StartNode="2363" EndNode="2371">
<Feature>
  <Name className="java.lang.String">string</Name>
  <Value className="java.lang.String">WARRANTS</Value>
</Feature>
</Annotation>
<Annotation Id="934" Type="Token" StartNode="2354" EndNode="2362">
<Feature>
  <Name className="java.lang.String">string</Name>
  <Value className="java.lang.String">NO-KNOCK</Value>
</Feature>
</Annotation>
<Annotation Id="922" Type="Token" StartNode="2330" EndNode="2336">
<Feature>
  <Name className="java.lang.String">string</Name>
  <Value className="java.lang.String">TOILET</Value>
</Feature>
</Annotation>
<Annotation Id="903" Type="Token" StartNode="2291" EndNode="2297">
<Feature>
  <Name className="java.lang.String">string</Name>
  <Value className="java.lang.String">MATTER</Value>
</Feature>
</Annotation>
<Annotation Id="1016" Type="Token" StartNode="2574" EndNode="2581">
<Feature>
  <Name className="java.lang.String">string</Name>
  <Value className="java.lang.String">justice</Value>
</Feature>
</Annotation>
<Annotation Id="1018" Type="Token" StartNode="2582" EndNode="2589">
<Feature>
  <Name className="java.lang.String">string</Name>
  <Value className="java.lang.String">perhaps</Value>
</Feature>
</Annotation>
<Annotation Id="1010" Type="Token" StartNode="2555" EndNode="2561">
<Feature>
  <Name className="java.lang.String">string</Name>
  <Value className="java.lang.String">police</Value>
</Feature>
</Annotation>
<Annotation Id="1012" Type="Token" StartNode="2562" EndNode="2570">
<Feature>
  <Name className="java.lang.String">string</Name>
  <Value className="java.lang.String">officers</Value>
</Feature>
</Annotation>
<Annotation Id="1004" Type="Token" StartNode="2538" EndNode="2546">
<Feature>
  <Name className="java.lang.String">string</Name>
  <Value className="java.lang.String">murderes</Value>
</Feature>
</Annotation>
<Annotation Id="995" Type="Token" StartNode="2514" EndNode="2520">
<Feature>
  <Name className="java.lang.String">string</Name>
  <Value className="java.lang.String">method</Value>
</Feature>
</Annotation>
<Annotation Id="999" Type="Token" StartNode="2524" EndNode="2532">
<Feature>
  <Name className="java.lang.String">string</Name>
  <Value className="java.lang.String">bringing</Value>
</Feature>
</Annotation>
<Annotation Id="987" Type="Token" StartNode="2494" EndNode="2501">
<Feature>
  <Name className="java.lang.String">string</Name>
  <Value className="java.lang.String">suggest</Value>
</Feature>
</Annotation>
<Annotation Id="975" Type="Token" StartNode="2467" EndNode="2473">
<Feature>
  <Name className="java.lang.String">string</Name>
  <Value className="java.lang.String">anyone</Value>
</Feature>
</Annotation>
<Annotation Id="962" Type="Token" StartNode="2440" EndNode="2447">
<Feature>
  <Name className="java.lang.String">string</Name>
  <Value className="java.lang.String">another</Value>
</Feature>
</Annotation>
<Annotation Id="964" Type="Token" StartNode="2448" EndNode="2456">
<Feature>
  <Name className="java.lang.String">string</Name>
  <Value className="java.lang.String">argument</Value>
</Feature>
</Annotation>
<Annotation Id="1100" Type="Token" StartNode="2789" EndNode="2796">
<Feature>
  <Name className="java.lang.String">string</Name>
  <Value className="java.lang.String">killing</Value>
</Feature>
</Annotation>
<Annotation Id="1108" Type="Token" StartNode="2812" EndNode="2819">
<Feature>
  <Name className="java.lang.String">string</Name>
  <Value className="java.lang.String">screwed</Value>
</Feature>
</Annotation>
<Annotation Id="1123" Type="Token" StartNode="2843" EndNode="2850">
<Feature>
  <Name className="java.lang.String">string</Name>
  <Value className="java.lang.String">Hallam-</Value>
</Feature>
</Annotation>
<Annotation Id="1147" Type="Token" StartNode="2905" EndNode="2916">
<Feature>
  <Name className="java.lang.String">string</Name>
  <Value className="java.lang.String">Perspective</Value>
</Feature>
</Annotation>
<Annotation Id="1142" Type="Token" StartNode="2893" EndNode="2899">
<Feature>
  <Name className="java.lang.String">string</Name>
  <Value className="java.lang.String">netcom</Value>
</Feature>
</Annotation>
<Annotation Id="1140" Type="Token" StartNode="2884" EndNode="2892">
<Feature>
  <Name className="java.lang.String">string</Name>
  <Value className="java.lang.String">rlglende</Value>
</Feature>
</Annotation>
<Annotation Id="1137" Type="Token" StartNode="2871" EndNode="2882">
<Feature>
  <Name className="java.lang.String">string</Name>
  <Value className="java.lang.String">Glendenning</Value>
</Feature>
</Annotation>
<Annotation Id="1054" Type="Token" StartNode="2666" EndNode="2674">
<Feature>
  <Name className="java.lang.String">string</Name>
  <Value className="java.lang.String">probable</Value>
</Feature>
</Annotation>
<Annotation Id="1040" Type="Token" StartNode="2628" EndNode="2634">
<Feature>
  <Name className="java.lang.String">string</Name>
  <Value className="java.lang.String">murder</Value>
</Feature>
</Annotation>
<Annotation Id="1044" Type="Token" StartNode="2638" EndNode="2644">
<Feature>
  <Name className="java.lang.String">string</Name>
  <Value className="java.lang.String">police</Value>
</Feature>
</Annotation>
<Annotation Id="1046" Type="Token" StartNode="2645" EndNode="2653">
<Feature>
  <Name className="java.lang.String">string</Name>
  <Value className="java.lang.String">officers</Value>
</Feature>
</Annotation>
<Annotation Id="1066" Type="Token" StartNode="2700" EndNode="2706">
<Feature>
  <Name className="java.lang.String">string</Name>
  <Value className="java.lang.String">murder</Value>
</Feature>
</Annotation>
<Annotation Id="1068" Type="Token" StartNode="2707" EndNode="2714">
<Feature>
  <Name className="java.lang.String">string</Name>
  <Value className="java.lang.String">perhaps</Value>
</Feature>
</Annotation>
<Annotation Id="1060" Type="Token" StartNode="2684" EndNode="2690">
<Feature>
  <Name className="java.lang.String">string</Name>
  <Value className="java.lang.String">arrest</Value>
</Feature>
</Annotation>
<Annotation Id="1080" Type="Token" StartNode="2736" EndNode="2744">
<Feature>
  <Name className="java.lang.String">string</Name>
  <Value className="java.lang.String">innocent</Value>
</Feature>
</Annotation>
<Annotation Id="1086" Type="Token" StartNode="2758" EndNode="2764">
<Feature>
  <Name className="java.lang.String">string</Name>
  <Value className="java.lang.String">guilty</Value>
</Feature>
</Annotation>
<Annotation Id="1084" Type="Token" StartNode="2751" EndNode="2757">
<Feature>
  <Name className="java.lang.String">string</Name>
  <Value className="java.lang.String">proven</Value>
</Feature>
</Annotation>
<Annotation Id="1076" Type="Token" StartNode="2723" EndNode="2731">
<Feature>
  <Name className="java.lang.String">string</Name>
  <Value className="java.lang.String">citizens</Value>
</Feature>
</Annotation>
<Annotation Id="1223" Type="Token" StartNode="1914" EndNode="1920">
<Feature>
  <Name className="java.lang.String">string</Name>
  <Value className="java.lang.String">should</Value>
</Feature>
</Annotation>
<Annotation Id="1157" Type="Token" StartNode="2932" EndNode="2938">
<Feature>
  <Name className="java.lang.String">string</Name>
  <Value className="java.lang.String">points</Value>
</Feature>
</Annotation>
<Annotation Id="1168" Type="Token" StartNode="2956" EndNode="2964">
<Feature>
  <Name className="java.lang.String">string</Name>
  <Value className="java.lang.String">somebody</Value>
</Feature>
</Annotation>
</AnnotationSet>
<AnnotationSet Name="Original markups"> </AnnotationSet>
</GateDocument>