<?xml version='1.0' encoding='UTF-8'?>
<GateDocument version="3">
<!-- The document's features-->

<GateDocumentFeatures>
<Feature>
  <Name className="java.lang.String">Original_document_content_on_load</Name>
  <Value className="java.lang.String">From: jmd@cube.handheld.com (Jim De Arras)
Date: 15 Apr 1993 12:36:06 GMT
Organization: Hand Held Products, Inc.
Lines: 34
Distribution: world
Message-ID: &lt;1qjkrmINNljp@clem.handheld.com>
References: &lt;1993Apr14.183025.29688@sco.com>
NNTP-Posting-Host: dale.handheld.com

In article &lt;1993Apr14.183025.29688@sco.com> allanh@sco.COM (Allan J. Heim)  
writes:
> 
> papresco@undergrad.math.uwaterloo.ca (Paul Prescod):
> 
>    >Drugs are banned, please tell me when this supply will dry up?
> 
>    Drugs are easier to manufacture, easier to smuggle, easier to hide.
>    No comparison.
> 
> Then let's use another example--alcoholic beverages.  Bottles of whiskey
> are larger, heavier, and more fragile than bags of drugs.  Barrels and
> kegs are larger and heavier still, and are difficult to manipulate.
> Yet, a lot of people managed to get very rich off of the smuggling of
> booze into this country during the years of Prohibition.  There was a
> demand, so an entire industry formed to supply it.

I beleive this was the source of the Kennedy clan's money.
> 
> So unless there's something I'm missing, I think your argument that guns
> won't be smuggled because theyr'e more difficult to manufacture, smuggle
> and hide won't wash.  If enough people want something, somebody will try
> to supply it.
> -- 
> Allan J. Heim   allanh@sco.COM   ...!uunet!sco!allanh   +1 408 427 7813
Jim
--
jmd@handheld.com
-------------------------------------------------------------------------------
"I'm always rethinking that.  There's never been a day when I haven't rethought  
that.  But I can't do that by myself."  Bill Clinton  6 April 93
"If I were an American, as I am an Englishman, while a foreign troop was landed  
in my country, I never would lay down my arms,-never--never--never!"
WILLIAM PITT, EARL OF CHATHAM 1708-1778 18 Nov. 1777
</Value>
</Feature>
<Feature>
  <Name className="java.lang.String">gate.SourceURL</Name>
  <Value className="java.lang.String">file:/C:/Users/jian/Documents/NetBeansProjects/NoiseReductionTechniques/mideastPoliticsMix/negative205</Value>
</Feature>
</GateDocumentFeatures>
<!-- The document content area with serialized nodes -->

<TextWithNodes><Node id="0"/>From<Node id="4"/>:<Node id="5"/> <Node id="6"/>jmd<Node id="9"/>@<Node id="10"/>cube<Node id="14"/>.<Node id="15"/>handheld<Node id="23"/>.<Node id="24"/>com<Node id="27"/> <Node id="28"/>(<Node id="29"/>Jim<Node id="32"/> <Node id="33"/>De<Node id="35"/> <Node id="36"/>Arras<Node id="41"/>)<Node id="42"/>
<Node id="43"/>Date<Node id="47"/>:<Node id="48"/> <Node id="49"/>15<Node id="51"/> <Node id="52"/>Apr<Node id="55"/> <Node id="56"/>1993<Node id="60"/> <Node id="61"/>12<Node id="63"/>:<Node id="64"/>36<Node id="66"/>:<Node id="67"/>06<Node id="69"/> <Node id="70"/>GMT<Node id="73"/>
<Node id="74"/>Organization<Node id="86"/>:<Node id="87"/> <Node id="88"/>Hand<Node id="92"/> <Node id="93"/>Held<Node id="97"/> <Node id="98"/>Products<Node id="106"/>,<Node id="107"/> <Node id="108"/>Inc<Node id="111"/>.<Node id="112"/>
<Node id="113"/>Lines<Node id="118"/>:<Node id="119"/> <Node id="120"/>34<Node id="122"/>
<Node id="123"/>Distribution<Node id="135"/>:<Node id="136"/> <Node id="137"/>world<Node id="142"/>
<Node id="143"/>Message-<Node id="151"/>ID<Node id="153"/>:<Node id="154"/> <Node id="155"/>&lt;<Node id="156"/>1<Node id="157"/>qjkrmINNljp<Node id="168"/>@<Node id="169"/>clem<Node id="173"/>.<Node id="174"/>handheld<Node id="182"/>.<Node id="183"/>com<Node id="186"/>&gt;<Node id="187"/>
<Node id="188"/>References<Node id="198"/>:<Node id="199"/> <Node id="200"/>&lt;<Node id="201"/>1993<Node id="205"/>Apr<Node id="208"/>14<Node id="210"/>.<Node id="211"/>183025<Node id="217"/>.<Node id="218"/>29688<Node id="223"/>@<Node id="224"/>sco<Node id="227"/>.<Node id="228"/>com<Node id="231"/>&gt;<Node id="232"/>
<Node id="233"/>NNTP-Posting-Host<Node id="250"/>:<Node id="251"/> <Node id="252"/>dale<Node id="256"/>.<Node id="257"/>handheld<Node id="265"/>.<Node id="266"/>com<Node id="269"/>
<Node id="270"/>
<Node id="271"/>In<Node id="273"/> <Node id="274"/>article<Node id="281"/> <Node id="282"/>&lt;<Node id="283"/>1993<Node id="287"/>Apr<Node id="290"/>14<Node id="292"/>.<Node id="293"/>183025<Node id="299"/>.<Node id="300"/>29688<Node id="305"/>@<Node id="306"/>sco<Node id="309"/>.<Node id="310"/>com<Node id="313"/>&gt;<Node id="314"/> <Node id="315"/>allanh<Node id="321"/>@<Node id="322"/>sco<Node id="325"/>.<Node id="326"/>COM<Node id="329"/> <Node id="330"/>(<Node id="331"/>Allan<Node id="336"/> <Node id="337"/>J<Node id="338"/>.<Node id="339"/> <Node id="340"/>Heim<Node id="344"/>)<Node id="345"/> <Node id="346"/> <Node id="347"/>
<Node id="348"/>writes<Node id="354"/>:<Node id="355"/>
<Node id="356"/>&gt;<Node id="357"/> <Node id="358"/>
<Node id="359"/>&gt;<Node id="360"/> <Node id="361"/>papresco<Node id="369"/>@<Node id="370"/>undergrad<Node id="379"/>.<Node id="380"/>math<Node id="384"/>.<Node id="385"/>uwaterloo<Node id="394"/>.<Node id="395"/>ca<Node id="397"/> <Node id="398"/>(<Node id="399"/>Paul<Node id="403"/> <Node id="404"/>Prescod<Node id="411"/>)<Node id="412"/>:<Node id="413"/>
<Node id="414"/>&gt;<Node id="415"/> <Node id="416"/>
<Node id="417"/>&gt;<Node id="418"/> <Node id="419"/> <Node id="420"/> <Node id="421"/> <Node id="422"/>&gt;<Node id="423"/>Drugs<Node id="428"/> <Node id="429"/>are<Node id="432"/> <Node id="433"/>banned<Node id="439"/>,<Node id="440"/> <Node id="441"/>please<Node id="447"/> <Node id="448"/>tell<Node id="452"/> <Node id="453"/>me<Node id="455"/> <Node id="456"/>when<Node id="460"/> <Node id="461"/>this<Node id="465"/> <Node id="466"/>supply<Node id="472"/> <Node id="473"/>will<Node id="477"/> <Node id="478"/>dry<Node id="481"/> <Node id="482"/>up<Node id="484"/>?<Node id="485"/>
<Node id="486"/>&gt;<Node id="487"/> <Node id="488"/>
<Node id="489"/>&gt;<Node id="490"/> <Node id="491"/> <Node id="492"/> <Node id="493"/> <Node id="494"/>Drugs<Node id="499"/> <Node id="500"/>are<Node id="503"/> <Node id="504"/>easier<Node id="510"/> <Node id="511"/>to<Node id="513"/> <Node id="514"/>manufacture<Node id="525"/>,<Node id="526"/> <Node id="527"/>easier<Node id="533"/> <Node id="534"/>to<Node id="536"/> <Node id="537"/>smuggle<Node id="544"/>,<Node id="545"/> <Node id="546"/>easier<Node id="552"/> <Node id="553"/>to<Node id="555"/> <Node id="556"/>hide<Node id="560"/>.<Node id="561"/>
<Node id="562"/>&gt;<Node id="563"/> <Node id="564"/> <Node id="565"/> <Node id="566"/> <Node id="567"/>No<Node id="569"/> <Node id="570"/>comparison<Node id="580"/>.<Node id="581"/>
<Node id="582"/>&gt;<Node id="583"/> <Node id="584"/>
<Node id="585"/>&gt;<Node id="586"/> <Node id="587"/>Then<Node id="591"/> <Node id="592"/>let<Node id="595"/>'s<Node id="597"/> <Node id="598"/>use<Node id="601"/> <Node id="602"/>another<Node id="609"/> <Node id="610"/>example--alcoholic<Node id="628"/> <Node id="629"/>beverages<Node id="638"/>.<Node id="639"/> <Node id="640"/> <Node id="641"/>Bottles<Node id="648"/> <Node id="649"/>of<Node id="651"/> <Node id="652"/>whiskey<Node id="659"/>
<Node id="660"/>&gt;<Node id="661"/> <Node id="662"/>are<Node id="665"/> <Node id="666"/>larger<Node id="672"/>,<Node id="673"/> <Node id="674"/>heavier<Node id="681"/>,<Node id="682"/> <Node id="683"/>and<Node id="686"/> <Node id="687"/>more<Node id="691"/> <Node id="692"/>fragile<Node id="699"/> <Node id="700"/>than<Node id="704"/> <Node id="705"/>bags<Node id="709"/> <Node id="710"/>of<Node id="712"/> <Node id="713"/>drugs<Node id="718"/>.<Node id="719"/> <Node id="720"/> <Node id="721"/>Barrels<Node id="728"/> <Node id="729"/>and<Node id="732"/>
<Node id="733"/>&gt;<Node id="734"/> <Node id="735"/>kegs<Node id="739"/> <Node id="740"/>are<Node id="743"/> <Node id="744"/>larger<Node id="750"/> <Node id="751"/>and<Node id="754"/> <Node id="755"/>heavier<Node id="762"/> <Node id="763"/>still<Node id="768"/>,<Node id="769"/> <Node id="770"/>and<Node id="773"/> <Node id="774"/>are<Node id="777"/> <Node id="778"/>difficult<Node id="787"/> <Node id="788"/>to<Node id="790"/> <Node id="791"/>manipulate<Node id="801"/>.<Node id="802"/>
<Node id="803"/>&gt;<Node id="804"/> <Node id="805"/>Yet<Node id="808"/>,<Node id="809"/> <Node id="810"/>a<Node id="811"/> <Node id="812"/>lot<Node id="815"/> <Node id="816"/>of<Node id="818"/> <Node id="819"/>people<Node id="825"/> <Node id="826"/>managed<Node id="833"/> <Node id="834"/>to<Node id="836"/> <Node id="837"/>get<Node id="840"/> <Node id="841"/>very<Node id="845"/> <Node id="846"/>rich<Node id="850"/> <Node id="851"/>off<Node id="854"/> <Node id="855"/>of<Node id="857"/> <Node id="858"/>the<Node id="861"/> <Node id="862"/>smuggling<Node id="871"/> <Node id="872"/>of<Node id="874"/>
<Node id="875"/>&gt;<Node id="876"/> <Node id="877"/>booze<Node id="882"/> <Node id="883"/>into<Node id="887"/> <Node id="888"/>this<Node id="892"/> <Node id="893"/>country<Node id="900"/> <Node id="901"/>during<Node id="907"/> <Node id="908"/>the<Node id="911"/> <Node id="912"/>years<Node id="917"/> <Node id="918"/>of<Node id="920"/> <Node id="921"/>Prohibition<Node id="932"/>.<Node id="933"/> <Node id="934"/> <Node id="935"/>There<Node id="940"/> <Node id="941"/>was<Node id="944"/> <Node id="945"/>a<Node id="946"/>
<Node id="947"/>&gt;<Node id="948"/> <Node id="949"/>demand<Node id="955"/>,<Node id="956"/> <Node id="957"/>so<Node id="959"/> <Node id="960"/>an<Node id="962"/> <Node id="963"/>entire<Node id="969"/> <Node id="970"/>industry<Node id="978"/> <Node id="979"/>formed<Node id="985"/> <Node id="986"/>to<Node id="988"/> <Node id="989"/>supply<Node id="995"/> <Node id="996"/>it<Node id="998"/>.<Node id="999"/>
<Node id="1000"/>
<Node id="1001"/>I<Node id="1002"/> <Node id="1003"/>beleive<Node id="1010"/> <Node id="1011"/>this<Node id="1015"/> <Node id="1016"/>was<Node id="1019"/> <Node id="1020"/>the<Node id="1023"/> <Node id="1024"/>source<Node id="1030"/> <Node id="1031"/>of<Node id="1033"/> <Node id="1034"/>the<Node id="1037"/> <Node id="1038"/>Kennedy<Node id="1045"/> <Node id="1046"/>clan<Node id="1050"/>'s<Node id="1052"/> <Node id="1053"/>money<Node id="1058"/>.<Node id="1059"/>
<Node id="1060"/>&gt;<Node id="1061"/> <Node id="1062"/>
<Node id="1063"/>&gt;<Node id="1064"/> <Node id="1065"/>So<Node id="1067"/> <Node id="1068"/>unless<Node id="1074"/> <Node id="1075"/>there<Node id="1080"/>'s<Node id="1082"/> <Node id="1083"/>something<Node id="1092"/> <Node id="1093"/>I<Node id="1094"/>'m<Node id="1096"/> <Node id="1097"/>missing<Node id="1104"/>,<Node id="1105"/> <Node id="1106"/>I<Node id="1107"/> <Node id="1108"/>think<Node id="1113"/> <Node id="1114"/>your<Node id="1118"/> <Node id="1119"/>argument<Node id="1127"/> <Node id="1128"/>that<Node id="1132"/> <Node id="1133"/>guns<Node id="1137"/>
<Node id="1138"/>&gt;<Node id="1139"/> <Node id="1140"/>wo<Node id="1142"/>n't<Node id="1145"/> <Node id="1146"/>be<Node id="1148"/> <Node id="1149"/>smuggled<Node id="1157"/> <Node id="1158"/>because<Node id="1165"/> <Node id="1166"/>theyr<Node id="1171"/>'<Node id="1172"/>e<Node id="1173"/> <Node id="1174"/>more<Node id="1178"/> <Node id="1179"/>difficult<Node id="1188"/> <Node id="1189"/>to<Node id="1191"/> <Node id="1192"/>manufacture<Node id="1203"/>,<Node id="1204"/> <Node id="1205"/>smuggle<Node id="1212"/>
<Node id="1213"/>&gt;<Node id="1214"/> <Node id="1215"/>and<Node id="1218"/> <Node id="1219"/>hide<Node id="1223"/> <Node id="1224"/>wo<Node id="1226"/>n't<Node id="1229"/> <Node id="1230"/>wash<Node id="1234"/>.<Node id="1235"/> <Node id="1236"/> <Node id="1237"/>If<Node id="1239"/> <Node id="1240"/>enough<Node id="1246"/> <Node id="1247"/>people<Node id="1253"/> <Node id="1254"/>want<Node id="1258"/> <Node id="1259"/>something<Node id="1268"/>,<Node id="1269"/> <Node id="1270"/>somebody<Node id="1278"/> <Node id="1279"/>will<Node id="1283"/> <Node id="1284"/>try<Node id="1287"/>
<Node id="1288"/>&gt;<Node id="1289"/> <Node id="1290"/>to<Node id="1292"/> <Node id="1293"/>supply<Node id="1299"/> <Node id="1300"/>it<Node id="1302"/>.<Node id="1303"/>
<Node id="1304"/>&gt;<Node id="1305"/> <Node id="1306"/>-<Node id="1307"/>-<Node id="1308"/> <Node id="1309"/>
<Node id="1310"/>&gt;<Node id="1311"/> <Node id="1312"/>Allan<Node id="1317"/> <Node id="1318"/>J<Node id="1319"/>.<Node id="1320"/> <Node id="1321"/>Heim<Node id="1325"/> <Node id="1326"/> <Node id="1327"/> <Node id="1328"/>allanh<Node id="1334"/>@<Node id="1335"/>sco<Node id="1338"/>.<Node id="1339"/>COM<Node id="1342"/> <Node id="1343"/> <Node id="1344"/> <Node id="1345"/>.<Node id="1346"/>.<Node id="1347"/>.<Node id="1348"/>!<Node id="1349"/>uunet<Node id="1354"/>!<Node id="1355"/>sco<Node id="1358"/>!<Node id="1359"/>allanh<Node id="1365"/> <Node id="1366"/> <Node id="1367"/> <Node id="1368"/>+<Node id="1369"/>1<Node id="1370"/> <Node id="1371"/>408<Node id="1374"/> <Node id="1375"/>427<Node id="1378"/> <Node id="1379"/>7813<Node id="1383"/>
<Node id="1384"/>Jim<Node id="1387"/>
<Node id="1388"/>-<Node id="1389"/>-<Node id="1390"/>
<Node id="1391"/>jmd<Node id="1394"/>@<Node id="1395"/>handheld<Node id="1403"/>.<Node id="1404"/>com<Node id="1407"/>
<Node id="1408"/>-<Node id="1409"/>-<Node id="1410"/>-<Node id="1411"/>-<Node id="1412"/>-<Node id="1413"/>-<Node id="1414"/>-<Node id="1415"/>-<Node id="1416"/>-<Node id="1417"/>-<Node id="1418"/>-<Node id="1419"/>-<Node id="1420"/>-<Node id="1421"/>-<Node id="1422"/>-<Node id="1423"/>-<Node id="1424"/>-<Node id="1425"/>-<Node id="1426"/>-<Node id="1427"/>-<Node id="1428"/>-<Node id="1429"/>-<Node id="1430"/>-<Node id="1431"/>-<Node id="1432"/>-<Node id="1433"/>-<Node id="1434"/>-<Node id="1435"/>-<Node id="1436"/>-<Node id="1437"/>-<Node id="1438"/>-<Node id="1439"/>-<Node id="1440"/>-<Node id="1441"/>-<Node id="1442"/>-<Node id="1443"/>-<Node id="1444"/>-<Node id="1445"/>-<Node id="1446"/>-<Node id="1447"/>-<Node id="1448"/>-<Node id="1449"/>-<Node id="1450"/>-<Node id="1451"/>-<Node id="1452"/>-<Node id="1453"/>-<Node id="1454"/>-<Node id="1455"/>-<Node id="1456"/>-<Node id="1457"/>-<Node id="1458"/>-<Node id="1459"/>-<Node id="1460"/>-<Node id="1461"/>-<Node id="1462"/>-<Node id="1463"/>-<Node id="1464"/>-<Node id="1465"/>-<Node id="1466"/>-<Node id="1467"/>-<Node id="1468"/>-<Node id="1469"/>-<Node id="1470"/>-<Node id="1471"/>-<Node id="1472"/>-<Node id="1473"/>-<Node id="1474"/>-<Node id="1475"/>-<Node id="1476"/>-<Node id="1477"/>-<Node id="1478"/>-<Node id="1479"/>-<Node id="1480"/>-<Node id="1481"/>-<Node id="1482"/>-<Node id="1483"/>-<Node id="1484"/>-<Node id="1485"/>-<Node id="1486"/>-<Node id="1487"/>
<Node id="1488"/>"<Node id="1489"/>I<Node id="1490"/>'m<Node id="1492"/> <Node id="1493"/>always<Node id="1499"/> <Node id="1500"/>rethinking<Node id="1510"/> <Node id="1511"/>that<Node id="1515"/>.<Node id="1516"/> <Node id="1517"/> <Node id="1518"/>There<Node id="1523"/>'s<Node id="1525"/> <Node id="1526"/>never<Node id="1531"/> <Node id="1532"/>been<Node id="1536"/> <Node id="1537"/>a<Node id="1538"/> <Node id="1539"/>day<Node id="1542"/> <Node id="1543"/>when<Node id="1547"/> <Node id="1548"/>I<Node id="1549"/> <Node id="1550"/>have<Node id="1554"/>n't<Node id="1557"/> <Node id="1558"/>rethought<Node id="1567"/> <Node id="1568"/> <Node id="1569"/>
<Node id="1570"/>that<Node id="1574"/>.<Node id="1575"/> <Node id="1576"/> <Node id="1577"/>But<Node id="1580"/> <Node id="1581"/>I<Node id="1582"/> <Node id="1583"/>ca<Node id="1585"/>n't<Node id="1588"/> <Node id="1589"/>do<Node id="1591"/> <Node id="1592"/>that<Node id="1596"/> <Node id="1597"/>by<Node id="1599"/> <Node id="1600"/>myself<Node id="1606"/>.<Node id="1607"/>"<Node id="1608"/> <Node id="1609"/> <Node id="1610"/>Bill<Node id="1614"/> <Node id="1615"/>Clinton<Node id="1622"/> <Node id="1623"/> <Node id="1624"/>6<Node id="1625"/> <Node id="1626"/>April<Node id="1631"/> <Node id="1632"/>93<Node id="1634"/>
<Node id="1635"/>"<Node id="1636"/>If<Node id="1638"/> <Node id="1639"/>I<Node id="1640"/> <Node id="1641"/>were<Node id="1645"/> <Node id="1646"/>an<Node id="1648"/> <Node id="1649"/>American<Node id="1657"/>,<Node id="1658"/> <Node id="1659"/>as<Node id="1661"/> <Node id="1662"/>I<Node id="1663"/> <Node id="1664"/>am<Node id="1666"/> <Node id="1667"/>an<Node id="1669"/> <Node id="1670"/>Englishman<Node id="1680"/>,<Node id="1681"/> <Node id="1682"/>while<Node id="1687"/> <Node id="1688"/>a<Node id="1689"/> <Node id="1690"/>foreign<Node id="1697"/> <Node id="1698"/>troop<Node id="1703"/> <Node id="1704"/>was<Node id="1707"/> <Node id="1708"/>landed<Node id="1714"/> <Node id="1715"/> <Node id="1716"/>
<Node id="1717"/>in<Node id="1719"/> <Node id="1720"/>my<Node id="1722"/> <Node id="1723"/>country<Node id="1730"/>,<Node id="1731"/> <Node id="1732"/>I<Node id="1733"/> <Node id="1734"/>never<Node id="1739"/> <Node id="1740"/>would<Node id="1745"/> <Node id="1746"/>lay<Node id="1749"/> <Node id="1750"/>down<Node id="1754"/> <Node id="1755"/>my<Node id="1757"/> <Node id="1758"/>arms<Node id="1762"/>,<Node id="1763"/>-<Node id="1764"/>never--never--never<Node id="1783"/>!<Node id="1784"/>"<Node id="1785"/>
<Node id="1786"/>WILLIAM<Node id="1793"/> <Node id="1794"/>PITT<Node id="1798"/>,<Node id="1799"/> <Node id="1800"/>EARL<Node id="1804"/> <Node id="1805"/>OF<Node id="1807"/> <Node id="1808"/>CHATHAM<Node id="1815"/> <Node id="1816"/>1708<Node id="1820"/>-<Node id="1821"/>1778<Node id="1825"/> <Node id="1826"/>18<Node id="1828"/> <Node id="1829"/>Nov<Node id="1832"/>.<Node id="1833"/> <Node id="1834"/>1777<Node id="1838"/>
<Node id="1839"/></TextWithNodes>
<!-- The default annotation set -->

<AnnotationSet>
<Annotation EndNode="1839" StartNode="0" Type="Mention" Id="9999999">
<Feature>
<Name classname="java.lang.String">Class</Name>
<Value classname="java.lang.String">0</Value>
</Feature>
</Annotation>

<Annotation Id="7" Type="Token" StartNode="15" EndNode="23">
<Feature>
  <Name className="java.lang.String">string</Name>
  <Value className="java.lang.String">handheld</Value>
</Feature>
</Annotation>
<Annotation Id="36" Type="Token" StartNode="74" EndNode="86">
<Feature>
  <Name className="java.lang.String">string</Name>
  <Value className="java.lang.String">Organization</Value>
</Feature>
</Annotation>
<Annotation Id="43" Type="Token" StartNode="98" EndNode="106">
<Feature>
  <Name className="java.lang.String">string</Name>
  <Value className="java.lang.String">Products</Value>
</Feature>
</Annotation>
<Annotation Id="54" Type="Token" StartNode="123" EndNode="135">
<Feature>
  <Name className="java.lang.String">string</Name>
  <Value className="java.lang.String">Distribution</Value>
</Feature>
</Annotation>
<Annotation Id="59" Type="Token" StartNode="143" EndNode="151">
<Feature>
  <Name className="java.lang.String">string</Name>
  <Value className="java.lang.String">Message-</Value>
</Feature>
</Annotation>
<Annotation Id="69" Type="Token" StartNode="174" EndNode="182">
<Feature>
  <Name className="java.lang.String">string</Name>
  <Value className="java.lang.String">handheld</Value>
</Feature>
</Annotation>
<Annotation Id="65" Type="Token" StartNode="157" EndNode="168">
<Feature>
  <Name className="java.lang.String">string</Name>
  <Value className="java.lang.String">qjkrmINNljp</Value>
</Feature>
</Annotation>
<Annotation Id="74" Type="Token" StartNode="188" EndNode="198">
<Feature>
  <Name className="java.lang.String">string</Name>
  <Value className="java.lang.String">References</Value>
</Feature>
</Annotation>
<Annotation Id="82" Type="Token" StartNode="211" EndNode="217">
</Annotation>
<Annotation Id="91" Type="Token" StartNode="233" EndNode="250">
<Feature>
  <Name className="java.lang.String">string</Name>
  <Value className="java.lang.String">NNTP-Posting-Host</Value>
</Feature>
</Annotation>
<Annotation Id="103" Type="Token" StartNode="274" EndNode="281">
<Feature>
  <Name className="java.lang.String">string</Name>
  <Value className="java.lang.String">article</Value>
</Feature>
</Annotation>
<Annotation Id="96" Type="Token" StartNode="257" EndNode="265">
<Feature>
  <Name className="java.lang.String">string</Name>
  <Value className="java.lang.String">handheld</Value>
</Feature>
</Annotation>
<Annotation Id="110" Type="Token" StartNode="293" EndNode="299">
</Annotation>
<Annotation Id="119" Type="Token" StartNode="315" EndNode="321">
<Feature>
  <Name className="java.lang.String">string</Name>
  <Value className="java.lang.String">allanh</Value>
</Feature>
</Annotation>
<Annotation Id="136" Type="Token" StartNode="348" EndNode="354">
<Feature>
  <Name className="java.lang.String">string</Name>
  <Value className="java.lang.String">writes</Value>
</Feature>
</Annotation>
<Annotation Id="157" Type="Token" StartNode="404" EndNode="411">
<Feature>
  <Name className="java.lang.String">string</Name>
  <Value className="java.lang.String">Prescod</Value>
</Feature>
</Annotation>
<Annotation Id="144" Type="Token" StartNode="361" EndNode="369">
<Feature>
  <Name className="java.lang.String">string</Name>
  <Value className="java.lang.String">papresco</Value>
</Feature>
</Annotation>
<Annotation Id="146" Type="Token" StartNode="370" EndNode="379">
<Feature>
  <Name className="java.lang.String">string</Name>
  <Value className="java.lang.String">undergrad</Value>
</Feature>
</Annotation>
<Annotation Id="150" Type="Token" StartNode="385" EndNode="394">
<Feature>
  <Name className="java.lang.String">string</Name>
  <Value className="java.lang.String">uwaterloo</Value>
</Feature>
</Annotation>
<Annotation Id="174" Type="Token" StartNode="433" EndNode="439">
<Feature>
  <Name className="java.lang.String">string</Name>
  <Value className="java.lang.String">banned</Value>
</Feature>
</Annotation>
<Annotation Id="187" Type="Token" StartNode="466" EndNode="472">
<Feature>
  <Name className="java.lang.String">string</Name>
  <Value className="java.lang.String">supply</Value>
</Feature>
</Annotation>
<Annotation Id="177" Type="Token" StartNode="441" EndNode="447">
<Feature>
  <Name className="java.lang.String">string</Name>
  <Value className="java.lang.String">please</Value>
</Feature>
</Annotation>
<Annotation Id="222" Type="Token" StartNode="546" EndNode="552">
<Feature>
  <Name className="java.lang.String">string</Name>
  <Value className="java.lang.String">easier</Value>
</Feature>
</Annotation>
<Annotation Id="219" Type="Token" StartNode="537" EndNode="544">
<Feature>
  <Name className="java.lang.String">string</Name>
  <Value className="java.lang.String">smuggle</Value>
</Feature>
</Annotation>
<Annotation Id="212" Type="Token" StartNode="514" EndNode="525">
<Feature>
  <Name className="java.lang.String">string</Name>
  <Value className="java.lang.String">manufacture</Value>
</Feature>
</Annotation>
<Annotation Id="215" Type="Token" StartNode="527" EndNode="533">
<Feature>
  <Name className="java.lang.String">string</Name>
  <Value className="java.lang.String">easier</Value>
</Feature>
</Annotation>
<Annotation Id="208" Type="Token" StartNode="504" EndNode="510">
<Feature>
  <Name className="java.lang.String">string</Name>
  <Value className="java.lang.String">easier</Value>
</Feature>
</Annotation>
<Annotation Id="236" Type="Token" StartNode="570" EndNode="580">
<Feature>
  <Name className="java.lang.String">string</Name>
  <Value className="java.lang.String">comparison</Value>
</Feature>
</Annotation>
<Annotation Id="254" Type="Token" StartNode="610" EndNode="628">
<Feature>
  <Name className="java.lang.String">string</Name>
  <Value className="java.lang.String">example--alcoholic</Value>
</Feature>
</Annotation>
<Annotation Id="252" Type="Token" StartNode="602" EndNode="609">
<Feature>
  <Name className="java.lang.String">string</Name>
  <Value className="java.lang.String">another</Value>
</Feature>
</Annotation>
<Annotation Id="273" Type="Token" StartNode="674" EndNode="681">
<Feature>
  <Name className="java.lang.String">string</Name>
  <Value className="java.lang.String">heavier</Value>
</Feature>
</Annotation>
<Annotation Id="280" Type="Token" StartNode="692" EndNode="699">
<Feature>
  <Name className="java.lang.String">string</Name>
  <Value className="java.lang.String">fragile</Value>
</Feature>
</Annotation>
<Annotation Id="256" Type="Token" StartNode="629" EndNode="638">
<Feature>
  <Name className="java.lang.String">string</Name>
  <Value className="java.lang.String">beverages</Value>
</Feature>
</Annotation>
<Annotation Id="260" Type="Token" StartNode="641" EndNode="648">
<Feature>
  <Name className="java.lang.String">string</Name>
  <Value className="java.lang.String">Bottles</Value>
</Feature>
</Annotation>
<Annotation Id="264" Type="Token" StartNode="652" EndNode="659">
<Feature>
  <Name className="java.lang.String">string</Name>
  <Value className="java.lang.String">whiskey</Value>
</Feature>
</Annotation>
<Annotation Id="270" Type="Token" StartNode="666" EndNode="672">
<Feature>
  <Name className="java.lang.String">string</Name>
  <Value className="java.lang.String">larger</Value>
</Feature>
</Annotation>
<Annotation Id="306" Type="Token" StartNode="755" EndNode="762">
<Feature>
  <Name className="java.lang.String">string</Name>
  <Value className="java.lang.String">heavier</Value>
</Feature>
</Annotation>
<Annotation Id="315" Type="Token" StartNode="778" EndNode="787">
<Feature>
  <Name className="java.lang.String">string</Name>
  <Value className="java.lang.String">difficult</Value>
</Feature>
</Annotation>
<Annotation Id="319" Type="Token" StartNode="791" EndNode="801">
<Feature>
  <Name className="java.lang.String">string</Name>
  <Value className="java.lang.String">manipulate</Value>
</Feature>
</Annotation>
<Annotation Id="292" Type="Token" StartNode="721" EndNode="728">
<Feature>
  <Name className="java.lang.String">string</Name>
  <Value className="java.lang.String">Barrels</Value>
</Feature>
</Annotation>
<Annotation Id="302" Type="Token" StartNode="744" EndNode="750">
<Feature>
  <Name className="java.lang.String">string</Name>
  <Value className="java.lang.String">larger</Value>
</Feature>
</Annotation>
<Annotation Id="351" Type="Token" StartNode="862" EndNode="871">
<Feature>
  <Name className="java.lang.String">string</Name>
  <Value className="java.lang.String">smuggling</Value>
</Feature>
</Annotation>
<Annotation Id="335" Type="Token" StartNode="826" EndNode="833">
<Feature>
  <Name className="java.lang.String">string</Name>
  <Value className="java.lang.String">managed</Value>
</Feature>
</Annotation>
<Annotation Id="333" Type="Token" StartNode="819" EndNode="825">
<Feature>
  <Name className="java.lang.String">string</Name>
  <Value className="java.lang.String">people</Value>
</Feature>
</Annotation>
<Annotation Id="373" Type="Token" StartNode="921" EndNode="932">
<Feature>
  <Name className="java.lang.String">string</Name>
  <Value className="java.lang.String">Prohibition</Value>
</Feature>
</Annotation>
<Annotation Id="365" Type="Token" StartNode="901" EndNode="907">
<Feature>
  <Name className="java.lang.String">string</Name>
  <Value className="java.lang.String">during</Value>
</Feature>
</Annotation>
<Annotation Id="363" Type="Token" StartNode="893" EndNode="900">
<Feature>
  <Name className="java.lang.String">string</Name>
  <Value className="java.lang.String">country</Value>
</Feature>
</Annotation>
<Annotation Id="408" Type="Token" StartNode="1003" EndNode="1010">
<Feature>
  <Name className="java.lang.String">string</Name>
  <Value className="java.lang.String">beleive</Value>
</Feature>
</Annotation>
<Annotation Id="400" Type="Token" StartNode="989" EndNode="995">
<Feature>
  <Name className="java.lang.String">string</Name>
  <Value className="java.lang.String">supply</Value>
</Feature>
</Annotation>
<Annotation Id="394" Type="Token" StartNode="970" EndNode="978">
<Feature>
  <Name className="java.lang.String">string</Name>
  <Value className="java.lang.String">industry</Value>
</Feature>
</Annotation>
<Annotation Id="392" Type="Token" StartNode="963" EndNode="969">
<Feature>
  <Name className="java.lang.String">string</Name>
  <Value className="java.lang.String">entire</Value>
</Feature>
</Annotation>
<Annotation Id="396" Type="Token" StartNode="979" EndNode="985">
<Feature>
  <Name className="java.lang.String">string</Name>
  <Value className="java.lang.String">formed</Value>
</Feature>
</Annotation>
<Annotation Id="385" Type="Token" StartNode="949" EndNode="955">
<Feature>
  <Name className="java.lang.String">string</Name>
  <Value className="java.lang.String">demand</Value>
</Feature>
</Annotation>
<Annotation Id="444" Type="Token" StartNode="1083" EndNode="1092">
<Feature>
  <Name className="java.lang.String">string</Name>
  <Value className="java.lang.String">something</Value>
</Feature>
</Annotation>
<Annotation Id="438" Type="Token" StartNode="1068" EndNode="1074">
<Feature>
  <Name className="java.lang.String">string</Name>
  <Value className="java.lang.String">unless</Value>
</Feature>
</Annotation>
<Annotation Id="416" Type="Token" StartNode="1024" EndNode="1030">
<Feature>
  <Name className="java.lang.String">string</Name>
  <Value className="java.lang.String">source</Value>
</Feature>
</Annotation>
<Annotation Id="422" Type="Token" StartNode="1038" EndNode="1045">
<Feature>
  <Name className="java.lang.String">string</Name>
  <Value className="java.lang.String">Kennedy</Value>
</Feature>
</Annotation>
<Annotation Id="475" Type="Token" StartNode="1158" EndNode="1165">
<Feature>
  <Name className="java.lang.String">string</Name>
  <Value className="java.lang.String">because</Value>
</Feature>
</Annotation>
<Annotation Id="473" Type="Token" StartNode="1149" EndNode="1157">
<Feature>
  <Name className="java.lang.String">string</Name>
  <Value className="java.lang.String">smuggled</Value>
</Feature>
</Annotation>
<Annotation Id="459" Type="Token" StartNode="1119" EndNode="1127">
<Feature>
  <Name className="java.lang.String">string</Name>
  <Value className="java.lang.String">argument</Value>
</Feature>
</Annotation>
<Annotation Id="450" Type="Token" StartNode="1097" EndNode="1104">
<Feature>
  <Name className="java.lang.String">string</Name>
  <Value className="java.lang.String">missing</Value>
</Feature>
</Annotation>
<Annotation Id="508" Type="Token" StartNode="1240" EndNode="1246">
<Feature>
  <Name className="java.lang.String">string</Name>
  <Value className="java.lang.String">enough</Value>
</Feature>
</Annotation>
<Annotation Id="510" Type="Token" StartNode="1247" EndNode="1253">
<Feature>
  <Name className="java.lang.String">string</Name>
  <Value className="java.lang.String">people</Value>
</Feature>
</Annotation>
<Annotation Id="490" Type="Token" StartNode="1205" EndNode="1212">
<Feature>
  <Name className="java.lang.String">string</Name>
  <Value className="java.lang.String">smuggle</Value>
</Feature>
</Annotation>
<Annotation Id="487" Type="Token" StartNode="1192" EndNode="1203">
<Feature>
  <Name className="java.lang.String">string</Name>
  <Value className="java.lang.String">manufacture</Value>
</Feature>
</Annotation>
<Annotation Id="483" Type="Token" StartNode="1179" EndNode="1188">
<Feature>
  <Name className="java.lang.String">string</Name>
  <Value className="java.lang.String">difficult</Value>
</Feature>
</Annotation>
<Annotation Id="549" Type="Token" StartNode="1328" EndNode="1334">
<Feature>
  <Name className="java.lang.String">string</Name>
  <Value className="java.lang.String">allanh</Value>
</Feature>
</Annotation>
<Annotation Id="565" Type="Token" StartNode="1359" EndNode="1365">
<Feature>
  <Name className="java.lang.String">string</Name>
  <Value className="java.lang.String">allanh</Value>
</Feature>
</Annotation>
<Annotation Id="517" Type="Token" StartNode="1270" EndNode="1278">
<Feature>
  <Name className="java.lang.String">string</Name>
  <Value className="java.lang.String">somebody</Value>
</Feature>
</Annotation>
<Annotation Id="514" Type="Token" StartNode="1259" EndNode="1268">
<Feature>
  <Name className="java.lang.String">string</Name>
  <Value className="java.lang.String">something</Value>
</Feature>
</Annotation>
<Annotation Id="527" Type="Token" StartNode="1293" EndNode="1299">
<Feature>
  <Name className="java.lang.String">string</Name>
  <Value className="java.lang.String">supply</Value>
</Feature>
</Annotation>
<Annotation Id="585" Type="Token" StartNode="1395" EndNode="1403">
<Feature>
  <Name className="java.lang.String">string</Name>
  <Value className="java.lang.String">handheld</Value>
</Feature>
</Annotation>
<Annotation Id="676" Type="Token" StartNode="1500" EndNode="1510">
<Feature>
  <Name className="java.lang.String">string</Name>
  <Value className="java.lang.String">rethinking</Value>
</Feature>
</Annotation>
<Annotation Id="674" Type="Token" StartNode="1493" EndNode="1499">
<Feature>
  <Name className="java.lang.String">string</Name>
  <Value className="java.lang.String">always</Value>
</Feature>
</Annotation>
<Annotation Id="702" Type="Token" StartNode="1558" EndNode="1567">
<Feature>
  <Name className="java.lang.String">string</Name>
  <Value className="java.lang.String">rethought</Value>
</Feature>
</Annotation>
<Annotation Id="749" Type="Token" StartNode="1649" EndNode="1657">
<Feature>
  <Name className="java.lang.String">string</Name>
  <Value className="java.lang.String">American</Value>
</Feature>
</Annotation>
<Annotation Id="760" Type="Token" StartNode="1670" EndNode="1680">
<Feature>
  <Name className="java.lang.String">string</Name>
  <Value className="java.lang.String">Englishman</Value>
</Feature>
</Annotation>
<Annotation Id="767" Type="Token" StartNode="1690" EndNode="1697">
<Feature>
  <Name className="java.lang.String">string</Name>
  <Value className="java.lang.String">foreign</Value>
</Feature>
</Annotation>
<Annotation Id="731" Type="Token" StartNode="1615" EndNode="1622">
<Feature>
  <Name className="java.lang.String">string</Name>
  <Value className="java.lang.String">Clinton</Value>
</Feature>
</Annotation>
<Annotation Id="724" Type="Token" StartNode="1600" EndNode="1606">
<Feature>
  <Name className="java.lang.String">string</Name>
  <Value className="java.lang.String">myself</Value>
</Feature>
</Annotation>
<Annotation Id="803" Type="Token" StartNode="1786" EndNode="1793">
<Feature>
  <Name className="java.lang.String">string</Name>
  <Value className="java.lang.String">WILLIAM</Value>
</Feature>
</Annotation>
<Annotation Id="812" Type="Token" StartNode="1808" EndNode="1815">
<Feature>
  <Name className="java.lang.String">string</Name>
  <Value className="java.lang.String">CHATHAM</Value>
</Feature>
</Annotation>
<Annotation Id="799" Type="Token" StartNode="1764" EndNode="1783">
<Feature>
  <Name className="java.lang.String">string</Name>
  <Value className="java.lang.String">never--never--never</Value>
</Feature>
</Annotation>
<Annotation Id="773" Type="Token" StartNode="1708" EndNode="1714">
<Feature>
  <Name className="java.lang.String">string</Name>
  <Value className="java.lang.String">landed</Value>
</Feature>
</Annotation>
<Annotation Id="781" Type="Token" StartNode="1723" EndNode="1730">
<Feature>
  <Name className="java.lang.String">string</Name>
  <Value className="java.lang.String">country</Value>
</Feature>
</Annotation>
</AnnotationSet>
<AnnotationSet Name="Original markups"> </AnnotationSet>
</GateDocument>