<?xml version='1.0' encoding='UTF-8'?>
<GateDocument version="3">
<!-- The document's features-->

<GateDocumentFeatures>
<Feature>
  <Name className="java.lang.String">Original_document_content_on_load</Name>
  <Value className="java.lang.String">Organization: Arizona State University
Date: Sunday, 25 Apr 1993 21:34:00 MST
From: Shooting Club at ASU &lt;GUNDEVIL@ASUACAD.BITNET>
Message-ID: &lt;93115.213400GUNDEVIL@ASUACAD.BITNET>
Lines: 36


    Editorial - A10, Saturday, April 24, 1993

    CRIMESTRIKE HITS TOWN

    With the chilling reality of crime at the hands of urban terrorists
    that were noted above (a high school student and gang article in the
    same column), we welcome into the ranks of those dedicated to re-
    moving criminals from the streets the National Rifle Association's
    new CrimeStrike project, engineered by Arizona's former chief assist-
    ant attorney general Steven J. Twist.

    CrimeStrike is working to reverse the disturbing trend of daily
    crime.  It is promoting solutions that can be applied nationally,
    including tough and honest sentencing of the sort that Arizona is
    applying with its Truth in Sentencing law; funding construction and
    staffing of appropriate prison space; ensuring that the system is
    primed to punish serious youthful offenders; strict attention to the
    rights of victims; and citizen and community involvement.

    Phoenix will be the home for this national organization.

    The Gazette has vigorously opposed many NRA policies on issues of gun
    control, and will be resolute in promoting prudent laws that seek
    reasonable regulation of firearms.

    But CrimeStrike is an appropriate creation, a response to a clear
    need for more robust vigilance in holding legislators and judges ac-
    countable when it comes to swiftly and surely punishing criminals.

    When an organization has an issue, it has an issue, and Crime-
    Strike has it - especially when it is willing to direct its dollars
    to getting criminals off the street.

    We say, welcome to town.

</Value>
</Feature>
<Feature>
  <Name className="java.lang.String">gate.SourceURL</Name>
  <Value className="java.lang.String">file:/C:/Users/jian/Documents/NetBeansProjects/NoiseReductionTechniques/mideastPoliticsMix/negative1177</Value>
</Feature>
</GateDocumentFeatures>
<!-- The document content area with serialized nodes -->

<TextWithNodes><Node id="0"/>Organization<Node id="12"/>:<Node id="13"/> <Node id="14"/>Arizona<Node id="21"/> <Node id="22"/>State<Node id="27"/> <Node id="28"/>University<Node id="38"/>
<Node id="39"/>Date<Node id="43"/>:<Node id="44"/> <Node id="45"/>Sunday<Node id="51"/>,<Node id="52"/> <Node id="53"/>25<Node id="55"/> <Node id="56"/>Apr<Node id="59"/> <Node id="60"/>1993<Node id="64"/> <Node id="65"/>21<Node id="67"/>:<Node id="68"/>34<Node id="70"/>:<Node id="71"/>00<Node id="73"/> <Node id="74"/>MST<Node id="77"/>
<Node id="78"/>From<Node id="82"/>:<Node id="83"/> <Node id="84"/>Shooting<Node id="92"/> <Node id="93"/>Club<Node id="97"/> <Node id="98"/>at<Node id="100"/> <Node id="101"/>ASU<Node id="104"/> <Node id="105"/>&lt;<Node id="106"/>GUNDEVIL<Node id="114"/>@<Node id="115"/>ASUACAD<Node id="122"/>.<Node id="123"/>BITNET<Node id="129"/>&gt;<Node id="130"/>
<Node id="131"/>Message-<Node id="139"/>ID<Node id="141"/>:<Node id="142"/> <Node id="143"/>&lt;<Node id="144"/>93115<Node id="149"/>.<Node id="150"/>213400<Node id="156"/>GUNDEVIL<Node id="164"/>@<Node id="165"/>ASUACAD<Node id="172"/>.<Node id="173"/>BITNET<Node id="179"/>&gt;<Node id="180"/>
<Node id="181"/>Lines<Node id="186"/>:<Node id="187"/> <Node id="188"/>36<Node id="190"/>
<Node id="191"/>
<Node id="192"/>
<Node id="193"/> <Node id="194"/> <Node id="195"/> <Node id="196"/> <Node id="197"/>Editorial<Node id="206"/> <Node id="207"/>-<Node id="208"/> <Node id="209"/>A<Node id="210"/>10<Node id="212"/>,<Node id="213"/> <Node id="214"/>Saturday<Node id="222"/>,<Node id="223"/> <Node id="224"/>April<Node id="229"/> <Node id="230"/>24<Node id="232"/>,<Node id="233"/> <Node id="234"/>1993<Node id="238"/>
<Node id="239"/>
<Node id="240"/> <Node id="241"/> <Node id="242"/> <Node id="243"/> <Node id="244"/>CRIMESTRIKE<Node id="255"/> <Node id="256"/>HITS<Node id="260"/> <Node id="261"/>TOWN<Node id="265"/>
<Node id="266"/>
<Node id="267"/> <Node id="268"/> <Node id="269"/> <Node id="270"/> <Node id="271"/>With<Node id="275"/> <Node id="276"/>the<Node id="279"/> <Node id="280"/>chilling<Node id="288"/> <Node id="289"/>reality<Node id="296"/> <Node id="297"/>of<Node id="299"/> <Node id="300"/>crime<Node id="305"/> <Node id="306"/>at<Node id="308"/> <Node id="309"/>the<Node id="312"/> <Node id="313"/>hands<Node id="318"/> <Node id="319"/>of<Node id="321"/> <Node id="322"/>urban<Node id="327"/> <Node id="328"/>terrorists<Node id="338"/>
<Node id="339"/> <Node id="340"/> <Node id="341"/> <Node id="342"/> <Node id="343"/>that<Node id="347"/> <Node id="348"/>were<Node id="352"/> <Node id="353"/>noted<Node id="358"/> <Node id="359"/>above<Node id="364"/> <Node id="365"/>(<Node id="366"/>a<Node id="367"/> <Node id="368"/>high<Node id="372"/> <Node id="373"/>school<Node id="379"/> <Node id="380"/>student<Node id="387"/> <Node id="388"/>and<Node id="391"/> <Node id="392"/>gang<Node id="396"/> <Node id="397"/>article<Node id="404"/> <Node id="405"/>in<Node id="407"/> <Node id="408"/>the<Node id="411"/>
<Node id="412"/> <Node id="413"/> <Node id="414"/> <Node id="415"/> <Node id="416"/>same<Node id="420"/> <Node id="421"/>column<Node id="427"/>)<Node id="428"/>,<Node id="429"/> <Node id="430"/>we<Node id="432"/> <Node id="433"/>welcome<Node id="440"/> <Node id="441"/>into<Node id="445"/> <Node id="446"/>the<Node id="449"/> <Node id="450"/>ranks<Node id="455"/> <Node id="456"/>of<Node id="458"/> <Node id="459"/>those<Node id="464"/> <Node id="465"/>dedicated<Node id="474"/> <Node id="475"/>to<Node id="477"/> <Node id="478"/>re-<Node id="481"/>
<Node id="482"/> <Node id="483"/> <Node id="484"/> <Node id="485"/> <Node id="486"/>moving<Node id="492"/> <Node id="493"/>criminals<Node id="502"/> <Node id="503"/>from<Node id="507"/> <Node id="508"/>the<Node id="511"/> <Node id="512"/>streets<Node id="519"/> <Node id="520"/>the<Node id="523"/> <Node id="524"/>National<Node id="532"/> <Node id="533"/>Rifle<Node id="538"/> <Node id="539"/>Association<Node id="550"/>'s<Node id="552"/>
<Node id="553"/> <Node id="554"/> <Node id="555"/> <Node id="556"/> <Node id="557"/>new<Node id="560"/> <Node id="561"/>CrimeStrike<Node id="572"/> <Node id="573"/>project<Node id="580"/>,<Node id="581"/> <Node id="582"/>engineered<Node id="592"/> <Node id="593"/>by<Node id="595"/> <Node id="596"/>Arizona<Node id="603"/>'s<Node id="605"/> <Node id="606"/>former<Node id="612"/> <Node id="613"/>chief<Node id="618"/> <Node id="619"/>assist-<Node id="626"/>
<Node id="627"/> <Node id="628"/> <Node id="629"/> <Node id="630"/> <Node id="631"/>ant<Node id="634"/> <Node id="635"/>attorney<Node id="643"/> <Node id="644"/>general<Node id="651"/> <Node id="652"/>Steven<Node id="658"/> <Node id="659"/>J<Node id="660"/>.<Node id="661"/> <Node id="662"/>Twist<Node id="667"/>.<Node id="668"/>
<Node id="669"/>
<Node id="670"/> <Node id="671"/> <Node id="672"/> <Node id="673"/> <Node id="674"/>CrimeStrike<Node id="685"/> <Node id="686"/>is<Node id="688"/> <Node id="689"/>working<Node id="696"/> <Node id="697"/>to<Node id="699"/> <Node id="700"/>reverse<Node id="707"/> <Node id="708"/>the<Node id="711"/> <Node id="712"/>disturbing<Node id="722"/> <Node id="723"/>trend<Node id="728"/> <Node id="729"/>of<Node id="731"/> <Node id="732"/>daily<Node id="737"/>
<Node id="738"/> <Node id="739"/> <Node id="740"/> <Node id="741"/> <Node id="742"/>crime<Node id="747"/>.<Node id="748"/> <Node id="749"/> <Node id="750"/>It<Node id="752"/> <Node id="753"/>is<Node id="755"/> <Node id="756"/>promoting<Node id="765"/> <Node id="766"/>solutions<Node id="775"/> <Node id="776"/>that<Node id="780"/> <Node id="781"/>can<Node id="784"/> <Node id="785"/>be<Node id="787"/> <Node id="788"/>applied<Node id="795"/> <Node id="796"/>nationally<Node id="806"/>,<Node id="807"/>
<Node id="808"/> <Node id="809"/> <Node id="810"/> <Node id="811"/> <Node id="812"/>including<Node id="821"/> <Node id="822"/>tough<Node id="827"/> <Node id="828"/>and<Node id="831"/> <Node id="832"/>honest<Node id="838"/> <Node id="839"/>sentencing<Node id="849"/> <Node id="850"/>of<Node id="852"/> <Node id="853"/>the<Node id="856"/> <Node id="857"/>sort<Node id="861"/> <Node id="862"/>that<Node id="866"/> <Node id="867"/>Arizona<Node id="874"/> <Node id="875"/>is<Node id="877"/>
<Node id="878"/> <Node id="879"/> <Node id="880"/> <Node id="881"/> <Node id="882"/>applying<Node id="890"/> <Node id="891"/>with<Node id="895"/> <Node id="896"/>its<Node id="899"/> <Node id="900"/>Truth<Node id="905"/> <Node id="906"/>in<Node id="908"/> <Node id="909"/>Sentencing<Node id="919"/> <Node id="920"/>law<Node id="923"/>;<Node id="924"/> <Node id="925"/>funding<Node id="932"/> <Node id="933"/>construction<Node id="945"/> <Node id="946"/>and<Node id="949"/>
<Node id="950"/> <Node id="951"/> <Node id="952"/> <Node id="953"/> <Node id="954"/>staffing<Node id="962"/> <Node id="963"/>of<Node id="965"/> <Node id="966"/>appropriate<Node id="977"/> <Node id="978"/>prison<Node id="984"/> <Node id="985"/>space<Node id="990"/>;<Node id="991"/> <Node id="992"/>ensuring<Node id="1000"/> <Node id="1001"/>that<Node id="1005"/> <Node id="1006"/>the<Node id="1009"/> <Node id="1010"/>system<Node id="1016"/> <Node id="1017"/>is<Node id="1019"/>
<Node id="1020"/> <Node id="1021"/> <Node id="1022"/> <Node id="1023"/> <Node id="1024"/>primed<Node id="1030"/> <Node id="1031"/>to<Node id="1033"/> <Node id="1034"/>punish<Node id="1040"/> <Node id="1041"/>serious<Node id="1048"/> <Node id="1049"/>youthful<Node id="1057"/> <Node id="1058"/>offenders<Node id="1067"/>;<Node id="1068"/> <Node id="1069"/>strict<Node id="1075"/> <Node id="1076"/>attention<Node id="1085"/> <Node id="1086"/>to<Node id="1088"/> <Node id="1089"/>the<Node id="1092"/>
<Node id="1093"/> <Node id="1094"/> <Node id="1095"/> <Node id="1096"/> <Node id="1097"/>rights<Node id="1103"/> <Node id="1104"/>of<Node id="1106"/> <Node id="1107"/>victims<Node id="1114"/>;<Node id="1115"/> <Node id="1116"/>and<Node id="1119"/> <Node id="1120"/>citizen<Node id="1127"/> <Node id="1128"/>and<Node id="1131"/> <Node id="1132"/>community<Node id="1141"/> <Node id="1142"/>involvement<Node id="1153"/>.<Node id="1154"/>
<Node id="1155"/>
<Node id="1156"/> <Node id="1157"/> <Node id="1158"/> <Node id="1159"/> <Node id="1160"/>Phoenix<Node id="1167"/> <Node id="1168"/>will<Node id="1172"/> <Node id="1173"/>be<Node id="1175"/> <Node id="1176"/>the<Node id="1179"/> <Node id="1180"/>home<Node id="1184"/> <Node id="1185"/>for<Node id="1188"/> <Node id="1189"/>this<Node id="1193"/> <Node id="1194"/>national<Node id="1202"/> <Node id="1203"/>organization<Node id="1215"/>.<Node id="1216"/>
<Node id="1217"/>
<Node id="1218"/> <Node id="1219"/> <Node id="1220"/> <Node id="1221"/> <Node id="1222"/>The<Node id="1225"/> <Node id="1226"/>Gazette<Node id="1233"/> <Node id="1234"/>has<Node id="1237"/> <Node id="1238"/>vigorously<Node id="1248"/> <Node id="1249"/>opposed<Node id="1256"/> <Node id="1257"/>many<Node id="1261"/> <Node id="1262"/>NRA<Node id="1265"/> <Node id="1266"/>policies<Node id="1274"/> <Node id="1275"/>on<Node id="1277"/> <Node id="1278"/>issues<Node id="1284"/> <Node id="1285"/>of<Node id="1287"/> <Node id="1288"/>gun<Node id="1291"/>
<Node id="1292"/> <Node id="1293"/> <Node id="1294"/> <Node id="1295"/> <Node id="1296"/>control<Node id="1303"/>,<Node id="1304"/> <Node id="1305"/>and<Node id="1308"/> <Node id="1309"/>will<Node id="1313"/> <Node id="1314"/>be<Node id="1316"/> <Node id="1317"/>resolute<Node id="1325"/> <Node id="1326"/>in<Node id="1328"/> <Node id="1329"/>promoting<Node id="1338"/> <Node id="1339"/>prudent<Node id="1346"/> <Node id="1347"/>laws<Node id="1351"/> <Node id="1352"/>that<Node id="1356"/> <Node id="1357"/>seek<Node id="1361"/>
<Node id="1362"/> <Node id="1363"/> <Node id="1364"/> <Node id="1365"/> <Node id="1366"/>reasonable<Node id="1376"/> <Node id="1377"/>regulation<Node id="1387"/> <Node id="1388"/>of<Node id="1390"/> <Node id="1391"/>firearms<Node id="1399"/>.<Node id="1400"/>
<Node id="1401"/>
<Node id="1402"/> <Node id="1403"/> <Node id="1404"/> <Node id="1405"/> <Node id="1406"/>But<Node id="1409"/> <Node id="1410"/>CrimeStrike<Node id="1421"/> <Node id="1422"/>is<Node id="1424"/> <Node id="1425"/>an<Node id="1427"/> <Node id="1428"/>appropriate<Node id="1439"/> <Node id="1440"/>creation<Node id="1448"/>,<Node id="1449"/> <Node id="1450"/>a<Node id="1451"/> <Node id="1452"/>response<Node id="1460"/> <Node id="1461"/>to<Node id="1463"/> <Node id="1464"/>a<Node id="1465"/> <Node id="1466"/>clear<Node id="1471"/>
<Node id="1472"/> <Node id="1473"/> <Node id="1474"/> <Node id="1475"/> <Node id="1476"/>need<Node id="1480"/> <Node id="1481"/>for<Node id="1484"/> <Node id="1485"/>more<Node id="1489"/> <Node id="1490"/>robust<Node id="1496"/> <Node id="1497"/>vigilance<Node id="1506"/> <Node id="1507"/>in<Node id="1509"/> <Node id="1510"/>holding<Node id="1517"/> <Node id="1518"/>legislators<Node id="1529"/> <Node id="1530"/>and<Node id="1533"/> <Node id="1534"/>judges<Node id="1540"/> <Node id="1541"/>ac-<Node id="1544"/>
<Node id="1545"/> <Node id="1546"/> <Node id="1547"/> <Node id="1548"/> <Node id="1549"/>countable<Node id="1558"/> <Node id="1559"/>when<Node id="1563"/> <Node id="1564"/>it<Node id="1566"/> <Node id="1567"/>comes<Node id="1572"/> <Node id="1573"/>to<Node id="1575"/> <Node id="1576"/>swiftly<Node id="1583"/> <Node id="1584"/>and<Node id="1587"/> <Node id="1588"/>surely<Node id="1594"/> <Node id="1595"/>punishing<Node id="1604"/> <Node id="1605"/>criminals<Node id="1614"/>.<Node id="1615"/>
<Node id="1616"/>
<Node id="1617"/> <Node id="1618"/> <Node id="1619"/> <Node id="1620"/> <Node id="1621"/>When<Node id="1625"/> <Node id="1626"/>an<Node id="1628"/> <Node id="1629"/>organization<Node id="1641"/> <Node id="1642"/>has<Node id="1645"/> <Node id="1646"/>an<Node id="1648"/> <Node id="1649"/>issue<Node id="1654"/>,<Node id="1655"/> <Node id="1656"/>it<Node id="1658"/> <Node id="1659"/>has<Node id="1662"/> <Node id="1663"/>an<Node id="1665"/> <Node id="1666"/>issue<Node id="1671"/>,<Node id="1672"/> <Node id="1673"/>and<Node id="1676"/> <Node id="1677"/>Crime-<Node id="1683"/>
<Node id="1684"/> <Node id="1685"/> <Node id="1686"/> <Node id="1687"/> <Node id="1688"/>Strike<Node id="1694"/> <Node id="1695"/>has<Node id="1698"/> <Node id="1699"/>it<Node id="1701"/> <Node id="1702"/>-<Node id="1703"/> <Node id="1704"/>especially<Node id="1714"/> <Node id="1715"/>when<Node id="1719"/> <Node id="1720"/>it<Node id="1722"/> <Node id="1723"/>is<Node id="1725"/> <Node id="1726"/>willing<Node id="1733"/> <Node id="1734"/>to<Node id="1736"/> <Node id="1737"/>direct<Node id="1743"/> <Node id="1744"/>its<Node id="1747"/> <Node id="1748"/>dollars<Node id="1755"/>
<Node id="1756"/> <Node id="1757"/> <Node id="1758"/> <Node id="1759"/> <Node id="1760"/>to<Node id="1762"/> <Node id="1763"/>getting<Node id="1770"/> <Node id="1771"/>criminals<Node id="1780"/> <Node id="1781"/>off<Node id="1784"/> <Node id="1785"/>the<Node id="1788"/> <Node id="1789"/>street<Node id="1795"/>.<Node id="1796"/>
<Node id="1797"/>
<Node id="1798"/> <Node id="1799"/> <Node id="1800"/> <Node id="1801"/> <Node id="1802"/>We<Node id="1804"/> <Node id="1805"/>say<Node id="1808"/>,<Node id="1809"/> <Node id="1810"/>welcome<Node id="1817"/> <Node id="1818"/>to<Node id="1820"/> <Node id="1821"/>town<Node id="1825"/>.<Node id="1826"/>
<Node id="1827"/>
<Node id="1828"/></TextWithNodes>
<!-- The default annotation set -->

<AnnotationSet>
<Annotation EndNode="1828" StartNode="0" Type="Mention" Id="9999999">
<Feature>
<Name classname="java.lang.String">Class</Name>
<Value classname="java.lang.String">0</Value>
</Feature>
</Annotation>

<Annotation Id="0" Type="Token" StartNode="0" EndNode="12">
<Feature>
  <Name className="java.lang.String">string</Name>
  <Value className="java.lang.String">Organization</Value>
</Feature>
</Annotation>
<Annotation Id="3" Type="Token" StartNode="14" EndNode="21">
<Feature>
  <Name className="java.lang.String">string</Name>
  <Value className="java.lang.String">Arizona</Value>
</Feature>
</Annotation>
<Annotation Id="7" Type="Token" StartNode="28" EndNode="38">
<Feature>
  <Name className="java.lang.String">string</Name>
  <Value className="java.lang.String">University</Value>
</Feature>
</Annotation>
<Annotation Id="12" Type="Token" StartNode="45" EndNode="51">
<Feature>
  <Name className="java.lang.String">string</Name>
  <Value className="java.lang.String">Sunday</Value>
</Feature>
</Annotation>
<Annotation Id="32" Type="Token" StartNode="84" EndNode="92">
<Feature>
  <Name className="java.lang.String">string</Name>
  <Value className="java.lang.String">Shooting</Value>
</Feature>
</Annotation>
<Annotation Id="43" Type="Token" StartNode="115" EndNode="122">
<Feature>
  <Name className="java.lang.String">string</Name>
  <Value className="java.lang.String">ASUACAD</Value>
</Feature>
</Annotation>
<Annotation Id="41" Type="Token" StartNode="106" EndNode="114">
<Feature>
  <Name className="java.lang.String">string</Name>
  <Value className="java.lang.String">GUNDEVIL</Value>
</Feature>
</Annotation>
<Annotation Id="45" Type="Token" StartNode="123" EndNode="129">
<Feature>
  <Name className="java.lang.String">string</Name>
  <Value className="java.lang.String">BITNET</Value>
</Feature>
</Annotation>
<Annotation Id="48" Type="Token" StartNode="131" EndNode="139">
<Feature>
  <Name className="java.lang.String">string</Name>
  <Value className="java.lang.String">Message-</Value>
</Feature>
</Annotation>
<Annotation Id="55" Type="Token" StartNode="150" EndNode="156">
</Annotation>
<Annotation Id="58" Type="Token" StartNode="165" EndNode="172">
<Feature>
  <Name className="java.lang.String">string</Name>
  <Value className="java.lang.String">ASUACAD</Value>
</Feature>
</Annotation>
<Annotation Id="56" Type="Token" StartNode="156" EndNode="164">
<Feature>
  <Name className="java.lang.String">string</Name>
  <Value className="java.lang.String">GUNDEVIL</Value>
</Feature>
</Annotation>
<Annotation Id="60" Type="Token" StartNode="173" EndNode="179">
<Feature>
  <Name className="java.lang.String">string</Name>
  <Value className="java.lang.String">BITNET</Value>
</Feature>
</Annotation>
<Annotation Id="74" Type="Token" StartNode="197" EndNode="206">
<Feature>
  <Name className="java.lang.String">string</Name>
  <Value className="java.lang.String">Editorial</Value>
</Feature>
</Annotation>
<Annotation Id="82" Type="Token" StartNode="214" EndNode="222">
<Feature>
  <Name className="java.lang.String">string</Name>
  <Value className="java.lang.String">Saturday</Value>
</Feature>
</Annotation>
<Annotation Id="97" Type="Token" StartNode="244" EndNode="255">
<Feature>
  <Name className="java.lang.String">string</Name>
  <Value className="java.lang.String">CRIMESTRIKE</Value>
</Feature>
</Annotation>
<Annotation Id="114" Type="Token" StartNode="289" EndNode="296">
<Feature>
  <Name className="java.lang.String">string</Name>
  <Value className="java.lang.String">reality</Value>
</Feature>
</Annotation>
<Annotation Id="112" Type="Token" StartNode="280" EndNode="288">
<Feature>
  <Name className="java.lang.String">string</Name>
  <Value className="java.lang.String">chilling</Value>
</Feature>
</Annotation>
<Annotation Id="130" Type="Token" StartNode="328" EndNode="338">
<Feature>
  <Name className="java.lang.String">string</Name>
  <Value className="java.lang.String">terrorists</Value>
</Feature>
</Annotation>
<Annotation Id="157" Type="Token" StartNode="397" EndNode="404">
<Feature>
  <Name className="java.lang.String">string</Name>
  <Value className="java.lang.String">article</Value>
</Feature>
</Annotation>
<Annotation Id="149" Type="Token" StartNode="373" EndNode="379">
<Feature>
  <Name className="java.lang.String">string</Name>
  <Value className="java.lang.String">school</Value>
</Feature>
</Annotation>
<Annotation Id="151" Type="Token" StartNode="380" EndNode="387">
<Feature>
  <Name className="java.lang.String">string</Name>
  <Value className="java.lang.String">student</Value>
</Feature>
</Annotation>
<Annotation Id="169" Type="Token" StartNode="421" EndNode="427">
<Feature>
  <Name className="java.lang.String">string</Name>
  <Value className="java.lang.String">column</Value>
</Feature>
</Annotation>
<Annotation Id="175" Type="Token" StartNode="433" EndNode="440">
<Feature>
  <Name className="java.lang.String">string</Name>
  <Value className="java.lang.String">welcome</Value>
</Feature>
</Annotation>
<Annotation Id="187" Type="Token" StartNode="465" EndNode="474">
<Feature>
  <Name className="java.lang.String">string</Name>
  <Value className="java.lang.String">dedicated</Value>
</Feature>
</Annotation>
<Annotation Id="205" Type="Token" StartNode="512" EndNode="519">
<Feature>
  <Name className="java.lang.String">string</Name>
  <Value className="java.lang.String">streets</Value>
</Feature>
</Annotation>
<Annotation Id="197" Type="Token" StartNode="486" EndNode="492">
<Feature>
  <Name className="java.lang.String">string</Name>
  <Value className="java.lang.String">moving</Value>
</Feature>
</Annotation>
<Annotation Id="199" Type="Token" StartNode="493" EndNode="502">
<Feature>
  <Name className="java.lang.String">string</Name>
  <Value className="java.lang.String">criminals</Value>
</Feature>
</Annotation>
<Annotation Id="223" Type="Token" StartNode="561" EndNode="572">
<Feature>
  <Name className="java.lang.String">string</Name>
  <Value className="java.lang.String">CrimeStrike</Value>
</Feature>
</Annotation>
<Annotation Id="213" Type="Token" StartNode="539" EndNode="550">
<Feature>
  <Name className="java.lang.String">string</Name>
  <Value className="java.lang.String">Association</Value>
</Feature>
</Annotation>
<Annotation Id="209" Type="Token" StartNode="524" EndNode="532">
<Feature>
  <Name className="java.lang.String">string</Name>
  <Value className="java.lang.String">National</Value>
</Feature>
</Annotation>
<Annotation Id="236" Type="Token" StartNode="606" EndNode="612">
<Feature>
  <Name className="java.lang.String">string</Name>
  <Value className="java.lang.String">former</Value>
</Feature>
</Annotation>
<Annotation Id="232" Type="Token" StartNode="596" EndNode="603">
<Feature>
  <Name className="java.lang.String">string</Name>
  <Value className="java.lang.String">Arizona</Value>
</Feature>
</Annotation>
<Annotation Id="228" Type="Token" StartNode="582" EndNode="592">
<Feature>
  <Name className="java.lang.String">string</Name>
  <Value className="java.lang.String">engineered</Value>
</Feature>
</Annotation>
<Annotation Id="225" Type="Token" StartNode="573" EndNode="580">
<Feature>
  <Name className="java.lang.String">string</Name>
  <Value className="java.lang.String">project</Value>
</Feature>
</Annotation>
<Annotation Id="252" Type="Token" StartNode="652" EndNode="658">
<Feature>
  <Name className="java.lang.String">string</Name>
  <Value className="java.lang.String">Steven</Value>
</Feature>
</Annotation>
<Annotation Id="250" Type="Token" StartNode="644" EndNode="651">
<Feature>
  <Name className="java.lang.String">string</Name>
  <Value className="java.lang.String">general</Value>
</Feature>
</Annotation>
<Annotation Id="248" Type="Token" StartNode="635" EndNode="643">
<Feature>
  <Name className="java.lang.String">string</Name>
  <Value className="java.lang.String">attorney</Value>
</Feature>
</Annotation>
<Annotation Id="240" Type="Token" StartNode="619" EndNode="626">
<Feature>
  <Name className="java.lang.String">string</Name>
  <Value className="java.lang.String">assist-</Value>
</Feature>
</Annotation>
<Annotation Id="273" Type="Token" StartNode="700" EndNode="707">
<Feature>
  <Name className="java.lang.String">string</Name>
  <Value className="java.lang.String">reverse</Value>
</Feature>
</Annotation>
<Annotation Id="277" Type="Token" StartNode="712" EndNode="722">
<Feature>
  <Name className="java.lang.String">string</Name>
  <Value className="java.lang.String">disturbing</Value>
</Feature>
</Annotation>
<Annotation Id="265" Type="Token" StartNode="674" EndNode="685">
<Feature>
  <Name className="java.lang.String">string</Name>
  <Value className="java.lang.String">CrimeStrike</Value>
</Feature>
</Annotation>
<Annotation Id="269" Type="Token" StartNode="689" EndNode="696">
<Feature>
  <Name className="java.lang.String">string</Name>
  <Value className="java.lang.String">working</Value>
</Feature>
</Annotation>
<Annotation Id="307" Type="Token" StartNode="788" EndNode="795">
<Feature>
  <Name className="java.lang.String">string</Name>
  <Value className="java.lang.String">applied</Value>
</Feature>
</Annotation>
<Annotation Id="309" Type="Token" StartNode="796" EndNode="806">
<Feature>
  <Name className="java.lang.String">string</Name>
  <Value className="java.lang.String">nationally</Value>
</Feature>
</Annotation>
<Annotation Id="316" Type="Token" StartNode="812" EndNode="821">
<Feature>
  <Name className="java.lang.String">string</Name>
  <Value className="java.lang.String">including</Value>
</Feature>
</Annotation>
<Annotation Id="297" Type="Token" StartNode="756" EndNode="765">
<Feature>
  <Name className="java.lang.String">string</Name>
  <Value className="java.lang.String">promoting</Value>
</Feature>
</Annotation>
<Annotation Id="299" Type="Token" StartNode="766" EndNode="775">
<Feature>
  <Name className="java.lang.String">string</Name>
  <Value className="java.lang.String">solutions</Value>
</Feature>
</Annotation>
<Annotation Id="342" Type="Token" StartNode="882" EndNode="890">
<Feature>
  <Name className="java.lang.String">string</Name>
  <Value className="java.lang.String">applying</Value>
</Feature>
</Annotation>
<Annotation Id="324" Type="Token" StartNode="839" EndNode="849">
<Feature>
  <Name className="java.lang.String">string</Name>
  <Value className="java.lang.String">sentencing</Value>
</Feature>
</Annotation>
<Annotation Id="322" Type="Token" StartNode="832" EndNode="838">
<Feature>
  <Name className="java.lang.String">string</Name>
  <Value className="java.lang.String">honest</Value>
</Feature>
</Annotation>
<Annotation Id="334" Type="Token" StartNode="867" EndNode="874">
<Feature>
  <Name className="java.lang.String">string</Name>
  <Value className="java.lang.String">Arizona</Value>
</Feature>
</Annotation>
<Annotation Id="373" Type="Token" StartNode="978" EndNode="984">
<Feature>
  <Name className="java.lang.String">string</Name>
  <Value className="java.lang.String">prison</Value>
</Feature>
</Annotation>
<Annotation Id="371" Type="Token" StartNode="966" EndNode="977">
<Feature>
  <Name className="java.lang.String">string</Name>
  <Value className="java.lang.String">appropriate</Value>
</Feature>
</Annotation>
<Annotation Id="378" Type="Token" StartNode="992" EndNode="1000">
<Feature>
  <Name className="java.lang.String">string</Name>
  <Value className="java.lang.String">ensuring</Value>
</Feature>
</Annotation>
<Annotation Id="357" Type="Token" StartNode="925" EndNode="932">
<Feature>
  <Name className="java.lang.String">string</Name>
  <Value className="java.lang.String">funding</Value>
</Feature>
</Annotation>
<Annotation Id="359" Type="Token" StartNode="933" EndNode="945">
<Feature>
  <Name className="java.lang.String">string</Name>
  <Value className="java.lang.String">construction</Value>
</Feature>
</Annotation>
<Annotation Id="352" Type="Token" StartNode="909" EndNode="919">
<Feature>
  <Name className="java.lang.String">string</Name>
  <Value className="java.lang.String">Sentencing</Value>
</Feature>
</Annotation>
<Annotation Id="367" Type="Token" StartNode="954" EndNode="962">
<Feature>
  <Name className="java.lang.String">string</Name>
  <Value className="java.lang.String">staffing</Value>
</Feature>
</Annotation>
<Annotation Id="402" Type="Token" StartNode="1058" EndNode="1067">
<Feature>
  <Name className="java.lang.String">string</Name>
  <Value className="java.lang.String">offenders</Value>
</Feature>
</Annotation>
<Annotation Id="400" Type="Token" StartNode="1049" EndNode="1057">
<Feature>
  <Name className="java.lang.String">string</Name>
  <Value className="java.lang.String">youthful</Value>
</Feature>
</Annotation>
<Annotation Id="407" Type="Token" StartNode="1076" EndNode="1085">
<Feature>
  <Name className="java.lang.String">string</Name>
  <Value className="java.lang.String">attention</Value>
</Feature>
</Annotation>
<Annotation Id="405" Type="Token" StartNode="1069" EndNode="1075">
<Feature>
  <Name className="java.lang.String">string</Name>
  <Value className="java.lang.String">strict</Value>
</Feature>
</Annotation>
<Annotation Id="392" Type="Token" StartNode="1024" EndNode="1030">
<Feature>
  <Name className="java.lang.String">string</Name>
  <Value className="java.lang.String">primed</Value>
</Feature>
</Annotation>
<Annotation Id="398" Type="Token" StartNode="1041" EndNode="1048">
<Feature>
  <Name className="java.lang.String">string</Name>
  <Value className="java.lang.String">serious</Value>
</Feature>
</Annotation>
<Annotation Id="396" Type="Token" StartNode="1034" EndNode="1040">
<Feature>
  <Name className="java.lang.String">string</Name>
  <Value className="java.lang.String">punish</Value>
</Feature>
</Annotation>
<Annotation Id="384" Type="Token" StartNode="1010" EndNode="1016">
<Feature>
  <Name className="java.lang.String">string</Name>
  <Value className="java.lang.String">system</Value>
</Feature>
</Annotation>
<Annotation Id="440" Type="Token" StartNode="1160" EndNode="1167">
<Feature>
  <Name className="java.lang.String">string</Name>
  <Value className="java.lang.String">Phoenix</Value>
</Feature>
</Annotation>
<Annotation Id="432" Type="Token" StartNode="1142" EndNode="1153">
<Feature>
  <Name className="java.lang.String">string</Name>
  <Value className="java.lang.String">involvement</Value>
</Feature>
</Annotation>
<Annotation Id="426" Type="Token" StartNode="1120" EndNode="1127">
<Feature>
  <Name className="java.lang.String">string</Name>
  <Value className="java.lang.String">citizen</Value>
</Feature>
</Annotation>
<Annotation Id="430" Type="Token" StartNode="1132" EndNode="1141">
<Feature>
  <Name className="java.lang.String">string</Name>
  <Value className="java.lang.String">community</Value>
</Feature>
</Annotation>
<Annotation Id="417" Type="Token" StartNode="1097" EndNode="1103">
<Feature>
  <Name className="java.lang.String">string</Name>
  <Value className="java.lang.String">rights</Value>
</Feature>
</Annotation>
<Annotation Id="421" Type="Token" StartNode="1107" EndNode="1114">
<Feature>
  <Name className="java.lang.String">string</Name>
  <Value className="java.lang.String">victims</Value>
</Feature>
</Annotation>
<Annotation Id="478" Type="Token" StartNode="1266" EndNode="1274">
<Feature>
  <Name className="java.lang.String">string</Name>
  <Value className="java.lang.String">policies</Value>
</Feature>
</Annotation>
<Annotation Id="472" Type="Token" StartNode="1249" EndNode="1256">
<Feature>
  <Name className="java.lang.String">string</Name>
  <Value className="java.lang.String">opposed</Value>
</Feature>
</Annotation>
<Annotation Id="470" Type="Token" StartNode="1238" EndNode="1248">
<Feature>
  <Name className="java.lang.String">string</Name>
  <Value className="java.lang.String">vigorously</Value>
</Feature>
</Annotation>
<Annotation Id="466" Type="Token" StartNode="1226" EndNode="1233">
<Feature>
  <Name className="java.lang.String">string</Name>
  <Value className="java.lang.String">Gazette</Value>
</Feature>
</Annotation>
<Annotation Id="456" Type="Token" StartNode="1203" EndNode="1215">
<Feature>
  <Name className="java.lang.String">string</Name>
  <Value className="java.lang.String">organization</Value>
</Feature>
</Annotation>
<Annotation Id="454" Type="Token" StartNode="1194" EndNode="1202">
<Feature>
  <Name className="java.lang.String">string</Name>
  <Value className="java.lang.String">national</Value>
</Feature>
</Annotation>
<Annotation Id="505" Type="Token" StartNode="1329" EndNode="1338">
<Feature>
  <Name className="java.lang.String">string</Name>
  <Value className="java.lang.String">promoting</Value>
</Feature>
</Annotation>
<Annotation Id="507" Type="Token" StartNode="1339" EndNode="1346">
<Feature>
  <Name className="java.lang.String">string</Name>
  <Value className="java.lang.String">prudent</Value>
</Feature>
</Annotation>
<Annotation Id="501" Type="Token" StartNode="1317" EndNode="1325">
<Feature>
  <Name className="java.lang.String">string</Name>
  <Value className="java.lang.String">resolute</Value>
</Feature>
</Annotation>
<Annotation Id="492" Type="Token" StartNode="1296" EndNode="1303">
<Feature>
  <Name className="java.lang.String">string</Name>
  <Value className="java.lang.String">control</Value>
</Feature>
</Annotation>
<Annotation Id="482" Type="Token" StartNode="1278" EndNode="1284">
<Feature>
  <Name className="java.lang.String">string</Name>
  <Value className="java.lang.String">issues</Value>
</Feature>
</Annotation>
<Annotation Id="548" Type="Token" StartNode="1452" EndNode="1460">
<Feature>
  <Name className="java.lang.String">string</Name>
  <Value className="java.lang.String">response</Value>
</Feature>
</Annotation>
<Annotation Id="566" Type="Token" StartNode="1490" EndNode="1496">
<Feature>
  <Name className="java.lang.String">string</Name>
  <Value className="java.lang.String">robust</Value>
</Feature>
</Annotation>
<Annotation Id="574" Type="Token" StartNode="1518" EndNode="1529">
<Feature>
  <Name className="java.lang.String">string</Name>
  <Value className="java.lang.String">legislators</Value>
</Feature>
</Annotation>
<Annotation Id="572" Type="Token" StartNode="1510" EndNode="1517">
<Feature>
  <Name className="java.lang.String">string</Name>
  <Value className="java.lang.String">holding</Value>
</Feature>
</Annotation>
<Annotation Id="568" Type="Token" StartNode="1497" EndNode="1506">
<Feature>
  <Name className="java.lang.String">string</Name>
  <Value className="java.lang.String">vigilance</Value>
</Feature>
</Annotation>
<Annotation Id="519" Type="Token" StartNode="1366" EndNode="1376">
<Feature>
  <Name className="java.lang.String">string</Name>
  <Value className="java.lang.String">reasonable</Value>
</Feature>
</Annotation>
<Annotation Id="525" Type="Token" StartNode="1391" EndNode="1399">
<Feature>
  <Name className="java.lang.String">string</Name>
  <Value className="java.lang.String">firearms</Value>
</Feature>
</Annotation>
<Annotation Id="521" Type="Token" StartNode="1377" EndNode="1387">
<Feature>
  <Name className="java.lang.String">string</Name>
  <Value className="java.lang.String">regulation</Value>
</Feature>
</Annotation>
<Annotation Id="535" Type="Token" StartNode="1410" EndNode="1421">
<Feature>
  <Name className="java.lang.String">string</Name>
  <Value className="java.lang.String">CrimeStrike</Value>
</Feature>
</Annotation>
<Annotation Id="541" Type="Token" StartNode="1428" EndNode="1439">
<Feature>
  <Name className="java.lang.String">string</Name>
  <Value className="java.lang.String">appropriate</Value>
</Feature>
</Annotation>
<Annotation Id="543" Type="Token" StartNode="1440" EndNode="1448">
<Feature>
  <Name className="java.lang.String">string</Name>
  <Value className="java.lang.String">creation</Value>
</Feature>
</Annotation>
<Annotation Id="616" Type="Token" StartNode="1629" EndNode="1641">
<Feature>
  <Name className="java.lang.String">string</Name>
  <Value className="java.lang.String">organization</Value>
</Feature>
</Annotation>
<Annotation Id="636" Type="Token" StartNode="1677" EndNode="1683">
<Feature>
  <Name className="java.lang.String">string</Name>
  <Value className="java.lang.String">Crime-</Value>
</Feature>
</Annotation>
<Annotation Id="578" Type="Token" StartNode="1534" EndNode="1540">
<Feature>
  <Name className="java.lang.String">string</Name>
  <Value className="java.lang.String">judges</Value>
</Feature>
</Annotation>
<Annotation Id="586" Type="Token" StartNode="1549" EndNode="1558">
<Feature>
  <Name className="java.lang.String">string</Name>
  <Value className="java.lang.String">countable</Value>
</Feature>
</Annotation>
<Annotation Id="596" Type="Token" StartNode="1576" EndNode="1583">
<Feature>
  <Name className="java.lang.String">string</Name>
  <Value className="java.lang.String">swiftly</Value>
</Feature>
</Annotation>
<Annotation Id="600" Type="Token" StartNode="1588" EndNode="1594">
<Feature>
  <Name className="java.lang.String">string</Name>
  <Value className="java.lang.String">surely</Value>
</Feature>
</Annotation>
<Annotation Id="602" Type="Token" StartNode="1595" EndNode="1604">
<Feature>
  <Name className="java.lang.String">string</Name>
  <Value className="java.lang.String">punishing</Value>
</Feature>
</Annotation>
<Annotation Id="604" Type="Token" StartNode="1605" EndNode="1614">
<Feature>
  <Name className="java.lang.String">string</Name>
  <Value className="java.lang.String">criminals</Value>
</Feature>
</Annotation>
<Annotation Id="682" Type="Token" StartNode="1789" EndNode="1795">
<Feature>
  <Name className="java.lang.String">string</Name>
  <Value className="java.lang.String">street</Value>
</Feature>
</Annotation>
<Annotation Id="676" Type="Token" StartNode="1771" EndNode="1780">
<Feature>
  <Name className="java.lang.String">string</Name>
  <Value className="java.lang.String">criminals</Value>
</Feature>
</Annotation>
<Annotation Id="674" Type="Token" StartNode="1763" EndNode="1770">
<Feature>
  <Name className="java.lang.String">string</Name>
  <Value className="java.lang.String">getting</Value>
</Feature>
</Annotation>
<Annotation Id="695" Type="Token" StartNode="1810" EndNode="1817">
<Feature>
  <Name className="java.lang.String">string</Name>
  <Value className="java.lang.String">welcome</Value>
</Feature>
</Annotation>
<Annotation Id="650" Type="Token" StartNode="1704" EndNode="1714">
<Feature>
  <Name className="java.lang.String">string</Name>
  <Value className="java.lang.String">especially</Value>
</Feature>
</Annotation>
<Annotation Id="642" Type="Token" StartNode="1688" EndNode="1694">
<Feature>
  <Name className="java.lang.String">string</Name>
  <Value className="java.lang.String">Strike</Value>
</Feature>
</Annotation>
<Annotation Id="666" Type="Token" StartNode="1748" EndNode="1755">
<Feature>
  <Name className="java.lang.String">string</Name>
  <Value className="java.lang.String">dollars</Value>
</Feature>
</Annotation>
<Annotation Id="662" Type="Token" StartNode="1737" EndNode="1743">
<Feature>
  <Name className="java.lang.String">string</Name>
  <Value className="java.lang.String">direct</Value>
</Feature>
</Annotation>
<Annotation Id="658" Type="Token" StartNode="1726" EndNode="1733">
<Feature>
  <Name className="java.lang.String">string</Name>
  <Value className="java.lang.String">willing</Value>
</Feature>
</Annotation>
</AnnotationSet>
<AnnotationSet Name="Original markups"> </AnnotationSet>
</GateDocument>