<?xml version='1.0' encoding='UTF-8'?>
<GateDocument version="3">
<!-- The document's features-->

<GateDocumentFeatures>
<Feature>
  <Name className="java.lang.String">Original_document_content_on_load</Name>
  <Value className="java.lang.String"><![CDATA[From: eeb1@quads.uchicago.edu (E. Elizabeth Bartley)
Message-ID: <1993Apr24.214843.10940@midway.uchicago.edu>
Sender: news@uchinews.uchicago.edu (News System)
Reply-To: eeb1@midway.uchicago.edu
Organization: University of Chicago
References: <1993Apr21.182127.23528@advtech.uswest.com> <1993Apr24.002509.4017@midway.uchicago.edu> <1rbh3n$hav@kyle.eitech.com>
Date: Sat, 24 Apr 1993 21:48:43 GMT
Lines: 33

In article <1rbh3n$hav@kyle.eitech.com>
ekr@kyle.eitech.com (Eric Rescorla) writes:
>In article <1993Apr24.002509.4017@midway.uchicago.edu>
>eeb1@midway.uchicago.edu writes:

>>A "moment of silence" doesn't mean much unless *everyone*
>>participates.  Otherwise it's not silent, now is it?

>>Non-religious reasons for having a "moment of silence" for a dead
>>classmate: (1) to comfort the friends by showing respect to the
>>deceased , (2) to give the classmates a moment to grieve together, (3)
>>to give the friends a moment to remember their classmate *in the
>>context of the school*, (4) to deal with the fact that the classmate
>>is gone so that it's not disruptive later.

>Yeah, all well and good. The fact is, though, that the pro-school
>prayer types have tried to use a moment of silence as a way
>to get prayer back. At my high school for instance, our dear
>principal ended the moment of silence with "Amen."

I can certainly see opposing the "Amen" -- but that doesn't require 
opposing a moment of silence.

>I'll back off when they do.

Does anybody else besides me see a vicious circle here?  I guarantee
you the people who want school prayer aren't going to back off when
they can't even manage to get a quiet moment for their kids to pray
silently.

-- 
Pro-Choice                 Anti-Roe                     - E. Elizabeth Bartley
            Abortions should be safe, legal, early, and rare.
]]></Value>
</Feature>
<Feature>
  <Name className="java.lang.String">gate.SourceURL</Name>
  <Value className="java.lang.String">file:/C:/Users/jian/Documents/NetBeansProjects/NoiseReductionTechniques/mideastPoliticsMix/negative204</Value>
</Feature>
</GateDocumentFeatures>
<!-- The document content area with serialized nodes -->

<TextWithNodes><Node id="0"/>From<Node id="4"/>:<Node id="5"/> <Node id="6"/>eeb<Node id="9"/>1<Node id="10"/>@<Node id="11"/>quads<Node id="16"/>.<Node id="17"/>uchicago<Node id="25"/>.<Node id="26"/>edu<Node id="29"/> <Node id="30"/>(<Node id="31"/>E<Node id="32"/>.<Node id="33"/> <Node id="34"/>Elizabeth<Node id="43"/> <Node id="44"/>Bartley<Node id="51"/>)<Node id="52"/>
<Node id="53"/>Message-<Node id="61"/>ID<Node id="63"/>:<Node id="64"/> <Node id="65"/>&lt;<Node id="66"/>1993<Node id="70"/>Apr<Node id="73"/>24<Node id="75"/>.<Node id="76"/>214843<Node id="82"/>.<Node id="83"/>10940<Node id="88"/>@<Node id="89"/>midway<Node id="95"/>.<Node id="96"/>uchicago<Node id="104"/>.<Node id="105"/>edu<Node id="108"/>&gt;<Node id="109"/>
<Node id="110"/>Sender<Node id="116"/>:<Node id="117"/> <Node id="118"/>news<Node id="122"/>@<Node id="123"/>uchinews<Node id="131"/>.<Node id="132"/>uchicago<Node id="140"/>.<Node id="141"/>edu<Node id="144"/> <Node id="145"/>(<Node id="146"/>News<Node id="150"/> <Node id="151"/>System<Node id="157"/>)<Node id="158"/>
<Node id="159"/>Reply-<Node id="165"/>To<Node id="167"/>:<Node id="168"/> <Node id="169"/>eeb<Node id="172"/>1<Node id="173"/>@<Node id="174"/>midway<Node id="180"/>.<Node id="181"/>uchicago<Node id="189"/>.<Node id="190"/>edu<Node id="193"/>
<Node id="194"/>Organization<Node id="206"/>:<Node id="207"/> <Node id="208"/>University<Node id="218"/> <Node id="219"/>of<Node id="221"/> <Node id="222"/>Chicago<Node id="229"/>
<Node id="230"/>References<Node id="240"/>:<Node id="241"/> <Node id="242"/>&lt;<Node id="243"/>1993<Node id="247"/>Apr<Node id="250"/>21<Node id="252"/>.<Node id="253"/>182127<Node id="259"/>.<Node id="260"/>23528<Node id="265"/>@<Node id="266"/>advtech<Node id="273"/>.<Node id="274"/>uswest<Node id="280"/>.<Node id="281"/>com<Node id="284"/>&gt;<Node id="285"/> <Node id="286"/>&lt;<Node id="287"/>1993<Node id="291"/>Apr<Node id="294"/>24<Node id="296"/>.<Node id="297"/>002509<Node id="303"/>.<Node id="304"/>4017<Node id="308"/>@<Node id="309"/>midway<Node id="315"/>.<Node id="316"/>uchicago<Node id="324"/>.<Node id="325"/>edu<Node id="328"/>&gt;<Node id="329"/> <Node id="330"/>&lt;<Node id="331"/>1<Node id="332"/>rbh<Node id="335"/>3<Node id="336"/>n<Node id="337"/>$<Node id="338"/>hav<Node id="341"/>@<Node id="342"/>kyle<Node id="346"/>.<Node id="347"/>eitech<Node id="353"/>.<Node id="354"/>com<Node id="357"/>&gt;<Node id="358"/>
<Node id="359"/>Date<Node id="363"/>:<Node id="364"/> <Node id="365"/>Sat<Node id="368"/>,<Node id="369"/> <Node id="370"/>24<Node id="372"/> <Node id="373"/>Apr<Node id="376"/> <Node id="377"/>1993<Node id="381"/> <Node id="382"/>21<Node id="384"/>:<Node id="385"/>48<Node id="387"/>:<Node id="388"/>43<Node id="390"/> <Node id="391"/>GMT<Node id="394"/>
<Node id="395"/>Lines<Node id="400"/>:<Node id="401"/> <Node id="402"/>33<Node id="404"/>
<Node id="405"/>
<Node id="406"/>In<Node id="408"/> <Node id="409"/>article<Node id="416"/> <Node id="417"/>&lt;<Node id="418"/>1<Node id="419"/>rbh<Node id="422"/>3<Node id="423"/>n<Node id="424"/>$<Node id="425"/>hav<Node id="428"/>@<Node id="429"/>kyle<Node id="433"/>.<Node id="434"/>eitech<Node id="440"/>.<Node id="441"/>com<Node id="444"/>&gt;<Node id="445"/>
<Node id="446"/>ekr<Node id="449"/>@<Node id="450"/>kyle<Node id="454"/>.<Node id="455"/>eitech<Node id="461"/>.<Node id="462"/>com<Node id="465"/> <Node id="466"/>(<Node id="467"/>Eric<Node id="471"/> <Node id="472"/>Rescorla<Node id="480"/>)<Node id="481"/> <Node id="482"/>writes<Node id="488"/>:<Node id="489"/>
<Node id="490"/>&gt;<Node id="491"/>In<Node id="493"/> <Node id="494"/>article<Node id="501"/> <Node id="502"/>&lt;<Node id="503"/>1993<Node id="507"/>Apr<Node id="510"/>24<Node id="512"/>.<Node id="513"/>002509<Node id="519"/>.<Node id="520"/>4017<Node id="524"/>@<Node id="525"/>midway<Node id="531"/>.<Node id="532"/>uchicago<Node id="540"/>.<Node id="541"/>edu<Node id="544"/>&gt;<Node id="545"/>
<Node id="546"/>&gt;<Node id="547"/>eeb<Node id="550"/>1<Node id="551"/>@<Node id="552"/>midway<Node id="558"/>.<Node id="559"/>uchicago<Node id="567"/>.<Node id="568"/>edu<Node id="571"/> <Node id="572"/>writes<Node id="578"/>:<Node id="579"/>
<Node id="580"/>
<Node id="581"/>&gt;<Node id="582"/>&gt;<Node id="583"/>A<Node id="584"/> <Node id="585"/>"<Node id="586"/>moment<Node id="592"/> <Node id="593"/>of<Node id="595"/> <Node id="596"/>silence<Node id="603"/>"<Node id="604"/> <Node id="605"/>does<Node id="609"/>n't<Node id="612"/> <Node id="613"/>mean<Node id="617"/> <Node id="618"/>much<Node id="622"/> <Node id="623"/>unless<Node id="629"/> <Node id="630"/>*<Node id="631"/>everyone<Node id="639"/>*<Node id="640"/>
<Node id="641"/>&gt;<Node id="642"/>&gt;<Node id="643"/>participates<Node id="655"/>.<Node id="656"/> <Node id="657"/> <Node id="658"/>Otherwise<Node id="667"/> <Node id="668"/>it<Node id="670"/>'s<Node id="672"/> <Node id="673"/>not<Node id="676"/> <Node id="677"/>silent<Node id="683"/>,<Node id="684"/> <Node id="685"/>now<Node id="688"/> <Node id="689"/>is<Node id="691"/> <Node id="692"/>it<Node id="694"/>?<Node id="695"/>
<Node id="696"/>
<Node id="697"/>&gt;<Node id="698"/>&gt;<Node id="699"/>Non-religious<Node id="712"/> <Node id="713"/>reasons<Node id="720"/> <Node id="721"/>for<Node id="724"/> <Node id="725"/>having<Node id="731"/> <Node id="732"/>a<Node id="733"/> <Node id="734"/>"<Node id="735"/>moment<Node id="741"/> <Node id="742"/>of<Node id="744"/> <Node id="745"/>silence<Node id="752"/>"<Node id="753"/> <Node id="754"/>for<Node id="757"/> <Node id="758"/>a<Node id="759"/> <Node id="760"/>dead<Node id="764"/>
<Node id="765"/>&gt;<Node id="766"/>&gt;<Node id="767"/>classmate<Node id="776"/>:<Node id="777"/> <Node id="778"/>(<Node id="779"/>1<Node id="780"/>)<Node id="781"/> <Node id="782"/>to<Node id="784"/> <Node id="785"/>comfort<Node id="792"/> <Node id="793"/>the<Node id="796"/> <Node id="797"/>friends<Node id="804"/> <Node id="805"/>by<Node id="807"/> <Node id="808"/>showing<Node id="815"/> <Node id="816"/>respect<Node id="823"/> <Node id="824"/>to<Node id="826"/> <Node id="827"/>the<Node id="830"/>
<Node id="831"/>&gt;<Node id="832"/>&gt;<Node id="833"/>deceased<Node id="841"/> <Node id="842"/>,<Node id="843"/> <Node id="844"/>(<Node id="845"/>2<Node id="846"/>)<Node id="847"/> <Node id="848"/>to<Node id="850"/> <Node id="851"/>give<Node id="855"/> <Node id="856"/>the<Node id="859"/> <Node id="860"/>classmates<Node id="870"/> <Node id="871"/>a<Node id="872"/> <Node id="873"/>moment<Node id="879"/> <Node id="880"/>to<Node id="882"/> <Node id="883"/>grieve<Node id="889"/> <Node id="890"/>together<Node id="898"/>,<Node id="899"/> <Node id="900"/>(<Node id="901"/>3<Node id="902"/>)<Node id="903"/>
<Node id="904"/>&gt;<Node id="905"/>&gt;<Node id="906"/>to<Node id="908"/> <Node id="909"/>give<Node id="913"/> <Node id="914"/>the<Node id="917"/> <Node id="918"/>friends<Node id="925"/> <Node id="926"/>a<Node id="927"/> <Node id="928"/>moment<Node id="934"/> <Node id="935"/>to<Node id="937"/> <Node id="938"/>remember<Node id="946"/> <Node id="947"/>their<Node id="952"/> <Node id="953"/>classmate<Node id="962"/> <Node id="963"/>*<Node id="964"/>in<Node id="966"/> <Node id="967"/>the<Node id="970"/>
<Node id="971"/>&gt;<Node id="972"/>&gt;<Node id="973"/>context<Node id="980"/> <Node id="981"/>of<Node id="983"/> <Node id="984"/>the<Node id="987"/> <Node id="988"/>school<Node id="994"/>*<Node id="995"/>,<Node id="996"/> <Node id="997"/>(<Node id="998"/>4<Node id="999"/>)<Node id="1000"/> <Node id="1001"/>to<Node id="1003"/> <Node id="1004"/>deal<Node id="1008"/> <Node id="1009"/>with<Node id="1013"/> <Node id="1014"/>the<Node id="1017"/> <Node id="1018"/>fact<Node id="1022"/> <Node id="1023"/>that<Node id="1027"/> <Node id="1028"/>the<Node id="1031"/> <Node id="1032"/>classmate<Node id="1041"/>
<Node id="1042"/>&gt;<Node id="1043"/>&gt;<Node id="1044"/>is<Node id="1046"/> <Node id="1047"/>gone<Node id="1051"/> <Node id="1052"/>so<Node id="1054"/> <Node id="1055"/>that<Node id="1059"/> <Node id="1060"/>it<Node id="1062"/>'s<Node id="1064"/> <Node id="1065"/>not<Node id="1068"/> <Node id="1069"/>disruptive<Node id="1079"/> <Node id="1080"/>later<Node id="1085"/>.<Node id="1086"/>
<Node id="1087"/>
<Node id="1088"/>&gt;<Node id="1089"/>Yeah<Node id="1093"/>,<Node id="1094"/> <Node id="1095"/>all<Node id="1098"/> <Node id="1099"/>well<Node id="1103"/> <Node id="1104"/>and<Node id="1107"/> <Node id="1108"/>good<Node id="1112"/>.<Node id="1113"/> <Node id="1114"/>The<Node id="1117"/> <Node id="1118"/>fact<Node id="1122"/> <Node id="1123"/>is<Node id="1125"/>,<Node id="1126"/> <Node id="1127"/>though<Node id="1133"/>,<Node id="1134"/> <Node id="1135"/>that<Node id="1139"/> <Node id="1140"/>the<Node id="1143"/> <Node id="1144"/>pro-school<Node id="1154"/>
<Node id="1155"/>&gt;<Node id="1156"/>prayer<Node id="1162"/> <Node id="1163"/>types<Node id="1168"/> <Node id="1169"/>have<Node id="1173"/> <Node id="1174"/>tried<Node id="1179"/> <Node id="1180"/>to<Node id="1182"/> <Node id="1183"/>use<Node id="1186"/> <Node id="1187"/>a<Node id="1188"/> <Node id="1189"/>moment<Node id="1195"/> <Node id="1196"/>of<Node id="1198"/> <Node id="1199"/>silence<Node id="1206"/> <Node id="1207"/>as<Node id="1209"/> <Node id="1210"/>a<Node id="1211"/> <Node id="1212"/>way<Node id="1215"/>
<Node id="1216"/>&gt;<Node id="1217"/>to<Node id="1219"/> <Node id="1220"/>get<Node id="1223"/> <Node id="1224"/>prayer<Node id="1230"/> <Node id="1231"/>back<Node id="1235"/>.<Node id="1236"/> <Node id="1237"/>At<Node id="1239"/> <Node id="1240"/>my<Node id="1242"/> <Node id="1243"/>high<Node id="1247"/> <Node id="1248"/>school<Node id="1254"/> <Node id="1255"/>for<Node id="1258"/> <Node id="1259"/>instance<Node id="1267"/>,<Node id="1268"/> <Node id="1269"/>our<Node id="1272"/> <Node id="1273"/>dear<Node id="1277"/>
<Node id="1278"/>&gt;<Node id="1279"/>principal<Node id="1288"/> <Node id="1289"/>ended<Node id="1294"/> <Node id="1295"/>the<Node id="1298"/> <Node id="1299"/>moment<Node id="1305"/> <Node id="1306"/>of<Node id="1308"/> <Node id="1309"/>silence<Node id="1316"/> <Node id="1317"/>with<Node id="1321"/> <Node id="1322"/>"<Node id="1323"/>Amen<Node id="1327"/>.<Node id="1328"/>"<Node id="1329"/>
<Node id="1330"/>
<Node id="1331"/>I<Node id="1332"/> <Node id="1333"/>can<Node id="1336"/> <Node id="1337"/>certainly<Node id="1346"/> <Node id="1347"/>see<Node id="1350"/> <Node id="1351"/>opposing<Node id="1359"/> <Node id="1360"/>the<Node id="1363"/> <Node id="1364"/>"<Node id="1365"/>Amen<Node id="1369"/>"<Node id="1370"/> <Node id="1371"/>-<Node id="1372"/>-<Node id="1373"/> <Node id="1374"/>but<Node id="1377"/> <Node id="1378"/>that<Node id="1382"/> <Node id="1383"/>does<Node id="1387"/>n't<Node id="1390"/> <Node id="1391"/>require<Node id="1398"/> <Node id="1399"/>
<Node id="1400"/>opposing<Node id="1408"/> <Node id="1409"/>a<Node id="1410"/> <Node id="1411"/>moment<Node id="1417"/> <Node id="1418"/>of<Node id="1420"/> <Node id="1421"/>silence<Node id="1428"/>.<Node id="1429"/>
<Node id="1430"/>
<Node id="1431"/>&gt;<Node id="1432"/>I<Node id="1433"/>'ll<Node id="1436"/> <Node id="1437"/>back<Node id="1441"/> <Node id="1442"/>off<Node id="1445"/> <Node id="1446"/>when<Node id="1450"/> <Node id="1451"/>they<Node id="1455"/> <Node id="1456"/>do<Node id="1458"/>.<Node id="1459"/>
<Node id="1460"/>
<Node id="1461"/>Does<Node id="1465"/> <Node id="1466"/>anybody<Node id="1473"/> <Node id="1474"/>else<Node id="1478"/> <Node id="1479"/>besides<Node id="1486"/> <Node id="1487"/>me<Node id="1489"/> <Node id="1490"/>see<Node id="1493"/> <Node id="1494"/>a<Node id="1495"/> <Node id="1496"/>vicious<Node id="1503"/> <Node id="1504"/>circle<Node id="1510"/> <Node id="1511"/>here<Node id="1515"/>?<Node id="1516"/> <Node id="1517"/> <Node id="1518"/>I<Node id="1519"/> <Node id="1520"/>guarantee<Node id="1529"/>
<Node id="1530"/>you<Node id="1533"/> <Node id="1534"/>the<Node id="1537"/> <Node id="1538"/>people<Node id="1544"/> <Node id="1545"/>who<Node id="1548"/> <Node id="1549"/>want<Node id="1553"/> <Node id="1554"/>school<Node id="1560"/> <Node id="1561"/>prayer<Node id="1567"/> <Node id="1568"/>are<Node id="1571"/>n't<Node id="1574"/> <Node id="1575"/>going<Node id="1580"/> <Node id="1581"/>to<Node id="1583"/> <Node id="1584"/>back<Node id="1588"/> <Node id="1589"/>off<Node id="1592"/> <Node id="1593"/>when<Node id="1597"/>
<Node id="1598"/>they<Node id="1602"/> <Node id="1603"/>ca<Node id="1605"/>n't<Node id="1608"/> <Node id="1609"/>even<Node id="1613"/> <Node id="1614"/>manage<Node id="1620"/> <Node id="1621"/>to<Node id="1623"/> <Node id="1624"/>get<Node id="1627"/> <Node id="1628"/>a<Node id="1629"/> <Node id="1630"/>quiet<Node id="1635"/> <Node id="1636"/>moment<Node id="1642"/> <Node id="1643"/>for<Node id="1646"/> <Node id="1647"/>their<Node id="1652"/> <Node id="1653"/>kids<Node id="1657"/> <Node id="1658"/>to<Node id="1660"/> <Node id="1661"/>pray<Node id="1665"/>
<Node id="1666"/>silently<Node id="1674"/>.<Node id="1675"/>
<Node id="1676"/>
<Node id="1677"/>-<Node id="1678"/>-<Node id="1679"/> <Node id="1680"/>
<Node id="1681"/>Pro-<Node id="1685"/>Choice<Node id="1691"/> <Node id="1692"/> <Node id="1693"/> <Node id="1694"/> <Node id="1695"/> <Node id="1696"/> <Node id="1697"/> <Node id="1698"/> <Node id="1699"/> <Node id="1700"/> <Node id="1701"/> <Node id="1702"/> <Node id="1703"/> <Node id="1704"/> <Node id="1705"/> <Node id="1706"/> <Node id="1707"/> <Node id="1708"/>Anti-<Node id="1713"/>Roe<Node id="1716"/> <Node id="1717"/> <Node id="1718"/> <Node id="1719"/> <Node id="1720"/> <Node id="1721"/> <Node id="1722"/> <Node id="1723"/> <Node id="1724"/> <Node id="1725"/> <Node id="1726"/> <Node id="1727"/> <Node id="1728"/> <Node id="1729"/> <Node id="1730"/> <Node id="1731"/> <Node id="1732"/> <Node id="1733"/> <Node id="1734"/> <Node id="1735"/> <Node id="1736"/> <Node id="1737"/>-<Node id="1738"/> <Node id="1739"/>E<Node id="1740"/>.<Node id="1741"/> <Node id="1742"/>Elizabeth<Node id="1751"/> <Node id="1752"/>Bartley<Node id="1759"/>
<Node id="1760"/> <Node id="1761"/> <Node id="1762"/> <Node id="1763"/> <Node id="1764"/> <Node id="1765"/> <Node id="1766"/> <Node id="1767"/> <Node id="1768"/> <Node id="1769"/> <Node id="1770"/> <Node id="1771"/> <Node id="1772"/>Abortions<Node id="1781"/> <Node id="1782"/>should<Node id="1788"/> <Node id="1789"/>be<Node id="1791"/> <Node id="1792"/>safe<Node id="1796"/>,<Node id="1797"/> <Node id="1798"/>legal<Node id="1803"/>,<Node id="1804"/> <Node id="1805"/>early<Node id="1810"/>,<Node id="1811"/> <Node id="1812"/>and<Node id="1815"/> <Node id="1816"/>rare<Node id="1820"/>.<Node id="1821"/>
<Node id="1822"/></TextWithNodes>
<!-- The default annotation set -->

<AnnotationSet>
<Annotation EndNode="1822" StartNode="0" Type="Mention" Id="9999999">
<Feature>
<Name classname="java.lang.String">Class</Name>
<Value classname="java.lang.String">0</Value>
</Feature>
</Annotation>

<Annotation Id="8" Type="Token" StartNode="17" EndNode="25">
<Feature>
  <Name className="java.lang.String">string</Name>
  <Value className="java.lang.String">uchicago</Value>
</Feature>
</Annotation>
<Annotation Id="16" Type="Token" StartNode="34" EndNode="43">
<Feature>
  <Name className="java.lang.String">string</Name>
  <Value className="java.lang.String">Elizabeth</Value>
</Feature>
</Annotation>
<Annotation Id="18" Type="Token" StartNode="44" EndNode="51">
<Feature>
  <Name className="java.lang.String">string</Name>
  <Value className="java.lang.String">Bartley</Value>
</Feature>
</Annotation>
<Annotation Id="21" Type="Token" StartNode="53" EndNode="61">
<Feature>
  <Name className="java.lang.String">string</Name>
  <Value className="java.lang.String">Message-</Value>
</Feature>
</Annotation>
<Annotation Id="30" Type="Token" StartNode="76" EndNode="82">
</Annotation>
<Annotation Id="34" Type="Token" StartNode="89" EndNode="95">
<Feature>
  <Name className="java.lang.String">string</Name>
  <Value className="java.lang.String">midway</Value>
</Feature>
</Annotation>
<Annotation Id="36" Type="Token" StartNode="96" EndNode="104">
<Feature>
  <Name className="java.lang.String">string</Name>
  <Value className="java.lang.String">uchicago</Value>
</Feature>
</Annotation>
<Annotation Id="41" Type="Token" StartNode="110" EndNode="116">
<Feature>
  <Name className="java.lang.String">string</Name>
  <Value className="java.lang.String">Sender</Value>
</Feature>
</Annotation>
<Annotation Id="46" Type="Token" StartNode="123" EndNode="131">
<Feature>
  <Name className="java.lang.String">string</Name>
  <Value className="java.lang.String">uchinews</Value>
</Feature>
</Annotation>
<Annotation Id="48" Type="Token" StartNode="132" EndNode="140">
<Feature>
  <Name className="java.lang.String">string</Name>
  <Value className="java.lang.String">uchicago</Value>
</Feature>
</Annotation>
<Annotation Id="55" Type="Token" StartNode="151" EndNode="157">
<Feature>
  <Name className="java.lang.String">string</Name>
  <Value className="java.lang.String">System</Value>
</Feature>
</Annotation>
<Annotation Id="58" Type="Token" StartNode="159" EndNode="165">
<Feature>
  <Name className="java.lang.String">string</Name>
  <Value className="java.lang.String">Reply-</Value>
</Feature>
</Annotation>
<Annotation Id="71" Type="Token" StartNode="194" EndNode="206">
<Feature>
  <Name className="java.lang.String">string</Name>
  <Value className="java.lang.String">Organization</Value>
</Feature>
</Annotation>
<Annotation Id="65" Type="Token" StartNode="174" EndNode="180">
<Feature>
  <Name className="java.lang.String">string</Name>
  <Value className="java.lang.String">midway</Value>
</Feature>
</Annotation>
<Annotation Id="67" Type="Token" StartNode="181" EndNode="189">
<Feature>
  <Name className="java.lang.String">string</Name>
  <Value className="java.lang.String">uchicago</Value>
</Feature>
</Annotation>
<Annotation Id="78" Type="Token" StartNode="222" EndNode="229">
<Feature>
  <Name className="java.lang.String">string</Name>
  <Value className="java.lang.String">Chicago</Value>
</Feature>
</Annotation>
<Annotation Id="74" Type="Token" StartNode="208" EndNode="218">
<Feature>
  <Name className="java.lang.String">string</Name>
  <Value className="java.lang.String">University</Value>
</Feature>
</Annotation>
<Annotation Id="80" Type="Token" StartNode="230" EndNode="240">
<Feature>
  <Name className="java.lang.String">string</Name>
  <Value className="java.lang.String">References</Value>
</Feature>
</Annotation>
<Annotation Id="92" Type="Token" StartNode="266" EndNode="273">
<Feature>
  <Name className="java.lang.String">string</Name>
  <Value className="java.lang.String">advtech</Value>
</Feature>
</Annotation>
<Annotation Id="94" Type="Token" StartNode="274" EndNode="280">
<Feature>
  <Name className="java.lang.String">string</Name>
  <Value className="java.lang.String">uswest</Value>
</Feature>
</Annotation>
<Annotation Id="88" Type="Token" StartNode="253" EndNode="259">
</Annotation>
<Annotation Id="110" Type="Token" StartNode="316" EndNode="324">
<Feature>
  <Name className="java.lang.String">string</Name>
  <Value className="java.lang.String">uchicago</Value>
</Feature>
</Annotation>
<Annotation Id="108" Type="Token" StartNode="309" EndNode="315">
<Feature>
  <Name className="java.lang.String">string</Name>
  <Value className="java.lang.String">midway</Value>
</Feature>
</Annotation>
<Annotation Id="104" Type="Token" StartNode="297" EndNode="303">
</Annotation>
<Annotation Id="125" Type="Token" StartNode="347" EndNode="353">
<Feature>
  <Name className="java.lang.String">string</Name>
  <Value className="java.lang.String">eitech</Value>
</Feature>
</Annotation>
<Annotation Id="158" Type="Token" StartNode="409" EndNode="416">
<Feature>
  <Name className="java.lang.String">string</Name>
  <Value className="java.lang.String">article</Value>
</Feature>
</Annotation>
<Annotation Id="170" Type="Token" StartNode="434" EndNode="440">
<Feature>
  <Name className="java.lang.String">string</Name>
  <Value className="java.lang.String">eitech</Value>
</Feature>
</Annotation>
<Annotation Id="186" Type="Token" StartNode="472" EndNode="480">
<Feature>
  <Name className="java.lang.String">string</Name>
  <Value className="java.lang.String">Rescorla</Value>
</Feature>
</Annotation>
<Annotation Id="189" Type="Token" StartNode="482" EndNode="488">
<Feature>
  <Name className="java.lang.String">string</Name>
  <Value className="java.lang.String">writes</Value>
</Feature>
</Annotation>
<Annotation Id="179" Type="Token" StartNode="455" EndNode="461">
<Feature>
  <Name className="java.lang.String">string</Name>
  <Value className="java.lang.String">eitech</Value>
</Feature>
</Annotation>
<Annotation Id="206" Type="Token" StartNode="525" EndNode="531">
<Feature>
  <Name className="java.lang.String">string</Name>
  <Value className="java.lang.String">midway</Value>
</Feature>
</Annotation>
<Annotation Id="202" Type="Token" StartNode="513" EndNode="519">
</Annotation>
<Annotation Id="195" Type="Token" StartNode="494" EndNode="501">
<Feature>
  <Name className="java.lang.String">string</Name>
  <Value className="java.lang.String">article</Value>
</Feature>
</Annotation>
<Annotation Id="223" Type="Token" StartNode="572" EndNode="578">
<Feature>
  <Name className="java.lang.String">string</Name>
  <Value className="java.lang.String">writes</Value>
</Feature>
</Annotation>
<Annotation Id="217" Type="Token" StartNode="552" EndNode="558">
<Feature>
  <Name className="java.lang.String">string</Name>
  <Value className="java.lang.String">midway</Value>
</Feature>
</Annotation>
<Annotation Id="219" Type="Token" StartNode="559" EndNode="567">
<Feature>
  <Name className="java.lang.String">string</Name>
  <Value className="java.lang.String">uchicago</Value>
</Feature>
</Annotation>
<Annotation Id="208" Type="Token" StartNode="532" EndNode="540">
<Feature>
  <Name className="java.lang.String">string</Name>
  <Value className="java.lang.String">uchicago</Value>
</Feature>
</Annotation>
<Annotation Id="236" Type="Token" StartNode="596" EndNode="603">
<Feature>
  <Name className="java.lang.String">string</Name>
  <Value className="java.lang.String">silence</Value>
</Feature>
</Annotation>
<Annotation Id="232" Type="Token" StartNode="586" EndNode="592">
<Feature>
  <Name className="java.lang.String">string</Name>
  <Value className="java.lang.String">moment</Value>
</Feature>
</Annotation>
<Annotation Id="255" Type="Token" StartNode="643" EndNode="655">
<Feature>
  <Name className="java.lang.String">string</Name>
  <Value className="java.lang.String">participates</Value>
</Feature>
</Annotation>
<Annotation Id="250" Type="Token" StartNode="631" EndNode="639">
<Feature>
  <Name className="java.lang.String">string</Name>
  <Value className="java.lang.String">everyone</Value>
</Feature>
</Annotation>
<Annotation Id="247" Type="Token" StartNode="623" EndNode="629">
<Feature>
  <Name className="java.lang.String">string</Name>
  <Value className="java.lang.String">unless</Value>
</Feature>
</Annotation>
<Annotation Id="282" Type="Token" StartNode="713" EndNode="720">
<Feature>
  <Name className="java.lang.String">string</Name>
  <Value className="java.lang.String">reasons</Value>
</Feature>
</Annotation>
<Annotation Id="280" Type="Token" StartNode="699" EndNode="712">
<Feature>
  <Name className="java.lang.String">string</Name>
  <Value className="java.lang.String">Non-religious</Value>
</Feature>
</Annotation>
<Annotation Id="286" Type="Token" StartNode="725" EndNode="731">
<Feature>
  <Name className="java.lang.String">string</Name>
  <Value className="java.lang.String">having</Value>
</Feature>
</Annotation>
<Annotation Id="259" Type="Token" StartNode="658" EndNode="667">
<Feature>
  <Name className="java.lang.String">string</Name>
  <Value className="java.lang.String">Otherwise</Value>
</Feature>
</Annotation>
<Annotation Id="267" Type="Token" StartNode="677" EndNode="683">
<Feature>
  <Name className="java.lang.String">string</Name>
  <Value className="java.lang.String">silent</Value>
</Feature>
</Annotation>
<Annotation Id="306" Type="Token" StartNode="767" EndNode="776">
<Feature>
  <Name className="java.lang.String">string</Name>
  <Value className="java.lang.String">classmate</Value>
</Feature>
</Annotation>
<Annotation Id="315" Type="Token" StartNode="785" EndNode="792">
<Feature>
  <Name className="java.lang.String">string</Name>
  <Value className="java.lang.String">comfort</Value>
</Feature>
</Annotation>
<Annotation Id="319" Type="Token" StartNode="797" EndNode="804">
<Feature>
  <Name className="java.lang.String">string</Name>
  <Value className="java.lang.String">friends</Value>
</Feature>
</Annotation>
<Annotation Id="291" Type="Token" StartNode="735" EndNode="741">
<Feature>
  <Name className="java.lang.String">string</Name>
  <Value className="java.lang.String">moment</Value>
</Feature>
</Annotation>
<Annotation Id="295" Type="Token" StartNode="745" EndNode="752">
<Feature>
  <Name className="java.lang.String">string</Name>
  <Value className="java.lang.String">silence</Value>
</Feature>
</Annotation>
<Annotation Id="351" Type="Token" StartNode="873" EndNode="879">
<Feature>
  <Name className="java.lang.String">string</Name>
  <Value className="java.lang.String">moment</Value>
</Feature>
</Annotation>
<Annotation Id="347" Type="Token" StartNode="860" EndNode="870">
<Feature>
  <Name className="java.lang.String">string</Name>
  <Value className="java.lang.String">classmates</Value>
</Feature>
</Annotation>
<Annotation Id="325" Type="Token" StartNode="816" EndNode="823">
<Feature>
  <Name className="java.lang.String">string</Name>
  <Value className="java.lang.String">respect</Value>
</Feature>
</Annotation>
<Annotation Id="323" Type="Token" StartNode="808" EndNode="815">
<Feature>
  <Name className="java.lang.String">string</Name>
  <Value className="java.lang.String">showing</Value>
</Feature>
</Annotation>
<Annotation Id="333" Type="Token" StartNode="833" EndNode="841">
<Feature>
  <Name className="java.lang.String">string</Name>
  <Value className="java.lang.String">deceased</Value>
</Feature>
</Annotation>
<Annotation Id="372" Type="Token" StartNode="918" EndNode="925">
<Feature>
  <Name className="java.lang.String">string</Name>
  <Value className="java.lang.String">friends</Value>
</Feature>
</Annotation>
<Annotation Id="380" Type="Token" StartNode="938" EndNode="946">
<Feature>
  <Name className="java.lang.String">string</Name>
  <Value className="java.lang.String">remember</Value>
</Feature>
</Annotation>
<Annotation Id="376" Type="Token" StartNode="928" EndNode="934">
<Feature>
  <Name className="java.lang.String">string</Name>
  <Value className="java.lang.String">moment</Value>
</Feature>
</Annotation>
<Annotation Id="357" Type="Token" StartNode="890" EndNode="898">
<Feature>
  <Name className="java.lang.String">string</Name>
  <Value className="java.lang.String">together</Value>
</Feature>
</Annotation>
<Annotation Id="355" Type="Token" StartNode="883" EndNode="889">
<Feature>
  <Name className="java.lang.String">string</Name>
  <Value className="java.lang.String">grieve</Value>
</Feature>
</Annotation>
<Annotation Id="393" Type="Token" StartNode="973" EndNode="980">
<Feature>
  <Name className="java.lang.String">string</Name>
  <Value className="java.lang.String">context</Value>
</Feature>
</Annotation>
<Annotation Id="399" Type="Token" StartNode="988" EndNode="994">
<Feature>
  <Name className="java.lang.String">string</Name>
  <Value className="java.lang.String">school</Value>
</Feature>
</Annotation>
<Annotation Id="384" Type="Token" StartNode="953" EndNode="962">
<Feature>
  <Name className="java.lang.String">string</Name>
  <Value className="java.lang.String">classmate</Value>
</Feature>
</Annotation>
<Annotation Id="439" Type="Token" StartNode="1069" EndNode="1079">
<Feature>
  <Name className="java.lang.String">string</Name>
  <Value className="java.lang.String">disruptive</Value>
</Feature>
</Annotation>
<Annotation Id="421" Type="Token" StartNode="1032" EndNode="1041">
<Feature>
  <Name className="java.lang.String">string</Name>
  <Value className="java.lang.String">classmate</Value>
</Feature>
</Annotation>
<Annotation Id="475" Type="Token" StartNode="1156" EndNode="1162">
<Feature>
  <Name className="java.lang.String">string</Name>
  <Value className="java.lang.String">prayer</Value>
</Feature>
</Annotation>
<Annotation Id="472" Type="Token" StartNode="1144" EndNode="1154">
<Feature>
  <Name className="java.lang.String">string</Name>
  <Value className="java.lang.String">pro-school</Value>
</Feature>
</Annotation>
<Annotation Id="465" Type="Token" StartNode="1127" EndNode="1133">
<Feature>
  <Name className="java.lang.String">string</Name>
  <Value className="java.lang.String">though</Value>
</Feature>
</Annotation>
<Annotation Id="506" Type="Token" StartNode="1224" EndNode="1230">
<Feature>
  <Name className="java.lang.String">string</Name>
  <Value className="java.lang.String">prayer</Value>
</Feature>
</Annotation>
<Annotation Id="493" Type="Token" StartNode="1199" EndNode="1206">
<Feature>
  <Name className="java.lang.String">string</Name>
  <Value className="java.lang.String">silence</Value>
</Feature>
</Annotation>
<Annotation Id="489" Type="Token" StartNode="1189" EndNode="1195">
<Feature>
  <Name className="java.lang.String">string</Name>
  <Value className="java.lang.String">moment</Value>
</Feature>
</Annotation>
<Annotation Id="557" Type="Token" StartNode="1351" EndNode="1359">
<Feature>
  <Name className="java.lang.String">string</Name>
  <Value className="java.lang.String">opposing</Value>
</Feature>
</Annotation>
<Annotation Id="553" Type="Token" StartNode="1337" EndNode="1346">
<Feature>
  <Name className="java.lang.String">string</Name>
  <Value className="java.lang.String">certainly</Value>
</Feature>
</Annotation>
<Annotation Id="517" Type="Token" StartNode="1248" EndNode="1254">
<Feature>
  <Name className="java.lang.String">string</Name>
  <Value className="java.lang.String">school</Value>
</Feature>
</Annotation>
<Annotation Id="521" Type="Token" StartNode="1259" EndNode="1267">
<Feature>
  <Name className="java.lang.String">string</Name>
  <Value className="java.lang.String">instance</Value>
</Feature>
</Annotation>
<Annotation Id="535" Type="Token" StartNode="1299" EndNode="1305">
<Feature>
  <Name className="java.lang.String">string</Name>
  <Value className="java.lang.String">moment</Value>
</Feature>
</Annotation>
<Annotation Id="529" Type="Token" StartNode="1279" EndNode="1288">
<Feature>
  <Name className="java.lang.String">string</Name>
  <Value className="java.lang.String">principal</Value>
</Feature>
</Annotation>
<Annotation Id="539" Type="Token" StartNode="1309" EndNode="1316">
<Feature>
  <Name className="java.lang.String">string</Name>
  <Value className="java.lang.String">silence</Value>
</Feature>
</Annotation>
<Annotation Id="610" Type="Token" StartNode="1466" EndNode="1473">
<Feature>
  <Name className="java.lang.String">string</Name>
  <Value className="java.lang.String">anybody</Value>
</Feature>
</Annotation>
<Annotation Id="614" Type="Token" StartNode="1479" EndNode="1486">
<Feature>
  <Name className="java.lang.String">string</Name>
  <Value className="java.lang.String">besides</Value>
</Feature>
</Annotation>
<Annotation Id="622" Type="Token" StartNode="1496" EndNode="1503">
<Feature>
  <Name className="java.lang.String">string</Name>
  <Value className="java.lang.String">vicious</Value>
</Feature>
</Annotation>
<Annotation Id="624" Type="Token" StartNode="1504" EndNode="1510">
<Feature>
  <Name className="java.lang.String">string</Name>
  <Value className="java.lang.String">circle</Value>
</Feature>
</Annotation>
<Annotation Id="632" Type="Token" StartNode="1520" EndNode="1529">
<Feature>
  <Name className="java.lang.String">string</Name>
  <Value className="java.lang.String">guarantee</Value>
</Feature>
</Annotation>
<Annotation Id="638" Type="Token" StartNode="1538" EndNode="1544">
<Feature>
  <Name className="java.lang.String">string</Name>
  <Value className="java.lang.String">people</Value>
</Feature>
</Annotation>
<Annotation Id="576" Type="Token" StartNode="1391" EndNode="1398">
<Feature>
  <Name className="java.lang.String">string</Name>
  <Value className="java.lang.String">require</Value>
</Feature>
</Annotation>
<Annotation Id="579" Type="Token" StartNode="1400" EndNode="1408">
<Feature>
  <Name className="java.lang.String">string</Name>
  <Value className="java.lang.String">opposing</Value>
</Feature>
</Annotation>
<Annotation Id="583" Type="Token" StartNode="1411" EndNode="1417">
<Feature>
  <Name className="java.lang.String">string</Name>
  <Value className="java.lang.String">moment</Value>
</Feature>
</Annotation>
<Annotation Id="587" Type="Token" StartNode="1421" EndNode="1428">
<Feature>
  <Name className="java.lang.String">string</Name>
  <Value className="java.lang.String">silence</Value>
</Feature>
</Annotation>
<Annotation Id="680" Type="Token" StartNode="1636" EndNode="1642">
<Feature>
  <Name className="java.lang.String">string</Name>
  <Value className="java.lang.String">moment</Value>
</Feature>
</Annotation>
<Annotation Id="701" Type="Token" StartNode="1685" EndNode="1691">
<Feature>
  <Name className="java.lang.String">string</Name>
  <Value className="java.lang.String">Choice</Value>
</Feature>
</Annotation>
<Annotation Id="692" Type="Token" StartNode="1666" EndNode="1674">
<Feature>
  <Name className="java.lang.String">string</Name>
  <Value className="java.lang.String">silently</Value>
</Feature>
</Annotation>
<Annotation Id="644" Type="Token" StartNode="1554" EndNode="1560">
<Feature>
  <Name className="java.lang.String">string</Name>
  <Value className="java.lang.String">school</Value>
</Feature>
</Annotation>
<Annotation Id="646" Type="Token" StartNode="1561" EndNode="1567">
<Feature>
  <Name className="java.lang.String">string</Name>
  <Value className="java.lang.String">prayer</Value>
</Feature>
</Annotation>
<Annotation Id="670" Type="Token" StartNode="1614" EndNode="1620">
<Feature>
  <Name className="java.lang.String">string</Name>
  <Value className="java.lang.String">manage</Value>
</Feature>
</Annotation>
<Annotation Id="747" Type="Token" StartNode="1742" EndNode="1751">
<Feature>
  <Name className="java.lang.String">string</Name>
  <Value className="java.lang.String">Elizabeth</Value>
</Feature>
</Annotation>
<Annotation Id="749" Type="Token" StartNode="1752" EndNode="1759">
<Feature>
  <Name className="java.lang.String">string</Name>
  <Value className="java.lang.String">Bartley</Value>
</Feature>
</Annotation>
<Annotation Id="763" Type="Token" StartNode="1772" EndNode="1781">
<Feature>
  <Name className="java.lang.String">string</Name>
  <Value className="java.lang.String">Abortions</Value>
</Feature>
</Annotation>
<Annotation Id="765" Type="Token" StartNode="1782" EndNode="1788">
<Feature>
  <Name className="java.lang.String">string</Name>
  <Value className="java.lang.String">should</Value>
</Feature>
</Annotation>
</AnnotationSet>
<AnnotationSet Name="Original markups"> </AnnotationSet>
</GateDocument>