<?xml version='1.0' encoding='UTF-8'?>
<GateDocument version="3">
<!-- The document's features-->

<GateDocumentFeatures>
<Feature>
  <Name className="java.lang.String">Original_document_content_on_load</Name>
  <Value className="java.lang.String">From: rjk@world.std.com (Robert J. Kolker)
Message-ID: &lt;C5s5DG.DL8@world.std.com>
Organization: The World Public Access UNIX, Brookline, MA
References: &lt;93109.231733ISSCCK@BYUVM.BITNET>
Date: Tue, 20 Apr 1993 11:32:03 GMT
Lines: 42

Just to follow up on Casper's posting. I have been following this business
since it started 52 days ago.  The Branch Davidians have occupied the Mt.
Carmel location for some years, and their neighbors (you know, the people
next door) have said to a man, that the BD folks were quiet and never
bothered anybody.

There were some defector from the BD who alleged child abuse within the
movement, but how does this bring in the Feds? In particular what interest
would ATF have in child abuse. O.K. It was the allegation of possesing
illegal automatic weapons.  A search warrant could have been obtained
(properly) only on probable cause. This means that some evidence that an
illegal auto weapon was shipped in, or an illegal kit for converting
semi-auto weapons to full automatic was purchased or shipped.

In either case, how does this require an NO-KNOCK warrent, with a bunch of
macho hot dog assholes busting into the place *without* identifying
themselves. Milleniests tend to be a bit paranoid anyway. It is no
surprise they shot when invaded. Hell I am not a religious extremist and I
might have done the same myself. If the DEA busted into my house by
mistake without identifying themselve and I had a gun in my hand, I would
shoot first and wonder later.

So if it was illegal guns, the ATF should have gotten a normal warrant
(how can you flush a 50 calibre machine gun down the toilet?) and
presented it in a peaceful normal way. David Koresh has had brushes with
the law, even standing trial for attempted murder in which he was
acquitted. In every prior brush with the law, Koresh and his people acted
peacibly. There was no prior action on the part of the BD folks to
indicate that they were any danger to society.

NOTE: The question of whether the BD people were religious extremists or
slight daft is totally irrelevant. It is *not* against the law to be
looney or zany.

Look and learn folks. And be VERY afraid.

Conan the Libertarian


-- 
"If you can't love the Constitution, then at least hate the Government"

</Value>
</Feature>
<Feature>
  <Name className="java.lang.String">gate.SourceURL</Name>
  <Value className="java.lang.String">file:/C:/Users/jian/Documents/NetBeansProjects/NoiseReductionTechniques/mideastPoliticsMix/negative265</Value>
</Feature>
</GateDocumentFeatures>
<!-- The document content area with serialized nodes -->

<TextWithNodes><Node id="0"/>From<Node id="4"/>:<Node id="5"/> <Node id="6"/>rjk<Node id="9"/>@<Node id="10"/>world<Node id="15"/>.<Node id="16"/>std<Node id="19"/>.<Node id="20"/>com<Node id="23"/> <Node id="24"/>(<Node id="25"/>Robert<Node id="31"/> <Node id="32"/>J<Node id="33"/>.<Node id="34"/> <Node id="35"/>Kolker<Node id="41"/>)<Node id="42"/>
<Node id="43"/>Message-<Node id="51"/>ID<Node id="53"/>:<Node id="54"/> <Node id="55"/>&lt;<Node id="56"/>C<Node id="57"/>5<Node id="58"/>s<Node id="59"/>5<Node id="60"/>DG<Node id="62"/>.<Node id="63"/>DL<Node id="65"/>8<Node id="66"/>@<Node id="67"/>world<Node id="72"/>.<Node id="73"/>std<Node id="76"/>.<Node id="77"/>com<Node id="80"/>&gt;<Node id="81"/>
<Node id="82"/>Organization<Node id="94"/>:<Node id="95"/> <Node id="96"/>The<Node id="99"/> <Node id="100"/>World<Node id="105"/> <Node id="106"/>Public<Node id="112"/> <Node id="113"/>Access<Node id="119"/> <Node id="120"/>UNIX<Node id="124"/>,<Node id="125"/> <Node id="126"/>Brookline<Node id="135"/>,<Node id="136"/> <Node id="137"/>MA<Node id="139"/>
<Node id="140"/>References<Node id="150"/>:<Node id="151"/> <Node id="152"/>&lt;<Node id="153"/>93109<Node id="158"/>.<Node id="159"/>231733<Node id="165"/>ISSCCK<Node id="171"/>@<Node id="172"/>BYUVM<Node id="177"/>.<Node id="178"/>BITNET<Node id="184"/>&gt;<Node id="185"/>
<Node id="186"/>Date<Node id="190"/>:<Node id="191"/> <Node id="192"/>Tue<Node id="195"/>,<Node id="196"/> <Node id="197"/>20<Node id="199"/> <Node id="200"/>Apr<Node id="203"/> <Node id="204"/>1993<Node id="208"/> <Node id="209"/>11<Node id="211"/>:<Node id="212"/>32<Node id="214"/>:<Node id="215"/>03<Node id="217"/> <Node id="218"/>GMT<Node id="221"/>
<Node id="222"/>Lines<Node id="227"/>:<Node id="228"/> <Node id="229"/>42<Node id="231"/>
<Node id="232"/>
<Node id="233"/>Just<Node id="237"/> <Node id="238"/>to<Node id="240"/> <Node id="241"/>follow<Node id="247"/> <Node id="248"/>up<Node id="250"/> <Node id="251"/>on<Node id="253"/> <Node id="254"/>Casper<Node id="260"/>'s<Node id="262"/> <Node id="263"/>posting<Node id="270"/>.<Node id="271"/> <Node id="272"/>I<Node id="273"/> <Node id="274"/>have<Node id="278"/> <Node id="279"/>been<Node id="283"/> <Node id="284"/>following<Node id="293"/> <Node id="294"/>this<Node id="298"/> <Node id="299"/>business<Node id="307"/>
<Node id="308"/>since<Node id="313"/> <Node id="314"/>it<Node id="316"/> <Node id="317"/>started<Node id="324"/> <Node id="325"/>52<Node id="327"/> <Node id="328"/>days<Node id="332"/> <Node id="333"/>ago<Node id="336"/>.<Node id="337"/> <Node id="338"/> <Node id="339"/>The<Node id="342"/> <Node id="343"/>Branch<Node id="349"/> <Node id="350"/>Davidians<Node id="359"/> <Node id="360"/>have<Node id="364"/> <Node id="365"/>occupied<Node id="373"/> <Node id="374"/>the<Node id="377"/> <Node id="378"/>Mt<Node id="380"/>.<Node id="381"/>
<Node id="382"/>Carmel<Node id="388"/> <Node id="389"/>location<Node id="397"/> <Node id="398"/>for<Node id="401"/> <Node id="402"/>some<Node id="406"/> <Node id="407"/>years<Node id="412"/>,<Node id="413"/> <Node id="414"/>and<Node id="417"/> <Node id="418"/>their<Node id="423"/> <Node id="424"/>neighbors<Node id="433"/> <Node id="434"/>(<Node id="435"/>you<Node id="438"/> <Node id="439"/>know<Node id="443"/>,<Node id="444"/> <Node id="445"/>the<Node id="448"/> <Node id="449"/>people<Node id="455"/>
<Node id="456"/>next<Node id="460"/> <Node id="461"/>door<Node id="465"/>)<Node id="466"/> <Node id="467"/>have<Node id="471"/> <Node id="472"/>said<Node id="476"/> <Node id="477"/>to<Node id="479"/> <Node id="480"/>a<Node id="481"/> <Node id="482"/>man<Node id="485"/>,<Node id="486"/> <Node id="487"/>that<Node id="491"/> <Node id="492"/>the<Node id="495"/> <Node id="496"/>BD<Node id="498"/> <Node id="499"/>folks<Node id="504"/> <Node id="505"/>were<Node id="509"/> <Node id="510"/>quiet<Node id="515"/> <Node id="516"/>and<Node id="519"/> <Node id="520"/>never<Node id="525"/>
<Node id="526"/>bothered<Node id="534"/> <Node id="535"/>anybody<Node id="542"/>.<Node id="543"/>
<Node id="544"/>
<Node id="545"/>There<Node id="550"/> <Node id="551"/>were<Node id="555"/> <Node id="556"/>some<Node id="560"/> <Node id="561"/>defector<Node id="569"/> <Node id="570"/>from<Node id="574"/> <Node id="575"/>the<Node id="578"/> <Node id="579"/>BD<Node id="581"/> <Node id="582"/>who<Node id="585"/> <Node id="586"/>alleged<Node id="593"/> <Node id="594"/>child<Node id="599"/> <Node id="600"/>abuse<Node id="605"/> <Node id="606"/>within<Node id="612"/> <Node id="613"/>the<Node id="616"/>
<Node id="617"/>movement<Node id="625"/>,<Node id="626"/> <Node id="627"/>but<Node id="630"/> <Node id="631"/>how<Node id="634"/> <Node id="635"/>does<Node id="639"/> <Node id="640"/>this<Node id="644"/> <Node id="645"/>bring<Node id="650"/> <Node id="651"/>in<Node id="653"/> <Node id="654"/>the<Node id="657"/> <Node id="658"/>Feds<Node id="662"/>?<Node id="663"/> <Node id="664"/>In<Node id="666"/> <Node id="667"/>particular<Node id="677"/> <Node id="678"/>what<Node id="682"/> <Node id="683"/>interest<Node id="691"/>
<Node id="692"/>would<Node id="697"/> <Node id="698"/>ATF<Node id="701"/> <Node id="702"/>have<Node id="706"/> <Node id="707"/>in<Node id="709"/> <Node id="710"/>child<Node id="715"/> <Node id="716"/>abuse<Node id="721"/>.<Node id="722"/> <Node id="723"/>O<Node id="724"/>.<Node id="725"/>K<Node id="726"/>.<Node id="727"/> <Node id="728"/>It<Node id="730"/> <Node id="731"/>was<Node id="734"/> <Node id="735"/>the<Node id="738"/> <Node id="739"/>allegation<Node id="749"/> <Node id="750"/>of<Node id="752"/> <Node id="753"/>possesing<Node id="762"/>
<Node id="763"/>illegal<Node id="770"/> <Node id="771"/>automatic<Node id="780"/> <Node id="781"/>weapons<Node id="788"/>.<Node id="789"/> <Node id="790"/> <Node id="791"/>A<Node id="792"/> <Node id="793"/>search<Node id="799"/> <Node id="800"/>warrant<Node id="807"/> <Node id="808"/>could<Node id="813"/> <Node id="814"/>have<Node id="818"/> <Node id="819"/>been<Node id="823"/> <Node id="824"/>obtained<Node id="832"/>
<Node id="833"/>(<Node id="834"/>properly<Node id="842"/>)<Node id="843"/> <Node id="844"/>only<Node id="848"/> <Node id="849"/>on<Node id="851"/> <Node id="852"/>probable<Node id="860"/> <Node id="861"/>cause<Node id="866"/>.<Node id="867"/> <Node id="868"/>This<Node id="872"/> <Node id="873"/>means<Node id="878"/> <Node id="879"/>that<Node id="883"/> <Node id="884"/>some<Node id="888"/> <Node id="889"/>evidence<Node id="897"/> <Node id="898"/>that<Node id="902"/> <Node id="903"/>an<Node id="905"/>
<Node id="906"/>illegal<Node id="913"/> <Node id="914"/>auto<Node id="918"/> <Node id="919"/>weapon<Node id="925"/> <Node id="926"/>was<Node id="929"/> <Node id="930"/>shipped<Node id="937"/> <Node id="938"/>in<Node id="940"/>,<Node id="941"/> <Node id="942"/>or<Node id="944"/> <Node id="945"/>an<Node id="947"/> <Node id="948"/>illegal<Node id="955"/> <Node id="956"/>kit<Node id="959"/> <Node id="960"/>for<Node id="963"/> <Node id="964"/>converting<Node id="974"/>
<Node id="975"/>semi-auto<Node id="984"/> <Node id="985"/>weapons<Node id="992"/> <Node id="993"/>to<Node id="995"/> <Node id="996"/>full<Node id="1000"/> <Node id="1001"/>automatic<Node id="1010"/> <Node id="1011"/>was<Node id="1014"/> <Node id="1015"/>purchased<Node id="1024"/> <Node id="1025"/>or<Node id="1027"/> <Node id="1028"/>shipped<Node id="1035"/>.<Node id="1036"/>
<Node id="1037"/>
<Node id="1038"/>In<Node id="1040"/> <Node id="1041"/>either<Node id="1047"/> <Node id="1048"/>case<Node id="1052"/>,<Node id="1053"/> <Node id="1054"/>how<Node id="1057"/> <Node id="1058"/>does<Node id="1062"/> <Node id="1063"/>this<Node id="1067"/> <Node id="1068"/>require<Node id="1075"/> <Node id="1076"/>an<Node id="1078"/> <Node id="1079"/>NO-KNOCK<Node id="1087"/> <Node id="1088"/>warrent<Node id="1095"/>,<Node id="1096"/> <Node id="1097"/>with<Node id="1101"/> <Node id="1102"/>a<Node id="1103"/> <Node id="1104"/>bunch<Node id="1109"/> <Node id="1110"/>of<Node id="1112"/>
<Node id="1113"/>macho<Node id="1118"/> <Node id="1119"/>hot<Node id="1122"/> <Node id="1123"/>dog<Node id="1126"/> <Node id="1127"/>assholes<Node id="1135"/> <Node id="1136"/>busting<Node id="1143"/> <Node id="1144"/>into<Node id="1148"/> <Node id="1149"/>the<Node id="1152"/> <Node id="1153"/>place<Node id="1158"/> <Node id="1159"/>*<Node id="1160"/>without<Node id="1167"/>*<Node id="1168"/> <Node id="1169"/>identifying<Node id="1180"/>
<Node id="1181"/>themselves<Node id="1191"/>.<Node id="1192"/> <Node id="1193"/>Milleniests<Node id="1204"/> <Node id="1205"/>tend<Node id="1209"/> <Node id="1210"/>to<Node id="1212"/> <Node id="1213"/>be<Node id="1215"/> <Node id="1216"/>a<Node id="1217"/> <Node id="1218"/>bit<Node id="1221"/> <Node id="1222"/>paranoid<Node id="1230"/> <Node id="1231"/>anyway<Node id="1237"/>.<Node id="1238"/> <Node id="1239"/>It<Node id="1241"/> <Node id="1242"/>is<Node id="1244"/> <Node id="1245"/>no<Node id="1247"/>
<Node id="1248"/>surprise<Node id="1256"/> <Node id="1257"/>they<Node id="1261"/> <Node id="1262"/>shot<Node id="1266"/> <Node id="1267"/>when<Node id="1271"/> <Node id="1272"/>invaded<Node id="1279"/>.<Node id="1280"/> <Node id="1281"/>Hell<Node id="1285"/> <Node id="1286"/>I<Node id="1287"/> <Node id="1288"/>am<Node id="1290"/> <Node id="1291"/>not<Node id="1294"/> <Node id="1295"/>a<Node id="1296"/> <Node id="1297"/>religious<Node id="1306"/> <Node id="1307"/>extremist<Node id="1316"/> <Node id="1317"/>and<Node id="1320"/> <Node id="1321"/>I<Node id="1322"/>
<Node id="1323"/>might<Node id="1328"/> <Node id="1329"/>have<Node id="1333"/> <Node id="1334"/>done<Node id="1338"/> <Node id="1339"/>the<Node id="1342"/> <Node id="1343"/>same<Node id="1347"/> <Node id="1348"/>myself<Node id="1354"/>.<Node id="1355"/> <Node id="1356"/>If<Node id="1358"/> <Node id="1359"/>the<Node id="1362"/> <Node id="1363"/>DEA<Node id="1366"/> <Node id="1367"/>busted<Node id="1373"/> <Node id="1374"/>into<Node id="1378"/> <Node id="1379"/>my<Node id="1381"/> <Node id="1382"/>house<Node id="1387"/> <Node id="1388"/>by<Node id="1390"/>
<Node id="1391"/>mistake<Node id="1398"/> <Node id="1399"/>without<Node id="1406"/> <Node id="1407"/>identifying<Node id="1418"/> <Node id="1419"/>themselve<Node id="1428"/> <Node id="1429"/>and<Node id="1432"/> <Node id="1433"/>I<Node id="1434"/> <Node id="1435"/>had<Node id="1438"/> <Node id="1439"/>a<Node id="1440"/> <Node id="1441"/>gun<Node id="1444"/> <Node id="1445"/>in<Node id="1447"/> <Node id="1448"/>my<Node id="1450"/> <Node id="1451"/>hand<Node id="1455"/>,<Node id="1456"/> <Node id="1457"/>I<Node id="1458"/> <Node id="1459"/>would<Node id="1464"/>
<Node id="1465"/>shoot<Node id="1470"/> <Node id="1471"/>first<Node id="1476"/> <Node id="1477"/>and<Node id="1480"/> <Node id="1481"/>wonder<Node id="1487"/> <Node id="1488"/>later<Node id="1493"/>.<Node id="1494"/>
<Node id="1495"/>
<Node id="1496"/>So<Node id="1498"/> <Node id="1499"/>if<Node id="1501"/> <Node id="1502"/>it<Node id="1504"/> <Node id="1505"/>was<Node id="1508"/> <Node id="1509"/>illegal<Node id="1516"/> <Node id="1517"/>guns<Node id="1521"/>,<Node id="1522"/> <Node id="1523"/>the<Node id="1526"/> <Node id="1527"/>ATF<Node id="1530"/> <Node id="1531"/>should<Node id="1537"/> <Node id="1538"/>have<Node id="1542"/> <Node id="1543"/>gotten<Node id="1549"/> <Node id="1550"/>a<Node id="1551"/> <Node id="1552"/>normal<Node id="1558"/> <Node id="1559"/>warrant<Node id="1566"/>
<Node id="1567"/>(<Node id="1568"/>how<Node id="1571"/> <Node id="1572"/>can<Node id="1575"/> <Node id="1576"/>you<Node id="1579"/> <Node id="1580"/>flush<Node id="1585"/> <Node id="1586"/>a<Node id="1587"/> <Node id="1588"/>50<Node id="1590"/> <Node id="1591"/>calibre<Node id="1598"/> <Node id="1599"/>machine<Node id="1606"/> <Node id="1607"/>gun<Node id="1610"/> <Node id="1611"/>down<Node id="1615"/> <Node id="1616"/>the<Node id="1619"/> <Node id="1620"/>toilet<Node id="1626"/>?<Node id="1627"/>)<Node id="1628"/> <Node id="1629"/>and<Node id="1632"/>
<Node id="1633"/>presented<Node id="1642"/> <Node id="1643"/>it<Node id="1645"/> <Node id="1646"/>in<Node id="1648"/> <Node id="1649"/>a<Node id="1650"/> <Node id="1651"/>peaceful<Node id="1659"/> <Node id="1660"/>normal<Node id="1666"/> <Node id="1667"/>way<Node id="1670"/>.<Node id="1671"/> <Node id="1672"/>David<Node id="1677"/> <Node id="1678"/>Koresh<Node id="1684"/> <Node id="1685"/>has<Node id="1688"/> <Node id="1689"/>had<Node id="1692"/> <Node id="1693"/>brushes<Node id="1700"/> <Node id="1701"/>with<Node id="1705"/>
<Node id="1706"/>the<Node id="1709"/> <Node id="1710"/>law<Node id="1713"/>,<Node id="1714"/> <Node id="1715"/>even<Node id="1719"/> <Node id="1720"/>standing<Node id="1728"/> <Node id="1729"/>trial<Node id="1734"/> <Node id="1735"/>for<Node id="1738"/> <Node id="1739"/>attempted<Node id="1748"/> <Node id="1749"/>murder<Node id="1755"/> <Node id="1756"/>in<Node id="1758"/> <Node id="1759"/>which<Node id="1764"/> <Node id="1765"/>he<Node id="1767"/> <Node id="1768"/>was<Node id="1771"/>
<Node id="1772"/>acquitted<Node id="1781"/>.<Node id="1782"/> <Node id="1783"/>In<Node id="1785"/> <Node id="1786"/>every<Node id="1791"/> <Node id="1792"/>prior<Node id="1797"/> <Node id="1798"/>brush<Node id="1803"/> <Node id="1804"/>with<Node id="1808"/> <Node id="1809"/>the<Node id="1812"/> <Node id="1813"/>law<Node id="1816"/>,<Node id="1817"/> <Node id="1818"/>Koresh<Node id="1824"/> <Node id="1825"/>and<Node id="1828"/> <Node id="1829"/>his<Node id="1832"/> <Node id="1833"/>people<Node id="1839"/> <Node id="1840"/>acted<Node id="1845"/>
<Node id="1846"/>peacibly<Node id="1854"/>.<Node id="1855"/> <Node id="1856"/>There<Node id="1861"/> <Node id="1862"/>was<Node id="1865"/> <Node id="1866"/>no<Node id="1868"/> <Node id="1869"/>prior<Node id="1874"/> <Node id="1875"/>action<Node id="1881"/> <Node id="1882"/>on<Node id="1884"/> <Node id="1885"/>the<Node id="1888"/> <Node id="1889"/>part<Node id="1893"/> <Node id="1894"/>of<Node id="1896"/> <Node id="1897"/>the<Node id="1900"/> <Node id="1901"/>BD<Node id="1903"/> <Node id="1904"/>folks<Node id="1909"/> <Node id="1910"/>to<Node id="1912"/>
<Node id="1913"/>indicate<Node id="1921"/> <Node id="1922"/>that<Node id="1926"/> <Node id="1927"/>they<Node id="1931"/> <Node id="1932"/>were<Node id="1936"/> <Node id="1937"/>any<Node id="1940"/> <Node id="1941"/>danger<Node id="1947"/> <Node id="1948"/>to<Node id="1950"/> <Node id="1951"/>society<Node id="1958"/>.<Node id="1959"/>
<Node id="1960"/>
<Node id="1961"/>NOTE<Node id="1965"/>:<Node id="1966"/> <Node id="1967"/>The<Node id="1970"/> <Node id="1971"/>question<Node id="1979"/> <Node id="1980"/>of<Node id="1982"/> <Node id="1983"/>whether<Node id="1990"/> <Node id="1991"/>the<Node id="1994"/> <Node id="1995"/>BD<Node id="1997"/> <Node id="1998"/>people<Node id="2004"/> <Node id="2005"/>were<Node id="2009"/> <Node id="2010"/>religious<Node id="2019"/> <Node id="2020"/>extremists<Node id="2030"/> <Node id="2031"/>or<Node id="2033"/>
<Node id="2034"/>slight<Node id="2040"/> <Node id="2041"/>daft<Node id="2045"/> <Node id="2046"/>is<Node id="2048"/> <Node id="2049"/>totally<Node id="2056"/> <Node id="2057"/>irrelevant<Node id="2067"/>.<Node id="2068"/> <Node id="2069"/>It<Node id="2071"/> <Node id="2072"/>is<Node id="2074"/> <Node id="2075"/>*<Node id="2076"/>not<Node id="2079"/>*<Node id="2080"/> <Node id="2081"/>against<Node id="2088"/> <Node id="2089"/>the<Node id="2092"/> <Node id="2093"/>law<Node id="2096"/> <Node id="2097"/>to<Node id="2099"/> <Node id="2100"/>be<Node id="2102"/>
<Node id="2103"/>looney<Node id="2109"/> <Node id="2110"/>or<Node id="2112"/> <Node id="2113"/>zany<Node id="2117"/>.<Node id="2118"/>
<Node id="2119"/>
<Node id="2120"/>Look<Node id="2124"/> <Node id="2125"/>and<Node id="2128"/> <Node id="2129"/>learn<Node id="2134"/> <Node id="2135"/>folks<Node id="2140"/>.<Node id="2141"/> <Node id="2142"/>And<Node id="2145"/> <Node id="2146"/>be<Node id="2148"/> <Node id="2149"/>VERY<Node id="2153"/> <Node id="2154"/>afraid<Node id="2160"/>.<Node id="2161"/>
<Node id="2162"/>
<Node id="2163"/>Conan<Node id="2168"/> <Node id="2169"/>the<Node id="2172"/> <Node id="2173"/>Libertarian<Node id="2184"/>
<Node id="2185"/>
<Node id="2186"/>
<Node id="2187"/>-<Node id="2188"/>-<Node id="2189"/> <Node id="2190"/>
<Node id="2191"/>"<Node id="2192"/>If<Node id="2194"/> <Node id="2195"/>you<Node id="2198"/> <Node id="2199"/>ca<Node id="2201"/>n't<Node id="2204"/> <Node id="2205"/>love<Node id="2209"/> <Node id="2210"/>the<Node id="2213"/> <Node id="2214"/>Constitution<Node id="2226"/>,<Node id="2227"/> <Node id="2228"/>then<Node id="2232"/> <Node id="2233"/>at<Node id="2235"/> <Node id="2236"/>least<Node id="2241"/> <Node id="2242"/>hate<Node id="2246"/> <Node id="2247"/>the<Node id="2250"/> <Node id="2251"/>Government<Node id="2261"/>"<Node id="2262"/>
<Node id="2263"/>
<Node id="2264"/></TextWithNodes>
<!-- The default annotation set -->

<AnnotationSet>
<Annotation EndNode="2264" StartNode="0" Type="Mention" Id="9999999">
<Feature>
<Name classname="java.lang.String">Class</Name>
<Value classname="java.lang.String">0</Value>
</Feature>
</Annotation>

<Annotation Id="12" Type="Token" StartNode="25" EndNode="31">
<Feature>
  <Name className="java.lang.String">string</Name>
  <Value className="java.lang.String">Robert</Value>
</Feature>
</Annotation>
<Annotation Id="17" Type="Token" StartNode="35" EndNode="41">
<Feature>
  <Name className="java.lang.String">string</Name>
  <Value className="java.lang.String">Kolker</Value>
</Feature>
</Annotation>
<Annotation Id="20" Type="Token" StartNode="43" EndNode="51">
<Feature>
  <Name className="java.lang.String">string</Name>
  <Value className="java.lang.String">Message-</Value>
</Feature>
</Annotation>
<Annotation Id="41" Type="Token" StartNode="82" EndNode="94">
<Feature>
  <Name className="java.lang.String">string</Name>
  <Value className="java.lang.String">Organization</Value>
</Feature>
</Annotation>
<Annotation Id="50" Type="Token" StartNode="113" EndNode="119">
<Feature>
  <Name className="java.lang.String">string</Name>
  <Value className="java.lang.String">Access</Value>
</Feature>
</Annotation>
<Annotation Id="48" Type="Token" StartNode="106" EndNode="112">
<Feature>
  <Name className="java.lang.String">string</Name>
  <Value className="java.lang.String">Public</Value>
</Feature>
</Annotation>
<Annotation Id="55" Type="Token" StartNode="126" EndNode="135">
<Feature>
  <Name className="java.lang.String">string</Name>
  <Value className="java.lang.String">Brookline</Value>
</Feature>
</Annotation>
<Annotation Id="60" Type="Token" StartNode="140" EndNode="150">
<Feature>
  <Name className="java.lang.String">string</Name>
  <Value className="java.lang.String">References</Value>
</Feature>
</Annotation>
<Annotation Id="71" Type="Token" StartNode="178" EndNode="184">
<Feature>
  <Name className="java.lang.String">string</Name>
  <Value className="java.lang.String">BITNET</Value>
</Feature>
</Annotation>
<Annotation Id="66" Type="Token" StartNode="159" EndNode="165">
</Annotation>
<Annotation Id="67" Type="Token" StartNode="165" EndNode="171">
<Feature>
  <Name className="java.lang.String">string</Name>
  <Value className="java.lang.String">ISSCCK</Value>
</Feature>
</Annotation>
<Annotation Id="110" Type="Token" StartNode="254" EndNode="260">
<Feature>
  <Name className="java.lang.String">string</Name>
  <Value className="java.lang.String">Casper</Value>
</Feature>
</Annotation>
<Annotation Id="104" Type="Token" StartNode="241" EndNode="247">
<Feature>
  <Name className="java.lang.String">string</Name>
  <Value className="java.lang.String">follow</Value>
</Feature>
</Annotation>
<Annotation Id="114" Type="Token" StartNode="263" EndNode="270">
<Feature>
  <Name className="java.lang.String">string</Name>
  <Value className="java.lang.String">posting</Value>
</Feature>
</Annotation>
<Annotation Id="127" Type="Token" StartNode="299" EndNode="307">
<Feature>
  <Name className="java.lang.String">string</Name>
  <Value className="java.lang.String">business</Value>
</Feature>
</Annotation>
<Annotation Id="123" Type="Token" StartNode="284" EndNode="293">
<Feature>
  <Name className="java.lang.String">string</Name>
  <Value className="java.lang.String">following</Value>
</Feature>
</Annotation>
<Annotation Id="133" Type="Token" StartNode="317" EndNode="324">
<Feature>
  <Name className="java.lang.String">string</Name>
  <Value className="java.lang.String">started</Value>
</Feature>
</Annotation>
<Annotation Id="158" Type="Token" StartNode="382" EndNode="388">
<Feature>
  <Name className="java.lang.String">string</Name>
  <Value className="java.lang.String">Carmel</Value>
</Feature>
</Annotation>
<Annotation Id="145" Type="Token" StartNode="343" EndNode="349">
<Feature>
  <Name className="java.lang.String">string</Name>
  <Value className="java.lang.String">Branch</Value>
</Feature>
</Annotation>
<Annotation Id="147" Type="Token" StartNode="350" EndNode="359">
<Feature>
  <Name className="java.lang.String">string</Name>
  <Value className="java.lang.String">Davidians</Value>
</Feature>
</Annotation>
<Annotation Id="151" Type="Token" StartNode="365" EndNode="373">
<Feature>
  <Name className="java.lang.String">string</Name>
  <Value className="java.lang.String">occupied</Value>
</Feature>
</Annotation>
<Annotation Id="173" Type="Token" StartNode="424" EndNode="433">
<Feature>
  <Name className="java.lang.String">string</Name>
  <Value className="java.lang.String">neighbors</Value>
</Feature>
</Annotation>
<Annotation Id="160" Type="Token" StartNode="389" EndNode="397">
<Feature>
  <Name className="java.lang.String">string</Name>
  <Value className="java.lang.String">location</Value>
</Feature>
</Annotation>
<Annotation Id="183" Type="Token" StartNode="449" EndNode="455">
<Feature>
  <Name className="java.lang.String">string</Name>
  <Value className="java.lang.String">people</Value>
</Feature>
</Annotation>
<Annotation Id="217" Type="Token" StartNode="526" EndNode="534">
<Feature>
  <Name className="java.lang.String">string</Name>
  <Value className="java.lang.String">bothered</Value>
</Feature>
</Annotation>
<Annotation Id="219" Type="Token" StartNode="535" EndNode="542">
<Feature>
  <Name className="java.lang.String">string</Name>
  <Value className="java.lang.String">anybody</Value>
</Feature>
</Annotation>
<Annotation Id="239" Type="Token" StartNode="586" EndNode="593">
<Feature>
  <Name className="java.lang.String">string</Name>
  <Value className="java.lang.String">alleged</Value>
</Feature>
</Annotation>
<Annotation Id="229" Type="Token" StartNode="561" EndNode="569">
<Feature>
  <Name className="java.lang.String">string</Name>
  <Value className="java.lang.String">defector</Value>
</Feature>
</Annotation>
<Annotation Id="249" Type="Token" StartNode="617" EndNode="625">
<Feature>
  <Name className="java.lang.String">string</Name>
  <Value className="java.lang.String">movement</Value>
</Feature>
</Annotation>
<Annotation Id="245" Type="Token" StartNode="606" EndNode="612">
<Feature>
  <Name className="java.lang.String">string</Name>
  <Value className="java.lang.String">within</Value>
</Feature>
</Annotation>
<Annotation Id="275" Type="Token" StartNode="683" EndNode="691">
<Feature>
  <Name className="java.lang.String">string</Name>
  <Value className="java.lang.String">interest</Value>
</Feature>
</Annotation>
<Annotation Id="271" Type="Token" StartNode="667" EndNode="677">
<Feature>
  <Name className="java.lang.String">string</Name>
  <Value className="java.lang.String">particular</Value>
</Feature>
</Annotation>
<Annotation Id="305" Type="Token" StartNode="753" EndNode="762">
<Feature>
  <Name className="java.lang.String">string</Name>
  <Value className="java.lang.String">possesing</Value>
</Feature>
</Annotation>
<Annotation Id="307" Type="Token" StartNode="763" EndNode="770">
<Feature>
  <Name className="java.lang.String">string</Name>
  <Value className="java.lang.String">illegal</Value>
</Feature>
</Annotation>
<Annotation Id="309" Type="Token" StartNode="771" EndNode="780">
<Feature>
  <Name className="java.lang.String">string</Name>
  <Value className="java.lang.String">automatic</Value>
</Feature>
</Annotation>
<Annotation Id="311" Type="Token" StartNode="781" EndNode="788">
<Feature>
  <Name className="java.lang.String">string</Name>
  <Value className="java.lang.String">weapons</Value>
</Feature>
</Annotation>
<Annotation Id="317" Type="Token" StartNode="793" EndNode="799">
<Feature>
  <Name className="java.lang.String">string</Name>
  <Value className="java.lang.String">search</Value>
</Feature>
</Annotation>
<Annotation Id="319" Type="Token" StartNode="800" EndNode="807">
<Feature>
  <Name className="java.lang.String">string</Name>
  <Value className="java.lang.String">warrant</Value>
</Feature>
</Annotation>
<Annotation Id="301" Type="Token" StartNode="739" EndNode="749">
<Feature>
  <Name className="java.lang.String">string</Name>
  <Value className="java.lang.String">allegation</Value>
</Feature>
</Annotation>
<Annotation Id="337" Type="Token" StartNode="852" EndNode="860">
<Feature>
  <Name className="java.lang.String">string</Name>
  <Value className="java.lang.String">probable</Value>
</Feature>
</Annotation>
<Annotation Id="350" Type="Token" StartNode="889" EndNode="897">
<Feature>
  <Name className="java.lang.String">string</Name>
  <Value className="java.lang.String">evidence</Value>
</Feature>
</Annotation>
<Annotation Id="327" Type="Token" StartNode="824" EndNode="832">
<Feature>
  <Name className="java.lang.String">string</Name>
  <Value className="java.lang.String">obtained</Value>
</Feature>
</Annotation>
<Annotation Id="330" Type="Token" StartNode="834" EndNode="842">
<Feature>
  <Name className="java.lang.String">string</Name>
  <Value className="java.lang.String">properly</Value>
</Feature>
</Annotation>
<Annotation Id="373" Type="Token" StartNode="948" EndNode="955">
<Feature>
  <Name className="java.lang.String">string</Name>
  <Value className="java.lang.String">illegal</Value>
</Feature>
</Annotation>
<Annotation Id="381" Type="Token" StartNode="975" EndNode="984">
<Feature>
  <Name className="java.lang.String">string</Name>
  <Value className="java.lang.String">semi-auto</Value>
</Feature>
</Annotation>
<Annotation Id="383" Type="Token" StartNode="985" EndNode="992">
<Feature>
  <Name className="java.lang.String">string</Name>
  <Value className="java.lang.String">weapons</Value>
</Feature>
</Annotation>
<Annotation Id="379" Type="Token" StartNode="964" EndNode="974">
<Feature>
  <Name className="java.lang.String">string</Name>
  <Value className="java.lang.String">converting</Value>
</Feature>
</Annotation>
<Annotation Id="356" Type="Token" StartNode="906" EndNode="913">
<Feature>
  <Name className="java.lang.String">string</Name>
  <Value className="java.lang.String">illegal</Value>
</Feature>
</Annotation>
<Annotation Id="364" Type="Token" StartNode="930" EndNode="937">
<Feature>
  <Name className="java.lang.String">string</Name>
  <Value className="java.lang.String">shipped</Value>
</Feature>
</Annotation>
<Annotation Id="360" Type="Token" StartNode="919" EndNode="925">
<Feature>
  <Name className="java.lang.String">string</Name>
  <Value className="java.lang.String">weapon</Value>
</Feature>
</Annotation>
<Annotation Id="414" Type="Token" StartNode="1068" EndNode="1075">
<Feature>
  <Name className="java.lang.String">string</Name>
  <Value className="java.lang.String">require</Value>
</Feature>
</Annotation>
<Annotation Id="403" Type="Token" StartNode="1041" EndNode="1047">
<Feature>
  <Name className="java.lang.String">string</Name>
  <Value className="java.lang.String">either</Value>
</Feature>
</Annotation>
<Annotation Id="393" Type="Token" StartNode="1015" EndNode="1024">
<Feature>
  <Name className="java.lang.String">string</Name>
  <Value className="java.lang.String">purchased</Value>
</Feature>
</Annotation>
<Annotation Id="397" Type="Token" StartNode="1028" EndNode="1035">
<Feature>
  <Name className="java.lang.String">string</Name>
  <Value className="java.lang.String">shipped</Value>
</Feature>
</Annotation>
<Annotation Id="389" Type="Token" StartNode="1001" EndNode="1010">
<Feature>
  <Name className="java.lang.String">string</Name>
  <Value className="java.lang.String">automatic</Value>
</Feature>
</Annotation>
<Annotation Id="437" Type="Token" StartNode="1127" EndNode="1135">
<Feature>
  <Name className="java.lang.String">string</Name>
  <Value className="java.lang.String">assholes</Value>
</Feature>
</Annotation>
<Annotation Id="439" Type="Token" StartNode="1136" EndNode="1143">
<Feature>
  <Name className="java.lang.String">string</Name>
  <Value className="java.lang.String">busting</Value>
</Feature>
</Annotation>
<Annotation Id="418" Type="Token" StartNode="1079" EndNode="1087">
<Feature>
  <Name className="java.lang.String">string</Name>
  <Value className="java.lang.String">NO-KNOCK</Value>
</Feature>
</Annotation>
<Annotation Id="420" Type="Token" StartNode="1088" EndNode="1095">
<Feature>
  <Name className="java.lang.String">string</Name>
  <Value className="java.lang.String">warrent</Value>
</Feature>
</Annotation>
<Annotation Id="479" Type="Token" StartNode="1248" EndNode="1256">
<Feature>
  <Name className="java.lang.String">string</Name>
  <Value className="java.lang.String">surprise</Value>
</Feature>
</Annotation>
<Annotation Id="470" Type="Token" StartNode="1231" EndNode="1237">
<Feature>
  <Name className="java.lang.String">string</Name>
  <Value className="java.lang.String">anyway</Value>
</Feature>
</Annotation>
<Annotation Id="468" Type="Token" StartNode="1222" EndNode="1230">
<Feature>
  <Name className="java.lang.String">string</Name>
  <Value className="java.lang.String">paranoid</Value>
</Feature>
</Annotation>
<Annotation Id="456" Type="Token" StartNode="1193" EndNode="1204">
<Feature>
  <Name className="java.lang.String">string</Name>
  <Value className="java.lang.String">Milleniests</Value>
</Feature>
</Annotation>
<Annotation Id="453" Type="Token" StartNode="1181" EndNode="1191">
<Feature>
  <Name className="java.lang.String">string</Name>
  <Value className="java.lang.String">themselves</Value>
</Feature>
</Annotation>
<Annotation Id="451" Type="Token" StartNode="1169" EndNode="1180">
<Feature>
  <Name className="java.lang.String">string</Name>
  <Value className="java.lang.String">identifying</Value>
</Feature>
</Annotation>
<Annotation Id="448" Type="Token" StartNode="1160" EndNode="1167">
<Feature>
  <Name className="java.lang.String">string</Name>
  <Value className="java.lang.String">without</Value>
</Feature>
</Annotation>
<Annotation Id="500" Type="Token" StartNode="1297" EndNode="1306">
<Feature>
  <Name className="java.lang.String">string</Name>
  <Value className="java.lang.String">religious</Value>
</Feature>
</Annotation>
<Annotation Id="502" Type="Token" StartNode="1307" EndNode="1316">
<Feature>
  <Name className="java.lang.String">string</Name>
  <Value className="java.lang.String">extremist</Value>
</Feature>
</Annotation>
<Annotation Id="487" Type="Token" StartNode="1272" EndNode="1279">
<Feature>
  <Name className="java.lang.String">string</Name>
  <Value className="java.lang.String">invaded</Value>
</Feature>
</Annotation>
<Annotation Id="572" Type="Token" StartNode="1481" EndNode="1487">
<Feature>
  <Name className="java.lang.String">string</Name>
  <Value className="java.lang.String">wonder</Value>
</Feature>
</Annotation>
<Annotation Id="518" Type="Token" StartNode="1348" EndNode="1354">
<Feature>
  <Name className="java.lang.String">string</Name>
  <Value className="java.lang.String">myself</Value>
</Feature>
</Annotation>
<Annotation Id="527" Type="Token" StartNode="1367" EndNode="1373">
<Feature>
  <Name className="java.lang.String">string</Name>
  <Value className="java.lang.String">busted</Value>
</Feature>
</Annotation>
<Annotation Id="541" Type="Token" StartNode="1407" EndNode="1418">
<Feature>
  <Name className="java.lang.String">string</Name>
  <Value className="java.lang.String">identifying</Value>
</Feature>
</Annotation>
<Annotation Id="543" Type="Token" StartNode="1419" EndNode="1428">
<Feature>
  <Name className="java.lang.String">string</Name>
  <Value className="java.lang.String">themselve</Value>
</Feature>
</Annotation>
<Annotation Id="537" Type="Token" StartNode="1391" EndNode="1398">
<Feature>
  <Name className="java.lang.String">string</Name>
  <Value className="java.lang.String">mistake</Value>
</Feature>
</Annotation>
<Annotation Id="539" Type="Token" StartNode="1399" EndNode="1406">
<Feature>
  <Name className="java.lang.String">string</Name>
  <Value className="java.lang.String">without</Value>
</Feature>
</Annotation>
<Annotation Id="622" Type="Token" StartNode="1599" EndNode="1606">
<Feature>
  <Name className="java.lang.String">string</Name>
  <Value className="java.lang.String">machine</Value>
</Feature>
</Annotation>
<Annotation Id="620" Type="Token" StartNode="1591" EndNode="1598">
<Feature>
  <Name className="java.lang.String">string</Name>
  <Value className="java.lang.String">calibre</Value>
</Feature>
</Annotation>
<Annotation Id="630" Type="Token" StartNode="1620" EndNode="1626">
<Feature>
  <Name className="java.lang.String">string</Name>
  <Value className="java.lang.String">toilet</Value>
</Feature>
</Annotation>
<Annotation Id="636" Type="Token" StartNode="1633" EndNode="1642">
<Feature>
  <Name className="java.lang.String">string</Name>
  <Value className="java.lang.String">presented</Value>
</Feature>
</Annotation>
<Annotation Id="586" Type="Token" StartNode="1509" EndNode="1516">
<Feature>
  <Name className="java.lang.String">string</Name>
  <Value className="java.lang.String">illegal</Value>
</Feature>
</Annotation>
<Annotation Id="595" Type="Token" StartNode="1531" EndNode="1537">
<Feature>
  <Name className="java.lang.String">string</Name>
  <Value className="java.lang.String">should</Value>
</Feature>
</Annotation>
<Annotation Id="599" Type="Token" StartNode="1543" EndNode="1549">
<Feature>
  <Name className="java.lang.String">string</Name>
  <Value className="java.lang.String">gotten</Value>
</Feature>
</Annotation>
<Annotation Id="603" Type="Token" StartNode="1552" EndNode="1558">
<Feature>
  <Name className="java.lang.String">string</Name>
  <Value className="java.lang.String">normal</Value>
</Feature>
</Annotation>
<Annotation Id="605" Type="Token" StartNode="1559" EndNode="1566">
<Feature>
  <Name className="java.lang.String">string</Name>
  <Value className="java.lang.String">warrant</Value>
</Feature>
</Annotation>
<Annotation Id="678" Type="Token" StartNode="1749" EndNode="1755">
<Feature>
  <Name className="java.lang.String">string</Name>
  <Value className="java.lang.String">murder</Value>
</Feature>
</Annotation>
<Annotation Id="676" Type="Token" StartNode="1739" EndNode="1748">
<Feature>
  <Name className="java.lang.String">string</Name>
  <Value className="java.lang.String">attempted</Value>
</Feature>
</Annotation>
<Annotation Id="688" Type="Token" StartNode="1772" EndNode="1781">
<Feature>
  <Name className="java.lang.String">string</Name>
  <Value className="java.lang.String">acquitted</Value>
</Feature>
</Annotation>
<Annotation Id="653" Type="Token" StartNode="1678" EndNode="1684">
<Feature>
  <Name className="java.lang.String">string</Name>
  <Value className="java.lang.String">Koresh</Value>
</Feature>
</Annotation>
<Annotation Id="644" Type="Token" StartNode="1651" EndNode="1659">
<Feature>
  <Name className="java.lang.String">string</Name>
  <Value className="java.lang.String">peaceful</Value>
</Feature>
</Annotation>
<Annotation Id="646" Type="Token" StartNode="1660" EndNode="1666">
<Feature>
  <Name className="java.lang.String">string</Name>
  <Value className="java.lang.String">normal</Value>
</Feature>
</Annotation>
<Annotation Id="670" Type="Token" StartNode="1720" EndNode="1728">
<Feature>
  <Name className="java.lang.String">string</Name>
  <Value className="java.lang.String">standing</Value>
</Feature>
</Annotation>
<Annotation Id="659" Type="Token" StartNode="1693" EndNode="1700">
<Feature>
  <Name className="java.lang.String">string</Name>
  <Value className="java.lang.String">brushes</Value>
</Feature>
</Annotation>
<Annotation Id="745" Type="Token" StartNode="1913" EndNode="1921">
<Feature>
  <Name className="java.lang.String">string</Name>
  <Value className="java.lang.String">indicate</Value>
</Feature>
</Annotation>
<Annotation Id="755" Type="Token" StartNode="1941" EndNode="1947">
<Feature>
  <Name className="java.lang.String">string</Name>
  <Value className="java.lang.String">danger</Value>
</Feature>
</Annotation>
<Annotation Id="759" Type="Token" StartNode="1951" EndNode="1958">
<Feature>
  <Name className="java.lang.String">string</Name>
  <Value className="java.lang.String">society</Value>
</Feature>
</Annotation>
<Annotation Id="712" Type="Token" StartNode="1833" EndNode="1839">
<Feature>
  <Name className="java.lang.String">string</Name>
  <Value className="java.lang.String">people</Value>
</Feature>
</Annotation>
<Annotation Id="716" Type="Token" StartNode="1846" EndNode="1854">
<Feature>
  <Name className="java.lang.String">string</Name>
  <Value className="java.lang.String">peacibly</Value>
</Feature>
</Annotation>
<Annotation Id="706" Type="Token" StartNode="1818" EndNode="1824">
<Feature>
  <Name className="java.lang.String">string</Name>
  <Value className="java.lang.String">Koresh</Value>
</Feature>
</Annotation>
<Annotation Id="727" Type="Token" StartNode="1875" EndNode="1881">
<Feature>
  <Name className="java.lang.String">string</Name>
  <Value className="java.lang.String">action</Value>
</Feature>
</Annotation>
<Annotation Id="817" Type="Token" StartNode="2103" EndNode="2109">
<Feature>
  <Name className="java.lang.String">string</Name>
  <Value className="java.lang.String">looney</Value>
</Feature>
</Annotation>
<Annotation Id="807" Type="Token" StartNode="2081" EndNode="2088">
<Feature>
  <Name className="java.lang.String">string</Name>
  <Value className="java.lang.String">against</Value>
</Feature>
</Annotation>
<Annotation Id="788" Type="Token" StartNode="2034" EndNode="2040">
<Feature>
  <Name className="java.lang.String">string</Name>
  <Value className="java.lang.String">slight</Value>
</Feature>
</Annotation>
<Annotation Id="784" Type="Token" StartNode="2020" EndNode="2030">
<Feature>
  <Name className="java.lang.String">string</Name>
  <Value className="java.lang.String">extremists</Value>
</Feature>
</Annotation>
<Annotation Id="796" Type="Token" StartNode="2057" EndNode="2067">
<Feature>
  <Name className="java.lang.String">string</Name>
  <Value className="java.lang.String">irrelevant</Value>
</Feature>
</Annotation>
<Annotation Id="794" Type="Token" StartNode="2049" EndNode="2056">
<Feature>
  <Name className="java.lang.String">string</Name>
  <Value className="java.lang.String">totally</Value>
</Feature>
</Annotation>
<Annotation Id="772" Type="Token" StartNode="1983" EndNode="1990">
<Feature>
  <Name className="java.lang.String">string</Name>
  <Value className="java.lang.String">whether</Value>
</Feature>
</Annotation>
<Annotation Id="768" Type="Token" StartNode="1971" EndNode="1979">
<Feature>
  <Name className="java.lang.String">string</Name>
  <Value className="java.lang.String">question</Value>
</Feature>
</Annotation>
<Annotation Id="782" Type="Token" StartNode="2010" EndNode="2019">
<Feature>
  <Name className="java.lang.String">string</Name>
  <Value className="java.lang.String">religious</Value>
</Feature>
</Annotation>
<Annotation Id="778" Type="Token" StartNode="1998" EndNode="2004">
<Feature>
  <Name className="java.lang.String">string</Name>
  <Value className="java.lang.String">people</Value>
</Feature>
</Annotation>
<Annotation Id="882" Type="Token" StartNode="2251" EndNode="2261">
<Feature>
  <Name className="java.lang.String">string</Name>
  <Value className="java.lang.String">Government</Value>
</Feature>
</Annotation>
<Annotation Id="869" Type="Token" StartNode="2214" EndNode="2226">
<Feature>
  <Name className="java.lang.String">string</Name>
  <Value className="java.lang.String">Constitution</Value>
</Feature>
</Annotation>
<Annotation Id="848" Type="Token" StartNode="2173" EndNode="2184">
<Feature>
  <Name className="java.lang.String">string</Name>
  <Value className="java.lang.String">Libertarian</Value>
</Feature>
</Annotation>
<Annotation Id="840" Type="Token" StartNode="2154" EndNode="2160">
<Feature>
  <Name className="java.lang.String">string</Name>
  <Value className="java.lang.String">afraid</Value>
</Feature>
</Annotation>
</AnnotationSet>
<AnnotationSet Name="Original markups"> </AnnotationSet>
</GateDocument>