<?xml version='1.0' encoding='UTF-8'?>
<GateDocument version="3">
<!-- The document's features-->

<GateDocumentFeatures>
<Feature>
  <Name className="java.lang.String">Original_document_content_on_load</Name>
  <Value className="java.lang.String">From: marka@hcx1.ssd.csd.harris.com (Mark Ashley)
Message-ID: &lt;Apr.25.22.19.06.1993.5502@geneva.rutgers.edu>
Date: 26 Apr 93 02:19:06 GMT
Sender: hedrick@geneva.rutgers.edu
Organization: FL
Lines: 31
Approved: christian@aramis.rutgers.edu

In article &lt;Apr.24.01.08.17.1993.4217@geneva.rutgers.edu> shd2001@andy.bgsu.edu (Sherlette Dixon) writes:
>The people who post to this particular newsgroup are either too cowardly,

&lt;...more accusations about a worldwide conspiracy against blacks.>

Since Jesus was born in the Middle East, then I expect his human
features to be similar to Middle Easterners at that point in time.
And since the camera wasn't invented yet we can only guess what 
he looked like. For example, with all the dinosaur bones we're
digging up we still don't know if they were yellow-polka-dotted,
or purplish-orange 8-). Likewise, I don't think anybody has a 
picture of Jesus (is there ? 8-) ) So our current image of 
Jesus is our best guess.

Okay. So let's assume that Jesus is black. Would that make you
follow His techings ? Cause if you follow His teachings, skin 
color becomes a moot point, anyway. What counts more in your
life ? Your faith in Jesus or His skin color (as a human) ?

In the interest of historical accuracy, however, since Jesus
was from Israel wouldn't His skin color be like any other Jew ?
i.e. fair-skinned ? Although probably heavily tanned from the
desert sun ? Experts in this area speak up !!! cause I'm not. 8-)



-- 
-------------------------------------------------------------------------
Mark Ashley                        |DISCLAIMER: My opinions. Not Harris'
marka@gcx1.ssd.csd.harris.com      |
The Lost Los Angelino              |
</Value>
</Feature>
<Feature>
  <Name className="java.lang.String">gate.SourceURL</Name>
  <Value className="java.lang.String">file:/C:/Users/jian/Documents/NetBeansProjects/NoiseReductionTechniques/mideastPoliticsMix/negative282</Value>
</Feature>
</GateDocumentFeatures>
<!-- The document content area with serialized nodes -->

<TextWithNodes><Node id="0"/>From<Node id="4"/>:<Node id="5"/> <Node id="6"/>marka<Node id="11"/>@<Node id="12"/>hcx<Node id="15"/>1<Node id="16"/>.<Node id="17"/>ssd<Node id="20"/>.<Node id="21"/>csd<Node id="24"/>.<Node id="25"/>harris<Node id="31"/>.<Node id="32"/>com<Node id="35"/> <Node id="36"/>(<Node id="37"/>Mark<Node id="41"/> <Node id="42"/>Ashley<Node id="48"/>)<Node id="49"/>
<Node id="50"/>Message-<Node id="58"/>ID<Node id="60"/>:<Node id="61"/> <Node id="62"/>&lt;<Node id="63"/>Apr<Node id="66"/>.<Node id="67"/>25<Node id="69"/>.<Node id="70"/>22<Node id="72"/>.<Node id="73"/>19<Node id="75"/>.<Node id="76"/>06<Node id="78"/>.<Node id="79"/>1993<Node id="83"/>.<Node id="84"/>5502<Node id="88"/>@<Node id="89"/>geneva<Node id="95"/>.<Node id="96"/>rutgers<Node id="103"/>.<Node id="104"/>edu<Node id="107"/>&gt;<Node id="108"/>
<Node id="109"/>Date<Node id="113"/>:<Node id="114"/> <Node id="115"/>26<Node id="117"/> <Node id="118"/>Apr<Node id="121"/> <Node id="122"/>93<Node id="124"/> <Node id="125"/>02<Node id="127"/>:<Node id="128"/>19<Node id="130"/>:<Node id="131"/>06<Node id="133"/> <Node id="134"/>GMT<Node id="137"/>
<Node id="138"/>Sender<Node id="144"/>:<Node id="145"/> <Node id="146"/>hedrick<Node id="153"/>@<Node id="154"/>geneva<Node id="160"/>.<Node id="161"/>rutgers<Node id="168"/>.<Node id="169"/>edu<Node id="172"/>
<Node id="173"/>Organization<Node id="185"/>:<Node id="186"/> <Node id="187"/>FL<Node id="189"/>
<Node id="190"/>Lines<Node id="195"/>:<Node id="196"/> <Node id="197"/>31<Node id="199"/>
<Node id="200"/>Approved<Node id="208"/>:<Node id="209"/> <Node id="210"/>christian<Node id="219"/>@<Node id="220"/>aramis<Node id="226"/>.<Node id="227"/>rutgers<Node id="234"/>.<Node id="235"/>edu<Node id="238"/>
<Node id="239"/>
<Node id="240"/>In<Node id="242"/> <Node id="243"/>article<Node id="250"/> <Node id="251"/>&lt;<Node id="252"/>Apr<Node id="255"/>.<Node id="256"/>24<Node id="258"/>.<Node id="259"/>01<Node id="261"/>.<Node id="262"/>08<Node id="264"/>.<Node id="265"/>17<Node id="267"/>.<Node id="268"/>1993<Node id="272"/>.<Node id="273"/>4217<Node id="277"/>@<Node id="278"/>geneva<Node id="284"/>.<Node id="285"/>rutgers<Node id="292"/>.<Node id="293"/>edu<Node id="296"/>&gt;<Node id="297"/> <Node id="298"/>shd<Node id="301"/>2001<Node id="305"/>@<Node id="306"/>andy<Node id="310"/>.<Node id="311"/>bgsu<Node id="315"/>.<Node id="316"/>edu<Node id="319"/> <Node id="320"/>(<Node id="321"/>Sherlette<Node id="330"/> <Node id="331"/>Dixon<Node id="336"/>)<Node id="337"/> <Node id="338"/>writes<Node id="344"/>:<Node id="345"/>
<Node id="346"/>&gt;<Node id="347"/>The<Node id="350"/> <Node id="351"/>people<Node id="357"/> <Node id="358"/>who<Node id="361"/> <Node id="362"/>post<Node id="366"/> <Node id="367"/>to<Node id="369"/> <Node id="370"/>this<Node id="374"/> <Node id="375"/>particular<Node id="385"/> <Node id="386"/>newsgroup<Node id="395"/> <Node id="396"/>are<Node id="399"/> <Node id="400"/>either<Node id="406"/> <Node id="407"/>too<Node id="410"/> <Node id="411"/>cowardly<Node id="419"/>,<Node id="420"/>
<Node id="421"/>
<Node id="422"/>&lt;<Node id="423"/>.<Node id="424"/>.<Node id="425"/>.<Node id="426"/>more<Node id="430"/> <Node id="431"/>accusations<Node id="442"/> <Node id="443"/>about<Node id="448"/> <Node id="449"/>a<Node id="450"/> <Node id="451"/>worldwide<Node id="460"/> <Node id="461"/>conspiracy<Node id="471"/> <Node id="472"/>against<Node id="479"/> <Node id="480"/>blacks<Node id="486"/>.<Node id="487"/>&gt;<Node id="488"/>
<Node id="489"/>
<Node id="490"/>Since<Node id="495"/> <Node id="496"/>Jesus<Node id="501"/> <Node id="502"/>was<Node id="505"/> <Node id="506"/>born<Node id="510"/> <Node id="511"/>in<Node id="513"/> <Node id="514"/>the<Node id="517"/> <Node id="518"/>Middle<Node id="524"/> <Node id="525"/>East<Node id="529"/>,<Node id="530"/> <Node id="531"/>then<Node id="535"/> <Node id="536"/>I<Node id="537"/> <Node id="538"/>expect<Node id="544"/> <Node id="545"/>his<Node id="548"/> <Node id="549"/>human<Node id="554"/>
<Node id="555"/>features<Node id="563"/> <Node id="564"/>to<Node id="566"/> <Node id="567"/>be<Node id="569"/> <Node id="570"/>similar<Node id="577"/> <Node id="578"/>to<Node id="580"/> <Node id="581"/>Middle<Node id="587"/> <Node id="588"/>Easterners<Node id="598"/> <Node id="599"/>at<Node id="601"/> <Node id="602"/>that<Node id="606"/> <Node id="607"/>point<Node id="612"/> <Node id="613"/>in<Node id="615"/> <Node id="616"/>time<Node id="620"/>.<Node id="621"/>
<Node id="622"/>And<Node id="625"/> <Node id="626"/>since<Node id="631"/> <Node id="632"/>the<Node id="635"/> <Node id="636"/>camera<Node id="642"/> <Node id="643"/>was<Node id="646"/>n't<Node id="649"/> <Node id="650"/>invented<Node id="658"/> <Node id="659"/>yet<Node id="662"/> <Node id="663"/>we<Node id="665"/> <Node id="666"/>can<Node id="669"/> <Node id="670"/>only<Node id="674"/> <Node id="675"/>guess<Node id="680"/> <Node id="681"/>what<Node id="685"/> <Node id="686"/>
<Node id="687"/>he<Node id="689"/> <Node id="690"/>looked<Node id="696"/> <Node id="697"/>like<Node id="701"/>.<Node id="702"/> <Node id="703"/>For<Node id="706"/> <Node id="707"/>example<Node id="714"/>,<Node id="715"/> <Node id="716"/>with<Node id="720"/> <Node id="721"/>all<Node id="724"/> <Node id="725"/>the<Node id="728"/> <Node id="729"/>dinosaur<Node id="737"/> <Node id="738"/>bones<Node id="743"/> <Node id="744"/>we<Node id="746"/>'re<Node id="749"/>
<Node id="750"/>digging<Node id="757"/> <Node id="758"/>up<Node id="760"/> <Node id="761"/>we<Node id="763"/> <Node id="764"/>still<Node id="769"/> <Node id="770"/>do<Node id="772"/>n't<Node id="775"/> <Node id="776"/>know<Node id="780"/> <Node id="781"/>if<Node id="783"/> <Node id="784"/>they<Node id="788"/> <Node id="789"/>were<Node id="793"/> <Node id="794"/>yellow-polka-dotted<Node id="813"/>,<Node id="814"/>
<Node id="815"/>or<Node id="817"/> <Node id="818"/>purplish-orange<Node id="833"/> <Node id="834"/>8<Node id="835"/>-<Node id="836"/>)<Node id="837"/>.<Node id="838"/> <Node id="839"/>Likewise<Node id="847"/>,<Node id="848"/> <Node id="849"/>I<Node id="850"/> <Node id="851"/>do<Node id="853"/>n't<Node id="856"/> <Node id="857"/>think<Node id="862"/> <Node id="863"/>anybody<Node id="870"/> <Node id="871"/>has<Node id="874"/> <Node id="875"/>a<Node id="876"/> <Node id="877"/>
<Node id="878"/>picture<Node id="885"/> <Node id="886"/>of<Node id="888"/> <Node id="889"/>Jesus<Node id="894"/> <Node id="895"/>(<Node id="896"/>is<Node id="898"/> <Node id="899"/>there<Node id="904"/> <Node id="905"/>?<Node id="906"/> <Node id="907"/>8<Node id="908"/>-<Node id="909"/>)<Node id="910"/> <Node id="911"/>)<Node id="912"/> <Node id="913"/>So<Node id="915"/> <Node id="916"/>our<Node id="919"/> <Node id="920"/>current<Node id="927"/> <Node id="928"/>image<Node id="933"/> <Node id="934"/>of<Node id="936"/> <Node id="937"/>
<Node id="938"/>Jesus<Node id="943"/> <Node id="944"/>is<Node id="946"/> <Node id="947"/>our<Node id="950"/> <Node id="951"/>best<Node id="955"/> <Node id="956"/>guess<Node id="961"/>.<Node id="962"/>
<Node id="963"/>
<Node id="964"/>Okay<Node id="968"/>.<Node id="969"/> <Node id="970"/>So<Node id="972"/> <Node id="973"/>let<Node id="976"/>'s<Node id="978"/> <Node id="979"/>assume<Node id="985"/> <Node id="986"/>that<Node id="990"/> <Node id="991"/>Jesus<Node id="996"/> <Node id="997"/>is<Node id="999"/> <Node id="1000"/>black<Node id="1005"/>.<Node id="1006"/> <Node id="1007"/>Would<Node id="1012"/> <Node id="1013"/>that<Node id="1017"/> <Node id="1018"/>make<Node id="1022"/> <Node id="1023"/>you<Node id="1026"/>
<Node id="1027"/>follow<Node id="1033"/> <Node id="1034"/>His<Node id="1037"/> <Node id="1038"/>techings<Node id="1046"/> <Node id="1047"/>?<Node id="1048"/> <Node id="1049"/>Cause<Node id="1054"/> <Node id="1055"/>if<Node id="1057"/> <Node id="1058"/>you<Node id="1061"/> <Node id="1062"/>follow<Node id="1068"/> <Node id="1069"/>His<Node id="1072"/> <Node id="1073"/>teachings<Node id="1082"/>,<Node id="1083"/> <Node id="1084"/>skin<Node id="1088"/> <Node id="1089"/>
<Node id="1090"/>color<Node id="1095"/> <Node id="1096"/>becomes<Node id="1103"/> <Node id="1104"/>a<Node id="1105"/> <Node id="1106"/>moot<Node id="1110"/> <Node id="1111"/>point<Node id="1116"/>,<Node id="1117"/> <Node id="1118"/>anyway<Node id="1124"/>.<Node id="1125"/> <Node id="1126"/>What<Node id="1130"/> <Node id="1131"/>counts<Node id="1137"/> <Node id="1138"/>more<Node id="1142"/> <Node id="1143"/>in<Node id="1145"/> <Node id="1146"/>your<Node id="1150"/>
<Node id="1151"/>life<Node id="1155"/> <Node id="1156"/>?<Node id="1157"/> <Node id="1158"/>Your<Node id="1162"/> <Node id="1163"/>faith<Node id="1168"/> <Node id="1169"/>in<Node id="1171"/> <Node id="1172"/>Jesus<Node id="1177"/> <Node id="1178"/>or<Node id="1180"/> <Node id="1181"/>His<Node id="1184"/> <Node id="1185"/>skin<Node id="1189"/> <Node id="1190"/>color<Node id="1195"/> <Node id="1196"/>(<Node id="1197"/>as<Node id="1199"/> <Node id="1200"/>a<Node id="1201"/> <Node id="1202"/>human<Node id="1207"/>)<Node id="1208"/> <Node id="1209"/>?<Node id="1210"/>
<Node id="1211"/>
<Node id="1212"/>In<Node id="1214"/> <Node id="1215"/>the<Node id="1218"/> <Node id="1219"/>interest<Node id="1227"/> <Node id="1228"/>of<Node id="1230"/> <Node id="1231"/>historical<Node id="1241"/> <Node id="1242"/>accuracy<Node id="1250"/>,<Node id="1251"/> <Node id="1252"/>however<Node id="1259"/>,<Node id="1260"/> <Node id="1261"/>since<Node id="1266"/> <Node id="1267"/>Jesus<Node id="1272"/>
<Node id="1273"/>was<Node id="1276"/> <Node id="1277"/>from<Node id="1281"/> <Node id="1282"/>Israel<Node id="1288"/> <Node id="1289"/>would<Node id="1294"/>n't<Node id="1297"/> <Node id="1298"/>His<Node id="1301"/> <Node id="1302"/>skin<Node id="1306"/> <Node id="1307"/>color<Node id="1312"/> <Node id="1313"/>be<Node id="1315"/> <Node id="1316"/>like<Node id="1320"/> <Node id="1321"/>any<Node id="1324"/> <Node id="1325"/>other<Node id="1330"/> <Node id="1331"/>Jew<Node id="1334"/> <Node id="1335"/>?<Node id="1336"/>
<Node id="1337"/>i<Node id="1338"/>.<Node id="1339"/>e<Node id="1340"/>.<Node id="1341"/> <Node id="1342"/>fair-skinned<Node id="1354"/> <Node id="1355"/>?<Node id="1356"/> <Node id="1357"/>Although<Node id="1365"/> <Node id="1366"/>probably<Node id="1374"/> <Node id="1375"/>heavily<Node id="1382"/> <Node id="1383"/>tanned<Node id="1389"/> <Node id="1390"/>from<Node id="1394"/> <Node id="1395"/>the<Node id="1398"/>
<Node id="1399"/>desert<Node id="1405"/> <Node id="1406"/>sun<Node id="1409"/> <Node id="1410"/>?<Node id="1411"/> <Node id="1412"/>Experts<Node id="1419"/> <Node id="1420"/>in<Node id="1422"/> <Node id="1423"/>this<Node id="1427"/> <Node id="1428"/>area<Node id="1432"/> <Node id="1433"/>speak<Node id="1438"/> <Node id="1439"/>up<Node id="1441"/> <Node id="1442"/>!<Node id="1443"/>!<Node id="1444"/>!<Node id="1445"/> <Node id="1446"/>cause<Node id="1451"/> <Node id="1452"/>I<Node id="1453"/>'m<Node id="1455"/> <Node id="1456"/>not<Node id="1459"/>.<Node id="1460"/> <Node id="1461"/>8<Node id="1462"/>-<Node id="1463"/>)<Node id="1464"/>
<Node id="1465"/>
<Node id="1466"/>
<Node id="1467"/>
<Node id="1468"/>-<Node id="1469"/>-<Node id="1470"/> <Node id="1471"/>
<Node id="1472"/>-<Node id="1473"/>-<Node id="1474"/>-<Node id="1475"/>-<Node id="1476"/>-<Node id="1477"/>-<Node id="1478"/>-<Node id="1479"/>-<Node id="1480"/>-<Node id="1481"/>-<Node id="1482"/>-<Node id="1483"/>-<Node id="1484"/>-<Node id="1485"/>-<Node id="1486"/>-<Node id="1487"/>-<Node id="1488"/>-<Node id="1489"/>-<Node id="1490"/>-<Node id="1491"/>-<Node id="1492"/>-<Node id="1493"/>-<Node id="1494"/>-<Node id="1495"/>-<Node id="1496"/>-<Node id="1497"/>-<Node id="1498"/>-<Node id="1499"/>-<Node id="1500"/>-<Node id="1501"/>-<Node id="1502"/>-<Node id="1503"/>-<Node id="1504"/>-<Node id="1505"/>-<Node id="1506"/>-<Node id="1507"/>-<Node id="1508"/>-<Node id="1509"/>-<Node id="1510"/>-<Node id="1511"/>-<Node id="1512"/>-<Node id="1513"/>-<Node id="1514"/>-<Node id="1515"/>-<Node id="1516"/>-<Node id="1517"/>-<Node id="1518"/>-<Node id="1519"/>-<Node id="1520"/>-<Node id="1521"/>-<Node id="1522"/>-<Node id="1523"/>-<Node id="1524"/>-<Node id="1525"/>-<Node id="1526"/>-<Node id="1527"/>-<Node id="1528"/>-<Node id="1529"/>-<Node id="1530"/>-<Node id="1531"/>-<Node id="1532"/>-<Node id="1533"/>-<Node id="1534"/>-<Node id="1535"/>-<Node id="1536"/>-<Node id="1537"/>-<Node id="1538"/>-<Node id="1539"/>-<Node id="1540"/>-<Node id="1541"/>-<Node id="1542"/>-<Node id="1543"/>-<Node id="1544"/>-<Node id="1545"/>
<Node id="1546"/>Mark<Node id="1550"/> <Node id="1551"/>Ashley<Node id="1557"/> <Node id="1558"/> <Node id="1559"/> <Node id="1560"/> <Node id="1561"/> <Node id="1562"/> <Node id="1563"/> <Node id="1564"/> <Node id="1565"/> <Node id="1566"/> <Node id="1567"/> <Node id="1568"/> <Node id="1569"/> <Node id="1570"/> <Node id="1571"/> <Node id="1572"/> <Node id="1573"/> <Node id="1574"/> <Node id="1575"/> <Node id="1576"/> <Node id="1577"/> <Node id="1578"/> <Node id="1579"/> <Node id="1580"/> <Node id="1581"/>|<Node id="1582"/>DISCLAIMER<Node id="1592"/>:<Node id="1593"/> <Node id="1594"/>My<Node id="1596"/> <Node id="1597"/>opinions<Node id="1605"/>.<Node id="1606"/> <Node id="1607"/>Not<Node id="1610"/> <Node id="1611"/>Harris<Node id="1617"/>'<Node id="1618"/>
<Node id="1619"/>marka<Node id="1624"/>@<Node id="1625"/>gcx<Node id="1628"/>1<Node id="1629"/>.<Node id="1630"/>ssd<Node id="1633"/>.<Node id="1634"/>csd<Node id="1637"/>.<Node id="1638"/>harris<Node id="1644"/>.<Node id="1645"/>com<Node id="1648"/> <Node id="1649"/> <Node id="1650"/> <Node id="1651"/> <Node id="1652"/> <Node id="1653"/> <Node id="1654"/>|<Node id="1655"/>
<Node id="1656"/>The<Node id="1659"/> <Node id="1660"/>Lost<Node id="1664"/> <Node id="1665"/>Los<Node id="1668"/> <Node id="1669"/>Angelino<Node id="1677"/> <Node id="1678"/> <Node id="1679"/> <Node id="1680"/> <Node id="1681"/> <Node id="1682"/> <Node id="1683"/> <Node id="1684"/> <Node id="1685"/> <Node id="1686"/> <Node id="1687"/> <Node id="1688"/> <Node id="1689"/> <Node id="1690"/> <Node id="1691"/>|<Node id="1692"/>
<Node id="1693"/></TextWithNodes>
<!-- The default annotation set -->

<AnnotationSet>
<Annotation EndNode="1693" StartNode="0" Type="Mention" Id="9999999">
<Feature>
<Name classname="java.lang.String">Class</Name>
<Value classname="java.lang.String">0</Value>
</Feature>
</Annotation>

<Annotation Id="12" Type="Token" StartNode="25" EndNode="31">
<Feature>
  <Name className="java.lang.String">string</Name>
  <Value className="java.lang.String">harris</Value>
</Feature>
</Annotation>
<Annotation Id="19" Type="Token" StartNode="42" EndNode="48">
<Feature>
  <Name className="java.lang.String">string</Name>
  <Value className="java.lang.String">Ashley</Value>
</Feature>
</Annotation>
<Annotation Id="22" Type="Token" StartNode="50" EndNode="58">
<Feature>
  <Name className="java.lang.String">string</Name>
  <Value className="java.lang.String">Message-</Value>
</Feature>
</Annotation>
<Annotation Id="43" Type="Token" StartNode="96" EndNode="103">
<Feature>
  <Name className="java.lang.String">string</Name>
  <Value className="java.lang.String">rutgers</Value>
</Feature>
</Annotation>
<Annotation Id="41" Type="Token" StartNode="89" EndNode="95">
<Feature>
  <Name className="java.lang.String">string</Name>
  <Value className="java.lang.String">geneva</Value>
</Feature>
</Annotation>
<Annotation Id="68" Type="Token" StartNode="146" EndNode="153">
<Feature>
  <Name className="java.lang.String">string</Name>
  <Value className="java.lang.String">hedrick</Value>
</Feature>
</Annotation>
<Annotation Id="70" Type="Token" StartNode="154" EndNode="160">
<Feature>
  <Name className="java.lang.String">string</Name>
  <Value className="java.lang.String">geneva</Value>
</Feature>
</Annotation>
<Annotation Id="65" Type="Token" StartNode="138" EndNode="144">
<Feature>
  <Name className="java.lang.String">string</Name>
  <Value className="java.lang.String">Sender</Value>
</Feature>
</Annotation>
<Annotation Id="76" Type="Token" StartNode="173" EndNode="185">
<Feature>
  <Name className="java.lang.String">string</Name>
  <Value className="java.lang.String">Organization</Value>
</Feature>
</Annotation>
<Annotation Id="72" Type="Token" StartNode="161" EndNode="168">
<Feature>
  <Name className="java.lang.String">string</Name>
  <Value className="java.lang.String">rutgers</Value>
</Feature>
</Annotation>
<Annotation Id="86" Type="Token" StartNode="200" EndNode="208">
<Feature>
  <Name className="java.lang.String">string</Name>
  <Value className="java.lang.String">Approved</Value>
</Feature>
</Annotation>
<Annotation Id="93" Type="Token" StartNode="227" EndNode="234">
<Feature>
  <Name className="java.lang.String">string</Name>
  <Value className="java.lang.String">rutgers</Value>
</Feature>
</Annotation>
<Annotation Id="89" Type="Token" StartNode="210" EndNode="219">
<Feature>
  <Name className="java.lang.String">string</Name>
  <Value className="java.lang.String">christian</Value>
</Feature>
</Annotation>
<Annotation Id="91" Type="Token" StartNode="220" EndNode="226">
<Feature>
  <Name className="java.lang.String">string</Name>
  <Value className="java.lang.String">aramis</Value>
</Feature>
</Annotation>
<Annotation Id="100" Type="Token" StartNode="243" EndNode="250">
<Feature>
  <Name className="java.lang.String">string</Name>
  <Value className="java.lang.String">article</Value>
</Feature>
</Annotation>
<Annotation Id="119" Type="Token" StartNode="285" EndNode="292">
<Feature>
  <Name className="java.lang.String">string</Name>
  <Value className="java.lang.String">rutgers</Value>
</Feature>
</Annotation>
<Annotation Id="117" Type="Token" StartNode="278" EndNode="284">
<Feature>
  <Name className="java.lang.String">string</Name>
  <Value className="java.lang.String">geneva</Value>
</Feature>
</Annotation>
<Annotation Id="139" Type="Token" StartNode="338" EndNode="344">
<Feature>
  <Name className="java.lang.String">string</Name>
  <Value className="java.lang.String">writes</Value>
</Feature>
</Annotation>
<Annotation Id="134" Type="Token" StartNode="321" EndNode="330">
<Feature>
  <Name className="java.lang.String">string</Name>
  <Value className="java.lang.String">Sherlette</Value>
</Feature>
</Annotation>
<Annotation Id="155" Type="Token" StartNode="375" EndNode="385">
<Feature>
  <Name className="java.lang.String">string</Name>
  <Value className="java.lang.String">particular</Value>
</Feature>
</Annotation>
<Annotation Id="157" Type="Token" StartNode="386" EndNode="395">
<Feature>
  <Name className="java.lang.String">string</Name>
  <Value className="java.lang.String">newsgroup</Value>
</Feature>
</Annotation>
<Annotation Id="145" Type="Token" StartNode="351" EndNode="357">
<Feature>
  <Name className="java.lang.String">string</Name>
  <Value className="java.lang.String">people</Value>
</Feature>
</Annotation>
<Annotation Id="175" Type="Token" StartNode="431" EndNode="442">
<Feature>
  <Name className="java.lang.String">string</Name>
  <Value className="java.lang.String">accusations</Value>
</Feature>
</Annotation>
<Annotation Id="161" Type="Token" StartNode="400" EndNode="406">
<Feature>
  <Name className="java.lang.String">string</Name>
  <Value className="java.lang.String">either</Value>
</Feature>
</Annotation>
<Annotation Id="165" Type="Token" StartNode="411" EndNode="419">
<Feature>
  <Name className="java.lang.String">string</Name>
  <Value className="java.lang.String">cowardly</Value>
</Feature>
</Annotation>
<Annotation Id="187" Type="Token" StartNode="480" EndNode="486">
<Feature>
  <Name className="java.lang.String">string</Name>
  <Value className="java.lang.String">blacks</Value>
</Feature>
</Annotation>
<Annotation Id="185" Type="Token" StartNode="472" EndNode="479">
<Feature>
  <Name className="java.lang.String">string</Name>
  <Value className="java.lang.String">against</Value>
</Feature>
</Annotation>
<Annotation Id="183" Type="Token" StartNode="461" EndNode="471">
<Feature>
  <Name className="java.lang.String">string</Name>
  <Value className="java.lang.String">conspiracy</Value>
</Feature>
</Annotation>
<Annotation Id="181" Type="Token" StartNode="451" EndNode="460">
<Feature>
  <Name className="java.lang.String">string</Name>
  <Value className="java.lang.String">worldwide</Value>
</Feature>
</Annotation>
<Annotation Id="204" Type="Token" StartNode="518" EndNode="524">
<Feature>
  <Name className="java.lang.String">string</Name>
  <Value className="java.lang.String">Middle</Value>
</Feature>
</Annotation>
<Annotation Id="219" Type="Token" StartNode="555" EndNode="563">
<Feature>
  <Name className="java.lang.String">string</Name>
  <Value className="java.lang.String">features</Value>
</Feature>
</Annotation>
<Annotation Id="213" Type="Token" StartNode="538" EndNode="544">
<Feature>
  <Name className="java.lang.String">string</Name>
  <Value className="java.lang.String">expect</Value>
</Feature>
</Annotation>
<Annotation Id="231" Type="Token" StartNode="588" EndNode="598">
<Feature>
  <Name className="java.lang.String">string</Name>
  <Value className="java.lang.String">Easterners</Value>
</Feature>
</Annotation>
<Annotation Id="229" Type="Token" StartNode="581" EndNode="587">
<Feature>
  <Name className="java.lang.String">string</Name>
  <Value className="java.lang.String">Middle</Value>
</Feature>
</Annotation>
<Annotation Id="225" Type="Token" StartNode="570" EndNode="577">
<Feature>
  <Name className="java.lang.String">string</Name>
  <Value className="java.lang.String">similar</Value>
</Feature>
</Annotation>
<Annotation Id="250" Type="Token" StartNode="636" EndNode="642">
<Feature>
  <Name className="java.lang.String">string</Name>
  <Value className="java.lang.String">camera</Value>
</Feature>
</Annotation>
<Annotation Id="273" Type="Token" StartNode="690" EndNode="696">
<Feature>
  <Name className="java.lang.String">string</Name>
  <Value className="java.lang.String">looked</Value>
</Feature>
</Annotation>
<Annotation Id="280" Type="Token" StartNode="707" EndNode="714">
<Feature>
  <Name className="java.lang.String">string</Name>
  <Value className="java.lang.String">example</Value>
</Feature>
</Annotation>
<Annotation Id="256" Type="Token" StartNode="650" EndNode="658">
<Feature>
  <Name className="java.lang.String">string</Name>
  <Value className="java.lang.String">invented</Value>
</Feature>
</Annotation>
<Annotation Id="317" Type="Token" StartNode="794" EndNode="813">
<Feature>
  <Name className="java.lang.String">string</Name>
  <Value className="java.lang.String">yellow-polka-dotted</Value>
</Feature>
</Annotation>
<Annotation Id="289" Type="Token" StartNode="729" EndNode="737">
<Feature>
  <Name className="java.lang.String">string</Name>
  <Value className="java.lang.String">dinosaur</Value>
</Feature>
</Annotation>
<Annotation Id="297" Type="Token" StartNode="750" EndNode="757">
<Feature>
  <Name className="java.lang.String">string</Name>
  <Value className="java.lang.String">digging</Value>
</Feature>
</Annotation>
<Annotation Id="340" Type="Token" StartNode="863" EndNode="870">
<Feature>
  <Name className="java.lang.String">string</Name>
  <Value className="java.lang.String">anybody</Value>
</Feature>
</Annotation>
<Annotation Id="347" Type="Token" StartNode="878" EndNode="885">
<Feature>
  <Name className="java.lang.String">string</Name>
  <Value className="java.lang.String">picture</Value>
</Feature>
</Annotation>
<Annotation Id="322" Type="Token" StartNode="818" EndNode="833">
<Feature>
  <Name className="java.lang.String">string</Name>
  <Value className="java.lang.String">purplish-orange</Value>
</Feature>
</Annotation>
<Annotation Id="329" Type="Token" StartNode="839" EndNode="847">
<Feature>
  <Name className="java.lang.String">string</Name>
  <Value className="java.lang.String">Likewise</Value>
</Feature>
</Annotation>
<Annotation Id="370" Type="Token" StartNode="920" EndNode="927">
<Feature>
  <Name className="java.lang.String">string</Name>
  <Value className="java.lang.String">current</Value>
</Feature>
</Annotation>
<Annotation Id="398" Type="Token" StartNode="979" EndNode="985">
<Feature>
  <Name className="java.lang.String">string</Name>
  <Value className="java.lang.String">assume</Value>
</Feature>
</Annotation>
<Annotation Id="443" Type="Token" StartNode="1096" EndNode="1103">
<Feature>
  <Name className="java.lang.String">string</Name>
  <Value className="java.lang.String">becomes</Value>
</Feature>
</Annotation>
<Annotation Id="435" Type="Token" StartNode="1073" EndNode="1082">
<Feature>
  <Name className="java.lang.String">string</Name>
  <Value className="java.lang.String">teachings</Value>
</Feature>
</Annotation>
<Annotation Id="431" Type="Token" StartNode="1062" EndNode="1068">
<Feature>
  <Name className="java.lang.String">string</Name>
  <Value className="java.lang.String">follow</Value>
</Feature>
</Annotation>
<Annotation Id="417" Type="Token" StartNode="1027" EndNode="1033">
<Feature>
  <Name className="java.lang.String">string</Name>
  <Value className="java.lang.String">follow</Value>
</Feature>
</Annotation>
<Annotation Id="421" Type="Token" StartNode="1038" EndNode="1046">
<Feature>
  <Name className="java.lang.String">string</Name>
  <Value className="java.lang.String">techings</Value>
</Feature>
</Annotation>
<Annotation Id="457" Type="Token" StartNode="1131" EndNode="1137">
<Feature>
  <Name className="java.lang.String">string</Name>
  <Value className="java.lang.String">counts</Value>
</Feature>
</Annotation>
<Annotation Id="452" Type="Token" StartNode="1118" EndNode="1124">
<Feature>
  <Name className="java.lang.String">string</Name>
  <Value className="java.lang.String">anyway</Value>
</Feature>
</Annotation>
<Annotation Id="509" Type="Token" StartNode="1252" EndNode="1259">
<Feature>
  <Name className="java.lang.String">string</Name>
  <Value className="java.lang.String">however</Value>
</Feature>
</Annotation>
<Annotation Id="504" Type="Token" StartNode="1231" EndNode="1241">
<Feature>
  <Name className="java.lang.String">string</Name>
  <Value className="java.lang.String">historical</Value>
</Feature>
</Annotation>
<Annotation Id="506" Type="Token" StartNode="1242" EndNode="1250">
<Feature>
  <Name className="java.lang.String">string</Name>
  <Value className="java.lang.String">accuracy</Value>
</Feature>
</Annotation>
<Annotation Id="500" Type="Token" StartNode="1219" EndNode="1227">
<Feature>
  <Name className="java.lang.String">string</Name>
  <Value className="java.lang.String">interest</Value>
</Feature>
</Annotation>
<Annotation Id="549" Type="Token" StartNode="1342" EndNode="1354">
<Feature>
  <Name className="java.lang.String">string</Name>
  <Value className="java.lang.String">fair-skinned</Value>
</Feature>
</Annotation>
<Annotation Id="559" Type="Token" StartNode="1383" EndNode="1389">
<Feature>
  <Name className="java.lang.String">string</Name>
  <Value className="java.lang.String">tanned</Value>
</Feature>
</Annotation>
<Annotation Id="557" Type="Token" StartNode="1375" EndNode="1382">
<Feature>
  <Name className="java.lang.String">string</Name>
  <Value className="java.lang.String">heavily</Value>
</Feature>
</Annotation>
<Annotation Id="555" Type="Token" StartNode="1366" EndNode="1374">
<Feature>
  <Name className="java.lang.String">string</Name>
  <Value className="java.lang.String">probably</Value>
</Feature>
</Annotation>
<Annotation Id="553" Type="Token" StartNode="1357" EndNode="1365">
<Feature>
  <Name className="java.lang.String">string</Name>
  <Value className="java.lang.String">Although</Value>
</Feature>
</Annotation>
<Annotation Id="565" Type="Token" StartNode="1399" EndNode="1405">
<Feature>
  <Name className="java.lang.String">string</Name>
  <Value className="java.lang.String">desert</Value>
</Feature>
</Annotation>
<Annotation Id="571" Type="Token" StartNode="1412" EndNode="1419">
<Feature>
  <Name className="java.lang.String">string</Name>
  <Value className="java.lang.String">Experts</Value>
</Feature>
</Annotation>
<Annotation Id="520" Type="Token" StartNode="1282" EndNode="1288">
<Feature>
  <Name className="java.lang.String">string</Name>
  <Value className="java.lang.String">Israel</Value>
</Feature>
</Annotation>
<Annotation Id="683" Type="Token" StartNode="1551" EndNode="1557">
<Feature>
  <Name className="java.lang.String">string</Name>
  <Value className="java.lang.String">Ashley</Value>
</Feature>
</Annotation>
<Annotation Id="748" Type="Token" StartNode="1669" EndNode="1677">
<Feature>
  <Name className="java.lang.String">string</Name>
  <Value className="java.lang.String">Angelino</Value>
</Feature>
</Annotation>
<Annotation Id="714" Type="Token" StartNode="1597" EndNode="1605">
<Feature>
  <Name className="java.lang.String">string</Name>
  <Value className="java.lang.String">opinions</Value>
</Feature>
</Annotation>
<Annotation Id="719" Type="Token" StartNode="1611" EndNode="1617">
<Feature>
  <Name className="java.lang.String">string</Name>
  <Value className="java.lang.String">Harris</Value>
</Feature>
</Annotation>
<Annotation Id="709" Type="Token" StartNode="1582" EndNode="1592">
<Feature>
  <Name className="java.lang.String">string</Name>
  <Value className="java.lang.String">DISCLAIMER</Value>
</Feature>
</Annotation>
<Annotation Id="731" Type="Token" StartNode="1638" EndNode="1644">
<Feature>
  <Name className="java.lang.String">string</Name>
  <Value className="java.lang.String">harris</Value>
</Feature>
</Annotation>
</AnnotationSet>
<AnnotationSet Name="Original markups"> </AnnotationSet>
</GateDocument>