<?xml version='1.0' encoding='UTF-8'?>
<GateDocument version="3">
<!-- The document's features-->

<GateDocumentFeatures>
<Feature>
  <Name className="java.lang.String">Original_document_content_on_load</Name>
  <Value className="java.lang.String">From: dbernard@clesun.Central.Sun.COM (Dave Bernard)
Message-ID: &lt;1r8kacINNeph@cronkite.Central.Sun.COM>
Date: 23 Apr 93 11:35:40 GMT
References: &lt;1993Apr22.160845.8944@almserv.uucp>
Reply-To: dbernard@clesun.Central.Sun.COM
Organization: Sun Microsystems
Lines: 11
NNTP-Posting-Host: clesun.central.sun.com

>> Eighth Amendment:
>> 1) The Davidians suffered cruel and unusual punishment when:
>> 	f> Thoes who escaped were imprisoned without bail without a  
>hearing.
>
>Happens all the time, they were arraigned the next day, I'd doubt
>you'd have any luck on this point.


	I had heard that not all were arraigned yet, some were being
	held as "material witnesses."
</Value>
</Feature>
<Feature>
  <Name className="java.lang.String">gate.SourceURL</Name>
  <Value className="java.lang.String">file:/C:/Users/jian/Documents/NetBeansProjects/NoiseReductionTechniques/mideastPoliticsMix/negative1176</Value>
</Feature>
</GateDocumentFeatures>
<!-- The document content area with serialized nodes -->

<TextWithNodes><Node id="0"/>From<Node id="4"/>:<Node id="5"/> <Node id="6"/>dbernard<Node id="14"/>@<Node id="15"/>clesun<Node id="21"/>.<Node id="22"/>Central<Node id="29"/>.<Node id="30"/>Sun<Node id="33"/>.<Node id="34"/>COM<Node id="37"/> <Node id="38"/>(<Node id="39"/>Dave<Node id="43"/> <Node id="44"/>Bernard<Node id="51"/>)<Node id="52"/>
<Node id="53"/>Message-<Node id="61"/>ID<Node id="63"/>:<Node id="64"/> <Node id="65"/>&lt;<Node id="66"/>1<Node id="67"/>r<Node id="68"/>8<Node id="69"/>kacINNeph<Node id="78"/>@<Node id="79"/>cronkite<Node id="87"/>.<Node id="88"/>Central<Node id="95"/>.<Node id="96"/>Sun<Node id="99"/>.<Node id="100"/>COM<Node id="103"/>&gt;<Node id="104"/>
<Node id="105"/>Date<Node id="109"/>:<Node id="110"/> <Node id="111"/>23<Node id="113"/> <Node id="114"/>Apr<Node id="117"/> <Node id="118"/>93<Node id="120"/> <Node id="121"/>11<Node id="123"/>:<Node id="124"/>35<Node id="126"/>:<Node id="127"/>40<Node id="129"/> <Node id="130"/>GMT<Node id="133"/>
<Node id="134"/>References<Node id="144"/>:<Node id="145"/> <Node id="146"/>&lt;<Node id="147"/>1993<Node id="151"/>Apr<Node id="154"/>22<Node id="156"/>.<Node id="157"/>160845<Node id="163"/>.<Node id="164"/>8944<Node id="168"/>@<Node id="169"/>almserv<Node id="176"/>.<Node id="177"/>uucp<Node id="181"/>&gt;<Node id="182"/>
<Node id="183"/>Reply-<Node id="189"/>To<Node id="191"/>:<Node id="192"/> <Node id="193"/>dbernard<Node id="201"/>@<Node id="202"/>clesun<Node id="208"/>.<Node id="209"/>Central<Node id="216"/>.<Node id="217"/>Sun<Node id="220"/>.<Node id="221"/>COM<Node id="224"/>
<Node id="225"/>Organization<Node id="237"/>:<Node id="238"/> <Node id="239"/>Sun<Node id="242"/> <Node id="243"/>Microsystems<Node id="255"/>
<Node id="256"/>Lines<Node id="261"/>:<Node id="262"/> <Node id="263"/>11<Node id="265"/>
<Node id="266"/>NNTP-Posting-Host<Node id="283"/>:<Node id="284"/> <Node id="285"/>clesun<Node id="291"/>.<Node id="292"/>central<Node id="299"/>.<Node id="300"/>sun<Node id="303"/>.<Node id="304"/>com<Node id="307"/>
<Node id="308"/>
<Node id="309"/>&gt;<Node id="310"/>&gt;<Node id="311"/> <Node id="312"/>Eighth<Node id="318"/> <Node id="319"/>Amendment<Node id="328"/>:<Node id="329"/>
<Node id="330"/>&gt;<Node id="331"/>&gt;<Node id="332"/> <Node id="333"/>1<Node id="334"/>)<Node id="335"/> <Node id="336"/>The<Node id="339"/> <Node id="340"/>Davidians<Node id="349"/> <Node id="350"/>suffered<Node id="358"/> <Node id="359"/>cruel<Node id="364"/> <Node id="365"/>and<Node id="368"/> <Node id="369"/>unusual<Node id="376"/> <Node id="377"/>punishment<Node id="387"/> <Node id="388"/>when<Node id="392"/>:<Node id="393"/>
<Node id="394"/>&gt;<Node id="395"/>&gt;<Node id="396"/> <Node id="397"/>	<Node id="398"/>f<Node id="399"/>&gt;<Node id="400"/> <Node id="401"/>Thoes<Node id="406"/> <Node id="407"/>who<Node id="410"/> <Node id="411"/>escaped<Node id="418"/> <Node id="419"/>were<Node id="423"/> <Node id="424"/>imprisoned<Node id="434"/> <Node id="435"/>without<Node id="442"/> <Node id="443"/>bail<Node id="447"/> <Node id="448"/>without<Node id="455"/> <Node id="456"/>a<Node id="457"/> <Node id="458"/> <Node id="459"/>
<Node id="460"/>&gt;<Node id="461"/>hearing<Node id="468"/>.<Node id="469"/>
<Node id="470"/>&gt;<Node id="471"/>
<Node id="472"/>&gt;<Node id="473"/>Happens<Node id="480"/> <Node id="481"/>all<Node id="484"/> <Node id="485"/>the<Node id="488"/> <Node id="489"/>time<Node id="493"/>,<Node id="494"/> <Node id="495"/>they<Node id="499"/> <Node id="500"/>were<Node id="504"/> <Node id="505"/>arraigned<Node id="514"/> <Node id="515"/>the<Node id="518"/> <Node id="519"/>next<Node id="523"/> <Node id="524"/>day<Node id="527"/>,<Node id="528"/> <Node id="529"/>I<Node id="530"/>'d<Node id="532"/> <Node id="533"/>doubt<Node id="538"/>
<Node id="539"/>&gt;<Node id="540"/>you<Node id="543"/>'d<Node id="545"/> <Node id="546"/>have<Node id="550"/> <Node id="551"/>any<Node id="554"/> <Node id="555"/>luck<Node id="559"/> <Node id="560"/>on<Node id="562"/> <Node id="563"/>this<Node id="567"/> <Node id="568"/>point<Node id="573"/>.<Node id="574"/>
<Node id="575"/>
<Node id="576"/>
<Node id="577"/>	<Node id="578"/>I<Node id="579"/> <Node id="580"/>had<Node id="583"/> <Node id="584"/>heard<Node id="589"/> <Node id="590"/>that<Node id="594"/> <Node id="595"/>not<Node id="598"/> <Node id="599"/>all<Node id="602"/> <Node id="603"/>were<Node id="607"/> <Node id="608"/>arraigned<Node id="617"/> <Node id="618"/>yet<Node id="621"/>,<Node id="622"/> <Node id="623"/>some<Node id="627"/> <Node id="628"/>were<Node id="632"/> <Node id="633"/>being<Node id="638"/>
<Node id="639"/>	<Node id="640"/>held<Node id="644"/> <Node id="645"/>as<Node id="647"/> <Node id="648"/>"<Node id="649"/>material<Node id="657"/> <Node id="658"/>witnesses<Node id="667"/>.<Node id="668"/>"<Node id="669"/>
<Node id="670"/></TextWithNodes>
<!-- The default annotation set -->

<AnnotationSet>
<Annotation EndNode="670" StartNode="0" Type="Mention" Id="9999999">
<Feature>
<Name classname="java.lang.String">Class</Name>
<Value classname="java.lang.String">0</Value>
</Feature>
</Annotation>

<Annotation Id="3" Type="Token" StartNode="6" EndNode="14">
<Feature>
  <Name className="java.lang.String">string</Name>
  <Value className="java.lang.String">dbernard</Value>
</Feature>
</Annotation>
<Annotation Id="5" Type="Token" StartNode="15" EndNode="21">
<Feature>
  <Name className="java.lang.String">string</Name>
  <Value className="java.lang.String">clesun</Value>
</Feature>
</Annotation>
<Annotation Id="7" Type="Token" StartNode="22" EndNode="29">
<Feature>
  <Name className="java.lang.String">string</Name>
  <Value className="java.lang.String">Central</Value>
</Feature>
</Annotation>
<Annotation Id="16" Type="Token" StartNode="44" EndNode="51">
<Feature>
  <Name className="java.lang.String">string</Name>
  <Value className="java.lang.String">Bernard</Value>
</Feature>
</Annotation>
<Annotation Id="19" Type="Token" StartNode="53" EndNode="61">
<Feature>
  <Name className="java.lang.String">string</Name>
  <Value className="java.lang.String">Message-</Value>
</Feature>
</Annotation>
<Annotation Id="27" Type="Token" StartNode="69" EndNode="78">
<Feature>
  <Name className="java.lang.String">string</Name>
  <Value className="java.lang.String">kacINNeph</Value>
</Feature>
</Annotation>
<Annotation Id="29" Type="Token" StartNode="79" EndNode="87">
<Feature>
  <Name className="java.lang.String">string</Name>
  <Value className="java.lang.String">cronkite</Value>
</Feature>
</Annotation>
<Annotation Id="31" Type="Token" StartNode="88" EndNode="95">
<Feature>
  <Name className="java.lang.String">string</Name>
  <Value className="java.lang.String">Central</Value>
</Feature>
</Annotation>
<Annotation Id="55" Type="Token" StartNode="134" EndNode="144">
<Feature>
  <Name className="java.lang.String">string</Name>
  <Value className="java.lang.String">References</Value>
</Feature>
</Annotation>
<Annotation Id="63" Type="Token" StartNode="157" EndNode="163">
</Annotation>
<Annotation Id="67" Type="Token" StartNode="169" EndNode="176">
<Feature>
  <Name className="java.lang.String">string</Name>
  <Value className="java.lang.String">almserv</Value>
</Feature>
</Annotation>
<Annotation Id="76" Type="Token" StartNode="193" EndNode="201">
<Feature>
  <Name className="java.lang.String">string</Name>
  <Value className="java.lang.String">dbernard</Value>
</Feature>
</Annotation>
<Annotation Id="78" Type="Token" StartNode="202" EndNode="208">
<Feature>
  <Name className="java.lang.String">string</Name>
  <Value className="java.lang.String">clesun</Value>
</Feature>
</Annotation>
<Annotation Id="72" Type="Token" StartNode="183" EndNode="189">
<Feature>
  <Name className="java.lang.String">string</Name>
  <Value className="java.lang.String">Reply-</Value>
</Feature>
</Annotation>
<Annotation Id="86" Type="Token" StartNode="225" EndNode="237">
<Feature>
  <Name className="java.lang.String">string</Name>
  <Value className="java.lang.String">Organization</Value>
</Feature>
</Annotation>
<Annotation Id="80" Type="Token" StartNode="209" EndNode="216">
<Feature>
  <Name className="java.lang.String">string</Name>
  <Value className="java.lang.String">Central</Value>
</Feature>
</Annotation>
<Annotation Id="91" Type="Token" StartNode="243" EndNode="255">
<Feature>
  <Name className="java.lang.String">string</Name>
  <Value className="java.lang.String">Microsystems</Value>
</Feature>
</Annotation>
<Annotation Id="103" Type="Token" StartNode="292" EndNode="299">
<Feature>
  <Name className="java.lang.String">string</Name>
  <Value className="java.lang.String">central</Value>
</Feature>
</Annotation>
<Annotation Id="101" Type="Token" StartNode="285" EndNode="291">
<Feature>
  <Name className="java.lang.String">string</Name>
  <Value className="java.lang.String">clesun</Value>
</Feature>
</Annotation>
<Annotation Id="98" Type="Token" StartNode="266" EndNode="283">
<Feature>
  <Name className="java.lang.String">string</Name>
  <Value className="java.lang.String">NNTP-Posting-Host</Value>
</Feature>
</Annotation>
<Annotation Id="115" Type="Token" StartNode="319" EndNode="328">
<Feature>
  <Name className="java.lang.String">string</Name>
  <Value className="java.lang.String">Amendment</Value>
</Feature>
</Annotation>
<Annotation Id="113" Type="Token" StartNode="312" EndNode="318">
<Feature>
  <Name className="java.lang.String">string</Name>
  <Value className="java.lang.String">Eighth</Value>
</Feature>
</Annotation>
<Annotation Id="126" Type="Token" StartNode="340" EndNode="349">
<Feature>
  <Name className="java.lang.String">string</Name>
  <Value className="java.lang.String">Davidians</Value>
</Feature>
</Annotation>
<Annotation Id="136" Type="Token" StartNode="377" EndNode="387">
<Feature>
  <Name className="java.lang.String">string</Name>
  <Value className="java.lang.String">punishment</Value>
</Feature>
</Annotation>
<Annotation Id="128" Type="Token" StartNode="350" EndNode="358">
<Feature>
  <Name className="java.lang.String">string</Name>
  <Value className="java.lang.String">suffered</Value>
</Feature>
</Annotation>
<Annotation Id="134" Type="Token" StartNode="369" EndNode="376">
<Feature>
  <Name className="java.lang.String">string</Name>
  <Value className="java.lang.String">unusual</Value>
</Feature>
</Annotation>
<Annotation Id="152" Type="Token" StartNode="411" EndNode="418">
<Feature>
  <Name className="java.lang.String">string</Name>
  <Value className="java.lang.String">escaped</Value>
</Feature>
</Annotation>
<Annotation Id="156" Type="Token" StartNode="424" EndNode="434">
<Feature>
  <Name className="java.lang.String">string</Name>
  <Value className="java.lang.String">imprisoned</Value>
</Feature>
</Annotation>
<Annotation Id="158" Type="Token" StartNode="435" EndNode="442">
<Feature>
  <Name className="java.lang.String">string</Name>
  <Value className="java.lang.String">without</Value>
</Feature>
</Annotation>
<Annotation Id="169" Type="Token" StartNode="461" EndNode="468">
<Feature>
  <Name className="java.lang.String">string</Name>
  <Value className="java.lang.String">hearing</Value>
</Feature>
</Annotation>
<Annotation Id="175" Type="Token" StartNode="473" EndNode="480">
<Feature>
  <Name className="java.lang.String">string</Name>
  <Value className="java.lang.String">Happens</Value>
</Feature>
</Annotation>
<Annotation Id="162" Type="Token" StartNode="448" EndNode="455">
<Feature>
  <Name className="java.lang.String">string</Name>
  <Value className="java.lang.String">without</Value>
</Feature>
</Annotation>
<Annotation Id="188" Type="Token" StartNode="505" EndNode="514">
<Feature>
  <Name className="java.lang.String">string</Name>
  <Value className="java.lang.String">arraigned</Value>
</Feature>
</Annotation>
<Annotation Id="238" Type="Token" StartNode="608" EndNode="617">
<Feature>
  <Name className="java.lang.String">string</Name>
  <Value className="java.lang.String">arraigned</Value>
</Feature>
</Annotation>
<Annotation Id="255" Type="Token" StartNode="649" EndNode="657">
<Feature>
  <Name className="java.lang.String">string</Name>
  <Value className="java.lang.String">material</Value>
</Feature>
</Annotation>
<Annotation Id="257" Type="Token" StartNode="658" EndNode="667">
<Feature>
  <Name className="java.lang.String">string</Name>
  <Value className="java.lang.String">witnesses</Value>
</Feature>
</Annotation>
</AnnotationSet>
<AnnotationSet Name="Original markups"> </AnnotationSet>
</GateDocument>