<?xml version='1.0' encoding='UTF-8'?>
<GateDocument version="3">
<!-- The document's features-->

<GateDocumentFeatures>
<Feature>
  <Name className="java.lang.String">Original_document_content_on_load</Name>
  <Value className="java.lang.String"><![CDATA[From: cdt@sw.stratus.com (C. D. Tavares)
Date: 20 Apr 1993 19:04:23 GMT
Organization: Stratus Computer, Inc.
Lines: 102
Distribution: world
Message-ID: <1r1hfn$4t@transfer.stratus.com>
References: <1qvfik$6rf@usenet.INS.CWRU.Edu> <1qvh8n$gf4@msuinfo.cl.msu.edu>
NNTP-Posting-Host: rocket.sw.stratus.com

In article <1qvh8n$gf4@msuinfo.cl.msu.edu>, friedenb@maple.egr.msu.edu (Gedaliah Friedenberg) writes:
> In article <1qvfik$6rf@usenet.INS.CWRU.Edu>, cj195@cleveland.Freenet.Edu (John W. Redelfs) writes:
> |> 
> |> Now that Big Brother has rubbed out one minority religion in Waco, who is
> |> next?  The Mormons or Jews?
> 
> Give me a break.  If the Mormons fortified Utah and armed it to the teeth,
> and were involved in illegal activity, then they deserve whatever they get.
> 
> You are making a ludicrous suggestion.

Ludicrous, huh?

-----------------------------------------------------------------------

 HEAVILY ARMED RELIGIOUS CULT BATTLES GOVERNMENT

 Troops have been called out after a skirmish involving government
 officials and a religious cult which has been gathering weapons in their
 "private city".

 The cult's leaders, who claim that God speaks to them, have told cult
 members to arm themselves in preparation for the end of the world, which
 they believe to me imminent.

 Weapons believed to be in their possession include large-bore military
 weapons as well as sporting arms.  A recent series in nearby newspapers
 has exposed the plans of the cult to take power throughout the region.

 Troops have surrounded the cult's "city" after incidents in which
 officials have exchanged shots with cult members.  There have been
 reports of children being seen in the cult compound, where discipline is
 said to be strictly administered.

 Governor Liliburn Boggs has issued an order that these "Mormons" are to
 be exterminated, or driven from the state..

-----------------------------------------------------------------------

And that's the news account, from 150 years ago..

> |> We used to live in a country where everyone enjoyed the free exercise of
> |> their rights to worship and bear arms.  Now we don't.
> 
> Does that include the right to murder little children?  

Since the jury's not yet in on exactly how the fire REALLY started, the
only dead children here for whom blame can be proven at the moment were 
the ones shot by government fire.

> How about killing ATF officers? 

A citizen has the right to stop ANY attacking criminal -- even one with 
a uniform.  Clothing aside, you know, it's still not legal to serve a
search warrant with a concussion grenade.

> I do not know much about the gun laws in Texas, but 
> Koresh's folks claimed to have grenades, grenade launchers, and rocket
> launchers.  I am not sure that the NRA feels that this falls under 
> "right to bear arms."

Well then, find out.

By the way, this is not a claim of "Koresh's folks," it is a claim of 
the government -- the same government which DID have grenades and grenade
launchers and DID use them.  No one has seen ANY evidence of the BD's 
having, much less using, such weaponry.  If they were stocking such things 
against Armageddon, why would they have left them in the boxes when 
Armageddon actually arrived?

> |> Of course, to Jews and Mormons this is just a broken record.  It has
> |> happened before.
> 
> Please explain.  I do not remember Jews or Mormons (as a group) overtly 
> breaking a judicious (a.k.a. non-Nazi) law and being punished for it.

See above, for one example.  The "abuses" involved were non-mainstream 
religious beliefs, polygamy, child abuse, and fortification.  Sound
familiar?  In my opinion, the BD's were as much a real threat to society
as the Mormons were then or are now.  (That is, until they were provoked.)

By the way, I find your statement about "non-Nazi" law ironic.  Koresh was 
suspected of violating the Gun Control Act of 1968, which was BASED ON the
text of the Nazi Weapons Law of March 18, 1938.  ("Gun Control's Nazi 
Connection;" Jews for Preservation of Firearms Ownership, 2872 S. 
Wentworth Ave., Milwaukee, WI 53207, (414) 769-0760.)

By the way, what was Koresh's specific violation?  FAILURE TO PAY A TAX.
That's right -- the BATF are TREASURY agents.  Did a failure to pay a
$200/gun tax really justify armed attack, night torture, and ultimately
the death penalty?

> |> I'll bet all you cult haters are happy now, right?  Just hope you're not next.
> 
> Followups to /dev/null  

No -- think for yourself, for once.
-- 

cdt@rocket.sw.stratus.com   --If you believe that I speak for my company,
OR cdt@vos.stratus.com        write today for my special Investors' Packet...

]]></Value>
</Feature>
<Feature>
  <Name className="java.lang.String">gate.SourceURL</Name>
  <Value className="java.lang.String">file:/C:/Users/jian/Documents/NetBeansProjects/NoiseReductionTechniques/mideastPoliticsMix/negative240</Value>
</Feature>
</GateDocumentFeatures>
<!-- The document content area with serialized nodes -->

<TextWithNodes><Node id="0"/>From<Node id="4"/>:<Node id="5"/> <Node id="6"/>cdt<Node id="9"/>@<Node id="10"/>sw<Node id="12"/>.<Node id="13"/>stratus<Node id="20"/>.<Node id="21"/>com<Node id="24"/> <Node id="25"/>(<Node id="26"/>C<Node id="27"/>.<Node id="28"/> <Node id="29"/>D<Node id="30"/>.<Node id="31"/> <Node id="32"/>Tavares<Node id="39"/>)<Node id="40"/>
<Node id="41"/>Date<Node id="45"/>:<Node id="46"/> <Node id="47"/>20<Node id="49"/> <Node id="50"/>Apr<Node id="53"/> <Node id="54"/>1993<Node id="58"/> <Node id="59"/>19<Node id="61"/>:<Node id="62"/>04<Node id="64"/>:<Node id="65"/>23<Node id="67"/> <Node id="68"/>GMT<Node id="71"/>
<Node id="72"/>Organization<Node id="84"/>:<Node id="85"/> <Node id="86"/>Stratus<Node id="93"/> <Node id="94"/>Computer<Node id="102"/>,<Node id="103"/> <Node id="104"/>Inc<Node id="107"/>.<Node id="108"/>
<Node id="109"/>Lines<Node id="114"/>:<Node id="115"/> <Node id="116"/>102<Node id="119"/>
<Node id="120"/>Distribution<Node id="132"/>:<Node id="133"/> <Node id="134"/>world<Node id="139"/>
<Node id="140"/>Message-<Node id="148"/>ID<Node id="150"/>:<Node id="151"/> <Node id="152"/>&lt;<Node id="153"/>1<Node id="154"/>r<Node id="155"/>1<Node id="156"/>hfn<Node id="159"/>$<Node id="160"/>4<Node id="161"/>t<Node id="162"/>@<Node id="163"/>transfer<Node id="171"/>.<Node id="172"/>stratus<Node id="179"/>.<Node id="180"/>com<Node id="183"/>&gt;<Node id="184"/>
<Node id="185"/>References<Node id="195"/>:<Node id="196"/> <Node id="197"/>&lt;<Node id="198"/>1<Node id="199"/>qvfik<Node id="204"/>$<Node id="205"/>6<Node id="206"/>rf<Node id="208"/>@<Node id="209"/>usenet<Node id="215"/>.<Node id="216"/>INS<Node id="219"/>.<Node id="220"/>CWRU<Node id="224"/>.<Node id="225"/>Edu<Node id="228"/>&gt;<Node id="229"/> <Node id="230"/>&lt;<Node id="231"/>1<Node id="232"/>qvh<Node id="235"/>8<Node id="236"/>n<Node id="237"/>$<Node id="238"/>gf<Node id="240"/>4<Node id="241"/>@<Node id="242"/>msuinfo<Node id="249"/>.<Node id="250"/>cl<Node id="252"/>.<Node id="253"/>msu<Node id="256"/>.<Node id="257"/>edu<Node id="260"/>&gt;<Node id="261"/>
<Node id="262"/>NNTP-Posting-Host<Node id="279"/>:<Node id="280"/> <Node id="281"/>rocket<Node id="287"/>.<Node id="288"/>sw<Node id="290"/>.<Node id="291"/>stratus<Node id="298"/>.<Node id="299"/>com<Node id="302"/>
<Node id="303"/>
<Node id="304"/>In<Node id="306"/> <Node id="307"/>article<Node id="314"/> <Node id="315"/>&lt;<Node id="316"/>1<Node id="317"/>qvh<Node id="320"/>8<Node id="321"/>n<Node id="322"/>$<Node id="323"/>gf<Node id="325"/>4<Node id="326"/>@<Node id="327"/>msuinfo<Node id="334"/>.<Node id="335"/>cl<Node id="337"/>.<Node id="338"/>msu<Node id="341"/>.<Node id="342"/>edu<Node id="345"/>&gt;<Node id="346"/>,<Node id="347"/> <Node id="348"/>friedenb<Node id="356"/>@<Node id="357"/>maple<Node id="362"/>.<Node id="363"/>egr<Node id="366"/>.<Node id="367"/>msu<Node id="370"/>.<Node id="371"/>edu<Node id="374"/> <Node id="375"/>(<Node id="376"/>Gedaliah<Node id="384"/> <Node id="385"/>Friedenberg<Node id="396"/>)<Node id="397"/> <Node id="398"/>writes<Node id="404"/>:<Node id="405"/>
<Node id="406"/>&gt;<Node id="407"/> <Node id="408"/>In<Node id="410"/> <Node id="411"/>article<Node id="418"/> <Node id="419"/>&lt;<Node id="420"/>1<Node id="421"/>qvfik<Node id="426"/>$<Node id="427"/>6<Node id="428"/>rf<Node id="430"/>@<Node id="431"/>usenet<Node id="437"/>.<Node id="438"/>INS<Node id="441"/>.<Node id="442"/>CWRU<Node id="446"/>.<Node id="447"/>Edu<Node id="450"/>&gt;<Node id="451"/>,<Node id="452"/> <Node id="453"/>cj<Node id="455"/>195<Node id="458"/>@<Node id="459"/>cleveland<Node id="468"/>.<Node id="469"/>Freenet<Node id="476"/>.<Node id="477"/>Edu<Node id="480"/> <Node id="481"/>(<Node id="482"/>John<Node id="486"/> <Node id="487"/>W<Node id="488"/>.<Node id="489"/> <Node id="490"/>Redelfs<Node id="497"/>)<Node id="498"/> <Node id="499"/>writes<Node id="505"/>:<Node id="506"/>
<Node id="507"/>&gt;<Node id="508"/> <Node id="509"/>|<Node id="510"/>&gt;<Node id="511"/> <Node id="512"/>
<Node id="513"/>&gt;<Node id="514"/> <Node id="515"/>|<Node id="516"/>&gt;<Node id="517"/> <Node id="518"/>Now<Node id="521"/> <Node id="522"/>that<Node id="526"/> <Node id="527"/>Big<Node id="530"/> <Node id="531"/>Brother<Node id="538"/> <Node id="539"/>has<Node id="542"/> <Node id="543"/>rubbed<Node id="549"/> <Node id="550"/>out<Node id="553"/> <Node id="554"/>one<Node id="557"/> <Node id="558"/>minority<Node id="566"/> <Node id="567"/>religion<Node id="575"/> <Node id="576"/>in<Node id="578"/> <Node id="579"/>Waco<Node id="583"/>,<Node id="584"/> <Node id="585"/>who<Node id="588"/> <Node id="589"/>is<Node id="591"/>
<Node id="592"/>&gt;<Node id="593"/> <Node id="594"/>|<Node id="595"/>&gt;<Node id="596"/> <Node id="597"/>next<Node id="601"/>?<Node id="602"/> <Node id="603"/> <Node id="604"/>The<Node id="607"/> <Node id="608"/>Mormons<Node id="615"/> <Node id="616"/>or<Node id="618"/> <Node id="619"/>Jews<Node id="623"/>?<Node id="624"/>
<Node id="625"/>&gt;<Node id="626"/> <Node id="627"/>
<Node id="628"/>&gt;<Node id="629"/> <Node id="630"/>Give<Node id="634"/> <Node id="635"/>me<Node id="637"/> <Node id="638"/>a<Node id="639"/> <Node id="640"/>break<Node id="645"/>.<Node id="646"/> <Node id="647"/> <Node id="648"/>If<Node id="650"/> <Node id="651"/>the<Node id="654"/> <Node id="655"/>Mormons<Node id="662"/> <Node id="663"/>fortified<Node id="672"/> <Node id="673"/>Utah<Node id="677"/> <Node id="678"/>and<Node id="681"/> <Node id="682"/>armed<Node id="687"/> <Node id="688"/>it<Node id="690"/> <Node id="691"/>to<Node id="693"/> <Node id="694"/>the<Node id="697"/> <Node id="698"/>teeth<Node id="703"/>,<Node id="704"/>
<Node id="705"/>&gt;<Node id="706"/> <Node id="707"/>and<Node id="710"/> <Node id="711"/>were<Node id="715"/> <Node id="716"/>involved<Node id="724"/> <Node id="725"/>in<Node id="727"/> <Node id="728"/>illegal<Node id="735"/> <Node id="736"/>activity<Node id="744"/>,<Node id="745"/> <Node id="746"/>then<Node id="750"/> <Node id="751"/>they<Node id="755"/> <Node id="756"/>deserve<Node id="763"/> <Node id="764"/>whatever<Node id="772"/> <Node id="773"/>they<Node id="777"/> <Node id="778"/>get<Node id="781"/>.<Node id="782"/>
<Node id="783"/>&gt;<Node id="784"/> <Node id="785"/>
<Node id="786"/>&gt;<Node id="787"/> <Node id="788"/>You<Node id="791"/> <Node id="792"/>are<Node id="795"/> <Node id="796"/>making<Node id="802"/> <Node id="803"/>a<Node id="804"/> <Node id="805"/>ludicrous<Node id="814"/> <Node id="815"/>suggestion<Node id="825"/>.<Node id="826"/>
<Node id="827"/>
<Node id="828"/>Ludicrous<Node id="837"/>,<Node id="838"/> <Node id="839"/>huh<Node id="842"/>?<Node id="843"/>
<Node id="844"/>
<Node id="845"/>-<Node id="846"/>-<Node id="847"/>-<Node id="848"/>-<Node id="849"/>-<Node id="850"/>-<Node id="851"/>-<Node id="852"/>-<Node id="853"/>-<Node id="854"/>-<Node id="855"/>-<Node id="856"/>-<Node id="857"/>-<Node id="858"/>-<Node id="859"/>-<Node id="860"/>-<Node id="861"/>-<Node id="862"/>-<Node id="863"/>-<Node id="864"/>-<Node id="865"/>-<Node id="866"/>-<Node id="867"/>-<Node id="868"/>-<Node id="869"/>-<Node id="870"/>-<Node id="871"/>-<Node id="872"/>-<Node id="873"/>-<Node id="874"/>-<Node id="875"/>-<Node id="876"/>-<Node id="877"/>-<Node id="878"/>-<Node id="879"/>-<Node id="880"/>-<Node id="881"/>-<Node id="882"/>-<Node id="883"/>-<Node id="884"/>-<Node id="885"/>-<Node id="886"/>-<Node id="887"/>-<Node id="888"/>-<Node id="889"/>-<Node id="890"/>-<Node id="891"/>-<Node id="892"/>-<Node id="893"/>-<Node id="894"/>-<Node id="895"/>-<Node id="896"/>-<Node id="897"/>-<Node id="898"/>-<Node id="899"/>-<Node id="900"/>-<Node id="901"/>-<Node id="902"/>-<Node id="903"/>-<Node id="904"/>-<Node id="905"/>-<Node id="906"/>-<Node id="907"/>-<Node id="908"/>-<Node id="909"/>-<Node id="910"/>-<Node id="911"/>-<Node id="912"/>-<Node id="913"/>-<Node id="914"/>-<Node id="915"/>-<Node id="916"/>
<Node id="917"/>
<Node id="918"/> <Node id="919"/>HEAVILY<Node id="926"/> <Node id="927"/>ARMED<Node id="932"/> <Node id="933"/>RELIGIOUS<Node id="942"/> <Node id="943"/>CULT<Node id="947"/> <Node id="948"/>BATTLES<Node id="955"/> <Node id="956"/>GOVERNMENT<Node id="966"/>
<Node id="967"/>
<Node id="968"/> <Node id="969"/>Troops<Node id="975"/> <Node id="976"/>have<Node id="980"/> <Node id="981"/>been<Node id="985"/> <Node id="986"/>called<Node id="992"/> <Node id="993"/>out<Node id="996"/> <Node id="997"/>after<Node id="1002"/> <Node id="1003"/>a<Node id="1004"/> <Node id="1005"/>skirmish<Node id="1013"/> <Node id="1014"/>involving<Node id="1023"/> <Node id="1024"/>government<Node id="1034"/>
<Node id="1035"/> <Node id="1036"/>officials<Node id="1045"/> <Node id="1046"/>and<Node id="1049"/> <Node id="1050"/>a<Node id="1051"/> <Node id="1052"/>religious<Node id="1061"/> <Node id="1062"/>cult<Node id="1066"/> <Node id="1067"/>which<Node id="1072"/> <Node id="1073"/>has<Node id="1076"/> <Node id="1077"/>been<Node id="1081"/> <Node id="1082"/>gathering<Node id="1091"/> <Node id="1092"/>weapons<Node id="1099"/> <Node id="1100"/>in<Node id="1102"/> <Node id="1103"/>their<Node id="1108"/>
<Node id="1109"/> <Node id="1110"/>"<Node id="1111"/>private<Node id="1118"/> <Node id="1119"/>city<Node id="1123"/>"<Node id="1124"/>.<Node id="1125"/>
<Node id="1126"/>
<Node id="1127"/> <Node id="1128"/>The<Node id="1131"/> <Node id="1132"/>cult<Node id="1136"/>'s<Node id="1138"/> <Node id="1139"/>leaders<Node id="1146"/>,<Node id="1147"/> <Node id="1148"/>who<Node id="1151"/> <Node id="1152"/>claim<Node id="1157"/> <Node id="1158"/>that<Node id="1162"/> <Node id="1163"/>God<Node id="1166"/> <Node id="1167"/>speaks<Node id="1173"/> <Node id="1174"/>to<Node id="1176"/> <Node id="1177"/>them<Node id="1181"/>,<Node id="1182"/> <Node id="1183"/>have<Node id="1187"/> <Node id="1188"/>told<Node id="1192"/> <Node id="1193"/>cult<Node id="1197"/>
<Node id="1198"/> <Node id="1199"/>members<Node id="1206"/> <Node id="1207"/>to<Node id="1209"/> <Node id="1210"/>arm<Node id="1213"/> <Node id="1214"/>themselves<Node id="1224"/> <Node id="1225"/>in<Node id="1227"/> <Node id="1228"/>preparation<Node id="1239"/> <Node id="1240"/>for<Node id="1243"/> <Node id="1244"/>the<Node id="1247"/> <Node id="1248"/>end<Node id="1251"/> <Node id="1252"/>of<Node id="1254"/> <Node id="1255"/>the<Node id="1258"/> <Node id="1259"/>world<Node id="1264"/>,<Node id="1265"/> <Node id="1266"/>which<Node id="1271"/>
<Node id="1272"/> <Node id="1273"/>they<Node id="1277"/> <Node id="1278"/>believe<Node id="1285"/> <Node id="1286"/>to<Node id="1288"/> <Node id="1289"/>me<Node id="1291"/> <Node id="1292"/>imminent<Node id="1300"/>.<Node id="1301"/>
<Node id="1302"/>
<Node id="1303"/> <Node id="1304"/>Weapons<Node id="1311"/> <Node id="1312"/>believed<Node id="1320"/> <Node id="1321"/>to<Node id="1323"/> <Node id="1324"/>be<Node id="1326"/> <Node id="1327"/>in<Node id="1329"/> <Node id="1330"/>their<Node id="1335"/> <Node id="1336"/>possession<Node id="1346"/> <Node id="1347"/>include<Node id="1354"/> <Node id="1355"/>large-bore<Node id="1365"/> <Node id="1366"/>military<Node id="1374"/>
<Node id="1375"/> <Node id="1376"/>weapons<Node id="1383"/> <Node id="1384"/>as<Node id="1386"/> <Node id="1387"/>well<Node id="1391"/> <Node id="1392"/>as<Node id="1394"/> <Node id="1395"/>sporting<Node id="1403"/> <Node id="1404"/>arms<Node id="1408"/>.<Node id="1409"/> <Node id="1410"/> <Node id="1411"/>A<Node id="1412"/> <Node id="1413"/>recent<Node id="1419"/> <Node id="1420"/>series<Node id="1426"/> <Node id="1427"/>in<Node id="1429"/> <Node id="1430"/>nearby<Node id="1436"/> <Node id="1437"/>newspapers<Node id="1447"/>
<Node id="1448"/> <Node id="1449"/>has<Node id="1452"/> <Node id="1453"/>exposed<Node id="1460"/> <Node id="1461"/>the<Node id="1464"/> <Node id="1465"/>plans<Node id="1470"/> <Node id="1471"/>of<Node id="1473"/> <Node id="1474"/>the<Node id="1477"/> <Node id="1478"/>cult<Node id="1482"/> <Node id="1483"/>to<Node id="1485"/> <Node id="1486"/>take<Node id="1490"/> <Node id="1491"/>power<Node id="1496"/> <Node id="1497"/>throughout<Node id="1507"/> <Node id="1508"/>the<Node id="1511"/> <Node id="1512"/>region<Node id="1518"/>.<Node id="1519"/>
<Node id="1520"/>
<Node id="1521"/> <Node id="1522"/>Troops<Node id="1528"/> <Node id="1529"/>have<Node id="1533"/> <Node id="1534"/>surrounded<Node id="1544"/> <Node id="1545"/>the<Node id="1548"/> <Node id="1549"/>cult<Node id="1553"/>'s<Node id="1555"/> <Node id="1556"/>"<Node id="1557"/>city<Node id="1561"/>"<Node id="1562"/> <Node id="1563"/>after<Node id="1568"/> <Node id="1569"/>incidents<Node id="1578"/> <Node id="1579"/>in<Node id="1581"/> <Node id="1582"/>which<Node id="1587"/>
<Node id="1588"/> <Node id="1589"/>officials<Node id="1598"/> <Node id="1599"/>have<Node id="1603"/> <Node id="1604"/>exchanged<Node id="1613"/> <Node id="1614"/>shots<Node id="1619"/> <Node id="1620"/>with<Node id="1624"/> <Node id="1625"/>cult<Node id="1629"/> <Node id="1630"/>members<Node id="1637"/>.<Node id="1638"/> <Node id="1639"/> <Node id="1640"/>There<Node id="1645"/> <Node id="1646"/>have<Node id="1650"/> <Node id="1651"/>been<Node id="1655"/>
<Node id="1656"/> <Node id="1657"/>reports<Node id="1664"/> <Node id="1665"/>of<Node id="1667"/> <Node id="1668"/>children<Node id="1676"/> <Node id="1677"/>being<Node id="1682"/> <Node id="1683"/>seen<Node id="1687"/> <Node id="1688"/>in<Node id="1690"/> <Node id="1691"/>the<Node id="1694"/> <Node id="1695"/>cult<Node id="1699"/> <Node id="1700"/>compound<Node id="1708"/>,<Node id="1709"/> <Node id="1710"/>where<Node id="1715"/> <Node id="1716"/>discipline<Node id="1726"/> <Node id="1727"/>is<Node id="1729"/>
<Node id="1730"/> <Node id="1731"/>said<Node id="1735"/> <Node id="1736"/>to<Node id="1738"/> <Node id="1739"/>be<Node id="1741"/> <Node id="1742"/>strictly<Node id="1750"/> <Node id="1751"/>administered<Node id="1763"/>.<Node id="1764"/>
<Node id="1765"/>
<Node id="1766"/> <Node id="1767"/>Governor<Node id="1775"/> <Node id="1776"/>Liliburn<Node id="1784"/> <Node id="1785"/>Boggs<Node id="1790"/> <Node id="1791"/>has<Node id="1794"/> <Node id="1795"/>issued<Node id="1801"/> <Node id="1802"/>an<Node id="1804"/> <Node id="1805"/>order<Node id="1810"/> <Node id="1811"/>that<Node id="1815"/> <Node id="1816"/>these<Node id="1821"/> <Node id="1822"/>"<Node id="1823"/>Mormons<Node id="1830"/>"<Node id="1831"/> <Node id="1832"/>are<Node id="1835"/> <Node id="1836"/>to<Node id="1838"/>
<Node id="1839"/> <Node id="1840"/>be<Node id="1842"/> <Node id="1843"/>exterminated<Node id="1855"/>,<Node id="1856"/> <Node id="1857"/>or<Node id="1859"/> <Node id="1860"/>driven<Node id="1866"/> <Node id="1867"/>from<Node id="1871"/> <Node id="1872"/>the<Node id="1875"/> <Node id="1876"/>state<Node id="1881"/>.<Node id="1882"/>.<Node id="1883"/>
<Node id="1884"/>
<Node id="1885"/>-<Node id="1886"/>-<Node id="1887"/>-<Node id="1888"/>-<Node id="1889"/>-<Node id="1890"/>-<Node id="1891"/>-<Node id="1892"/>-<Node id="1893"/>-<Node id="1894"/>-<Node id="1895"/>-<Node id="1896"/>-<Node id="1897"/>-<Node id="1898"/>-<Node id="1899"/>-<Node id="1900"/>-<Node id="1901"/>-<Node id="1902"/>-<Node id="1903"/>-<Node id="1904"/>-<Node id="1905"/>-<Node id="1906"/>-<Node id="1907"/>-<Node id="1908"/>-<Node id="1909"/>-<Node id="1910"/>-<Node id="1911"/>-<Node id="1912"/>-<Node id="1913"/>-<Node id="1914"/>-<Node id="1915"/>-<Node id="1916"/>-<Node id="1917"/>-<Node id="1918"/>-<Node id="1919"/>-<Node id="1920"/>-<Node id="1921"/>-<Node id="1922"/>-<Node id="1923"/>-<Node id="1924"/>-<Node id="1925"/>-<Node id="1926"/>-<Node id="1927"/>-<Node id="1928"/>-<Node id="1929"/>-<Node id="1930"/>-<Node id="1931"/>-<Node id="1932"/>-<Node id="1933"/>-<Node id="1934"/>-<Node id="1935"/>-<Node id="1936"/>-<Node id="1937"/>-<Node id="1938"/>-<Node id="1939"/>-<Node id="1940"/>-<Node id="1941"/>-<Node id="1942"/>-<Node id="1943"/>-<Node id="1944"/>-<Node id="1945"/>-<Node id="1946"/>-<Node id="1947"/>-<Node id="1948"/>-<Node id="1949"/>-<Node id="1950"/>-<Node id="1951"/>-<Node id="1952"/>-<Node id="1953"/>-<Node id="1954"/>-<Node id="1955"/>-<Node id="1956"/>
<Node id="1957"/>
<Node id="1958"/>And<Node id="1961"/> <Node id="1962"/>that<Node id="1966"/>'s<Node id="1968"/> <Node id="1969"/>the<Node id="1972"/> <Node id="1973"/>news<Node id="1977"/> <Node id="1978"/>account<Node id="1985"/>,<Node id="1986"/> <Node id="1987"/>from<Node id="1991"/> <Node id="1992"/>150<Node id="1995"/> <Node id="1996"/>years<Node id="2001"/> <Node id="2002"/>ago<Node id="2005"/>.<Node id="2006"/>.<Node id="2007"/>
<Node id="2008"/>
<Node id="2009"/>&gt;<Node id="2010"/> <Node id="2011"/>|<Node id="2012"/>&gt;<Node id="2013"/> <Node id="2014"/>We<Node id="2016"/> <Node id="2017"/>used<Node id="2021"/> <Node id="2022"/>to<Node id="2024"/> <Node id="2025"/>live<Node id="2029"/> <Node id="2030"/>in<Node id="2032"/> <Node id="2033"/>a<Node id="2034"/> <Node id="2035"/>country<Node id="2042"/> <Node id="2043"/>where<Node id="2048"/> <Node id="2049"/>everyone<Node id="2057"/> <Node id="2058"/>enjoyed<Node id="2065"/> <Node id="2066"/>the<Node id="2069"/> <Node id="2070"/>free<Node id="2074"/> <Node id="2075"/>exercise<Node id="2083"/> <Node id="2084"/>of<Node id="2086"/>
<Node id="2087"/>&gt;<Node id="2088"/> <Node id="2089"/>|<Node id="2090"/>&gt;<Node id="2091"/> <Node id="2092"/>their<Node id="2097"/> <Node id="2098"/>rights<Node id="2104"/> <Node id="2105"/>to<Node id="2107"/> <Node id="2108"/>worship<Node id="2115"/> <Node id="2116"/>and<Node id="2119"/> <Node id="2120"/>bear<Node id="2124"/> <Node id="2125"/>arms<Node id="2129"/>.<Node id="2130"/> <Node id="2131"/> <Node id="2132"/>Now<Node id="2135"/> <Node id="2136"/>we<Node id="2138"/> <Node id="2139"/>do<Node id="2141"/>n't<Node id="2144"/>.<Node id="2145"/>
<Node id="2146"/>&gt;<Node id="2147"/> <Node id="2148"/>
<Node id="2149"/>&gt;<Node id="2150"/> <Node id="2151"/>Does<Node id="2155"/> <Node id="2156"/>that<Node id="2160"/> <Node id="2161"/>include<Node id="2168"/> <Node id="2169"/>the<Node id="2172"/> <Node id="2173"/>right<Node id="2178"/> <Node id="2179"/>to<Node id="2181"/> <Node id="2182"/>murder<Node id="2188"/> <Node id="2189"/>little<Node id="2195"/> <Node id="2196"/>children<Node id="2204"/>?<Node id="2205"/> <Node id="2206"/> <Node id="2207"/>
<Node id="2208"/>
<Node id="2209"/>Since<Node id="2214"/> <Node id="2215"/>the<Node id="2218"/> <Node id="2219"/>jury<Node id="2223"/>'s<Node id="2225"/> <Node id="2226"/>not<Node id="2229"/> <Node id="2230"/>yet<Node id="2233"/> <Node id="2234"/>in<Node id="2236"/> <Node id="2237"/>on<Node id="2239"/> <Node id="2240"/>exactly<Node id="2247"/> <Node id="2248"/>how<Node id="2251"/> <Node id="2252"/>the<Node id="2255"/> <Node id="2256"/>fire<Node id="2260"/> <Node id="2261"/>REALLY<Node id="2267"/> <Node id="2268"/>started<Node id="2275"/>,<Node id="2276"/> <Node id="2277"/>the<Node id="2280"/>
<Node id="2281"/>only<Node id="2285"/> <Node id="2286"/>dead<Node id="2290"/> <Node id="2291"/>children<Node id="2299"/> <Node id="2300"/>here<Node id="2304"/> <Node id="2305"/>for<Node id="2308"/> <Node id="2309"/>whom<Node id="2313"/> <Node id="2314"/>blame<Node id="2319"/> <Node id="2320"/>can<Node id="2323"/> <Node id="2324"/>be<Node id="2326"/> <Node id="2327"/>proven<Node id="2333"/> <Node id="2334"/>at<Node id="2336"/> <Node id="2337"/>the<Node id="2340"/> <Node id="2341"/>moment<Node id="2347"/> <Node id="2348"/>were<Node id="2352"/> <Node id="2353"/>
<Node id="2354"/>the<Node id="2357"/> <Node id="2358"/>ones<Node id="2362"/> <Node id="2363"/>shot<Node id="2367"/> <Node id="2368"/>by<Node id="2370"/> <Node id="2371"/>government<Node id="2381"/> <Node id="2382"/>fire<Node id="2386"/>.<Node id="2387"/>
<Node id="2388"/>
<Node id="2389"/>&gt;<Node id="2390"/> <Node id="2391"/>How<Node id="2394"/> <Node id="2395"/>about<Node id="2400"/> <Node id="2401"/>killing<Node id="2408"/> <Node id="2409"/>ATF<Node id="2412"/> <Node id="2413"/>officers<Node id="2421"/>?<Node id="2422"/> <Node id="2423"/>
<Node id="2424"/>
<Node id="2425"/>A<Node id="2426"/> <Node id="2427"/>citizen<Node id="2434"/> <Node id="2435"/>has<Node id="2438"/> <Node id="2439"/>the<Node id="2442"/> <Node id="2443"/>right<Node id="2448"/> <Node id="2449"/>to<Node id="2451"/> <Node id="2452"/>stop<Node id="2456"/> <Node id="2457"/>ANY<Node id="2460"/> <Node id="2461"/>attacking<Node id="2470"/> <Node id="2471"/>criminal<Node id="2479"/> <Node id="2480"/>-<Node id="2481"/>-<Node id="2482"/> <Node id="2483"/>even<Node id="2487"/> <Node id="2488"/>one<Node id="2491"/> <Node id="2492"/>with<Node id="2496"/> <Node id="2497"/>
<Node id="2498"/>a<Node id="2499"/> <Node id="2500"/>uniform<Node id="2507"/>.<Node id="2508"/> <Node id="2509"/> <Node id="2510"/>Clothing<Node id="2518"/> <Node id="2519"/>aside<Node id="2524"/>,<Node id="2525"/> <Node id="2526"/>you<Node id="2529"/> <Node id="2530"/>know<Node id="2534"/>,<Node id="2535"/> <Node id="2536"/>it<Node id="2538"/>'s<Node id="2540"/> <Node id="2541"/>still<Node id="2546"/> <Node id="2547"/>not<Node id="2550"/> <Node id="2551"/>legal<Node id="2556"/> <Node id="2557"/>to<Node id="2559"/> <Node id="2560"/>serve<Node id="2565"/> <Node id="2566"/>a<Node id="2567"/>
<Node id="2568"/>search<Node id="2574"/> <Node id="2575"/>warrant<Node id="2582"/> <Node id="2583"/>with<Node id="2587"/> <Node id="2588"/>a<Node id="2589"/> <Node id="2590"/>concussion<Node id="2600"/> <Node id="2601"/>grenade<Node id="2608"/>.<Node id="2609"/>
<Node id="2610"/>
<Node id="2611"/>&gt;<Node id="2612"/> <Node id="2613"/>I<Node id="2614"/> <Node id="2615"/>do<Node id="2617"/> <Node id="2618"/>not<Node id="2621"/> <Node id="2622"/>know<Node id="2626"/> <Node id="2627"/>much<Node id="2631"/> <Node id="2632"/>about<Node id="2637"/> <Node id="2638"/>the<Node id="2641"/> <Node id="2642"/>gun<Node id="2645"/> <Node id="2646"/>laws<Node id="2650"/> <Node id="2651"/>in<Node id="2653"/> <Node id="2654"/>Texas<Node id="2659"/>,<Node id="2660"/> <Node id="2661"/>but<Node id="2664"/> <Node id="2665"/>
<Node id="2666"/>&gt;<Node id="2667"/> <Node id="2668"/>Koresh<Node id="2674"/>'s<Node id="2676"/> <Node id="2677"/>folks<Node id="2682"/> <Node id="2683"/>claimed<Node id="2690"/> <Node id="2691"/>to<Node id="2693"/> <Node id="2694"/>have<Node id="2698"/> <Node id="2699"/>grenades<Node id="2707"/>,<Node id="2708"/> <Node id="2709"/>grenade<Node id="2716"/> <Node id="2717"/>launchers<Node id="2726"/>,<Node id="2727"/> <Node id="2728"/>and<Node id="2731"/> <Node id="2732"/>rocket<Node id="2738"/>
<Node id="2739"/>&gt;<Node id="2740"/> <Node id="2741"/>launchers<Node id="2750"/>.<Node id="2751"/> <Node id="2752"/> <Node id="2753"/>I<Node id="2754"/> <Node id="2755"/>am<Node id="2757"/> <Node id="2758"/>not<Node id="2761"/> <Node id="2762"/>sure<Node id="2766"/> <Node id="2767"/>that<Node id="2771"/> <Node id="2772"/>the<Node id="2775"/> <Node id="2776"/>NRA<Node id="2779"/> <Node id="2780"/>feels<Node id="2785"/> <Node id="2786"/>that<Node id="2790"/> <Node id="2791"/>this<Node id="2795"/> <Node id="2796"/>falls<Node id="2801"/> <Node id="2802"/>under<Node id="2807"/> <Node id="2808"/>
<Node id="2809"/>&gt;<Node id="2810"/> <Node id="2811"/>"<Node id="2812"/>right<Node id="2817"/> <Node id="2818"/>to<Node id="2820"/> <Node id="2821"/>bear<Node id="2825"/> <Node id="2826"/>arms<Node id="2830"/>.<Node id="2831"/>"<Node id="2832"/>
<Node id="2833"/>
<Node id="2834"/>Well<Node id="2838"/> <Node id="2839"/>then<Node id="2843"/>,<Node id="2844"/> <Node id="2845"/>find<Node id="2849"/> <Node id="2850"/>out<Node id="2853"/>.<Node id="2854"/>
<Node id="2855"/>
<Node id="2856"/>By<Node id="2858"/> <Node id="2859"/>the<Node id="2862"/> <Node id="2863"/>way<Node id="2866"/>,<Node id="2867"/> <Node id="2868"/>this<Node id="2872"/> <Node id="2873"/>is<Node id="2875"/> <Node id="2876"/>not<Node id="2879"/> <Node id="2880"/>a<Node id="2881"/> <Node id="2882"/>claim<Node id="2887"/> <Node id="2888"/>of<Node id="2890"/> <Node id="2891"/>"<Node id="2892"/>Koresh<Node id="2898"/>'s<Node id="2900"/> <Node id="2901"/>folks<Node id="2906"/>,<Node id="2907"/>"<Node id="2908"/> <Node id="2909"/>it<Node id="2911"/> <Node id="2912"/>is<Node id="2914"/> <Node id="2915"/>a<Node id="2916"/> <Node id="2917"/>claim<Node id="2922"/> <Node id="2923"/>of<Node id="2925"/> <Node id="2926"/>
<Node id="2927"/>the<Node id="2930"/> <Node id="2931"/>government<Node id="2941"/> <Node id="2942"/>-<Node id="2943"/>-<Node id="2944"/> <Node id="2945"/>the<Node id="2948"/> <Node id="2949"/>same<Node id="2953"/> <Node id="2954"/>government<Node id="2964"/> <Node id="2965"/>which<Node id="2970"/> <Node id="2971"/>DID<Node id="2974"/> <Node id="2975"/>have<Node id="2979"/> <Node id="2980"/>grenades<Node id="2988"/> <Node id="2989"/>and<Node id="2992"/> <Node id="2993"/>grenade<Node id="3000"/>
<Node id="3001"/>launchers<Node id="3010"/> <Node id="3011"/>and<Node id="3014"/> <Node id="3015"/>DID<Node id="3018"/> <Node id="3019"/>use<Node id="3022"/> <Node id="3023"/>them<Node id="3027"/>.<Node id="3028"/> <Node id="3029"/> <Node id="3030"/>No<Node id="3032"/> <Node id="3033"/>one<Node id="3036"/> <Node id="3037"/>has<Node id="3040"/> <Node id="3041"/>seen<Node id="3045"/> <Node id="3046"/>ANY<Node id="3049"/> <Node id="3050"/>evidence<Node id="3058"/> <Node id="3059"/>of<Node id="3061"/> <Node id="3062"/>the<Node id="3065"/> <Node id="3066"/>BD<Node id="3068"/>'s<Node id="3070"/> <Node id="3071"/>
<Node id="3072"/>having<Node id="3078"/>,<Node id="3079"/> <Node id="3080"/>much<Node id="3084"/> <Node id="3085"/>less<Node id="3089"/> <Node id="3090"/>using<Node id="3095"/>,<Node id="3096"/> <Node id="3097"/>such<Node id="3101"/> <Node id="3102"/>weaponry<Node id="3110"/>.<Node id="3111"/> <Node id="3112"/> <Node id="3113"/>If<Node id="3115"/> <Node id="3116"/>they<Node id="3120"/> <Node id="3121"/>were<Node id="3125"/> <Node id="3126"/>stocking<Node id="3134"/> <Node id="3135"/>such<Node id="3139"/> <Node id="3140"/>things<Node id="3146"/> <Node id="3147"/>
<Node id="3148"/>against<Node id="3155"/> <Node id="3156"/>Armageddon<Node id="3166"/>,<Node id="3167"/> <Node id="3168"/>why<Node id="3171"/> <Node id="3172"/>would<Node id="3177"/> <Node id="3178"/>they<Node id="3182"/> <Node id="3183"/>have<Node id="3187"/> <Node id="3188"/>left<Node id="3192"/> <Node id="3193"/>them<Node id="3197"/> <Node id="3198"/>in<Node id="3200"/> <Node id="3201"/>the<Node id="3204"/> <Node id="3205"/>boxes<Node id="3210"/> <Node id="3211"/>when<Node id="3215"/> <Node id="3216"/>
<Node id="3217"/>Armageddon<Node id="3227"/> <Node id="3228"/>actually<Node id="3236"/> <Node id="3237"/>arrived<Node id="3244"/>?<Node id="3245"/>
<Node id="3246"/>
<Node id="3247"/>&gt;<Node id="3248"/> <Node id="3249"/>|<Node id="3250"/>&gt;<Node id="3251"/> <Node id="3252"/>Of<Node id="3254"/> <Node id="3255"/>course<Node id="3261"/>,<Node id="3262"/> <Node id="3263"/>to<Node id="3265"/> <Node id="3266"/>Jews<Node id="3270"/> <Node id="3271"/>and<Node id="3274"/> <Node id="3275"/>Mormons<Node id="3282"/> <Node id="3283"/>this<Node id="3287"/> <Node id="3288"/>is<Node id="3290"/> <Node id="3291"/>just<Node id="3295"/> <Node id="3296"/>a<Node id="3297"/> <Node id="3298"/>broken<Node id="3304"/> <Node id="3305"/>record<Node id="3311"/>.<Node id="3312"/> <Node id="3313"/> <Node id="3314"/>It<Node id="3316"/> <Node id="3317"/>has<Node id="3320"/>
<Node id="3321"/>&gt;<Node id="3322"/> <Node id="3323"/>|<Node id="3324"/>&gt;<Node id="3325"/> <Node id="3326"/>happened<Node id="3334"/> <Node id="3335"/>before<Node id="3341"/>.<Node id="3342"/>
<Node id="3343"/>&gt;<Node id="3344"/> <Node id="3345"/>
<Node id="3346"/>&gt;<Node id="3347"/> <Node id="3348"/>Please<Node id="3354"/> <Node id="3355"/>explain<Node id="3362"/>.<Node id="3363"/> <Node id="3364"/> <Node id="3365"/>I<Node id="3366"/> <Node id="3367"/>do<Node id="3369"/> <Node id="3370"/>not<Node id="3373"/> <Node id="3374"/>remember<Node id="3382"/> <Node id="3383"/>Jews<Node id="3387"/> <Node id="3388"/>or<Node id="3390"/> <Node id="3391"/>Mormons<Node id="3398"/> <Node id="3399"/>(<Node id="3400"/>as<Node id="3402"/> <Node id="3403"/>a<Node id="3404"/> <Node id="3405"/>group<Node id="3410"/>)<Node id="3411"/> <Node id="3412"/>overtly<Node id="3419"/> <Node id="3420"/>
<Node id="3421"/>&gt;<Node id="3422"/> <Node id="3423"/>breaking<Node id="3431"/> <Node id="3432"/>a<Node id="3433"/> <Node id="3434"/>judicious<Node id="3443"/> <Node id="3444"/>(<Node id="3445"/>a<Node id="3446"/>.<Node id="3447"/>k<Node id="3448"/>.<Node id="3449"/>a<Node id="3450"/>.<Node id="3451"/> <Node id="3452"/>non-<Node id="3456"/>Nazi<Node id="3460"/>)<Node id="3461"/> <Node id="3462"/>law<Node id="3465"/> <Node id="3466"/>and<Node id="3469"/> <Node id="3470"/>being<Node id="3475"/> <Node id="3476"/>punished<Node id="3484"/> <Node id="3485"/>for<Node id="3488"/> <Node id="3489"/>it<Node id="3491"/>.<Node id="3492"/>
<Node id="3493"/>
<Node id="3494"/>See<Node id="3497"/> <Node id="3498"/>above<Node id="3503"/>,<Node id="3504"/> <Node id="3505"/>for<Node id="3508"/> <Node id="3509"/>one<Node id="3512"/> <Node id="3513"/>example<Node id="3520"/>.<Node id="3521"/> <Node id="3522"/> <Node id="3523"/>The<Node id="3526"/> <Node id="3527"/>"<Node id="3528"/>abuses<Node id="3534"/>"<Node id="3535"/> <Node id="3536"/>involved<Node id="3544"/> <Node id="3545"/>were<Node id="3549"/> <Node id="3550"/>non-mainstream<Node id="3564"/> <Node id="3565"/>
<Node id="3566"/>religious<Node id="3575"/> <Node id="3576"/>beliefs<Node id="3583"/>,<Node id="3584"/> <Node id="3585"/>polygamy<Node id="3593"/>,<Node id="3594"/> <Node id="3595"/>child<Node id="3600"/> <Node id="3601"/>abuse<Node id="3606"/>,<Node id="3607"/> <Node id="3608"/>and<Node id="3611"/> <Node id="3612"/>fortification<Node id="3625"/>.<Node id="3626"/> <Node id="3627"/> <Node id="3628"/>Sound<Node id="3633"/>
<Node id="3634"/>familiar<Node id="3642"/>?<Node id="3643"/> <Node id="3644"/> <Node id="3645"/>In<Node id="3647"/> <Node id="3648"/>my<Node id="3650"/> <Node id="3651"/>opinion<Node id="3658"/>,<Node id="3659"/> <Node id="3660"/>the<Node id="3663"/> <Node id="3664"/>BD<Node id="3666"/>'s<Node id="3668"/> <Node id="3669"/>were<Node id="3673"/> <Node id="3674"/>as<Node id="3676"/> <Node id="3677"/>much<Node id="3681"/> <Node id="3682"/>a<Node id="3683"/> <Node id="3684"/>real<Node id="3688"/> <Node id="3689"/>threat<Node id="3695"/> <Node id="3696"/>to<Node id="3698"/> <Node id="3699"/>society<Node id="3706"/>
<Node id="3707"/>as<Node id="3709"/> <Node id="3710"/>the<Node id="3713"/> <Node id="3714"/>Mormons<Node id="3721"/> <Node id="3722"/>were<Node id="3726"/> <Node id="3727"/>then<Node id="3731"/> <Node id="3732"/>or<Node id="3734"/> <Node id="3735"/>are<Node id="3738"/> <Node id="3739"/>now<Node id="3742"/>.<Node id="3743"/> <Node id="3744"/> <Node id="3745"/>(<Node id="3746"/>That<Node id="3750"/> <Node id="3751"/>is<Node id="3753"/>,<Node id="3754"/> <Node id="3755"/>until<Node id="3760"/> <Node id="3761"/>they<Node id="3765"/> <Node id="3766"/>were<Node id="3770"/> <Node id="3771"/>provoked<Node id="3779"/>.<Node id="3780"/>)<Node id="3781"/>
<Node id="3782"/>
<Node id="3783"/>By<Node id="3785"/> <Node id="3786"/>the<Node id="3789"/> <Node id="3790"/>way<Node id="3793"/>,<Node id="3794"/> <Node id="3795"/>I<Node id="3796"/> <Node id="3797"/>find<Node id="3801"/> <Node id="3802"/>your<Node id="3806"/> <Node id="3807"/>statement<Node id="3816"/> <Node id="3817"/>about<Node id="3822"/> <Node id="3823"/>"<Node id="3824"/>non-<Node id="3828"/>Nazi<Node id="3832"/>"<Node id="3833"/> <Node id="3834"/>law<Node id="3837"/> <Node id="3838"/>ironic<Node id="3844"/>.<Node id="3845"/> <Node id="3846"/> <Node id="3847"/>Koresh<Node id="3853"/> <Node id="3854"/>was<Node id="3857"/> <Node id="3858"/>
<Node id="3859"/>suspected<Node id="3868"/> <Node id="3869"/>of<Node id="3871"/> <Node id="3872"/>violating<Node id="3881"/> <Node id="3882"/>the<Node id="3885"/> <Node id="3886"/>Gun<Node id="3889"/> <Node id="3890"/>Control<Node id="3897"/> <Node id="3898"/>Act<Node id="3901"/> <Node id="3902"/>of<Node id="3904"/> <Node id="3905"/>1968<Node id="3909"/>,<Node id="3910"/> <Node id="3911"/>which<Node id="3916"/> <Node id="3917"/>was<Node id="3920"/> <Node id="3921"/>BASED<Node id="3926"/> <Node id="3927"/>ON<Node id="3929"/> <Node id="3930"/>the<Node id="3933"/>
<Node id="3934"/>text<Node id="3938"/> <Node id="3939"/>of<Node id="3941"/> <Node id="3942"/>the<Node id="3945"/> <Node id="3946"/>Nazi<Node id="3950"/> <Node id="3951"/>Weapons<Node id="3958"/> <Node id="3959"/>Law<Node id="3962"/> <Node id="3963"/>of<Node id="3965"/> <Node id="3966"/>March<Node id="3971"/> <Node id="3972"/>18<Node id="3974"/>,<Node id="3975"/> <Node id="3976"/>1938<Node id="3980"/>.<Node id="3981"/> <Node id="3982"/> <Node id="3983"/>(<Node id="3984"/>"<Node id="3985"/>Gun<Node id="3988"/> <Node id="3989"/>Control<Node id="3996"/>'s<Node id="3998"/> <Node id="3999"/>Nazi<Node id="4003"/> <Node id="4004"/>
<Node id="4005"/>Connection<Node id="4015"/>;<Node id="4016"/>"<Node id="4017"/> <Node id="4018"/>Jews<Node id="4022"/> <Node id="4023"/>for<Node id="4026"/> <Node id="4027"/>Preservation<Node id="4039"/> <Node id="4040"/>of<Node id="4042"/> <Node id="4043"/>Firearms<Node id="4051"/> <Node id="4052"/>Ownership<Node id="4061"/>,<Node id="4062"/> <Node id="4063"/>2872<Node id="4067"/> <Node id="4068"/>S<Node id="4069"/>.<Node id="4070"/> <Node id="4071"/>
<Node id="4072"/>Wentworth<Node id="4081"/> <Node id="4082"/>Ave<Node id="4085"/>.<Node id="4086"/>,<Node id="4087"/> <Node id="4088"/>Milwaukee<Node id="4097"/>,<Node id="4098"/> <Node id="4099"/>WI<Node id="4101"/> <Node id="4102"/>53207<Node id="4107"/>,<Node id="4108"/> <Node id="4109"/>(<Node id="4110"/>414<Node id="4113"/>)<Node id="4114"/> <Node id="4115"/>769<Node id="4118"/>-<Node id="4119"/>0760<Node id="4123"/>.<Node id="4124"/>)<Node id="4125"/>
<Node id="4126"/>
<Node id="4127"/>By<Node id="4129"/> <Node id="4130"/>the<Node id="4133"/> <Node id="4134"/>way<Node id="4137"/>,<Node id="4138"/> <Node id="4139"/>what<Node id="4143"/> <Node id="4144"/>was<Node id="4147"/> <Node id="4148"/>Koresh<Node id="4154"/>'s<Node id="4156"/> <Node id="4157"/>specific<Node id="4165"/> <Node id="4166"/>violation<Node id="4175"/>?<Node id="4176"/> <Node id="4177"/> <Node id="4178"/>FAILURE<Node id="4185"/> <Node id="4186"/>TO<Node id="4188"/> <Node id="4189"/>PAY<Node id="4192"/> <Node id="4193"/>A<Node id="4194"/> <Node id="4195"/>TAX<Node id="4198"/>.<Node id="4199"/>
<Node id="4200"/>That<Node id="4204"/>'s<Node id="4206"/> <Node id="4207"/>right<Node id="4212"/> <Node id="4213"/>-<Node id="4214"/>-<Node id="4215"/> <Node id="4216"/>the<Node id="4219"/> <Node id="4220"/>BATF<Node id="4224"/> <Node id="4225"/>are<Node id="4228"/> <Node id="4229"/>TREASURY<Node id="4237"/> <Node id="4238"/>agents<Node id="4244"/>.<Node id="4245"/> <Node id="4246"/> <Node id="4247"/>Did<Node id="4250"/> <Node id="4251"/>a<Node id="4252"/> <Node id="4253"/>failure<Node id="4260"/> <Node id="4261"/>to<Node id="4263"/> <Node id="4264"/>pay<Node id="4267"/> <Node id="4268"/>a<Node id="4269"/>
<Node id="4270"/>$<Node id="4271"/>200<Node id="4274"/>/<Node id="4275"/>gun<Node id="4278"/> <Node id="4279"/>tax<Node id="4282"/> <Node id="4283"/>really<Node id="4289"/> <Node id="4290"/>justify<Node id="4297"/> <Node id="4298"/>armed<Node id="4303"/> <Node id="4304"/>attack<Node id="4310"/>,<Node id="4311"/> <Node id="4312"/>night<Node id="4317"/> <Node id="4318"/>torture<Node id="4325"/>,<Node id="4326"/> <Node id="4327"/>and<Node id="4330"/> <Node id="4331"/>ultimately<Node id="4341"/>
<Node id="4342"/>the<Node id="4345"/> <Node id="4346"/>death<Node id="4351"/> <Node id="4352"/>penalty<Node id="4359"/>?<Node id="4360"/>
<Node id="4361"/>
<Node id="4362"/>&gt;<Node id="4363"/> <Node id="4364"/>|<Node id="4365"/>&gt;<Node id="4366"/> <Node id="4367"/>I<Node id="4368"/>'ll<Node id="4371"/> <Node id="4372"/>bet<Node id="4375"/> <Node id="4376"/>all<Node id="4379"/> <Node id="4380"/>you<Node id="4383"/> <Node id="4384"/>cult<Node id="4388"/> <Node id="4389"/>haters<Node id="4395"/> <Node id="4396"/>are<Node id="4399"/> <Node id="4400"/>happy<Node id="4405"/> <Node id="4406"/>now<Node id="4409"/>,<Node id="4410"/> <Node id="4411"/>right<Node id="4416"/>?<Node id="4417"/> <Node id="4418"/> <Node id="4419"/>Just<Node id="4423"/> <Node id="4424"/>hope<Node id="4428"/> <Node id="4429"/>you<Node id="4432"/>'re<Node id="4435"/> <Node id="4436"/>not<Node id="4439"/> <Node id="4440"/>next<Node id="4444"/>.<Node id="4445"/>
<Node id="4446"/>&gt;<Node id="4447"/> <Node id="4448"/>
<Node id="4449"/>&gt;<Node id="4450"/> <Node id="4451"/>Followups<Node id="4460"/> <Node id="4461"/>to<Node id="4463"/> <Node id="4464"/>/<Node id="4465"/>dev<Node id="4468"/>/<Node id="4469"/>null<Node id="4473"/> <Node id="4474"/> <Node id="4475"/>
<Node id="4476"/>
<Node id="4477"/>No<Node id="4479"/> <Node id="4480"/>-<Node id="4481"/>-<Node id="4482"/> <Node id="4483"/>think<Node id="4488"/> <Node id="4489"/>for<Node id="4492"/> <Node id="4493"/>yourself<Node id="4501"/>,<Node id="4502"/> <Node id="4503"/>for<Node id="4506"/> <Node id="4507"/>once<Node id="4511"/>.<Node id="4512"/>
<Node id="4513"/>-<Node id="4514"/>-<Node id="4515"/> <Node id="4516"/>
<Node id="4517"/>
<Node id="4518"/>cdt<Node id="4521"/>@<Node id="4522"/>rocket<Node id="4528"/>.<Node id="4529"/>sw<Node id="4531"/>.<Node id="4532"/>stratus<Node id="4539"/>.<Node id="4540"/>com<Node id="4543"/> <Node id="4544"/> <Node id="4545"/> <Node id="4546"/>-<Node id="4547"/>-<Node id="4548"/>If<Node id="4550"/> <Node id="4551"/>you<Node id="4554"/> <Node id="4555"/>believe<Node id="4562"/> <Node id="4563"/>that<Node id="4567"/> <Node id="4568"/>I<Node id="4569"/> <Node id="4570"/>speak<Node id="4575"/> <Node id="4576"/>for<Node id="4579"/> <Node id="4580"/>my<Node id="4582"/> <Node id="4583"/>company<Node id="4590"/>,<Node id="4591"/>
<Node id="4592"/>OR<Node id="4594"/> <Node id="4595"/>cdt<Node id="4598"/>@<Node id="4599"/>vos<Node id="4602"/>.<Node id="4603"/>stratus<Node id="4610"/>.<Node id="4611"/>com<Node id="4614"/> <Node id="4615"/> <Node id="4616"/> <Node id="4617"/> <Node id="4618"/> <Node id="4619"/> <Node id="4620"/> <Node id="4621"/> <Node id="4622"/>write<Node id="4627"/> <Node id="4628"/>today<Node id="4633"/> <Node id="4634"/>for<Node id="4637"/> <Node id="4638"/>my<Node id="4640"/> <Node id="4641"/>special<Node id="4648"/> <Node id="4649"/>Investors<Node id="4658"/>'<Node id="4659"/> <Node id="4660"/>Packet<Node id="4666"/>.<Node id="4667"/>.<Node id="4668"/>.<Node id="4669"/>
<Node id="4670"/>
<Node id="4671"/></TextWithNodes>
<!-- The default annotation set -->

<AnnotationSet>
<Annotation EndNode="4671" StartNode="0" Type="Mention" Id="9999999">
<Feature>
<Name classname="java.lang.String">Class</Name>
<Value classname="java.lang.String">0</Value>
</Feature>
</Annotation>

<Annotation Id="7" Type="Token" StartNode="13" EndNode="20">
<Feature>
  <Name className="java.lang.String">string</Name>
  <Value className="java.lang.String">stratus</Value>
</Feature>
</Annotation>
<Annotation Id="18" Type="Token" StartNode="32" EndNode="39">
<Feature>
  <Name className="java.lang.String">string</Name>
  <Value className="java.lang.String">Tavares</Value>
</Feature>
</Annotation>
<Annotation Id="38" Type="Token" StartNode="72" EndNode="84">
<Feature>
  <Name className="java.lang.String">string</Name>
  <Value className="java.lang.String">Organization</Value>
</Feature>
</Annotation>
<Annotation Id="43" Type="Token" StartNode="94" EndNode="102">
<Feature>
  <Name className="java.lang.String">string</Name>
  <Value className="java.lang.String">Computer</Value>
</Feature>
</Annotation>
<Annotation Id="41" Type="Token" StartNode="86" EndNode="93">
<Feature>
  <Name className="java.lang.String">string</Name>
  <Value className="java.lang.String">Stratus</Value>
</Feature>
</Annotation>
<Annotation Id="54" Type="Token" StartNode="120" EndNode="132">
<Feature>
  <Name className="java.lang.String">string</Name>
  <Value className="java.lang.String">Distribution</Value>
</Feature>
</Annotation>
<Annotation Id="59" Type="Token" StartNode="140" EndNode="148">
<Feature>
  <Name className="java.lang.String">string</Name>
  <Value className="java.lang.String">Message-</Value>
</Feature>
</Annotation>
<Annotation Id="79" Type="Token" StartNode="185" EndNode="195">
<Feature>
  <Name className="java.lang.String">string</Name>
  <Value className="java.lang.String">References</Value>
</Feature>
</Annotation>
<Annotation Id="72" Type="Token" StartNode="163" EndNode="171">
<Feature>
  <Name className="java.lang.String">string</Name>
  <Value className="java.lang.String">transfer</Value>
</Feature>
</Annotation>
<Annotation Id="74" Type="Token" StartNode="172" EndNode="179">
<Feature>
  <Name className="java.lang.String">string</Name>
  <Value className="java.lang.String">stratus</Value>
</Feature>
</Annotation>
<Annotation Id="89" Type="Token" StartNode="209" EndNode="215">
<Feature>
  <Name className="java.lang.String">string</Name>
  <Value className="java.lang.String">usenet</Value>
</Feature>
</Annotation>
<Annotation Id="107" Type="Token" StartNode="242" EndNode="249">
<Feature>
  <Name className="java.lang.String">string</Name>
  <Value className="java.lang.String">msuinfo</Value>
</Feature>
</Annotation>
<Annotation Id="119" Type="Token" StartNode="281" EndNode="287">
<Feature>
  <Name className="java.lang.String">string</Name>
  <Value className="java.lang.String">rocket</Value>
</Feature>
</Annotation>
<Annotation Id="116" Type="Token" StartNode="262" EndNode="279">
<Feature>
  <Name className="java.lang.String">string</Name>
  <Value className="java.lang.String">NNTP-Posting-Host</Value>
</Feature>
</Annotation>
<Annotation Id="123" Type="Token" StartNode="291" EndNode="298">
<Feature>
  <Name className="java.lang.String">string</Name>
  <Value className="java.lang.String">stratus</Value>
</Feature>
</Annotation>
<Annotation Id="141" Type="Token" StartNode="327" EndNode="334">
<Feature>
  <Name className="java.lang.String">string</Name>
  <Value className="java.lang.String">msuinfo</Value>
</Feature>
</Annotation>
<Annotation Id="130" Type="Token" StartNode="307" EndNode="314">
<Feature>
  <Name className="java.lang.String">string</Name>
  <Value className="java.lang.String">article</Value>
</Feature>
</Annotation>
<Annotation Id="151" Type="Token" StartNode="348" EndNode="356">
<Feature>
  <Name className="java.lang.String">string</Name>
  <Value className="java.lang.String">friedenb</Value>
</Feature>
</Annotation>
<Annotation Id="174" Type="Token" StartNode="411" EndNode="418">
<Feature>
  <Name className="java.lang.String">string</Name>
  <Value className="java.lang.String">article</Value>
</Feature>
</Annotation>
<Annotation Id="162" Type="Token" StartNode="376" EndNode="384">
<Feature>
  <Name className="java.lang.String">string</Name>
  <Value className="java.lang.String">Gedaliah</Value>
</Feature>
</Annotation>
<Annotation Id="167" Type="Token" StartNode="398" EndNode="404">
<Feature>
  <Name className="java.lang.String">string</Name>
  <Value className="java.lang.String">writes</Value>
</Feature>
</Annotation>
<Annotation Id="164" Type="Token" StartNode="385" EndNode="396">
<Feature>
  <Name className="java.lang.String">string</Name>
  <Value className="java.lang.String">Friedenberg</Value>
</Feature>
</Annotation>
<Annotation Id="183" Type="Token" StartNode="431" EndNode="437">
<Feature>
  <Name className="java.lang.String">string</Name>
  <Value className="java.lang.String">usenet</Value>
</Feature>
</Annotation>
<Annotation Id="196" Type="Token" StartNode="459" EndNode="468">
<Feature>
  <Name className="java.lang.String">string</Name>
  <Value className="java.lang.String">cleveland</Value>
</Feature>
</Annotation>
<Annotation Id="198" Type="Token" StartNode="469" EndNode="476">
<Feature>
  <Name className="java.lang.String">string</Name>
  <Value className="java.lang.String">Freenet</Value>
</Feature>
</Annotation>
<Annotation Id="208" Type="Token" StartNode="490" EndNode="497">
<Feature>
  <Name className="java.lang.String">string</Name>
  <Value className="java.lang.String">Redelfs</Value>
</Feature>
</Annotation>
<Annotation Id="211" Type="Token" StartNode="499" EndNode="505">
<Feature>
  <Name className="java.lang.String">string</Name>
  <Value className="java.lang.String">writes</Value>
</Feature>
</Annotation>
<Annotation Id="235" Type="Token" StartNode="543" EndNode="549">
<Feature>
  <Name className="java.lang.String">string</Name>
  <Value className="java.lang.String">rubbed</Value>
</Feature>
</Annotation>
<Annotation Id="231" Type="Token" StartNode="531" EndNode="538">
<Feature>
  <Name className="java.lang.String">string</Name>
  <Value className="java.lang.String">Brother</Value>
</Feature>
</Annotation>
<Annotation Id="243" Type="Token" StartNode="567" EndNode="575">
<Feature>
  <Name className="java.lang.String">string</Name>
  <Value className="java.lang.String">religion</Value>
</Feature>
</Annotation>
<Annotation Id="241" Type="Token" StartNode="558" EndNode="566">
<Feature>
  <Name className="java.lang.String">string</Name>
  <Value className="java.lang.String">minority</Value>
</Feature>
</Annotation>
<Annotation Id="265" Type="Token" StartNode="608" EndNode="615">
<Feature>
  <Name className="java.lang.String">string</Name>
  <Value className="java.lang.String">Mormons</Value>
</Feature>
</Annotation>
<Annotation Id="316" Type="Token" StartNode="716" EndNode="724">
<Feature>
  <Name className="java.lang.String">string</Name>
  <Value className="java.lang.String">involved</Value>
</Feature>
</Annotation>
<Annotation Id="291" Type="Token" StartNode="655" EndNode="662">
<Feature>
  <Name className="java.lang.String">string</Name>
  <Value className="java.lang.String">Mormons</Value>
</Feature>
</Annotation>
<Annotation Id="293" Type="Token" StartNode="663" EndNode="672">
<Feature>
  <Name className="java.lang.String">string</Name>
  <Value className="java.lang.String">fortified</Value>
</Feature>
</Annotation>
<Annotation Id="351" Type="Token" StartNode="805" EndNode="814">
<Feature>
  <Name className="java.lang.String">string</Name>
  <Value className="java.lang.String">ludicrous</Value>
</Feature>
</Annotation>
<Annotation Id="347" Type="Token" StartNode="796" EndNode="802">
<Feature>
  <Name className="java.lang.String">string</Name>
  <Value className="java.lang.String">making</Value>
</Feature>
</Annotation>
<Annotation Id="322" Type="Token" StartNode="736" EndNode="744">
<Feature>
  <Name className="java.lang.String">string</Name>
  <Value className="java.lang.String">activity</Value>
</Feature>
</Annotation>
<Annotation Id="320" Type="Token" StartNode="728" EndNode="735">
<Feature>
  <Name className="java.lang.String">string</Name>
  <Value className="java.lang.String">illegal</Value>
</Feature>
</Annotation>
<Annotation Id="331" Type="Token" StartNode="764" EndNode="772">
<Feature>
  <Name className="java.lang.String">string</Name>
  <Value className="java.lang.String">whatever</Value>
</Feature>
</Annotation>
<Annotation Id="329" Type="Token" StartNode="756" EndNode="763">
<Feature>
  <Name className="java.lang.String">string</Name>
  <Value className="java.lang.String">deserve</Value>
</Feature>
</Annotation>
<Annotation Id="357" Type="Token" StartNode="828" EndNode="837">
<Feature>
  <Name className="java.lang.String">string</Name>
  <Value className="java.lang.String">Ludicrous</Value>
</Feature>
</Annotation>
<Annotation Id="353" Type="Token" StartNode="815" EndNode="825">
<Feature>
  <Name className="java.lang.String">string</Name>
  <Value className="java.lang.String">suggestion</Value>
</Feature>
</Annotation>
<Annotation Id="442" Type="Token" StartNode="933" EndNode="942">
<Feature>
  <Name className="java.lang.String">string</Name>
  <Value className="java.lang.String">RELIGIOUS</Value>
</Feature>
</Annotation>
<Annotation Id="446" Type="Token" StartNode="948" EndNode="955">
<Feature>
  <Name className="java.lang.String">string</Name>
  <Value className="java.lang.String">BATTLES</Value>
</Feature>
</Annotation>
<Annotation Id="438" Type="Token" StartNode="919" EndNode="926">
<Feature>
  <Name className="java.lang.String">string</Name>
  <Value className="java.lang.String">HEAVILY</Value>
</Feature>
</Annotation>
<Annotation Id="479" Type="Token" StartNode="1052" EndNode="1061">
<Feature>
  <Name className="java.lang.String">string</Name>
  <Value className="java.lang.String">religious</Value>
</Feature>
</Annotation>
<Annotation Id="473" Type="Token" StartNode="1036" EndNode="1045">
<Feature>
  <Name className="java.lang.String">string</Name>
  <Value className="java.lang.String">officials</Value>
</Feature>
</Annotation>
<Annotation Id="470" Type="Token" StartNode="1024" EndNode="1034">
<Feature>
  <Name className="java.lang.String">string</Name>
  <Value className="java.lang.String">government</Value>
</Feature>
</Annotation>
<Annotation Id="468" Type="Token" StartNode="1014" EndNode="1023">
<Feature>
  <Name className="java.lang.String">string</Name>
  <Value className="java.lang.String">involving</Value>
</Feature>
</Annotation>
<Annotation Id="466" Type="Token" StartNode="1005" EndNode="1013">
<Feature>
  <Name className="java.lang.String">string</Name>
  <Value className="java.lang.String">skirmish</Value>
</Feature>
</Annotation>
<Annotation Id="458" Type="Token" StartNode="986" EndNode="992">
<Feature>
  <Name className="java.lang.String">string</Name>
  <Value className="java.lang.String">called</Value>
</Feature>
</Annotation>
<Annotation Id="452" Type="Token" StartNode="969" EndNode="975">
<Feature>
  <Name className="java.lang.String">string</Name>
  <Value className="java.lang.String">Troops</Value>
</Feature>
</Annotation>
<Annotation Id="448" Type="Token" StartNode="956" EndNode="966">
<Feature>
  <Name className="java.lang.String">string</Name>
  <Value className="java.lang.String">GOVERNMENT</Value>
</Feature>
</Annotation>
<Annotation Id="499" Type="Token" StartNode="1111" EndNode="1118">
<Feature>
  <Name className="java.lang.String">string</Name>
  <Value className="java.lang.String">private</Value>
</Feature>
</Annotation>
<Annotation Id="489" Type="Token" StartNode="1082" EndNode="1091">
<Feature>
  <Name className="java.lang.String">string</Name>
  <Value className="java.lang.String">gathering</Value>
</Feature>
</Annotation>
<Annotation Id="491" Type="Token" StartNode="1092" EndNode="1099">
<Feature>
  <Name className="java.lang.String">string</Name>
  <Value className="java.lang.String">weapons</Value>
</Feature>
</Annotation>
<Annotation Id="548" Type="Token" StartNode="1228" EndNode="1239">
<Feature>
  <Name className="java.lang.String">string</Name>
  <Value className="java.lang.String">preparation</Value>
</Feature>
</Annotation>
<Annotation Id="544" Type="Token" StartNode="1214" EndNode="1224">
<Feature>
  <Name className="java.lang.String">string</Name>
  <Value className="java.lang.String">themselves</Value>
</Feature>
</Annotation>
<Annotation Id="574" Type="Token" StartNode="1292" EndNode="1300">
<Feature>
  <Name className="java.lang.String">string</Name>
  <Value className="java.lang.String">imminent</Value>
</Feature>
</Annotation>
<Annotation Id="568" Type="Token" StartNode="1278" EndNode="1285">
<Feature>
  <Name className="java.lang.String">string</Name>
  <Value className="java.lang.String">believe</Value>
</Feature>
</Annotation>
<Annotation Id="513" Type="Token" StartNode="1139" EndNode="1146">
<Feature>
  <Name className="java.lang.String">string</Name>
  <Value className="java.lang.String">leaders</Value>
</Feature>
</Annotation>
<Annotation Id="524" Type="Token" StartNode="1167" EndNode="1173">
<Feature>
  <Name className="java.lang.String">string</Name>
  <Value className="java.lang.String">speaks</Value>
</Feature>
</Annotation>
<Annotation Id="538" Type="Token" StartNode="1199" EndNode="1206">
<Feature>
  <Name className="java.lang.String">string</Name>
  <Value className="java.lang.String">members</Value>
</Feature>
</Annotation>
<Annotation Id="608" Type="Token" StartNode="1395" EndNode="1403">
<Feature>
  <Name className="java.lang.String">string</Name>
  <Value className="java.lang.String">sporting</Value>
</Feature>
</Annotation>
<Annotation Id="618" Type="Token" StartNode="1420" EndNode="1426">
<Feature>
  <Name className="java.lang.String">string</Name>
  <Value className="java.lang.String">series</Value>
</Feature>
</Annotation>
<Annotation Id="616" Type="Token" StartNode="1413" EndNode="1419">
<Feature>
  <Name className="java.lang.String">string</Name>
  <Value className="java.lang.String">recent</Value>
</Feature>
</Annotation>
<Annotation Id="622" Type="Token" StartNode="1430" EndNode="1436">
<Feature>
  <Name className="java.lang.String">string</Name>
  <Value className="java.lang.String">nearby</Value>
</Feature>
</Annotation>
<Annotation Id="624" Type="Token" StartNode="1437" EndNode="1447">
<Feature>
  <Name className="java.lang.String">string</Name>
  <Value className="java.lang.String">newspapers</Value>
</Feature>
</Annotation>
<Annotation Id="629" Type="Token" StartNode="1453" EndNode="1460">
<Feature>
  <Name className="java.lang.String">string</Name>
  <Value className="java.lang.String">exposed</Value>
</Feature>
</Annotation>
<Annotation Id="579" Type="Token" StartNode="1304" EndNode="1311">
<Feature>
  <Name className="java.lang.String">string</Name>
  <Value className="java.lang.String">Weapons</Value>
</Feature>
</Annotation>
<Annotation Id="581" Type="Token" StartNode="1312" EndNode="1320">
<Feature>
  <Name className="java.lang.String">string</Name>
  <Value className="java.lang.String">believed</Value>
</Feature>
</Annotation>
<Annotation Id="591" Type="Token" StartNode="1336" EndNode="1346">
<Feature>
  <Name className="java.lang.String">string</Name>
  <Value className="java.lang.String">possession</Value>
</Feature>
</Annotation>
<Annotation Id="593" Type="Token" StartNode="1347" EndNode="1354">
<Feature>
  <Name className="java.lang.String">string</Name>
  <Value className="java.lang.String">include</Value>
</Feature>
</Annotation>
<Annotation Id="595" Type="Token" StartNode="1355" EndNode="1365">
<Feature>
  <Name className="java.lang.String">string</Name>
  <Value className="java.lang.String">large-bore</Value>
</Feature>
</Annotation>
<Annotation Id="597" Type="Token" StartNode="1366" EndNode="1374">
<Feature>
  <Name className="java.lang.String">string</Name>
  <Value className="java.lang.String">military</Value>
</Feature>
</Annotation>
<Annotation Id="600" Type="Token" StartNode="1376" EndNode="1383">
<Feature>
  <Name className="java.lang.String">string</Name>
  <Value className="java.lang.String">weapons</Value>
</Feature>
</Annotation>
<Annotation Id="685" Type="Token" StartNode="1604" EndNode="1613">
<Feature>
  <Name className="java.lang.String">string</Name>
  <Value className="java.lang.String">exchanged</Value>
</Feature>
</Annotation>
<Annotation Id="681" Type="Token" StartNode="1589" EndNode="1598">
<Feature>
  <Name className="java.lang.String">string</Name>
  <Value className="java.lang.String">officials</Value>
</Feature>
</Annotation>
<Annotation Id="674" Type="Token" StartNode="1569" EndNode="1578">
<Feature>
  <Name className="java.lang.String">string</Name>
  <Value className="java.lang.String">incidents</Value>
</Feature>
</Annotation>
<Annotation Id="693" Type="Token" StartNode="1630" EndNode="1637">
<Feature>
  <Name className="java.lang.String">string</Name>
  <Value className="java.lang.String">members</Value>
</Feature>
</Annotation>
<Annotation Id="651" Type="Token" StartNode="1512" EndNode="1518">
<Feature>
  <Name className="java.lang.String">string</Name>
  <Value className="java.lang.String">region</Value>
</Feature>
</Annotation>
<Annotation Id="647" Type="Token" StartNode="1497" EndNode="1507">
<Feature>
  <Name className="java.lang.String">string</Name>
  <Value className="java.lang.String">throughout</Value>
</Feature>
</Annotation>
<Annotation Id="660" Type="Token" StartNode="1534" EndNode="1544">
<Feature>
  <Name className="java.lang.String">string</Name>
  <Value className="java.lang.String">surrounded</Value>
</Feature>
</Annotation>
<Annotation Id="656" Type="Token" StartNode="1522" EndNode="1528">
<Feature>
  <Name className="java.lang.String">string</Name>
  <Value className="java.lang.String">Troops</Value>
</Feature>
</Annotation>
<Annotation Id="745" Type="Token" StartNode="1776" EndNode="1784">
<Feature>
  <Name className="java.lang.String">string</Name>
  <Value className="java.lang.String">Liliburn</Value>
</Feature>
</Annotation>
<Annotation Id="751" Type="Token" StartNode="1795" EndNode="1801">
<Feature>
  <Name className="java.lang.String">string</Name>
  <Value className="java.lang.String">issued</Value>
</Feature>
</Annotation>
<Annotation Id="738" Type="Token" StartNode="1751" EndNode="1763">
<Feature>
  <Name className="java.lang.String">string</Name>
  <Value className="java.lang.String">administered</Value>
</Feature>
</Annotation>
<Annotation Id="736" Type="Token" StartNode="1742" EndNode="1750">
<Feature>
  <Name className="java.lang.String">string</Name>
  <Value className="java.lang.String">strictly</Value>
</Feature>
</Annotation>
<Annotation Id="743" Type="Token" StartNode="1767" EndNode="1775">
<Feature>
  <Name className="java.lang.String">string</Name>
  <Value className="java.lang.String">Governor</Value>
</Feature>
</Annotation>
<Annotation Id="762" Type="Token" StartNode="1823" EndNode="1830">
<Feature>
  <Name className="java.lang.String">string</Name>
  <Value className="java.lang.String">Mormons</Value>
</Feature>
</Annotation>
<Annotation Id="704" Type="Token" StartNode="1657" EndNode="1664">
<Feature>
  <Name className="java.lang.String">string</Name>
  <Value className="java.lang.String">reports</Value>
</Feature>
</Annotation>
<Annotation Id="708" Type="Token" StartNode="1668" EndNode="1676">
<Feature>
  <Name className="java.lang.String">string</Name>
  <Value className="java.lang.String">children</Value>
</Feature>
</Annotation>
<Annotation Id="720" Type="Token" StartNode="1700" EndNode="1708">
<Feature>
  <Name className="java.lang.String">string</Name>
  <Value className="java.lang.String">compound</Value>
</Feature>
</Annotation>
<Annotation Id="725" Type="Token" StartNode="1716" EndNode="1726">
<Feature>
  <Name className="java.lang.String">string</Name>
  <Value className="java.lang.String">discipline</Value>
</Feature>
</Annotation>
<Annotation Id="772" Type="Token" StartNode="1843" EndNode="1855">
<Feature>
  <Name className="java.lang.String">string</Name>
  <Value className="java.lang.String">exterminated</Value>
</Feature>
</Annotation>
<Annotation Id="777" Type="Token" StartNode="1860" EndNode="1866">
<Feature>
  <Name className="java.lang.String">string</Name>
  <Value className="java.lang.String">driven</Value>
</Feature>
</Annotation>
<Annotation Id="871" Type="Token" StartNode="1978" EndNode="1985">
<Feature>
  <Name className="java.lang.String">string</Name>
  <Value className="java.lang.String">account</Value>
</Feature>
</Annotation>
<Annotation Id="957" Type="Token" StartNode="2161" EndNode="2168">
<Feature>
  <Name className="java.lang.String">string</Name>
  <Value className="java.lang.String">include</Value>
</Feature>
</Annotation>
<Annotation Id="929" Type="Token" StartNode="2108" EndNode="2115">
<Feature>
  <Name className="java.lang.String">string</Name>
  <Value className="java.lang.String">worship</Value>
</Feature>
</Annotation>
<Annotation Id="925" Type="Token" StartNode="2098" EndNode="2104">
<Feature>
  <Name className="java.lang.String">string</Name>
  <Value className="java.lang.String">rights</Value>
</Feature>
</Annotation>
<Annotation Id="914" Type="Token" StartNode="2075" EndNode="2083">
<Feature>
  <Name className="java.lang.String">string</Name>
  <Value className="java.lang.String">exercise</Value>
</Feature>
</Annotation>
<Annotation Id="908" Type="Token" StartNode="2058" EndNode="2065">
<Feature>
  <Name className="java.lang.String">string</Name>
  <Value className="java.lang.String">enjoyed</Value>
</Feature>
</Annotation>
<Annotation Id="906" Type="Token" StartNode="2049" EndNode="2057">
<Feature>
  <Name className="java.lang.String">string</Name>
  <Value className="java.lang.String">everyone</Value>
</Feature>
</Annotation>
<Annotation Id="902" Type="Token" StartNode="2035" EndNode="2042">
<Feature>
  <Name className="java.lang.String">string</Name>
  <Value className="java.lang.String">country</Value>
</Feature>
</Annotation>
<Annotation Id="1010" Type="Token" StartNode="2291" EndNode="2299">
<Feature>
  <Name className="java.lang.String">string</Name>
  <Value className="java.lang.String">children</Value>
</Feature>
</Annotation>
<Annotation Id="1001" Type="Token" StartNode="2268" EndNode="2275">
<Feature>
  <Name className="java.lang.String">string</Name>
  <Value className="java.lang.String">started</Value>
</Feature>
</Annotation>
<Annotation Id="999" Type="Token" StartNode="2261" EndNode="2267">
<Feature>
  <Name className="java.lang.String">string</Name>
  <Value className="java.lang.String">REALLY</Value>
</Feature>
</Annotation>
<Annotation Id="991" Type="Token" StartNode="2240" EndNode="2247">
<Feature>
  <Name className="java.lang.String">string</Name>
  <Value className="java.lang.String">exactly</Value>
</Feature>
</Annotation>
<Annotation Id="969" Type="Token" StartNode="2196" EndNode="2204">
<Feature>
  <Name className="java.lang.String">string</Name>
  <Value className="java.lang.String">children</Value>
</Feature>
</Annotation>
<Annotation Id="967" Type="Token" StartNode="2189" EndNode="2195">
<Feature>
  <Name className="java.lang.String">string</Name>
  <Value className="java.lang.String">little</Value>
</Feature>
</Annotation>
<Annotation Id="965" Type="Token" StartNode="2182" EndNode="2188">
<Feature>
  <Name className="java.lang.String">string</Name>
  <Value className="java.lang.String">murder</Value>
</Feature>
</Annotation>
<Annotation Id="1100" Type="Token" StartNode="2510" EndNode="2518">
<Feature>
  <Name className="java.lang.String">string</Name>
  <Value className="java.lang.String">Clothing</Value>
</Feature>
</Annotation>
<Annotation Id="1096" Type="Token" StartNode="2500" EndNode="2507">
<Feature>
  <Name className="java.lang.String">string</Name>
  <Value className="java.lang.String">uniform</Value>
</Feature>
</Annotation>
<Annotation Id="1134" Type="Token" StartNode="2590" EndNode="2600">
<Feature>
  <Name className="java.lang.String">string</Name>
  <Value className="java.lang.String">concussion</Value>
</Feature>
</Annotation>
<Annotation Id="1128" Type="Token" StartNode="2575" EndNode="2582">
<Feature>
  <Name className="java.lang.String">string</Name>
  <Value className="java.lang.String">warrant</Value>
</Feature>
</Annotation>
<Annotation Id="1126" Type="Token" StartNode="2568" EndNode="2574">
<Feature>
  <Name className="java.lang.String">string</Name>
  <Value className="java.lang.String">search</Value>
</Feature>
</Annotation>
<Annotation Id="1136" Type="Token" StartNode="2601" EndNode="2608">
<Feature>
  <Name className="java.lang.String">string</Name>
  <Value className="java.lang.String">grenade</Value>
</Feature>
</Annotation>
<Annotation Id="1024" Type="Token" StartNode="2327" EndNode="2333">
<Feature>
  <Name className="java.lang.String">string</Name>
  <Value className="java.lang.String">proven</Value>
</Feature>
</Annotation>
<Annotation Id="1030" Type="Token" StartNode="2341" EndNode="2347">
<Feature>
  <Name className="java.lang.String">string</Name>
  <Value className="java.lang.String">moment</Value>
</Feature>
</Annotation>
<Annotation Id="1055" Type="Token" StartNode="2401" EndNode="2408">
<Feature>
  <Name className="java.lang.String">string</Name>
  <Value className="java.lang.String">killing</Value>
</Feature>
</Annotation>
<Annotation Id="1043" Type="Token" StartNode="2371" EndNode="2381">
<Feature>
  <Name className="java.lang.String">string</Name>
  <Value className="java.lang.String">government</Value>
</Feature>
</Annotation>
<Annotation Id="1066" Type="Token" StartNode="2427" EndNode="2434">
<Feature>
  <Name className="java.lang.String">string</Name>
  <Value className="java.lang.String">citizen</Value>
</Feature>
</Annotation>
<Annotation Id="1059" Type="Token" StartNode="2413" EndNode="2421">
<Feature>
  <Name className="java.lang.String">string</Name>
  <Value className="java.lang.String">officers</Value>
</Feature>
</Annotation>
<Annotation Id="1082" Type="Token" StartNode="2471" EndNode="2479">
<Feature>
  <Name className="java.lang.String">string</Name>
  <Value className="java.lang.String">criminal</Value>
</Feature>
</Annotation>
<Annotation Id="1080" Type="Token" StartNode="2461" EndNode="2470">
<Feature>
  <Name className="java.lang.String">string</Name>
  <Value className="java.lang.String">attacking</Value>
</Feature>
</Annotation>
<Annotation Id="1270" Type="Token" StartNode="2892" EndNode="2898">
<Feature>
  <Name className="java.lang.String">string</Name>
  <Value className="java.lang.String">Koresh</Value>
</Feature>
</Annotation>
<Annotation Id="1170" Type="Token" StartNode="2668" EndNode="2674">
<Feature>
  <Name className="java.lang.String">string</Name>
  <Value className="java.lang.String">Koresh</Value>
</Feature>
</Annotation>
<Annotation Id="1176" Type="Token" StartNode="2683" EndNode="2690">
<Feature>
  <Name className="java.lang.String">string</Name>
  <Value className="java.lang.String">claimed</Value>
</Feature>
</Annotation>
<Annotation Id="1182" Type="Token" StartNode="2699" EndNode="2707">
<Feature>
  <Name className="java.lang.String">string</Name>
  <Value className="java.lang.String">grenades</Value>
</Feature>
</Annotation>
<Annotation Id="1187" Type="Token" StartNode="2717" EndNode="2726">
<Feature>
  <Name className="java.lang.String">string</Name>
  <Value className="java.lang.String">launchers</Value>
</Feature>
</Annotation>
<Annotation Id="1185" Type="Token" StartNode="2709" EndNode="2716">
<Feature>
  <Name className="java.lang.String">string</Name>
  <Value className="java.lang.String">grenade</Value>
</Feature>
</Annotation>
<Annotation Id="1192" Type="Token" StartNode="2732" EndNode="2738">
<Feature>
  <Name className="java.lang.String">string</Name>
  <Value className="java.lang.String">rocket</Value>
</Feature>
</Annotation>
<Annotation Id="1196" Type="Token" StartNode="2741" EndNode="2750">
<Feature>
  <Name className="java.lang.String">string</Name>
  <Value className="java.lang.String">launchers</Value>
</Feature>
</Annotation>
<Annotation Id="1373" Type="Token" StartNode="3140" EndNode="3146">
<Feature>
  <Name className="java.lang.String">string</Name>
  <Value className="java.lang.String">things</Value>
</Feature>
</Annotation>
<Annotation Id="1369" Type="Token" StartNode="3126" EndNode="3134">
<Feature>
  <Name className="java.lang.String">string</Name>
  <Value className="java.lang.String">stocking</Value>
</Feature>
</Annotation>
<Annotation Id="1359" Type="Token" StartNode="3102" EndNode="3110">
<Feature>
  <Name className="java.lang.String">string</Name>
  <Value className="java.lang.String">weaponry</Value>
</Feature>
</Annotation>
<Annotation Id="1347" Type="Token" StartNode="3072" EndNode="3078">
<Feature>
  <Name className="java.lang.String">string</Name>
  <Value className="java.lang.String">having</Value>
</Feature>
</Annotation>
<Annotation Id="1404" Type="Token" StartNode="3228" EndNode="3236">
<Feature>
  <Name className="java.lang.String">string</Name>
  <Value className="java.lang.String">actually</Value>
</Feature>
</Annotation>
<Annotation Id="1406" Type="Token" StartNode="3237" EndNode="3244">
<Feature>
  <Name className="java.lang.String">string</Name>
  <Value className="java.lang.String">arrived</Value>
</Feature>
</Annotation>
<Annotation Id="1402" Type="Token" StartNode="3217" EndNode="3227">
<Feature>
  <Name className="java.lang.String">string</Name>
  <Value className="java.lang.String">Armageddon</Value>
</Feature>
</Annotation>
<Annotation Id="1376" Type="Token" StartNode="3148" EndNode="3155">
<Feature>
  <Name className="java.lang.String">string</Name>
  <Value className="java.lang.String">against</Value>
</Feature>
</Annotation>
<Annotation Id="1378" Type="Token" StartNode="3156" EndNode="3166">
<Feature>
  <Name className="java.lang.String">string</Name>
  <Value className="java.lang.String">Armageddon</Value>
</Feature>
</Annotation>
<Annotation Id="1308" Type="Token" StartNode="2980" EndNode="2988">
<Feature>
  <Name className="java.lang.String">string</Name>
  <Value className="java.lang.String">grenades</Value>
</Feature>
</Annotation>
<Annotation Id="1300" Type="Token" StartNode="2954" EndNode="2964">
<Feature>
  <Name className="java.lang.String">string</Name>
  <Value className="java.lang.String">government</Value>
</Feature>
</Annotation>
<Annotation Id="1291" Type="Token" StartNode="2931" EndNode="2941">
<Feature>
  <Name className="java.lang.String">string</Name>
  <Value className="java.lang.String">government</Value>
</Feature>
</Annotation>
<Annotation Id="1336" Type="Token" StartNode="3050" EndNode="3058">
<Feature>
  <Name className="java.lang.String">string</Name>
  <Value className="java.lang.String">evidence</Value>
</Feature>
</Annotation>
<Annotation Id="1312" Type="Token" StartNode="2993" EndNode="3000">
<Feature>
  <Name className="java.lang.String">string</Name>
  <Value className="java.lang.String">grenade</Value>
</Feature>
</Annotation>
<Annotation Id="1314" Type="Token" StartNode="3001" EndNode="3010">
<Feature>
  <Name className="java.lang.String">string</Name>
  <Value className="java.lang.String">launchers</Value>
</Feature>
</Annotation>
<Annotation Id="1494" Type="Token" StartNode="3423" EndNode="3431">
<Feature>
  <Name className="java.lang.String">string</Name>
  <Value className="java.lang.String">breaking</Value>
</Feature>
</Annotation>
<Annotation Id="1489" Type="Token" StartNode="3412" EndNode="3419">
<Feature>
  <Name className="java.lang.String">string</Name>
  <Value className="java.lang.String">overtly</Value>
</Feature>
</Annotation>
<Annotation Id="1498" Type="Token" StartNode="3434" EndNode="3443">
<Feature>
  <Name className="java.lang.String">string</Name>
  <Value className="java.lang.String">judicious</Value>
</Feature>
</Annotation>
<Annotation Id="1479" Type="Token" StartNode="3391" EndNode="3398">
<Feature>
  <Name className="java.lang.String">string</Name>
  <Value className="java.lang.String">Mormons</Value>
</Feature>
</Annotation>
<Annotation Id="1473" Type="Token" StartNode="3374" EndNode="3382">
<Feature>
  <Name className="java.lang.String">string</Name>
  <Value className="java.lang.String">remember</Value>
</Feature>
</Annotation>
<Annotation Id="1535" Type="Token" StartNode="3513" EndNode="3520">
<Feature>
  <Name className="java.lang.String">string</Name>
  <Value className="java.lang.String">example</Value>
</Feature>
</Annotation>
<Annotation Id="1518" Type="Token" StartNode="3476" EndNode="3484">
<Feature>
  <Name className="java.lang.String">string</Name>
  <Value className="java.lang.String">punished</Value>
</Feature>
</Annotation>
<Annotation Id="1426" Type="Token" StartNode="3275" EndNode="3282">
<Feature>
  <Name className="java.lang.String">string</Name>
  <Value className="java.lang.String">Mormons</Value>
</Feature>
</Annotation>
<Annotation Id="1438" Type="Token" StartNode="3305" EndNode="3311">
<Feature>
  <Name className="java.lang.String">string</Name>
  <Value className="java.lang.String">record</Value>
</Feature>
</Annotation>
<Annotation Id="1436" Type="Token" StartNode="3298" EndNode="3304">
<Feature>
  <Name className="java.lang.String">string</Name>
  <Value className="java.lang.String">broken</Value>
</Feature>
</Annotation>
<Annotation Id="1417" Type="Token" StartNode="3255" EndNode="3261">
<Feature>
  <Name className="java.lang.String">string</Name>
  <Value className="java.lang.String">course</Value>
</Feature>
</Annotation>
<Annotation Id="1461" Type="Token" StartNode="3348" EndNode="3354">
<Feature>
  <Name className="java.lang.String">string</Name>
  <Value className="java.lang.String">Please</Value>
</Feature>
</Annotation>
<Annotation Id="1463" Type="Token" StartNode="3355" EndNode="3362">
<Feature>
  <Name className="java.lang.String">string</Name>
  <Value className="java.lang.String">explain</Value>
</Feature>
</Annotation>
<Annotation Id="1451" Type="Token" StartNode="3326" EndNode="3334">
<Feature>
  <Name className="java.lang.String">string</Name>
  <Value className="java.lang.String">happened</Value>
</Feature>
</Annotation>
<Annotation Id="1453" Type="Token" StartNode="3335" EndNode="3341">
<Feature>
  <Name className="java.lang.String">string</Name>
  <Value className="java.lang.String">before</Value>
</Feature>
</Annotation>
<Annotation Id="1636" Type="Token" StartNode="3771" EndNode="3779">
<Feature>
  <Name className="java.lang.String">string</Name>
  <Value className="java.lang.String">provoked</Value>
</Feature>
</Annotation>
<Annotation Id="1654" Type="Token" StartNode="3807" EndNode="3816">
<Feature>
  <Name className="java.lang.String">string</Name>
  <Value className="java.lang.String">statement</Value>
</Feature>
</Annotation>
<Annotation Id="1610" Type="Token" StartNode="3714" EndNode="3721">
<Feature>
  <Name className="java.lang.String">string</Name>
  <Value className="java.lang.String">Mormons</Value>
</Feature>
</Annotation>
<Annotation Id="1600" Type="Token" StartNode="3689" EndNode="3695">
<Feature>
  <Name className="java.lang.String">string</Name>
  <Value className="java.lang.String">threat</Value>
</Feature>
</Annotation>
<Annotation Id="1604" Type="Token" StartNode="3699" EndNode="3706">
<Feature>
  <Name className="java.lang.String">string</Name>
  <Value className="java.lang.String">society</Value>
</Feature>
</Annotation>
<Annotation Id="1581" Type="Token" StartNode="3651" EndNode="3658">
<Feature>
  <Name className="java.lang.String">string</Name>
  <Value className="java.lang.String">opinion</Value>
</Feature>
</Annotation>
<Annotation Id="1573" Type="Token" StartNode="3634" EndNode="3642">
<Feature>
  <Name className="java.lang.String">string</Name>
  <Value className="java.lang.String">familiar</Value>
</Feature>
</Annotation>
<Annotation Id="1549" Type="Token" StartNode="3550" EndNode="3564">
<Feature>
  <Name className="java.lang.String">string</Name>
  <Value className="java.lang.String">non-mainstream</Value>
</Feature>
</Annotation>
<Annotation Id="1545" Type="Token" StartNode="3536" EndNode="3544">
<Feature>
  <Name className="java.lang.String">string</Name>
  <Value className="java.lang.String">involved</Value>
</Feature>
</Annotation>
<Annotation Id="1542" Type="Token" StartNode="3528" EndNode="3534">
<Feature>
  <Name className="java.lang.String">string</Name>
  <Value className="java.lang.String">abuses</Value>
</Feature>
</Annotation>
<Annotation Id="1567" Type="Token" StartNode="3612" EndNode="3625">
<Feature>
  <Name className="java.lang.String">string</Name>
  <Value className="java.lang.String">fortification</Value>
</Feature>
</Annotation>
<Annotation Id="1557" Type="Token" StartNode="3585" EndNode="3593">
<Feature>
  <Name className="java.lang.String">string</Name>
  <Value className="java.lang.String">polygamy</Value>
</Feature>
</Annotation>
<Annotation Id="1552" Type="Token" StartNode="3566" EndNode="3575">
<Feature>
  <Name className="java.lang.String">string</Name>
  <Value className="java.lang.String">religious</Value>
</Feature>
</Annotation>
<Annotation Id="1554" Type="Token" StartNode="3576" EndNode="3583">
<Feature>
  <Name className="java.lang.String">string</Name>
  <Value className="java.lang.String">beliefs</Value>
</Feature>
</Annotation>
<Annotation Id="1760" Type="Token" StartNode="4072" EndNode="4081">
<Feature>
  <Name className="java.lang.String">string</Name>
  <Value className="java.lang.String">Wentworth</Value>
</Feature>
</Annotation>
<Annotation Id="1766" Type="Token" StartNode="4088" EndNode="4097">
<Feature>
  <Name className="java.lang.String">string</Name>
  <Value className="java.lang.String">Milwaukee</Value>
</Feature>
</Annotation>
<Annotation Id="1730" Type="Token" StartNode="3989" EndNode="3996">
<Feature>
  <Name className="java.lang.String">string</Name>
  <Value className="java.lang.String">Control</Value>
</Feature>
</Annotation>
<Annotation Id="1737" Type="Token" StartNode="4005" EndNode="4015">
<Feature>
  <Name className="java.lang.String">string</Name>
  <Value className="java.lang.String">Connection</Value>
</Feature>
</Annotation>
<Annotation Id="1745" Type="Token" StartNode="4027" EndNode="4039">
<Feature>
  <Name className="java.lang.String">string</Name>
  <Value className="java.lang.String">Preservation</Value>
</Feature>
</Annotation>
<Annotation Id="1749" Type="Token" StartNode="4043" EndNode="4051">
<Feature>
  <Name className="java.lang.String">string</Name>
  <Value className="java.lang.String">Firearms</Value>
</Feature>
</Annotation>
<Annotation Id="1751" Type="Token" StartNode="4052" EndNode="4061">
<Feature>
  <Name className="java.lang.String">string</Name>
  <Value className="java.lang.String">Ownership</Value>
</Feature>
</Annotation>
<Annotation Id="1711" Type="Token" StartNode="3951" EndNode="3958">
<Feature>
  <Name className="java.lang.String">string</Name>
  <Value className="java.lang.String">Weapons</Value>
</Feature>
</Annotation>
<Annotation Id="1669" Type="Token" StartNode="3847" EndNode="3853">
<Feature>
  <Name className="java.lang.String">string</Name>
  <Value className="java.lang.String">Koresh</Value>
</Feature>
</Annotation>
<Annotation Id="1665" Type="Token" StartNode="3838" EndNode="3844">
<Feature>
  <Name className="java.lang.String">string</Name>
  <Value className="java.lang.String">ironic</Value>
</Feature>
</Annotation>
<Annotation Id="1678" Type="Token" StartNode="3872" EndNode="3881">
<Feature>
  <Name className="java.lang.String">string</Name>
  <Value className="java.lang.String">violating</Value>
</Feature>
</Annotation>
<Annotation Id="1674" Type="Token" StartNode="3859" EndNode="3868">
<Feature>
  <Name className="java.lang.String">string</Name>
  <Value className="java.lang.String">suspected</Value>
</Feature>
</Annotation>
<Annotation Id="1684" Type="Token" StartNode="3890" EndNode="3897">
<Feature>
  <Name className="java.lang.String">string</Name>
  <Value className="java.lang.String">Control</Value>
</Feature>
</Annotation>
<Annotation Id="1900" Type="Token" StartNode="4389" EndNode="4395">
<Feature>
  <Name className="java.lang.String">string</Name>
  <Value className="java.lang.String">haters</Value>
</Feature>
</Annotation>
<Annotation Id="1873" Type="Token" StartNode="4331" EndNode="4341">
<Feature>
  <Name className="java.lang.String">string</Name>
  <Value className="java.lang.String">ultimately</Value>
</Feature>
</Annotation>
<Annotation Id="1879" Type="Token" StartNode="4352" EndNode="4359">
<Feature>
  <Name className="java.lang.String">string</Name>
  <Value className="java.lang.String">penalty</Value>
</Feature>
</Annotation>
<Annotation Id="1868" Type="Token" StartNode="4318" EndNode="4325">
<Feature>
  <Name className="java.lang.String">string</Name>
  <Value className="java.lang.String">torture</Value>
</Feature>
</Annotation>
<Annotation Id="1859" Type="Token" StartNode="4290" EndNode="4297">
<Feature>
  <Name className="java.lang.String">string</Name>
  <Value className="java.lang.String">justify</Value>
</Feature>
</Annotation>
<Annotation Id="1857" Type="Token" StartNode="4283" EndNode="4289">
<Feature>
  <Name className="java.lang.String">string</Name>
  <Value className="java.lang.String">really</Value>
</Feature>
</Annotation>
<Annotation Id="1863" Type="Token" StartNode="4304" EndNode="4310">
<Feature>
  <Name className="java.lang.String">string</Name>
  <Value className="java.lang.String">attack</Value>
</Feature>
</Annotation>
<Annotation Id="1842" Type="Token" StartNode="4253" EndNode="4260">
<Feature>
  <Name className="java.lang.String">string</Name>
  <Value className="java.lang.String">failure</Value>
</Feature>
</Annotation>
<Annotation Id="1832" Type="Token" StartNode="4229" EndNode="4237">
<Feature>
  <Name className="java.lang.String">string</Name>
  <Value className="java.lang.String">TREASURY</Value>
</Feature>
</Annotation>
<Annotation Id="1834" Type="Token" StartNode="4238" EndNode="4244">
<Feature>
  <Name className="java.lang.String">string</Name>
  <Value className="java.lang.String">agents</Value>
</Feature>
</Annotation>
<Annotation Id="1806" Type="Token" StartNode="4178" EndNode="4185">
<Feature>
  <Name className="java.lang.String">string</Name>
  <Value className="java.lang.String">FAILURE</Value>
</Feature>
</Annotation>
<Annotation Id="1802" Type="Token" StartNode="4166" EndNode="4175">
<Feature>
  <Name className="java.lang.String">string</Name>
  <Value className="java.lang.String">violation</Value>
</Feature>
</Annotation>
<Annotation Id="1800" Type="Token" StartNode="4157" EndNode="4165">
<Feature>
  <Name className="java.lang.String">string</Name>
  <Value className="java.lang.String">specific</Value>
</Feature>
</Annotation>
<Annotation Id="1796" Type="Token" StartNode="4148" EndNode="4154">
<Feature>
  <Name className="java.lang.String">string</Name>
  <Value className="java.lang.String">Koresh</Value>
</Feature>
</Annotation>
<Annotation Id="2023" Type="Token" StartNode="4641" EndNode="4648">
<Feature>
  <Name className="java.lang.String">string</Name>
  <Value className="java.lang.String">special</Value>
</Feature>
</Annotation>
<Annotation Id="2025" Type="Token" StartNode="4649" EndNode="4658">
<Feature>
  <Name className="java.lang.String">string</Name>
  <Value className="java.lang.String">Investors</Value>
</Feature>
</Annotation>
<Annotation Id="2028" Type="Token" StartNode="4660" EndNode="4666">
<Feature>
  <Name className="java.lang.String">string</Name>
  <Value className="java.lang.String">Packet</Value>
</Feature>
</Annotation>
<Annotation Id="2004" Type="Token" StartNode="4603" EndNode="4610">
<Feature>
  <Name className="java.lang.String">string</Name>
  <Value className="java.lang.String">stratus</Value>
</Feature>
</Annotation>
<Annotation Id="1995" Type="Token" StartNode="4583" EndNode="4590">
<Feature>
  <Name className="java.lang.String">string</Name>
  <Value className="java.lang.String">company</Value>
</Feature>
</Annotation>
<Annotation Id="1971" Type="Token" StartNode="4532" EndNode="4539">
<Feature>
  <Name className="java.lang.String">string</Name>
  <Value className="java.lang.String">stratus</Value>
</Feature>
</Annotation>
<Annotation Id="1983" Type="Token" StartNode="4555" EndNode="4562">
<Feature>
  <Name className="java.lang.String">string</Name>
  <Value className="java.lang.String">believe</Value>
</Feature>
</Annotation>
<Annotation Id="1952" Type="Token" StartNode="4493" EndNode="4501">
<Feature>
  <Name className="java.lang.String">string</Name>
  <Value className="java.lang.String">yourself</Value>
</Feature>
</Annotation>
<Annotation Id="1967" Type="Token" StartNode="4522" EndNode="4528">
<Feature>
  <Name className="java.lang.String">string</Name>
  <Value className="java.lang.String">rocket</Value>
</Feature>
</Annotation>
<Annotation Id="1931" Type="Token" StartNode="4451" EndNode="4460">
<Feature>
  <Name className="java.lang.String">string</Name>
  <Value className="java.lang.String">Followups</Value>
</Feature>
</Annotation>
</AnnotationSet>
<AnnotationSet Name="Original markups"> </AnnotationSet>
</GateDocument>