<?xml version='1.0' encoding='UTF-8'?>
<GateDocument version="3">
<!-- The document's features-->

<GateDocumentFeatures>
<Feature>
  <Name className="java.lang.String">Original_document_content_on_load</Name>
  <Value className="java.lang.String">From: matt@galaxy.nsc.com (Matt Freivald x8043)
Message-ID: &lt;C5JAIw.2G0@voder.nsc.com>
Sender: news@voder.nsc.com
Nntp-Posting-Host: pogo.nsc.com
Organization: Thought Police Watchdog Agency, U.S.A.
References: &lt;1qid8s$ik0@agate.berkeley.edu> &lt;C5IDKn.MMt@watson.ibm.com>
Date: Thu, 15 Apr 1993 16:44:56 GMT
Lines: 35

In Article 167063 in talk.politics.misc, margoli@watson.ibm.com (Larry Margolis)
writes:

>In &lt;1qid8s$ik0@agate.berkeley.edu> dzkriz@ocf.berkeley.edu (Dennis Kriz) writes:
>>I recently have become aware that my health insurance includes
>>coverage for abortion.  I strongly oppose abortion for reasons of
>>conscience.  It disturbs me deeply to know that my premiums may
>>be being used to pay for that which I sincerely believe is
>>murder.  I would like to request that I be exempted from abortion
>>coverage with my health premiums reduced accordingly.

>Reduced?  Abortion is a lot cheaper than pre-natal care and birth.
>If you wanted to pay the higher premiums that would result if everyone
>using their health insurance to pay for an abortion instead elected to
>carry to term, I'm pretty sure that your insurance carrier would be
>happy to take your money.

It is always cheaper to kill children than to take responsibility for
them.  Why stop at birth, why not fund infanticide up to age 2?



Matt Freivald

--------------------------------------------------------------------------
LiBORGalism:
             THINKING IS IRRELEVANT. INTEGRITY IS IRRELEVANT.
          FREE SPEECH IS IRRELEVANT. PRIVATE PROPERTY IS IRRELEVANT.
                 PERSONAL RESPONSIBILITY IS IRRELEVANT.
                     CONSERVATIVISM IS FUTILE.
                      YOU WILL BE ASSIMILATED.
--------------------------------------------------------------------------
THESE ARE MY OPINIONS ONLY AND NOT THOSE OF MY EMPLOYER!!!!!!!!!!!!!!!!!!!
--------------------------------------------------------------------------

</Value>
</Feature>
<Feature>
  <Name className="java.lang.String">gate.SourceURL</Name>
  <Value className="java.lang.String">file:/C:/Users/jian/Documents/NetBeansProjects/NoiseReductionTechniques/mideastPoliticsMix/negative1016</Value>
</Feature>
</GateDocumentFeatures>
<!-- The document content area with serialized nodes -->

<TextWithNodes><Node id="0"/>From<Node id="4"/>:<Node id="5"/> <Node id="6"/>matt<Node id="10"/>@<Node id="11"/>galaxy<Node id="17"/>.<Node id="18"/>nsc<Node id="21"/>.<Node id="22"/>com<Node id="25"/> <Node id="26"/>(<Node id="27"/>Matt<Node id="31"/> <Node id="32"/>Freivald<Node id="40"/> <Node id="41"/>x<Node id="42"/>8043<Node id="46"/>)<Node id="47"/>
<Node id="48"/>Message-<Node id="56"/>ID<Node id="58"/>:<Node id="59"/> <Node id="60"/>&lt;<Node id="61"/>C<Node id="62"/>5<Node id="63"/>JAIw<Node id="67"/>.<Node id="68"/>2<Node id="69"/>G<Node id="70"/>0<Node id="71"/>@<Node id="72"/>voder<Node id="77"/>.<Node id="78"/>nsc<Node id="81"/>.<Node id="82"/>com<Node id="85"/>&gt;<Node id="86"/>
<Node id="87"/>Sender<Node id="93"/>:<Node id="94"/> <Node id="95"/>news<Node id="99"/>@<Node id="100"/>voder<Node id="105"/>.<Node id="106"/>nsc<Node id="109"/>.<Node id="110"/>com<Node id="113"/>
<Node id="114"/>Nntp-<Node id="119"/>Posting-<Node id="127"/>Host<Node id="131"/>:<Node id="132"/> <Node id="133"/>pogo<Node id="137"/>.<Node id="138"/>nsc<Node id="141"/>.<Node id="142"/>com<Node id="145"/>
<Node id="146"/>Organization<Node id="158"/>:<Node id="159"/> <Node id="160"/>Thought<Node id="167"/> <Node id="168"/>Police<Node id="174"/> <Node id="175"/>Watchdog<Node id="183"/> <Node id="184"/>Agency<Node id="190"/>,<Node id="191"/> <Node id="192"/>U<Node id="193"/>.<Node id="194"/>S<Node id="195"/>.<Node id="196"/>A<Node id="197"/>.<Node id="198"/>
<Node id="199"/>References<Node id="209"/>:<Node id="210"/> <Node id="211"/>&lt;<Node id="212"/>1<Node id="213"/>qid<Node id="216"/>8<Node id="217"/>s<Node id="218"/>$<Node id="219"/>ik<Node id="221"/>0<Node id="222"/>@<Node id="223"/>agate<Node id="228"/>.<Node id="229"/>berkeley<Node id="237"/>.<Node id="238"/>edu<Node id="241"/>&gt;<Node id="242"/> <Node id="243"/>&lt;<Node id="244"/>C<Node id="245"/>5<Node id="246"/>IDKn<Node id="250"/>.<Node id="251"/>MMt<Node id="254"/>@<Node id="255"/>watson<Node id="261"/>.<Node id="262"/>ibm<Node id="265"/>.<Node id="266"/>com<Node id="269"/>&gt;<Node id="270"/>
<Node id="271"/>Date<Node id="275"/>:<Node id="276"/> <Node id="277"/>Thu<Node id="280"/>,<Node id="281"/> <Node id="282"/>15<Node id="284"/> <Node id="285"/>Apr<Node id="288"/> <Node id="289"/>1993<Node id="293"/> <Node id="294"/>16<Node id="296"/>:<Node id="297"/>44<Node id="299"/>:<Node id="300"/>56<Node id="302"/> <Node id="303"/>GMT<Node id="306"/>
<Node id="307"/>Lines<Node id="312"/>:<Node id="313"/> <Node id="314"/>35<Node id="316"/>
<Node id="317"/>
<Node id="318"/>In<Node id="320"/> <Node id="321"/>Article<Node id="328"/> <Node id="329"/>167063<Node id="335"/> <Node id="336"/>in<Node id="338"/> <Node id="339"/>talk<Node id="343"/>.<Node id="344"/>politics<Node id="352"/>.<Node id="353"/>misc<Node id="357"/>,<Node id="358"/> <Node id="359"/>margoli<Node id="366"/>@<Node id="367"/>watson<Node id="373"/>.<Node id="374"/>ibm<Node id="377"/>.<Node id="378"/>com<Node id="381"/> <Node id="382"/>(<Node id="383"/>Larry<Node id="388"/> <Node id="389"/>Margolis<Node id="397"/>)<Node id="398"/>
<Node id="399"/>writes<Node id="405"/>:<Node id="406"/>
<Node id="407"/>
<Node id="408"/>&gt;<Node id="409"/>In<Node id="411"/> <Node id="412"/>&lt;<Node id="413"/>1<Node id="414"/>qid<Node id="417"/>8<Node id="418"/>s<Node id="419"/>$<Node id="420"/>ik<Node id="422"/>0<Node id="423"/>@<Node id="424"/>agate<Node id="429"/>.<Node id="430"/>berkeley<Node id="438"/>.<Node id="439"/>edu<Node id="442"/>&gt;<Node id="443"/> <Node id="444"/>dzkriz<Node id="450"/>@<Node id="451"/>ocf<Node id="454"/>.<Node id="455"/>berkeley<Node id="463"/>.<Node id="464"/>edu<Node id="467"/> <Node id="468"/>(<Node id="469"/>Dennis<Node id="475"/> <Node id="476"/>Kriz<Node id="480"/>)<Node id="481"/> <Node id="482"/>writes<Node id="488"/>:<Node id="489"/>
<Node id="490"/>&gt;<Node id="491"/>&gt;<Node id="492"/>I<Node id="493"/> <Node id="494"/>recently<Node id="502"/> <Node id="503"/>have<Node id="507"/> <Node id="508"/>become<Node id="514"/> <Node id="515"/>aware<Node id="520"/> <Node id="521"/>that<Node id="525"/> <Node id="526"/>my<Node id="528"/> <Node id="529"/>health<Node id="535"/> <Node id="536"/>insurance<Node id="545"/> <Node id="546"/>includes<Node id="554"/>
<Node id="555"/>&gt;<Node id="556"/>&gt;<Node id="557"/>coverage<Node id="565"/> <Node id="566"/>for<Node id="569"/> <Node id="570"/>abortion<Node id="578"/>.<Node id="579"/> <Node id="580"/> <Node id="581"/>I<Node id="582"/> <Node id="583"/>strongly<Node id="591"/> <Node id="592"/>oppose<Node id="598"/> <Node id="599"/>abortion<Node id="607"/> <Node id="608"/>for<Node id="611"/> <Node id="612"/>reasons<Node id="619"/> <Node id="620"/>of<Node id="622"/>
<Node id="623"/>&gt;<Node id="624"/>&gt;<Node id="625"/>conscience<Node id="635"/>.<Node id="636"/> <Node id="637"/> <Node id="638"/>It<Node id="640"/> <Node id="641"/>disturbs<Node id="649"/> <Node id="650"/>me<Node id="652"/> <Node id="653"/>deeply<Node id="659"/> <Node id="660"/>to<Node id="662"/> <Node id="663"/>know<Node id="667"/> <Node id="668"/>that<Node id="672"/> <Node id="673"/>my<Node id="675"/> <Node id="676"/>premiums<Node id="684"/> <Node id="685"/>may<Node id="688"/>
<Node id="689"/>&gt;<Node id="690"/>&gt;<Node id="691"/>be<Node id="693"/> <Node id="694"/>being<Node id="699"/> <Node id="700"/>used<Node id="704"/> <Node id="705"/>to<Node id="707"/> <Node id="708"/>pay<Node id="711"/> <Node id="712"/>for<Node id="715"/> <Node id="716"/>that<Node id="720"/> <Node id="721"/>which<Node id="726"/> <Node id="727"/>I<Node id="728"/> <Node id="729"/>sincerely<Node id="738"/> <Node id="739"/>believe<Node id="746"/> <Node id="747"/>is<Node id="749"/>
<Node id="750"/>&gt;<Node id="751"/>&gt;<Node id="752"/>murder<Node id="758"/>.<Node id="759"/> <Node id="760"/> <Node id="761"/>I<Node id="762"/> <Node id="763"/>would<Node id="768"/> <Node id="769"/>like<Node id="773"/> <Node id="774"/>to<Node id="776"/> <Node id="777"/>request<Node id="784"/> <Node id="785"/>that<Node id="789"/> <Node id="790"/>I<Node id="791"/> <Node id="792"/>be<Node id="794"/> <Node id="795"/>exempted<Node id="803"/> <Node id="804"/>from<Node id="808"/> <Node id="809"/>abortion<Node id="817"/>
<Node id="818"/>&gt;<Node id="819"/>&gt;<Node id="820"/>coverage<Node id="828"/> <Node id="829"/>with<Node id="833"/> <Node id="834"/>my<Node id="836"/> <Node id="837"/>health<Node id="843"/> <Node id="844"/>premiums<Node id="852"/> <Node id="853"/>reduced<Node id="860"/> <Node id="861"/>accordingly<Node id="872"/>.<Node id="873"/>
<Node id="874"/>
<Node id="875"/>&gt;<Node id="876"/>Reduced<Node id="883"/>?<Node id="884"/> <Node id="885"/> <Node id="886"/>Abortion<Node id="894"/> <Node id="895"/>is<Node id="897"/> <Node id="898"/>a<Node id="899"/> <Node id="900"/>lot<Node id="903"/> <Node id="904"/>cheaper<Node id="911"/> <Node id="912"/>than<Node id="916"/> <Node id="917"/>pre-natal<Node id="926"/> <Node id="927"/>care<Node id="931"/> <Node id="932"/>and<Node id="935"/> <Node id="936"/>birth<Node id="941"/>.<Node id="942"/>
<Node id="943"/>&gt;<Node id="944"/>If<Node id="946"/> <Node id="947"/>you<Node id="950"/> <Node id="951"/>wanted<Node id="957"/> <Node id="958"/>to<Node id="960"/> <Node id="961"/>pay<Node id="964"/> <Node id="965"/>the<Node id="968"/> <Node id="969"/>higher<Node id="975"/> <Node id="976"/>premiums<Node id="984"/> <Node id="985"/>that<Node id="989"/> <Node id="990"/>would<Node id="995"/> <Node id="996"/>result<Node id="1002"/> <Node id="1003"/>if<Node id="1005"/> <Node id="1006"/>everyone<Node id="1014"/>
<Node id="1015"/>&gt;<Node id="1016"/>using<Node id="1021"/> <Node id="1022"/>their<Node id="1027"/> <Node id="1028"/>health<Node id="1034"/> <Node id="1035"/>insurance<Node id="1044"/> <Node id="1045"/>to<Node id="1047"/> <Node id="1048"/>pay<Node id="1051"/> <Node id="1052"/>for<Node id="1055"/> <Node id="1056"/>an<Node id="1058"/> <Node id="1059"/>abortion<Node id="1067"/> <Node id="1068"/>instead<Node id="1075"/> <Node id="1076"/>elected<Node id="1083"/> <Node id="1084"/>to<Node id="1086"/>
<Node id="1087"/>&gt;<Node id="1088"/>carry<Node id="1093"/> <Node id="1094"/>to<Node id="1096"/> <Node id="1097"/>term<Node id="1101"/>,<Node id="1102"/> <Node id="1103"/>I<Node id="1104"/>'m<Node id="1106"/> <Node id="1107"/>pretty<Node id="1113"/> <Node id="1114"/>sure<Node id="1118"/> <Node id="1119"/>that<Node id="1123"/> <Node id="1124"/>your<Node id="1128"/> <Node id="1129"/>insurance<Node id="1138"/> <Node id="1139"/>carrier<Node id="1146"/> <Node id="1147"/>would<Node id="1152"/> <Node id="1153"/>be<Node id="1155"/>
<Node id="1156"/>&gt;<Node id="1157"/>happy<Node id="1162"/> <Node id="1163"/>to<Node id="1165"/> <Node id="1166"/>take<Node id="1170"/> <Node id="1171"/>your<Node id="1175"/> <Node id="1176"/>money<Node id="1181"/>.<Node id="1182"/>
<Node id="1183"/>
<Node id="1184"/>It<Node id="1186"/> <Node id="1187"/>is<Node id="1189"/> <Node id="1190"/>always<Node id="1196"/> <Node id="1197"/>cheaper<Node id="1204"/> <Node id="1205"/>to<Node id="1207"/> <Node id="1208"/>kill<Node id="1212"/> <Node id="1213"/>children<Node id="1221"/> <Node id="1222"/>than<Node id="1226"/> <Node id="1227"/>to<Node id="1229"/> <Node id="1230"/>take<Node id="1234"/> <Node id="1235"/>responsibility<Node id="1249"/> <Node id="1250"/>for<Node id="1253"/>
<Node id="1254"/>them<Node id="1258"/>.<Node id="1259"/> <Node id="1260"/> <Node id="1261"/>Why<Node id="1264"/> <Node id="1265"/>stop<Node id="1269"/> <Node id="1270"/>at<Node id="1272"/> <Node id="1273"/>birth<Node id="1278"/>,<Node id="1279"/> <Node id="1280"/>why<Node id="1283"/> <Node id="1284"/>not<Node id="1287"/> <Node id="1288"/>fund<Node id="1292"/> <Node id="1293"/>infanticide<Node id="1304"/> <Node id="1305"/>up<Node id="1307"/> <Node id="1308"/>to<Node id="1310"/> <Node id="1311"/>age<Node id="1314"/> <Node id="1315"/>2<Node id="1316"/>?<Node id="1317"/>
<Node id="1318"/>
<Node id="1319"/>
<Node id="1320"/>
<Node id="1321"/>Matt<Node id="1325"/> <Node id="1326"/>Freivald<Node id="1334"/>
<Node id="1335"/>
<Node id="1336"/>-<Node id="1337"/>-<Node id="1338"/>-<Node id="1339"/>-<Node id="1340"/>-<Node id="1341"/>-<Node id="1342"/>-<Node id="1343"/>-<Node id="1344"/>-<Node id="1345"/>-<Node id="1346"/>-<Node id="1347"/>-<Node id="1348"/>-<Node id="1349"/>-<Node id="1350"/>-<Node id="1351"/>-<Node id="1352"/>-<Node id="1353"/>-<Node id="1354"/>-<Node id="1355"/>-<Node id="1356"/>-<Node id="1357"/>-<Node id="1358"/>-<Node id="1359"/>-<Node id="1360"/>-<Node id="1361"/>-<Node id="1362"/>-<Node id="1363"/>-<Node id="1364"/>-<Node id="1365"/>-<Node id="1366"/>-<Node id="1367"/>-<Node id="1368"/>-<Node id="1369"/>-<Node id="1370"/>-<Node id="1371"/>-<Node id="1372"/>-<Node id="1373"/>-<Node id="1374"/>-<Node id="1375"/>-<Node id="1376"/>-<Node id="1377"/>-<Node id="1378"/>-<Node id="1379"/>-<Node id="1380"/>-<Node id="1381"/>-<Node id="1382"/>-<Node id="1383"/>-<Node id="1384"/>-<Node id="1385"/>-<Node id="1386"/>-<Node id="1387"/>-<Node id="1388"/>-<Node id="1389"/>-<Node id="1390"/>-<Node id="1391"/>-<Node id="1392"/>-<Node id="1393"/>-<Node id="1394"/>-<Node id="1395"/>-<Node id="1396"/>-<Node id="1397"/>-<Node id="1398"/>-<Node id="1399"/>-<Node id="1400"/>-<Node id="1401"/>-<Node id="1402"/>-<Node id="1403"/>-<Node id="1404"/>-<Node id="1405"/>-<Node id="1406"/>-<Node id="1407"/>-<Node id="1408"/>-<Node id="1409"/>-<Node id="1410"/>
<Node id="1411"/>LiBORGalism<Node id="1422"/>:<Node id="1423"/>
<Node id="1424"/> <Node id="1425"/> <Node id="1426"/> <Node id="1427"/> <Node id="1428"/> <Node id="1429"/> <Node id="1430"/> <Node id="1431"/> <Node id="1432"/> <Node id="1433"/> <Node id="1434"/> <Node id="1435"/> <Node id="1436"/> <Node id="1437"/>THINKING<Node id="1445"/> <Node id="1446"/>IS<Node id="1448"/> <Node id="1449"/>IRRELEVANT<Node id="1459"/>.<Node id="1460"/> <Node id="1461"/>INTEGRITY<Node id="1470"/> <Node id="1471"/>IS<Node id="1473"/> <Node id="1474"/>IRRELEVANT<Node id="1484"/>.<Node id="1485"/>
<Node id="1486"/> <Node id="1487"/> <Node id="1488"/> <Node id="1489"/> <Node id="1490"/> <Node id="1491"/> <Node id="1492"/> <Node id="1493"/> <Node id="1494"/> <Node id="1495"/> <Node id="1496"/>FREE<Node id="1500"/> <Node id="1501"/>SPEECH<Node id="1507"/> <Node id="1508"/>IS<Node id="1510"/> <Node id="1511"/>IRRELEVANT<Node id="1521"/>.<Node id="1522"/> <Node id="1523"/>PRIVATE<Node id="1530"/> <Node id="1531"/>PROPERTY<Node id="1539"/> <Node id="1540"/>IS<Node id="1542"/> <Node id="1543"/>IRRELEVANT<Node id="1553"/>.<Node id="1554"/>
<Node id="1555"/> <Node id="1556"/> <Node id="1557"/> <Node id="1558"/> <Node id="1559"/> <Node id="1560"/> <Node id="1561"/> <Node id="1562"/> <Node id="1563"/> <Node id="1564"/> <Node id="1565"/> <Node id="1566"/> <Node id="1567"/> <Node id="1568"/> <Node id="1569"/> <Node id="1570"/> <Node id="1571"/> <Node id="1572"/>PERSONAL<Node id="1580"/> <Node id="1581"/>RESPONSIBILITY<Node id="1595"/> <Node id="1596"/>IS<Node id="1598"/> <Node id="1599"/>IRRELEVANT<Node id="1609"/>.<Node id="1610"/>
<Node id="1611"/> <Node id="1612"/> <Node id="1613"/> <Node id="1614"/> <Node id="1615"/> <Node id="1616"/> <Node id="1617"/> <Node id="1618"/> <Node id="1619"/> <Node id="1620"/> <Node id="1621"/> <Node id="1622"/> <Node id="1623"/> <Node id="1624"/> <Node id="1625"/> <Node id="1626"/> <Node id="1627"/> <Node id="1628"/> <Node id="1629"/> <Node id="1630"/> <Node id="1631"/> <Node id="1632"/>CONSERVATIVISM<Node id="1646"/> <Node id="1647"/>IS<Node id="1649"/> <Node id="1650"/>FUTILE<Node id="1656"/>.<Node id="1657"/>
<Node id="1658"/> <Node id="1659"/> <Node id="1660"/> <Node id="1661"/> <Node id="1662"/> <Node id="1663"/> <Node id="1664"/> <Node id="1665"/> <Node id="1666"/> <Node id="1667"/> <Node id="1668"/> <Node id="1669"/> <Node id="1670"/> <Node id="1671"/> <Node id="1672"/> <Node id="1673"/> <Node id="1674"/> <Node id="1675"/> <Node id="1676"/> <Node id="1677"/> <Node id="1678"/> <Node id="1679"/> <Node id="1680"/>YOU<Node id="1683"/> <Node id="1684"/>WILL<Node id="1688"/> <Node id="1689"/>BE<Node id="1691"/> <Node id="1692"/>ASSIMILATED<Node id="1703"/>.<Node id="1704"/>
<Node id="1705"/>-<Node id="1706"/>-<Node id="1707"/>-<Node id="1708"/>-<Node id="1709"/>-<Node id="1710"/>-<Node id="1711"/>-<Node id="1712"/>-<Node id="1713"/>-<Node id="1714"/>-<Node id="1715"/>-<Node id="1716"/>-<Node id="1717"/>-<Node id="1718"/>-<Node id="1719"/>-<Node id="1720"/>-<Node id="1721"/>-<Node id="1722"/>-<Node id="1723"/>-<Node id="1724"/>-<Node id="1725"/>-<Node id="1726"/>-<Node id="1727"/>-<Node id="1728"/>-<Node id="1729"/>-<Node id="1730"/>-<Node id="1731"/>-<Node id="1732"/>-<Node id="1733"/>-<Node id="1734"/>-<Node id="1735"/>-<Node id="1736"/>-<Node id="1737"/>-<Node id="1738"/>-<Node id="1739"/>-<Node id="1740"/>-<Node id="1741"/>-<Node id="1742"/>-<Node id="1743"/>-<Node id="1744"/>-<Node id="1745"/>-<Node id="1746"/>-<Node id="1747"/>-<Node id="1748"/>-<Node id="1749"/>-<Node id="1750"/>-<Node id="1751"/>-<Node id="1752"/>-<Node id="1753"/>-<Node id="1754"/>-<Node id="1755"/>-<Node id="1756"/>-<Node id="1757"/>-<Node id="1758"/>-<Node id="1759"/>-<Node id="1760"/>-<Node id="1761"/>-<Node id="1762"/>-<Node id="1763"/>-<Node id="1764"/>-<Node id="1765"/>-<Node id="1766"/>-<Node id="1767"/>-<Node id="1768"/>-<Node id="1769"/>-<Node id="1770"/>-<Node id="1771"/>-<Node id="1772"/>-<Node id="1773"/>-<Node id="1774"/>-<Node id="1775"/>-<Node id="1776"/>-<Node id="1777"/>-<Node id="1778"/>-<Node id="1779"/>
<Node id="1780"/>THESE<Node id="1785"/> <Node id="1786"/>ARE<Node id="1789"/> <Node id="1790"/>MY<Node id="1792"/> <Node id="1793"/>OPINIONS<Node id="1801"/> <Node id="1802"/>ONLY<Node id="1806"/> <Node id="1807"/>AND<Node id="1810"/> <Node id="1811"/>NOT<Node id="1814"/> <Node id="1815"/>THOSE<Node id="1820"/> <Node id="1821"/>OF<Node id="1823"/> <Node id="1824"/>MY<Node id="1826"/> <Node id="1827"/>EMPLOYER<Node id="1835"/>!<Node id="1836"/>!<Node id="1837"/>!<Node id="1838"/>!<Node id="1839"/>!<Node id="1840"/>!<Node id="1841"/>!<Node id="1842"/>!<Node id="1843"/>!<Node id="1844"/>!<Node id="1845"/>!<Node id="1846"/>!<Node id="1847"/>!<Node id="1848"/>!<Node id="1849"/>!<Node id="1850"/>!<Node id="1851"/>!<Node id="1852"/>!<Node id="1853"/>!<Node id="1854"/>
<Node id="1855"/>-<Node id="1856"/>-<Node id="1857"/>-<Node id="1858"/>-<Node id="1859"/>-<Node id="1860"/>-<Node id="1861"/>-<Node id="1862"/>-<Node id="1863"/>-<Node id="1864"/>-<Node id="1865"/>-<Node id="1866"/>-<Node id="1867"/>-<Node id="1868"/>-<Node id="1869"/>-<Node id="1870"/>-<Node id="1871"/>-<Node id="1872"/>-<Node id="1873"/>-<Node id="1874"/>-<Node id="1875"/>-<Node id="1876"/>-<Node id="1877"/>-<Node id="1878"/>-<Node id="1879"/>-<Node id="1880"/>-<Node id="1881"/>-<Node id="1882"/>-<Node id="1883"/>-<Node id="1884"/>-<Node id="1885"/>-<Node id="1886"/>-<Node id="1887"/>-<Node id="1888"/>-<Node id="1889"/>-<Node id="1890"/>-<Node id="1891"/>-<Node id="1892"/>-<Node id="1893"/>-<Node id="1894"/>-<Node id="1895"/>-<Node id="1896"/>-<Node id="1897"/>-<Node id="1898"/>-<Node id="1899"/>-<Node id="1900"/>-<Node id="1901"/>-<Node id="1902"/>-<Node id="1903"/>-<Node id="1904"/>-<Node id="1905"/>-<Node id="1906"/>-<Node id="1907"/>-<Node id="1908"/>-<Node id="1909"/>-<Node id="1910"/>-<Node id="1911"/>-<Node id="1912"/>-<Node id="1913"/>-<Node id="1914"/>-<Node id="1915"/>-<Node id="1916"/>-<Node id="1917"/>-<Node id="1918"/>-<Node id="1919"/>-<Node id="1920"/>-<Node id="1921"/>-<Node id="1922"/>-<Node id="1923"/>-<Node id="1924"/>-<Node id="1925"/>-<Node id="1926"/>-<Node id="1927"/>-<Node id="1928"/>-<Node id="1929"/>
<Node id="1930"/>
<Node id="1931"/></TextWithNodes>
<!-- The default annotation set -->

<AnnotationSet>
<Annotation EndNode="1931" StartNode="0" Type="Mention" Id="9999999">
<Feature>
<Name classname="java.lang.String">Class</Name>
<Value classname="java.lang.String">0</Value>
</Feature>
</Annotation>

<Annotation Id="5" Type="Token" StartNode="11" EndNode="17">
<Feature>
  <Name className="java.lang.String">string</Name>
  <Value className="java.lang.String">galaxy</Value>
</Feature>
</Annotation>
<Annotation Id="14" Type="Token" StartNode="32" EndNode="40">
<Feature>
  <Name className="java.lang.String">string</Name>
  <Value className="java.lang.String">Freivald</Value>
</Feature>
</Annotation>
<Annotation Id="20" Type="Token" StartNode="48" EndNode="56">
<Feature>
  <Name className="java.lang.String">string</Name>
  <Value className="java.lang.String">Message-</Value>
</Feature>
</Annotation>
<Annotation Id="40" Type="Token" StartNode="87" EndNode="93">
<Feature>
  <Name className="java.lang.String">string</Name>
  <Value className="java.lang.String">Sender</Value>
</Feature>
</Annotation>
<Annotation Id="52" Type="Token" StartNode="119" EndNode="127">
<Feature>
  <Name className="java.lang.String">string</Name>
  <Value className="java.lang.String">Posting-</Value>
</Feature>
</Annotation>
<Annotation Id="62" Type="Token" StartNode="146" EndNode="158">
<Feature>
  <Name className="java.lang.String">string</Name>
  <Value className="java.lang.String">Organization</Value>
</Feature>
</Annotation>
<Annotation Id="69" Type="Token" StartNode="175" EndNode="183">
<Feature>
  <Name className="java.lang.String">string</Name>
  <Value className="java.lang.String">Watchdog</Value>
</Feature>
</Annotation>
<Annotation Id="71" Type="Token" StartNode="184" EndNode="190">
<Feature>
  <Name className="java.lang.String">string</Name>
  <Value className="java.lang.String">Agency</Value>
</Feature>
</Annotation>
<Annotation Id="65" Type="Token" StartNode="160" EndNode="167">
<Feature>
  <Name className="java.lang.String">string</Name>
  <Value className="java.lang.String">Thought</Value>
</Feature>
</Annotation>
<Annotation Id="67" Type="Token" StartNode="168" EndNode="174">
<Feature>
  <Name className="java.lang.String">string</Name>
  <Value className="java.lang.String">Police</Value>
</Feature>
</Annotation>
<Annotation Id="81" Type="Token" StartNode="199" EndNode="209">
<Feature>
  <Name className="java.lang.String">string</Name>
  <Value className="java.lang.String">References</Value>
</Feature>
</Annotation>
<Annotation Id="95" Type="Token" StartNode="229" EndNode="237">
<Feature>
  <Name className="java.lang.String">string</Name>
  <Value className="java.lang.String">berkeley</Value>
</Feature>
</Annotation>
<Annotation Id="107" Type="Token" StartNode="255" EndNode="261">
<Feature>
  <Name className="java.lang.String">string</Name>
  <Value className="java.lang.String">watson</Value>
</Feature>
</Annotation>
<Annotation Id="142" Type="Token" StartNode="321" EndNode="328">
<Feature>
  <Name className="java.lang.String">string</Name>
  <Value className="java.lang.String">Article</Value>
</Feature>
</Annotation>
<Annotation Id="155" Type="Token" StartNode="359" EndNode="366">
<Feature>
  <Name className="java.lang.String">string</Name>
  <Value className="java.lang.String">margoli</Value>
</Feature>
</Annotation>
<Annotation Id="157" Type="Token" StartNode="367" EndNode="373">
<Feature>
  <Name className="java.lang.String">string</Name>
  <Value className="java.lang.String">watson</Value>
</Feature>
</Annotation>
<Annotation Id="144" Type="Token" StartNode="329" EndNode="335">
</Annotation>
<Annotation Id="150" Type="Token" StartNode="344" EndNode="352">
<Feature>
  <Name className="java.lang.String">string</Name>
  <Value className="java.lang.String">politics</Value>
</Feature>
</Annotation>
<Annotation Id="169" Type="Token" StartNode="399" EndNode="405">
<Feature>
  <Name className="java.lang.String">string</Name>
  <Value className="java.lang.String">writes</Value>
</Feature>
</Annotation>
<Annotation Id="166" Type="Token" StartNode="389" EndNode="397">
<Feature>
  <Name className="java.lang.String">string</Name>
  <Value className="java.lang.String">Margolis</Value>
</Feature>
</Annotation>
<Annotation Id="187" Type="Token" StartNode="430" EndNode="438">
<Feature>
  <Name className="java.lang.String">string</Name>
  <Value className="java.lang.String">berkeley</Value>
</Feature>
</Annotation>
<Annotation Id="206" Type="Token" StartNode="482" EndNode="488">
<Feature>
  <Name className="java.lang.String">string</Name>
  <Value className="java.lang.String">writes</Value>
</Feature>
</Annotation>
<Annotation Id="201" Type="Token" StartNode="469" EndNode="475">
<Feature>
  <Name className="java.lang.String">string</Name>
  <Value className="java.lang.String">Dennis</Value>
</Feature>
</Annotation>
<Annotation Id="196" Type="Token" StartNode="455" EndNode="463">
<Feature>
  <Name className="java.lang.String">string</Name>
  <Value className="java.lang.String">berkeley</Value>
</Feature>
</Annotation>
<Annotation Id="192" Type="Token" StartNode="444" EndNode="450">
<Feature>
  <Name className="java.lang.String">string</Name>
  <Value className="java.lang.String">dzkriz</Value>
</Feature>
</Annotation>
<Annotation Id="217" Type="Token" StartNode="508" EndNode="514">
<Feature>
  <Name className="java.lang.String">string</Name>
  <Value className="java.lang.String">become</Value>
</Feature>
</Annotation>
<Annotation Id="213" Type="Token" StartNode="494" EndNode="502">
<Feature>
  <Name className="java.lang.String">string</Name>
  <Value className="java.lang.String">recently</Value>
</Feature>
</Annotation>
<Annotation Id="237" Type="Token" StartNode="570" EndNode="578">
<Feature>
  <Name className="java.lang.String">string</Name>
  <Value className="java.lang.String">abortion</Value>
</Feature>
</Annotation>
<Annotation Id="233" Type="Token" StartNode="557" EndNode="565">
<Feature>
  <Name className="java.lang.String">string</Name>
  <Value className="java.lang.String">coverage</Value>
</Feature>
</Annotation>
<Annotation Id="229" Type="Token" StartNode="546" EndNode="554">
<Feature>
  <Name className="java.lang.String">string</Name>
  <Value className="java.lang.String">includes</Value>
</Feature>
</Annotation>
<Annotation Id="227" Type="Token" StartNode="536" EndNode="545">
<Feature>
  <Name className="java.lang.String">string</Name>
  <Value className="java.lang.String">insurance</Value>
</Feature>
</Annotation>
<Annotation Id="225" Type="Token" StartNode="529" EndNode="535">
<Feature>
  <Name className="java.lang.String">string</Name>
  <Value className="java.lang.String">health</Value>
</Feature>
</Annotation>
<Annotation Id="251" Type="Token" StartNode="612" EndNode="619">
<Feature>
  <Name className="java.lang.String">string</Name>
  <Value className="java.lang.String">reasons</Value>
</Feature>
</Annotation>
<Annotation Id="247" Type="Token" StartNode="599" EndNode="607">
<Feature>
  <Name className="java.lang.String">string</Name>
  <Value className="java.lang.String">abortion</Value>
</Feature>
</Annotation>
<Annotation Id="245" Type="Token" StartNode="592" EndNode="598">
<Feature>
  <Name className="java.lang.String">string</Name>
  <Value className="java.lang.String">oppose</Value>
</Feature>
</Annotation>
<Annotation Id="243" Type="Token" StartNode="583" EndNode="591">
<Feature>
  <Name className="java.lang.String">string</Name>
  <Value className="java.lang.String">strongly</Value>
</Feature>
</Annotation>
<Annotation Id="277" Type="Token" StartNode="676" EndNode="684">
<Feature>
  <Name className="java.lang.String">string</Name>
  <Value className="java.lang.String">premiums</Value>
</Feature>
</Annotation>
<Annotation Id="257" Type="Token" StartNode="625" EndNode="635">
<Feature>
  <Name className="java.lang.String">string</Name>
  <Value className="java.lang.String">conscience</Value>
</Feature>
</Annotation>
<Annotation Id="263" Type="Token" StartNode="641" EndNode="649">
<Feature>
  <Name className="java.lang.String">string</Name>
  <Value className="java.lang.String">disturbs</Value>
</Feature>
</Annotation>
<Annotation Id="267" Type="Token" StartNode="653" EndNode="659">
<Feature>
  <Name className="java.lang.String">string</Name>
  <Value className="java.lang.String">deeply</Value>
</Feature>
</Annotation>
<Annotation Id="309" Type="Token" StartNode="752" EndNode="758">
<Feature>
  <Name className="java.lang.String">string</Name>
  <Value className="java.lang.String">murder</Value>
</Feature>
</Annotation>
<Annotation Id="301" Type="Token" StartNode="729" EndNode="738">
<Feature>
  <Name className="java.lang.String">string</Name>
  <Value className="java.lang.String">sincerely</Value>
</Feature>
</Annotation>
<Annotation Id="303" Type="Token" StartNode="739" EndNode="746">
<Feature>
  <Name className="java.lang.String">string</Name>
  <Value className="java.lang.String">believe</Value>
</Feature>
</Annotation>
<Annotation Id="343" Type="Token" StartNode="837" EndNode="843">
<Feature>
  <Name className="java.lang.String">string</Name>
  <Value className="java.lang.String">health</Value>
</Feature>
</Annotation>
<Annotation Id="337" Type="Token" StartNode="820" EndNode="828">
<Feature>
  <Name className="java.lang.String">string</Name>
  <Value className="java.lang.String">coverage</Value>
</Feature>
</Annotation>
<Annotation Id="349" Type="Token" StartNode="861" EndNode="872">
<Feature>
  <Name className="java.lang.String">string</Name>
  <Value className="java.lang.String">accordingly</Value>
</Feature>
</Annotation>
<Annotation Id="347" Type="Token" StartNode="853" EndNode="860">
<Feature>
  <Name className="java.lang.String">string</Name>
  <Value className="java.lang.String">reduced</Value>
</Feature>
</Annotation>
<Annotation Id="345" Type="Token" StartNode="844" EndNode="852">
<Feature>
  <Name className="java.lang.String">string</Name>
  <Value className="java.lang.String">premiums</Value>
</Feature>
</Annotation>
<Annotation Id="321" Type="Token" StartNode="777" EndNode="784">
<Feature>
  <Name className="java.lang.String">string</Name>
  <Value className="java.lang.String">request</Value>
</Feature>
</Annotation>
<Annotation Id="333" Type="Token" StartNode="809" EndNode="817">
<Feature>
  <Name className="java.lang.String">string</Name>
  <Value className="java.lang.String">abortion</Value>
</Feature>
</Annotation>
<Annotation Id="329" Type="Token" StartNode="795" EndNode="803">
<Feature>
  <Name className="java.lang.String">string</Name>
  <Value className="java.lang.String">exempted</Value>
</Feature>
</Annotation>
<Annotation Id="370" Type="Token" StartNode="917" EndNode="926">
<Feature>
  <Name className="java.lang.String">string</Name>
  <Value className="java.lang.String">pre-natal</Value>
</Feature>
</Annotation>
<Annotation Id="358" Type="Token" StartNode="886" EndNode="894">
<Feature>
  <Name className="java.lang.String">string</Name>
  <Value className="java.lang.String">Abortion</Value>
</Feature>
</Annotation>
<Annotation Id="354" Type="Token" StartNode="876" EndNode="883">
<Feature>
  <Name className="java.lang.String">string</Name>
  <Value className="java.lang.String">Reduced</Value>
</Feature>
</Annotation>
<Annotation Id="366" Type="Token" StartNode="904" EndNode="911">
<Feature>
  <Name className="java.lang.String">string</Name>
  <Value className="java.lang.String">cheaper</Value>
</Feature>
</Annotation>
<Annotation Id="411" Type="Token" StartNode="1028" EndNode="1034">
<Feature>
  <Name className="java.lang.String">string</Name>
  <Value className="java.lang.String">health</Value>
</Feature>
</Annotation>
<Annotation Id="413" Type="Token" StartNode="1035" EndNode="1044">
<Feature>
  <Name className="java.lang.String">string</Name>
  <Value className="java.lang.String">insurance</Value>
</Feature>
</Annotation>
<Annotation Id="400" Type="Token" StartNode="996" EndNode="1002">
<Feature>
  <Name className="java.lang.String">string</Name>
  <Value className="java.lang.String">result</Value>
</Feature>
</Annotation>
<Annotation Id="404" Type="Token" StartNode="1006" EndNode="1014">
<Feature>
  <Name className="java.lang.String">string</Name>
  <Value className="java.lang.String">everyone</Value>
</Feature>
</Annotation>
<Annotation Id="394" Type="Token" StartNode="976" EndNode="984">
<Feature>
  <Name className="java.lang.String">string</Name>
  <Value className="java.lang.String">premiums</Value>
</Feature>
</Annotation>
<Annotation Id="392" Type="Token" StartNode="969" EndNode="975">
<Feature>
  <Name className="java.lang.String">string</Name>
  <Value className="java.lang.String">higher</Value>
</Feature>
</Annotation>
<Annotation Id="384" Type="Token" StartNode="951" EndNode="957">
<Feature>
  <Name className="java.lang.String">string</Name>
  <Value className="java.lang.String">wanted</Value>
</Feature>
</Annotation>
<Annotation Id="443" Type="Token" StartNode="1107" EndNode="1113">
<Feature>
  <Name className="java.lang.String">string</Name>
  <Value className="java.lang.String">pretty</Value>
</Feature>
</Annotation>
<Annotation Id="425" Type="Token" StartNode="1068" EndNode="1075">
<Feature>
  <Name className="java.lang.String">string</Name>
  <Value className="java.lang.String">instead</Value>
</Feature>
</Annotation>
<Annotation Id="427" Type="Token" StartNode="1076" EndNode="1083">
<Feature>
  <Name className="java.lang.String">string</Name>
  <Value className="java.lang.String">elected</Value>
</Feature>
</Annotation>
<Annotation Id="423" Type="Token" StartNode="1059" EndNode="1067">
<Feature>
  <Name className="java.lang.String">string</Name>
  <Value className="java.lang.String">abortion</Value>
</Feature>
</Annotation>
<Annotation Id="478" Type="Token" StartNode="1197" EndNode="1204">
<Feature>
  <Name className="java.lang.String">string</Name>
  <Value className="java.lang.String">cheaper</Value>
</Feature>
</Annotation>
<Annotation Id="476" Type="Token" StartNode="1190" EndNode="1196">
<Feature>
  <Name className="java.lang.String">string</Name>
  <Value className="java.lang.String">always</Value>
</Feature>
</Annotation>
<Annotation Id="453" Type="Token" StartNode="1139" EndNode="1146">
<Feature>
  <Name className="java.lang.String">string</Name>
  <Value className="java.lang.String">carrier</Value>
</Feature>
</Annotation>
<Annotation Id="451" Type="Token" StartNode="1129" EndNode="1138">
<Feature>
  <Name className="java.lang.String">string</Name>
  <Value className="java.lang.String">insurance</Value>
</Feature>
</Annotation>
<Annotation Id="492" Type="Token" StartNode="1235" EndNode="1249">
<Feature>
  <Name className="java.lang.String">string</Name>
  <Value className="java.lang.String">responsibility</Value>
</Feature>
</Annotation>
<Annotation Id="484" Type="Token" StartNode="1213" EndNode="1221">
<Feature>
  <Name className="java.lang.String">string</Name>
  <Value className="java.lang.String">children</Value>
</Feature>
</Annotation>
<Annotation Id="515" Type="Token" StartNode="1293" EndNode="1304">
<Feature>
  <Name className="java.lang.String">string</Name>
  <Value className="java.lang.String">infanticide</Value>
</Feature>
</Annotation>
<Annotation Id="531" Type="Token" StartNode="1326" EndNode="1334">
<Feature>
  <Name className="java.lang.String">string</Name>
  <Value className="java.lang.String">Freivald</Value>
</Feature>
</Annotation>
<Annotation Id="609" Type="Token" StartNode="1411" EndNode="1422">
<Feature>
  <Name className="java.lang.String">string</Name>
  <Value className="java.lang.String">LiBORGalism</Value>
</Feature>
</Annotation>
<Annotation Id="625" Type="Token" StartNode="1437" EndNode="1445">
<Feature>
  <Name className="java.lang.String">string</Name>
  <Value className="java.lang.String">THINKING</Value>
</Feature>
</Annotation>
<Annotation Id="629" Type="Token" StartNode="1449" EndNode="1459">
<Feature>
  <Name className="java.lang.String">string</Name>
  <Value className="java.lang.String">IRRELEVANT</Value>
</Feature>
</Annotation>
<Annotation Id="632" Type="Token" StartNode="1461" EndNode="1470">
<Feature>
  <Name className="java.lang.String">string</Name>
  <Value className="java.lang.String">INTEGRITY</Value>
</Feature>
</Annotation>
<Annotation Id="636" Type="Token" StartNode="1474" EndNode="1484">
<Feature>
  <Name className="java.lang.String">string</Name>
  <Value className="java.lang.String">IRRELEVANT</Value>
</Feature>
</Annotation>
<Annotation Id="686" Type="Token" StartNode="1581" EndNode="1595">
<Feature>
  <Name className="java.lang.String">string</Name>
  <Value className="java.lang.String">RESPONSIBILITY</Value>
</Feature>
</Annotation>
<Annotation Id="684" Type="Token" StartNode="1572" EndNode="1580">
<Feature>
  <Name className="java.lang.String">string</Name>
  <Value className="java.lang.String">PERSONAL</Value>
</Feature>
</Annotation>
<Annotation Id="690" Type="Token" StartNode="1599" EndNode="1609">
<Feature>
  <Name className="java.lang.String">string</Name>
  <Value className="java.lang.String">IRRELEVANT</Value>
</Feature>
</Annotation>
<Annotation Id="655" Type="Token" StartNode="1511" EndNode="1521">
<Feature>
  <Name className="java.lang.String">string</Name>
  <Value className="java.lang.String">IRRELEVANT</Value>
</Feature>
</Annotation>
<Annotation Id="651" Type="Token" StartNode="1501" EndNode="1507">
<Feature>
  <Name className="java.lang.String">string</Name>
  <Value className="java.lang.String">SPEECH</Value>
</Feature>
</Annotation>
<Annotation Id="664" Type="Token" StartNode="1543" EndNode="1553">
<Feature>
  <Name className="java.lang.String">string</Name>
  <Value className="java.lang.String">IRRELEVANT</Value>
</Feature>
</Annotation>
<Annotation Id="660" Type="Token" StartNode="1531" EndNode="1539">
<Feature>
  <Name className="java.lang.String">string</Name>
  <Value className="java.lang.String">PROPERTY</Value>
</Feature>
</Annotation>
<Annotation Id="658" Type="Token" StartNode="1523" EndNode="1530">
<Feature>
  <Name className="java.lang.String">string</Name>
  <Value className="java.lang.String">PRIVATE</Value>
</Feature>
</Annotation>
<Annotation Id="749" Type="Token" StartNode="1692" EndNode="1703">
<Feature>
  <Name className="java.lang.String">string</Name>
  <Value className="java.lang.String">ASSIMILATED</Value>
</Feature>
</Annotation>
<Annotation Id="714" Type="Token" StartNode="1632" EndNode="1646">
<Feature>
  <Name className="java.lang.String">string</Name>
  <Value className="java.lang.String">CONSERVATIVISM</Value>
</Feature>
</Annotation>
<Annotation Id="718" Type="Token" StartNode="1650" EndNode="1656">
<Feature>
  <Name className="java.lang.String">string</Name>
  <Value className="java.lang.String">FUTILE</Value>
</Feature>
</Annotation>
<Annotation Id="833" Type="Token" StartNode="1793" EndNode="1801">
<Feature>
  <Name className="java.lang.String">string</Name>
  <Value className="java.lang.String">OPINIONS</Value>
</Feature>
</Annotation>
<Annotation Id="847" Type="Token" StartNode="1827" EndNode="1835">
<Feature>
  <Name className="java.lang.String">string</Name>
  <Value className="java.lang.String">EMPLOYER</Value>
</Feature>
</Annotation>
</AnnotationSet>
<AnnotationSet Name="Original markups"> </AnnotationSet>
</GateDocument>