<?xml version='1.0' encoding='UTF-8'?>
<GateDocument version="3">
<!-- The document's features-->

<GateDocumentFeatures>
<Feature>
  <Name className="java.lang.String">Original_document_content_on_load</Name>
  <Value className="java.lang.String">From: psyrobtw@ubvmsb.cc.buffalo.edu (Robert Weiss)
Message-ID: &lt;C5M6LD.C4z@acsu.buffalo.edu>
Date: 17 Apr 93 06:14:00 GMT
Sender: nntp@acsu.buffalo.edu
Organization: University at Buffalo
Lines: 8
News-Software: VAX/VMS VNEWS 1.41
Nntp-Posting-Host: ubvmsb.cc.buffalo.edu


	But he said,
	Yea rather,
	blessed are they
	that hear the word of God,
	and keep it.

	Luke 11:28
</Value>
</Feature>
<Feature>
  <Name className="java.lang.String">gate.SourceURL</Name>
  <Value className="java.lang.String">file:/C:/Users/jian/Documents/NetBeansProjects/NoiseReductionTechniques/mideastPoliticsMix/negative1242</Value>
</Feature>
</GateDocumentFeatures>
<!-- The document content area with serialized nodes -->

<TextWithNodes><Node id="0"/>From<Node id="4"/>:<Node id="5"/> <Node id="6"/>psyrobtw<Node id="14"/>@<Node id="15"/>ubvmsb<Node id="21"/>.<Node id="22"/>cc<Node id="24"/>.<Node id="25"/>buffalo<Node id="32"/>.<Node id="33"/>edu<Node id="36"/> <Node id="37"/>(<Node id="38"/>Robert<Node id="44"/> <Node id="45"/>Weiss<Node id="50"/>)<Node id="51"/>
<Node id="52"/>Message-<Node id="60"/>ID<Node id="62"/>:<Node id="63"/> <Node id="64"/>&lt;<Node id="65"/>C<Node id="66"/>5<Node id="67"/>M<Node id="68"/>6<Node id="69"/>LD<Node id="71"/>.<Node id="72"/>C<Node id="73"/>4<Node id="74"/>z<Node id="75"/>@<Node id="76"/>acsu<Node id="80"/>.<Node id="81"/>buffalo<Node id="88"/>.<Node id="89"/>edu<Node id="92"/>&gt;<Node id="93"/>
<Node id="94"/>Date<Node id="98"/>:<Node id="99"/> <Node id="100"/>17<Node id="102"/> <Node id="103"/>Apr<Node id="106"/> <Node id="107"/>93<Node id="109"/> <Node id="110"/>06<Node id="112"/>:<Node id="113"/>14<Node id="115"/>:<Node id="116"/>00<Node id="118"/> <Node id="119"/>GMT<Node id="122"/>
<Node id="123"/>Sender<Node id="129"/>:<Node id="130"/> <Node id="131"/>nntp<Node id="135"/>@<Node id="136"/>acsu<Node id="140"/>.<Node id="141"/>buffalo<Node id="148"/>.<Node id="149"/>edu<Node id="152"/>
<Node id="153"/>Organization<Node id="165"/>:<Node id="166"/> <Node id="167"/>University<Node id="177"/> <Node id="178"/>at<Node id="180"/> <Node id="181"/>Buffalo<Node id="188"/>
<Node id="189"/>Lines<Node id="194"/>:<Node id="195"/> <Node id="196"/>8<Node id="197"/>
<Node id="198"/>News-<Node id="203"/>Software<Node id="211"/>:<Node id="212"/> <Node id="213"/>VAX<Node id="216"/>/<Node id="217"/>VMS<Node id="220"/> <Node id="221"/>VNEWS<Node id="226"/> <Node id="227"/>1<Node id="228"/>.<Node id="229"/>41<Node id="231"/>
<Node id="232"/>Nntp-<Node id="237"/>Posting-<Node id="245"/>Host<Node id="249"/>:<Node id="250"/> <Node id="251"/>ubvmsb<Node id="257"/>.<Node id="258"/>cc<Node id="260"/>.<Node id="261"/>buffalo<Node id="268"/>.<Node id="269"/>edu<Node id="272"/>
<Node id="273"/>
<Node id="274"/>
<Node id="275"/>	<Node id="276"/>But<Node id="279"/> <Node id="280"/>he<Node id="282"/> <Node id="283"/>said<Node id="287"/>,<Node id="288"/>
<Node id="289"/>	<Node id="290"/>Yea<Node id="293"/> <Node id="294"/>rather<Node id="300"/>,<Node id="301"/>
<Node id="302"/>	<Node id="303"/>blessed<Node id="310"/> <Node id="311"/>are<Node id="314"/> <Node id="315"/>they<Node id="319"/>
<Node id="320"/>	<Node id="321"/>that<Node id="325"/> <Node id="326"/>hear<Node id="330"/> <Node id="331"/>the<Node id="334"/> <Node id="335"/>word<Node id="339"/> <Node id="340"/>of<Node id="342"/> <Node id="343"/>God<Node id="346"/>,<Node id="347"/>
<Node id="348"/>	<Node id="349"/>and<Node id="352"/> <Node id="353"/>keep<Node id="357"/> <Node id="358"/>it<Node id="360"/>.<Node id="361"/>
<Node id="362"/>
<Node id="363"/>	<Node id="364"/>Luke<Node id="368"/> <Node id="369"/>11<Node id="371"/>:<Node id="372"/>28<Node id="374"/>
<Node id="375"/></TextWithNodes>
<!-- The default annotation set -->

<AnnotationSet>
<Annotation EndNode="375" StartNode="0" Type="Mention" Id="9999999">
<Feature>
<Name classname="java.lang.String">Class</Name>
<Value classname="java.lang.String">0</Value>
</Feature>
</Annotation>

<Annotation Id="3" Type="Token" StartNode="6" EndNode="14">
<Feature>
  <Name className="java.lang.String">string</Name>
  <Value className="java.lang.String">psyrobtw</Value>
</Feature>
</Annotation>
<Annotation Id="5" Type="Token" StartNode="15" EndNode="21">
<Feature>
  <Name className="java.lang.String">string</Name>
  <Value className="java.lang.String">ubvmsb</Value>
</Feature>
</Annotation>
<Annotation Id="9" Type="Token" StartNode="25" EndNode="32">
<Feature>
  <Name className="java.lang.String">string</Name>
  <Value className="java.lang.String">buffalo</Value>
</Feature>
</Annotation>
<Annotation Id="14" Type="Token" StartNode="38" EndNode="44">
<Feature>
  <Name className="java.lang.String">string</Name>
  <Value className="java.lang.String">Robert</Value>
</Feature>
</Annotation>
<Annotation Id="19" Type="Token" StartNode="52" EndNode="60">
<Feature>
  <Name className="java.lang.String">string</Name>
  <Value className="java.lang.String">Message-</Value>
</Feature>
</Annotation>
<Annotation Id="36" Type="Token" StartNode="81" EndNode="88">
<Feature>
  <Name className="java.lang.String">string</Name>
  <Value className="java.lang.String">buffalo</Value>
</Feature>
</Annotation>
<Annotation Id="58" Type="Token" StartNode="123" EndNode="129">
<Feature>
  <Name className="java.lang.String">string</Name>
  <Value className="java.lang.String">Sender</Value>
</Feature>
</Annotation>
<Annotation Id="69" Type="Token" StartNode="153" EndNode="165">
<Feature>
  <Name className="java.lang.String">string</Name>
  <Value className="java.lang.String">Organization</Value>
</Feature>
</Annotation>
<Annotation Id="65" Type="Token" StartNode="141" EndNode="148">
<Feature>
  <Name className="java.lang.String">string</Name>
  <Value className="java.lang.String">buffalo</Value>
</Feature>
</Annotation>
<Annotation Id="76" Type="Token" StartNode="181" EndNode="188">
<Feature>
  <Name className="java.lang.String">string</Name>
  <Value className="java.lang.String">Buffalo</Value>
</Feature>
</Annotation>
<Annotation Id="72" Type="Token" StartNode="167" EndNode="177">
<Feature>
  <Name className="java.lang.String">string</Name>
  <Value className="java.lang.String">University</Value>
</Feature>
</Annotation>
<Annotation Id="84" Type="Token" StartNode="203" EndNode="211">
<Feature>
  <Name className="java.lang.String">string</Name>
  <Value className="java.lang.String">Software</Value>
</Feature>
</Annotation>
<Annotation Id="102" Type="Token" StartNode="251" EndNode="257">
<Feature>
  <Name className="java.lang.String">string</Name>
  <Value className="java.lang.String">ubvmsb</Value>
</Feature>
</Annotation>
<Annotation Id="98" Type="Token" StartNode="237" EndNode="245">
<Feature>
  <Name className="java.lang.String">string</Name>
  <Value className="java.lang.String">Posting-</Value>
</Feature>
</Annotation>
<Annotation Id="106" Type="Token" StartNode="261" EndNode="268">
<Feature>
  <Name className="java.lang.String">string</Name>
  <Value className="java.lang.String">buffalo</Value>
</Feature>
</Annotation>
<Annotation Id="127" Type="Token" StartNode="303" EndNode="310">
<Feature>
  <Name className="java.lang.String">string</Name>
  <Value className="java.lang.String">blessed</Value>
</Feature>
</Annotation>
<Annotation Id="123" Type="Token" StartNode="294" EndNode="300">
<Feature>
  <Name className="java.lang.String">string</Name>
  <Value className="java.lang.String">rather</Value>
</Feature>
</Annotation>
</AnnotationSet>
<AnnotationSet Name="Original markups"> </AnnotationSet>
</GateDocument>