<?xml version='1.0' encoding='UTF-8'?>
<GateDocument version="3">
<!-- The document's features-->

<GateDocumentFeatures>
<Feature>
  <Name className="java.lang.String">Original_document_content_on_load</Name>
  <Value className="java.lang.String"><![CDATA[From: hrubin@pop.stat.purdue.edu (Herman Rubin)
Message-ID: <C5sGuF.LqF@mentor.cc.purdue.edu>
Sender: news@mentor.cc.purdue.edu (USENET News)
Organization: Purdue University Statistics Department
References: <1qvfik$6rf@usenet.INS.CWRU.Edu> <1993Apr20.003522.22480@midway.uchicago.edu>
Date: Tue, 20 Apr 1993 15:39:50 GMT
Lines: 18

In article <1993Apr20.003522.22480@midway.uchicago.edu> thf2@midway.uchicago.edu writes:
>In article <1qvfik$6rf@usenet.INS.CWRU.Edu> cj195@cleveland.Freenet.Edu (John W. Redelfs) writes:
>>Now that Big Brother has rubbed out one minority religion in Waco, who is
>>next?  The Mormons or Jews?

>The Koreshians rubbed themselves out.  Neither Mormons nor Jews have a
>propensity for dousing themselves with kerosene, so I'm not particularly
>concerned.  (Or shall we blame Jim Jones on the government also?)

I believe we still remember Masada, where Jews killed themselves rather
than being captured by the Romans.  While I do not agree with the
Davidians, I must admire their willingness to die for what they 
believed, which Jews have had to do often.
-- 
Herman Rubin, Dept. of Statistics, Purdue Univ., West Lafayette IN47907-1399
Phone: (317)494-6054
hrubin@snap.stat.purdue.edu (Internet, bitnet)  
{purdue,pur-ee}!snap.stat!hrubin(UUCP)
]]></Value>
</Feature>
<Feature>
  <Name className="java.lang.String">gate.SourceURL</Name>
  <Value className="java.lang.String">file:/C:/Users/jian/Documents/NetBeansProjects/NoiseReductionTechniques/mideastPoliticsMix/negative257</Value>
</Feature>
</GateDocumentFeatures>
<!-- The document content area with serialized nodes -->

<TextWithNodes><Node id="0"/>From<Node id="4"/>:<Node id="5"/> <Node id="6"/>hrubin<Node id="12"/>@<Node id="13"/>pop<Node id="16"/>.<Node id="17"/>stat<Node id="21"/>.<Node id="22"/>purdue<Node id="28"/>.<Node id="29"/>edu<Node id="32"/> <Node id="33"/>(<Node id="34"/>Herman<Node id="40"/> <Node id="41"/>Rubin<Node id="46"/>)<Node id="47"/>
<Node id="48"/>Message-<Node id="56"/>ID<Node id="58"/>:<Node id="59"/> <Node id="60"/>&lt;<Node id="61"/>C<Node id="62"/>5<Node id="63"/>sGuF<Node id="67"/>.<Node id="68"/>LqF<Node id="71"/>@<Node id="72"/>mentor<Node id="78"/>.<Node id="79"/>cc<Node id="81"/>.<Node id="82"/>purdue<Node id="88"/>.<Node id="89"/>edu<Node id="92"/>&gt;<Node id="93"/>
<Node id="94"/>Sender<Node id="100"/>:<Node id="101"/> <Node id="102"/>news<Node id="106"/>@<Node id="107"/>mentor<Node id="113"/>.<Node id="114"/>cc<Node id="116"/>.<Node id="117"/>purdue<Node id="123"/>.<Node id="124"/>edu<Node id="127"/> <Node id="128"/>(<Node id="129"/>USENET<Node id="135"/> <Node id="136"/>News<Node id="140"/>)<Node id="141"/>
<Node id="142"/>Organization<Node id="154"/>:<Node id="155"/> <Node id="156"/>Purdue<Node id="162"/> <Node id="163"/>University<Node id="173"/> <Node id="174"/>Statistics<Node id="184"/> <Node id="185"/>Department<Node id="195"/>
<Node id="196"/>References<Node id="206"/>:<Node id="207"/> <Node id="208"/>&lt;<Node id="209"/>1<Node id="210"/>qvfik<Node id="215"/>$<Node id="216"/>6<Node id="217"/>rf<Node id="219"/>@<Node id="220"/>usenet<Node id="226"/>.<Node id="227"/>INS<Node id="230"/>.<Node id="231"/>CWRU<Node id="235"/>.<Node id="236"/>Edu<Node id="239"/>&gt;<Node id="240"/> <Node id="241"/>&lt;<Node id="242"/>1993<Node id="246"/>Apr<Node id="249"/>20<Node id="251"/>.<Node id="252"/>003522<Node id="258"/>.<Node id="259"/>22480<Node id="264"/>@<Node id="265"/>midway<Node id="271"/>.<Node id="272"/>uchicago<Node id="280"/>.<Node id="281"/>edu<Node id="284"/>&gt;<Node id="285"/>
<Node id="286"/>Date<Node id="290"/>:<Node id="291"/> <Node id="292"/>Tue<Node id="295"/>,<Node id="296"/> <Node id="297"/>20<Node id="299"/> <Node id="300"/>Apr<Node id="303"/> <Node id="304"/>1993<Node id="308"/> <Node id="309"/>15<Node id="311"/>:<Node id="312"/>39<Node id="314"/>:<Node id="315"/>50<Node id="317"/> <Node id="318"/>GMT<Node id="321"/>
<Node id="322"/>Lines<Node id="327"/>:<Node id="328"/> <Node id="329"/>18<Node id="331"/>
<Node id="332"/>
<Node id="333"/>In<Node id="335"/> <Node id="336"/>article<Node id="343"/> <Node id="344"/>&lt;<Node id="345"/>1993<Node id="349"/>Apr<Node id="352"/>20<Node id="354"/>.<Node id="355"/>003522<Node id="361"/>.<Node id="362"/>22480<Node id="367"/>@<Node id="368"/>midway<Node id="374"/>.<Node id="375"/>uchicago<Node id="383"/>.<Node id="384"/>edu<Node id="387"/>&gt;<Node id="388"/> <Node id="389"/>thf<Node id="392"/>2<Node id="393"/>@<Node id="394"/>midway<Node id="400"/>.<Node id="401"/>uchicago<Node id="409"/>.<Node id="410"/>edu<Node id="413"/> <Node id="414"/>writes<Node id="420"/>:<Node id="421"/>
<Node id="422"/>&gt;<Node id="423"/>In<Node id="425"/> <Node id="426"/>article<Node id="433"/> <Node id="434"/>&lt;<Node id="435"/>1<Node id="436"/>qvfik<Node id="441"/>$<Node id="442"/>6<Node id="443"/>rf<Node id="445"/>@<Node id="446"/>usenet<Node id="452"/>.<Node id="453"/>INS<Node id="456"/>.<Node id="457"/>CWRU<Node id="461"/>.<Node id="462"/>Edu<Node id="465"/>&gt;<Node id="466"/> <Node id="467"/>cj<Node id="469"/>195<Node id="472"/>@<Node id="473"/>cleveland<Node id="482"/>.<Node id="483"/>Freenet<Node id="490"/>.<Node id="491"/>Edu<Node id="494"/> <Node id="495"/>(<Node id="496"/>John<Node id="500"/> <Node id="501"/>W<Node id="502"/>.<Node id="503"/> <Node id="504"/>Redelfs<Node id="511"/>)<Node id="512"/> <Node id="513"/>writes<Node id="519"/>:<Node id="520"/>
<Node id="521"/>&gt;<Node id="522"/>&gt;<Node id="523"/>Now<Node id="526"/> <Node id="527"/>that<Node id="531"/> <Node id="532"/>Big<Node id="535"/> <Node id="536"/>Brother<Node id="543"/> <Node id="544"/>has<Node id="547"/> <Node id="548"/>rubbed<Node id="554"/> <Node id="555"/>out<Node id="558"/> <Node id="559"/>one<Node id="562"/> <Node id="563"/>minority<Node id="571"/> <Node id="572"/>religion<Node id="580"/> <Node id="581"/>in<Node id="583"/> <Node id="584"/>Waco<Node id="588"/>,<Node id="589"/> <Node id="590"/>who<Node id="593"/> <Node id="594"/>is<Node id="596"/>
<Node id="597"/>&gt;<Node id="598"/>&gt;<Node id="599"/>next<Node id="603"/>?<Node id="604"/> <Node id="605"/> <Node id="606"/>The<Node id="609"/> <Node id="610"/>Mormons<Node id="617"/> <Node id="618"/>or<Node id="620"/> <Node id="621"/>Jews<Node id="625"/>?<Node id="626"/>
<Node id="627"/>
<Node id="628"/>&gt;<Node id="629"/>The<Node id="632"/> <Node id="633"/>Koreshians<Node id="643"/> <Node id="644"/>rubbed<Node id="650"/> <Node id="651"/>themselves<Node id="661"/> <Node id="662"/>out<Node id="665"/>.<Node id="666"/> <Node id="667"/> <Node id="668"/>Neither<Node id="675"/> <Node id="676"/>Mormons<Node id="683"/> <Node id="684"/>nor<Node id="687"/> <Node id="688"/>Jews<Node id="692"/> <Node id="693"/>have<Node id="697"/> <Node id="698"/>a<Node id="699"/>
<Node id="700"/>&gt;<Node id="701"/>propensity<Node id="711"/> <Node id="712"/>for<Node id="715"/> <Node id="716"/>dousing<Node id="723"/> <Node id="724"/>themselves<Node id="734"/> <Node id="735"/>with<Node id="739"/> <Node id="740"/>kerosene<Node id="748"/>,<Node id="749"/> <Node id="750"/>so<Node id="752"/> <Node id="753"/>I<Node id="754"/>'m<Node id="756"/> <Node id="757"/>not<Node id="760"/> <Node id="761"/>particularly<Node id="773"/>
<Node id="774"/>&gt;<Node id="775"/>concerned<Node id="784"/>.<Node id="785"/> <Node id="786"/> <Node id="787"/>(<Node id="788"/>Or<Node id="790"/> <Node id="791"/>shall<Node id="796"/> <Node id="797"/>we<Node id="799"/> <Node id="800"/>blame<Node id="805"/> <Node id="806"/>Jim<Node id="809"/> <Node id="810"/>Jones<Node id="815"/> <Node id="816"/>on<Node id="818"/> <Node id="819"/>the<Node id="822"/> <Node id="823"/>government<Node id="833"/> <Node id="834"/>also<Node id="838"/>?<Node id="839"/>)<Node id="840"/>
<Node id="841"/>
<Node id="842"/>I<Node id="843"/> <Node id="844"/>believe<Node id="851"/> <Node id="852"/>we<Node id="854"/> <Node id="855"/>still<Node id="860"/> <Node id="861"/>remember<Node id="869"/> <Node id="870"/>Masada<Node id="876"/>,<Node id="877"/> <Node id="878"/>where<Node id="883"/> <Node id="884"/>Jews<Node id="888"/> <Node id="889"/>killed<Node id="895"/> <Node id="896"/>themselves<Node id="906"/> <Node id="907"/>rather<Node id="913"/>
<Node id="914"/>than<Node id="918"/> <Node id="919"/>being<Node id="924"/> <Node id="925"/>captured<Node id="933"/> <Node id="934"/>by<Node id="936"/> <Node id="937"/>the<Node id="940"/> <Node id="941"/>Romans<Node id="947"/>.<Node id="948"/> <Node id="949"/> <Node id="950"/>While<Node id="955"/> <Node id="956"/>I<Node id="957"/> <Node id="958"/>do<Node id="960"/> <Node id="961"/>not<Node id="964"/> <Node id="965"/>agree<Node id="970"/> <Node id="971"/>with<Node id="975"/> <Node id="976"/>the<Node id="979"/>
<Node id="980"/>Davidians<Node id="989"/>,<Node id="990"/> <Node id="991"/>I<Node id="992"/> <Node id="993"/>must<Node id="997"/> <Node id="998"/>admire<Node id="1004"/> <Node id="1005"/>their<Node id="1010"/> <Node id="1011"/>willingness<Node id="1022"/> <Node id="1023"/>to<Node id="1025"/> <Node id="1026"/>die<Node id="1029"/> <Node id="1030"/>for<Node id="1033"/> <Node id="1034"/>what<Node id="1038"/> <Node id="1039"/>they<Node id="1043"/> <Node id="1044"/>
<Node id="1045"/>believed<Node id="1053"/>,<Node id="1054"/> <Node id="1055"/>which<Node id="1060"/> <Node id="1061"/>Jews<Node id="1065"/> <Node id="1066"/>have<Node id="1070"/> <Node id="1071"/>had<Node id="1074"/> <Node id="1075"/>to<Node id="1077"/> <Node id="1078"/>do<Node id="1080"/> <Node id="1081"/>often<Node id="1086"/>.<Node id="1087"/>
<Node id="1088"/>-<Node id="1089"/>-<Node id="1090"/> <Node id="1091"/>
<Node id="1092"/>Herman<Node id="1098"/> <Node id="1099"/>Rubin<Node id="1104"/>,<Node id="1105"/> <Node id="1106"/>Dept<Node id="1110"/>.<Node id="1111"/> <Node id="1112"/>of<Node id="1114"/> <Node id="1115"/>Statistics<Node id="1125"/>,<Node id="1126"/> <Node id="1127"/>Purdue<Node id="1133"/> <Node id="1134"/>Univ<Node id="1138"/>.<Node id="1139"/>,<Node id="1140"/> <Node id="1141"/>West<Node id="1145"/> <Node id="1146"/>Lafayette<Node id="1155"/> <Node id="1156"/>IN<Node id="1158"/>47907<Node id="1163"/>-<Node id="1164"/>1399<Node id="1168"/>
<Node id="1169"/>Phone<Node id="1174"/>:<Node id="1175"/> <Node id="1176"/>(<Node id="1177"/>317<Node id="1180"/>)<Node id="1181"/>494<Node id="1184"/>-<Node id="1185"/>6054<Node id="1189"/>
<Node id="1190"/>hrubin<Node id="1196"/>@<Node id="1197"/>snap<Node id="1201"/>.<Node id="1202"/>stat<Node id="1206"/>.<Node id="1207"/>purdue<Node id="1213"/>.<Node id="1214"/>edu<Node id="1217"/> <Node id="1218"/>(<Node id="1219"/>Internet<Node id="1227"/>,<Node id="1228"/> <Node id="1229"/>bitnet<Node id="1235"/>)<Node id="1236"/> <Node id="1237"/> <Node id="1238"/>
<Node id="1239"/>{<Node id="1240"/>purdue<Node id="1246"/>,<Node id="1247"/>pur-ee<Node id="1253"/>}<Node id="1254"/>!<Node id="1255"/>snap<Node id="1259"/>.<Node id="1260"/>stat<Node id="1264"/>!<Node id="1265"/>hrubin<Node id="1271"/>(<Node id="1272"/>UUCP<Node id="1276"/>)<Node id="1277"/>
<Node id="1278"/></TextWithNodes>
<!-- The default annotation set -->

<AnnotationSet>
<Annotation EndNode="1278" StartNode="0" Type="Mention" Id="9999999">
<Feature>
<Name classname="java.lang.String">Class</Name>
<Value classname="java.lang.String">0</Value>
</Feature>
</Annotation>

<Annotation Id="3" Type="Token" StartNode="6" EndNode="12">
<Feature>
  <Name className="java.lang.String">string</Name>
  <Value className="java.lang.String">hrubin</Value>
</Feature>
</Annotation>
<Annotation Id="9" Type="Token" StartNode="22" EndNode="28">
<Feature>
  <Name className="java.lang.String">string</Name>
  <Value className="java.lang.String">purdue</Value>
</Feature>
</Annotation>
<Annotation Id="14" Type="Token" StartNode="34" EndNode="40">
<Feature>
  <Name className="java.lang.String">string</Name>
  <Value className="java.lang.String">Herman</Value>
</Feature>
</Annotation>
<Annotation Id="19" Type="Token" StartNode="48" EndNode="56">
<Feature>
  <Name className="java.lang.String">string</Name>
  <Value className="java.lang.String">Message-</Value>
</Feature>
</Annotation>
<Annotation Id="30" Type="Token" StartNode="72" EndNode="78">
<Feature>
  <Name className="java.lang.String">string</Name>
  <Value className="java.lang.String">mentor</Value>
</Feature>
</Annotation>
<Annotation Id="34" Type="Token" StartNode="82" EndNode="88">
<Feature>
  <Name className="java.lang.String">string</Name>
  <Value className="java.lang.String">purdue</Value>
</Feature>
</Annotation>
<Annotation Id="39" Type="Token" StartNode="94" EndNode="100">
<Feature>
  <Name className="java.lang.String">string</Name>
  <Value className="java.lang.String">Sender</Value>
</Feature>
</Annotation>
<Annotation Id="44" Type="Token" StartNode="107" EndNode="113">
<Feature>
  <Name className="java.lang.String">string</Name>
  <Value className="java.lang.String">mentor</Value>
</Feature>
</Annotation>
<Annotation Id="48" Type="Token" StartNode="117" EndNode="123">
<Feature>
  <Name className="java.lang.String">string</Name>
  <Value className="java.lang.String">purdue</Value>
</Feature>
</Annotation>
<Annotation Id="53" Type="Token" StartNode="129" EndNode="135">
<Feature>
  <Name className="java.lang.String">string</Name>
  <Value className="java.lang.String">USENET</Value>
</Feature>
</Annotation>
<Annotation Id="58" Type="Token" StartNode="142" EndNode="154">
<Feature>
  <Name className="java.lang.String">string</Name>
  <Value className="java.lang.String">Organization</Value>
</Feature>
</Annotation>
<Annotation Id="63" Type="Token" StartNode="163" EndNode="173">
<Feature>
  <Name className="java.lang.String">string</Name>
  <Value className="java.lang.String">University</Value>
</Feature>
</Annotation>
<Annotation Id="61" Type="Token" StartNode="156" EndNode="162">
<Feature>
  <Name className="java.lang.String">string</Name>
  <Value className="java.lang.String">Purdue</Value>
</Feature>
</Annotation>
<Annotation Id="69" Type="Token" StartNode="196" EndNode="206">
<Feature>
  <Name className="java.lang.String">string</Name>
  <Value className="java.lang.String">References</Value>
</Feature>
</Annotation>
<Annotation Id="65" Type="Token" StartNode="174" EndNode="184">
<Feature>
  <Name className="java.lang.String">string</Name>
  <Value className="java.lang.String">Statistics</Value>
</Feature>
</Annotation>
<Annotation Id="67" Type="Token" StartNode="185" EndNode="195">
<Feature>
  <Name className="java.lang.String">string</Name>
  <Value className="java.lang.String">Department</Value>
</Feature>
</Annotation>
<Annotation Id="79" Type="Token" StartNode="220" EndNode="226">
<Feature>
  <Name className="java.lang.String">string</Name>
  <Value className="java.lang.String">usenet</Value>
</Feature>
</Annotation>
<Annotation Id="93" Type="Token" StartNode="252" EndNode="258">
</Annotation>
<Annotation Id="99" Type="Token" StartNode="272" EndNode="280">
<Feature>
  <Name className="java.lang.String">string</Name>
  <Value className="java.lang.String">uchicago</Value>
</Feature>
</Annotation>
<Annotation Id="97" Type="Token" StartNode="265" EndNode="271">
<Feature>
  <Name className="java.lang.String">string</Name>
  <Value className="java.lang.String">midway</Value>
</Feature>
</Annotation>
<Annotation Id="139" Type="Token" StartNode="355" EndNode="361">
</Annotation>
<Annotation Id="143" Type="Token" StartNode="368" EndNode="374">
<Feature>
  <Name className="java.lang.String">string</Name>
  <Value className="java.lang.String">midway</Value>
</Feature>
</Annotation>
<Annotation Id="132" Type="Token" StartNode="336" EndNode="343">
<Feature>
  <Name className="java.lang.String">string</Name>
  <Value className="java.lang.String">article</Value>
</Feature>
</Annotation>
<Annotation Id="153" Type="Token" StartNode="394" EndNode="400">
<Feature>
  <Name className="java.lang.String">string</Name>
  <Value className="java.lang.String">midway</Value>
</Feature>
</Annotation>
<Annotation Id="155" Type="Token" StartNode="401" EndNode="409">
<Feature>
  <Name className="java.lang.String">string</Name>
  <Value className="java.lang.String">uchicago</Value>
</Feature>
</Annotation>
<Annotation Id="159" Type="Token" StartNode="414" EndNode="420">
<Feature>
  <Name className="java.lang.String">string</Name>
  <Value className="java.lang.String">writes</Value>
</Feature>
</Annotation>
<Annotation Id="145" Type="Token" StartNode="375" EndNode="383">
<Feature>
  <Name className="java.lang.String">string</Name>
  <Value className="java.lang.String">uchicago</Value>
</Feature>
</Annotation>
<Annotation Id="174" Type="Token" StartNode="446" EndNode="452">
<Feature>
  <Name className="java.lang.String">string</Name>
  <Value className="java.lang.String">usenet</Value>
</Feature>
</Annotation>
<Annotation Id="165" Type="Token" StartNode="426" EndNode="433">
<Feature>
  <Name className="java.lang.String">string</Name>
  <Value className="java.lang.String">article</Value>
</Feature>
</Annotation>
<Annotation Id="186" Type="Token" StartNode="473" EndNode="482">
<Feature>
  <Name className="java.lang.String">string</Name>
  <Value className="java.lang.String">cleveland</Value>
</Feature>
</Annotation>
<Annotation Id="188" Type="Token" StartNode="483" EndNode="490">
<Feature>
  <Name className="java.lang.String">string</Name>
  <Value className="java.lang.String">Freenet</Value>
</Feature>
</Annotation>
<Annotation Id="201" Type="Token" StartNode="513" EndNode="519">
<Feature>
  <Name className="java.lang.String">string</Name>
  <Value className="java.lang.String">writes</Value>
</Feature>
</Annotation>
<Annotation Id="198" Type="Token" StartNode="504" EndNode="511">
<Feature>
  <Name className="java.lang.String">string</Name>
  <Value className="java.lang.String">Redelfs</Value>
</Feature>
</Annotation>
<Annotation Id="222" Type="Token" StartNode="563" EndNode="571">
<Feature>
  <Name className="java.lang.String">string</Name>
  <Value className="java.lang.String">minority</Value>
</Feature>
</Annotation>
<Annotation Id="216" Type="Token" StartNode="548" EndNode="554">
<Feature>
  <Name className="java.lang.String">string</Name>
  <Value className="java.lang.String">rubbed</Value>
</Feature>
</Annotation>
<Annotation Id="212" Type="Token" StartNode="536" EndNode="543">
<Feature>
  <Name className="java.lang.String">string</Name>
  <Value className="java.lang.String">Brother</Value>
</Feature>
</Annotation>
<Annotation Id="224" Type="Token" StartNode="572" EndNode="580">
<Feature>
  <Name className="java.lang.String">string</Name>
  <Value className="java.lang.String">religion</Value>
</Feature>
</Annotation>
<Annotation Id="254" Type="Token" StartNode="633" EndNode="643">
<Feature>
  <Name className="java.lang.String">string</Name>
  <Value className="java.lang.String">Koreshians</Value>
</Feature>
</Annotation>
<Annotation Id="243" Type="Token" StartNode="610" EndNode="617">
<Feature>
  <Name className="java.lang.String">string</Name>
  <Value className="java.lang.String">Mormons</Value>
</Feature>
</Annotation>
<Annotation Id="277" Type="Token" StartNode="701" EndNode="711">
<Feature>
  <Name className="java.lang.String">string</Name>
  <Value className="java.lang.String">propensity</Value>
</Feature>
</Annotation>
<Annotation Id="283" Type="Token" StartNode="724" EndNode="734">
<Feature>
  <Name className="java.lang.String">string</Name>
  <Value className="java.lang.String">themselves</Value>
</Feature>
</Annotation>
<Annotation Id="281" Type="Token" StartNode="716" EndNode="723">
<Feature>
  <Name className="java.lang.String">string</Name>
  <Value className="java.lang.String">dousing</Value>
</Feature>
</Annotation>
<Annotation Id="287" Type="Token" StartNode="740" EndNode="748">
<Feature>
  <Name className="java.lang.String">string</Name>
  <Value className="java.lang.String">kerosene</Value>
</Feature>
</Annotation>
<Annotation Id="258" Type="Token" StartNode="651" EndNode="661">
<Feature>
  <Name className="java.lang.String">string</Name>
  <Value className="java.lang.String">themselves</Value>
</Feature>
</Annotation>
<Annotation Id="256" Type="Token" StartNode="644" EndNode="650">
<Feature>
  <Name className="java.lang.String">string</Name>
  <Value className="java.lang.String">rubbed</Value>
</Feature>
</Annotation>
<Annotation Id="266" Type="Token" StartNode="676" EndNode="683">
<Feature>
  <Name className="java.lang.String">string</Name>
  <Value className="java.lang.String">Mormons</Value>
</Feature>
</Annotation>
<Annotation Id="264" Type="Token" StartNode="668" EndNode="675">
<Feature>
  <Name className="java.lang.String">string</Name>
  <Value className="java.lang.String">Neither</Value>
</Feature>
</Annotation>
<Annotation Id="298" Type="Token" StartNode="761" EndNode="773">
<Feature>
  <Name className="java.lang.String">string</Name>
  <Value className="java.lang.String">particularly</Value>
</Feature>
</Annotation>
<Annotation Id="301" Type="Token" StartNode="775" EndNode="784">
<Feature>
  <Name className="java.lang.String">string</Name>
  <Value className="java.lang.String">concerned</Value>
</Feature>
</Annotation>
<Annotation Id="339" Type="Token" StartNode="870" EndNode="876">
<Feature>
  <Name className="java.lang.String">string</Name>
  <Value className="java.lang.String">Masada</Value>
</Feature>
</Annotation>
<Annotation Id="337" Type="Token" StartNode="861" EndNode="869">
<Feature>
  <Name className="java.lang.String">string</Name>
  <Value className="java.lang.String">remember</Value>
</Feature>
</Annotation>
<Annotation Id="350" Type="Token" StartNode="907" EndNode="913">
<Feature>
  <Name className="java.lang.String">string</Name>
  <Value className="java.lang.String">rather</Value>
</Feature>
</Annotation>
<Annotation Id="348" Type="Token" StartNode="896" EndNode="906">
<Feature>
  <Name className="java.lang.String">string</Name>
  <Value className="java.lang.String">themselves</Value>
</Feature>
</Annotation>
<Annotation Id="346" Type="Token" StartNode="889" EndNode="895">
<Feature>
  <Name className="java.lang.String">string</Name>
  <Value className="java.lang.String">killed</Value>
</Feature>
</Annotation>
<Annotation Id="322" Type="Token" StartNode="823" EndNode="833">
<Feature>
  <Name className="java.lang.String">string</Name>
  <Value className="java.lang.String">government</Value>
</Feature>
</Annotation>
<Annotation Id="331" Type="Token" StartNode="844" EndNode="851">
<Feature>
  <Name className="java.lang.String">string</Name>
  <Value className="java.lang.String">believe</Value>
</Feature>
</Annotation>
<Annotation Id="380" Type="Token" StartNode="980" EndNode="989">
<Feature>
  <Name className="java.lang.String">string</Name>
  <Value className="java.lang.String">Davidians</Value>
</Feature>
</Annotation>
<Annotation Id="356" Type="Token" StartNode="925" EndNode="933">
<Feature>
  <Name className="java.lang.String">string</Name>
  <Value className="java.lang.String">captured</Value>
</Feature>
</Annotation>
<Annotation Id="362" Type="Token" StartNode="941" EndNode="947">
<Feature>
  <Name className="java.lang.String">string</Name>
  <Value className="java.lang.String">Romans</Value>
</Feature>
</Annotation>
<Annotation Id="404" Type="Token" StartNode="1045" EndNode="1053">
<Feature>
  <Name className="java.lang.String">string</Name>
  <Value className="java.lang.String">believed</Value>
</Feature>
</Annotation>
<Annotation Id="387" Type="Token" StartNode="998" EndNode="1004">
<Feature>
  <Name className="java.lang.String">string</Name>
  <Value className="java.lang.String">admire</Value>
</Feature>
</Annotation>
<Annotation Id="391" Type="Token" StartNode="1011" EndNode="1022">
<Feature>
  <Name className="java.lang.String">string</Name>
  <Value className="java.lang.String">willingness</Value>
</Feature>
</Annotation>
<Annotation Id="447" Type="Token" StartNode="1146" EndNode="1155">
<Feature>
  <Name className="java.lang.String">string</Name>
  <Value className="java.lang.String">Lafayette</Value>
</Feature>
</Annotation>
<Annotation Id="436" Type="Token" StartNode="1115" EndNode="1125">
<Feature>
  <Name className="java.lang.String">string</Name>
  <Value className="java.lang.String">Statistics</Value>
</Feature>
</Annotation>
<Annotation Id="439" Type="Token" StartNode="1127" EndNode="1133">
<Feature>
  <Name className="java.lang.String">string</Name>
  <Value className="java.lang.String">Purdue</Value>
</Feature>
</Annotation>
<Annotation Id="426" Type="Token" StartNode="1092" EndNode="1098">
<Feature>
  <Name className="java.lang.String">string</Name>
  <Value className="java.lang.String">Herman</Value>
</Feature>
</Annotation>
<Annotation Id="478" Type="Token" StartNode="1229" EndNode="1235">
<Feature>
  <Name className="java.lang.String">string</Name>
  <Value className="java.lang.String">bitnet</Value>
</Feature>
</Annotation>
<Annotation Id="475" Type="Token" StartNode="1219" EndNode="1227">
<Feature>
  <Name className="java.lang.String">string</Name>
  <Value className="java.lang.String">Internet</Value>
</Feature>
</Annotation>
<Annotation Id="470" Type="Token" StartNode="1207" EndNode="1213">
<Feature>
  <Name className="java.lang.String">string</Name>
  <Value className="java.lang.String">purdue</Value>
</Feature>
</Annotation>
<Annotation Id="464" Type="Token" StartNode="1190" EndNode="1196">
<Feature>
  <Name className="java.lang.String">string</Name>
  <Value className="java.lang.String">hrubin</Value>
</Feature>
</Annotation>
<Annotation Id="493" Type="Token" StartNode="1265" EndNode="1271">
<Feature>
  <Name className="java.lang.String">string</Name>
  <Value className="java.lang.String">hrubin</Value>
</Feature>
</Annotation>
<Annotation Id="484" Type="Token" StartNode="1240" EndNode="1246">
<Feature>
  <Name className="java.lang.String">string</Name>
  <Value className="java.lang.String">purdue</Value>
</Feature>
</Annotation>
<Annotation Id="486" Type="Token" StartNode="1247" EndNode="1253">
<Feature>
  <Name className="java.lang.String">string</Name>
  <Value className="java.lang.String">pur-ee</Value>
</Feature>
</Annotation>
</AnnotationSet>
<AnnotationSet Name="Original markups"> </AnnotationSet>
</GateDocument>