<?xml version='1.0' encoding='UTF-8'?>
<GateDocument version="3">
<!-- The document's features-->

<GateDocumentFeatures>
<Feature>
  <Name className="java.lang.String">Original_document_content_on_load</Name>
  <Value className="java.lang.String">From: eng10205@nusunix1.nus.sg (LING SIEW WEE)
Message-ID: &lt;Apr.15.00.58.10.1993.28876@athos.rutgers.edu>
Date: 15 Apr 93 04:58:11 GMT
Sender: hedrick@athos.rutgers.edu
Organization: National University of Singapore
Lines: 33
Approved: christian@aramis.rutgers.edu

Hello, I am about to embark on a bible study on ACTS. I have online
bible software with me. I would like to know the the background of the
authors of its various topics articles and about the author of the
People's New Testament. I need to know how realible is the articles in
the Online Bible software. Specifically (for your convenience) I want to
know about the :


		1. Darby Translation ( I have never heard of this one)
		2. Young's Literal Translation (I have also never heard
of)
		3. The realiability of the Hebrew/Greek Lexicon
		4. The authors (from which denomination etc) of the
articles in the TOPICS modules.
		5. The realiability of the Treasury of Scripture
Knowlege ( as I have never heard of too) 
		6. Who are the commentators, Scofield and B.W. Johnson
who wrote the Scofield Reference Bible and the People's New Testament respectively 
		7. The realiability of the Strong numbers.

I will be most happy to receive a reply of any of you who knows about
the above. Also, please 'qualify' yourself so that I may know that I am
not receiving a 'rubbish' letter. I just want to make sure.            

Wilfred Ling

	
--
***********************************************************************
*Name	    : Wilfred Ling Siew Wee   | National University of S'pore *
*Internet   : eng10205@nusunix.nus.sg | Electrical Engineering        *
*Bitnet	    : eng10205@nusvm.bitnet   |                               *
*********************************************************************** 
</Value>
</Feature>
<Feature>
  <Name className="java.lang.String">gate.SourceURL</Name>
  <Value className="java.lang.String">file:/C:/Users/jian/Documents/NetBeansProjects/NoiseReductionTechniques/mideastPoliticsMix/negative172</Value>
</Feature>
</GateDocumentFeatures>
<!-- The document content area with serialized nodes -->

<TextWithNodes><Node id="0"/>From<Node id="4"/>:<Node id="5"/> <Node id="6"/>eng<Node id="9"/>10205<Node id="14"/>@<Node id="15"/>nusunix<Node id="22"/>1<Node id="23"/>.<Node id="24"/>nus<Node id="27"/>.<Node id="28"/>sg<Node id="30"/> <Node id="31"/>(<Node id="32"/>LING<Node id="36"/> <Node id="37"/>SIEW<Node id="41"/> <Node id="42"/>WEE<Node id="45"/>)<Node id="46"/>
<Node id="47"/>Message-<Node id="55"/>ID<Node id="57"/>:<Node id="58"/> <Node id="59"/>&lt;<Node id="60"/>Apr<Node id="63"/>.<Node id="64"/>15<Node id="66"/>.<Node id="67"/>00<Node id="69"/>.<Node id="70"/>58<Node id="72"/>.<Node id="73"/>10<Node id="75"/>.<Node id="76"/>1993<Node id="80"/>.<Node id="81"/>28876<Node id="86"/>@<Node id="87"/>athos<Node id="92"/>.<Node id="93"/>rutgers<Node id="100"/>.<Node id="101"/>edu<Node id="104"/>&gt;<Node id="105"/>
<Node id="106"/>Date<Node id="110"/>:<Node id="111"/> <Node id="112"/>15<Node id="114"/> <Node id="115"/>Apr<Node id="118"/> <Node id="119"/>93<Node id="121"/> <Node id="122"/>04<Node id="124"/>:<Node id="125"/>58<Node id="127"/>:<Node id="128"/>11<Node id="130"/> <Node id="131"/>GMT<Node id="134"/>
<Node id="135"/>Sender<Node id="141"/>:<Node id="142"/> <Node id="143"/>hedrick<Node id="150"/>@<Node id="151"/>athos<Node id="156"/>.<Node id="157"/>rutgers<Node id="164"/>.<Node id="165"/>edu<Node id="168"/>
<Node id="169"/>Organization<Node id="181"/>:<Node id="182"/> <Node id="183"/>National<Node id="191"/> <Node id="192"/>University<Node id="202"/> <Node id="203"/>of<Node id="205"/> <Node id="206"/>Singapore<Node id="215"/>
<Node id="216"/>Lines<Node id="221"/>:<Node id="222"/> <Node id="223"/>33<Node id="225"/>
<Node id="226"/>Approved<Node id="234"/>:<Node id="235"/> <Node id="236"/>christian<Node id="245"/>@<Node id="246"/>aramis<Node id="252"/>.<Node id="253"/>rutgers<Node id="260"/>.<Node id="261"/>edu<Node id="264"/>
<Node id="265"/>
<Node id="266"/>Hello<Node id="271"/>,<Node id="272"/> <Node id="273"/>I<Node id="274"/> <Node id="275"/>am<Node id="277"/> <Node id="278"/>about<Node id="283"/> <Node id="284"/>to<Node id="286"/> <Node id="287"/>embark<Node id="293"/> <Node id="294"/>on<Node id="296"/> <Node id="297"/>a<Node id="298"/> <Node id="299"/>bible<Node id="304"/> <Node id="305"/>study<Node id="310"/> <Node id="311"/>on<Node id="313"/> <Node id="314"/>ACTS<Node id="318"/>.<Node id="319"/> <Node id="320"/>I<Node id="321"/> <Node id="322"/>have<Node id="326"/> <Node id="327"/>online<Node id="333"/>
<Node id="334"/>bible<Node id="339"/> <Node id="340"/>software<Node id="348"/> <Node id="349"/>with<Node id="353"/> <Node id="354"/>me<Node id="356"/>.<Node id="357"/> <Node id="358"/>I<Node id="359"/> <Node id="360"/>would<Node id="365"/> <Node id="366"/>like<Node id="370"/> <Node id="371"/>to<Node id="373"/> <Node id="374"/>know<Node id="378"/> <Node id="379"/>the<Node id="382"/> <Node id="383"/>the<Node id="386"/> <Node id="387"/>background<Node id="397"/> <Node id="398"/>of<Node id="400"/> <Node id="401"/>the<Node id="404"/>
<Node id="405"/>authors<Node id="412"/> <Node id="413"/>of<Node id="415"/> <Node id="416"/>its<Node id="419"/> <Node id="420"/>various<Node id="427"/> <Node id="428"/>topics<Node id="434"/> <Node id="435"/>articles<Node id="443"/> <Node id="444"/>and<Node id="447"/> <Node id="448"/>about<Node id="453"/> <Node id="454"/>the<Node id="457"/> <Node id="458"/>author<Node id="464"/> <Node id="465"/>of<Node id="467"/> <Node id="468"/>the<Node id="471"/>
<Node id="472"/>People<Node id="478"/>'s<Node id="480"/> <Node id="481"/>New<Node id="484"/> <Node id="485"/>Testament<Node id="494"/>.<Node id="495"/> <Node id="496"/>I<Node id="497"/> <Node id="498"/>need<Node id="502"/> <Node id="503"/>to<Node id="505"/> <Node id="506"/>know<Node id="510"/> <Node id="511"/>how<Node id="514"/> <Node id="515"/>realible<Node id="523"/> <Node id="524"/>is<Node id="526"/> <Node id="527"/>the<Node id="530"/> <Node id="531"/>articles<Node id="539"/> <Node id="540"/>in<Node id="542"/>
<Node id="543"/>the<Node id="546"/> <Node id="547"/>Online<Node id="553"/> <Node id="554"/>Bible<Node id="559"/> <Node id="560"/>software<Node id="568"/>.<Node id="569"/> <Node id="570"/>Specifically<Node id="582"/> <Node id="583"/>(<Node id="584"/>for<Node id="587"/> <Node id="588"/>your<Node id="592"/> <Node id="593"/>convenience<Node id="604"/>)<Node id="605"/> <Node id="606"/>I<Node id="607"/> <Node id="608"/>want<Node id="612"/> <Node id="613"/>to<Node id="615"/>
<Node id="616"/>know<Node id="620"/> <Node id="621"/>about<Node id="626"/> <Node id="627"/>the<Node id="630"/> <Node id="631"/>:<Node id="632"/>
<Node id="633"/>
<Node id="634"/>
<Node id="635"/>	<Node id="636"/>	<Node id="637"/>1<Node id="638"/>.<Node id="639"/> <Node id="640"/>Darby<Node id="645"/> <Node id="646"/>Translation<Node id="657"/> <Node id="658"/>(<Node id="659"/> <Node id="660"/>I<Node id="661"/> <Node id="662"/>have<Node id="666"/> <Node id="667"/>never<Node id="672"/> <Node id="673"/>heard<Node id="678"/> <Node id="679"/>of<Node id="681"/> <Node id="682"/>this<Node id="686"/> <Node id="687"/>one<Node id="690"/>)<Node id="691"/>
<Node id="692"/>	<Node id="693"/>	<Node id="694"/>2<Node id="695"/>.<Node id="696"/> <Node id="697"/>Young<Node id="702"/>'s<Node id="704"/> <Node id="705"/>Literal<Node id="712"/> <Node id="713"/>Translation<Node id="724"/> <Node id="725"/>(<Node id="726"/>I<Node id="727"/> <Node id="728"/>have<Node id="732"/> <Node id="733"/>also<Node id="737"/> <Node id="738"/>never<Node id="743"/> <Node id="744"/>heard<Node id="749"/>
<Node id="750"/>of<Node id="752"/>)<Node id="753"/>
<Node id="754"/>	<Node id="755"/>	<Node id="756"/>3<Node id="757"/>.<Node id="758"/> <Node id="759"/>The<Node id="762"/> <Node id="763"/>realiability<Node id="775"/> <Node id="776"/>of<Node id="778"/> <Node id="779"/>the<Node id="782"/> <Node id="783"/>Hebrew<Node id="789"/>/<Node id="790"/>Greek<Node id="795"/> <Node id="796"/>Lexicon<Node id="803"/>
<Node id="804"/>	<Node id="805"/>	<Node id="806"/>4<Node id="807"/>.<Node id="808"/> <Node id="809"/>The<Node id="812"/> <Node id="813"/>authors<Node id="820"/> <Node id="821"/>(<Node id="822"/>from<Node id="826"/> <Node id="827"/>which<Node id="832"/> <Node id="833"/>denomination<Node id="845"/> <Node id="846"/>etc<Node id="849"/>)<Node id="850"/> <Node id="851"/>of<Node id="853"/> <Node id="854"/>the<Node id="857"/>
<Node id="858"/>articles<Node id="866"/> <Node id="867"/>in<Node id="869"/> <Node id="870"/>the<Node id="873"/> <Node id="874"/>TOPICS<Node id="880"/> <Node id="881"/>modules<Node id="888"/>.<Node id="889"/>
<Node id="890"/>	<Node id="891"/>	<Node id="892"/>5<Node id="893"/>.<Node id="894"/> <Node id="895"/>The<Node id="898"/> <Node id="899"/>realiability<Node id="911"/> <Node id="912"/>of<Node id="914"/> <Node id="915"/>the<Node id="918"/> <Node id="919"/>Treasury<Node id="927"/> <Node id="928"/>of<Node id="930"/> <Node id="931"/>Scripture<Node id="940"/>
<Node id="941"/>Knowlege<Node id="949"/> <Node id="950"/>(<Node id="951"/> <Node id="952"/>as<Node id="954"/> <Node id="955"/>I<Node id="956"/> <Node id="957"/>have<Node id="961"/> <Node id="962"/>never<Node id="967"/> <Node id="968"/>heard<Node id="973"/> <Node id="974"/>of<Node id="976"/> <Node id="977"/>too<Node id="980"/>)<Node id="981"/> <Node id="982"/>
<Node id="983"/>	<Node id="984"/>	<Node id="985"/>6<Node id="986"/>.<Node id="987"/> <Node id="988"/>Who<Node id="991"/> <Node id="992"/>are<Node id="995"/> <Node id="996"/>the<Node id="999"/> <Node id="1000"/>commentators<Node id="1012"/>,<Node id="1013"/> <Node id="1014"/>Scofield<Node id="1022"/> <Node id="1023"/>and<Node id="1026"/> <Node id="1027"/>B<Node id="1028"/>.<Node id="1029"/>W<Node id="1030"/>.<Node id="1031"/> <Node id="1032"/>Johnson<Node id="1039"/>
<Node id="1040"/>who<Node id="1043"/> <Node id="1044"/>wrote<Node id="1049"/> <Node id="1050"/>the<Node id="1053"/> <Node id="1054"/>Scofield<Node id="1062"/> <Node id="1063"/>Reference<Node id="1072"/> <Node id="1073"/>Bible<Node id="1078"/> <Node id="1079"/>and<Node id="1082"/> <Node id="1083"/>the<Node id="1086"/> <Node id="1087"/>People<Node id="1093"/>'s<Node id="1095"/> <Node id="1096"/>New<Node id="1099"/> <Node id="1100"/>Testament<Node id="1109"/> <Node id="1110"/>respectively<Node id="1122"/> <Node id="1123"/>
<Node id="1124"/>	<Node id="1125"/>	<Node id="1126"/>7<Node id="1127"/>.<Node id="1128"/> <Node id="1129"/>The<Node id="1132"/> <Node id="1133"/>realiability<Node id="1145"/> <Node id="1146"/>of<Node id="1148"/> <Node id="1149"/>the<Node id="1152"/> <Node id="1153"/>Strong<Node id="1159"/> <Node id="1160"/>numbers<Node id="1167"/>.<Node id="1168"/>
<Node id="1169"/>
<Node id="1170"/>I<Node id="1171"/> <Node id="1172"/>will<Node id="1176"/> <Node id="1177"/>be<Node id="1179"/> <Node id="1180"/>most<Node id="1184"/> <Node id="1185"/>happy<Node id="1190"/> <Node id="1191"/>to<Node id="1193"/> <Node id="1194"/>receive<Node id="1201"/> <Node id="1202"/>a<Node id="1203"/> <Node id="1204"/>reply<Node id="1209"/> <Node id="1210"/>of<Node id="1212"/> <Node id="1213"/>any<Node id="1216"/> <Node id="1217"/>of<Node id="1219"/> <Node id="1220"/>you<Node id="1223"/> <Node id="1224"/>who<Node id="1227"/> <Node id="1228"/>knows<Node id="1233"/> <Node id="1234"/>about<Node id="1239"/>
<Node id="1240"/>the<Node id="1243"/> <Node id="1244"/>above<Node id="1249"/>.<Node id="1250"/> <Node id="1251"/>Also<Node id="1255"/>,<Node id="1256"/> <Node id="1257"/>please<Node id="1263"/> <Node id="1264"/>'<Node id="1265"/>qualify<Node id="1272"/>'<Node id="1273"/> <Node id="1274"/>yourself<Node id="1282"/> <Node id="1283"/>so<Node id="1285"/> <Node id="1286"/>that<Node id="1290"/> <Node id="1291"/>I<Node id="1292"/> <Node id="1293"/>may<Node id="1296"/> <Node id="1297"/>know<Node id="1301"/> <Node id="1302"/>that<Node id="1306"/> <Node id="1307"/>I<Node id="1308"/> <Node id="1309"/>am<Node id="1311"/>
<Node id="1312"/>not<Node id="1315"/> <Node id="1316"/>receiving<Node id="1325"/> <Node id="1326"/>a<Node id="1327"/> <Node id="1328"/>'<Node id="1329"/>rubbish<Node id="1336"/>'<Node id="1337"/> <Node id="1338"/>letter<Node id="1344"/>.<Node id="1345"/> <Node id="1346"/>I<Node id="1347"/> <Node id="1348"/>just<Node id="1352"/> <Node id="1353"/>want<Node id="1357"/> <Node id="1358"/>to<Node id="1360"/> <Node id="1361"/>make<Node id="1365"/> <Node id="1366"/>sure<Node id="1370"/>.<Node id="1371"/> <Node id="1372"/> <Node id="1373"/> <Node id="1374"/> <Node id="1375"/> <Node id="1376"/> <Node id="1377"/> <Node id="1378"/> <Node id="1379"/> <Node id="1380"/> <Node id="1381"/> <Node id="1382"/> <Node id="1383"/>
<Node id="1384"/>
<Node id="1385"/>Wilfred<Node id="1392"/> <Node id="1393"/>Ling<Node id="1397"/>
<Node id="1398"/>
<Node id="1399"/>	<Node id="1400"/>
<Node id="1401"/>-<Node id="1402"/>-<Node id="1403"/>
<Node id="1404"/>*<Node id="1405"/>*<Node id="1406"/>*<Node id="1407"/>*<Node id="1408"/>*<Node id="1409"/>*<Node id="1410"/>*<Node id="1411"/>*<Node id="1412"/>*<Node id="1413"/>*<Node id="1414"/>*<Node id="1415"/>*<Node id="1416"/>*<Node id="1417"/>*<Node id="1418"/>*<Node id="1419"/>*<Node id="1420"/>*<Node id="1421"/>*<Node id="1422"/>*<Node id="1423"/>*<Node id="1424"/>*<Node id="1425"/>*<Node id="1426"/>*<Node id="1427"/>*<Node id="1428"/>*<Node id="1429"/>*<Node id="1430"/>*<Node id="1431"/>*<Node id="1432"/>*<Node id="1433"/>*<Node id="1434"/>*<Node id="1435"/>*<Node id="1436"/>*<Node id="1437"/>*<Node id="1438"/>*<Node id="1439"/>*<Node id="1440"/>*<Node id="1441"/>*<Node id="1442"/>*<Node id="1443"/>*<Node id="1444"/>*<Node id="1445"/>*<Node id="1446"/>*<Node id="1447"/>*<Node id="1448"/>*<Node id="1449"/>*<Node id="1450"/>*<Node id="1451"/>*<Node id="1452"/>*<Node id="1453"/>*<Node id="1454"/>*<Node id="1455"/>*<Node id="1456"/>*<Node id="1457"/>*<Node id="1458"/>*<Node id="1459"/>*<Node id="1460"/>*<Node id="1461"/>*<Node id="1462"/>*<Node id="1463"/>*<Node id="1464"/>*<Node id="1465"/>*<Node id="1466"/>*<Node id="1467"/>*<Node id="1468"/>*<Node id="1469"/>*<Node id="1470"/>*<Node id="1471"/>*<Node id="1472"/>*<Node id="1473"/>*<Node id="1474"/>*<Node id="1475"/>
<Node id="1476"/>*<Node id="1477"/>Name<Node id="1481"/>	<Node id="1482"/> <Node id="1483"/> <Node id="1484"/> <Node id="1485"/> <Node id="1486"/>:<Node id="1487"/> <Node id="1488"/>Wilfred<Node id="1495"/> <Node id="1496"/>Ling<Node id="1500"/> <Node id="1501"/>Siew<Node id="1505"/> <Node id="1506"/>Wee<Node id="1509"/> <Node id="1510"/> <Node id="1511"/> <Node id="1512"/>|<Node id="1513"/> <Node id="1514"/>National<Node id="1522"/> <Node id="1523"/>University<Node id="1533"/> <Node id="1534"/>of<Node id="1536"/> <Node id="1537"/>S<Node id="1538"/>'<Node id="1539"/>pore<Node id="1543"/> <Node id="1544"/>*<Node id="1545"/>
<Node id="1546"/>*<Node id="1547"/>Internet<Node id="1555"/> <Node id="1556"/> <Node id="1557"/> <Node id="1558"/>:<Node id="1559"/> <Node id="1560"/>eng<Node id="1563"/>10205<Node id="1568"/>@<Node id="1569"/>nusunix<Node id="1576"/>.<Node id="1577"/>nus<Node id="1580"/>.<Node id="1581"/>sg<Node id="1583"/> <Node id="1584"/>|<Node id="1585"/> <Node id="1586"/>Electrical<Node id="1596"/> <Node id="1597"/>Engineering<Node id="1608"/> <Node id="1609"/> <Node id="1610"/> <Node id="1611"/> <Node id="1612"/> <Node id="1613"/> <Node id="1614"/> <Node id="1615"/> <Node id="1616"/>*<Node id="1617"/>
<Node id="1618"/>*<Node id="1619"/>Bitnet<Node id="1625"/>	<Node id="1626"/> <Node id="1627"/> <Node id="1628"/> <Node id="1629"/> <Node id="1630"/>:<Node id="1631"/> <Node id="1632"/>eng<Node id="1635"/>10205<Node id="1640"/>@<Node id="1641"/>nusvm<Node id="1646"/>.<Node id="1647"/>bitnet<Node id="1653"/> <Node id="1654"/> <Node id="1655"/> <Node id="1656"/>|<Node id="1657"/> <Node id="1658"/> <Node id="1659"/> <Node id="1660"/> <Node id="1661"/> <Node id="1662"/> <Node id="1663"/> <Node id="1664"/> <Node id="1665"/> <Node id="1666"/> <Node id="1667"/> <Node id="1668"/> <Node id="1669"/> <Node id="1670"/> <Node id="1671"/> <Node id="1672"/> <Node id="1673"/> <Node id="1674"/> <Node id="1675"/> <Node id="1676"/> <Node id="1677"/> <Node id="1678"/> <Node id="1679"/> <Node id="1680"/> <Node id="1681"/> <Node id="1682"/> <Node id="1683"/> <Node id="1684"/> <Node id="1685"/> <Node id="1686"/> <Node id="1687"/> <Node id="1688"/>*<Node id="1689"/>
<Node id="1690"/>*<Node id="1691"/>*<Node id="1692"/>*<Node id="1693"/>*<Node id="1694"/>*<Node id="1695"/>*<Node id="1696"/>*<Node id="1697"/>*<Node id="1698"/>*<Node id="1699"/>*<Node id="1700"/>*<Node id="1701"/>*<Node id="1702"/>*<Node id="1703"/>*<Node id="1704"/>*<Node id="1705"/>*<Node id="1706"/>*<Node id="1707"/>*<Node id="1708"/>*<Node id="1709"/>*<Node id="1710"/>*<Node id="1711"/>*<Node id="1712"/>*<Node id="1713"/>*<Node id="1714"/>*<Node id="1715"/>*<Node id="1716"/>*<Node id="1717"/>*<Node id="1718"/>*<Node id="1719"/>*<Node id="1720"/>*<Node id="1721"/>*<Node id="1722"/>*<Node id="1723"/>*<Node id="1724"/>*<Node id="1725"/>*<Node id="1726"/>*<Node id="1727"/>*<Node id="1728"/>*<Node id="1729"/>*<Node id="1730"/>*<Node id="1731"/>*<Node id="1732"/>*<Node id="1733"/>*<Node id="1734"/>*<Node id="1735"/>*<Node id="1736"/>*<Node id="1737"/>*<Node id="1738"/>*<Node id="1739"/>*<Node id="1740"/>*<Node id="1741"/>*<Node id="1742"/>*<Node id="1743"/>*<Node id="1744"/>*<Node id="1745"/>*<Node id="1746"/>*<Node id="1747"/>*<Node id="1748"/>*<Node id="1749"/>*<Node id="1750"/>*<Node id="1751"/>*<Node id="1752"/>*<Node id="1753"/>*<Node id="1754"/>*<Node id="1755"/>*<Node id="1756"/>*<Node id="1757"/>*<Node id="1758"/>*<Node id="1759"/>*<Node id="1760"/>*<Node id="1761"/> <Node id="1762"/>
<Node id="1763"/></TextWithNodes>
<!-- The default annotation set -->

<AnnotationSet>
<Annotation EndNode="1763" StartNode="0" Type="Mention" Id="9999999">
<Feature>
<Name classname="java.lang.String">Class</Name>
<Value classname="java.lang.String">0</Value>
</Feature>
</Annotation>

<Annotation Id="6" Type="Token" StartNode="15" EndNode="22">
<Feature>
  <Name className="java.lang.String">string</Name>
  <Value className="java.lang.String">nusunix</Value>
</Feature>
</Annotation>
<Annotation Id="21" Type="Token" StartNode="47" EndNode="55">
<Feature>
  <Name className="java.lang.String">string</Name>
  <Value className="java.lang.String">Message-</Value>
</Feature>
</Annotation>
<Annotation Id="42" Type="Token" StartNode="93" EndNode="100">
<Feature>
  <Name className="java.lang.String">string</Name>
  <Value className="java.lang.String">rutgers</Value>
</Feature>
</Annotation>
<Annotation Id="71" Type="Token" StartNode="157" EndNode="164">
<Feature>
  <Name className="java.lang.String">string</Name>
  <Value className="java.lang.String">rutgers</Value>
</Feature>
</Annotation>
<Annotation Id="64" Type="Token" StartNode="135" EndNode="141">
<Feature>
  <Name className="java.lang.String">string</Name>
  <Value className="java.lang.String">Sender</Value>
</Feature>
</Annotation>
<Annotation Id="67" Type="Token" StartNode="143" EndNode="150">
<Feature>
  <Name className="java.lang.String">string</Name>
  <Value className="java.lang.String">hedrick</Value>
</Feature>
</Annotation>
<Annotation Id="78" Type="Token" StartNode="183" EndNode="191">
<Feature>
  <Name className="java.lang.String">string</Name>
  <Value className="java.lang.String">National</Value>
</Feature>
</Annotation>
<Annotation Id="75" Type="Token" StartNode="169" EndNode="181">
<Feature>
  <Name className="java.lang.String">string</Name>
  <Value className="java.lang.String">Organization</Value>
</Feature>
</Annotation>
<Annotation Id="84" Type="Token" StartNode="206" EndNode="215">
<Feature>
  <Name className="java.lang.String">string</Name>
  <Value className="java.lang.String">Singapore</Value>
</Feature>
</Annotation>
<Annotation Id="80" Type="Token" StartNode="192" EndNode="202">
<Feature>
  <Name className="java.lang.String">string</Name>
  <Value className="java.lang.String">University</Value>
</Feature>
</Annotation>
<Annotation Id="94" Type="Token" StartNode="236" EndNode="245">
<Feature>
  <Name className="java.lang.String">string</Name>
  <Value className="java.lang.String">christian</Value>
</Feature>
</Annotation>
<Annotation Id="91" Type="Token" StartNode="226" EndNode="234">
<Feature>
  <Name className="java.lang.String">string</Name>
  <Value className="java.lang.String">Approved</Value>
</Feature>
</Annotation>
<Annotation Id="98" Type="Token" StartNode="253" EndNode="260">
<Feature>
  <Name className="java.lang.String">string</Name>
  <Value className="java.lang.String">rutgers</Value>
</Feature>
</Annotation>
<Annotation Id="96" Type="Token" StartNode="246" EndNode="252">
<Feature>
  <Name className="java.lang.String">string</Name>
  <Value className="java.lang.String">aramis</Value>
</Feature>
</Annotation>
<Annotation Id="114" Type="Token" StartNode="287" EndNode="293">
<Feature>
  <Name className="java.lang.String">string</Name>
  <Value className="java.lang.String">embark</Value>
</Feature>
</Annotation>
<Annotation Id="137" Type="Token" StartNode="340" EndNode="348">
<Feature>
  <Name className="java.lang.String">string</Name>
  <Value className="java.lang.String">software</Value>
</Feature>
</Annotation>
<Annotation Id="133" Type="Token" StartNode="327" EndNode="333">
<Feature>
  <Name className="java.lang.String">string</Name>
  <Value className="java.lang.String">online</Value>
</Feature>
</Annotation>
<Annotation Id="158" Type="Token" StartNode="387" EndNode="397">
<Feature>
  <Name className="java.lang.String">string</Name>
  <Value className="java.lang.String">background</Value>
</Feature>
</Annotation>
<Annotation Id="170" Type="Token" StartNode="420" EndNode="427">
<Feature>
  <Name className="java.lang.String">string</Name>
  <Value className="java.lang.String">various</Value>
</Feature>
</Annotation>
<Annotation Id="174" Type="Token" StartNode="435" EndNode="443">
<Feature>
  <Name className="java.lang.String">string</Name>
  <Value className="java.lang.String">articles</Value>
</Feature>
</Annotation>
<Annotation Id="172" Type="Token" StartNode="428" EndNode="434">
<Feature>
  <Name className="java.lang.String">string</Name>
  <Value className="java.lang.String">topics</Value>
</Feature>
</Annotation>
<Annotation Id="164" Type="Token" StartNode="405" EndNode="412">
<Feature>
  <Name className="java.lang.String">string</Name>
  <Value className="java.lang.String">authors</Value>
</Feature>
</Annotation>
<Annotation Id="188" Type="Token" StartNode="472" EndNode="478">
<Feature>
  <Name className="java.lang.String">string</Name>
  <Value className="java.lang.String">People</Value>
</Feature>
</Annotation>
<Annotation Id="182" Type="Token" StartNode="458" EndNode="464">
<Feature>
  <Name className="java.lang.String">string</Name>
  <Value className="java.lang.String">author</Value>
</Feature>
</Annotation>
<Annotation Id="207" Type="Token" StartNode="515" EndNode="523">
<Feature>
  <Name className="java.lang.String">string</Name>
  <Value className="java.lang.String">realible</Value>
</Feature>
</Annotation>
<Annotation Id="194" Type="Token" StartNode="485" EndNode="494">
<Feature>
  <Name className="java.lang.String">string</Name>
  <Value className="java.lang.String">Testament</Value>
</Feature>
</Annotation>
<Annotation Id="223" Type="Token" StartNode="560" EndNode="568">
<Feature>
  <Name className="java.lang.String">string</Name>
  <Value className="java.lang.String">software</Value>
</Feature>
</Annotation>
<Annotation Id="219" Type="Token" StartNode="547" EndNode="553">
<Feature>
  <Name className="java.lang.String">string</Name>
  <Value className="java.lang.String">Online</Value>
</Feature>
</Annotation>
<Annotation Id="213" Type="Token" StartNode="531" EndNode="539">
<Feature>
  <Name className="java.lang.String">string</Name>
  <Value className="java.lang.String">articles</Value>
</Feature>
</Annotation>
<Annotation Id="233" Type="Token" StartNode="593" EndNode="604">
<Feature>
  <Name className="java.lang.String">string</Name>
  <Value className="java.lang.String">convenience</Value>
</Feature>
</Annotation>
<Annotation Id="226" Type="Token" StartNode="570" EndNode="582">
<Feature>
  <Name className="java.lang.String">string</Name>
  <Value className="java.lang.String">Specifically</Value>
</Feature>
</Annotation>
<Annotation Id="287" Type="Token" StartNode="705" EndNode="712">
<Feature>
  <Name className="java.lang.String">string</Name>
  <Value className="java.lang.String">Literal</Value>
</Feature>
</Annotation>
<Annotation Id="259" Type="Token" StartNode="646" EndNode="657">
<Feature>
  <Name className="java.lang.String">string</Name>
  <Value className="java.lang.String">Translation</Value>
</Feature>
</Annotation>
<Annotation Id="312" Type="Token" StartNode="763" EndNode="775">
<Feature>
  <Name className="java.lang.String">string</Name>
  <Value className="java.lang.String">realiability</Value>
</Feature>
</Annotation>
<Annotation Id="318" Type="Token" StartNode="783" EndNode="789">
<Feature>
  <Name className="java.lang.String">string</Name>
  <Value className="java.lang.String">Hebrew</Value>
</Feature>
</Annotation>
<Annotation Id="289" Type="Token" StartNode="713" EndNode="724">
<Feature>
  <Name className="java.lang.String">string</Name>
  <Value className="java.lang.String">Translation</Value>
</Feature>
</Annotation>
<Annotation Id="338" Type="Token" StartNode="833" EndNode="845">
<Feature>
  <Name className="java.lang.String">string</Name>
  <Value className="java.lang.String">denomination</Value>
</Feature>
</Annotation>
<Annotation Id="347" Type="Token" StartNode="858" EndNode="866">
<Feature>
  <Name className="java.lang.String">string</Name>
  <Value className="java.lang.String">articles</Value>
</Feature>
</Annotation>
<Annotation Id="322" Type="Token" StartNode="796" EndNode="803">
<Feature>
  <Name className="java.lang.String">string</Name>
  <Value className="java.lang.String">Lexicon</Value>
</Feature>
</Annotation>
<Annotation Id="331" Type="Token" StartNode="813" EndNode="820">
<Feature>
  <Name className="java.lang.String">string</Name>
  <Value className="java.lang.String">authors</Value>
</Feature>
</Annotation>
<Annotation Id="375" Type="Token" StartNode="931" EndNode="940">
<Feature>
  <Name className="java.lang.String">string</Name>
  <Value className="java.lang.String">Scripture</Value>
</Feature>
</Annotation>
<Annotation Id="371" Type="Token" StartNode="919" EndNode="927">
<Feature>
  <Name className="java.lang.String">string</Name>
  <Value className="java.lang.String">Treasury</Value>
</Feature>
</Annotation>
<Annotation Id="377" Type="Token" StartNode="941" EndNode="949">
<Feature>
  <Name className="java.lang.String">string</Name>
  <Value className="java.lang.String">Knowlege</Value>
</Feature>
</Annotation>
<Annotation Id="353" Type="Token" StartNode="874" EndNode="880">
<Feature>
  <Name className="java.lang.String">string</Name>
  <Value className="java.lang.String">TOPICS</Value>
</Feature>
</Annotation>
<Annotation Id="355" Type="Token" StartNode="881" EndNode="888">
<Feature>
  <Name className="java.lang.String">string</Name>
  <Value className="java.lang.String">modules</Value>
</Feature>
</Annotation>
<Annotation Id="365" Type="Token" StartNode="899" EndNode="911">
<Feature>
  <Name className="java.lang.String">string</Name>
  <Value className="java.lang.String">realiability</Value>
</Feature>
</Annotation>
<Annotation Id="411" Type="Token" StartNode="1014" EndNode="1022">
<Feature>
  <Name className="java.lang.String">string</Name>
  <Value className="java.lang.String">Scofield</Value>
</Feature>
</Annotation>
<Annotation Id="408" Type="Token" StartNode="1000" EndNode="1012">
<Feature>
  <Name className="java.lang.String">string</Name>
  <Value className="java.lang.String">commentators</Value>
</Feature>
</Annotation>
<Annotation Id="444" Type="Token" StartNode="1100" EndNode="1109">
<Feature>
  <Name className="java.lang.String">string</Name>
  <Value className="java.lang.String">Testament</Value>
</Feature>
</Annotation>
<Annotation Id="446" Type="Token" StartNode="1110" EndNode="1122">
<Feature>
  <Name className="java.lang.String">string</Name>
  <Value className="java.lang.String">respectively</Value>
</Feature>
</Annotation>
<Annotation Id="438" Type="Token" StartNode="1087" EndNode="1093">
<Feature>
  <Name className="java.lang.String">string</Name>
  <Value className="java.lang.String">People</Value>
</Feature>
</Annotation>
<Annotation Id="428" Type="Token" StartNode="1054" EndNode="1062">
<Feature>
  <Name className="java.lang.String">string</Name>
  <Value className="java.lang.String">Scofield</Value>
</Feature>
</Annotation>
<Annotation Id="430" Type="Token" StartNode="1063" EndNode="1072">
<Feature>
  <Name className="java.lang.String">string</Name>
  <Value className="java.lang.String">Reference</Value>
</Feature>
</Annotation>
<Annotation Id="420" Type="Token" StartNode="1032" EndNode="1039">
<Feature>
  <Name className="java.lang.String">string</Name>
  <Value className="java.lang.String">Johnson</Value>
</Feature>
</Annotation>
<Annotation Id="464" Type="Token" StartNode="1160" EndNode="1167">
<Feature>
  <Name className="java.lang.String">string</Name>
  <Value className="java.lang.String">numbers</Value>
</Feature>
</Annotation>
<Annotation Id="462" Type="Token" StartNode="1153" EndNode="1159">
<Feature>
  <Name className="java.lang.String">string</Name>
  <Value className="java.lang.String">Strong</Value>
</Feature>
</Annotation>
<Annotation Id="456" Type="Token" StartNode="1133" EndNode="1145">
<Feature>
  <Name className="java.lang.String">string</Name>
  <Value className="java.lang.String">realiability</Value>
</Feature>
</Annotation>
<Annotation Id="508" Type="Token" StartNode="1257" EndNode="1263">
<Feature>
  <Name className="java.lang.String">string</Name>
  <Value className="java.lang.String">please</Value>
</Feature>
</Annotation>
<Annotation Id="511" Type="Token" StartNode="1265" EndNode="1272">
<Feature>
  <Name className="java.lang.String">string</Name>
  <Value className="java.lang.String">qualify</Value>
</Feature>
</Annotation>
<Annotation Id="480" Type="Token" StartNode="1194" EndNode="1201">
<Feature>
  <Name className="java.lang.String">string</Name>
  <Value className="java.lang.String">receive</Value>
</Feature>
</Annotation>
<Annotation Id="571" Type="Token" StartNode="1385" EndNode="1392">
<Feature>
  <Name className="java.lang.String">string</Name>
  <Value className="java.lang.String">Wilfred</Value>
</Feature>
</Annotation>
<Annotation Id="514" Type="Token" StartNode="1274" EndNode="1282">
<Feature>
  <Name className="java.lang.String">string</Name>
  <Value className="java.lang.String">yourself</Value>
</Feature>
</Annotation>
<Annotation Id="534" Type="Token" StartNode="1316" EndNode="1325">
<Feature>
  <Name className="java.lang.String">string</Name>
  <Value className="java.lang.String">receiving</Value>
</Feature>
</Annotation>
<Annotation Id="542" Type="Token" StartNode="1338" EndNode="1344">
<Feature>
  <Name className="java.lang.String">string</Name>
  <Value className="java.lang.String">letter</Value>
</Feature>
</Annotation>
<Annotation Id="539" Type="Token" StartNode="1329" EndNode="1336">
<Feature>
  <Name className="java.lang.String">string</Name>
  <Value className="java.lang.String">rubbish</Value>
</Feature>
</Annotation>
<Annotation Id="687" Type="Token" StartNode="1547" EndNode="1555">
<Feature>
  <Name className="java.lang.String">string</Name>
  <Value className="java.lang.String">Internet</Value>
</Feature>
</Annotation>
<Annotation Id="676" Type="Token" StartNode="1523" EndNode="1533">
<Feature>
  <Name className="java.lang.String">string</Name>
  <Value className="java.lang.String">University</Value>
</Feature>
</Annotation>
<Annotation Id="674" Type="Token" StartNode="1514" EndNode="1522">
<Feature>
  <Name className="java.lang.String">string</Name>
  <Value className="java.lang.String">National</Value>
</Feature>
</Annotation>
<Annotation Id="696" Type="Token" StartNode="1569" EndNode="1576">
<Feature>
  <Name className="java.lang.String">string</Name>
  <Value className="java.lang.String">nusunix</Value>
</Feature>
</Annotation>
<Annotation Id="662" Type="Token" StartNode="1488" EndNode="1495">
<Feature>
  <Name className="java.lang.String">string</Name>
  <Value className="java.lang.String">Wilfred</Value>
</Feature>
</Annotation>
<Annotation Id="718" Type="Token" StartNode="1619" EndNode="1625">
<Feature>
  <Name className="java.lang.String">string</Name>
  <Value className="java.lang.String">Bitnet</Value>
</Feature>
</Annotation>
<Annotation Id="704" Type="Token" StartNode="1586" EndNode="1596">
<Feature>
  <Name className="java.lang.String">string</Name>
  <Value className="java.lang.String">Electrical</Value>
</Feature>
</Annotation>
<Annotation Id="706" Type="Token" StartNode="1597" EndNode="1608">
<Feature>
  <Name className="java.lang.String">string</Name>
  <Value className="java.lang.String">Engineering</Value>
</Feature>
</Annotation>
<Annotation Id="731" Type="Token" StartNode="1647" EndNode="1653">
<Feature>
  <Name className="java.lang.String">string</Name>
  <Value className="java.lang.String">bitnet</Value>
</Feature>
</Annotation>
</AnnotationSet>
<AnnotationSet Name="Original markups"> </AnnotationSet>
</GateDocument>