<?xml version='1.0' encoding='UTF-8'?>
<GateDocument version="3">
<!-- The document's features-->

<GateDocumentFeatures>
<Feature>
  <Name className="java.lang.String">Original_document_content_on_load</Name>
  <Value className="java.lang.String">From: rsteele@adam.ll.mit.edu (Rob Steele)
Message-ID: &lt;Apr.16.23.18.04.1993.1876@geneva.rutgers.edu>
Date: 17 Apr 93 03:18:04 GMT
Sender: hedrick@geneva.rutgers.edu
Reply-To: rob@ll.mit.edu
Organization: MIT Lincoln Laboratory
Lines: 15
Approved: christian@aramis.rutgers.edu

I think it was Lewis who said that in a wedding, it's the principals  
that marry each other; the church and the state are present merely as  
witnesses.

------------------------------------------------------------
Rob Steele                 In coming to understand anything 
MIT Lincoln Laboratory    we are rejecting the facts as they
244 Wood St., M-203       are for us in favour of the facts
Lexington, MA  02173      as they are.    
617/981-2575                              C.S. Lewis

[This is not just Lewis -- it's a summary of standard Catholic
theology.  However this doesn't mean that the presence of those
witnesses is optional, except in odd situations like the standard
desert island.  --clh]
</Value>
</Feature>
<Feature>
  <Name className="java.lang.String">gate.SourceURL</Name>
  <Value className="java.lang.String">file:/C:/Users/jian/Documents/NetBeansProjects/NoiseReductionTechniques/mideastPoliticsMix/negative249</Value>
</Feature>
</GateDocumentFeatures>
<!-- The document content area with serialized nodes -->

<TextWithNodes><Node id="0"/>From<Node id="4"/>:<Node id="5"/> <Node id="6"/>rsteele<Node id="13"/>@<Node id="14"/>adam<Node id="18"/>.<Node id="19"/>ll<Node id="21"/>.<Node id="22"/>mit<Node id="25"/>.<Node id="26"/>edu<Node id="29"/> <Node id="30"/>(<Node id="31"/>Rob<Node id="34"/> <Node id="35"/>Steele<Node id="41"/>)<Node id="42"/>
<Node id="43"/>Message-<Node id="51"/>ID<Node id="53"/>:<Node id="54"/> <Node id="55"/>&lt;<Node id="56"/>Apr<Node id="59"/>.<Node id="60"/>16<Node id="62"/>.<Node id="63"/>23<Node id="65"/>.<Node id="66"/>18<Node id="68"/>.<Node id="69"/>04<Node id="71"/>.<Node id="72"/>1993<Node id="76"/>.<Node id="77"/>1876<Node id="81"/>@<Node id="82"/>geneva<Node id="88"/>.<Node id="89"/>rutgers<Node id="96"/>.<Node id="97"/>edu<Node id="100"/>&gt;<Node id="101"/>
<Node id="102"/>Date<Node id="106"/>:<Node id="107"/> <Node id="108"/>17<Node id="110"/> <Node id="111"/>Apr<Node id="114"/> <Node id="115"/>93<Node id="117"/> <Node id="118"/>03<Node id="120"/>:<Node id="121"/>18<Node id="123"/>:<Node id="124"/>04<Node id="126"/> <Node id="127"/>GMT<Node id="130"/>
<Node id="131"/>Sender<Node id="137"/>:<Node id="138"/> <Node id="139"/>hedrick<Node id="146"/>@<Node id="147"/>geneva<Node id="153"/>.<Node id="154"/>rutgers<Node id="161"/>.<Node id="162"/>edu<Node id="165"/>
<Node id="166"/>Reply-<Node id="172"/>To<Node id="174"/>:<Node id="175"/> <Node id="176"/>rob<Node id="179"/>@<Node id="180"/>ll<Node id="182"/>.<Node id="183"/>mit<Node id="186"/>.<Node id="187"/>edu<Node id="190"/>
<Node id="191"/>Organization<Node id="203"/>:<Node id="204"/> <Node id="205"/>MIT<Node id="208"/> <Node id="209"/>Lincoln<Node id="216"/> <Node id="217"/>Laboratory<Node id="227"/>
<Node id="228"/>Lines<Node id="233"/>:<Node id="234"/> <Node id="235"/>15<Node id="237"/>
<Node id="238"/>Approved<Node id="246"/>:<Node id="247"/> <Node id="248"/>christian<Node id="257"/>@<Node id="258"/>aramis<Node id="264"/>.<Node id="265"/>rutgers<Node id="272"/>.<Node id="273"/>edu<Node id="276"/>
<Node id="277"/>
<Node id="278"/>I<Node id="279"/> <Node id="280"/>think<Node id="285"/> <Node id="286"/>it<Node id="288"/> <Node id="289"/>was<Node id="292"/> <Node id="293"/>Lewis<Node id="298"/> <Node id="299"/>who<Node id="302"/> <Node id="303"/>said<Node id="307"/> <Node id="308"/>that<Node id="312"/> <Node id="313"/>in<Node id="315"/> <Node id="316"/>a<Node id="317"/> <Node id="318"/>wedding<Node id="325"/>,<Node id="326"/> <Node id="327"/>it<Node id="329"/>'s<Node id="331"/> <Node id="332"/>the<Node id="335"/> <Node id="336"/>principals<Node id="346"/> <Node id="347"/> <Node id="348"/>
<Node id="349"/>that<Node id="353"/> <Node id="354"/>marry<Node id="359"/> <Node id="360"/>each<Node id="364"/> <Node id="365"/>other<Node id="370"/>;<Node id="371"/> <Node id="372"/>the<Node id="375"/> <Node id="376"/>church<Node id="382"/> <Node id="383"/>and<Node id="386"/> <Node id="387"/>the<Node id="390"/> <Node id="391"/>state<Node id="396"/> <Node id="397"/>are<Node id="400"/> <Node id="401"/>present<Node id="408"/> <Node id="409"/>merely<Node id="415"/> <Node id="416"/>as<Node id="418"/> <Node id="419"/> <Node id="420"/>
<Node id="421"/>witnesses<Node id="430"/>.<Node id="431"/>
<Node id="432"/>
<Node id="433"/>-<Node id="434"/>-<Node id="435"/>-<Node id="436"/>-<Node id="437"/>-<Node id="438"/>-<Node id="439"/>-<Node id="440"/>-<Node id="441"/>-<Node id="442"/>-<Node id="443"/>-<Node id="444"/>-<Node id="445"/>-<Node id="446"/>-<Node id="447"/>-<Node id="448"/>-<Node id="449"/>-<Node id="450"/>-<Node id="451"/>-<Node id="452"/>-<Node id="453"/>-<Node id="454"/>-<Node id="455"/>-<Node id="456"/>-<Node id="457"/>-<Node id="458"/>-<Node id="459"/>-<Node id="460"/>-<Node id="461"/>-<Node id="462"/>-<Node id="463"/>-<Node id="464"/>-<Node id="465"/>-<Node id="466"/>-<Node id="467"/>-<Node id="468"/>-<Node id="469"/>-<Node id="470"/>-<Node id="471"/>-<Node id="472"/>-<Node id="473"/>-<Node id="474"/>-<Node id="475"/>-<Node id="476"/>-<Node id="477"/>-<Node id="478"/>-<Node id="479"/>-<Node id="480"/>-<Node id="481"/>-<Node id="482"/>-<Node id="483"/>-<Node id="484"/>-<Node id="485"/>-<Node id="486"/>-<Node id="487"/>-<Node id="488"/>-<Node id="489"/>-<Node id="490"/>-<Node id="491"/>-<Node id="492"/>-<Node id="493"/>
<Node id="494"/>Rob<Node id="497"/> <Node id="498"/>Steele<Node id="504"/> <Node id="505"/> <Node id="506"/> <Node id="507"/> <Node id="508"/> <Node id="509"/> <Node id="510"/> <Node id="511"/> <Node id="512"/> <Node id="513"/> <Node id="514"/> <Node id="515"/> <Node id="516"/> <Node id="517"/> <Node id="518"/> <Node id="519"/> <Node id="520"/> <Node id="521"/>In<Node id="523"/> <Node id="524"/>coming<Node id="530"/> <Node id="531"/>to<Node id="533"/> <Node id="534"/>understand<Node id="544"/> <Node id="545"/>anything<Node id="553"/> <Node id="554"/>
<Node id="555"/>MIT<Node id="558"/> <Node id="559"/>Lincoln<Node id="566"/> <Node id="567"/>Laboratory<Node id="577"/> <Node id="578"/> <Node id="579"/> <Node id="580"/> <Node id="581"/>we<Node id="583"/> <Node id="584"/>are<Node id="587"/> <Node id="588"/>rejecting<Node id="597"/> <Node id="598"/>the<Node id="601"/> <Node id="602"/>facts<Node id="607"/> <Node id="608"/>as<Node id="610"/> <Node id="611"/>they<Node id="615"/>
<Node id="616"/>244<Node id="619"/> <Node id="620"/>Wood<Node id="624"/> <Node id="625"/>St<Node id="627"/>.<Node id="628"/>,<Node id="629"/> <Node id="630"/>M-<Node id="632"/>203<Node id="635"/> <Node id="636"/> <Node id="637"/> <Node id="638"/> <Node id="639"/> <Node id="640"/> <Node id="641"/> <Node id="642"/>are<Node id="645"/> <Node id="646"/>for<Node id="649"/> <Node id="650"/>us<Node id="652"/> <Node id="653"/>in<Node id="655"/> <Node id="656"/>favour<Node id="662"/> <Node id="663"/>of<Node id="665"/> <Node id="666"/>the<Node id="669"/> <Node id="670"/>facts<Node id="675"/>
<Node id="676"/>Lexington<Node id="685"/>,<Node id="686"/> <Node id="687"/>MA<Node id="689"/> <Node id="690"/> <Node id="691"/>02173<Node id="696"/> <Node id="697"/> <Node id="698"/> <Node id="699"/> <Node id="700"/> <Node id="701"/> <Node id="702"/>as<Node id="704"/> <Node id="705"/>they<Node id="709"/> <Node id="710"/>are<Node id="713"/>.<Node id="714"/> <Node id="715"/> <Node id="716"/> <Node id="717"/> <Node id="718"/>
<Node id="719"/>617<Node id="722"/>/<Node id="723"/>981<Node id="726"/>-<Node id="727"/>2575<Node id="731"/> <Node id="732"/> <Node id="733"/> <Node id="734"/> <Node id="735"/> <Node id="736"/> <Node id="737"/> <Node id="738"/> <Node id="739"/> <Node id="740"/> <Node id="741"/> <Node id="742"/> <Node id="743"/> <Node id="744"/> <Node id="745"/> <Node id="746"/> <Node id="747"/> <Node id="748"/> <Node id="749"/> <Node id="750"/> <Node id="751"/> <Node id="752"/> <Node id="753"/> <Node id="754"/> <Node id="755"/> <Node id="756"/> <Node id="757"/> <Node id="758"/> <Node id="759"/> <Node id="760"/> <Node id="761"/>C<Node id="762"/>.<Node id="763"/>S<Node id="764"/>.<Node id="765"/> <Node id="766"/>Lewis<Node id="771"/>
<Node id="772"/>
<Node id="773"/>[<Node id="774"/>This<Node id="778"/> <Node id="779"/>is<Node id="781"/> <Node id="782"/>not<Node id="785"/> <Node id="786"/>just<Node id="790"/> <Node id="791"/>Lewis<Node id="796"/> <Node id="797"/>-<Node id="798"/>-<Node id="799"/> <Node id="800"/>it<Node id="802"/>'s<Node id="804"/> <Node id="805"/>a<Node id="806"/> <Node id="807"/>summary<Node id="814"/> <Node id="815"/>of<Node id="817"/> <Node id="818"/>standard<Node id="826"/> <Node id="827"/>Catholic<Node id="835"/>
<Node id="836"/>theology<Node id="844"/>.<Node id="845"/> <Node id="846"/> <Node id="847"/>However<Node id="854"/> <Node id="855"/>this<Node id="859"/> <Node id="860"/>does<Node id="864"/>n't<Node id="867"/> <Node id="868"/>mean<Node id="872"/> <Node id="873"/>that<Node id="877"/> <Node id="878"/>the<Node id="881"/> <Node id="882"/>presence<Node id="890"/> <Node id="891"/>of<Node id="893"/> <Node id="894"/>those<Node id="899"/>
<Node id="900"/>witnesses<Node id="909"/> <Node id="910"/>is<Node id="912"/> <Node id="913"/>optional<Node id="921"/>,<Node id="922"/> <Node id="923"/>except<Node id="929"/> <Node id="930"/>in<Node id="932"/> <Node id="933"/>odd<Node id="936"/> <Node id="937"/>situations<Node id="947"/> <Node id="948"/>like<Node id="952"/> <Node id="953"/>the<Node id="956"/> <Node id="957"/>standard<Node id="965"/>
<Node id="966"/>desert<Node id="972"/> <Node id="973"/>island<Node id="979"/>.<Node id="980"/> <Node id="981"/> <Node id="982"/>-<Node id="983"/>-<Node id="984"/>clh<Node id="987"/>]<Node id="988"/>
<Node id="989"/></TextWithNodes>
<!-- The default annotation set -->

<AnnotationSet>
<Annotation EndNode="989" StartNode="0" Type="Mention" Id="9999999">
<Feature>
<Name classname="java.lang.String">Class</Name>
<Value classname="java.lang.String">0</Value>
</Feature>
</Annotation>

<Annotation Id="3" Type="Token" StartNode="6" EndNode="13">
<Feature>
  <Name className="java.lang.String">string</Name>
  <Value className="java.lang.String">rsteele</Value>
</Feature>
</Annotation>
<Annotation Id="16" Type="Token" StartNode="35" EndNode="41">
<Feature>
  <Name className="java.lang.String">string</Name>
  <Value className="java.lang.String">Steele</Value>
</Feature>
</Annotation>
<Annotation Id="19" Type="Token" StartNode="43" EndNode="51">
<Feature>
  <Name className="java.lang.String">string</Name>
  <Value className="java.lang.String">Message-</Value>
</Feature>
</Annotation>
<Annotation Id="38" Type="Token" StartNode="82" EndNode="88">
<Feature>
  <Name className="java.lang.String">string</Name>
  <Value className="java.lang.String">geneva</Value>
</Feature>
</Annotation>
<Annotation Id="40" Type="Token" StartNode="89" EndNode="96">
<Feature>
  <Name className="java.lang.String">string</Name>
  <Value className="java.lang.String">rutgers</Value>
</Feature>
</Annotation>
<Annotation Id="62" Type="Token" StartNode="131" EndNode="137">
<Feature>
  <Name className="java.lang.String">string</Name>
  <Value className="java.lang.String">Sender</Value>
</Feature>
</Annotation>
<Annotation Id="69" Type="Token" StartNode="154" EndNode="161">
<Feature>
  <Name className="java.lang.String">string</Name>
  <Value className="java.lang.String">rutgers</Value>
</Feature>
</Annotation>
<Annotation Id="65" Type="Token" StartNode="139" EndNode="146">
<Feature>
  <Name className="java.lang.String">string</Name>
  <Value className="java.lang.String">hedrick</Value>
</Feature>
</Annotation>
<Annotation Id="67" Type="Token" StartNode="147" EndNode="153">
<Feature>
  <Name className="java.lang.String">string</Name>
  <Value className="java.lang.String">geneva</Value>
</Feature>
</Annotation>
<Annotation Id="73" Type="Token" StartNode="166" EndNode="172">
<Feature>
  <Name className="java.lang.String">string</Name>
  <Value className="java.lang.String">Reply-</Value>
</Feature>
</Annotation>
<Annotation Id="85" Type="Token" StartNode="191" EndNode="203">
<Feature>
  <Name className="java.lang.String">string</Name>
  <Value className="java.lang.String">Organization</Value>
</Feature>
</Annotation>
<Annotation Id="92" Type="Token" StartNode="217" EndNode="227">
<Feature>
  <Name className="java.lang.String">string</Name>
  <Value className="java.lang.String">Laboratory</Value>
</Feature>
</Annotation>
<Annotation Id="90" Type="Token" StartNode="209" EndNode="216">
<Feature>
  <Name className="java.lang.String">string</Name>
  <Value className="java.lang.String">Lincoln</Value>
</Feature>
</Annotation>
<Annotation Id="102" Type="Token" StartNode="248" EndNode="257">
<Feature>
  <Name className="java.lang.String">string</Name>
  <Value className="java.lang.String">christian</Value>
</Feature>
</Annotation>
<Annotation Id="99" Type="Token" StartNode="238" EndNode="246">
<Feature>
  <Name className="java.lang.String">string</Name>
  <Value className="java.lang.String">Approved</Value>
</Feature>
</Annotation>
<Annotation Id="106" Type="Token" StartNode="265" EndNode="272">
<Feature>
  <Name className="java.lang.String">string</Name>
  <Value className="java.lang.String">rutgers</Value>
</Feature>
</Annotation>
<Annotation Id="104" Type="Token" StartNode="258" EndNode="264">
<Feature>
  <Name className="java.lang.String">string</Name>
  <Value className="java.lang.String">aramis</Value>
</Feature>
</Annotation>
<Annotation Id="140" Type="Token" StartNode="336" EndNode="346">
<Feature>
  <Name className="java.lang.String">string</Name>
  <Value className="java.lang.String">principals</Value>
</Feature>
</Annotation>
<Annotation Id="131" Type="Token" StartNode="318" EndNode="325">
<Feature>
  <Name className="java.lang.String">string</Name>
  <Value className="java.lang.String">wedding</Value>
</Feature>
</Annotation>
<Annotation Id="155" Type="Token" StartNode="376" EndNode="382">
<Feature>
  <Name className="java.lang.String">string</Name>
  <Value className="java.lang.String">church</Value>
</Feature>
</Annotation>
<Annotation Id="173" Type="Token" StartNode="421" EndNode="430">
<Feature>
  <Name className="java.lang.String">string</Name>
  <Value className="java.lang.String">witnesses</Value>
</Feature>
</Annotation>
<Annotation Id="167" Type="Token" StartNode="409" EndNode="415">
<Feature>
  <Name className="java.lang.String">string</Name>
  <Value className="java.lang.String">merely</Value>
</Feature>
</Annotation>
<Annotation Id="165" Type="Token" StartNode="401" EndNode="408">
<Feature>
  <Name className="java.lang.String">string</Name>
  <Value className="java.lang.String">present</Value>
</Feature>
</Annotation>
<Annotation Id="240" Type="Token" StartNode="498" EndNode="504">
<Feature>
  <Name className="java.lang.String">string</Name>
  <Value className="java.lang.String">Steele</Value>
</Feature>
</Annotation>
<Annotation Id="273" Type="Token" StartNode="567" EndNode="577">
<Feature>
  <Name className="java.lang.String">string</Name>
  <Value className="java.lang.String">Laboratory</Value>
</Feature>
</Annotation>
<Annotation Id="282" Type="Token" StartNode="588" EndNode="597">
<Feature>
  <Name className="java.lang.String">string</Name>
  <Value className="java.lang.String">rejecting</Value>
</Feature>
</Annotation>
<Annotation Id="260" Type="Token" StartNode="524" EndNode="530">
<Feature>
  <Name className="java.lang.String">string</Name>
  <Value className="java.lang.String">coming</Value>
</Feature>
</Annotation>
<Annotation Id="266" Type="Token" StartNode="545" EndNode="553">
<Feature>
  <Name className="java.lang.String">string</Name>
  <Value className="java.lang.String">anything</Value>
</Feature>
</Annotation>
<Annotation Id="264" Type="Token" StartNode="534" EndNode="544">
<Feature>
  <Name className="java.lang.String">string</Name>
  <Value className="java.lang.String">understand</Value>
</Feature>
</Annotation>
<Annotation Id="271" Type="Token" StartNode="559" EndNode="566">
<Feature>
  <Name className="java.lang.String">string</Name>
  <Value className="java.lang.String">Lincoln</Value>
</Feature>
</Annotation>
<Annotation Id="317" Type="Token" StartNode="656" EndNode="662">
<Feature>
  <Name className="java.lang.String">string</Name>
  <Value className="java.lang.String">favour</Value>
</Feature>
</Annotation>
<Annotation Id="325" Type="Token" StartNode="676" EndNode="685">
<Feature>
  <Name className="java.lang.String">string</Name>
  <Value className="java.lang.String">Lexington</Value>
</Feature>
</Annotation>
<Annotation Id="412" Type="Token" StartNode="807" EndNode="814">
<Feature>
  <Name className="java.lang.String">string</Name>
  <Value className="java.lang.String">summary</Value>
</Feature>
</Annotation>
<Annotation Id="444" Type="Token" StartNode="900" EndNode="909">
<Feature>
  <Name className="java.lang.String">string</Name>
  <Value className="java.lang.String">witnesses</Value>
</Feature>
</Annotation>
<Annotation Id="438" Type="Token" StartNode="882" EndNode="890">
<Feature>
  <Name className="java.lang.String">string</Name>
  <Value className="java.lang.String">presence</Value>
</Feature>
</Annotation>
<Annotation Id="424" Type="Token" StartNode="847" EndNode="854">
<Feature>
  <Name className="java.lang.String">string</Name>
  <Value className="java.lang.String">However</Value>
</Feature>
</Annotation>
<Annotation Id="416" Type="Token" StartNode="818" EndNode="826">
<Feature>
  <Name className="java.lang.String">string</Name>
  <Value className="java.lang.String">standard</Value>
</Feature>
</Annotation>
<Annotation Id="418" Type="Token" StartNode="827" EndNode="835">
<Feature>
  <Name className="java.lang.String">string</Name>
  <Value className="java.lang.String">Catholic</Value>
</Feature>
</Annotation>
<Annotation Id="420" Type="Token" StartNode="836" EndNode="844">
<Feature>
  <Name className="java.lang.String">string</Name>
  <Value className="java.lang.String">theology</Value>
</Feature>
</Annotation>
<Annotation Id="467" Type="Token" StartNode="973" EndNode="979">
<Feature>
  <Name className="java.lang.String">string</Name>
  <Value className="java.lang.String">island</Value>
</Feature>
</Annotation>
<Annotation Id="465" Type="Token" StartNode="966" EndNode="972">
<Feature>
  <Name className="java.lang.String">string</Name>
  <Value className="java.lang.String">desert</Value>
</Feature>
</Annotation>
<Annotation Id="463" Type="Token" StartNode="957" EndNode="965">
<Feature>
  <Name className="java.lang.String">string</Name>
  <Value className="java.lang.String">standard</Value>
</Feature>
</Annotation>
<Annotation Id="457" Type="Token" StartNode="937" EndNode="947">
<Feature>
  <Name className="java.lang.String">string</Name>
  <Value className="java.lang.String">situations</Value>
</Feature>
</Annotation>
<Annotation Id="451" Type="Token" StartNode="923" EndNode="929">
<Feature>
  <Name className="java.lang.String">string</Name>
  <Value className="java.lang.String">except</Value>
</Feature>
</Annotation>
<Annotation Id="448" Type="Token" StartNode="913" EndNode="921">
<Feature>
  <Name className="java.lang.String">string</Name>
  <Value className="java.lang.String">optional</Value>
</Feature>
</Annotation>
</AnnotationSet>
<AnnotationSet Name="Original markups"> </AnnotationSet>
</GateDocument>