<?xml version='1.0' encoding='UTF-8'?>
<GateDocument version="3">
<!-- The document's features-->

<GateDocumentFeatures>
<Feature>
  <Name className="java.lang.String">Original_document_content_on_load</Name>
  <Value className="java.lang.String"><![CDATA[From: jlinder@magnus.acs.ohio-state.edu (Jeffrey S Linder)
Message-ID: <1993Apr20.152331.2790@magnus.acs.ohio-state.edu>
Sender: news@magnus.acs.ohio-state.edu
Nntp-Posting-Host: bottom.magnus.acs.ohio-state.edu
Organization: The Ohio State University
References: <1993Apr18.212521.26985@midway.uchicago.edu> <C5pEAy.M15@news.cso.u
Distribution: usa
Date: Tue, 20 Apr 1993 15:23:31 GMT
Lines: 30

In article <1993Apr19.141933.29924@nntpserver.chevron.com> jviv@usmi01.midland.
chevron.com (John Viveiros) writes:
>In article <C5pEAy.M15@news.cso.uiuc.edu> kkopp@uxh.cso.uiuc.edu (koppenhoefer
 kyle cramm) writes:
>>
>>      The entire second trial was about race, Ted.  I don't feel compelled to
>>discuss Mr. King's racial background, but had Mr. King been white there would
>>not have been a second trial.  You probably are saying that the beating would
>>not have occurred if he were white, but that is an extremely difficult call
>>to make.  It is possible the case, but not definately.
>>
>One could easily point out that the jury decided that this "extremely
>difficult call" could be made, which is why the two of the defendants
>were found guilty.  One could also make some interesting observations on
>our system of justice, where the men were not guilty of excessive force,
>but guilty enough to have violated his civil rights by use of the
>(non-existant) excessive force.
>--

It is also interesting to note that Powell (and maybe Koons) were found
guilty of aiding and abetting the deprival of King's civil rights...but,
two others who also beat King and all the others who watched were not.
Go figure?  Can you say sacraficial lambs?  Can you say appeal?

>John Viveiros     (jviv@chevron.com)
>Chevron USA        Standard disclaimer applies
>Midland TX


JSL.
]]></Value>
</Feature>
<Feature>
  <Name className="java.lang.String">gate.SourceURL</Name>
  <Value className="java.lang.String">file:/C:/Users/jian/Documents/NetBeansProjects/NoiseReductionTechniques/mideastPoliticsMix/negative1159</Value>
</Feature>
</GateDocumentFeatures>
<!-- The document content area with serialized nodes -->

<TextWithNodes><Node id="0"/>From<Node id="4"/>:<Node id="5"/> <Node id="6"/>jlinder<Node id="13"/>@<Node id="14"/>magnus<Node id="20"/>.<Node id="21"/>acs<Node id="24"/>.<Node id="25"/>ohio-state<Node id="35"/>.<Node id="36"/>edu<Node id="39"/> <Node id="40"/>(<Node id="41"/>Jeffrey<Node id="48"/> <Node id="49"/>S<Node id="50"/> <Node id="51"/>Linder<Node id="57"/>)<Node id="58"/>
<Node id="59"/>Message-<Node id="67"/>ID<Node id="69"/>:<Node id="70"/> <Node id="71"/>&lt;<Node id="72"/>1993<Node id="76"/>Apr<Node id="79"/>20<Node id="81"/>.<Node id="82"/>152331<Node id="88"/>.<Node id="89"/>2790<Node id="93"/>@<Node id="94"/>magnus<Node id="100"/>.<Node id="101"/>acs<Node id="104"/>.<Node id="105"/>ohio-state<Node id="115"/>.<Node id="116"/>edu<Node id="119"/>&gt;<Node id="120"/>
<Node id="121"/>Sender<Node id="127"/>:<Node id="128"/> <Node id="129"/>news<Node id="133"/>@<Node id="134"/>magnus<Node id="140"/>.<Node id="141"/>acs<Node id="144"/>.<Node id="145"/>ohio-state<Node id="155"/>.<Node id="156"/>edu<Node id="159"/>
<Node id="160"/>Nntp-<Node id="165"/>Posting-<Node id="173"/>Host<Node id="177"/>:<Node id="178"/> <Node id="179"/>bottom<Node id="185"/>.<Node id="186"/>magnus<Node id="192"/>.<Node id="193"/>acs<Node id="196"/>.<Node id="197"/>ohio-state<Node id="207"/>.<Node id="208"/>edu<Node id="211"/>
<Node id="212"/>Organization<Node id="224"/>:<Node id="225"/> <Node id="226"/>The<Node id="229"/> <Node id="230"/>Ohio<Node id="234"/> <Node id="235"/>State<Node id="240"/> <Node id="241"/>University<Node id="251"/>
<Node id="252"/>References<Node id="262"/>:<Node id="263"/> <Node id="264"/>&lt;<Node id="265"/>1993<Node id="269"/>Apr<Node id="272"/>18<Node id="274"/>.<Node id="275"/>212521<Node id="281"/>.<Node id="282"/>26985<Node id="287"/>@<Node id="288"/>midway<Node id="294"/>.<Node id="295"/>uchicago<Node id="303"/>.<Node id="304"/>edu<Node id="307"/>&gt;<Node id="308"/> <Node id="309"/>&lt;<Node id="310"/>C<Node id="311"/>5<Node id="312"/>pEAy<Node id="316"/>.<Node id="317"/>M<Node id="318"/>15<Node id="320"/>@<Node id="321"/>news<Node id="325"/>.<Node id="326"/>cso<Node id="329"/>.<Node id="330"/>u<Node id="331"/>
<Node id="332"/>Distribution<Node id="344"/>:<Node id="345"/> <Node id="346"/>usa<Node id="349"/>
<Node id="350"/>Date<Node id="354"/>:<Node id="355"/> <Node id="356"/>Tue<Node id="359"/>,<Node id="360"/> <Node id="361"/>20<Node id="363"/> <Node id="364"/>Apr<Node id="367"/> <Node id="368"/>1993<Node id="372"/> <Node id="373"/>15<Node id="375"/>:<Node id="376"/>23<Node id="378"/>:<Node id="379"/>31<Node id="381"/> <Node id="382"/>GMT<Node id="385"/>
<Node id="386"/>Lines<Node id="391"/>:<Node id="392"/> <Node id="393"/>30<Node id="395"/>
<Node id="396"/>
<Node id="397"/>In<Node id="399"/> <Node id="400"/>article<Node id="407"/> <Node id="408"/>&lt;<Node id="409"/>1993<Node id="413"/>Apr<Node id="416"/>19<Node id="418"/>.<Node id="419"/>141933<Node id="425"/>.<Node id="426"/>29924<Node id="431"/>@<Node id="432"/>nntpserver<Node id="442"/>.<Node id="443"/>chevron<Node id="450"/>.<Node id="451"/>com<Node id="454"/>&gt;<Node id="455"/> <Node id="456"/>jviv<Node id="460"/>@<Node id="461"/>usmi<Node id="465"/>01<Node id="467"/>.<Node id="468"/>midland<Node id="475"/>.<Node id="476"/>
<Node id="477"/>chevron<Node id="484"/>.<Node id="485"/>com<Node id="488"/> <Node id="489"/>(<Node id="490"/>John<Node id="494"/> <Node id="495"/>Viveiros<Node id="503"/>)<Node id="504"/> <Node id="505"/>writes<Node id="511"/>:<Node id="512"/>
<Node id="513"/>&gt;<Node id="514"/>In<Node id="516"/> <Node id="517"/>article<Node id="524"/> <Node id="525"/>&lt;<Node id="526"/>C<Node id="527"/>5<Node id="528"/>pEAy<Node id="532"/>.<Node id="533"/>M<Node id="534"/>15<Node id="536"/>@<Node id="537"/>news<Node id="541"/>.<Node id="542"/>cso<Node id="545"/>.<Node id="546"/>uiuc<Node id="550"/>.<Node id="551"/>edu<Node id="554"/>&gt;<Node id="555"/> <Node id="556"/>kkopp<Node id="561"/>@<Node id="562"/>uxh<Node id="565"/>.<Node id="566"/>cso<Node id="569"/>.<Node id="570"/>uiuc<Node id="574"/>.<Node id="575"/>edu<Node id="578"/> <Node id="579"/>(<Node id="580"/>koppenhoefer<Node id="592"/>
<Node id="593"/> <Node id="594"/>kyle<Node id="598"/> <Node id="599"/>cramm<Node id="604"/>)<Node id="605"/> <Node id="606"/>writes<Node id="612"/>:<Node id="613"/>
<Node id="614"/>&gt;<Node id="615"/>&gt;<Node id="616"/>
<Node id="617"/>&gt;<Node id="618"/>&gt;<Node id="619"/> <Node id="620"/> <Node id="621"/> <Node id="622"/> <Node id="623"/> <Node id="624"/> <Node id="625"/>The<Node id="628"/> <Node id="629"/>entire<Node id="635"/> <Node id="636"/>second<Node id="642"/> <Node id="643"/>trial<Node id="648"/> <Node id="649"/>was<Node id="652"/> <Node id="653"/>about<Node id="658"/> <Node id="659"/>race<Node id="663"/>,<Node id="664"/> <Node id="665"/>Ted<Node id="668"/>.<Node id="669"/> <Node id="670"/> <Node id="671"/>I<Node id="672"/> <Node id="673"/>do<Node id="675"/>n't<Node id="678"/> <Node id="679"/>feel<Node id="683"/> <Node id="684"/>compelled<Node id="693"/> <Node id="694"/>to<Node id="696"/>
<Node id="697"/>&gt;<Node id="698"/>&gt;<Node id="699"/>discuss<Node id="706"/> <Node id="707"/>Mr<Node id="709"/>.<Node id="710"/> <Node id="711"/>King<Node id="715"/>'s<Node id="717"/> <Node id="718"/>racial<Node id="724"/> <Node id="725"/>background<Node id="735"/>,<Node id="736"/> <Node id="737"/>but<Node id="740"/> <Node id="741"/>had<Node id="744"/> <Node id="745"/>Mr<Node id="747"/>.<Node id="748"/> <Node id="749"/>King<Node id="753"/> <Node id="754"/>been<Node id="758"/> <Node id="759"/>white<Node id="764"/> <Node id="765"/>there<Node id="770"/> <Node id="771"/>would<Node id="776"/>
<Node id="777"/>&gt;<Node id="778"/>&gt;<Node id="779"/>not<Node id="782"/> <Node id="783"/>have<Node id="787"/> <Node id="788"/>been<Node id="792"/> <Node id="793"/>a<Node id="794"/> <Node id="795"/>second<Node id="801"/> <Node id="802"/>trial<Node id="807"/>.<Node id="808"/> <Node id="809"/> <Node id="810"/>You<Node id="813"/> <Node id="814"/>probably<Node id="822"/> <Node id="823"/>are<Node id="826"/> <Node id="827"/>saying<Node id="833"/> <Node id="834"/>that<Node id="838"/> <Node id="839"/>the<Node id="842"/> <Node id="843"/>beating<Node id="850"/> <Node id="851"/>would<Node id="856"/>
<Node id="857"/>&gt;<Node id="858"/>&gt;<Node id="859"/>not<Node id="862"/> <Node id="863"/>have<Node id="867"/> <Node id="868"/>occurred<Node id="876"/> <Node id="877"/>if<Node id="879"/> <Node id="880"/>he<Node id="882"/> <Node id="883"/>were<Node id="887"/> <Node id="888"/>white<Node id="893"/>,<Node id="894"/> <Node id="895"/>but<Node id="898"/> <Node id="899"/>that<Node id="903"/> <Node id="904"/>is<Node id="906"/> <Node id="907"/>an<Node id="909"/> <Node id="910"/>extremely<Node id="919"/> <Node id="920"/>difficult<Node id="929"/> <Node id="930"/>call<Node id="934"/>
<Node id="935"/>&gt;<Node id="936"/>&gt;<Node id="937"/>to<Node id="939"/> <Node id="940"/>make<Node id="944"/>.<Node id="945"/> <Node id="946"/> <Node id="947"/>It<Node id="949"/> <Node id="950"/>is<Node id="952"/> <Node id="953"/>possible<Node id="961"/> <Node id="962"/>the<Node id="965"/> <Node id="966"/>case<Node id="970"/>,<Node id="971"/> <Node id="972"/>but<Node id="975"/> <Node id="976"/>not<Node id="979"/> <Node id="980"/>definately<Node id="990"/>.<Node id="991"/>
<Node id="992"/>&gt;<Node id="993"/>&gt;<Node id="994"/>
<Node id="995"/>&gt;<Node id="996"/>One<Node id="999"/> <Node id="1000"/>could<Node id="1005"/> <Node id="1006"/>easily<Node id="1012"/> <Node id="1013"/>point<Node id="1018"/> <Node id="1019"/>out<Node id="1022"/> <Node id="1023"/>that<Node id="1027"/> <Node id="1028"/>the<Node id="1031"/> <Node id="1032"/>jury<Node id="1036"/> <Node id="1037"/>decided<Node id="1044"/> <Node id="1045"/>that<Node id="1049"/> <Node id="1050"/>this<Node id="1054"/> <Node id="1055"/>"<Node id="1056"/>extremely<Node id="1065"/>
<Node id="1066"/>&gt;<Node id="1067"/>difficult<Node id="1076"/> <Node id="1077"/>call<Node id="1081"/>"<Node id="1082"/> <Node id="1083"/>could<Node id="1088"/> <Node id="1089"/>be<Node id="1091"/> <Node id="1092"/>made<Node id="1096"/>,<Node id="1097"/> <Node id="1098"/>which<Node id="1103"/> <Node id="1104"/>is<Node id="1106"/> <Node id="1107"/>why<Node id="1110"/> <Node id="1111"/>the<Node id="1114"/> <Node id="1115"/>two<Node id="1118"/> <Node id="1119"/>of<Node id="1121"/> <Node id="1122"/>the<Node id="1125"/> <Node id="1126"/>defendants<Node id="1136"/>
<Node id="1137"/>&gt;<Node id="1138"/>were<Node id="1142"/> <Node id="1143"/>found<Node id="1148"/> <Node id="1149"/>guilty<Node id="1155"/>.<Node id="1156"/> <Node id="1157"/> <Node id="1158"/>One<Node id="1161"/> <Node id="1162"/>could<Node id="1167"/> <Node id="1168"/>also<Node id="1172"/> <Node id="1173"/>make<Node id="1177"/> <Node id="1178"/>some<Node id="1182"/> <Node id="1183"/>interesting<Node id="1194"/> <Node id="1195"/>observations<Node id="1207"/> <Node id="1208"/>on<Node id="1210"/>
<Node id="1211"/>&gt;<Node id="1212"/>our<Node id="1215"/> <Node id="1216"/>system<Node id="1222"/> <Node id="1223"/>of<Node id="1225"/> <Node id="1226"/>justice<Node id="1233"/>,<Node id="1234"/> <Node id="1235"/>where<Node id="1240"/> <Node id="1241"/>the<Node id="1244"/> <Node id="1245"/>men<Node id="1248"/> <Node id="1249"/>were<Node id="1253"/> <Node id="1254"/>not<Node id="1257"/> <Node id="1258"/>guilty<Node id="1264"/> <Node id="1265"/>of<Node id="1267"/> <Node id="1268"/>excessive<Node id="1277"/> <Node id="1278"/>force<Node id="1283"/>,<Node id="1284"/>
<Node id="1285"/>&gt;<Node id="1286"/>but<Node id="1289"/> <Node id="1290"/>guilty<Node id="1296"/> <Node id="1297"/>enough<Node id="1303"/> <Node id="1304"/>to<Node id="1306"/> <Node id="1307"/>have<Node id="1311"/> <Node id="1312"/>violated<Node id="1320"/> <Node id="1321"/>his<Node id="1324"/> <Node id="1325"/>civil<Node id="1330"/> <Node id="1331"/>rights<Node id="1337"/> <Node id="1338"/>by<Node id="1340"/> <Node id="1341"/>use<Node id="1344"/> <Node id="1345"/>of<Node id="1347"/> <Node id="1348"/>the<Node id="1351"/>
<Node id="1352"/>&gt;<Node id="1353"/>(<Node id="1354"/>non-existant<Node id="1366"/>)<Node id="1367"/> <Node id="1368"/>excessive<Node id="1377"/> <Node id="1378"/>force<Node id="1383"/>.<Node id="1384"/>
<Node id="1385"/>&gt;<Node id="1386"/>-<Node id="1387"/>-<Node id="1388"/>
<Node id="1389"/>
<Node id="1390"/>It<Node id="1392"/> <Node id="1393"/>is<Node id="1395"/> <Node id="1396"/>also<Node id="1400"/> <Node id="1401"/>interesting<Node id="1412"/> <Node id="1413"/>to<Node id="1415"/> <Node id="1416"/>note<Node id="1420"/> <Node id="1421"/>that<Node id="1425"/> <Node id="1426"/>Powell<Node id="1432"/> <Node id="1433"/>(<Node id="1434"/>and<Node id="1437"/> <Node id="1438"/>maybe<Node id="1443"/> <Node id="1444"/>Koons<Node id="1449"/>)<Node id="1450"/> <Node id="1451"/>were<Node id="1455"/> <Node id="1456"/>found<Node id="1461"/>
<Node id="1462"/>guilty<Node id="1468"/> <Node id="1469"/>of<Node id="1471"/> <Node id="1472"/>aiding<Node id="1478"/> <Node id="1479"/>and<Node id="1482"/> <Node id="1483"/>abetting<Node id="1491"/> <Node id="1492"/>the<Node id="1495"/> <Node id="1496"/>deprival<Node id="1504"/> <Node id="1505"/>of<Node id="1507"/> <Node id="1508"/>King<Node id="1512"/>'s<Node id="1514"/> <Node id="1515"/>civil<Node id="1520"/> <Node id="1521"/>rights<Node id="1527"/>.<Node id="1528"/>.<Node id="1529"/>.<Node id="1530"/>but<Node id="1533"/>,<Node id="1534"/>
<Node id="1535"/>two<Node id="1538"/> <Node id="1539"/>others<Node id="1545"/> <Node id="1546"/>who<Node id="1549"/> <Node id="1550"/>also<Node id="1554"/> <Node id="1555"/>beat<Node id="1559"/> <Node id="1560"/>King<Node id="1564"/> <Node id="1565"/>and<Node id="1568"/> <Node id="1569"/>all<Node id="1572"/> <Node id="1573"/>the<Node id="1576"/> <Node id="1577"/>others<Node id="1583"/> <Node id="1584"/>who<Node id="1587"/> <Node id="1588"/>watched<Node id="1595"/> <Node id="1596"/>were<Node id="1600"/> <Node id="1601"/>not<Node id="1604"/>.<Node id="1605"/>
<Node id="1606"/>Go<Node id="1608"/> <Node id="1609"/>figure<Node id="1615"/>?<Node id="1616"/> <Node id="1617"/> <Node id="1618"/>Can<Node id="1621"/> <Node id="1622"/>you<Node id="1625"/> <Node id="1626"/>say<Node id="1629"/> <Node id="1630"/>sacraficial<Node id="1641"/> <Node id="1642"/>lambs<Node id="1647"/>?<Node id="1648"/> <Node id="1649"/> <Node id="1650"/>Can<Node id="1653"/> <Node id="1654"/>you<Node id="1657"/> <Node id="1658"/>say<Node id="1661"/> <Node id="1662"/>appeal<Node id="1668"/>?<Node id="1669"/>
<Node id="1670"/>
<Node id="1671"/>&gt;<Node id="1672"/>John<Node id="1676"/> <Node id="1677"/>Viveiros<Node id="1685"/> <Node id="1686"/> <Node id="1687"/> <Node id="1688"/> <Node id="1689"/> <Node id="1690"/>(<Node id="1691"/>jviv<Node id="1695"/>@<Node id="1696"/>chevron<Node id="1703"/>.<Node id="1704"/>com<Node id="1707"/>)<Node id="1708"/>
<Node id="1709"/>&gt;<Node id="1710"/>Chevron<Node id="1717"/> <Node id="1718"/>USA<Node id="1721"/> <Node id="1722"/> <Node id="1723"/> <Node id="1724"/> <Node id="1725"/> <Node id="1726"/> <Node id="1727"/> <Node id="1728"/> <Node id="1729"/>Standard<Node id="1737"/> <Node id="1738"/>disclaimer<Node id="1748"/> <Node id="1749"/>applies<Node id="1756"/>
<Node id="1757"/>&gt;<Node id="1758"/>Midland<Node id="1765"/> <Node id="1766"/>TX<Node id="1768"/>
<Node id="1769"/>
<Node id="1770"/>
<Node id="1771"/>JSL<Node id="1774"/>.<Node id="1775"/>
<Node id="1776"/></TextWithNodes>
<!-- The default annotation set -->

<AnnotationSet>
<Annotation EndNode="1776" StartNode="0" Type="Mention" Id="9999999">
<Feature>
<Name classname="java.lang.String">Class</Name>
<Value classname="java.lang.String">0</Value>
</Feature>
</Annotation>

<Annotation Id="3" Type="Token" StartNode="6" EndNode="13">
<Feature>
  <Name className="java.lang.String">string</Name>
  <Value className="java.lang.String">jlinder</Value>
</Feature>
</Annotation>
<Annotation Id="5" Type="Token" StartNode="14" EndNode="20">
<Feature>
  <Name className="java.lang.String">string</Name>
  <Value className="java.lang.String">magnus</Value>
</Feature>
</Annotation>
<Annotation Id="9" Type="Token" StartNode="25" EndNode="35">
<Feature>
  <Name className="java.lang.String">string</Name>
  <Value className="java.lang.String">ohio-state</Value>
</Feature>
</Annotation>
<Annotation Id="14" Type="Token" StartNode="41" EndNode="48">
<Feature>
  <Name className="java.lang.String">string</Name>
  <Value className="java.lang.String">Jeffrey</Value>
</Feature>
</Annotation>
<Annotation Id="18" Type="Token" StartNode="51" EndNode="57">
<Feature>
  <Name className="java.lang.String">string</Name>
  <Value className="java.lang.String">Linder</Value>
</Feature>
</Annotation>
<Annotation Id="21" Type="Token" StartNode="59" EndNode="67">
<Feature>
  <Name className="java.lang.String">string</Name>
  <Value className="java.lang.String">Message-</Value>
</Feature>
</Annotation>
<Annotation Id="30" Type="Token" StartNode="82" EndNode="88">
</Annotation>
<Annotation Id="34" Type="Token" StartNode="94" EndNode="100">
<Feature>
  <Name className="java.lang.String">string</Name>
  <Value className="java.lang.String">magnus</Value>
</Feature>
</Annotation>
<Annotation Id="38" Type="Token" StartNode="105" EndNode="115">
<Feature>
  <Name className="java.lang.String">string</Name>
  <Value className="java.lang.String">ohio-state</Value>
</Feature>
</Annotation>
<Annotation Id="43" Type="Token" StartNode="121" EndNode="127">
<Feature>
  <Name className="java.lang.String">string</Name>
  <Value className="java.lang.String">Sender</Value>
</Feature>
</Annotation>
<Annotation Id="48" Type="Token" StartNode="134" EndNode="140">
<Feature>
  <Name className="java.lang.String">string</Name>
  <Value className="java.lang.String">magnus</Value>
</Feature>
</Annotation>
<Annotation Id="52" Type="Token" StartNode="145" EndNode="155">
<Feature>
  <Name className="java.lang.String">string</Name>
  <Value className="java.lang.String">ohio-state</Value>
</Feature>
</Annotation>
<Annotation Id="57" Type="Token" StartNode="165" EndNode="173">
<Feature>
  <Name className="java.lang.String">string</Name>
  <Value className="java.lang.String">Posting-</Value>
</Feature>
</Annotation>
<Annotation Id="63" Type="Token" StartNode="186" EndNode="192">
<Feature>
  <Name className="java.lang.String">string</Name>
  <Value className="java.lang.String">magnus</Value>
</Feature>
</Annotation>
<Annotation Id="61" Type="Token" StartNode="179" EndNode="185">
<Feature>
  <Name className="java.lang.String">string</Name>
  <Value className="java.lang.String">bottom</Value>
</Feature>
</Annotation>
<Annotation Id="71" Type="Token" StartNode="212" EndNode="224">
<Feature>
  <Name className="java.lang.String">string</Name>
  <Value className="java.lang.String">Organization</Value>
</Feature>
</Annotation>
<Annotation Id="67" Type="Token" StartNode="197" EndNode="207">
<Feature>
  <Name className="java.lang.String">string</Name>
  <Value className="java.lang.String">ohio-state</Value>
</Feature>
</Annotation>
<Annotation Id="80" Type="Token" StartNode="241" EndNode="251">
<Feature>
  <Name className="java.lang.String">string</Name>
  <Value className="java.lang.String">University</Value>
</Feature>
</Annotation>
<Annotation Id="82" Type="Token" StartNode="252" EndNode="262">
<Feature>
  <Name className="java.lang.String">string</Name>
  <Value className="java.lang.String">References</Value>
</Feature>
</Annotation>
<Annotation Id="94" Type="Token" StartNode="288" EndNode="294">
<Feature>
  <Name className="java.lang.String">string</Name>
  <Value className="java.lang.String">midway</Value>
</Feature>
</Annotation>
<Annotation Id="90" Type="Token" StartNode="275" EndNode="281">
</Annotation>
<Annotation Id="96" Type="Token" StartNode="295" EndNode="303">
<Feature>
  <Name className="java.lang.String">string</Name>
  <Value className="java.lang.String">uchicago</Value>
</Feature>
</Annotation>
<Annotation Id="115" Type="Token" StartNode="332" EndNode="344">
<Feature>
  <Name className="java.lang.String">string</Name>
  <Value className="java.lang.String">Distribution</Value>
</Feature>
</Annotation>
<Annotation Id="155" Type="Token" StartNode="419" EndNode="425">
</Annotation>
<Annotation Id="159" Type="Token" StartNode="432" EndNode="442">
<Feature>
  <Name className="java.lang.String">string</Name>
  <Value className="java.lang.String">nntpserver</Value>
</Feature>
</Annotation>
<Annotation Id="148" Type="Token" StartNode="400" EndNode="407">
<Feature>
  <Name className="java.lang.String">string</Name>
  <Value className="java.lang.String">article</Value>
</Feature>
</Annotation>
<Annotation Id="171" Type="Token" StartNode="468" EndNode="475">
<Feature>
  <Name className="java.lang.String">string</Name>
  <Value className="java.lang.String">midland</Value>
</Feature>
</Annotation>
<Annotation Id="174" Type="Token" StartNode="477" EndNode="484">
<Feature>
  <Name className="java.lang.String">string</Name>
  <Value className="java.lang.String">chevron</Value>
</Feature>
</Annotation>
<Annotation Id="161" Type="Token" StartNode="443" EndNode="450">
<Feature>
  <Name className="java.lang.String">string</Name>
  <Value className="java.lang.String">chevron</Value>
</Feature>
</Annotation>
<Annotation Id="184" Type="Token" StartNode="505" EndNode="511">
<Feature>
  <Name className="java.lang.String">string</Name>
  <Value className="java.lang.String">writes</Value>
</Feature>
</Annotation>
<Annotation Id="190" Type="Token" StartNode="517" EndNode="524">
<Feature>
  <Name className="java.lang.String">string</Name>
  <Value className="java.lang.String">article</Value>
</Feature>
</Annotation>
<Annotation Id="181" Type="Token" StartNode="495" EndNode="503">
<Feature>
  <Name className="java.lang.String">string</Name>
  <Value className="java.lang.String">Viveiros</Value>
</Feature>
</Annotation>
<Annotation Id="220" Type="Token" StartNode="580" EndNode="592">
<Feature>
  <Name className="java.lang.String">string</Name>
  <Value className="java.lang.String">koppenhoefer</Value>
</Feature>
</Annotation>
<Annotation Id="228" Type="Token" StartNode="606" EndNode="612">
<Feature>
  <Name className="java.lang.String">string</Name>
  <Value className="java.lang.String">writes</Value>
</Feature>
</Annotation>
<Annotation Id="246" Type="Token" StartNode="636" EndNode="642">
<Feature>
  <Name className="java.lang.String">string</Name>
  <Value className="java.lang.String">second</Value>
</Feature>
</Annotation>
<Annotation Id="244" Type="Token" StartNode="629" EndNode="635">
<Feature>
  <Name className="java.lang.String">string</Name>
  <Value className="java.lang.String">entire</Value>
</Feature>
</Annotation>
<Annotation Id="275" Type="Token" StartNode="699" EndNode="706">
<Feature>
  <Name className="java.lang.String">string</Name>
  <Value className="java.lang.String">discuss</Value>
</Feature>
</Annotation>
<Annotation Id="286" Type="Token" StartNode="725" EndNode="735">
<Feature>
  <Name className="java.lang.String">string</Name>
  <Value className="java.lang.String">background</Value>
</Feature>
</Annotation>
<Annotation Id="284" Type="Token" StartNode="718" EndNode="724">
<Feature>
  <Name className="java.lang.String">string</Name>
  <Value className="java.lang.String">racial</Value>
</Feature>
</Annotation>
<Annotation Id="269" Type="Token" StartNode="684" EndNode="693">
<Feature>
  <Name className="java.lang.String">string</Name>
  <Value className="java.lang.String">compelled</Value>
</Feature>
</Annotation>
<Annotation Id="316" Type="Token" StartNode="795" EndNode="801">
<Feature>
  <Name className="java.lang.String">string</Name>
  <Value className="java.lang.String">second</Value>
</Feature>
</Annotation>
<Annotation Id="344" Type="Token" StartNode="868" EndNode="876">
<Feature>
  <Name className="java.lang.String">string</Name>
  <Value className="java.lang.String">occurred</Value>
</Feature>
</Annotation>
<Annotation Id="324" Type="Token" StartNode="814" EndNode="822">
<Feature>
  <Name className="java.lang.String">string</Name>
  <Value className="java.lang.String">probably</Value>
</Feature>
</Annotation>
<Annotation Id="334" Type="Token" StartNode="843" EndNode="850">
<Feature>
  <Name className="java.lang.String">string</Name>
  <Value className="java.lang.String">beating</Value>
</Feature>
</Annotation>
<Annotation Id="328" Type="Token" StartNode="827" EndNode="833">
<Feature>
  <Name className="java.lang.String">string</Name>
  <Value className="java.lang.String">saying</Value>
</Feature>
</Annotation>
<Annotation Id="381" Type="Token" StartNode="953" EndNode="961">
<Feature>
  <Name className="java.lang.String">string</Name>
  <Value className="java.lang.String">possible</Value>
</Feature>
</Annotation>
<Annotation Id="365" Type="Token" StartNode="920" EndNode="929">
<Feature>
  <Name className="java.lang.String">string</Name>
  <Value className="java.lang.String">difficult</Value>
</Feature>
</Annotation>
<Annotation Id="363" Type="Token" StartNode="910" EndNode="919">
<Feature>
  <Name className="java.lang.String">string</Name>
  <Value className="java.lang.String">extremely</Value>
</Feature>
</Annotation>
<Annotation Id="415" Type="Token" StartNode="1037" EndNode="1044">
<Feature>
  <Name className="java.lang.String">string</Name>
  <Value className="java.lang.String">decided</Value>
</Feature>
</Annotation>
<Annotation Id="403" Type="Token" StartNode="1006" EndNode="1012">
<Feature>
  <Name className="java.lang.String">string</Name>
  <Value className="java.lang.String">easily</Value>
</Feature>
</Annotation>
<Annotation Id="392" Type="Token" StartNode="980" EndNode="990">
<Feature>
  <Name className="java.lang.String">string</Name>
  <Value className="java.lang.String">definately</Value>
</Feature>
</Annotation>
<Annotation Id="425" Type="Token" StartNode="1067" EndNode="1076">
<Feature>
  <Name className="java.lang.String">string</Name>
  <Value className="java.lang.String">difficult</Value>
</Feature>
</Annotation>
<Annotation Id="422" Type="Token" StartNode="1056" EndNode="1065">
<Feature>
  <Name className="java.lang.String">string</Name>
  <Value className="java.lang.String">extremely</Value>
</Feature>
</Annotation>
<Annotation Id="474" Type="Token" StartNode="1195" EndNode="1207">
<Feature>
  <Name className="java.lang.String">string</Name>
  <Value className="java.lang.String">observations</Value>
</Feature>
</Annotation>
<Annotation Id="472" Type="Token" StartNode="1183" EndNode="1194">
<Feature>
  <Name className="java.lang.String">string</Name>
  <Value className="java.lang.String">interesting</Value>
</Feature>
</Annotation>
<Annotation Id="458" Type="Token" StartNode="1149" EndNode="1155">
<Feature>
  <Name className="java.lang.String">string</Name>
  <Value className="java.lang.String">guilty</Value>
</Feature>
</Annotation>
<Annotation Id="451" Type="Token" StartNode="1126" EndNode="1136">
<Feature>
  <Name className="java.lang.String">string</Name>
  <Value className="java.lang.String">defendants</Value>
</Feature>
</Annotation>
<Annotation Id="510" Type="Token" StartNode="1290" EndNode="1296">
<Feature>
  <Name className="java.lang.String">string</Name>
  <Value className="java.lang.String">guilty</Value>
</Feature>
</Annotation>
<Annotation Id="502" Type="Token" StartNode="1268" EndNode="1277">
<Feature>
  <Name className="java.lang.String">string</Name>
  <Value className="java.lang.String">excessive</Value>
</Feature>
</Annotation>
<Annotation Id="498" Type="Token" StartNode="1258" EndNode="1264">
<Feature>
  <Name className="java.lang.String">string</Name>
  <Value className="java.lang.String">guilty</Value>
</Feature>
</Annotation>
<Annotation Id="485" Type="Token" StartNode="1226" EndNode="1233">
<Feature>
  <Name className="java.lang.String">string</Name>
  <Value className="java.lang.String">justice</Value>
</Feature>
</Annotation>
<Annotation Id="481" Type="Token" StartNode="1216" EndNode="1222">
<Feature>
  <Name className="java.lang.String">string</Name>
  <Value className="java.lang.String">system</Value>
</Feature>
</Annotation>
<Annotation Id="555" Type="Token" StartNode="1401" EndNode="1412">
<Feature>
  <Name className="java.lang.String">string</Name>
  <Value className="java.lang.String">interesting</Value>
</Feature>
</Annotation>
<Annotation Id="563" Type="Token" StartNode="1426" EndNode="1432">
<Feature>
  <Name className="java.lang.String">string</Name>
  <Value className="java.lang.String">Powell</Value>
</Feature>
</Annotation>
<Annotation Id="518" Type="Token" StartNode="1312" EndNode="1320">
<Feature>
  <Name className="java.lang.String">string</Name>
  <Value className="java.lang.String">violated</Value>
</Feature>
</Annotation>
<Annotation Id="512" Type="Token" StartNode="1297" EndNode="1303">
<Feature>
  <Name className="java.lang.String">string</Name>
  <Value className="java.lang.String">enough</Value>
</Feature>
</Annotation>
<Annotation Id="524" Type="Token" StartNode="1331" EndNode="1337">
<Feature>
  <Name className="java.lang.String">string</Name>
  <Value className="java.lang.String">rights</Value>
</Feature>
</Annotation>
<Annotation Id="536" Type="Token" StartNode="1354" EndNode="1366">
<Feature>
  <Name className="java.lang.String">string</Name>
  <Value className="java.lang.String">non-existant</Value>
</Feature>
</Annotation>
<Annotation Id="539" Type="Token" StartNode="1368" EndNode="1377">
<Feature>
  <Name className="java.lang.String">string</Name>
  <Value className="java.lang.String">excessive</Value>
</Feature>
</Annotation>
<Annotation Id="608" Type="Token" StartNode="1539" EndNode="1545">
<Feature>
  <Name className="java.lang.String">string</Name>
  <Value className="java.lang.String">others</Value>
</Feature>
</Annotation>
<Annotation Id="624" Type="Token" StartNode="1577" EndNode="1583">
<Feature>
  <Name className="java.lang.String">string</Name>
  <Value className="java.lang.String">others</Value>
</Feature>
</Annotation>
<Annotation Id="628" Type="Token" StartNode="1588" EndNode="1595">
<Feature>
  <Name className="java.lang.String">string</Name>
  <Value className="java.lang.String">watched</Value>
</Feature>
</Annotation>
<Annotation Id="637" Type="Token" StartNode="1609" EndNode="1615">
<Feature>
  <Name className="java.lang.String">string</Name>
  <Value className="java.lang.String">figure</Value>
</Feature>
</Annotation>
<Annotation Id="577" Type="Token" StartNode="1462" EndNode="1468">
<Feature>
  <Name className="java.lang.String">string</Name>
  <Value className="java.lang.String">guilty</Value>
</Feature>
</Annotation>
<Annotation Id="581" Type="Token" StartNode="1472" EndNode="1478">
<Feature>
  <Name className="java.lang.String">string</Name>
  <Value className="java.lang.String">aiding</Value>
</Feature>
</Annotation>
<Annotation Id="585" Type="Token" StartNode="1483" EndNode="1491">
<Feature>
  <Name className="java.lang.String">string</Name>
  <Value className="java.lang.String">abetting</Value>
</Feature>
</Annotation>
<Annotation Id="589" Type="Token" StartNode="1496" EndNode="1504">
<Feature>
  <Name className="java.lang.String">string</Name>
  <Value className="java.lang.String">deprival</Value>
</Feature>
</Annotation>
<Annotation Id="599" Type="Token" StartNode="1521" EndNode="1527">
<Feature>
  <Name className="java.lang.String">string</Name>
  <Value className="java.lang.String">rights</Value>
</Feature>
</Annotation>
<Annotation Id="681" Type="Token" StartNode="1710" EndNode="1717">
<Feature>
  <Name className="java.lang.String">string</Name>
  <Value className="java.lang.String">Chevron</Value>
</Feature>
</Annotation>
<Annotation Id="675" Type="Token" StartNode="1696" EndNode="1703">
<Feature>
  <Name className="java.lang.String">string</Name>
  <Value className="java.lang.String">chevron</Value>
</Feature>
</Annotation>
<Annotation Id="699" Type="Token" StartNode="1758" EndNode="1765">
<Feature>
  <Name className="java.lang.String">string</Name>
  <Value className="java.lang.String">Midland</Value>
</Feature>
</Annotation>
<Annotation Id="696" Type="Token" StartNode="1749" EndNode="1756">
<Feature>
  <Name className="java.lang.String">string</Name>
  <Value className="java.lang.String">applies</Value>
</Feature>
</Annotation>
<Annotation Id="694" Type="Token" StartNode="1738" EndNode="1748">
<Feature>
  <Name className="java.lang.String">string</Name>
  <Value className="java.lang.String">disclaimer</Value>
</Feature>
</Annotation>
<Annotation Id="692" Type="Token" StartNode="1729" EndNode="1737">
<Feature>
  <Name className="java.lang.String">string</Name>
  <Value className="java.lang.String">Standard</Value>
</Feature>
</Annotation>
<Annotation Id="647" Type="Token" StartNode="1630" EndNode="1641">
<Feature>
  <Name className="java.lang.String">string</Name>
  <Value className="java.lang.String">sacraficial</Value>
</Feature>
</Annotation>
<Annotation Id="666" Type="Token" StartNode="1677" EndNode="1685">
<Feature>
  <Name className="java.lang.String">string</Name>
  <Value className="java.lang.String">Viveiros</Value>
</Feature>
</Annotation>
<Annotation Id="659" Type="Token" StartNode="1662" EndNode="1668">
<Feature>
  <Name className="java.lang.String">string</Name>
  <Value className="java.lang.String">appeal</Value>
</Feature>
</Annotation>
</AnnotationSet>
<AnnotationSet Name="Original markups"> </AnnotationSet>
</GateDocument>