<?xml version='1.0' encoding='UTF-8'?>
<GateDocument version="3">
<!-- The document's features-->

<GateDocumentFeatures>
<Feature>
  <Name className="java.lang.String">Original_document_content_on_load</Name>
  <Value className="java.lang.String">From: Rick_Granberry@pts.mot.com (Rick Granberry)
Message-ID: &lt;May.12.04.28.20.1993.9966@athos.rutgers.edu>
Date: 12 May 93 08:28:20 GMT
Sender: hedrick@athos.rutgers.edu
Reply-To: Rick_Granberry@pts.mot.com (Rick Granberry)
Lines: 40
Approved: christian@aramis.rutgers.edu

In article &lt;May.10.05.07.56.1993.3582@athos.rutgers.edu>, 
muddmj@wkuvx1.bitnet writes:
> > Therefore, until someone is capable of comprehending 
> > God's laws they are not accountable for living them. 
> > They are in the book of life and are not removed until 
> > they can make a conscious decision to disobey God. 
> > 
> > A IDLER 
> 
> If babies are not supposed to be baptised then why doesn't the Bible 
> ever say so.  It never comes right and says "Only people that know 
> right from wrong or who are taught can be baptised." 
>         What Christ did say was : 
> 
>         "I solemly assure you, NO ONE can enter God's kingdom without 
>          being born of water and Spirit ... Do not be surprised that I 
>          tell you you must ALL be begotten from above." 
> 
> Could this be because everyone is born with original sin? 
> 
> Mike 

Do we attach some meaning of the Israelites entering "the promised land" to 
Christianity?

   I submit God did not hold the children responsible when the adults chose 
to follow the bad report of the 10 spies over Joshua and Caleb.  This is 
recorded for us in Deuteronomy 1:39 "Moreover your little ones, which ye said 
should be a prey, and your children, which in that day had no knowledge 
between good and evil, they shall go in thither, and unto them will I give 
it, and they shall possess it."

   At least to me it seems there was/is an age, or point in maturity where 
they were/are held responsible, and could not enter the "Promised Land", 
younger ones were not held to the same "rules", at least not by God.


| "Answer not a fool according to his folly, lest thou also be like unto him." |
| "Answer a fool according to his folly, lest he be wise in his own conceit."  |
| (proverbs 26:4&amp;5)
</Value>
</Feature>
<Feature>
  <Name className="java.lang.String">gate.SourceURL</Name>
  <Value className="java.lang.String">file:/C:/Users/jian/Documents/NetBeansProjects/NoiseReductionTechniques/mideastPoliticsMix/negative170</Value>
</Feature>
</GateDocumentFeatures>
<!-- The document content area with serialized nodes -->

<TextWithNodes><Node id="0"/>From<Node id="4"/>:<Node id="5"/> <Node id="6"/>Rick<Node id="10"/>_<Node id="11"/>Granberry<Node id="20"/>@<Node id="21"/>pts<Node id="24"/>.<Node id="25"/>mot<Node id="28"/>.<Node id="29"/>com<Node id="32"/> <Node id="33"/>(<Node id="34"/>Rick<Node id="38"/> <Node id="39"/>Granberry<Node id="48"/>)<Node id="49"/>
<Node id="50"/>Message-<Node id="58"/>ID<Node id="60"/>:<Node id="61"/> <Node id="62"/>&lt;<Node id="63"/>May<Node id="66"/>.<Node id="67"/>12<Node id="69"/>.<Node id="70"/>04<Node id="72"/>.<Node id="73"/>28<Node id="75"/>.<Node id="76"/>20<Node id="78"/>.<Node id="79"/>1993<Node id="83"/>.<Node id="84"/>9966<Node id="88"/>@<Node id="89"/>athos<Node id="94"/>.<Node id="95"/>rutgers<Node id="102"/>.<Node id="103"/>edu<Node id="106"/>&gt;<Node id="107"/>
<Node id="108"/>Date<Node id="112"/>:<Node id="113"/> <Node id="114"/>12<Node id="116"/> <Node id="117"/>May<Node id="120"/> <Node id="121"/>93<Node id="123"/> <Node id="124"/>08<Node id="126"/>:<Node id="127"/>28<Node id="129"/>:<Node id="130"/>20<Node id="132"/> <Node id="133"/>GMT<Node id="136"/>
<Node id="137"/>Sender<Node id="143"/>:<Node id="144"/> <Node id="145"/>hedrick<Node id="152"/>@<Node id="153"/>athos<Node id="158"/>.<Node id="159"/>rutgers<Node id="166"/>.<Node id="167"/>edu<Node id="170"/>
<Node id="171"/>Reply-<Node id="177"/>To<Node id="179"/>:<Node id="180"/> <Node id="181"/>Rick<Node id="185"/>_<Node id="186"/>Granberry<Node id="195"/>@<Node id="196"/>pts<Node id="199"/>.<Node id="200"/>mot<Node id="203"/>.<Node id="204"/>com<Node id="207"/> <Node id="208"/>(<Node id="209"/>Rick<Node id="213"/> <Node id="214"/>Granberry<Node id="223"/>)<Node id="224"/>
<Node id="225"/>Lines<Node id="230"/>:<Node id="231"/> <Node id="232"/>40<Node id="234"/>
<Node id="235"/>Approved<Node id="243"/>:<Node id="244"/> <Node id="245"/>christian<Node id="254"/>@<Node id="255"/>aramis<Node id="261"/>.<Node id="262"/>rutgers<Node id="269"/>.<Node id="270"/>edu<Node id="273"/>
<Node id="274"/>
<Node id="275"/>In<Node id="277"/> <Node id="278"/>article<Node id="285"/> <Node id="286"/>&lt;<Node id="287"/>May<Node id="290"/>.<Node id="291"/>10<Node id="293"/>.<Node id="294"/>05<Node id="296"/>.<Node id="297"/>07<Node id="299"/>.<Node id="300"/>56<Node id="302"/>.<Node id="303"/>1993<Node id="307"/>.<Node id="308"/>3582<Node id="312"/>@<Node id="313"/>athos<Node id="318"/>.<Node id="319"/>rutgers<Node id="326"/>.<Node id="327"/>edu<Node id="330"/>&gt;<Node id="331"/>,<Node id="332"/> <Node id="333"/>
<Node id="334"/>muddmj<Node id="340"/>@<Node id="341"/>wkuvx<Node id="346"/>1<Node id="347"/>.<Node id="348"/>bitnet<Node id="354"/> <Node id="355"/>writes<Node id="361"/>:<Node id="362"/>
<Node id="363"/>&gt;<Node id="364"/> <Node id="365"/>&gt;<Node id="366"/> <Node id="367"/>Therefore<Node id="376"/>,<Node id="377"/> <Node id="378"/>until<Node id="383"/> <Node id="384"/>someone<Node id="391"/> <Node id="392"/>is<Node id="394"/> <Node id="395"/>capable<Node id="402"/> <Node id="403"/>of<Node id="405"/> <Node id="406"/>comprehending<Node id="419"/> <Node id="420"/>
<Node id="421"/>&gt;<Node id="422"/> <Node id="423"/>&gt;<Node id="424"/> <Node id="425"/>God<Node id="428"/>'s<Node id="430"/> <Node id="431"/>laws<Node id="435"/> <Node id="436"/>they<Node id="440"/> <Node id="441"/>are<Node id="444"/> <Node id="445"/>not<Node id="448"/> <Node id="449"/>accountable<Node id="460"/> <Node id="461"/>for<Node id="464"/> <Node id="465"/>living<Node id="471"/> <Node id="472"/>them<Node id="476"/>.<Node id="477"/> <Node id="478"/>
<Node id="479"/>&gt;<Node id="480"/> <Node id="481"/>&gt;<Node id="482"/> <Node id="483"/>They<Node id="487"/> <Node id="488"/>are<Node id="491"/> <Node id="492"/>in<Node id="494"/> <Node id="495"/>the<Node id="498"/> <Node id="499"/>book<Node id="503"/> <Node id="504"/>of<Node id="506"/> <Node id="507"/>life<Node id="511"/> <Node id="512"/>and<Node id="515"/> <Node id="516"/>are<Node id="519"/> <Node id="520"/>not<Node id="523"/> <Node id="524"/>removed<Node id="531"/> <Node id="532"/>until<Node id="537"/> <Node id="538"/>
<Node id="539"/>&gt;<Node id="540"/> <Node id="541"/>&gt;<Node id="542"/> <Node id="543"/>they<Node id="547"/> <Node id="548"/>can<Node id="551"/> <Node id="552"/>make<Node id="556"/> <Node id="557"/>a<Node id="558"/> <Node id="559"/>conscious<Node id="568"/> <Node id="569"/>decision<Node id="577"/> <Node id="578"/>to<Node id="580"/> <Node id="581"/>disobey<Node id="588"/> <Node id="589"/>God<Node id="592"/>.<Node id="593"/> <Node id="594"/>
<Node id="595"/>&gt;<Node id="596"/> <Node id="597"/>&gt;<Node id="598"/> <Node id="599"/>
<Node id="600"/>&gt;<Node id="601"/> <Node id="602"/>&gt;<Node id="603"/> <Node id="604"/>A<Node id="605"/> <Node id="606"/>IDLER<Node id="611"/> <Node id="612"/>
<Node id="613"/>&gt;<Node id="614"/> <Node id="615"/>
<Node id="616"/>&gt;<Node id="617"/> <Node id="618"/>If<Node id="620"/> <Node id="621"/>babies<Node id="627"/> <Node id="628"/>are<Node id="631"/> <Node id="632"/>not<Node id="635"/> <Node id="636"/>supposed<Node id="644"/> <Node id="645"/>to<Node id="647"/> <Node id="648"/>be<Node id="650"/> <Node id="651"/>baptised<Node id="659"/> <Node id="660"/>then<Node id="664"/> <Node id="665"/>why<Node id="668"/> <Node id="669"/>does<Node id="673"/>n't<Node id="676"/> <Node id="677"/>the<Node id="680"/> <Node id="681"/>Bible<Node id="686"/> <Node id="687"/>
<Node id="688"/>&gt;<Node id="689"/> <Node id="690"/>ever<Node id="694"/> <Node id="695"/>say<Node id="698"/> <Node id="699"/>so<Node id="701"/>.<Node id="702"/> <Node id="703"/> <Node id="704"/>It<Node id="706"/> <Node id="707"/>never<Node id="712"/> <Node id="713"/>comes<Node id="718"/> <Node id="719"/>right<Node id="724"/> <Node id="725"/>and<Node id="728"/> <Node id="729"/>says<Node id="733"/> <Node id="734"/>"<Node id="735"/>Only<Node id="739"/> <Node id="740"/>people<Node id="746"/> <Node id="747"/>that<Node id="751"/> <Node id="752"/>know<Node id="756"/> <Node id="757"/>
<Node id="758"/>&gt;<Node id="759"/> <Node id="760"/>right<Node id="765"/> <Node id="766"/>from<Node id="770"/> <Node id="771"/>wrong<Node id="776"/> <Node id="777"/>or<Node id="779"/> <Node id="780"/>who<Node id="783"/> <Node id="784"/>are<Node id="787"/> <Node id="788"/>taught<Node id="794"/> <Node id="795"/>can<Node id="798"/> <Node id="799"/>be<Node id="801"/> <Node id="802"/>baptised<Node id="810"/>.<Node id="811"/>"<Node id="812"/> <Node id="813"/>
<Node id="814"/>&gt;<Node id="815"/> <Node id="816"/> <Node id="817"/> <Node id="818"/> <Node id="819"/> <Node id="820"/> <Node id="821"/> <Node id="822"/> <Node id="823"/> <Node id="824"/>What<Node id="828"/> <Node id="829"/>Christ<Node id="835"/> <Node id="836"/>did<Node id="839"/> <Node id="840"/>say<Node id="843"/> <Node id="844"/>was<Node id="847"/> <Node id="848"/>:<Node id="849"/> <Node id="850"/>
<Node id="851"/>&gt;<Node id="852"/> <Node id="853"/>
<Node id="854"/>&gt;<Node id="855"/> <Node id="856"/> <Node id="857"/> <Node id="858"/> <Node id="859"/> <Node id="860"/> <Node id="861"/> <Node id="862"/> <Node id="863"/> <Node id="864"/>"<Node id="865"/>I<Node id="866"/> <Node id="867"/>solemly<Node id="874"/> <Node id="875"/>assure<Node id="881"/> <Node id="882"/>you<Node id="885"/>,<Node id="886"/> <Node id="887"/>NO<Node id="889"/> <Node id="890"/>ONE<Node id="893"/> <Node id="894"/>can<Node id="897"/> <Node id="898"/>enter<Node id="903"/> <Node id="904"/>God<Node id="907"/>'s<Node id="909"/> <Node id="910"/>kingdom<Node id="917"/> <Node id="918"/>without<Node id="925"/> <Node id="926"/>
<Node id="927"/>&gt;<Node id="928"/> <Node id="929"/> <Node id="930"/> <Node id="931"/> <Node id="932"/> <Node id="933"/> <Node id="934"/> <Node id="935"/> <Node id="936"/> <Node id="937"/> <Node id="938"/>being<Node id="943"/> <Node id="944"/>born<Node id="948"/> <Node id="949"/>of<Node id="951"/> <Node id="952"/>water<Node id="957"/> <Node id="958"/>and<Node id="961"/> <Node id="962"/>Spirit<Node id="968"/> <Node id="969"/>.<Node id="970"/>.<Node id="971"/>.<Node id="972"/> <Node id="973"/>Do<Node id="975"/> <Node id="976"/>not<Node id="979"/> <Node id="980"/>be<Node id="982"/> <Node id="983"/>surprised<Node id="992"/> <Node id="993"/>that<Node id="997"/> <Node id="998"/>I<Node id="999"/> <Node id="1000"/>
<Node id="1001"/>&gt;<Node id="1002"/> <Node id="1003"/> <Node id="1004"/> <Node id="1005"/> <Node id="1006"/> <Node id="1007"/> <Node id="1008"/> <Node id="1009"/> <Node id="1010"/> <Node id="1011"/> <Node id="1012"/>tell<Node id="1016"/> <Node id="1017"/>you<Node id="1020"/> <Node id="1021"/>you<Node id="1024"/> <Node id="1025"/>must<Node id="1029"/> <Node id="1030"/>ALL<Node id="1033"/> <Node id="1034"/>be<Node id="1036"/> <Node id="1037"/>begotten<Node id="1045"/> <Node id="1046"/>from<Node id="1050"/> <Node id="1051"/>above<Node id="1056"/>.<Node id="1057"/>"<Node id="1058"/> <Node id="1059"/>
<Node id="1060"/>&gt;<Node id="1061"/> <Node id="1062"/>
<Node id="1063"/>&gt;<Node id="1064"/> <Node id="1065"/>Could<Node id="1070"/> <Node id="1071"/>this<Node id="1075"/> <Node id="1076"/>be<Node id="1078"/> <Node id="1079"/>because<Node id="1086"/> <Node id="1087"/>everyone<Node id="1095"/> <Node id="1096"/>is<Node id="1098"/> <Node id="1099"/>born<Node id="1103"/> <Node id="1104"/>with<Node id="1108"/> <Node id="1109"/>original<Node id="1117"/> <Node id="1118"/>sin<Node id="1121"/>?<Node id="1122"/> <Node id="1123"/>
<Node id="1124"/>&gt;<Node id="1125"/> <Node id="1126"/>
<Node id="1127"/>&gt;<Node id="1128"/> <Node id="1129"/>Mike<Node id="1133"/> <Node id="1134"/>
<Node id="1135"/>
<Node id="1136"/>Do<Node id="1138"/> <Node id="1139"/>we<Node id="1141"/> <Node id="1142"/>attach<Node id="1148"/> <Node id="1149"/>some<Node id="1153"/> <Node id="1154"/>meaning<Node id="1161"/> <Node id="1162"/>of<Node id="1164"/> <Node id="1165"/>the<Node id="1168"/> <Node id="1169"/>Israelites<Node id="1179"/> <Node id="1180"/>entering<Node id="1188"/> <Node id="1189"/>"<Node id="1190"/>the<Node id="1193"/> <Node id="1194"/>promised<Node id="1202"/> <Node id="1203"/>land<Node id="1207"/>"<Node id="1208"/> <Node id="1209"/>to<Node id="1211"/> <Node id="1212"/>
<Node id="1213"/>Christianity<Node id="1225"/>?<Node id="1226"/>
<Node id="1227"/>
<Node id="1228"/> <Node id="1229"/> <Node id="1230"/> <Node id="1231"/>I<Node id="1232"/> <Node id="1233"/>submit<Node id="1239"/> <Node id="1240"/>God<Node id="1243"/> <Node id="1244"/>did<Node id="1247"/> <Node id="1248"/>not<Node id="1251"/> <Node id="1252"/>hold<Node id="1256"/> <Node id="1257"/>the<Node id="1260"/> <Node id="1261"/>children<Node id="1269"/> <Node id="1270"/>responsible<Node id="1281"/> <Node id="1282"/>when<Node id="1286"/> <Node id="1287"/>the<Node id="1290"/> <Node id="1291"/>adults<Node id="1297"/> <Node id="1298"/>chose<Node id="1303"/> <Node id="1304"/>
<Node id="1305"/>to<Node id="1307"/> <Node id="1308"/>follow<Node id="1314"/> <Node id="1315"/>the<Node id="1318"/> <Node id="1319"/>bad<Node id="1322"/> <Node id="1323"/>report<Node id="1329"/> <Node id="1330"/>of<Node id="1332"/> <Node id="1333"/>the<Node id="1336"/> <Node id="1337"/>10<Node id="1339"/> <Node id="1340"/>spies<Node id="1345"/> <Node id="1346"/>over<Node id="1350"/> <Node id="1351"/>Joshua<Node id="1357"/> <Node id="1358"/>and<Node id="1361"/> <Node id="1362"/>Caleb<Node id="1367"/>.<Node id="1368"/> <Node id="1369"/> <Node id="1370"/>This<Node id="1374"/> <Node id="1375"/>is<Node id="1377"/> <Node id="1378"/>
<Node id="1379"/>recorded<Node id="1387"/> <Node id="1388"/>for<Node id="1391"/> <Node id="1392"/>us<Node id="1394"/> <Node id="1395"/>in<Node id="1397"/> <Node id="1398"/>Deuteronomy<Node id="1409"/> <Node id="1410"/>1<Node id="1411"/>:<Node id="1412"/>39<Node id="1414"/> <Node id="1415"/>"<Node id="1416"/>Moreover<Node id="1424"/> <Node id="1425"/>your<Node id="1429"/> <Node id="1430"/>little<Node id="1436"/> <Node id="1437"/>ones<Node id="1441"/>,<Node id="1442"/> <Node id="1443"/>which<Node id="1448"/> <Node id="1449"/>ye<Node id="1451"/> <Node id="1452"/>said<Node id="1456"/> <Node id="1457"/>
<Node id="1458"/>should<Node id="1464"/> <Node id="1465"/>be<Node id="1467"/> <Node id="1468"/>a<Node id="1469"/> <Node id="1470"/>prey<Node id="1474"/>,<Node id="1475"/> <Node id="1476"/>and<Node id="1479"/> <Node id="1480"/>your<Node id="1484"/> <Node id="1485"/>children<Node id="1493"/>,<Node id="1494"/> <Node id="1495"/>which<Node id="1500"/> <Node id="1501"/>in<Node id="1503"/> <Node id="1504"/>that<Node id="1508"/> <Node id="1509"/>day<Node id="1512"/> <Node id="1513"/>had<Node id="1516"/> <Node id="1517"/>no<Node id="1519"/> <Node id="1520"/>knowledge<Node id="1529"/> <Node id="1530"/>
<Node id="1531"/>between<Node id="1538"/> <Node id="1539"/>good<Node id="1543"/> <Node id="1544"/>and<Node id="1547"/> <Node id="1548"/>evil<Node id="1552"/>,<Node id="1553"/> <Node id="1554"/>they<Node id="1558"/> <Node id="1559"/>shall<Node id="1564"/> <Node id="1565"/>go<Node id="1567"/> <Node id="1568"/>in<Node id="1570"/> <Node id="1571"/>thither<Node id="1578"/>,<Node id="1579"/> <Node id="1580"/>and<Node id="1583"/> <Node id="1584"/>unto<Node id="1588"/> <Node id="1589"/>them<Node id="1593"/> <Node id="1594"/>will<Node id="1598"/> <Node id="1599"/>I<Node id="1600"/> <Node id="1601"/>give<Node id="1605"/> <Node id="1606"/>
<Node id="1607"/>it<Node id="1609"/>,<Node id="1610"/> <Node id="1611"/>and<Node id="1614"/> <Node id="1615"/>they<Node id="1619"/> <Node id="1620"/>shall<Node id="1625"/> <Node id="1626"/>possess<Node id="1633"/> <Node id="1634"/>it<Node id="1636"/>.<Node id="1637"/>"<Node id="1638"/>
<Node id="1639"/>
<Node id="1640"/> <Node id="1641"/> <Node id="1642"/> <Node id="1643"/>At<Node id="1645"/> <Node id="1646"/>least<Node id="1651"/> <Node id="1652"/>to<Node id="1654"/> <Node id="1655"/>me<Node id="1657"/> <Node id="1658"/>it<Node id="1660"/> <Node id="1661"/>seems<Node id="1666"/> <Node id="1667"/>there<Node id="1672"/> <Node id="1673"/>was<Node id="1676"/>/<Node id="1677"/>is<Node id="1679"/> <Node id="1680"/>an<Node id="1682"/> <Node id="1683"/>age<Node id="1686"/>,<Node id="1687"/> <Node id="1688"/>or<Node id="1690"/> <Node id="1691"/>point<Node id="1696"/> <Node id="1697"/>in<Node id="1699"/> <Node id="1700"/>maturity<Node id="1708"/> <Node id="1709"/>where<Node id="1714"/> <Node id="1715"/>
<Node id="1716"/>they<Node id="1720"/> <Node id="1721"/>were<Node id="1725"/>/<Node id="1726"/>are<Node id="1729"/> <Node id="1730"/>held<Node id="1734"/> <Node id="1735"/>responsible<Node id="1746"/>,<Node id="1747"/> <Node id="1748"/>and<Node id="1751"/> <Node id="1752"/>could<Node id="1757"/> <Node id="1758"/>not<Node id="1761"/> <Node id="1762"/>enter<Node id="1767"/> <Node id="1768"/>the<Node id="1771"/> <Node id="1772"/>"<Node id="1773"/>Promised<Node id="1781"/> <Node id="1782"/>Land<Node id="1786"/>"<Node id="1787"/>,<Node id="1788"/> <Node id="1789"/>
<Node id="1790"/>younger<Node id="1797"/> <Node id="1798"/>ones<Node id="1802"/> <Node id="1803"/>were<Node id="1807"/> <Node id="1808"/>not<Node id="1811"/> <Node id="1812"/>held<Node id="1816"/> <Node id="1817"/>to<Node id="1819"/> <Node id="1820"/>the<Node id="1823"/> <Node id="1824"/>same<Node id="1828"/> <Node id="1829"/>"<Node id="1830"/>rules<Node id="1835"/>"<Node id="1836"/>,<Node id="1837"/> <Node id="1838"/>at<Node id="1840"/> <Node id="1841"/>least<Node id="1846"/> <Node id="1847"/>not<Node id="1850"/> <Node id="1851"/>by<Node id="1853"/> <Node id="1854"/>God<Node id="1857"/>.<Node id="1858"/>
<Node id="1859"/>
<Node id="1860"/>
<Node id="1861"/>|<Node id="1862"/> <Node id="1863"/>"<Node id="1864"/>Answer<Node id="1870"/> <Node id="1871"/>not<Node id="1874"/> <Node id="1875"/>a<Node id="1876"/> <Node id="1877"/>fool<Node id="1881"/> <Node id="1882"/>according<Node id="1891"/> <Node id="1892"/>to<Node id="1894"/> <Node id="1895"/>his<Node id="1898"/> <Node id="1899"/>folly<Node id="1904"/>,<Node id="1905"/> <Node id="1906"/>lest<Node id="1910"/> <Node id="1911"/>thou<Node id="1915"/> <Node id="1916"/>also<Node id="1920"/> <Node id="1921"/>be<Node id="1923"/> <Node id="1924"/>like<Node id="1928"/> <Node id="1929"/>unto<Node id="1933"/> <Node id="1934"/>him<Node id="1937"/>.<Node id="1938"/>"<Node id="1939"/> <Node id="1940"/>|<Node id="1941"/>
<Node id="1942"/>|<Node id="1943"/> <Node id="1944"/>"<Node id="1945"/>Answer<Node id="1951"/> <Node id="1952"/>a<Node id="1953"/> <Node id="1954"/>fool<Node id="1958"/> <Node id="1959"/>according<Node id="1968"/> <Node id="1969"/>to<Node id="1971"/> <Node id="1972"/>his<Node id="1975"/> <Node id="1976"/>folly<Node id="1981"/>,<Node id="1982"/> <Node id="1983"/>lest<Node id="1987"/> <Node id="1988"/>he<Node id="1990"/> <Node id="1991"/>be<Node id="1993"/> <Node id="1994"/>wise<Node id="1998"/> <Node id="1999"/>in<Node id="2001"/> <Node id="2002"/>his<Node id="2005"/> <Node id="2006"/>own<Node id="2009"/> <Node id="2010"/>conceit<Node id="2017"/>.<Node id="2018"/>"<Node id="2019"/> <Node id="2020"/> <Node id="2021"/>|<Node id="2022"/>
<Node id="2023"/>|<Node id="2024"/> <Node id="2025"/>(<Node id="2026"/>proverbs<Node id="2034"/> <Node id="2035"/>26<Node id="2037"/>:<Node id="2038"/>4<Node id="2039"/>&amp;<Node id="2040"/>5<Node id="2041"/>)<Node id="2042"/>
<Node id="2043"/></TextWithNodes>
<!-- The default annotation set -->

<AnnotationSet>
<Annotation EndNode="2043" StartNode="0" Type="Mention" Id="9999999">
<Feature>
<Name classname="java.lang.String">Class</Name>
<Value classname="java.lang.String">0</Value>
</Feature>
</Annotation>

<Annotation Id="5" Type="Token" StartNode="11" EndNode="20">
<Feature>
  <Name className="java.lang.String">string</Name>
  <Value className="java.lang.String">Granberry</Value>
</Feature>
</Annotation>
<Annotation Id="16" Type="Token" StartNode="39" EndNode="48">
<Feature>
  <Name className="java.lang.String">string</Name>
  <Value className="java.lang.String">Granberry</Value>
</Feature>
</Annotation>
<Annotation Id="19" Type="Token" StartNode="50" EndNode="58">
<Feature>
  <Name className="java.lang.String">string</Name>
  <Value className="java.lang.String">Message-</Value>
</Feature>
</Annotation>
<Annotation Id="40" Type="Token" StartNode="95" EndNode="102">
<Feature>
  <Name className="java.lang.String">string</Name>
  <Value className="java.lang.String">rutgers</Value>
</Feature>
</Annotation>
<Annotation Id="62" Type="Token" StartNode="137" EndNode="143">
<Feature>
  <Name className="java.lang.String">string</Name>
  <Value className="java.lang.String">Sender</Value>
</Feature>
</Annotation>
<Annotation Id="69" Type="Token" StartNode="159" EndNode="166">
<Feature>
  <Name className="java.lang.String">string</Name>
  <Value className="java.lang.String">rutgers</Value>
</Feature>
</Annotation>
<Annotation Id="65" Type="Token" StartNode="145" EndNode="152">
<Feature>
  <Name className="java.lang.String">string</Name>
  <Value className="java.lang.String">hedrick</Value>
</Feature>
</Annotation>
<Annotation Id="79" Type="Token" StartNode="186" EndNode="195">
<Feature>
  <Name className="java.lang.String">string</Name>
  <Value className="java.lang.String">Granberry</Value>
</Feature>
</Annotation>
<Annotation Id="73" Type="Token" StartNode="171" EndNode="177">
<Feature>
  <Name className="java.lang.String">string</Name>
  <Value className="java.lang.String">Reply-</Value>
</Feature>
</Annotation>
<Annotation Id="90" Type="Token" StartNode="214" EndNode="223">
<Feature>
  <Name className="java.lang.String">string</Name>
  <Value className="java.lang.String">Granberry</Value>
</Feature>
</Annotation>
<Annotation Id="103" Type="Token" StartNode="255" EndNode="261">
<Feature>
  <Name className="java.lang.String">string</Name>
  <Value className="java.lang.String">aramis</Value>
</Feature>
</Annotation>
<Annotation Id="101" Type="Token" StartNode="245" EndNode="254">
<Feature>
  <Name className="java.lang.String">string</Name>
  <Value className="java.lang.String">christian</Value>
</Feature>
</Annotation>
<Annotation Id="98" Type="Token" StartNode="235" EndNode="243">
<Feature>
  <Name className="java.lang.String">string</Name>
  <Value className="java.lang.String">Approved</Value>
</Feature>
</Annotation>
<Annotation Id="105" Type="Token" StartNode="262" EndNode="269">
<Feature>
  <Name className="java.lang.String">string</Name>
  <Value className="java.lang.String">rutgers</Value>
</Feature>
</Annotation>
<Annotation Id="112" Type="Token" StartNode="278" EndNode="285">
<Feature>
  <Name className="java.lang.String">string</Name>
  <Value className="java.lang.String">article</Value>
</Feature>
</Annotation>
<Annotation Id="138" Type="Token" StartNode="334" EndNode="340">
<Feature>
  <Name className="java.lang.String">string</Name>
  <Value className="java.lang.String">muddmj</Value>
</Feature>
</Annotation>
<Annotation Id="143" Type="Token" StartNode="348" EndNode="354">
<Feature>
  <Name className="java.lang.String">string</Name>
  <Value className="java.lang.String">bitnet</Value>
</Feature>
</Annotation>
<Annotation Id="131" Type="Token" StartNode="319" EndNode="326">
<Feature>
  <Name className="java.lang.String">string</Name>
  <Value className="java.lang.String">rutgers</Value>
</Feature>
</Annotation>
<Annotation Id="152" Type="Token" StartNode="367" EndNode="376">
<Feature>
  <Name className="java.lang.String">string</Name>
  <Value className="java.lang.String">Therefore</Value>
</Feature>
</Annotation>
<Annotation Id="157" Type="Token" StartNode="384" EndNode="391">
<Feature>
  <Name className="java.lang.String">string</Name>
  <Value className="java.lang.String">someone</Value>
</Feature>
</Annotation>
<Annotation Id="145" Type="Token" StartNode="355" EndNode="361">
<Feature>
  <Name className="java.lang.String">string</Name>
  <Value className="java.lang.String">writes</Value>
</Feature>
</Annotation>
<Annotation Id="161" Type="Token" StartNode="395" EndNode="402">
<Feature>
  <Name className="java.lang.String">string</Name>
  <Value className="java.lang.String">capable</Value>
</Feature>
</Annotation>
<Annotation Id="165" Type="Token" StartNode="406" EndNode="419">
<Feature>
  <Name className="java.lang.String">string</Name>
  <Value className="java.lang.String">comprehending</Value>
</Feature>
</Annotation>
<Annotation Id="184" Type="Token" StartNode="449" EndNode="460">
<Feature>
  <Name className="java.lang.String">string</Name>
  <Value className="java.lang.String">accountable</Value>
</Feature>
</Annotation>
<Annotation Id="188" Type="Token" StartNode="465" EndNode="471">
<Feature>
  <Name className="java.lang.String">string</Name>
  <Value className="java.lang.String">living</Value>
</Feature>
</Annotation>
<Annotation Id="218" Type="Token" StartNode="524" EndNode="531">
<Feature>
  <Name className="java.lang.String">string</Name>
  <Value className="java.lang.String">removed</Value>
</Feature>
</Annotation>
<Annotation Id="237" Type="Token" StartNode="569" EndNode="577">
<Feature>
  <Name className="java.lang.String">string</Name>
  <Value className="java.lang.String">decision</Value>
</Feature>
</Annotation>
<Annotation Id="235" Type="Token" StartNode="559" EndNode="568">
<Feature>
  <Name className="java.lang.String">string</Name>
  <Value className="java.lang.String">conscious</Value>
</Feature>
</Annotation>
<Annotation Id="241" Type="Token" StartNode="581" EndNode="588">
<Feature>
  <Name className="java.lang.String">string</Name>
  <Value className="java.lang.String">disobey</Value>
</Feature>
</Annotation>
<Annotation Id="274" Type="Token" StartNode="636" EndNode="644">
<Feature>
  <Name className="java.lang.String">string</Name>
  <Value className="java.lang.String">supposed</Value>
</Feature>
</Annotation>
<Annotation Id="280" Type="Token" StartNode="651" EndNode="659">
<Feature>
  <Name className="java.lang.String">string</Name>
  <Value className="java.lang.String">baptised</Value>
</Feature>
</Annotation>
<Annotation Id="268" Type="Token" StartNode="621" EndNode="627">
<Feature>
  <Name className="java.lang.String">string</Name>
  <Value className="java.lang.String">babies</Value>
</Feature>
</Annotation>
<Annotation Id="341" Type="Token" StartNode="788" EndNode="794">
<Feature>
  <Name className="java.lang.String">string</Name>
  <Value className="java.lang.String">taught</Value>
</Feature>
</Annotation>
<Annotation Id="347" Type="Token" StartNode="802" EndNode="810">
<Feature>
  <Name className="java.lang.String">string</Name>
  <Value className="java.lang.String">baptised</Value>
</Feature>
</Annotation>
<Annotation Id="320" Type="Token" StartNode="740" EndNode="746">
<Feature>
  <Name className="java.lang.String">string</Name>
  <Value className="java.lang.String">people</Value>
</Feature>
</Annotation>
<Annotation Id="364" Type="Token" StartNode="829" EndNode="835">
<Feature>
  <Name className="java.lang.String">string</Name>
  <Value className="java.lang.String">Christ</Value>
</Feature>
</Annotation>
<Annotation Id="410" Type="Token" StartNode="910" EndNode="917">
<Feature>
  <Name className="java.lang.String">string</Name>
  <Value className="java.lang.String">kingdom</Value>
</Feature>
</Annotation>
<Annotation Id="412" Type="Token" StartNode="918" EndNode="925">
<Feature>
  <Name className="java.lang.String">string</Name>
  <Value className="java.lang.String">without</Value>
</Feature>
</Annotation>
<Annotation Id="393" Type="Token" StartNode="875" EndNode="881">
<Feature>
  <Name className="java.lang.String">string</Name>
  <Value className="java.lang.String">assure</Value>
</Feature>
</Annotation>
<Annotation Id="391" Type="Token" StartNode="867" EndNode="874">
<Feature>
  <Name className="java.lang.String">string</Name>
  <Value className="java.lang.String">solemly</Value>
</Feature>
</Annotation>
<Annotation Id="436" Type="Token" StartNode="962" EndNode="968">
<Feature>
  <Name className="java.lang.String">string</Name>
  <Value className="java.lang.String">Spirit</Value>
</Feature>
</Annotation>
<Annotation Id="478" Type="Token" StartNode="1037" EndNode="1045">
<Feature>
  <Name className="java.lang.String">string</Name>
  <Value className="java.lang.String">begotten</Value>
</Feature>
</Annotation>
<Annotation Id="448" Type="Token" StartNode="983" EndNode="992">
<Feature>
  <Name className="java.lang.String">string</Name>
  <Value className="java.lang.String">surprised</Value>
</Feature>
</Annotation>
<Annotation Id="508" Type="Token" StartNode="1109" EndNode="1117">
<Feature>
  <Name className="java.lang.String">string</Name>
  <Value className="java.lang.String">original</Value>
</Feature>
</Annotation>
<Annotation Id="500" Type="Token" StartNode="1087" EndNode="1095">
<Feature>
  <Name className="java.lang.String">string</Name>
  <Value className="java.lang.String">everyone</Value>
</Feature>
</Annotation>
<Annotation Id="498" Type="Token" StartNode="1079" EndNode="1086">
<Feature>
  <Name className="java.lang.String">string</Name>
  <Value className="java.lang.String">because</Value>
</Feature>
</Annotation>
<Annotation Id="544" Type="Token" StartNode="1194" EndNode="1202">
<Feature>
  <Name className="java.lang.String">string</Name>
  <Value className="java.lang.String">promised</Value>
</Feature>
</Annotation>
<Annotation Id="552" Type="Token" StartNode="1213" EndNode="1225">
<Feature>
  <Name className="java.lang.String">string</Name>
  <Value className="java.lang.String">Christianity</Value>
</Feature>
</Annotation>
<Annotation Id="561" Type="Token" StartNode="1233" EndNode="1239">
<Feature>
  <Name className="java.lang.String">string</Name>
  <Value className="java.lang.String">submit</Value>
</Feature>
</Annotation>
<Annotation Id="575" Type="Token" StartNode="1270" EndNode="1281">
<Feature>
  <Name className="java.lang.String">string</Name>
  <Value className="java.lang.String">responsible</Value>
</Feature>
</Annotation>
<Annotation Id="573" Type="Token" StartNode="1261" EndNode="1269">
<Feature>
  <Name className="java.lang.String">string</Name>
  <Value className="java.lang.String">children</Value>
</Feature>
</Annotation>
<Annotation Id="527" Type="Token" StartNode="1142" EndNode="1148">
<Feature>
  <Name className="java.lang.String">string</Name>
  <Value className="java.lang.String">attach</Value>
</Feature>
</Annotation>
<Annotation Id="531" Type="Token" StartNode="1154" EndNode="1161">
<Feature>
  <Name className="java.lang.String">string</Name>
  <Value className="java.lang.String">meaning</Value>
</Feature>
</Annotation>
<Annotation Id="537" Type="Token" StartNode="1169" EndNode="1179">
<Feature>
  <Name className="java.lang.String">string</Name>
  <Value className="java.lang.String">Israelites</Value>
</Feature>
</Annotation>
<Annotation Id="539" Type="Token" StartNode="1180" EndNode="1188">
<Feature>
  <Name className="java.lang.String">string</Name>
  <Value className="java.lang.String">entering</Value>
</Feature>
</Annotation>
<Annotation Id="619" Type="Token" StartNode="1379" EndNode="1387">
<Feature>
  <Name className="java.lang.String">string</Name>
  <Value className="java.lang.String">recorded</Value>
</Feature>
</Annotation>
<Annotation Id="627" Type="Token" StartNode="1398" EndNode="1409">
<Feature>
  <Name className="java.lang.String">string</Name>
  <Value className="java.lang.String">Deuteronomy</Value>
</Feature>
</Annotation>
<Annotation Id="634" Type="Token" StartNode="1416" EndNode="1424">
<Feature>
  <Name className="java.lang.String">string</Name>
  <Value className="java.lang.String">Moreover</Value>
</Feature>
</Annotation>
<Annotation Id="638" Type="Token" StartNode="1430" EndNode="1436">
<Feature>
  <Name className="java.lang.String">string</Name>
  <Value className="java.lang.String">little</Value>
</Feature>
</Annotation>
<Annotation Id="581" Type="Token" StartNode="1291" EndNode="1297">
<Feature>
  <Name className="java.lang.String">string</Name>
  <Value className="java.lang.String">adults</Value>
</Feature>
</Annotation>
<Annotation Id="588" Type="Token" StartNode="1308" EndNode="1314">
<Feature>
  <Name className="java.lang.String">string</Name>
  <Value className="java.lang.String">follow</Value>
</Feature>
</Annotation>
<Annotation Id="594" Type="Token" StartNode="1323" EndNode="1329">
<Feature>
  <Name className="java.lang.String">string</Name>
  <Value className="java.lang.String">report</Value>
</Feature>
</Annotation>
<Annotation Id="606" Type="Token" StartNode="1351" EndNode="1357">
<Feature>
  <Name className="java.lang.String">string</Name>
  <Value className="java.lang.String">Joshua</Value>
</Feature>
</Annotation>
<Annotation Id="681" Type="Token" StartNode="1531" EndNode="1538">
<Feature>
  <Name className="java.lang.String">string</Name>
  <Value className="java.lang.String">between</Value>
</Feature>
</Annotation>
<Annotation Id="678" Type="Token" StartNode="1520" EndNode="1529">
<Feature>
  <Name className="java.lang.String">string</Name>
  <Value className="java.lang.String">knowledge</Value>
</Feature>
</Annotation>
<Annotation Id="698" Type="Token" StartNode="1571" EndNode="1578">
<Feature>
  <Name className="java.lang.String">string</Name>
  <Value className="java.lang.String">thither</Value>
</Feature>
</Annotation>
<Annotation Id="650" Type="Token" StartNode="1458" EndNode="1464">
<Feature>
  <Name className="java.lang.String">string</Name>
  <Value className="java.lang.String">should</Value>
</Feature>
</Annotation>
<Annotation Id="663" Type="Token" StartNode="1485" EndNode="1493">
<Feature>
  <Name className="java.lang.String">string</Name>
  <Value className="java.lang.String">children</Value>
</Feature>
</Annotation>
<Annotation Id="762" Type="Token" StartNode="1700" EndNode="1708">
<Feature>
  <Name className="java.lang.String">string</Name>
  <Value className="java.lang.String">maturity</Value>
</Feature>
</Annotation>
<Annotation Id="723" Type="Token" StartNode="1626" EndNode="1633">
<Feature>
  <Name className="java.lang.String">string</Name>
  <Value className="java.lang.String">possess</Value>
</Feature>
</Annotation>
<Annotation Id="789" Type="Token" StartNode="1773" EndNode="1781">
<Feature>
  <Name className="java.lang.String">string</Name>
  <Value className="java.lang.String">Promised</Value>
</Feature>
</Annotation>
<Annotation Id="796" Type="Token" StartNode="1790" EndNode="1797">
<Feature>
  <Name className="java.lang.String">string</Name>
  <Value className="java.lang.String">younger</Value>
</Feature>
</Annotation>
<Annotation Id="775" Type="Token" StartNode="1735" EndNode="1746">
<Feature>
  <Name className="java.lang.String">string</Name>
  <Value className="java.lang.String">responsible</Value>
</Feature>
</Annotation>
<Annotation Id="871" Type="Token" StartNode="1945" EndNode="1951">
<Feature>
  <Name className="java.lang.String">string</Name>
  <Value className="java.lang.String">Answer</Value>
</Feature>
</Annotation>
<Annotation Id="877" Type="Token" StartNode="1959" EndNode="1968">
<Feature>
  <Name className="java.lang.String">string</Name>
  <Value className="java.lang.String">according</Value>
</Feature>
</Annotation>
<Annotation Id="833" Type="Token" StartNode="1864" EndNode="1870">
<Feature>
  <Name className="java.lang.String">string</Name>
  <Value className="java.lang.String">Answer</Value>
</Feature>
</Annotation>
<Annotation Id="841" Type="Token" StartNode="1882" EndNode="1891">
<Feature>
  <Name className="java.lang.String">string</Name>
  <Value className="java.lang.String">according</Value>
</Feature>
</Annotation>
<Annotation Id="910" Type="Token" StartNode="2026" EndNode="2034">
<Feature>
  <Name className="java.lang.String">string</Name>
  <Value className="java.lang.String">proverbs</Value>
</Feature>
</Annotation>
<Annotation Id="900" Type="Token" StartNode="2010" EndNode="2017">
<Feature>
  <Name className="java.lang.String">string</Name>
  <Value className="java.lang.String">conceit</Value>
</Feature>
</Annotation>
</AnnotationSet>
<AnnotationSet Name="Original markups"> </AnnotationSet>
</GateDocument>