<?xml version='1.0' encoding='UTF-8'?>
<GateDocument version="3">
<!-- The document's features-->

<GateDocumentFeatures>
<Feature>
  <Name className="java.lang.String">Original_document_content_on_load</Name>
  <Value className="java.lang.String">From: CCCAMPER%MIZZOU1.BITNET@AUVM.AMERICAN.EDU (Elizabeth Stevens)
Message-ID: &lt;May.23.04.56.13.1993.20061@athos.rutgers.edu>
Date: 23 May 93 08:56:14 GMT
Sender: hedrick@athos.rutgers.edu
Reply-To: Free Catholic Mailing List &lt;CATHOLIC@AMERICAN.EDU>
Organization: University of Missouri-Columbia Campus Computing, 314-882-2000
Lines: 59
Approved: christian@aramis.rutgers.edu


  Easy vs. Hard .....Easy on who?

I had a rare very personal talk with my mother last year.  She said
that when she and my father were raising we four children, they
did not try to raise us in this world as strictly as they were raised
in their Norwegian Lutheran community. They felt that we would be
alienated from them and it would create problems.
  In other words, my parent did the very tolerant, loving thing. They
raised us without conflict, without what we saw as unreasonable
demands and were always accepting, no matter what the circumstances.
  What happened was that I grew up believing in situation ethics and
never absolutes. I believed in a loving God, and my concept of God
never involved justice or punishment, nor was there any concept that
I may someday be held responsible for the things that offended
Him...sins that the "world" told me were OK.
  My parents are very good, honest and moral people. They raised
four extremely honest children. Yet, before coming to a more
complete knowledge of God (which includes the knowledge of justice
and punishment)I committed what I now believe to be many, many
grave sins. I lived with a partner outside of marriage, was married
and divorced ( only after physical abuse and no apparent hope for
change...but I shouldn't have married to person in the first place )
and more....
  My parents felt they were doing the loving,kind thing by allowing
us to be who we were, by not imposing their standards on us, and by
accepting unquestioningly everything we did without judgement or
counsel.
  Today, it is absolutely appalling for me to look back on what they
*did* accept without a word. It takes courages to dare to help souls
because you must speak up and say what is unpopular and
difficult and what people do not want to hear. You must be able
to say what is hard, and say it as Christ would, with love and
compassion. It involves risk....perhaps someone you love may not
want to hear and will stay away from you.
  This life is "but dust". As long as the comfort of this life
is our highest priority, we will fail God and fail those
with whom we come in contact.
  I wonder how many who engage in sex outside of marriage, who
support the "right" to abortion, who engage in homosexuality,
or who commit any of the range of sins that are plentiful in
this time have ever heard from a quiet, thoughtful, loving
friend that these things are *wrong*. No one ever told me that
what I was doing was wrong, and I saw multitudes around me
living the same way I was and they seemed like good, decent
people. (wouldn't kick dogs or beat the elderly or babies..)
It is more difficult for sinners without a genuine prayer
life to hear the Holy Spirit than it is to hear a loving friend.
Think about this the next time the Holy Spirit tells you that
a friend is in error, but you don't want to "cause trouble".
Righteous prayers is great power, but don't forget that we are
we are Christ's lips and hands on earth. Don't be afraid to
simply voice Truth when the situation calls for it. Say a
fervent prayer and ask the Holy Spirit for Love and guidance.
In more ways than we may realize, we *are* our brother's
keeper.

In Jesus and Mary,
Elizabeth
</Value>
</Feature>
<Feature>
  <Name className="java.lang.String">gate.SourceURL</Name>
  <Value className="java.lang.String">file:/C:/Users/jian/Documents/NetBeansProjects/NoiseReductionTechniques/mideastPoliticsMix/negative1189</Value>
</Feature>
</GateDocumentFeatures>
<!-- The document content area with serialized nodes -->

<TextWithNodes><Node id="0"/>From<Node id="4"/>:<Node id="5"/> <Node id="6"/>CCCAMPER<Node id="14"/>%<Node id="15"/>MIZZOU<Node id="21"/>1<Node id="22"/>.<Node id="23"/>BITNET<Node id="29"/>@<Node id="30"/>AUVM<Node id="34"/>.<Node id="35"/>AMERICAN<Node id="43"/>.<Node id="44"/>EDU<Node id="47"/> <Node id="48"/>(<Node id="49"/>Elizabeth<Node id="58"/> <Node id="59"/>Stevens<Node id="66"/>)<Node id="67"/>
<Node id="68"/>Message-<Node id="76"/>ID<Node id="78"/>:<Node id="79"/> <Node id="80"/>&lt;<Node id="81"/>May<Node id="84"/>.<Node id="85"/>23<Node id="87"/>.<Node id="88"/>04<Node id="90"/>.<Node id="91"/>56<Node id="93"/>.<Node id="94"/>13<Node id="96"/>.<Node id="97"/>1993<Node id="101"/>.<Node id="102"/>20061<Node id="107"/>@<Node id="108"/>athos<Node id="113"/>.<Node id="114"/>rutgers<Node id="121"/>.<Node id="122"/>edu<Node id="125"/>&gt;<Node id="126"/>
<Node id="127"/>Date<Node id="131"/>:<Node id="132"/> <Node id="133"/>23<Node id="135"/> <Node id="136"/>May<Node id="139"/> <Node id="140"/>93<Node id="142"/> <Node id="143"/>08<Node id="145"/>:<Node id="146"/>56<Node id="148"/>:<Node id="149"/>14<Node id="151"/> <Node id="152"/>GMT<Node id="155"/>
<Node id="156"/>Sender<Node id="162"/>:<Node id="163"/> <Node id="164"/>hedrick<Node id="171"/>@<Node id="172"/>athos<Node id="177"/>.<Node id="178"/>rutgers<Node id="185"/>.<Node id="186"/>edu<Node id="189"/>
<Node id="190"/>Reply-<Node id="196"/>To<Node id="198"/>:<Node id="199"/> <Node id="200"/>Free<Node id="204"/> <Node id="205"/>Catholic<Node id="213"/> <Node id="214"/>Mailing<Node id="221"/> <Node id="222"/>List<Node id="226"/> <Node id="227"/>&lt;<Node id="228"/>CATHOLIC<Node id="236"/>@<Node id="237"/>AMERICAN<Node id="245"/>.<Node id="246"/>EDU<Node id="249"/>&gt;<Node id="250"/>
<Node id="251"/>Organization<Node id="263"/>:<Node id="264"/> <Node id="265"/>University<Node id="275"/> <Node id="276"/>of<Node id="278"/> <Node id="279"/>Missouri-<Node id="288"/>Columbia<Node id="296"/> <Node id="297"/>Campus<Node id="303"/> <Node id="304"/>Computing<Node id="313"/>,<Node id="314"/> <Node id="315"/>314<Node id="318"/>-<Node id="319"/>882<Node id="322"/>-<Node id="323"/>2000<Node id="327"/>
<Node id="328"/>Lines<Node id="333"/>:<Node id="334"/> <Node id="335"/>59<Node id="337"/>
<Node id="338"/>Approved<Node id="346"/>:<Node id="347"/> <Node id="348"/>christian<Node id="357"/>@<Node id="358"/>aramis<Node id="364"/>.<Node id="365"/>rutgers<Node id="372"/>.<Node id="373"/>edu<Node id="376"/>
<Node id="377"/>
<Node id="378"/>
<Node id="379"/> <Node id="380"/> <Node id="381"/>Easy<Node id="385"/> <Node id="386"/>vs<Node id="388"/>.<Node id="389"/> <Node id="390"/>Hard<Node id="394"/> <Node id="395"/>.<Node id="396"/>.<Node id="397"/>.<Node id="398"/>.<Node id="399"/>.<Node id="400"/>Easy<Node id="404"/> <Node id="405"/>on<Node id="407"/> <Node id="408"/>who<Node id="411"/>?<Node id="412"/>
<Node id="413"/>
<Node id="414"/>I<Node id="415"/> <Node id="416"/>had<Node id="419"/> <Node id="420"/>a<Node id="421"/> <Node id="422"/>rare<Node id="426"/> <Node id="427"/>very<Node id="431"/> <Node id="432"/>personal<Node id="440"/> <Node id="441"/>talk<Node id="445"/> <Node id="446"/>with<Node id="450"/> <Node id="451"/>my<Node id="453"/> <Node id="454"/>mother<Node id="460"/> <Node id="461"/>last<Node id="465"/> <Node id="466"/>year<Node id="470"/>.<Node id="471"/> <Node id="472"/> <Node id="473"/>She<Node id="476"/> <Node id="477"/>said<Node id="481"/>
<Node id="482"/>that<Node id="486"/> <Node id="487"/>when<Node id="491"/> <Node id="492"/>she<Node id="495"/> <Node id="496"/>and<Node id="499"/> <Node id="500"/>my<Node id="502"/> <Node id="503"/>father<Node id="509"/> <Node id="510"/>were<Node id="514"/> <Node id="515"/>raising<Node id="522"/> <Node id="523"/>we<Node id="525"/> <Node id="526"/>four<Node id="530"/> <Node id="531"/>children<Node id="539"/>,<Node id="540"/> <Node id="541"/>they<Node id="545"/>
<Node id="546"/>did<Node id="549"/> <Node id="550"/>not<Node id="553"/> <Node id="554"/>try<Node id="557"/> <Node id="558"/>to<Node id="560"/> <Node id="561"/>raise<Node id="566"/> <Node id="567"/>us<Node id="569"/> <Node id="570"/>in<Node id="572"/> <Node id="573"/>this<Node id="577"/> <Node id="578"/>world<Node id="583"/> <Node id="584"/>as<Node id="586"/> <Node id="587"/>strictly<Node id="595"/> <Node id="596"/>as<Node id="598"/> <Node id="599"/>they<Node id="603"/> <Node id="604"/>were<Node id="608"/> <Node id="609"/>raised<Node id="615"/>
<Node id="616"/>in<Node id="618"/> <Node id="619"/>their<Node id="624"/> <Node id="625"/>Norwegian<Node id="634"/> <Node id="635"/>Lutheran<Node id="643"/> <Node id="644"/>community<Node id="653"/>.<Node id="654"/> <Node id="655"/>They<Node id="659"/> <Node id="660"/>felt<Node id="664"/> <Node id="665"/>that<Node id="669"/> <Node id="670"/>we<Node id="672"/> <Node id="673"/>would<Node id="678"/> <Node id="679"/>be<Node id="681"/>
<Node id="682"/>alienated<Node id="691"/> <Node id="692"/>from<Node id="696"/> <Node id="697"/>them<Node id="701"/> <Node id="702"/>and<Node id="705"/> <Node id="706"/>it<Node id="708"/> <Node id="709"/>would<Node id="714"/> <Node id="715"/>create<Node id="721"/> <Node id="722"/>problems<Node id="730"/>.<Node id="731"/>
<Node id="732"/> <Node id="733"/> <Node id="734"/>In<Node id="736"/> <Node id="737"/>other<Node id="742"/> <Node id="743"/>words<Node id="748"/>,<Node id="749"/> <Node id="750"/>my<Node id="752"/> <Node id="753"/>parent<Node id="759"/> <Node id="760"/>did<Node id="763"/> <Node id="764"/>the<Node id="767"/> <Node id="768"/>very<Node id="772"/> <Node id="773"/>tolerant<Node id="781"/>,<Node id="782"/> <Node id="783"/>loving<Node id="789"/> <Node id="790"/>thing<Node id="795"/>.<Node id="796"/> <Node id="797"/>They<Node id="801"/>
<Node id="802"/>raised<Node id="808"/> <Node id="809"/>us<Node id="811"/> <Node id="812"/>without<Node id="819"/> <Node id="820"/>conflict<Node id="828"/>,<Node id="829"/> <Node id="830"/>without<Node id="837"/> <Node id="838"/>what<Node id="842"/> <Node id="843"/>we<Node id="845"/> <Node id="846"/>saw<Node id="849"/> <Node id="850"/>as<Node id="852"/> <Node id="853"/>unreasonable<Node id="865"/>
<Node id="866"/>demands<Node id="873"/> <Node id="874"/>and<Node id="877"/> <Node id="878"/>were<Node id="882"/> <Node id="883"/>always<Node id="889"/> <Node id="890"/>accepting<Node id="899"/>,<Node id="900"/> <Node id="901"/>no<Node id="903"/> <Node id="904"/>matter<Node id="910"/> <Node id="911"/>what<Node id="915"/> <Node id="916"/>the<Node id="919"/> <Node id="920"/>circumstances<Node id="933"/>.<Node id="934"/>
<Node id="935"/> <Node id="936"/> <Node id="937"/>What<Node id="941"/> <Node id="942"/>happened<Node id="950"/> <Node id="951"/>was<Node id="954"/> <Node id="955"/>that<Node id="959"/> <Node id="960"/>I<Node id="961"/> <Node id="962"/>grew<Node id="966"/> <Node id="967"/>up<Node id="969"/> <Node id="970"/>believing<Node id="979"/> <Node id="980"/>in<Node id="982"/> <Node id="983"/>situation<Node id="992"/> <Node id="993"/>ethics<Node id="999"/> <Node id="1000"/>and<Node id="1003"/>
<Node id="1004"/>never<Node id="1009"/> <Node id="1010"/>absolutes<Node id="1019"/>.<Node id="1020"/> <Node id="1021"/>I<Node id="1022"/> <Node id="1023"/>believed<Node id="1031"/> <Node id="1032"/>in<Node id="1034"/> <Node id="1035"/>a<Node id="1036"/> <Node id="1037"/>loving<Node id="1043"/> <Node id="1044"/>God<Node id="1047"/>,<Node id="1048"/> <Node id="1049"/>and<Node id="1052"/> <Node id="1053"/>my<Node id="1055"/> <Node id="1056"/>concept<Node id="1063"/> <Node id="1064"/>of<Node id="1066"/> <Node id="1067"/>God<Node id="1070"/>
<Node id="1071"/>never<Node id="1076"/> <Node id="1077"/>involved<Node id="1085"/> <Node id="1086"/>justice<Node id="1093"/> <Node id="1094"/>or<Node id="1096"/> <Node id="1097"/>punishment<Node id="1107"/>,<Node id="1108"/> <Node id="1109"/>nor<Node id="1112"/> <Node id="1113"/>was<Node id="1116"/> <Node id="1117"/>there<Node id="1122"/> <Node id="1123"/>any<Node id="1126"/> <Node id="1127"/>concept<Node id="1134"/> <Node id="1135"/>that<Node id="1139"/>
<Node id="1140"/>I<Node id="1141"/> <Node id="1142"/>may<Node id="1145"/> <Node id="1146"/>someday<Node id="1153"/> <Node id="1154"/>be<Node id="1156"/> <Node id="1157"/>held<Node id="1161"/> <Node id="1162"/>responsible<Node id="1173"/> <Node id="1174"/>for<Node id="1177"/> <Node id="1178"/>the<Node id="1181"/> <Node id="1182"/>things<Node id="1188"/> <Node id="1189"/>that<Node id="1193"/> <Node id="1194"/>offended<Node id="1202"/>
<Node id="1203"/>Him<Node id="1206"/>.<Node id="1207"/>.<Node id="1208"/>.<Node id="1209"/>sins<Node id="1213"/> <Node id="1214"/>that<Node id="1218"/> <Node id="1219"/>the<Node id="1222"/> <Node id="1223"/>"<Node id="1224"/>world<Node id="1229"/>"<Node id="1230"/> <Node id="1231"/>told<Node id="1235"/> <Node id="1236"/>me<Node id="1238"/> <Node id="1239"/>were<Node id="1243"/> <Node id="1244"/>OK<Node id="1246"/>.<Node id="1247"/>
<Node id="1248"/> <Node id="1249"/> <Node id="1250"/>My<Node id="1252"/> <Node id="1253"/>parents<Node id="1260"/> <Node id="1261"/>are<Node id="1264"/> <Node id="1265"/>very<Node id="1269"/> <Node id="1270"/>good<Node id="1274"/>,<Node id="1275"/> <Node id="1276"/>honest<Node id="1282"/> <Node id="1283"/>and<Node id="1286"/> <Node id="1287"/>moral<Node id="1292"/> <Node id="1293"/>people<Node id="1299"/>.<Node id="1300"/> <Node id="1301"/>They<Node id="1305"/> <Node id="1306"/>raised<Node id="1312"/>
<Node id="1313"/>four<Node id="1317"/> <Node id="1318"/>extremely<Node id="1327"/> <Node id="1328"/>honest<Node id="1334"/> <Node id="1335"/>children<Node id="1343"/>.<Node id="1344"/> <Node id="1345"/>Yet<Node id="1348"/>,<Node id="1349"/> <Node id="1350"/>before<Node id="1356"/> <Node id="1357"/>coming<Node id="1363"/> <Node id="1364"/>to<Node id="1366"/> <Node id="1367"/>a<Node id="1368"/> <Node id="1369"/>more<Node id="1373"/>
<Node id="1374"/>complete<Node id="1382"/> <Node id="1383"/>knowledge<Node id="1392"/> <Node id="1393"/>of<Node id="1395"/> <Node id="1396"/>God<Node id="1399"/> <Node id="1400"/>(<Node id="1401"/>which<Node id="1406"/> <Node id="1407"/>includes<Node id="1415"/> <Node id="1416"/>the<Node id="1419"/> <Node id="1420"/>knowledge<Node id="1429"/> <Node id="1430"/>of<Node id="1432"/> <Node id="1433"/>justice<Node id="1440"/>
<Node id="1441"/>and<Node id="1444"/> <Node id="1445"/>punishment<Node id="1455"/>)<Node id="1456"/>I<Node id="1457"/> <Node id="1458"/>committed<Node id="1467"/> <Node id="1468"/>what<Node id="1472"/> <Node id="1473"/>I<Node id="1474"/> <Node id="1475"/>now<Node id="1478"/> <Node id="1479"/>believe<Node id="1486"/> <Node id="1487"/>to<Node id="1489"/> <Node id="1490"/>be<Node id="1492"/> <Node id="1493"/>many<Node id="1497"/>,<Node id="1498"/> <Node id="1499"/>many<Node id="1503"/>
<Node id="1504"/>grave<Node id="1509"/> <Node id="1510"/>sins<Node id="1514"/>.<Node id="1515"/> <Node id="1516"/>I<Node id="1517"/> <Node id="1518"/>lived<Node id="1523"/> <Node id="1524"/>with<Node id="1528"/> <Node id="1529"/>a<Node id="1530"/> <Node id="1531"/>partner<Node id="1538"/> <Node id="1539"/>outside<Node id="1546"/> <Node id="1547"/>of<Node id="1549"/> <Node id="1550"/>marriage<Node id="1558"/>,<Node id="1559"/> <Node id="1560"/>was<Node id="1563"/> <Node id="1564"/>married<Node id="1571"/>
<Node id="1572"/>and<Node id="1575"/> <Node id="1576"/>divorced<Node id="1584"/> <Node id="1585"/>(<Node id="1586"/> <Node id="1587"/>only<Node id="1591"/> <Node id="1592"/>after<Node id="1597"/> <Node id="1598"/>physical<Node id="1606"/> <Node id="1607"/>abuse<Node id="1612"/> <Node id="1613"/>and<Node id="1616"/> <Node id="1617"/>no<Node id="1619"/> <Node id="1620"/>apparent<Node id="1628"/> <Node id="1629"/>hope<Node id="1633"/> <Node id="1634"/>for<Node id="1637"/>
<Node id="1638"/>change<Node id="1644"/>.<Node id="1645"/>.<Node id="1646"/>.<Node id="1647"/>but<Node id="1650"/> <Node id="1651"/>I<Node id="1652"/> <Node id="1653"/>should<Node id="1659"/>n't<Node id="1662"/> <Node id="1663"/>have<Node id="1667"/> <Node id="1668"/>married<Node id="1675"/> <Node id="1676"/>to<Node id="1678"/> <Node id="1679"/>person<Node id="1685"/> <Node id="1686"/>in<Node id="1688"/> <Node id="1689"/>the<Node id="1692"/> <Node id="1693"/>first<Node id="1698"/> <Node id="1699"/>place<Node id="1704"/> <Node id="1705"/>)<Node id="1706"/>
<Node id="1707"/>and<Node id="1710"/> <Node id="1711"/>more<Node id="1715"/>.<Node id="1716"/>.<Node id="1717"/>.<Node id="1718"/>.<Node id="1719"/>
<Node id="1720"/> <Node id="1721"/> <Node id="1722"/>My<Node id="1724"/> <Node id="1725"/>parents<Node id="1732"/> <Node id="1733"/>felt<Node id="1737"/> <Node id="1738"/>they<Node id="1742"/> <Node id="1743"/>were<Node id="1747"/> <Node id="1748"/>doing<Node id="1753"/> <Node id="1754"/>the<Node id="1757"/> <Node id="1758"/>loving<Node id="1764"/>,<Node id="1765"/>kind<Node id="1769"/> <Node id="1770"/>thing<Node id="1775"/> <Node id="1776"/>by<Node id="1778"/> <Node id="1779"/>allowing<Node id="1787"/>
<Node id="1788"/>us<Node id="1790"/> <Node id="1791"/>to<Node id="1793"/> <Node id="1794"/>be<Node id="1796"/> <Node id="1797"/>who<Node id="1800"/> <Node id="1801"/>we<Node id="1803"/> <Node id="1804"/>were<Node id="1808"/>,<Node id="1809"/> <Node id="1810"/>by<Node id="1812"/> <Node id="1813"/>not<Node id="1816"/> <Node id="1817"/>imposing<Node id="1825"/> <Node id="1826"/>their<Node id="1831"/> <Node id="1832"/>standards<Node id="1841"/> <Node id="1842"/>on<Node id="1844"/> <Node id="1845"/>us<Node id="1847"/>,<Node id="1848"/> <Node id="1849"/>and<Node id="1852"/> <Node id="1853"/>by<Node id="1855"/>
<Node id="1856"/>accepting<Node id="1865"/> <Node id="1866"/>unquestioningly<Node id="1881"/> <Node id="1882"/>everything<Node id="1892"/> <Node id="1893"/>we<Node id="1895"/> <Node id="1896"/>did<Node id="1899"/> <Node id="1900"/>without<Node id="1907"/> <Node id="1908"/>judgement<Node id="1917"/> <Node id="1918"/>or<Node id="1920"/>
<Node id="1921"/>counsel<Node id="1928"/>.<Node id="1929"/>
<Node id="1930"/> <Node id="1931"/> <Node id="1932"/>Today<Node id="1937"/>,<Node id="1938"/> <Node id="1939"/>it<Node id="1941"/> <Node id="1942"/>is<Node id="1944"/> <Node id="1945"/>absolutely<Node id="1955"/> <Node id="1956"/>appalling<Node id="1965"/> <Node id="1966"/>for<Node id="1969"/> <Node id="1970"/>me<Node id="1972"/> <Node id="1973"/>to<Node id="1975"/> <Node id="1976"/>look<Node id="1980"/> <Node id="1981"/>back<Node id="1985"/> <Node id="1986"/>on<Node id="1988"/> <Node id="1989"/>what<Node id="1993"/> <Node id="1994"/>they<Node id="1998"/>
<Node id="1999"/>*<Node id="2000"/>did<Node id="2003"/>*<Node id="2004"/> <Node id="2005"/>accept<Node id="2011"/> <Node id="2012"/>without<Node id="2019"/> <Node id="2020"/>a<Node id="2021"/> <Node id="2022"/>word<Node id="2026"/>.<Node id="2027"/> <Node id="2028"/>It<Node id="2030"/> <Node id="2031"/>takes<Node id="2036"/> <Node id="2037"/>courages<Node id="2045"/> <Node id="2046"/>to<Node id="2048"/> <Node id="2049"/>dare<Node id="2053"/> <Node id="2054"/>to<Node id="2056"/> <Node id="2057"/>help<Node id="2061"/> <Node id="2062"/>souls<Node id="2067"/>
<Node id="2068"/>because<Node id="2075"/> <Node id="2076"/>you<Node id="2079"/> <Node id="2080"/>must<Node id="2084"/> <Node id="2085"/>speak<Node id="2090"/> <Node id="2091"/>up<Node id="2093"/> <Node id="2094"/>and<Node id="2097"/> <Node id="2098"/>say<Node id="2101"/> <Node id="2102"/>what<Node id="2106"/> <Node id="2107"/>is<Node id="2109"/> <Node id="2110"/>unpopular<Node id="2119"/> <Node id="2120"/>and<Node id="2123"/>
<Node id="2124"/>difficult<Node id="2133"/> <Node id="2134"/>and<Node id="2137"/> <Node id="2138"/>what<Node id="2142"/> <Node id="2143"/>people<Node id="2149"/> <Node id="2150"/>do<Node id="2152"/> <Node id="2153"/>not<Node id="2156"/> <Node id="2157"/>want<Node id="2161"/> <Node id="2162"/>to<Node id="2164"/> <Node id="2165"/>hear<Node id="2169"/>.<Node id="2170"/> <Node id="2171"/>You<Node id="2174"/> <Node id="2175"/>must<Node id="2179"/> <Node id="2180"/>be<Node id="2182"/> <Node id="2183"/>able<Node id="2187"/>
<Node id="2188"/>to<Node id="2190"/> <Node id="2191"/>say<Node id="2194"/> <Node id="2195"/>what<Node id="2199"/> <Node id="2200"/>is<Node id="2202"/> <Node id="2203"/>hard<Node id="2207"/>,<Node id="2208"/> <Node id="2209"/>and<Node id="2212"/> <Node id="2213"/>say<Node id="2216"/> <Node id="2217"/>it<Node id="2219"/> <Node id="2220"/>as<Node id="2222"/> <Node id="2223"/>Christ<Node id="2229"/> <Node id="2230"/>would<Node id="2235"/>,<Node id="2236"/> <Node id="2237"/>with<Node id="2241"/> <Node id="2242"/>love<Node id="2246"/> <Node id="2247"/>and<Node id="2250"/>
<Node id="2251"/>compassion<Node id="2261"/>.<Node id="2262"/> <Node id="2263"/>It<Node id="2265"/> <Node id="2266"/>involves<Node id="2274"/> <Node id="2275"/>risk<Node id="2279"/>.<Node id="2280"/>.<Node id="2281"/>.<Node id="2282"/>.<Node id="2283"/>perhaps<Node id="2290"/> <Node id="2291"/>someone<Node id="2298"/> <Node id="2299"/>you<Node id="2302"/> <Node id="2303"/>love<Node id="2307"/> <Node id="2308"/>may<Node id="2311"/> <Node id="2312"/>not<Node id="2315"/>
<Node id="2316"/>want<Node id="2320"/> <Node id="2321"/>to<Node id="2323"/> <Node id="2324"/>hear<Node id="2328"/> <Node id="2329"/>and<Node id="2332"/> <Node id="2333"/>will<Node id="2337"/> <Node id="2338"/>stay<Node id="2342"/> <Node id="2343"/>away<Node id="2347"/> <Node id="2348"/>from<Node id="2352"/> <Node id="2353"/>you<Node id="2356"/>.<Node id="2357"/>
<Node id="2358"/> <Node id="2359"/> <Node id="2360"/>This<Node id="2364"/> <Node id="2365"/>life<Node id="2369"/> <Node id="2370"/>is<Node id="2372"/> <Node id="2373"/>"<Node id="2374"/>but<Node id="2377"/> <Node id="2378"/>dust<Node id="2382"/>"<Node id="2383"/>.<Node id="2384"/> <Node id="2385"/>As<Node id="2387"/> <Node id="2388"/>long<Node id="2392"/> <Node id="2393"/>as<Node id="2395"/> <Node id="2396"/>the<Node id="2399"/> <Node id="2400"/>comfort<Node id="2407"/> <Node id="2408"/>of<Node id="2410"/> <Node id="2411"/>this<Node id="2415"/> <Node id="2416"/>life<Node id="2420"/>
<Node id="2421"/>is<Node id="2423"/> <Node id="2424"/>our<Node id="2427"/> <Node id="2428"/>highest<Node id="2435"/> <Node id="2436"/>priority<Node id="2444"/>,<Node id="2445"/> <Node id="2446"/>we<Node id="2448"/> <Node id="2449"/>will<Node id="2453"/> <Node id="2454"/>fail<Node id="2458"/> <Node id="2459"/>God<Node id="2462"/> <Node id="2463"/>and<Node id="2466"/> <Node id="2467"/>fail<Node id="2471"/> <Node id="2472"/>those<Node id="2477"/>
<Node id="2478"/>with<Node id="2482"/> <Node id="2483"/>whom<Node id="2487"/> <Node id="2488"/>we<Node id="2490"/> <Node id="2491"/>come<Node id="2495"/> <Node id="2496"/>in<Node id="2498"/> <Node id="2499"/>contact<Node id="2506"/>.<Node id="2507"/>
<Node id="2508"/> <Node id="2509"/> <Node id="2510"/>I<Node id="2511"/> <Node id="2512"/>wonder<Node id="2518"/> <Node id="2519"/>how<Node id="2522"/> <Node id="2523"/>many<Node id="2527"/> <Node id="2528"/>who<Node id="2531"/> <Node id="2532"/>engage<Node id="2538"/> <Node id="2539"/>in<Node id="2541"/> <Node id="2542"/>sex<Node id="2545"/> <Node id="2546"/>outside<Node id="2553"/> <Node id="2554"/>of<Node id="2556"/> <Node id="2557"/>marriage<Node id="2565"/>,<Node id="2566"/> <Node id="2567"/>who<Node id="2570"/>
<Node id="2571"/>support<Node id="2578"/> <Node id="2579"/>the<Node id="2582"/> <Node id="2583"/>"<Node id="2584"/>right<Node id="2589"/>"<Node id="2590"/> <Node id="2591"/>to<Node id="2593"/> <Node id="2594"/>abortion<Node id="2602"/>,<Node id="2603"/> <Node id="2604"/>who<Node id="2607"/> <Node id="2608"/>engage<Node id="2614"/> <Node id="2615"/>in<Node id="2617"/> <Node id="2618"/>homosexuality<Node id="2631"/>,<Node id="2632"/>
<Node id="2633"/>or<Node id="2635"/> <Node id="2636"/>who<Node id="2639"/> <Node id="2640"/>commit<Node id="2646"/> <Node id="2647"/>any<Node id="2650"/> <Node id="2651"/>of<Node id="2653"/> <Node id="2654"/>the<Node id="2657"/> <Node id="2658"/>range<Node id="2663"/> <Node id="2664"/>of<Node id="2666"/> <Node id="2667"/>sins<Node id="2671"/> <Node id="2672"/>that<Node id="2676"/> <Node id="2677"/>are<Node id="2680"/> <Node id="2681"/>plentiful<Node id="2690"/> <Node id="2691"/>in<Node id="2693"/>
<Node id="2694"/>this<Node id="2698"/> <Node id="2699"/>time<Node id="2703"/> <Node id="2704"/>have<Node id="2708"/> <Node id="2709"/>ever<Node id="2713"/> <Node id="2714"/>heard<Node id="2719"/> <Node id="2720"/>from<Node id="2724"/> <Node id="2725"/>a<Node id="2726"/> <Node id="2727"/>quiet<Node id="2732"/>,<Node id="2733"/> <Node id="2734"/>thoughtful<Node id="2744"/>,<Node id="2745"/> <Node id="2746"/>loving<Node id="2752"/>
<Node id="2753"/>friend<Node id="2759"/> <Node id="2760"/>that<Node id="2764"/> <Node id="2765"/>these<Node id="2770"/> <Node id="2771"/>things<Node id="2777"/> <Node id="2778"/>are<Node id="2781"/> <Node id="2782"/>*<Node id="2783"/>wrong<Node id="2788"/>*<Node id="2789"/>.<Node id="2790"/> <Node id="2791"/>No<Node id="2793"/> <Node id="2794"/>one<Node id="2797"/> <Node id="2798"/>ever<Node id="2802"/> <Node id="2803"/>told<Node id="2807"/> <Node id="2808"/>me<Node id="2810"/> <Node id="2811"/>that<Node id="2815"/>
<Node id="2816"/>what<Node id="2820"/> <Node id="2821"/>I<Node id="2822"/> <Node id="2823"/>was<Node id="2826"/> <Node id="2827"/>doing<Node id="2832"/> <Node id="2833"/>was<Node id="2836"/> <Node id="2837"/>wrong<Node id="2842"/>,<Node id="2843"/> <Node id="2844"/>and<Node id="2847"/> <Node id="2848"/>I<Node id="2849"/> <Node id="2850"/>saw<Node id="2853"/> <Node id="2854"/>multitudes<Node id="2864"/> <Node id="2865"/>around<Node id="2871"/> <Node id="2872"/>me<Node id="2874"/>
<Node id="2875"/>living<Node id="2881"/> <Node id="2882"/>the<Node id="2885"/> <Node id="2886"/>same<Node id="2890"/> <Node id="2891"/>way<Node id="2894"/> <Node id="2895"/>I<Node id="2896"/> <Node id="2897"/>was<Node id="2900"/> <Node id="2901"/>and<Node id="2904"/> <Node id="2905"/>they<Node id="2909"/> <Node id="2910"/>seemed<Node id="2916"/> <Node id="2917"/>like<Node id="2921"/> <Node id="2922"/>good<Node id="2926"/>,<Node id="2927"/> <Node id="2928"/>decent<Node id="2934"/>
<Node id="2935"/>people<Node id="2941"/>.<Node id="2942"/> <Node id="2943"/>(<Node id="2944"/>would<Node id="2949"/>n't<Node id="2952"/> <Node id="2953"/>kick<Node id="2957"/> <Node id="2958"/>dogs<Node id="2962"/> <Node id="2963"/>or<Node id="2965"/> <Node id="2966"/>beat<Node id="2970"/> <Node id="2971"/>the<Node id="2974"/> <Node id="2975"/>elderly<Node id="2982"/> <Node id="2983"/>or<Node id="2985"/> <Node id="2986"/>babies<Node id="2992"/>.<Node id="2993"/>.<Node id="2994"/>)<Node id="2995"/>
<Node id="2996"/>It<Node id="2998"/> <Node id="2999"/>is<Node id="3001"/> <Node id="3002"/>more<Node id="3006"/> <Node id="3007"/>difficult<Node id="3016"/> <Node id="3017"/>for<Node id="3020"/> <Node id="3021"/>sinners<Node id="3028"/> <Node id="3029"/>without<Node id="3036"/> <Node id="3037"/>a<Node id="3038"/> <Node id="3039"/>genuine<Node id="3046"/> <Node id="3047"/>prayer<Node id="3053"/>
<Node id="3054"/>life<Node id="3058"/> <Node id="3059"/>to<Node id="3061"/> <Node id="3062"/>hear<Node id="3066"/> <Node id="3067"/>the<Node id="3070"/> <Node id="3071"/>Holy<Node id="3075"/> <Node id="3076"/>Spirit<Node id="3082"/> <Node id="3083"/>than<Node id="3087"/> <Node id="3088"/>it<Node id="3090"/> <Node id="3091"/>is<Node id="3093"/> <Node id="3094"/>to<Node id="3096"/> <Node id="3097"/>hear<Node id="3101"/> <Node id="3102"/>a<Node id="3103"/> <Node id="3104"/>loving<Node id="3110"/> <Node id="3111"/>friend<Node id="3117"/>.<Node id="3118"/>
<Node id="3119"/>Think<Node id="3124"/> <Node id="3125"/>about<Node id="3130"/> <Node id="3131"/>this<Node id="3135"/> <Node id="3136"/>the<Node id="3139"/> <Node id="3140"/>next<Node id="3144"/> <Node id="3145"/>time<Node id="3149"/> <Node id="3150"/>the<Node id="3153"/> <Node id="3154"/>Holy<Node id="3158"/> <Node id="3159"/>Spirit<Node id="3165"/> <Node id="3166"/>tells<Node id="3171"/> <Node id="3172"/>you<Node id="3175"/> <Node id="3176"/>that<Node id="3180"/>
<Node id="3181"/>a<Node id="3182"/> <Node id="3183"/>friend<Node id="3189"/> <Node id="3190"/>is<Node id="3192"/> <Node id="3193"/>in<Node id="3195"/> <Node id="3196"/>error<Node id="3201"/>,<Node id="3202"/> <Node id="3203"/>but<Node id="3206"/> <Node id="3207"/>you<Node id="3210"/> <Node id="3211"/>do<Node id="3213"/>n't<Node id="3216"/> <Node id="3217"/>want<Node id="3221"/> <Node id="3222"/>to<Node id="3224"/> <Node id="3225"/>"<Node id="3226"/>cause<Node id="3231"/> <Node id="3232"/>trouble<Node id="3239"/>"<Node id="3240"/>.<Node id="3241"/>
<Node id="3242"/>Righteous<Node id="3251"/> <Node id="3252"/>prayers<Node id="3259"/> <Node id="3260"/>is<Node id="3262"/> <Node id="3263"/>great<Node id="3268"/> <Node id="3269"/>power<Node id="3274"/>,<Node id="3275"/> <Node id="3276"/>but<Node id="3279"/> <Node id="3280"/>do<Node id="3282"/>n't<Node id="3285"/> <Node id="3286"/>forget<Node id="3292"/> <Node id="3293"/>that<Node id="3297"/> <Node id="3298"/>we<Node id="3300"/> <Node id="3301"/>are<Node id="3304"/>
<Node id="3305"/>we<Node id="3307"/> <Node id="3308"/>are<Node id="3311"/> <Node id="3312"/>Christ<Node id="3318"/>'s<Node id="3320"/> <Node id="3321"/>lips<Node id="3325"/> <Node id="3326"/>and<Node id="3329"/> <Node id="3330"/>hands<Node id="3335"/> <Node id="3336"/>on<Node id="3338"/> <Node id="3339"/>earth<Node id="3344"/>.<Node id="3345"/> <Node id="3346"/>Do<Node id="3348"/>n't<Node id="3351"/> <Node id="3352"/>be<Node id="3354"/> <Node id="3355"/>afraid<Node id="3361"/> <Node id="3362"/>to<Node id="3364"/>
<Node id="3365"/>simply<Node id="3371"/> <Node id="3372"/>voice<Node id="3377"/> <Node id="3378"/>Truth<Node id="3383"/> <Node id="3384"/>when<Node id="3388"/> <Node id="3389"/>the<Node id="3392"/> <Node id="3393"/>situation<Node id="3402"/> <Node id="3403"/>calls<Node id="3408"/> <Node id="3409"/>for<Node id="3412"/> <Node id="3413"/>it<Node id="3415"/>.<Node id="3416"/> <Node id="3417"/>Say<Node id="3420"/> <Node id="3421"/>a<Node id="3422"/>
<Node id="3423"/>fervent<Node id="3430"/> <Node id="3431"/>prayer<Node id="3437"/> <Node id="3438"/>and<Node id="3441"/> <Node id="3442"/>ask<Node id="3445"/> <Node id="3446"/>the<Node id="3449"/> <Node id="3450"/>Holy<Node id="3454"/> <Node id="3455"/>Spirit<Node id="3461"/> <Node id="3462"/>for<Node id="3465"/> <Node id="3466"/>Love<Node id="3470"/> <Node id="3471"/>and<Node id="3474"/> <Node id="3475"/>guidance<Node id="3483"/>.<Node id="3484"/>
<Node id="3485"/>In<Node id="3487"/> <Node id="3488"/>more<Node id="3492"/> <Node id="3493"/>ways<Node id="3497"/> <Node id="3498"/>than<Node id="3502"/> <Node id="3503"/>we<Node id="3505"/> <Node id="3506"/>may<Node id="3509"/> <Node id="3510"/>realize<Node id="3517"/>,<Node id="3518"/> <Node id="3519"/>we<Node id="3521"/> <Node id="3522"/>*<Node id="3523"/>are<Node id="3526"/>*<Node id="3527"/> <Node id="3528"/>our<Node id="3531"/> <Node id="3532"/>brother<Node id="3539"/>'s<Node id="3541"/>
<Node id="3542"/>keeper<Node id="3548"/>.<Node id="3549"/>
<Node id="3550"/>
<Node id="3551"/>In<Node id="3553"/> <Node id="3554"/>Jesus<Node id="3559"/> <Node id="3560"/>and<Node id="3563"/> <Node id="3564"/>Mary<Node id="3568"/>,<Node id="3569"/>
<Node id="3570"/>Elizabeth<Node id="3579"/>
<Node id="3580"/></TextWithNodes>
<!-- The default annotation set -->

<AnnotationSet>
<Annotation EndNode="3580" StartNode="0" Type="Mention" Id="9999999">
<Feature>
<Name classname="java.lang.String">Class</Name>
<Value classname="java.lang.String">0</Value>
</Feature>
</Annotation>

<Annotation Id="3" Type="Token" StartNode="6" EndNode="14">
<Feature>
  <Name className="java.lang.String">string</Name>
  <Value className="java.lang.String">CCCAMPER</Value>
</Feature>
</Annotation>
<Annotation Id="5" Type="Token" StartNode="15" EndNode="21">
<Feature>
  <Name className="java.lang.String">string</Name>
  <Value className="java.lang.String">MIZZOU</Value>
</Feature>
</Annotation>
<Annotation Id="8" Type="Token" StartNode="23" EndNode="29">
<Feature>
  <Name className="java.lang.String">string</Name>
  <Value className="java.lang.String">BITNET</Value>
</Feature>
</Annotation>
<Annotation Id="12" Type="Token" StartNode="35" EndNode="43">
<Feature>
  <Name className="java.lang.String">string</Name>
  <Value className="java.lang.String">AMERICAN</Value>
</Feature>
</Annotation>
<Annotation Id="17" Type="Token" StartNode="49" EndNode="58">
<Feature>
  <Name className="java.lang.String">string</Name>
  <Value className="java.lang.String">Elizabeth</Value>
</Feature>
</Annotation>
<Annotation Id="19" Type="Token" StartNode="59" EndNode="66">
<Feature>
  <Name className="java.lang.String">string</Name>
  <Value className="java.lang.String">Stevens</Value>
</Feature>
</Annotation>
<Annotation Id="22" Type="Token" StartNode="68" EndNode="76">
<Feature>
  <Name className="java.lang.String">string</Name>
  <Value className="java.lang.String">Message-</Value>
</Feature>
</Annotation>
<Annotation Id="43" Type="Token" StartNode="114" EndNode="121">
<Feature>
  <Name className="java.lang.String">string</Name>
  <Value className="java.lang.String">rutgers</Value>
</Feature>
</Annotation>
<Annotation Id="68" Type="Token" StartNode="164" EndNode="171">
<Feature>
  <Name className="java.lang.String">string</Name>
  <Value className="java.lang.String">hedrick</Value>
</Feature>
</Annotation>
<Annotation Id="65" Type="Token" StartNode="156" EndNode="162">
<Feature>
  <Name className="java.lang.String">string</Name>
  <Value className="java.lang.String">Sender</Value>
</Feature>
</Annotation>
<Annotation Id="76" Type="Token" StartNode="190" EndNode="196">
<Feature>
  <Name className="java.lang.String">string</Name>
  <Value className="java.lang.String">Reply-</Value>
</Feature>
</Annotation>
<Annotation Id="72" Type="Token" StartNode="178" EndNode="185">
<Feature>
  <Name className="java.lang.String">string</Name>
  <Value className="java.lang.String">rutgers</Value>
</Feature>
</Annotation>
<Annotation Id="84" Type="Token" StartNode="214" EndNode="221">
<Feature>
  <Name className="java.lang.String">string</Name>
  <Value className="java.lang.String">Mailing</Value>
</Feature>
</Annotation>
<Annotation Id="82" Type="Token" StartNode="205" EndNode="213">
<Feature>
  <Name className="java.lang.String">string</Name>
  <Value className="java.lang.String">Catholic</Value>
</Feature>
</Annotation>
<Annotation Id="89" Type="Token" StartNode="228" EndNode="236">
<Feature>
  <Name className="java.lang.String">string</Name>
  <Value className="java.lang.String">CATHOLIC</Value>
</Feature>
</Annotation>
<Annotation Id="91" Type="Token" StartNode="237" EndNode="245">
<Feature>
  <Name className="java.lang.String">string</Name>
  <Value className="java.lang.String">AMERICAN</Value>
</Feature>
</Annotation>
<Annotation Id="103" Type="Token" StartNode="279" EndNode="288">
<Feature>
  <Name className="java.lang.String">string</Name>
  <Value className="java.lang.String">Missouri-</Value>
</Feature>
</Annotation>
<Annotation Id="99" Type="Token" StartNode="265" EndNode="275">
<Feature>
  <Name className="java.lang.String">string</Name>
  <Value className="java.lang.String">University</Value>
</Feature>
</Annotation>
<Annotation Id="96" Type="Token" StartNode="251" EndNode="263">
<Feature>
  <Name className="java.lang.String">string</Name>
  <Value className="java.lang.String">Organization</Value>
</Feature>
</Annotation>
<Annotation Id="108" Type="Token" StartNode="304" EndNode="313">
<Feature>
  <Name className="java.lang.String">string</Name>
  <Value className="java.lang.String">Computing</Value>
</Feature>
</Annotation>
<Annotation Id="106" Type="Token" StartNode="297" EndNode="303">
<Feature>
  <Name className="java.lang.String">string</Name>
  <Value className="java.lang.String">Campus</Value>
</Feature>
</Annotation>
<Annotation Id="104" Type="Token" StartNode="288" EndNode="296">
<Feature>
  <Name className="java.lang.String">string</Name>
  <Value className="java.lang.String">Columbia</Value>
</Feature>
</Annotation>
<Annotation Id="127" Type="Token" StartNode="358" EndNode="364">
<Feature>
  <Name className="java.lang.String">string</Name>
  <Value className="java.lang.String">aramis</Value>
</Feature>
</Annotation>
<Annotation Id="125" Type="Token" StartNode="348" EndNode="357">
<Feature>
  <Name className="java.lang.String">string</Name>
  <Value className="java.lang.String">christian</Value>
</Feature>
</Annotation>
<Annotation Id="122" Type="Token" StartNode="338" EndNode="346">
<Feature>
  <Name className="java.lang.String">string</Name>
  <Value className="java.lang.String">Approved</Value>
</Feature>
</Annotation>
<Annotation Id="129" Type="Token" StartNode="365" EndNode="372">
<Feature>
  <Name className="java.lang.String">string</Name>
  <Value className="java.lang.String">rutgers</Value>
</Feature>
</Annotation>
<Annotation Id="175" Type="Token" StartNode="454" EndNode="460">
<Feature>
  <Name className="java.lang.String">string</Name>
  <Value className="java.lang.String">mother</Value>
</Feature>
</Annotation>
<Annotation Id="167" Type="Token" StartNode="432" EndNode="440">
<Feature>
  <Name className="java.lang.String">string</Name>
  <Value className="java.lang.String">personal</Value>
</Feature>
</Annotation>
<Annotation Id="207" Type="Token" StartNode="531" EndNode="539">
<Feature>
  <Name className="java.lang.String">string</Name>
  <Value className="java.lang.String">children</Value>
</Feature>
</Annotation>
<Annotation Id="201" Type="Token" StartNode="515" EndNode="522">
<Feature>
  <Name className="java.lang.String">string</Name>
  <Value className="java.lang.String">raising</Value>
</Feature>
</Annotation>
<Annotation Id="197" Type="Token" StartNode="503" EndNode="509">
<Feature>
  <Name className="java.lang.String">string</Name>
  <Value className="java.lang.String">father</Value>
</Feature>
</Annotation>
<Annotation Id="232" Type="Token" StartNode="587" EndNode="595">
<Feature>
  <Name className="java.lang.String">string</Name>
  <Value className="java.lang.String">strictly</Value>
</Feature>
</Annotation>
<Annotation Id="250" Type="Token" StartNode="644" EndNode="653">
<Feature>
  <Name className="java.lang.String">string</Name>
  <Value className="java.lang.String">community</Value>
</Feature>
</Annotation>
<Annotation Id="248" Type="Token" StartNode="635" EndNode="643">
<Feature>
  <Name className="java.lang.String">string</Name>
  <Value className="java.lang.String">Lutheran</Value>
</Feature>
</Annotation>
<Annotation Id="246" Type="Token" StartNode="625" EndNode="634">
<Feature>
  <Name className="java.lang.String">string</Name>
  <Value className="java.lang.String">Norwegian</Value>
</Feature>
</Annotation>
<Annotation Id="240" Type="Token" StartNode="609" EndNode="615">
<Feature>
  <Name className="java.lang.String">string</Name>
  <Value className="java.lang.String">raised</Value>
</Feature>
</Annotation>
<Annotation Id="279" Type="Token" StartNode="722" EndNode="730">
<Feature>
  <Name className="java.lang.String">string</Name>
  <Value className="java.lang.String">problems</Value>
</Feature>
</Annotation>
<Annotation Id="277" Type="Token" StartNode="715" EndNode="721">
<Feature>
  <Name className="java.lang.String">string</Name>
  <Value className="java.lang.String">create</Value>
</Feature>
</Annotation>
<Annotation Id="265" Type="Token" StartNode="682" EndNode="691">
<Feature>
  <Name className="java.lang.String">string</Name>
  <Value className="java.lang.String">alienated</Value>
</Feature>
</Annotation>
<Annotation Id="304" Type="Token" StartNode="783" EndNode="789">
<Feature>
  <Name className="java.lang.String">string</Name>
  <Value className="java.lang.String">loving</Value>
</Feature>
</Annotation>
<Annotation Id="311" Type="Token" StartNode="802" EndNode="808">
<Feature>
  <Name className="java.lang.String">string</Name>
  <Value className="java.lang.String">raised</Value>
</Feature>
</Annotation>
<Annotation Id="315" Type="Token" StartNode="812" EndNode="819">
<Feature>
  <Name className="java.lang.String">string</Name>
  <Value className="java.lang.String">without</Value>
</Feature>
</Annotation>
<Annotation Id="317" Type="Token" StartNode="820" EndNode="828">
<Feature>
  <Name className="java.lang.String">string</Name>
  <Value className="java.lang.String">conflict</Value>
</Feature>
</Annotation>
<Annotation Id="293" Type="Token" StartNode="753" EndNode="759">
<Feature>
  <Name className="java.lang.String">string</Name>
  <Value className="java.lang.String">parent</Value>
</Feature>
</Annotation>
<Annotation Id="301" Type="Token" StartNode="773" EndNode="781">
<Feature>
  <Name className="java.lang.String">string</Name>
  <Value className="java.lang.String">tolerant</Value>
</Feature>
</Annotation>
<Annotation Id="340" Type="Token" StartNode="890" EndNode="899">
<Feature>
  <Name className="java.lang.String">string</Name>
  <Value className="java.lang.String">accepting</Value>
</Feature>
</Annotation>
<Annotation Id="338" Type="Token" StartNode="883" EndNode="889">
<Feature>
  <Name className="java.lang.String">string</Name>
  <Value className="java.lang.String">always</Value>
</Feature>
</Annotation>
<Annotation Id="351" Type="Token" StartNode="920" EndNode="933">
<Feature>
  <Name className="java.lang.String">string</Name>
  <Value className="java.lang.String">circumstances</Value>
</Feature>
</Annotation>
<Annotation Id="345" Type="Token" StartNode="904" EndNode="910">
<Feature>
  <Name className="java.lang.String">string</Name>
  <Value className="java.lang.String">matter</Value>
</Feature>
</Annotation>
<Annotation Id="320" Type="Token" StartNode="830" EndNode="837">
<Feature>
  <Name className="java.lang.String">string</Name>
  <Value className="java.lang.String">without</Value>
</Feature>
</Annotation>
<Annotation Id="332" Type="Token" StartNode="866" EndNode="873">
<Feature>
  <Name className="java.lang.String">string</Name>
  <Value className="java.lang.String">demands</Value>
</Feature>
</Annotation>
<Annotation Id="330" Type="Token" StartNode="853" EndNode="865">
<Feature>
  <Name className="java.lang.String">string</Name>
  <Value className="java.lang.String">unreasonable</Value>
</Feature>
</Annotation>
<Annotation Id="374" Type="Token" StartNode="983" EndNode="992">
<Feature>
  <Name className="java.lang.String">string</Name>
  <Value className="java.lang.String">situation</Value>
</Feature>
</Annotation>
<Annotation Id="370" Type="Token" StartNode="970" EndNode="979">
<Feature>
  <Name className="java.lang.String">string</Name>
  <Value className="java.lang.String">believing</Value>
</Feature>
</Annotation>
<Annotation Id="382" Type="Token" StartNode="1010" EndNode="1019">
<Feature>
  <Name className="java.lang.String">string</Name>
  <Value className="java.lang.String">absolutes</Value>
</Feature>
</Annotation>
<Annotation Id="376" Type="Token" StartNode="993" EndNode="999">
<Feature>
  <Name className="java.lang.String">string</Name>
  <Value className="java.lang.String">ethics</Value>
</Feature>
</Annotation>
<Annotation Id="358" Type="Token" StartNode="942" EndNode="950">
<Feature>
  <Name className="java.lang.String">string</Name>
  <Value className="java.lang.String">happened</Value>
</Feature>
</Annotation>
<Annotation Id="410" Type="Token" StartNode="1077" EndNode="1085">
<Feature>
  <Name className="java.lang.String">string</Name>
  <Value className="java.lang.String">involved</Value>
</Feature>
</Annotation>
<Annotation Id="412" Type="Token" StartNode="1086" EndNode="1093">
<Feature>
  <Name className="java.lang.String">string</Name>
  <Value className="java.lang.String">justice</Value>
</Feature>
</Annotation>
<Annotation Id="402" Type="Token" StartNode="1056" EndNode="1063">
<Feature>
  <Name className="java.lang.String">string</Name>
  <Value className="java.lang.String">concept</Value>
</Feature>
</Annotation>
<Annotation Id="393" Type="Token" StartNode="1037" EndNode="1043">
<Feature>
  <Name className="java.lang.String">string</Name>
  <Value className="java.lang.String">loving</Value>
</Feature>
</Annotation>
<Annotation Id="387" Type="Token" StartNode="1023" EndNode="1031">
<Feature>
  <Name className="java.lang.String">string</Name>
  <Value className="java.lang.String">believed</Value>
</Feature>
</Annotation>
<Annotation Id="441" Type="Token" StartNode="1162" EndNode="1173">
<Feature>
  <Name className="java.lang.String">string</Name>
  <Value className="java.lang.String">responsible</Value>
</Feature>
</Annotation>
<Annotation Id="447" Type="Token" StartNode="1182" EndNode="1188">
<Feature>
  <Name className="java.lang.String">string</Name>
  <Value className="java.lang.String">things</Value>
</Feature>
</Annotation>
<Annotation Id="435" Type="Token" StartNode="1146" EndNode="1153">
<Feature>
  <Name className="java.lang.String">string</Name>
  <Value className="java.lang.String">someday</Value>
</Feature>
</Annotation>
<Annotation Id="427" Type="Token" StartNode="1127" EndNode="1134">
<Feature>
  <Name className="java.lang.String">string</Name>
  <Value className="java.lang.String">concept</Value>
</Feature>
</Annotation>
<Annotation Id="416" Type="Token" StartNode="1097" EndNode="1107">
<Feature>
  <Name className="java.lang.String">string</Name>
  <Value className="java.lang.String">punishment</Value>
</Feature>
</Annotation>
<Annotation Id="451" Type="Token" StartNode="1194" EndNode="1202">
<Feature>
  <Name className="java.lang.String">string</Name>
  <Value className="java.lang.String">offended</Value>
</Feature>
</Annotation>
<Annotation Id="508" Type="Token" StartNode="1335" EndNode="1343">
<Feature>
  <Name className="java.lang.String">string</Name>
  <Value className="java.lang.String">children</Value>
</Feature>
</Annotation>
<Annotation Id="504" Type="Token" StartNode="1318" EndNode="1327">
<Feature>
  <Name className="java.lang.String">string</Name>
  <Value className="java.lang.String">extremely</Value>
</Feature>
</Annotation>
<Annotation Id="506" Type="Token" StartNode="1328" EndNode="1334">
<Feature>
  <Name className="java.lang.String">string</Name>
  <Value className="java.lang.String">honest</Value>
</Feature>
</Annotation>
<Annotation Id="500" Type="Token" StartNode="1306" EndNode="1312">
<Feature>
  <Name className="java.lang.String">string</Name>
  <Value className="java.lang.String">raised</Value>
</Feature>
</Annotation>
<Annotation Id="495" Type="Token" StartNode="1293" EndNode="1299">
<Feature>
  <Name className="java.lang.String">string</Name>
  <Value className="java.lang.String">people</Value>
</Feature>
</Annotation>
<Annotation Id="489" Type="Token" StartNode="1276" EndNode="1282">
<Feature>
  <Name className="java.lang.String">string</Name>
  <Value className="java.lang.String">honest</Value>
</Feature>
</Annotation>
<Annotation Id="480" Type="Token" StartNode="1253" EndNode="1260">
<Feature>
  <Name className="java.lang.String">string</Name>
  <Value className="java.lang.String">parents</Value>
</Feature>
</Annotation>
<Annotation Id="551" Type="Token" StartNode="1458" EndNode="1467">
<Feature>
  <Name className="java.lang.String">string</Name>
  <Value className="java.lang.String">committed</Value>
</Feature>
</Annotation>
<Annotation Id="547" Type="Token" StartNode="1445" EndNode="1455">
<Feature>
  <Name className="java.lang.String">string</Name>
  <Value className="java.lang.String">punishment</Value>
</Feature>
</Annotation>
<Annotation Id="559" Type="Token" StartNode="1479" EndNode="1486">
<Feature>
  <Name className="java.lang.String">string</Name>
  <Value className="java.lang.String">believe</Value>
</Feature>
</Annotation>
<Annotation Id="516" Type="Token" StartNode="1357" EndNode="1363">
<Feature>
  <Name className="java.lang.String">string</Name>
  <Value className="java.lang.String">coming</Value>
</Feature>
</Annotation>
<Annotation Id="514" Type="Token" StartNode="1350" EndNode="1356">
<Feature>
  <Name className="java.lang.String">string</Name>
  <Value className="java.lang.String">before</Value>
</Feature>
</Annotation>
<Annotation Id="524" Type="Token" StartNode="1374" EndNode="1382">
<Feature>
  <Name className="java.lang.String">string</Name>
  <Value className="java.lang.String">complete</Value>
</Feature>
</Annotation>
<Annotation Id="526" Type="Token" StartNode="1383" EndNode="1392">
<Feature>
  <Name className="java.lang.String">string</Name>
  <Value className="java.lang.String">knowledge</Value>
</Feature>
</Annotation>
<Annotation Id="535" Type="Token" StartNode="1407" EndNode="1415">
<Feature>
  <Name className="java.lang.String">string</Name>
  <Value className="java.lang.String">includes</Value>
</Feature>
</Annotation>
<Annotation Id="543" Type="Token" StartNode="1433" EndNode="1440">
<Feature>
  <Name className="java.lang.String">string</Name>
  <Value className="java.lang.String">justice</Value>
</Feature>
</Annotation>
<Annotation Id="539" Type="Token" StartNode="1420" EndNode="1429">
<Feature>
  <Name className="java.lang.String">string</Name>
  <Value className="java.lang.String">knowledge</Value>
</Feature>
</Annotation>
<Annotation Id="614" Type="Token" StartNode="1620" EndNode="1628">
<Feature>
  <Name className="java.lang.String">string</Name>
  <Value className="java.lang.String">apparent</Value>
</Feature>
</Annotation>
<Annotation Id="620" Type="Token" StartNode="1638" EndNode="1644">
<Feature>
  <Name className="java.lang.String">string</Name>
  <Value className="java.lang.String">change</Value>
</Feature>
</Annotation>
<Annotation Id="634" Type="Token" StartNode="1668" EndNode="1675">
<Feature>
  <Name className="java.lang.String">string</Name>
  <Value className="java.lang.String">married</Value>
</Feature>
</Annotation>
<Annotation Id="638" Type="Token" StartNode="1679" EndNode="1685">
<Feature>
  <Name className="java.lang.String">string</Name>
  <Value className="java.lang.String">person</Value>
</Feature>
</Annotation>
<Annotation Id="583" Type="Token" StartNode="1531" EndNode="1538">
<Feature>
  <Name className="java.lang.String">string</Name>
  <Value className="java.lang.String">partner</Value>
</Feature>
</Annotation>
<Annotation Id="585" Type="Token" StartNode="1539" EndNode="1546">
<Feature>
  <Name className="java.lang.String">string</Name>
  <Value className="java.lang.String">outside</Value>
</Feature>
</Annotation>
<Annotation Id="589" Type="Token" StartNode="1550" EndNode="1558">
<Feature>
  <Name className="java.lang.String">string</Name>
  <Value className="java.lang.String">marriage</Value>
</Feature>
</Annotation>
<Annotation Id="594" Type="Token" StartNode="1564" EndNode="1571">
<Feature>
  <Name className="java.lang.String">string</Name>
  <Value className="java.lang.String">married</Value>
</Feature>
</Annotation>
<Annotation Id="598" Type="Token" StartNode="1576" EndNode="1584">
<Feature>
  <Name className="java.lang.String">string</Name>
  <Value className="java.lang.String">divorced</Value>
</Feature>
</Annotation>
<Annotation Id="606" Type="Token" StartNode="1598" EndNode="1606">
<Feature>
  <Name className="java.lang.String">string</Name>
  <Value className="java.lang.String">physical</Value>
</Feature>
</Annotation>
<Annotation Id="682" Type="Token" StartNode="1779" EndNode="1787">
<Feature>
  <Name className="java.lang.String">string</Name>
  <Value className="java.lang.String">allowing</Value>
</Feature>
</Annotation>
<Annotation Id="674" Type="Token" StartNode="1758" EndNode="1764">
<Feature>
  <Name className="java.lang.String">string</Name>
  <Value className="java.lang.String">loving</Value>
</Feature>
</Annotation>
<Annotation Id="701" Type="Token" StartNode="1817" EndNode="1825">
<Feature>
  <Name className="java.lang.String">string</Name>
  <Value className="java.lang.String">imposing</Value>
</Feature>
</Annotation>
<Annotation Id="662" Type="Token" StartNode="1725" EndNode="1732">
<Feature>
  <Name className="java.lang.String">string</Name>
  <Value className="java.lang.String">parents</Value>
</Feature>
</Annotation>
<Annotation Id="746" Type="Token" StartNode="1956" EndNode="1965">
<Feature>
  <Name className="java.lang.String">string</Name>
  <Value className="java.lang.String">appalling</Value>
</Feature>
</Annotation>
<Annotation Id="744" Type="Token" StartNode="1945" EndNode="1955">
<Feature>
  <Name className="java.lang.String">string</Name>
  <Value className="java.lang.String">absolutely</Value>
</Feature>
</Annotation>
<Annotation Id="716" Type="Token" StartNode="1856" EndNode="1865">
<Feature>
  <Name className="java.lang.String">string</Name>
  <Value className="java.lang.String">accepting</Value>
</Feature>
</Annotation>
<Annotation Id="718" Type="Token" StartNode="1866" EndNode="1881">
<Feature>
  <Name className="java.lang.String">string</Name>
  <Value className="java.lang.String">unquestioningly</Value>
</Feature>
</Annotation>
<Annotation Id="705" Type="Token" StartNode="1832" EndNode="1841">
<Feature>
  <Name className="java.lang.String">string</Name>
  <Value className="java.lang.String">standards</Value>
</Feature>
</Annotation>
<Annotation Id="728" Type="Token" StartNode="1908" EndNode="1917">
<Feature>
  <Name className="java.lang.String">string</Name>
  <Value className="java.lang.String">judgement</Value>
</Feature>
</Annotation>
<Annotation Id="732" Type="Token" StartNode="1921" EndNode="1928">
<Feature>
  <Name className="java.lang.String">string</Name>
  <Value className="java.lang.String">counsel</Value>
</Feature>
</Annotation>
<Annotation Id="720" Type="Token" StartNode="1882" EndNode="1892">
<Feature>
  <Name className="java.lang.String">string</Name>
  <Value className="java.lang.String">everything</Value>
</Feature>
</Annotation>
<Annotation Id="726" Type="Token" StartNode="1900" EndNode="1907">
<Feature>
  <Name className="java.lang.String">string</Name>
  <Value className="java.lang.String">without</Value>
</Feature>
</Annotation>
<Annotation Id="821" Type="Token" StartNode="2143" EndNode="2149">
<Feature>
  <Name className="java.lang.String">string</Name>
  <Value className="java.lang.String">people</Value>
</Feature>
</Annotation>
<Annotation Id="815" Type="Token" StartNode="2124" EndNode="2133">
<Feature>
  <Name className="java.lang.String">string</Name>
  <Value className="java.lang.String">difficult</Value>
</Feature>
</Annotation>
<Annotation Id="811" Type="Token" StartNode="2110" EndNode="2119">
<Feature>
  <Name className="java.lang.String">string</Name>
  <Value className="java.lang.String">unpopular</Value>
</Feature>
</Annotation>
<Annotation Id="793" Type="Token" StartNode="2068" EndNode="2075">
<Feature>
  <Name className="java.lang.String">string</Name>
  <Value className="java.lang.String">because</Value>
</Feature>
</Annotation>
<Annotation Id="770" Type="Token" StartNode="2012" EndNode="2019">
<Feature>
  <Name className="java.lang.String">string</Name>
  <Value className="java.lang.String">without</Value>
</Feature>
</Annotation>
<Annotation Id="768" Type="Token" StartNode="2005" EndNode="2011">
<Feature>
  <Name className="java.lang.String">string</Name>
  <Value className="java.lang.String">accept</Value>
</Feature>
</Annotation>
<Annotation Id="781" Type="Token" StartNode="2037" EndNode="2045">
<Feature>
  <Name className="java.lang.String">string</Name>
  <Value className="java.lang.String">courages</Value>
</Feature>
</Annotation>
<Annotation Id="884" Type="Token" StartNode="2283" EndNode="2290">
<Feature>
  <Name className="java.lang.String">string</Name>
  <Value className="java.lang.String">perhaps</Value>
</Feature>
</Annotation>
<Annotation Id="886" Type="Token" StartNode="2291" EndNode="2298">
<Feature>
  <Name className="java.lang.String">string</Name>
  <Value className="java.lang.String">someone</Value>
</Feature>
</Annotation>
<Annotation Id="872" Type="Token" StartNode="2251" EndNode="2261">
<Feature>
  <Name className="java.lang.String">string</Name>
  <Value className="java.lang.String">compassion</Value>
</Feature>
</Annotation>
<Annotation Id="877" Type="Token" StartNode="2266" EndNode="2274">
<Feature>
  <Name className="java.lang.String">string</Name>
  <Value className="java.lang.String">involves</Value>
</Feature>
</Annotation>
<Annotation Id="861" Type="Token" StartNode="2223" EndNode="2229">
<Feature>
  <Name className="java.lang.String">string</Name>
  <Value className="java.lang.String">Christ</Value>
</Feature>
</Annotation>
<Annotation Id="952" Type="Token" StartNode="2436" EndNode="2444">
<Feature>
  <Name className="java.lang.String">string</Name>
  <Value className="java.lang.String">priority</Value>
</Feature>
</Annotation>
<Annotation Id="950" Type="Token" StartNode="2428" EndNode="2435">
<Feature>
  <Name className="java.lang.String">string</Name>
  <Value className="java.lang.String">highest</Value>
</Feature>
</Annotation>
<Annotation Id="938" Type="Token" StartNode="2400" EndNode="2407">
<Feature>
  <Name className="java.lang.String">string</Name>
  <Value className="java.lang.String">comfort</Value>
</Feature>
</Annotation>
<Annotation Id="1019" Type="Token" StartNode="2594" EndNode="2602">
<Feature>
  <Name className="java.lang.String">string</Name>
  <Value className="java.lang.String">abortion</Value>
</Feature>
</Annotation>
<Annotation Id="1009" Type="Token" StartNode="2571" EndNode="2578">
<Feature>
  <Name className="java.lang.String">string</Name>
  <Value className="java.lang.String">support</Value>
</Feature>
</Annotation>
<Annotation Id="1000" Type="Token" StartNode="2546" EndNode="2553">
<Feature>
  <Name className="java.lang.String">string</Name>
  <Value className="java.lang.String">outside</Value>
</Feature>
</Annotation>
<Annotation Id="1004" Type="Token" StartNode="2557" EndNode="2565">
<Feature>
  <Name className="java.lang.String">string</Name>
  <Value className="java.lang.String">marriage</Value>
</Feature>
</Annotation>
<Annotation Id="994" Type="Token" StartNode="2532" EndNode="2538">
<Feature>
  <Name className="java.lang.String">string</Name>
  <Value className="java.lang.String">engage</Value>
</Feature>
</Annotation>
<Annotation Id="986" Type="Token" StartNode="2512" EndNode="2518">
<Feature>
  <Name className="java.lang.String">string</Name>
  <Value className="java.lang.String">wonder</Value>
</Feature>
</Annotation>
<Annotation Id="979" Type="Token" StartNode="2499" EndNode="2506">
<Feature>
  <Name className="java.lang.String">string</Name>
  <Value className="java.lang.String">contact</Value>
</Feature>
</Annotation>
<Annotation Id="1131" Type="Token" StartNode="2875" EndNode="2881">
<Feature>
  <Name className="java.lang.String">string</Name>
  <Value className="java.lang.String">living</Value>
</Feature>
</Annotation>
<Annotation Id="1127" Type="Token" StartNode="2865" EndNode="2871">
<Feature>
  <Name className="java.lang.String">string</Name>
  <Value className="java.lang.String">around</Value>
</Feature>
</Annotation>
<Annotation Id="1125" Type="Token" StartNode="2854" EndNode="2864">
<Feature>
  <Name className="java.lang.String">string</Name>
  <Value className="java.lang.String">multitudes</Value>
</Feature>
</Annotation>
<Annotation Id="1147" Type="Token" StartNode="2910" EndNode="2916">
<Feature>
  <Name className="java.lang.String">string</Name>
  <Value className="java.lang.String">seemed</Value>
</Feature>
</Annotation>
<Annotation Id="1035" Type="Token" StartNode="2640" EndNode="2646">
<Feature>
  <Name className="java.lang.String">string</Name>
  <Value className="java.lang.String">commit</Value>
</Feature>
</Annotation>
<Annotation Id="1024" Type="Token" StartNode="2608" EndNode="2614">
<Feature>
  <Name className="java.lang.String">string</Name>
  <Value className="java.lang.String">engage</Value>
</Feature>
</Annotation>
<Annotation Id="1028" Type="Token" StartNode="2618" EndNode="2631">
<Feature>
  <Name className="java.lang.String">string</Name>
  <Value className="java.lang.String">homosexuality</Value>
</Feature>
</Annotation>
<Annotation Id="1053" Type="Token" StartNode="2681" EndNode="2690">
<Feature>
  <Name className="java.lang.String">string</Name>
  <Value className="java.lang.String">plentiful</Value>
</Feature>
</Annotation>
<Annotation Id="1085" Type="Token" StartNode="2771" EndNode="2777">
<Feature>
  <Name className="java.lang.String">string</Name>
  <Value className="java.lang.String">things</Value>
</Feature>
</Annotation>
<Annotation Id="1074" Type="Token" StartNode="2734" EndNode="2744">
<Feature>
  <Name className="java.lang.String">string</Name>
  <Value className="java.lang.String">thoughtful</Value>
</Feature>
</Annotation>
<Annotation Id="1079" Type="Token" StartNode="2753" EndNode="2759">
<Feature>
  <Name className="java.lang.String">string</Name>
  <Value className="java.lang.String">friend</Value>
</Feature>
</Annotation>
<Annotation Id="1077" Type="Token" StartNode="2746" EndNode="2752">
<Feature>
  <Name className="java.lang.String">string</Name>
  <Value className="java.lang.String">loving</Value>
</Feature>
</Annotation>
<Annotation Id="1229" Type="Token" StartNode="3111" EndNode="3117">
<Feature>
  <Name className="java.lang.String">string</Name>
  <Value className="java.lang.String">friend</Value>
</Feature>
</Annotation>
<Annotation Id="1227" Type="Token" StartNode="3104" EndNode="3110">
<Feature>
  <Name className="java.lang.String">string</Name>
  <Value className="java.lang.String">loving</Value>
</Feature>
</Annotation>
<Annotation Id="1248" Type="Token" StartNode="3159" EndNode="3165">
<Feature>
  <Name className="java.lang.String">string</Name>
  <Value className="java.lang.String">Spirit</Value>
</Feature>
</Annotation>
<Annotation Id="1258" Type="Token" StartNode="3183" EndNode="3189">
<Feature>
  <Name className="java.lang.String">string</Name>
  <Value className="java.lang.String">friend</Value>
</Feature>
</Annotation>
<Annotation Id="1154" Type="Token" StartNode="2928" EndNode="2934">
<Feature>
  <Name className="java.lang.String">string</Name>
  <Value className="java.lang.String">decent</Value>
</Feature>
</Annotation>
<Annotation Id="1156" Type="Token" StartNode="2935" EndNode="2941">
<Feature>
  <Name className="java.lang.String">string</Name>
  <Value className="java.lang.String">people</Value>
</Feature>
</Annotation>
<Annotation Id="1174" Type="Token" StartNode="2975" EndNode="2982">
<Feature>
  <Name className="java.lang.String">string</Name>
  <Value className="java.lang.String">elderly</Value>
</Feature>
</Annotation>
<Annotation Id="1178" Type="Token" StartNode="2986" EndNode="2992">
<Feature>
  <Name className="java.lang.String">string</Name>
  <Value className="java.lang.String">babies</Value>
</Feature>
</Annotation>
<Annotation Id="1189" Type="Token" StartNode="3007" EndNode="3016">
<Feature>
  <Name className="java.lang.String">string</Name>
  <Value className="java.lang.String">difficult</Value>
</Feature>
</Annotation>
<Annotation Id="1195" Type="Token" StartNode="3029" EndNode="3036">
<Feature>
  <Name className="java.lang.String">string</Name>
  <Value className="java.lang.String">without</Value>
</Feature>
</Annotation>
<Annotation Id="1193" Type="Token" StartNode="3021" EndNode="3028">
<Feature>
  <Name className="java.lang.String">string</Name>
  <Value className="java.lang.String">sinners</Value>
</Feature>
</Annotation>
<Annotation Id="1199" Type="Token" StartNode="3039" EndNode="3046">
<Feature>
  <Name className="java.lang.String">string</Name>
  <Value className="java.lang.String">genuine</Value>
</Feature>
</Annotation>
<Annotation Id="1201" Type="Token" StartNode="3047" EndNode="3053">
<Feature>
  <Name className="java.lang.String">string</Name>
  <Value className="java.lang.String">prayer</Value>
</Feature>
</Annotation>
<Annotation Id="1213" Type="Token" StartNode="3076" EndNode="3082">
<Feature>
  <Name className="java.lang.String">string</Name>
  <Value className="java.lang.String">Spirit</Value>
</Feature>
</Annotation>
<Annotation Id="1375" Type="Token" StartNode="3455" EndNode="3461">
<Feature>
  <Name className="java.lang.String">string</Name>
  <Value className="java.lang.String">Spirit</Value>
</Feature>
</Annotation>
<Annotation Id="1365" Type="Token" StartNode="3431" EndNode="3437">
<Feature>
  <Name className="java.lang.String">string</Name>
  <Value className="java.lang.String">prayer</Value>
</Feature>
</Annotation>
<Annotation Id="1363" Type="Token" StartNode="3423" EndNode="3430">
<Feature>
  <Name className="java.lang.String">string</Name>
  <Value className="java.lang.String">fervent</Value>
</Feature>
</Annotation>
<Annotation Id="1350" Type="Token" StartNode="3393" EndNode="3402">
<Feature>
  <Name className="java.lang.String">string</Name>
  <Value className="java.lang.String">situation</Value>
</Feature>
</Annotation>
<Annotation Id="1398" Type="Token" StartNode="3510" EndNode="3517">
<Feature>
  <Name className="java.lang.String">string</Name>
  <Value className="java.lang.String">realize</Value>
</Feature>
</Annotation>
<Annotation Id="1383" Type="Token" StartNode="3475" EndNode="3483">
<Feature>
  <Name className="java.lang.String">string</Name>
  <Value className="java.lang.String">guidance</Value>
</Feature>
</Annotation>
<Annotation Id="1303" Type="Token" StartNode="3286" EndNode="3292">
<Feature>
  <Name className="java.lang.String">string</Name>
  <Value className="java.lang.String">forget</Value>
</Feature>
</Annotation>
<Annotation Id="1288" Type="Token" StartNode="3252" EndNode="3259">
<Feature>
  <Name className="java.lang.String">string</Name>
  <Value className="java.lang.String">prayers</Value>
</Feature>
</Annotation>
<Annotation Id="1282" Type="Token" StartNode="3232" EndNode="3239">
<Feature>
  <Name className="java.lang.String">string</Name>
  <Value className="java.lang.String">trouble</Value>
</Feature>
</Annotation>
<Annotation Id="1286" Type="Token" StartNode="3242" EndNode="3251">
<Feature>
  <Name className="java.lang.String">string</Name>
  <Value className="java.lang.String">Righteous</Value>
</Feature>
</Annotation>
<Annotation Id="1336" Type="Token" StartNode="3355" EndNode="3361">
<Feature>
  <Name className="java.lang.String">string</Name>
  <Value className="java.lang.String">afraid</Value>
</Feature>
</Annotation>
<Annotation Id="1340" Type="Token" StartNode="3365" EndNode="3371">
<Feature>
  <Name className="java.lang.String">string</Name>
  <Value className="java.lang.String">simply</Value>
</Feature>
</Annotation>
<Annotation Id="1315" Type="Token" StartNode="3312" EndNode="3318">
<Feature>
  <Name className="java.lang.String">string</Name>
  <Value className="java.lang.String">Christ</Value>
</Feature>
</Annotation>
<Annotation Id="1426" Type="Token" StartNode="3570" EndNode="3579">
<Feature>
  <Name className="java.lang.String">string</Name>
  <Value className="java.lang.String">Elizabeth</Value>
</Feature>
</Annotation>
<Annotation Id="1409" Type="Token" StartNode="3532" EndNode="3539">
<Feature>
  <Name className="java.lang.String">string</Name>
  <Value className="java.lang.String">brother</Value>
</Feature>
</Annotation>
<Annotation Id="1413" Type="Token" StartNode="3542" EndNode="3548">
<Feature>
  <Name className="java.lang.String">string</Name>
  <Value className="java.lang.String">keeper</Value>
</Feature>
</Annotation>
<Annotation Id="1459" Type="Token" StartNode="1653" EndNode="1659">
<Feature>
  <Name className="java.lang.String">string</Name>
  <Value className="java.lang.String">should</Value>
</Feature>
</Annotation>
</AnnotationSet>
<AnnotationSet Name="Original markups"> </AnnotationSet>
</GateDocument>