<?xml version='1.0' encoding='UTF-8'?>
<GateDocument version="3">
<!-- The document's features-->

<GateDocumentFeatures>
<Feature>
  <Name className="java.lang.String">Original_document_content_on_load</Name>
  <Value className="java.lang.String"><![CDATA[From: eczcaw@mips.nott.ac.uk (A.Wainwright)
Message-ID: <1993Apr16.132316.29748@cs.nott.ac.uk>
Sender: news@cs.nott.ac.uk
Reply-To: eczcaw@mips.nott.ac.uk (A.Wainwright)
Organization: Nottingham University
References: <1993Mar29.231830.2055@rambo.atlanta.dg.com> <1993Apr7.073926.9874@engage.pko.dec.com> <1993Apr10.213547.17644@rambo.atlanta.dg.com> <2BC8B03B.29868@ics.uci.edu> <1993Apr15.223844.16453@rambo.atlanta.dg.com>
Date: Fri, 16 Apr 93 13:23:16 GMT
Lines: 58

In article <1993Apr15.223844.16453@rambo.atlanta.dg.com>, wpr@atlanta.dg.com (Bill Rawlins) writes:

|>     We are talking about origins, not merely science.   Science cannot
|>     explain origins.  For a person to exclude anything but science from
|>     the issue of origins is to say that there is no higher truth
|>     than science. 

|> This is a false premise.

In what manner?  If you argue that the universe was created with a higher
`truth` than science (btw I would love to see you define `truth` in this
arguement) then you must state how you know this and what it is.  To subbornly
state that there is a "higher truth" and that it isyour god, I would ask you to prove it.
This, obviously, you cannot do.  Besides, if I assume for the moment that
there is a 'higher truth' then how can you prove it is your god and not 
another religion's?  What makes you so arrogant to push forward your idea
of creation over many peoples' study of the laws of nature, ie science?

Science is the study of nature.  It is open-minded: if the theory doesn't fit the
facts then trash the theory and try to construct one which does.  It is *flexible*!
Your definition of science presupposes that science ignores this god 
character altogether.  If this is so, then it is only because no evidence 
can be found of him.

|>  By the way, I enjoy science.

So do I.  Fortunately I am not mentally shackled into constructing my
scientific conclusions by placing god, Jesus and the holy ghost into every
paragraph in a sycophantic manner.

|>     It is truly a wonder observing God's creation.  Macroevolution is
|>     a mixture of 15 percent science and 85 percent religion [guaranteed
|>     within three percent error :) ]
|> 


Indeed it is a wonder observing the random effects of creation.  This, of
course, assumes a definition of aethetics which you don't forward!


As to "Macroevolution":  please give references and more information.  From
where do you get your figures?

Adda.

   
|> -- 
|>              ==========================================================
|>             //  Bill Rawlins            <wpr@atlanta.dg.com>        //
|>            //                          "I speak for myself only"   //
|>           ==========================================================

-- 
+-------------------------+-----------------------------------------------+
|  Adda Wainwright        |    Does dim atal y llanw!         8o)         |
|  eczcaw@mips.nott.ac.uk |   8o)        Mae .sig 'ma ar werth!           |
+-------------------------+-----------------------------------------------+

]]></Value>
</Feature>
<Feature>
  <Name className="java.lang.String">gate.SourceURL</Name>
  <Value className="java.lang.String">file:/C:/Users/jian/Documents/NetBeansProjects/NoiseReductionTechniques/mideastPoliticsMix/negative1079</Value>
</Feature>
</GateDocumentFeatures>
<!-- The document content area with serialized nodes -->

<TextWithNodes><Node id="0"/>From<Node id="4"/>:<Node id="5"/> <Node id="6"/>eczcaw<Node id="12"/>@<Node id="13"/>mips<Node id="17"/>.<Node id="18"/>nott<Node id="22"/>.<Node id="23"/>ac<Node id="25"/>.<Node id="26"/>uk<Node id="28"/> <Node id="29"/>(<Node id="30"/>A<Node id="31"/>.<Node id="32"/>Wainwright<Node id="42"/>)<Node id="43"/>
<Node id="44"/>Message-<Node id="52"/>ID<Node id="54"/>:<Node id="55"/> <Node id="56"/>&lt;<Node id="57"/>1993<Node id="61"/>Apr<Node id="64"/>16<Node id="66"/>.<Node id="67"/>132316<Node id="73"/>.<Node id="74"/>29748<Node id="79"/>@<Node id="80"/>cs<Node id="82"/>.<Node id="83"/>nott<Node id="87"/>.<Node id="88"/>ac<Node id="90"/>.<Node id="91"/>uk<Node id="93"/>&gt;<Node id="94"/>
<Node id="95"/>Sender<Node id="101"/>:<Node id="102"/> <Node id="103"/>news<Node id="107"/>@<Node id="108"/>cs<Node id="110"/>.<Node id="111"/>nott<Node id="115"/>.<Node id="116"/>ac<Node id="118"/>.<Node id="119"/>uk<Node id="121"/>
<Node id="122"/>Reply-<Node id="128"/>To<Node id="130"/>:<Node id="131"/> <Node id="132"/>eczcaw<Node id="138"/>@<Node id="139"/>mips<Node id="143"/>.<Node id="144"/>nott<Node id="148"/>.<Node id="149"/>ac<Node id="151"/>.<Node id="152"/>uk<Node id="154"/> <Node id="155"/>(<Node id="156"/>A<Node id="157"/>.<Node id="158"/>Wainwright<Node id="168"/>)<Node id="169"/>
<Node id="170"/>Organization<Node id="182"/>:<Node id="183"/> <Node id="184"/>Nottingham<Node id="194"/> <Node id="195"/>University<Node id="205"/>
<Node id="206"/>References<Node id="216"/>:<Node id="217"/> <Node id="218"/>&lt;<Node id="219"/>1993<Node id="223"/>Mar<Node id="226"/>29<Node id="228"/>.<Node id="229"/>231830<Node id="235"/>.<Node id="236"/>2055<Node id="240"/>@<Node id="241"/>rambo<Node id="246"/>.<Node id="247"/>atlanta<Node id="254"/>.<Node id="255"/>dg<Node id="257"/>.<Node id="258"/>com<Node id="261"/>&gt;<Node id="262"/> <Node id="263"/>&lt;<Node id="264"/>1993<Node id="268"/>Apr<Node id="271"/>7<Node id="272"/>.<Node id="273"/>073926<Node id="279"/>.<Node id="280"/>9874<Node id="284"/>@<Node id="285"/>engage<Node id="291"/>.<Node id="292"/>pko<Node id="295"/>.<Node id="296"/>dec<Node id="299"/>.<Node id="300"/>com<Node id="303"/>&gt;<Node id="304"/> <Node id="305"/>&lt;<Node id="306"/>1993<Node id="310"/>Apr<Node id="313"/>10<Node id="315"/>.<Node id="316"/>213547<Node id="322"/>.<Node id="323"/>17644<Node id="328"/>@<Node id="329"/>rambo<Node id="334"/>.<Node id="335"/>atlanta<Node id="342"/>.<Node id="343"/>dg<Node id="345"/>.<Node id="346"/>com<Node id="349"/>&gt;<Node id="350"/> <Node id="351"/>&lt;<Node id="352"/>2<Node id="353"/>BC<Node id="355"/>8<Node id="356"/>B<Node id="357"/>03<Node id="359"/>B<Node id="360"/>.<Node id="361"/>29868<Node id="366"/>@<Node id="367"/>ics<Node id="370"/>.<Node id="371"/>uci<Node id="374"/>.<Node id="375"/>edu<Node id="378"/>&gt;<Node id="379"/> <Node id="380"/>&lt;<Node id="381"/>1993<Node id="385"/>Apr<Node id="388"/>15<Node id="390"/>.<Node id="391"/>223844<Node id="397"/>.<Node id="398"/>16453<Node id="403"/>@<Node id="404"/>rambo<Node id="409"/>.<Node id="410"/>atlanta<Node id="417"/>.<Node id="418"/>dg<Node id="420"/>.<Node id="421"/>com<Node id="424"/>&gt;<Node id="425"/>
<Node id="426"/>Date<Node id="430"/>:<Node id="431"/> <Node id="432"/>Fri<Node id="435"/>,<Node id="436"/> <Node id="437"/>16<Node id="439"/> <Node id="440"/>Apr<Node id="443"/> <Node id="444"/>93<Node id="446"/> <Node id="447"/>13<Node id="449"/>:<Node id="450"/>23<Node id="452"/>:<Node id="453"/>16<Node id="455"/> <Node id="456"/>GMT<Node id="459"/>
<Node id="460"/>Lines<Node id="465"/>:<Node id="466"/> <Node id="467"/>58<Node id="469"/>
<Node id="470"/>
<Node id="471"/>In<Node id="473"/> <Node id="474"/>article<Node id="481"/> <Node id="482"/>&lt;<Node id="483"/>1993<Node id="487"/>Apr<Node id="490"/>15<Node id="492"/>.<Node id="493"/>223844<Node id="499"/>.<Node id="500"/>16453<Node id="505"/>@<Node id="506"/>rambo<Node id="511"/>.<Node id="512"/>atlanta<Node id="519"/>.<Node id="520"/>dg<Node id="522"/>.<Node id="523"/>com<Node id="526"/>&gt;<Node id="527"/>,<Node id="528"/> <Node id="529"/>wpr<Node id="532"/>@<Node id="533"/>atlanta<Node id="540"/>.<Node id="541"/>dg<Node id="543"/>.<Node id="544"/>com<Node id="547"/> <Node id="548"/>(<Node id="549"/>Bill<Node id="553"/> <Node id="554"/>Rawlins<Node id="561"/>)<Node id="562"/> <Node id="563"/>writes<Node id="569"/>:<Node id="570"/>
<Node id="571"/>
<Node id="572"/>|<Node id="573"/>&gt;<Node id="574"/> <Node id="575"/> <Node id="576"/> <Node id="577"/> <Node id="578"/> <Node id="579"/>We<Node id="581"/> <Node id="582"/>are<Node id="585"/> <Node id="586"/>talking<Node id="593"/> <Node id="594"/>about<Node id="599"/> <Node id="600"/>origins<Node id="607"/>,<Node id="608"/> <Node id="609"/>not<Node id="612"/> <Node id="613"/>merely<Node id="619"/> <Node id="620"/>science<Node id="627"/>.<Node id="628"/> <Node id="629"/> <Node id="630"/> <Node id="631"/>Science<Node id="638"/> <Node id="639"/>can<Node id="642"/>not<Node id="645"/>
<Node id="646"/>|<Node id="647"/>&gt;<Node id="648"/> <Node id="649"/> <Node id="650"/> <Node id="651"/> <Node id="652"/> <Node id="653"/>explain<Node id="660"/> <Node id="661"/>origins<Node id="668"/>.<Node id="669"/> <Node id="670"/> <Node id="671"/>For<Node id="674"/> <Node id="675"/>a<Node id="676"/> <Node id="677"/>person<Node id="683"/> <Node id="684"/>to<Node id="686"/> <Node id="687"/>exclude<Node id="694"/> <Node id="695"/>anything<Node id="703"/> <Node id="704"/>but<Node id="707"/> <Node id="708"/>science<Node id="715"/> <Node id="716"/>from<Node id="720"/>
<Node id="721"/>|<Node id="722"/>&gt;<Node id="723"/> <Node id="724"/> <Node id="725"/> <Node id="726"/> <Node id="727"/> <Node id="728"/>the<Node id="731"/> <Node id="732"/>issue<Node id="737"/> <Node id="738"/>of<Node id="740"/> <Node id="741"/>origins<Node id="748"/> <Node id="749"/>is<Node id="751"/> <Node id="752"/>to<Node id="754"/> <Node id="755"/>say<Node id="758"/> <Node id="759"/>that<Node id="763"/> <Node id="764"/>there<Node id="769"/> <Node id="770"/>is<Node id="772"/> <Node id="773"/>no<Node id="775"/> <Node id="776"/>higher<Node id="782"/> <Node id="783"/>truth<Node id="788"/>
<Node id="789"/>|<Node id="790"/>&gt;<Node id="791"/> <Node id="792"/> <Node id="793"/> <Node id="794"/> <Node id="795"/> <Node id="796"/>than<Node id="800"/> <Node id="801"/>science<Node id="808"/>.<Node id="809"/> <Node id="810"/>
<Node id="811"/>
<Node id="812"/>|<Node id="813"/>&gt;<Node id="814"/> <Node id="815"/>This<Node id="819"/> <Node id="820"/>is<Node id="822"/> <Node id="823"/>a<Node id="824"/> <Node id="825"/>false<Node id="830"/> <Node id="831"/>premise<Node id="838"/>.<Node id="839"/>
<Node id="840"/>
<Node id="841"/>In<Node id="843"/> <Node id="844"/>what<Node id="848"/> <Node id="849"/>manner<Node id="855"/>?<Node id="856"/> <Node id="857"/> <Node id="858"/>If<Node id="860"/> <Node id="861"/>you<Node id="864"/> <Node id="865"/>argue<Node id="870"/> <Node id="871"/>that<Node id="875"/> <Node id="876"/>the<Node id="879"/> <Node id="880"/>universe<Node id="888"/> <Node id="889"/>was<Node id="892"/> <Node id="893"/>created<Node id="900"/> <Node id="901"/>with<Node id="905"/> <Node id="906"/>a<Node id="907"/> <Node id="908"/>higher<Node id="914"/>
<Node id="915"/>`<Node id="916"/>truth<Node id="921"/>`<Node id="922"/> <Node id="923"/>than<Node id="927"/> <Node id="928"/>science<Node id="935"/> <Node id="936"/>(<Node id="937"/>btw<Node id="940"/> <Node id="941"/>I<Node id="942"/> <Node id="943"/>would<Node id="948"/> <Node id="949"/>love<Node id="953"/> <Node id="954"/>to<Node id="956"/> <Node id="957"/>see<Node id="960"/> <Node id="961"/>you<Node id="964"/> <Node id="965"/>define<Node id="971"/> <Node id="972"/>`<Node id="973"/>truth<Node id="978"/>`<Node id="979"/> <Node id="980"/>in<Node id="982"/> <Node id="983"/>this<Node id="987"/>
<Node id="988"/>arguement<Node id="997"/>)<Node id="998"/> <Node id="999"/>then<Node id="1003"/> <Node id="1004"/>you<Node id="1007"/> <Node id="1008"/>must<Node id="1012"/> <Node id="1013"/>state<Node id="1018"/> <Node id="1019"/>how<Node id="1022"/> <Node id="1023"/>you<Node id="1026"/> <Node id="1027"/>know<Node id="1031"/> <Node id="1032"/>this<Node id="1036"/> <Node id="1037"/>and<Node id="1040"/> <Node id="1041"/>what<Node id="1045"/> <Node id="1046"/>it<Node id="1048"/> <Node id="1049"/>is<Node id="1051"/>.<Node id="1052"/> <Node id="1053"/> <Node id="1054"/>To<Node id="1056"/> <Node id="1057"/>subbornly<Node id="1066"/>
<Node id="1067"/>state<Node id="1072"/> <Node id="1073"/>that<Node id="1077"/> <Node id="1078"/>there<Node id="1083"/> <Node id="1084"/>is<Node id="1086"/> <Node id="1087"/>a<Node id="1088"/> <Node id="1089"/>"<Node id="1090"/>higher<Node id="1096"/> <Node id="1097"/>truth<Node id="1102"/>"<Node id="1103"/> <Node id="1104"/>and<Node id="1107"/> <Node id="1108"/>that<Node id="1112"/> <Node id="1113"/>it<Node id="1115"/> <Node id="1116"/>isyour<Node id="1122"/> <Node id="1123"/>god<Node id="1126"/>,<Node id="1127"/> <Node id="1128"/>I<Node id="1129"/> <Node id="1130"/>would<Node id="1135"/> <Node id="1136"/>ask<Node id="1139"/> <Node id="1140"/>you<Node id="1143"/> <Node id="1144"/>to<Node id="1146"/> <Node id="1147"/>prove<Node id="1152"/> <Node id="1153"/>it<Node id="1155"/>.<Node id="1156"/>
<Node id="1157"/>This<Node id="1161"/>,<Node id="1162"/> <Node id="1163"/>obviously<Node id="1172"/>,<Node id="1173"/> <Node id="1174"/>you<Node id="1177"/> <Node id="1178"/>can<Node id="1181"/>not<Node id="1184"/> <Node id="1185"/>do<Node id="1187"/>.<Node id="1188"/> <Node id="1189"/> <Node id="1190"/>Besides<Node id="1197"/>,<Node id="1198"/> <Node id="1199"/>if<Node id="1201"/> <Node id="1202"/>I<Node id="1203"/> <Node id="1204"/>assume<Node id="1210"/> <Node id="1211"/>for<Node id="1214"/> <Node id="1215"/>the<Node id="1218"/> <Node id="1219"/>moment<Node id="1225"/> <Node id="1226"/>that<Node id="1230"/>
<Node id="1231"/>there<Node id="1236"/> <Node id="1237"/>is<Node id="1239"/> <Node id="1240"/>a<Node id="1241"/> <Node id="1242"/>'<Node id="1243"/>higher<Node id="1249"/> <Node id="1250"/>truth<Node id="1255"/>'<Node id="1256"/> <Node id="1257"/>then<Node id="1261"/> <Node id="1262"/>how<Node id="1265"/> <Node id="1266"/>can<Node id="1269"/> <Node id="1270"/>you<Node id="1273"/> <Node id="1274"/>prove<Node id="1279"/> <Node id="1280"/>it<Node id="1282"/> <Node id="1283"/>is<Node id="1285"/> <Node id="1286"/>your<Node id="1290"/> <Node id="1291"/>god<Node id="1294"/> <Node id="1295"/>and<Node id="1298"/> <Node id="1299"/>not<Node id="1302"/> <Node id="1303"/>
<Node id="1304"/>another<Node id="1311"/> <Node id="1312"/>religion<Node id="1320"/>'s<Node id="1322"/>?<Node id="1323"/> <Node id="1324"/> <Node id="1325"/>What<Node id="1329"/> <Node id="1330"/>makes<Node id="1335"/> <Node id="1336"/>you<Node id="1339"/> <Node id="1340"/>so<Node id="1342"/> <Node id="1343"/>arrogant<Node id="1351"/> <Node id="1352"/>to<Node id="1354"/> <Node id="1355"/>push<Node id="1359"/> <Node id="1360"/>forward<Node id="1367"/> <Node id="1368"/>your<Node id="1372"/> <Node id="1373"/>idea<Node id="1377"/>
<Node id="1378"/>of<Node id="1380"/> <Node id="1381"/>creation<Node id="1389"/> <Node id="1390"/>over<Node id="1394"/> <Node id="1395"/>many<Node id="1399"/> <Node id="1400"/>peoples<Node id="1407"/>'<Node id="1408"/> <Node id="1409"/>study<Node id="1414"/> <Node id="1415"/>of<Node id="1417"/> <Node id="1418"/>the<Node id="1421"/> <Node id="1422"/>laws<Node id="1426"/> <Node id="1427"/>of<Node id="1429"/> <Node id="1430"/>nature<Node id="1436"/>,<Node id="1437"/> <Node id="1438"/>ie<Node id="1440"/> <Node id="1441"/>science<Node id="1448"/>?<Node id="1449"/>
<Node id="1450"/>
<Node id="1451"/>Science<Node id="1458"/> <Node id="1459"/>is<Node id="1461"/> <Node id="1462"/>the<Node id="1465"/> <Node id="1466"/>study<Node id="1471"/> <Node id="1472"/>of<Node id="1474"/> <Node id="1475"/>nature<Node id="1481"/>.<Node id="1482"/> <Node id="1483"/> <Node id="1484"/>It<Node id="1486"/> <Node id="1487"/>is<Node id="1489"/> <Node id="1490"/>open-minded<Node id="1501"/>:<Node id="1502"/> <Node id="1503"/>if<Node id="1505"/> <Node id="1506"/>the<Node id="1509"/> <Node id="1510"/>theory<Node id="1516"/> <Node id="1517"/>does<Node id="1521"/>n't<Node id="1524"/> <Node id="1525"/>fit<Node id="1528"/> <Node id="1529"/>the<Node id="1532"/>
<Node id="1533"/>facts<Node id="1538"/> <Node id="1539"/>then<Node id="1543"/> <Node id="1544"/>trash<Node id="1549"/> <Node id="1550"/>the<Node id="1553"/> <Node id="1554"/>theory<Node id="1560"/> <Node id="1561"/>and<Node id="1564"/> <Node id="1565"/>try<Node id="1568"/> <Node id="1569"/>to<Node id="1571"/> <Node id="1572"/>construct<Node id="1581"/> <Node id="1582"/>one<Node id="1585"/> <Node id="1586"/>which<Node id="1591"/> <Node id="1592"/>does<Node id="1596"/>.<Node id="1597"/> <Node id="1598"/> <Node id="1599"/>It<Node id="1601"/> <Node id="1602"/>is<Node id="1604"/> <Node id="1605"/>*<Node id="1606"/>flexible<Node id="1614"/>*<Node id="1615"/>!<Node id="1616"/>
<Node id="1617"/>Your<Node id="1621"/> <Node id="1622"/>definition<Node id="1632"/> <Node id="1633"/>of<Node id="1635"/> <Node id="1636"/>science<Node id="1643"/> <Node id="1644"/>presupposes<Node id="1655"/> <Node id="1656"/>that<Node id="1660"/> <Node id="1661"/>science<Node id="1668"/> <Node id="1669"/>ignores<Node id="1676"/> <Node id="1677"/>this<Node id="1681"/> <Node id="1682"/>god<Node id="1685"/> <Node id="1686"/>
<Node id="1687"/>character<Node id="1696"/> <Node id="1697"/>altogether<Node id="1707"/>.<Node id="1708"/> <Node id="1709"/> <Node id="1710"/>If<Node id="1712"/> <Node id="1713"/>this<Node id="1717"/> <Node id="1718"/>is<Node id="1720"/> <Node id="1721"/>so<Node id="1723"/>,<Node id="1724"/> <Node id="1725"/>then<Node id="1729"/> <Node id="1730"/>it<Node id="1732"/> <Node id="1733"/>is<Node id="1735"/> <Node id="1736"/>only<Node id="1740"/> <Node id="1741"/>because<Node id="1748"/> <Node id="1749"/>no<Node id="1751"/> <Node id="1752"/>evidence<Node id="1760"/> <Node id="1761"/>
<Node id="1762"/>can<Node id="1765"/> <Node id="1766"/>be<Node id="1768"/> <Node id="1769"/>found<Node id="1774"/> <Node id="1775"/>of<Node id="1777"/> <Node id="1778"/>him<Node id="1781"/>.<Node id="1782"/>
<Node id="1783"/>
<Node id="1784"/>|<Node id="1785"/>&gt;<Node id="1786"/> <Node id="1787"/> <Node id="1788"/>By<Node id="1790"/> <Node id="1791"/>the<Node id="1794"/> <Node id="1795"/>way<Node id="1798"/>,<Node id="1799"/> <Node id="1800"/>I<Node id="1801"/> <Node id="1802"/>enjoy<Node id="1807"/> <Node id="1808"/>science<Node id="1815"/>.<Node id="1816"/>
<Node id="1817"/>
<Node id="1818"/>So<Node id="1820"/> <Node id="1821"/>do<Node id="1823"/> <Node id="1824"/>I<Node id="1825"/>.<Node id="1826"/> <Node id="1827"/> <Node id="1828"/>Fortunately<Node id="1839"/> <Node id="1840"/>I<Node id="1841"/> <Node id="1842"/>am<Node id="1844"/> <Node id="1845"/>not<Node id="1848"/> <Node id="1849"/>mentally<Node id="1857"/> <Node id="1858"/>shackled<Node id="1866"/> <Node id="1867"/>into<Node id="1871"/> <Node id="1872"/>constructing<Node id="1884"/> <Node id="1885"/>my<Node id="1887"/>
<Node id="1888"/>scientific<Node id="1898"/> <Node id="1899"/>conclusions<Node id="1910"/> <Node id="1911"/>by<Node id="1913"/> <Node id="1914"/>placing<Node id="1921"/> <Node id="1922"/>god<Node id="1925"/>,<Node id="1926"/> <Node id="1927"/>Jesus<Node id="1932"/> <Node id="1933"/>and<Node id="1936"/> <Node id="1937"/>the<Node id="1940"/> <Node id="1941"/>holy<Node id="1945"/> <Node id="1946"/>ghost<Node id="1951"/> <Node id="1952"/>into<Node id="1956"/> <Node id="1957"/>every<Node id="1962"/>
<Node id="1963"/>paragraph<Node id="1972"/> <Node id="1973"/>in<Node id="1975"/> <Node id="1976"/>a<Node id="1977"/> <Node id="1978"/>sycophantic<Node id="1989"/> <Node id="1990"/>manner<Node id="1996"/>.<Node id="1997"/>
<Node id="1998"/>
<Node id="1999"/>|<Node id="2000"/>&gt;<Node id="2001"/> <Node id="2002"/> <Node id="2003"/> <Node id="2004"/> <Node id="2005"/> <Node id="2006"/>It<Node id="2008"/> <Node id="2009"/>is<Node id="2011"/> <Node id="2012"/>truly<Node id="2017"/> <Node id="2018"/>a<Node id="2019"/> <Node id="2020"/>wonder<Node id="2026"/> <Node id="2027"/>observing<Node id="2036"/> <Node id="2037"/>God<Node id="2040"/>'s<Node id="2042"/> <Node id="2043"/>creation<Node id="2051"/>.<Node id="2052"/> <Node id="2053"/> <Node id="2054"/>Macroevolution<Node id="2068"/> <Node id="2069"/>is<Node id="2071"/>
<Node id="2072"/>|<Node id="2073"/>&gt;<Node id="2074"/> <Node id="2075"/> <Node id="2076"/> <Node id="2077"/> <Node id="2078"/> <Node id="2079"/>a<Node id="2080"/> <Node id="2081"/>mixture<Node id="2088"/> <Node id="2089"/>of<Node id="2091"/> <Node id="2092"/>15<Node id="2094"/> <Node id="2095"/>percent<Node id="2102"/> <Node id="2103"/>science<Node id="2110"/> <Node id="2111"/>and<Node id="2114"/> <Node id="2115"/>85<Node id="2117"/> <Node id="2118"/>percent<Node id="2125"/> <Node id="2126"/>religion<Node id="2134"/> <Node id="2135"/>[<Node id="2136"/>guaranteed<Node id="2146"/>
<Node id="2147"/>|<Node id="2148"/>&gt;<Node id="2149"/> <Node id="2150"/> <Node id="2151"/> <Node id="2152"/> <Node id="2153"/> <Node id="2154"/>within<Node id="2160"/> <Node id="2161"/>three<Node id="2166"/> <Node id="2167"/>percent<Node id="2174"/> <Node id="2175"/>error<Node id="2180"/> <Node id="2181"/>:<Node id="2182"/>)<Node id="2183"/> <Node id="2184"/>]<Node id="2185"/>
<Node id="2186"/>|<Node id="2187"/>&gt;<Node id="2188"/> <Node id="2189"/>
<Node id="2190"/>
<Node id="2191"/>
<Node id="2192"/>Indeed<Node id="2198"/> <Node id="2199"/>it<Node id="2201"/> <Node id="2202"/>is<Node id="2204"/> <Node id="2205"/>a<Node id="2206"/> <Node id="2207"/>wonder<Node id="2213"/> <Node id="2214"/>observing<Node id="2223"/> <Node id="2224"/>the<Node id="2227"/> <Node id="2228"/>random<Node id="2234"/> <Node id="2235"/>effects<Node id="2242"/> <Node id="2243"/>of<Node id="2245"/> <Node id="2246"/>creation<Node id="2254"/>.<Node id="2255"/> <Node id="2256"/> <Node id="2257"/>This<Node id="2261"/>,<Node id="2262"/> <Node id="2263"/>of<Node id="2265"/>
<Node id="2266"/>course<Node id="2272"/>,<Node id="2273"/> <Node id="2274"/>assumes<Node id="2281"/> <Node id="2282"/>a<Node id="2283"/> <Node id="2284"/>definition<Node id="2294"/> <Node id="2295"/>of<Node id="2297"/> <Node id="2298"/>aethetics<Node id="2307"/> <Node id="2308"/>which<Node id="2313"/> <Node id="2314"/>you<Node id="2317"/> <Node id="2318"/>do<Node id="2320"/>n't<Node id="2323"/> <Node id="2324"/>forward<Node id="2331"/>!<Node id="2332"/>
<Node id="2333"/>
<Node id="2334"/>
<Node id="2335"/>As<Node id="2337"/> <Node id="2338"/>to<Node id="2340"/> <Node id="2341"/>"<Node id="2342"/>Macroevolution<Node id="2356"/>"<Node id="2357"/>:<Node id="2358"/> <Node id="2359"/> <Node id="2360"/>please<Node id="2366"/> <Node id="2367"/>give<Node id="2371"/> <Node id="2372"/>references<Node id="2382"/> <Node id="2383"/>and<Node id="2386"/> <Node id="2387"/>more<Node id="2391"/> <Node id="2392"/>information<Node id="2403"/>.<Node id="2404"/> <Node id="2405"/> <Node id="2406"/>From<Node id="2410"/>
<Node id="2411"/>where<Node id="2416"/> <Node id="2417"/>do<Node id="2419"/> <Node id="2420"/>you<Node id="2423"/> <Node id="2424"/>get<Node id="2427"/> <Node id="2428"/>your<Node id="2432"/> <Node id="2433"/>figures<Node id="2440"/>?<Node id="2441"/>
<Node id="2442"/>
<Node id="2443"/>Adda<Node id="2447"/>.<Node id="2448"/>
<Node id="2449"/>
<Node id="2450"/> <Node id="2451"/> <Node id="2452"/> <Node id="2453"/>
<Node id="2454"/>|<Node id="2455"/>&gt;<Node id="2456"/> <Node id="2457"/>-<Node id="2458"/>-<Node id="2459"/> <Node id="2460"/>
<Node id="2461"/>|<Node id="2462"/>&gt;<Node id="2463"/> <Node id="2464"/> <Node id="2465"/> <Node id="2466"/> <Node id="2467"/> <Node id="2468"/> <Node id="2469"/> <Node id="2470"/> <Node id="2471"/> <Node id="2472"/> <Node id="2473"/> <Node id="2474"/> <Node id="2475"/> <Node id="2476"/> <Node id="2477"/>=<Node id="2478"/>=<Node id="2479"/>=<Node id="2480"/>=<Node id="2481"/>=<Node id="2482"/>=<Node id="2483"/>=<Node id="2484"/>=<Node id="2485"/>=<Node id="2486"/>=<Node id="2487"/>=<Node id="2488"/>=<Node id="2489"/>=<Node id="2490"/>=<Node id="2491"/>=<Node id="2492"/>=<Node id="2493"/>=<Node id="2494"/>=<Node id="2495"/>=<Node id="2496"/>=<Node id="2497"/>=<Node id="2498"/>=<Node id="2499"/>=<Node id="2500"/>=<Node id="2501"/>=<Node id="2502"/>=<Node id="2503"/>=<Node id="2504"/>=<Node id="2505"/>=<Node id="2506"/>=<Node id="2507"/>=<Node id="2508"/>=<Node id="2509"/>=<Node id="2510"/>=<Node id="2511"/>=<Node id="2512"/>=<Node id="2513"/>=<Node id="2514"/>=<Node id="2515"/>=<Node id="2516"/>=<Node id="2517"/>=<Node id="2518"/>=<Node id="2519"/>=<Node id="2520"/>=<Node id="2521"/>=<Node id="2522"/>=<Node id="2523"/>=<Node id="2524"/>=<Node id="2525"/>=<Node id="2526"/>=<Node id="2527"/>=<Node id="2528"/>=<Node id="2529"/>=<Node id="2530"/>=<Node id="2531"/>=<Node id="2532"/>=<Node id="2533"/>=<Node id="2534"/>=<Node id="2535"/>
<Node id="2536"/>|<Node id="2537"/>&gt;<Node id="2538"/> <Node id="2539"/> <Node id="2540"/> <Node id="2541"/> <Node id="2542"/> <Node id="2543"/> <Node id="2544"/> <Node id="2545"/> <Node id="2546"/> <Node id="2547"/> <Node id="2548"/> <Node id="2549"/> <Node id="2550"/> <Node id="2551"/>/<Node id="2552"/>/<Node id="2553"/> <Node id="2554"/> <Node id="2555"/>Bill<Node id="2559"/> <Node id="2560"/>Rawlins<Node id="2567"/> <Node id="2568"/> <Node id="2569"/> <Node id="2570"/> <Node id="2571"/> <Node id="2572"/> <Node id="2573"/> <Node id="2574"/> <Node id="2575"/> <Node id="2576"/> <Node id="2577"/> <Node id="2578"/> <Node id="2579"/>&lt;<Node id="2580"/>wpr<Node id="2583"/>@<Node id="2584"/>atlanta<Node id="2591"/>.<Node id="2592"/>dg<Node id="2594"/>.<Node id="2595"/>com<Node id="2598"/>&gt;<Node id="2599"/> <Node id="2600"/> <Node id="2601"/> <Node id="2602"/> <Node id="2603"/> <Node id="2604"/> <Node id="2605"/> <Node id="2606"/> <Node id="2607"/>/<Node id="2608"/>/<Node id="2609"/>
<Node id="2610"/>|<Node id="2611"/>&gt;<Node id="2612"/> <Node id="2613"/> <Node id="2614"/> <Node id="2615"/> <Node id="2616"/> <Node id="2617"/> <Node id="2618"/> <Node id="2619"/> <Node id="2620"/> <Node id="2621"/> <Node id="2622"/> <Node id="2623"/> <Node id="2624"/>/<Node id="2625"/>/<Node id="2626"/> <Node id="2627"/> <Node id="2628"/> <Node id="2629"/> <Node id="2630"/> <Node id="2631"/> <Node id="2632"/> <Node id="2633"/> <Node id="2634"/> <Node id="2635"/> <Node id="2636"/> <Node id="2637"/> <Node id="2638"/> <Node id="2639"/> <Node id="2640"/> <Node id="2641"/> <Node id="2642"/> <Node id="2643"/> <Node id="2644"/> <Node id="2645"/> <Node id="2646"/> <Node id="2647"/> <Node id="2648"/> <Node id="2649"/> <Node id="2650"/> <Node id="2651"/> <Node id="2652"/>"<Node id="2653"/>I<Node id="2654"/> <Node id="2655"/>speak<Node id="2660"/> <Node id="2661"/>for<Node id="2664"/> <Node id="2665"/>myself<Node id="2671"/> <Node id="2672"/>only<Node id="2676"/>"<Node id="2677"/> <Node id="2678"/> <Node id="2679"/> <Node id="2680"/>/<Node id="2681"/>/<Node id="2682"/>
<Node id="2683"/>|<Node id="2684"/>&gt;<Node id="2685"/> <Node id="2686"/> <Node id="2687"/> <Node id="2688"/> <Node id="2689"/> <Node id="2690"/> <Node id="2691"/> <Node id="2692"/> <Node id="2693"/> <Node id="2694"/> <Node id="2695"/> <Node id="2696"/>=<Node id="2697"/>=<Node id="2698"/>=<Node id="2699"/>=<Node id="2700"/>=<Node id="2701"/>=<Node id="2702"/>=<Node id="2703"/>=<Node id="2704"/>=<Node id="2705"/>=<Node id="2706"/>=<Node id="2707"/>=<Node id="2708"/>=<Node id="2709"/>=<Node id="2710"/>=<Node id="2711"/>=<Node id="2712"/>=<Node id="2713"/>=<Node id="2714"/>=<Node id="2715"/>=<Node id="2716"/>=<Node id="2717"/>=<Node id="2718"/>=<Node id="2719"/>=<Node id="2720"/>=<Node id="2721"/>=<Node id="2722"/>=<Node id="2723"/>=<Node id="2724"/>=<Node id="2725"/>=<Node id="2726"/>=<Node id="2727"/>=<Node id="2728"/>=<Node id="2729"/>=<Node id="2730"/>=<Node id="2731"/>=<Node id="2732"/>=<Node id="2733"/>=<Node id="2734"/>=<Node id="2735"/>=<Node id="2736"/>=<Node id="2737"/>=<Node id="2738"/>=<Node id="2739"/>=<Node id="2740"/>=<Node id="2741"/>=<Node id="2742"/>=<Node id="2743"/>=<Node id="2744"/>=<Node id="2745"/>=<Node id="2746"/>=<Node id="2747"/>=<Node id="2748"/>=<Node id="2749"/>=<Node id="2750"/>=<Node id="2751"/>=<Node id="2752"/>=<Node id="2753"/>=<Node id="2754"/>
<Node id="2755"/>
<Node id="2756"/>-<Node id="2757"/>-<Node id="2758"/> <Node id="2759"/>
<Node id="2760"/>+<Node id="2761"/>-<Node id="2762"/>-<Node id="2763"/>-<Node id="2764"/>-<Node id="2765"/>-<Node id="2766"/>-<Node id="2767"/>-<Node id="2768"/>-<Node id="2769"/>-<Node id="2770"/>-<Node id="2771"/>-<Node id="2772"/>-<Node id="2773"/>-<Node id="2774"/>-<Node id="2775"/>-<Node id="2776"/>-<Node id="2777"/>-<Node id="2778"/>-<Node id="2779"/>-<Node id="2780"/>-<Node id="2781"/>-<Node id="2782"/>-<Node id="2783"/>-<Node id="2784"/>-<Node id="2785"/>-<Node id="2786"/>+<Node id="2787"/>-<Node id="2788"/>-<Node id="2789"/>-<Node id="2790"/>-<Node id="2791"/>-<Node id="2792"/>-<Node id="2793"/>-<Node id="2794"/>-<Node id="2795"/>-<Node id="2796"/>-<Node id="2797"/>-<Node id="2798"/>-<Node id="2799"/>-<Node id="2800"/>-<Node id="2801"/>-<Node id="2802"/>-<Node id="2803"/>-<Node id="2804"/>-<Node id="2805"/>-<Node id="2806"/>-<Node id="2807"/>-<Node id="2808"/>-<Node id="2809"/>-<Node id="2810"/>-<Node id="2811"/>-<Node id="2812"/>-<Node id="2813"/>-<Node id="2814"/>-<Node id="2815"/>-<Node id="2816"/>-<Node id="2817"/>-<Node id="2818"/>-<Node id="2819"/>-<Node id="2820"/>-<Node id="2821"/>-<Node id="2822"/>-<Node id="2823"/>-<Node id="2824"/>-<Node id="2825"/>-<Node id="2826"/>-<Node id="2827"/>-<Node id="2828"/>-<Node id="2829"/>-<Node id="2830"/>-<Node id="2831"/>-<Node id="2832"/>-<Node id="2833"/>-<Node id="2834"/>+<Node id="2835"/>
<Node id="2836"/>|<Node id="2837"/> <Node id="2838"/> <Node id="2839"/>Adda<Node id="2843"/> <Node id="2844"/>Wainwright<Node id="2854"/> <Node id="2855"/> <Node id="2856"/> <Node id="2857"/> <Node id="2858"/> <Node id="2859"/> <Node id="2860"/> <Node id="2861"/> <Node id="2862"/>|<Node id="2863"/> <Node id="2864"/> <Node id="2865"/> <Node id="2866"/> <Node id="2867"/>Does<Node id="2871"/> <Node id="2872"/>dim<Node id="2875"/> <Node id="2876"/>atal<Node id="2880"/> <Node id="2881"/>y<Node id="2882"/> <Node id="2883"/>llanw<Node id="2888"/>!<Node id="2889"/> <Node id="2890"/> <Node id="2891"/> <Node id="2892"/> <Node id="2893"/> <Node id="2894"/> <Node id="2895"/> <Node id="2896"/> <Node id="2897"/> <Node id="2898"/>8<Node id="2899"/>o<Node id="2900"/>)<Node id="2901"/> <Node id="2902"/> <Node id="2903"/> <Node id="2904"/> <Node id="2905"/> <Node id="2906"/> <Node id="2907"/> <Node id="2908"/> <Node id="2909"/> <Node id="2910"/>|<Node id="2911"/>
<Node id="2912"/>|<Node id="2913"/> <Node id="2914"/> <Node id="2915"/>eczcaw<Node id="2921"/>@<Node id="2922"/>mips<Node id="2926"/>.<Node id="2927"/>nott<Node id="2931"/>.<Node id="2932"/>ac<Node id="2934"/>.<Node id="2935"/>uk<Node id="2937"/> <Node id="2938"/>|<Node id="2939"/> <Node id="2940"/> <Node id="2941"/> <Node id="2942"/>8<Node id="2943"/>o<Node id="2944"/>)<Node id="2945"/> <Node id="2946"/> <Node id="2947"/> <Node id="2948"/> <Node id="2949"/> <Node id="2950"/> <Node id="2951"/> <Node id="2952"/> <Node id="2953"/>Mae<Node id="2956"/> <Node id="2957"/>.<Node id="2958"/>sig<Node id="2961"/> <Node id="2962"/>'<Node id="2963"/>ma<Node id="2965"/> <Node id="2966"/>ar<Node id="2968"/> <Node id="2969"/>werth<Node id="2974"/>!<Node id="2975"/> <Node id="2976"/> <Node id="2977"/> <Node id="2978"/> <Node id="2979"/> <Node id="2980"/> <Node id="2981"/> <Node id="2982"/> <Node id="2983"/> <Node id="2984"/> <Node id="2985"/> <Node id="2986"/>|<Node id="2987"/>
<Node id="2988"/>+<Node id="2989"/>-<Node id="2990"/>-<Node id="2991"/>-<Node id="2992"/>-<Node id="2993"/>-<Node id="2994"/>-<Node id="2995"/>-<Node id="2996"/>-<Node id="2997"/>-<Node id="2998"/>-<Node id="2999"/>-<Node id="3000"/>-<Node id="3001"/>-<Node id="3002"/>-<Node id="3003"/>-<Node id="3004"/>-<Node id="3005"/>-<Node id="3006"/>-<Node id="3007"/>-<Node id="3008"/>-<Node id="3009"/>-<Node id="3010"/>-<Node id="3011"/>-<Node id="3012"/>-<Node id="3013"/>-<Node id="3014"/>+<Node id="3015"/>-<Node id="3016"/>-<Node id="3017"/>-<Node id="3018"/>-<Node id="3019"/>-<Node id="3020"/>-<Node id="3021"/>-<Node id="3022"/>-<Node id="3023"/>-<Node id="3024"/>-<Node id="3025"/>-<Node id="3026"/>-<Node id="3027"/>-<Node id="3028"/>-<Node id="3029"/>-<Node id="3030"/>-<Node id="3031"/>-<Node id="3032"/>-<Node id="3033"/>-<Node id="3034"/>-<Node id="3035"/>-<Node id="3036"/>-<Node id="3037"/>-<Node id="3038"/>-<Node id="3039"/>-<Node id="3040"/>-<Node id="3041"/>-<Node id="3042"/>-<Node id="3043"/>-<Node id="3044"/>-<Node id="3045"/>-<Node id="3046"/>-<Node id="3047"/>-<Node id="3048"/>-<Node id="3049"/>-<Node id="3050"/>-<Node id="3051"/>-<Node id="3052"/>-<Node id="3053"/>-<Node id="3054"/>-<Node id="3055"/>-<Node id="3056"/>-<Node id="3057"/>-<Node id="3058"/>-<Node id="3059"/>-<Node id="3060"/>-<Node id="3061"/>-<Node id="3062"/>+<Node id="3063"/>
<Node id="3064"/>
<Node id="3065"/></TextWithNodes>
<!-- The default annotation set -->

<AnnotationSet>
<Annotation EndNode="3065" StartNode="0" Type="Mention" Id="9999999">
<Feature>
<Name classname="java.lang.String">Class</Name>
<Value classname="java.lang.String">0</Value>
</Feature>
</Annotation>

<Annotation Id="3" Type="Token" StartNode="6" EndNode="12">
<Feature>
  <Name className="java.lang.String">string</Name>
  <Value className="java.lang.String">eczcaw</Value>
</Feature>
</Annotation>
<Annotation Id="16" Type="Token" StartNode="32" EndNode="42">
<Feature>
  <Name className="java.lang.String">string</Name>
  <Value className="java.lang.String">Wainwright</Value>
</Feature>
</Annotation>
<Annotation Id="19" Type="Token" StartNode="44" EndNode="52">
<Feature>
  <Name className="java.lang.String">string</Name>
  <Value className="java.lang.String">Message-</Value>
</Feature>
</Annotation>
<Annotation Id="28" Type="Token" StartNode="67" EndNode="73">
</Annotation>
<Annotation Id="41" Type="Token" StartNode="95" EndNode="101">
<Feature>
  <Name className="java.lang.String">string</Name>
  <Value className="java.lang.String">Sender</Value>
</Feature>
</Annotation>
<Annotation Id="54" Type="Token" StartNode="122" EndNode="128">
<Feature>
  <Name className="java.lang.String">string</Name>
  <Value className="java.lang.String">Reply-</Value>
</Feature>
</Annotation>
<Annotation Id="58" Type="Token" StartNode="132" EndNode="138">
<Feature>
  <Name className="java.lang.String">string</Name>
  <Value className="java.lang.String">eczcaw</Value>
</Feature>
</Annotation>
<Annotation Id="71" Type="Token" StartNode="158" EndNode="168">
<Feature>
  <Name className="java.lang.String">string</Name>
  <Value className="java.lang.String">Wainwright</Value>
</Feature>
</Annotation>
<Annotation Id="77" Type="Token" StartNode="184" EndNode="194">
<Feature>
  <Name className="java.lang.String">string</Name>
  <Value className="java.lang.String">Nottingham</Value>
</Feature>
</Annotation>
<Annotation Id="79" Type="Token" StartNode="195" EndNode="205">
<Feature>
  <Name className="java.lang.String">string</Name>
  <Value className="java.lang.String">University</Value>
</Feature>
</Annotation>
<Annotation Id="74" Type="Token" StartNode="170" EndNode="182">
<Feature>
  <Name className="java.lang.String">string</Name>
  <Value className="java.lang.String">Organization</Value>
</Feature>
</Annotation>
<Annotation Id="81" Type="Token" StartNode="206" EndNode="216">
<Feature>
  <Name className="java.lang.String">string</Name>
  <Value className="java.lang.String">References</Value>
</Feature>
</Annotation>
<Annotation Id="95" Type="Token" StartNode="247" EndNode="254">
<Feature>
  <Name className="java.lang.String">string</Name>
  <Value className="java.lang.String">atlanta</Value>
</Feature>
</Annotation>
<Annotation Id="89" Type="Token" StartNode="229" EndNode="235">
</Annotation>
<Annotation Id="111" Type="Token" StartNode="285" EndNode="291">
<Feature>
  <Name className="java.lang.String">string</Name>
  <Value className="java.lang.String">engage</Value>
</Feature>
</Annotation>
<Annotation Id="107" Type="Token" StartNode="273" EndNode="279">
</Annotation>
<Annotation Id="125" Type="Token" StartNode="316" EndNode="322">
</Annotation>
<Annotation Id="131" Type="Token" StartNode="335" EndNode="342">
<Feature>
  <Name className="java.lang.String">string</Name>
  <Value className="java.lang.String">atlanta</Value>
</Feature>
</Annotation>
<Annotation Id="160" Type="Token" StartNode="391" EndNode="397">
</Annotation>
<Annotation Id="166" Type="Token" StartNode="410" EndNode="417">
<Feature>
  <Name className="java.lang.String">string</Name>
  <Value className="java.lang.String">atlanta</Value>
</Feature>
</Annotation>
<Annotation Id="201" Type="Token" StartNode="474" EndNode="481">
<Feature>
  <Name className="java.lang.String">string</Name>
  <Value className="java.lang.String">article</Value>
</Feature>
</Annotation>
<Annotation Id="214" Type="Token" StartNode="512" EndNode="519">
<Feature>
  <Name className="java.lang.String">string</Name>
  <Value className="java.lang.String">atlanta</Value>
</Feature>
</Annotation>
<Annotation Id="208" Type="Token" StartNode="493" EndNode="499">
</Annotation>
<Annotation Id="236" Type="Token" StartNode="563" EndNode="569">
<Feature>
  <Name className="java.lang.String">string</Name>
  <Value className="java.lang.String">writes</Value>
</Feature>
</Annotation>
<Annotation Id="233" Type="Token" StartNode="554" EndNode="561">
<Feature>
  <Name className="java.lang.String">string</Name>
  <Value className="java.lang.String">Rawlins</Value>
</Feature>
</Annotation>
<Annotation Id="224" Type="Token" StartNode="533" EndNode="540">
<Feature>
  <Name className="java.lang.String">string</Name>
  <Value className="java.lang.String">atlanta</Value>
</Feature>
</Annotation>
<Annotation Id="255" Type="Token" StartNode="600" EndNode="607">
<Feature>
  <Name className="java.lang.String">string</Name>
  <Value className="java.lang.String">origins</Value>
</Feature>
</Annotation>
<Annotation Id="251" Type="Token" StartNode="586" EndNode="593">
<Feature>
  <Name className="java.lang.String">string</Name>
  <Value className="java.lang.String">talking</Value>
</Feature>
</Annotation>
<Annotation Id="278" Type="Token" StartNode="653" EndNode="660">
<Feature>
  <Name className="java.lang.String">string</Name>
  <Value className="java.lang.String">explain</Value>
</Feature>
</Annotation>
<Annotation Id="280" Type="Token" StartNode="661" EndNode="668">
<Feature>
  <Name className="java.lang.String">string</Name>
  <Value className="java.lang.String">origins</Value>
</Feature>
</Annotation>
<Annotation Id="262" Type="Token" StartNode="620" EndNode="627">
<Feature>
  <Name className="java.lang.String">string</Name>
  <Value className="java.lang.String">science</Value>
</Feature>
</Annotation>
<Annotation Id="260" Type="Token" StartNode="613" EndNode="619">
<Feature>
  <Name className="java.lang.String">string</Name>
  <Value className="java.lang.String">merely</Value>
</Feature>
</Annotation>
<Annotation Id="267" Type="Token" StartNode="631" EndNode="638">
<Feature>
  <Name className="java.lang.String">string</Name>
  <Value className="java.lang.String">Science</Value>
</Feature>
</Annotation>
<Annotation Id="315" Type="Token" StartNode="741" EndNode="748">
<Feature>
  <Name className="java.lang.String">string</Name>
  <Value className="java.lang.String">origins</Value>
</Feature>
</Annotation>
<Annotation Id="288" Type="Token" StartNode="677" EndNode="683">
<Feature>
  <Name className="java.lang.String">string</Name>
  <Value className="java.lang.String">person</Value>
</Feature>
</Annotation>
<Annotation Id="292" Type="Token" StartNode="687" EndNode="694">
<Feature>
  <Name className="java.lang.String">string</Name>
  <Value className="java.lang.String">exclude</Value>
</Feature>
</Annotation>
<Annotation Id="294" Type="Token" StartNode="695" EndNode="703">
<Feature>
  <Name className="java.lang.String">string</Name>
  <Value className="java.lang.String">anything</Value>
</Feature>
</Annotation>
<Annotation Id="298" Type="Token" StartNode="708" EndNode="715">
<Feature>
  <Name className="java.lang.String">string</Name>
  <Value className="java.lang.String">science</Value>
</Feature>
</Annotation>
<Annotation Id="344" Type="Token" StartNode="801" EndNode="808">
<Feature>
  <Name className="java.lang.String">string</Name>
  <Value className="java.lang.String">science</Value>
</Feature>
</Annotation>
<Annotation Id="331" Type="Token" StartNode="776" EndNode="782">
<Feature>
  <Name className="java.lang.String">string</Name>
  <Value className="java.lang.String">higher</Value>
</Feature>
</Annotation>
<Annotation Id="368" Type="Token" StartNode="849" EndNode="855">
<Feature>
  <Name className="java.lang.String">string</Name>
  <Value className="java.lang.String">manner</Value>
</Feature>
</Annotation>
<Annotation Id="382" Type="Token" StartNode="880" EndNode="888">
<Feature>
  <Name className="java.lang.String">string</Name>
  <Value className="java.lang.String">universe</Value>
</Feature>
</Annotation>
<Annotation Id="360" Type="Token" StartNode="831" EndNode="838">
<Feature>
  <Name className="java.lang.String">string</Name>
  <Value className="java.lang.String">premise</Value>
</Feature>
</Annotation>
<Annotation Id="400" Type="Token" StartNode="928" EndNode="935">
<Feature>
  <Name className="java.lang.String">string</Name>
  <Value className="java.lang.String">science</Value>
</Feature>
</Annotation>
<Annotation Id="392" Type="Token" StartNode="908" EndNode="914">
<Feature>
  <Name className="java.lang.String">string</Name>
  <Value className="java.lang.String">higher</Value>
</Feature>
</Annotation>
<Annotation Id="386" Type="Token" StartNode="893" EndNode="900">
<Feature>
  <Name className="java.lang.String">string</Name>
  <Value className="java.lang.String">created</Value>
</Feature>
</Annotation>
<Annotation Id="427" Type="Token" StartNode="988" EndNode="997">
<Feature>
  <Name className="java.lang.String">string</Name>
  <Value className="java.lang.String">arguement</Value>
</Feature>
</Annotation>
<Annotation Id="417" Type="Token" StartNode="965" EndNode="971">
<Feature>
  <Name className="java.lang.String">string</Name>
  <Value className="java.lang.String">define</Value>
</Feature>
</Annotation>
<Annotation Id="471" Type="Token" StartNode="1090" EndNode="1096">
<Feature>
  <Name className="java.lang.String">string</Name>
  <Value className="java.lang.String">higher</Value>
</Feature>
</Annotation>
<Annotation Id="458" Type="Token" StartNode="1057" EndNode="1066">
<Feature>
  <Name className="java.lang.String">string</Name>
  <Value className="java.lang.String">subbornly</Value>
</Feature>
</Annotation>
<Annotation Id="505" Type="Token" StartNode="1163" EndNode="1172">
<Feature>
  <Name className="java.lang.String">string</Name>
  <Value className="java.lang.String">obviously</Value>
</Feature>
</Annotation>
<Annotation Id="482" Type="Token" StartNode="1116" EndNode="1122">
<Feature>
  <Name className="java.lang.String">string</Name>
  <Value className="java.lang.String">isyour</Value>
</Feature>
</Annotation>
<Annotation Id="570" Type="Token" StartNode="1312" EndNode="1320">
<Feature>
  <Name className="java.lang.String">string</Name>
  <Value className="java.lang.String">religion</Value>
</Feature>
</Annotation>
<Annotation Id="568" Type="Token" StartNode="1304" EndNode="1311">
<Feature>
  <Name className="java.lang.String">string</Name>
  <Value className="java.lang.String">another</Value>
</Feature>
</Annotation>
<Annotation Id="516" Type="Token" StartNode="1190" EndNode="1197">
<Feature>
  <Name className="java.lang.String">string</Name>
  <Value className="java.lang.String">Besides</Value>
</Feature>
</Annotation>
<Annotation Id="523" Type="Token" StartNode="1204" EndNode="1210">
<Feature>
  <Name className="java.lang.String">string</Name>
  <Value className="java.lang.String">assume</Value>
</Feature>
</Annotation>
<Annotation Id="529" Type="Token" StartNode="1219" EndNode="1225">
<Feature>
  <Name className="java.lang.String">string</Name>
  <Value className="java.lang.String">moment</Value>
</Feature>
</Annotation>
<Annotation Id="540" Type="Token" StartNode="1243" EndNode="1249">
<Feature>
  <Name className="java.lang.String">string</Name>
  <Value className="java.lang.String">higher</Value>
</Feature>
</Annotation>
<Annotation Id="617" Type="Token" StartNode="1430" EndNode="1436">
<Feature>
  <Name className="java.lang.String">string</Name>
  <Value className="java.lang.String">nature</Value>
</Feature>
</Annotation>
<Annotation Id="622" Type="Token" StartNode="1441" EndNode="1448">
<Feature>
  <Name className="java.lang.String">string</Name>
  <Value className="java.lang.String">science</Value>
</Feature>
</Annotation>
<Annotation Id="626" Type="Token" StartNode="1451" EndNode="1458">
<Feature>
  <Name className="java.lang.String">string</Name>
  <Value className="java.lang.String">Science</Value>
</Feature>
</Annotation>
<Annotation Id="636" Type="Token" StartNode="1475" EndNode="1481">
<Feature>
  <Name className="java.lang.String">string</Name>
  <Value className="java.lang.String">nature</Value>
</Feature>
</Annotation>
<Annotation Id="584" Type="Token" StartNode="1343" EndNode="1351">
<Feature>
  <Name className="java.lang.String">string</Name>
  <Value className="java.lang.String">arrogant</Value>
</Feature>
</Annotation>
<Annotation Id="590" Type="Token" StartNode="1360" EndNode="1367">
<Feature>
  <Name className="java.lang.String">string</Name>
  <Value className="java.lang.String">forward</Value>
</Feature>
</Annotation>
<Annotation Id="598" Type="Token" StartNode="1381" EndNode="1389">
<Feature>
  <Name className="java.lang.String">string</Name>
  <Value className="java.lang.String">creation</Value>
</Feature>
</Annotation>
<Annotation Id="604" Type="Token" StartNode="1400" EndNode="1407">
<Feature>
  <Name className="java.lang.String">string</Name>
  <Value className="java.lang.String">peoples</Value>
</Feature>
</Annotation>
<Annotation Id="677" Type="Token" StartNode="1572" EndNode="1581">
<Feature>
  <Name className="java.lang.String">string</Name>
  <Value className="java.lang.String">construct</Value>
</Feature>
</Annotation>
<Annotation Id="702" Type="Token" StartNode="1636" EndNode="1643">
<Feature>
  <Name className="java.lang.String">string</Name>
  <Value className="java.lang.String">science</Value>
</Feature>
</Annotation>
<Annotation Id="698" Type="Token" StartNode="1622" EndNode="1632">
<Feature>
  <Name className="java.lang.String">string</Name>
  <Value className="java.lang.String">definition</Value>
</Feature>
</Annotation>
<Annotation Id="692" Type="Token" StartNode="1606" EndNode="1614">
<Feature>
  <Name className="java.lang.String">string</Name>
  <Value className="java.lang.String">flexible</Value>
</Feature>
</Annotation>
<Annotation Id="651" Type="Token" StartNode="1510" EndNode="1516">
<Feature>
  <Name className="java.lang.String">string</Name>
  <Value className="java.lang.String">theory</Value>
</Feature>
</Annotation>
<Annotation Id="644" Type="Token" StartNode="1490" EndNode="1501">
<Feature>
  <Name className="java.lang.String">string</Name>
  <Value className="java.lang.String">open-minded</Value>
</Feature>
</Annotation>
<Annotation Id="669" Type="Token" StartNode="1554" EndNode="1560">
<Feature>
  <Name className="java.lang.String">string</Name>
  <Value className="java.lang.String">theory</Value>
</Feature>
</Annotation>
<Annotation Id="744" Type="Token" StartNode="1752" EndNode="1760">
<Feature>
  <Name className="java.lang.String">string</Name>
  <Value className="java.lang.String">evidence</Value>
</Feature>
</Annotation>
<Annotation Id="740" Type="Token" StartNode="1741" EndNode="1748">
<Feature>
  <Name className="java.lang.String">string</Name>
  <Value className="java.lang.String">because</Value>
</Feature>
</Annotation>
<Annotation Id="717" Type="Token" StartNode="1687" EndNode="1696">
<Feature>
  <Name className="java.lang.String">string</Name>
  <Value className="java.lang.String">character</Value>
</Feature>
</Annotation>
<Annotation Id="719" Type="Token" StartNode="1697" EndNode="1707">
<Feature>
  <Name className="java.lang.String">string</Name>
  <Value className="java.lang.String">altogether</Value>
</Feature>
</Annotation>
<Annotation Id="704" Type="Token" StartNode="1644" EndNode="1655">
<Feature>
  <Name className="java.lang.String">string</Name>
  <Value className="java.lang.String">presupposes</Value>
</Feature>
</Annotation>
<Annotation Id="708" Type="Token" StartNode="1661" EndNode="1668">
<Feature>
  <Name className="java.lang.String">string</Name>
  <Value className="java.lang.String">science</Value>
</Feature>
</Annotation>
<Annotation Id="710" Type="Token" StartNode="1669" EndNode="1676">
<Feature>
  <Name className="java.lang.String">string</Name>
  <Value className="java.lang.String">ignores</Value>
</Feature>
</Annotation>
<Annotation Id="829" Type="Token" StartNode="1963" EndNode="1972">
<Feature>
  <Name className="java.lang.String">string</Name>
  <Value className="java.lang.String">paragraph</Value>
</Feature>
</Annotation>
<Annotation Id="804" Type="Token" StartNode="1888" EndNode="1898">
<Feature>
  <Name className="java.lang.String">string</Name>
  <Value className="java.lang.String">scientific</Value>
</Feature>
</Annotation>
<Annotation Id="806" Type="Token" StartNode="1899" EndNode="1910">
<Feature>
  <Name className="java.lang.String">string</Name>
  <Value className="java.lang.String">conclusions</Value>
</Feature>
</Annotation>
<Annotation Id="800" Type="Token" StartNode="1872" EndNode="1884">
<Feature>
  <Name className="java.lang.String">string</Name>
  <Value className="java.lang.String">constructing</Value>
</Feature>
</Annotation>
<Annotation Id="810" Type="Token" StartNode="1914" EndNode="1921">
<Feature>
  <Name className="java.lang.String">string</Name>
  <Value className="java.lang.String">placing</Value>
</Feature>
</Annotation>
<Annotation Id="786" Type="Token" StartNode="1828" EndNode="1839">
<Feature>
  <Name className="java.lang.String">string</Name>
  <Value className="java.lang.String">Fortunately</Value>
</Feature>
</Annotation>
<Annotation Id="796" Type="Token" StartNode="1858" EndNode="1866">
<Feature>
  <Name className="java.lang.String">string</Name>
  <Value className="java.lang.String">shackled</Value>
</Feature>
</Annotation>
<Annotation Id="794" Type="Token" StartNode="1849" EndNode="1857">
<Feature>
  <Name className="java.lang.String">string</Name>
  <Value className="java.lang.String">mentally</Value>
</Feature>
</Annotation>
<Annotation Id="774" Type="Token" StartNode="1808" EndNode="1815">
<Feature>
  <Name className="java.lang.String">string</Name>
  <Value className="java.lang.String">science</Value>
</Feature>
</Annotation>
<Annotation Id="881" Type="Token" StartNode="2081" EndNode="2088">
<Feature>
  <Name className="java.lang.String">string</Name>
  <Value className="java.lang.String">mixture</Value>
</Feature>
</Annotation>
<Annotation Id="887" Type="Token" StartNode="2095" EndNode="2102">
<Feature>
  <Name className="java.lang.String">string</Name>
  <Value className="java.lang.String">percent</Value>
</Feature>
</Annotation>
<Annotation Id="889" Type="Token" StartNode="2103" EndNode="2110">
<Feature>
  <Name className="java.lang.String">string</Name>
  <Value className="java.lang.String">science</Value>
</Feature>
</Annotation>
<Annotation Id="895" Type="Token" StartNode="2118" EndNode="2125">
<Feature>
  <Name className="java.lang.String">string</Name>
  <Value className="java.lang.String">percent</Value>
</Feature>
</Annotation>
<Annotation Id="864" Type="Token" StartNode="2043" EndNode="2051">
<Feature>
  <Name className="java.lang.String">string</Name>
  <Value className="java.lang.String">creation</Value>
</Feature>
</Annotation>
<Annotation Id="868" Type="Token" StartNode="2054" EndNode="2068">
<Feature>
  <Name className="java.lang.String">string</Name>
  <Value className="java.lang.String">Macroevolution</Value>
</Feature>
</Annotation>
<Annotation Id="858" Type="Token" StartNode="2027" EndNode="2036">
<Feature>
  <Name className="java.lang.String">string</Name>
  <Value className="java.lang.String">observing</Value>
</Feature>
</Annotation>
<Annotation Id="856" Type="Token" StartNode="2020" EndNode="2026">
<Feature>
  <Name className="java.lang.String">string</Name>
  <Value className="java.lang.String">wonder</Value>
</Feature>
</Annotation>
<Annotation Id="835" Type="Token" StartNode="1978" EndNode="1989">
<Feature>
  <Name className="java.lang.String">string</Name>
  <Value className="java.lang.String">sycophantic</Value>
</Feature>
</Annotation>
<Annotation Id="837" Type="Token" StartNode="1990" EndNode="1996">
<Feature>
  <Name className="java.lang.String">string</Name>
  <Value className="java.lang.String">manner</Value>
</Feature>
</Annotation>
<Annotation Id="957" Type="Token" StartNode="2266" EndNode="2272">
<Feature>
  <Name className="java.lang.String">string</Name>
  <Value className="java.lang.String">course</Value>
</Feature>
</Annotation>
<Annotation Id="948" Type="Token" StartNode="2246" EndNode="2254">
<Feature>
  <Name className="java.lang.String">string</Name>
  <Value className="java.lang.String">creation</Value>
</Feature>
</Annotation>
<Annotation Id="944" Type="Token" StartNode="2235" EndNode="2242">
<Feature>
  <Name className="java.lang.String">string</Name>
  <Value className="java.lang.String">effects</Value>
</Feature>
</Annotation>
<Annotation Id="942" Type="Token" StartNode="2228" EndNode="2234">
<Feature>
  <Name className="java.lang.String">string</Name>
  <Value className="java.lang.String">random</Value>
</Feature>
</Annotation>
<Annotation Id="936" Type="Token" StartNode="2207" EndNode="2213">
<Feature>
  <Name className="java.lang.String">string</Name>
  <Value className="java.lang.String">wonder</Value>
</Feature>
</Annotation>
<Annotation Id="938" Type="Token" StartNode="2214" EndNode="2223">
<Feature>
  <Name className="java.lang.String">string</Name>
  <Value className="java.lang.String">observing</Value>
</Feature>
</Annotation>
<Annotation Id="928" Type="Token" StartNode="2192" EndNode="2198">
<Feature>
  <Name className="java.lang.String">string</Name>
  <Value className="java.lang.String">Indeed</Value>
</Feature>
</Annotation>
<Annotation Id="913" Type="Token" StartNode="2167" EndNode="2174">
<Feature>
  <Name className="java.lang.String">string</Name>
  <Value className="java.lang.String">percent</Value>
</Feature>
</Annotation>
<Annotation Id="909" Type="Token" StartNode="2154" EndNode="2160">
<Feature>
  <Name className="java.lang.String">string</Name>
  <Value className="java.lang.String">within</Value>
</Feature>
</Annotation>
<Annotation Id="900" Type="Token" StartNode="2136" EndNode="2146">
<Feature>
  <Name className="java.lang.String">string</Name>
  <Value className="java.lang.String">guaranteed</Value>
</Feature>
</Annotation>
<Annotation Id="897" Type="Token" StartNode="2126" EndNode="2134">
<Feature>
  <Name className="java.lang.String">string</Name>
  <Value className="java.lang.String">religion</Value>
</Feature>
</Annotation>
<Annotation Id="1019" Type="Token" StartNode="2433" EndNode="2440">
<Feature>
  <Name className="java.lang.String">string</Name>
  <Value className="java.lang.String">figures</Value>
</Feature>
</Annotation>
<Annotation Id="1003" Type="Token" StartNode="2392" EndNode="2403">
<Feature>
  <Name className="java.lang.String">string</Name>
  <Value className="java.lang.String">information</Value>
</Feature>
</Annotation>
<Annotation Id="993" Type="Token" StartNode="2360" EndNode="2366">
<Feature>
  <Name className="java.lang.String">string</Name>
  <Value className="java.lang.String">please</Value>
</Feature>
</Annotation>
<Annotation Id="997" Type="Token" StartNode="2372" EndNode="2382">
<Feature>
  <Name className="java.lang.String">string</Name>
  <Value className="java.lang.String">references</Value>
</Feature>
</Annotation>
<Annotation Id="988" Type="Token" StartNode="2342" EndNode="2356">
<Feature>
  <Name className="java.lang.String">string</Name>
  <Value className="java.lang.String">Macroevolution</Value>
</Feature>
</Annotation>
<Annotation Id="978" Type="Token" StartNode="2324" EndNode="2331">
<Feature>
  <Name className="java.lang.String">string</Name>
  <Value className="java.lang.String">forward</Value>
</Feature>
</Annotation>
<Annotation Id="968" Type="Token" StartNode="2298" EndNode="2307">
<Feature>
  <Name className="java.lang.String">string</Name>
  <Value className="java.lang.String">aethetics</Value>
</Feature>
</Annotation>
<Annotation Id="960" Type="Token" StartNode="2274" EndNode="2281">
<Feature>
  <Name className="java.lang.String">string</Name>
  <Value className="java.lang.String">assumes</Value>
</Feature>
</Annotation>
<Annotation Id="964" Type="Token" StartNode="2284" EndNode="2294">
<Feature>
  <Name className="java.lang.String">string</Name>
  <Value className="java.lang.String">definition</Value>
</Feature>
</Annotation>
<Annotation Id="1134" Type="Token" StartNode="2560" EndNode="2567">
<Feature>
  <Name className="java.lang.String">string</Name>
  <Value className="java.lang.String">Rawlins</Value>
</Feature>
</Annotation>
<Annotation Id="1150" Type="Token" StartNode="2584" EndNode="2591">
<Feature>
  <Name className="java.lang.String">string</Name>
  <Value className="java.lang.String">atlanta</Value>
</Feature>
</Annotation>
<Annotation Id="1216" Type="Token" StartNode="2665" EndNode="2671">
<Feature>
  <Name className="java.lang.String">string</Name>
  <Value className="java.lang.String">myself</Value>
</Feature>
</Annotation>
<Annotation Id="1384" Type="Token" StartNode="2844" EndNode="2854">
<Feature>
  <Name className="java.lang.String">string</Name>
  <Value className="java.lang.String">Wainwright</Value>
</Feature>
</Annotation>
<Annotation Id="1434" Type="Token" StartNode="2915" EndNode="2921">
<Feature>
  <Name className="java.lang.String">string</Name>
  <Value className="java.lang.String">eczcaw</Value>
</Feature>
</Annotation>
</AnnotationSet>
<AnnotationSet Name="Original markups"> </AnnotationSet>
</GateDocument>